Z,N,A,pred_residual,pred_binding_energy,actual_binding_energy,theory_binding_energy,actual_residual,pred_minus_actual_residual
8,8,16,-5.528157389163971,127.56651035547256,127.61931610107422,122.0383529663086,-5.5809645652771,0.05280717611312902
8,9,17,-3.485366928577423,131.93841563463212,131.76239013671875,128.4530487060547,-3.309343099594116,-0.1760238289833067
9,8,17,-3.4884643065929413,128.51093287348746,128.21958923339844,125.02246856689453,-3.1971118450164795,-0.2913524615764618
8,10,18,-1.5906195628643036,139.78053045153618,139.80776977539062,138.18991088867188,-1.6178584098815918,0.02723884701728818
9,9,18,-0.16002397547475994,137.11023454676382,137.36949157714844,136.95021057128906,-0.41928499937057495,0.259261023895815
10,8,18,-1.0202721181511878,132.01462636619806,132.14263916015625,130.99435424804688,-1.1482809782028198,0.12800886005163203
8,11,19,-1.2111515927314758,143.7014622616768,143.76341247558594,142.4903106689453,-1.2730963230133057,0.061944730281829896
9,10,19,-0.4545457746088505,147.7336595441401,147.80136108398438,147.27911376953125,-0.5222533941268921,0.0677076195180416
10,9,19,-0.13739443474914878,143.65488100701478,143.77952575683594,143.51748657226562,-0.26203274726867676,0.12463831251952798
11,8,19,-0.38063942559063435,131.52723061211407,131.81983947753906,131.14659118652344,-0.6732428073883057,0.2926033817976713
8,12,20,-1.321718048453331,151.36427481114865,151.3714141845703,150.0425567626953,-1.3288507461547852,0.007132697701454083
9,11,20,-0.31086623296141624,154.24888503178954,154.40269470214844,153.93801879882812,-0.4646805226802826,0.15381428971886635
10,10,20,-1.5521203094720841,160.61167536318302,160.6448211669922,159.05955505371094,-1.5852619409561157,0.0331416314840316
11,9,20,0.19900420766323804,145.83545013803987,145.97006225585938,146.03445434570312,0.06439869850873947,0.13460550915449856
12,8,20,0.08756451405584813,134.14592547617852,134.5605010986328,134.23348999023438,-0.32700905203819275,0.4145735660940409
8,13,21,-2.370329042673111,154.98350348114968,155.17686462402344,152.61317443847656,-2.563690185546875,0.19336114287376382
9,12,21,-0.6566021794080734,162.68527344405652,162.50416564941406,162.02867126464844,-0.4754882752895355,-0.1811139041185379
10,11,21,-0.9130565041303634,167.1884318703413,167.40599060058594,166.27537536621094,-1.130616545677185,0.21756004154682163
11,10,21,-0.7993820418417453,162.93571932211518,163.07672119140625,162.13633728027344,-0.9403873085975647,0.14100526675581937
12,9,21,0.18343446481507272,149.485037825224,149.20567321777344,149.66847229003906,0.46280190348625183,-0.2793674386711791
8,14,22,-3.8824919378757476,162.26061998963357,162.02719116210938,158.3781280517578,-3.6490564346313477,-0.2334355032444
9,13,22,-0.9136366939544678,167.70352316856383,167.7344970703125,166.78988647460938,-0.944616436958313,0.030979743003845206
10,12,22,-1.1901618924736976,177.82300491005182,177.77024841308594,176.63284301757812,-1.1374013423919678,-0.05276055008172986
11,11,22,-0.18063855097512715,174.363713502147,174.1445770263672,174.18307495117188,0.038502421230077744,-0.2191409722052049
12,10,22,-0.5526449744403362,168.5952627722919,168.58082580566406,168.04261779785156,-0.5382078289985657,-0.01443714544177055
8,15,23,-5.577697761058808,165.09692383527755,164.76016235351562,159.51922607421875,-5.240944862365723,-0.336752898693085
9,14,23,-2.336835652589798,175.37505891919136,175.31393432617188,173.03822326660156,-2.2757086753845215,-0.06112697720527649
10,13,23,-1.0267811641097069,182.9290486201644,182.97088623046875,181.9022674560547,-1.0686193704605103,0.041838206350803375
11,12,23,-1.1895754739642144,186.25427273958923,186.56434631347656,185.064697265625,-1.4996569156646729,0.3100814417004585
12,11,23,-0.9993601974844932,181.61541854709387,181.725830078125,180.61605834960938,-1.1097668409347534,0.11040664345026019
13,10,23,0.07760483430232852,168.42358535124455,168.7217254638672,168.50119018554688,-0.22054827213287354,0.29815310643520204
8,16,24,-5.760239729881286,169.56186021327972,168.95245361328125,163.80162048339844,-5.1508378982543945,-0.6094018316268919
9,15,24,-2.8216234505176545,179.0402666389942,179.12599182128906,176.21864318847656,-2.9073545932769775,0.08573114275932303
10,14,24,-1.5373668467998505,191.80103872179984,191.8397979736328,190.263671875,-1.576135516166687,0.03876866936683654
11,13,24,-0.8885489124059677,193.30802828252317,193.52371215820312,192.4194793701172,-1.1042369604110718,0.2156880480051041
12,12,24,-1.8321054625511168,197.92747289419174,198.25704956054688,196.09536743164062,-2.161680221557617,0.32957475900650035
13,11,24,-0.23019007742404937,183.39500025808812,183.58993530273438,183.16481018066406,-0.42512476444244385,0.19493468701839448
14,10,24,-0.14988674173131586,171.9026943589188,172.0135955810547,171.7528076171875,-0.26077553629875183,0.11088879456743597
8,17,25,-4.637946875095367,168.38632944345474,168.1951446533203,163.74838256835938,-4.446763038635254,-0.19118383646011328
9,16,25,-2.5312019610404968,183.46221697568893,183.4076690673828,180.93101501464844,-2.4766411781311035,-0.05456078290939326
10,15,25,-1.6360233104228974,195.5390537059307,195.99497985839844,193.9030303955078,-2.091952085494995,0.4559287750720977
11,14,25,-1.4621140372753143,202.72326821208,202.53494262695312,201.2611541748047,-1.273796796798706,-0.18831724047660825
12,13,25,-1.5376055252552032,205.4817430984974,205.5875701904297,203.9441375732422,-1.6434400081634521,0.10583448290824893
13,12,25,-1.1293800485134124,200.2697609078884,200.52841186523438,199.140380859375,-1.3880412578582764,0.2586612093448639
14,11,25,-0.31765637908130884,187.22120557341725,187.00277709960938,186.90354919433594,-0.0992269292473793,-0.21842944983392953
8,18,26,-2.6487426912784575,169.43402101159097,168.9344482421875,166.7852783203125,-2.1491734981536865,-0.499569193124771
9,17,26,-1.4038729614019394,184.18512296140193,184.13848876953125,182.78125,-1.3572440147399902,-0.04662894666194917
10,16,26,-1.03157028734684,201.6213530021906,201.5496826171875,200.58978271484375,-0.959905207157135,-0.07166508018970497
11,15,26,-1.317765285372734,208.17541604220867,208.10923767089844,206.85765075683594,-1.2515889406204224,-0.0661763447523116
12,14,26,-2.051039305329323,216.850767698884,216.68064880371094,214.7997283935547,-1.8809175491333008,-0.1701217561960222
13,13,26,-1.05083137601614,212.34322029203176,211.89389038085938,211.29238891601562,-0.6015018224716187,-0.4493295535445214
14,12,26,-1.1174798476696015,206.01483397364618,206.04241943359375,204.89735412597656,-1.1450616121292114,0.027581764459609914
9,18,27,0.45293917521834376,185.74501309528947,185.75099182128906,186.1979522705078,0.44696250557899475,0.005976669639349008
10,17,27,-0.060943033150397244,202.9121850985801,203.05120849609375,202.8512420654297,-0.19996857643127441,0.13902554328087718
11,16,27,-0.9695226818323135,214.9500372081995,214.83755493164062,213.9805145263672,-0.8570404052734375,-0.112482276558876
12,15,27,-1.7524860429763793,222.60320930957795,223.1240234375,220.85072326660156,-2.2733001708984375,0.5208141279220582
13,14,27,-2.3779203498363497,224.9922391974926,224.95193481445312,222.61431884765625,-2.3376171588897705,-0.04030319094657919
14,13,27,-1.6949376833438874,219.21268365502357,219.35723876953125,217.5177459716797,-1.8394856452941895,0.14454796195030206
15,12,27,-0.5320855093002319,206.04079827785492,206.8494110107422,205.5087127685547,-1.3407068252563477,0.8086213159561157
9,19,28,1.6696829682588576,185.24807215869427,185.55198669433594,186.91775512695312,1.3657727241516113,0.3039102441072463
10,18,28,1.1788268688321113,206.9385132190585,206.8737030029297,208.11734008789062,1.2436442375183105,-0.06481736868619925
11,17,28,-0.1756330877356231,218.25749649105595,218.37940979003906,218.0818634033203,-0.2975323498249054,0.12189926208928228
12,16,28,-1.5603203028440475,231.42955248057842,231.62869262695312,229.86923217773438,-1.759448766708374,0.19912846386432648
13,15,28,-2.203464295864105,232.74280145406723,232.67710876464844,230.53933715820312,-2.1377766132354736,-0.06568768262863145
14,14,28,-3.295834182500839,236.2535368192196,236.53684997558594,232.95770263671875,-3.5791409015655518,0.2833067190647127
15,13,28,-1.1778604793548584,221.1848795223236,221.40956115722656,220.00701904296875,-1.40253484249115,0.22467436313629152
16,12,28,-0.3968377262353897,209.20021297037601,209.40614318847656,208.80337524414062,-0.6027724146842957,0.20593468844890594
9,20,29,2.2380510264635087,186.9916853016615,186.8769073486328,189.229736328125,2.352818727493286,-0.1147677010297774
10,19,29,1.7893172377347946,207.41408242046833,207.84495544433594,209.20339965820312,1.3584465980529785,0.43087063968181605
11,18,29,1.065233832001686,222.6760991758108,222.78240966796875,223.7413330078125,0.9589256048202515,0.10630822718143462
12,17,29,-0.7760470259189606,235.16149929642677,235.29241943359375,234.3854522705078,-0.9069622159004211,0.13091518998146057
13,16,29,-2.2216871958971023,242.21030413925646,242.10546875,239.98861694335938,-2.1168668270111084,-0.10482036888599389
14,15,29,-3.2886944544315337,244.61242492318152,245.0104522705078,241.32373046875,-3.6867096424102783,0.3980151879787446
15,14,29,-2.96082790851593,238.85067471027375,239.28587341308594,235.8898468017578,-3.3960158824920654,0.4351879739761353
16,13,29,-0.9765817183256149,224.71458831012248,224.6450958251953,223.73800659179688,-0.9070855975151062,-0.06949612081050871
10,20,30,2.0510057801008226,211.201145709157,211.03594970703125,213.2521514892578,2.2162065505981445,-0.16520077049732196
11,19,30,1.626279752254486,224.9341145348549,225.05905151367188,226.56039428710938,1.5013322830200195,0.12494746923446653
12,18,30,0.3672996224462986,241.4648994742334,241.63275146484375,241.8321990966797,0.19944603741168976,0.16785358503460884
13,17,30,-1.453060466647148,247.73092301547527,247.83314514160156,246.27786254882812,-1.5552871227264404,0.10222665607929238
14,16,30,-3.2706737315654753,255.86056325793265,255.61964416503906,252.5898895263672,-3.029764413833618,-0.2409093177318571
15,15,30,-2.999583523273468,251.1397812771797,250.60519409179688,248.14019775390625,-2.4649980068206787,-0.5345855164527893
16,14,30,-2.4789483308792115,243.92020199298858,243.68124389648438,241.44125366210938,-2.23999285697937,-0.2389554738998414
17,13,30,-0.3928426505625248,224.37456262126565,224.16510009765625,223.98171997070312,-0.1833675056695938,-0.209475144892931
10,21,31,2.275909967422485,211.05099432945252,211.20579528808594,213.326904296875,2.1211037635803223,0.15480620384216293
11,20,31,1.8587538146972655,229.10328231811525,229.3590087890625,230.9620361328125,1.6030312776565552,0.25572253704071035
12,19,31,1.1921641093492508,243.83550007522106,243.94483947753906,245.0276641845703,1.082816243171692,0.10934786617755887
13,18,31,-0.9117394530773163,255.03142939448355,254.99105834960938,254.11968994140625,-0.8713732361793518,-0.04036621689796449
14,17,31,-2.8515338850021363,262.1395587873459,262.20703125,259.28802490234375,-2.91900897026062,0.06747508525848378
15,16,31,-3.002965680360794,262.82715391278265,262.91619873046875,259.8241882324219,-3.092005729675293,0.08904004931449894
16,15,31,-2.6137755274772645,256.72492054700854,256.73583984375,254.11114501953125,-2.6247024536132812,0.010926926136016757
17,14,31,-1.5457709228992462,243.6447089111805,243.9455108642578,242.09893798828125,-1.8465745449066162,0.30080362200737
11,21,32,2.0250467586517336,230.64736229896545,231.0362091064453,232.6724090576172,1.6361991167068481,0.3888476419448854
12,20,32,1.4085050493478775,249.70897236764432,249.72291564941406,251.1174774169922,1.3945549726486206,0.013950076699256853
13,19,32,-0.074179576523602,259.06886951792984,259.2110290527344,258.99468994140625,-0.21636055409908295,0.14218097757548093
14,18,32,-2.603955925703049,271.45683068156245,271.4070129394531,268.8528747558594,-2.554143190383911,-0.04981273531913777
15,17,32,-2.5883677017688753,270.8160593521595,270.8518371582031,268.2276916503906,-2.624171018600464,0.03580331683158855
16,16,32,-2.504317206144333,272.0334920108318,271.7801513671875,269.5291748046875,-2.250988721847534,-0.2533284842967989
17,15,32,-1.7408235174417497,258.21824050962925,258.3169860839844,256.4774169921875,-1.8395837545394897,0.09876023709774007
18,14,32,-1.01267793238163,246.3639657741785,246.40028381347656,245.35128784179688,-1.0490039587020874,0.03632602632045745
11,22,33,2.1409277468919754,233.84271483123302,233.96755981445312,235.983642578125,2.0160796642303467,0.12484808266162872
12,21,33,1.6138257813453674,251.55388356924058,252.00245666503906,253.16770935058594,1.1652522087097168,0.44857357263565056
13,20,33,0.8553722381591797,264.58951301574706,264.68035888671875,265.44488525390625,0.7645084261894226,0.09086381196975712
14,19,33,-2.0579772281646727,276.1625304508209,275.91497802734375,274.10455322265625,-1.8104221820831299,-0.24755504608154277
15,18,33,-2.5791921210289,280.7604665350914,280.95562744140625,278.1812744140625,-2.774362087249756,0.1951699662208557
16,17,33,-2.071417909860611,280.40070257782935,280.42181396484375,278.32928466796875,-2.092517375946045,0.021099466085433782
17,16,33,-1.7183396703004836,274.01194928944113,274.05694580078125,272.2936096191406,-1.7633219957351685,0.04498232543468483
18,15,33,-1.2827439123392106,261.4059128576517,261.6555480957031,260.1231689453125,-1.5323787927627563,0.24963488042354576
11,23,34,2.3952788800001144,234.33291631042957,234.13888549804688,236.7281951904297,2.5893163681030273,-0.194037488102913
12,22,34,1.8126573699712754,256.2638501983881,256.71331787109375,258.0765075683594,1.3631718158721924,0.449485554099083
13,21,34,1.444322528243065,267.6439953428507,267.2519226074219,269.08831787109375,1.8363982439041138,-0.3920757156610488
14,20,34,-1.2659470540285112,283.4566208821535,283.4636535644531,282.190673828125,-1.2729564905166626,0.007009436488151444
15,19,34,-2.3791614723205567,287.4358326148987,287.2383117675781,285.0566711425781,-2.1816368103027344,-0.19752466201782237
16,18,34,-2.0413820505142213,291.9828493356705,291.8389587402344,289.94146728515625,-1.89749014377594,-0.14389190673828134
17,17,34,-1.3063585352897644,285.94396229505537,285.56500244140625,284.6376037597656,-0.9274116158485413,-0.37894691944122316
18,16,34,-1.2910590434074403,278.8919806742668,278.7208557128906,277.6009216308594,-1.1199263334274292,-0.17113270998001107
12,23,35,2.1706546479463578,256.9560238188505,257.4681701660156,259.1266784667969,1.6584806442260742,0.5121740037202835
13,22,35,1.7240331399440765,272.60036871552467,272.5493469238281,274.32440185546875,1.775037169456482,-0.05100402951240546
14,21,35,0.5368931549787521,285.6425196868181,285.93475341796875,286.1794128417969,0.2446465790271759,0.2922465759515762
15,20,35,-2.073798567056656,295.5761789381504,295.6187438964844,293.50238037109375,-2.116344451904297,0.04254588484764099
16,19,35,-1.8739326494932174,299.06097488582134,298.8247985839844,297.1870422363281,-1.637731909751892,-0.23620073974132527
17,18,35,-1.3438681626319886,297.9707602524757,298.20977783203125,296.62689208984375,-1.5828624963760376,0.238994333744049
18,17,35,-0.953755559027195,291.2772418871522,291.461181640625,290.323486328125,-1.1376971006393433,0.18394154161214826
19,16,35,-0.6238425493240356,278.8526938676834,278.804443359375,278.2288513183594,-0.5755934715270996,-0.04824907779693599
12,24,36,2.3774360001087187,260.6224724471569,260.79913330078125,262.9999084472656,2.200770854949951,0.17666514515876752
13,23,36,2.1069409096241,274.7812426841259,274.4465637207031,276.88818359375,2.4416186809539795,-0.33467777132987964
14,22,36,1.1520867049694061,291.8187384903431,292.05072021484375,292.9708251953125,0.920102596282959,0.23198410868644714
15,21,36,0.03687302982900292,299.00160963618663,299.0832824707031,299.0384826660156,-0.04480722174048424,0.08168025156948716
16,20,36,-1.640496301651001,308.85549263954164,308.71405029296875,307.2149963378906,-1.4990565776824951,-0.1414397239685059
17,19,36,-1.1824688470363618,306.6222881829739,306.78955078125,305.4398193359375,-1.349725365638733,0.16725651860237112
18,18,36,-0.9556213212013245,306.6880126786232,306.71673583984375,305.7323913574219,-0.9843541383743286,0.028732817173004133
19,17,36,-0.37423015251755715,292.89571452751755,293.1200256347656,292.521484375,-0.5985683798789978,0.22433822736144066
20,16,36,0.007965887717436998,281.3694144833763,281.3716735839844,281.37738037109375,0.005699759814888239,0.0022661279025487594
12,25,37,2.512350476980209,260.6586395132542,261.03912353515625,263.1709899902344,2.131865978240967,0.3804844987392424
13,24,37,2.26036759018898,278.7971275269985,278.65869140625,281.0574951171875,2.398799419403076,-0.13843182921409625
14,23,37,1.5517079526185988,294.29808452785016,294.2574157714844,295.84979248046875,1.592358112335205,-0.04065015971660624
15,22,37,0.6776896347105503,305.4832600723207,305.8995666503906,306.16094970703125,0.261360764503479,0.4163288702070713
16,21,37,0.035701631146948784,313.05902493135306,313.01763916015625,313.0947265625,0.07709159702062607,-0.041389965873677284
17,20,37,-1.0415418094396591,316.86234259068965,317.1004333496094,315.82080078125,-1.2796084880828857,0.23806667864322661
18,19,37,-0.8019185996055603,315.7064596152306,315.50421142578125,314.904541015625,-0.5996717214584351,-0.20224687814712528
19,18,37,-0.43849362194538116,308.729417694211,308.5743713378906,308.2909240722656,-0.28345659375190735,-0.1550370281934738
20,17,37,0.08908021613024175,295.9379583580885,296.1278991699219,296.02703857421875,-0.10086047649383545,0.1899406926240772
14,24,38,1.6956408298015595,299.8042981350422,299.9275207519531,301.49993896484375,1.572402834892273,0.12323799490928655
15,23,38,1.030701784491539,309.4853809791803,309.596435546875,310.5160827636719,0.9196402430534363,0.11106154143810265
16,22,38,0.7431995299458504,320.9846447083354,321.0537414550781,321.72784423828125,0.6741073131561279,0.06909221678972244
17,21,38,0.2694113878160715,322.9311196180433,323.20831298828125,323.2005310058594,-0.007787019945681095,0.2771984077617526
18,20,38,-0.6743327470123768,327.488206038028,327.3426513671875,326.8138732910156,-0.5287925601005554,-0.14554018691182136
19,19,38,-0.32395819053053854,321.04868963584306,320.646240234375,320.7247314453125,0.07848779112100601,-0.40244598165154455
20,18,38,0.0036052548000589015,313.3238178409031,313.12164306640625,313.3274230957031,0.20576119422912598,-0.20215593942906707
14,25,39,1.8076460230350495,301.5903337132931,301.5081787109375,303.3979797363281,1.8897898197174072,-0.08214379668235772
15,24,39,0.8675523686408997,315.6022657465935,315.8208312988281,316.4698181152344,0.6489855647087097,0.21856680393218997
16,23,39,0.9851774880290032,325.415457277596,325.426513671875,326.400634765625,0.9741194844245911,0.011058003604412114
17,22,39,1.0881118136644363,331.07436377227305,331.28173828125,332.1624755859375,0.8807494044303894,0.20736240923404692
18,21,39,0.5124218712747097,334.0183398474753,333.94134521484375,334.53076171875,0.5894085168838501,-0.07698664560914037
19,20,39,-0.3354419101029634,333.31218751557174,333.7239990234375,332.97674560546875,-0.7472462058067322,0.41180429570376875
20,19,39,-0.12823442003689706,326.23336747667753,326.41717529296875,326.1051330566406,-0.31203144788742065,0.1837970278505236
21,18,39,1.4157253217697143,312.4539341020584,312.52484130859375,313.8696594238281,1.3448262214660645,0.07089910030364988
14,26,40,1.8230275189876557,306.2129221880436,306.2330017089844,308.03594970703125,1.802963376045227,0.020064142942428642
15,25,40,0.6358683906495571,319.1419026054442,319.2567138671875,319.77777099609375,0.5210774540901184,0.11479093655943873
16,24,40,0.6804685047268868,333.1177187511325,333.17303466796875,333.7981872558594,0.6251725554466248,0.05529594928026205
17,23,40,1.355465943813324,336.9162015366554,337.1106262207031,338.27166748046875,1.161037564277649,0.19442837953567516
18,22,40,1.2182435667514802,343.73942855238914,343.81036376953125,344.9576721191406,1.14729642868042,0.07094713807106023
19,21,40,0.6780418083071709,341.4678016975522,341.52362060546875,342.1458435058594,0.62220698595047,0.0558348223567009
20,20,40,-0.18030170076526703,341.69470599764026,342.05218505859375,341.514404296875,-0.537792980670929,0.35749127990566193
21,19,40,1.301718270778656,326.80024095773695,326.94677734375,328.1019592285156,1.15518319606781,0.14653507471084604
22,18,40,2.2954821598529818,314.5736889827251,314.634521484375,316.8691711425781,2.234652042388916,0.06083011746406575
15,26,41,0.5879084879159927,324.10532881677153,324.1686096191406,324.6932373046875,0.5246264338493347,0.06328205406665799
16,25,41,0.17985541405156255,337.2188262265734,337.4150695800781,337.398681640625,-0.016392819583415985,0.19624823363497854
17,24,41,1.0589308908581734,344.91531227320434,344.93133544921875,345.9742431640625,1.0429261922836304,0.016004698574543008
18,23,41,1.5778457307815552,349.8040512418747,349.9093017578125,351.38189697265625,1.4725836515426636,0.10526207923889164
19,22,41,1.418810264468193,351.47639237225053,351.6189880371094,352.89520263671875,1.2762174606323242,0.1425928038358688
20,21,41,0.8309383952617645,350.17992586255076,350.4150085449219,351.0108642578125,0.5958545804023743,0.23508381485939023
21,20,41,1.1165965363383292,342.72318617850544,343.1371154785156,343.83978271484375,0.7026553153991699,0.4139412209391593
22,19,41,2.273746552467346,329.1536521291733,329.4099426269531,331.4273986816406,2.017463445663452,0.256283106803894
15,27,42,0.7581337751448154,326.3096152482927,326.1683044433594,327.0677490234375,0.8994344472885132,-0.1413006721436978
16,26,42,-0.22256904397159816,343.9181256845966,344.1155700683594,343.695556640625,-0.4200078248977661,0.19743878092616796
17,25,42,0.409394725561142,350.5420212900639,350.5272216796875,350.951416015625,0.4241951107978821,-0.014800385236740099
18,24,42,1.2700089973211288,359.2195539909601,359.3357849121094,360.48956298828125,1.1537598371505737,0.11624916017055509
19,23,42,1.8199196046590804,358.8950767332315,359.1528015136719,360.7149963378906,1.562203288078308,0.2577163165807723
20,22,42,1.440092481970787,361.7393508774042,361.8957214355469,363.179443359375,1.2837291955947876,0.1563632863759994
21,21,42,1.8236088049411774,354.53649861693384,354.68707275390625,356.360107421875,1.6730406284332275,0.15056817650794985
22,20,42,1.9817180663347245,346.60492133796214,346.8880920410156,348.5866394042969,1.6985573768615723,0.2831606894731522
16,27,43,-0.39893279418349264,346.7375253234804,346.7445983886719,346.3385925292969,-0.40598830580711365,0.0070555116236210025
17,26,43,-0.2591771662607789,357.78945060376077,357.9263000488281,357.5302734375,-0.39601534605026245,0.13683817978948354
18,25,43,0.7737283363938332,364.98615935891866,364.9942321777344,365.7598876953125,0.7656468152999878,0.008081521093845412
19,24,43,1.4813767540454865,368.64340962290765,368.7774658203125,370.1247863769531,1.3473000526428223,0.13407670140266426
20,23,43,1.8105248934030533,369.4975195401907,369.82861328125,371.30804443359375,1.4794247150421143,0.3311001783609391
21,22,43,1.9507012391090393,366.8912482237816,366.8255310058594,368.8419494628906,2.0163967609405518,-0.0656955218315125
22,21,43,2.188736025094986,359.2325591409206,359.1706237792969,361.4212951660156,2.250671625137329,-0.061935600042343
23,20,43,2.441129751205444,346.5602435398102,346.9890441894531,349.0013732910156,2.0123274326324463,0.4288023185729979
16,28,44,-0.4855376698076725,352.1354400135577,351.8246765136719,351.64990234375,-0.1747855544090271,-0.3107521153986454
17,27,44,-0.7936494940519333,362.28760701358317,362.31707763671875,361.49395751953125,-0.8231192231178284,0.029469729065895067
18,26,44,-0.05024049969622865,373.73767946453995,373.72900390625,373.68743896484375,-0.041571490466594696,-0.008669009229633956
19,25,44,0.8835596260428429,375.8533788505197,376.0549011230469,376.7369384765625,0.6820427179336548,0.2015169081091881
20,24,44,1.4331984627246857,380.65026711344717,380.95977783203125,382.0834655761719,1.1236737966537476,0.3095246660709381
21,23,44,2.079109559059143,376.24593316555024,376.5247497558594,378.3250427246094,1.800310730934143,0.2787988281249998
22,22,44,1.7942754489183426,375.0436762112379,375.4749450683594,376.83795166015625,1.3630075454711914,0.43126790344715116
23,21,44,2.476950206756592,360.7157072639465,360.95208740234375,363.1926574707031,2.240572929382324,0.2363772773742676
24,20,44,2.3577411258220673,349.46028255581854,349.7835693359375,351.8180236816406,2.0344481468200684,0.32329297900199894
17,28,45,-1.2530368834733963,368.31816139519213,368.1719665527344,367.06512451171875,-1.1068302392959595,-0.14620664417743678
18,27,45,-1.1122833034396171,379.0353484889865,378.8978576660156,377.9230651855469,-0.9748003482818604,-0.13748295515775677
19,26,45,0.10629974957089872,384.840202935976,384.9603576660156,384.9465026855469,-0.013858440332114697,0.12015818990301341
20,25,45,0.8579092380404473,388.1277780178189,388.3746032714844,388.9856872558594,0.6110771894454956,0.24683204859495167
21,24,45,1.5964486068487167,387.8001273208857,387.85235595703125,389.3965759277344,1.5442174673080444,0.05223113954067227
22,23,45,1.7012703120708466,384.91991499066353,385.0079345703125,386.6211853027344,1.6132280826568604,0.0880422294139862
23,22,45,1.8849497628211975,377.02548114538195,377.1017761230469,378.9104309082031,1.808661937713623,0.07628782510757448
24,21,45,2.317552947998047,363.99088821411135,363.9477844238281,366.3084411621094,2.360642433166504,-0.04308948516845712
17,29,46,-1.3004624319076539,371.4178635549545,371.7156677246094,370.1174011230469,-1.5982935428619385,0.2978311109542846
18,28,46,-2.031631158590317,386.8215481507778,386.9696350097656,384.7899169921875,-2.1797192096710205,0.14808805108070366
19,27,46,-1.3646074026823043,391.83769089877603,391.8299560546875,390.47308349609375,-1.3568731546401978,-0.00773424804210654
20,26,46,0.024743642656831072,398.48526612296814,398.7733154296875,398.510009765625,-0.26329752802848816,0.2880411706853192
21,25,46,1.0348024776577949,396.57023902624843,396.61297607421875,397.60504150390625,0.9920373558998108,0.04276512175798408
22,24,46,1.0334316331148148,397.9854892653227,398.197265625,399.0189208984375,0.821649968624115,0.2117816644906998
23,23,46,1.4682913994789124,390.04596030950546,390.362548828125,391.5142517089844,1.151716947555542,0.3165744519233704
24,22,46,1.555021768808365,381.79937886595724,381.9758605957031,383.3544006347656,1.3785279989242554,0.17649376988410959
25,21,46,2.2365520918369293,364.0400897538662,364.13970947265625,366.2766418457031,2.136927843093872,0.0996242487430572
18,29,47,-2.1248843479156494,390.21863434791567,390.636962890625,388.09375,-2.5432381629943848,0.41835381507873537
19,28,47,-2.57279354929924,400.17518002390864,400.1993408203125,397.6023864746094,-2.5969526767730713,0.024159127473831088
20,27,47,-1.6570363062620164,405.965141775012,406.0496826171875,404.30810546875,-1.7415757179260254,0.08453941166400902
21,26,47,0.24056761600077153,407.16754395626486,407.2594909667969,407.4081115722656,0.14861656725406647,0.09195104874670507
22,25,47,0.6038301123678684,406.90776656731964,407.07794189453125,407.5115966796875,0.43367794156074524,0.1701521708071232
23,24,47,0.7335556051135064,403.46633453160524,403.3650207519531,404.19989013671875,0.834847092628479,-0.10129148751497263
24,23,47,0.9949830663204193,395.2520872461796,395.1387023925781,396.2470703125,1.108345866203308,-0.11336279988288878
25,22,47,1.5315436953306198,382.07816699802873,382.3596496582031,383.6097106933594,1.2500463724136353,0.2814973229169846
18,30,48,-1.9431644999980926,395.9462162578106,395.6959533691406,394.0030517578125,-1.6929086446762085,-0.2502558553218841
19,29,48,-2.689129103422165,404.8382379901409,404.8431701660156,402.14910888671875,-2.6940505504608154,0.004921447038650495
20,28,48,-3.3672175192832947,416.07113597631457,416.0011901855469,412.70391845703125,-3.297272205352783,-0.06994531393051151
21,27,48,-1.1059820246696472,415.5723516535759,415.4980773925781,414.46636962890625,-1.0316886901855469,-0.07429333448410036
22,26,48,-0.04294111363356933,418.63800336949294,418.70458984375,418.5950622558594,-0.10952358692884445,0.06658247329527511
23,25,48,0.23439904123544694,413.72873572438954,413.90728759765625,413.963134765625,0.055839888751506805,0.17855915248394014
24,24,48,0.2368669705092907,411.43958566620944,411.46826171875,411.67645263671875,0.2081981599330902,0.028668810576200493
25,23,48,0.8271880304813385,396.94759224295615,397.1612243652344,397.7747802734375,0.6135412454605103,0.21364678502082823
26,22,48,1.204298231601715,385.01344468832013,385.0908203125,386.2177429199219,1.126930832862854,0.077367398738861
19,30,49,-2.5426043939590453,410.8445453119278,410.2414855957031,408.30194091796875,-1.9395344257354736,-0.6030699682235716
20,29,49,-3.573066830635071,421.07709515094757,421.14764404296875,417.5040283203125,-3.64361572265625,0.0705488920211792
21,28,49,-2.4564676225185393,425.58027743697164,425.62774658203125,423.1238098144531,-2.5039403438568115,0.047472721338272184
22,27,49,-0.850542925298214,426.7720517143607,426.8469543457031,425.9215087890625,-0.9254540205001831,0.07491109520196915
23,26,49,-0.2872409531474113,425.60697361916306,425.4627685546875,425.3197326660156,-0.14302511513233185,-0.14421583801507948
24,25,49,-0.2473965862393379,421.96358310967685,422.05059814453125,421.7161865234375,-0.3344269394874573,0.08703035324811936
25,24,49,0.025991269271471537,413.4555455959629,413.55584716796875,413.4815368652344,-0.07428532093763351,0.10027659020910505
26,23,49,0.6091262318193913,400.0495651744306,399.904296875,400.65869140625,0.7543954253196716,-0.14526919350028034
19,31,50,-2.4226044833660128,414.3834199130535,414.4291687011719,411.9608154296875,-2.4683499336242676,0.04574545025825483
20,30,50,-3.4564035606384276,428.3341806602478,427.5082092285156,424.8777770996094,-2.630413055419922,-0.8259905052185057
21,29,50,-2.397584158182144,431.53781242966653,431.6737365722656,429.1402282714844,-2.533519983291626,0.135935825109482
22,28,50,-1.9514901953935624,437.7669809180498,437.7861328125,435.81549072265625,-1.9706482887268066,0.019158093333244253
23,27,50,-0.9188747334480286,434.79390525102616,434.795166015625,433.8750305175781,-0.9201164841651917,0.001241750717163037
24,26,50,-0.8025377640128135,435.12132438510656,435.0509338378906,434.31878662109375,-0.7321397662162781,-0.07039799779653544
25,25,50,-0.5249489656090737,426.6909951081872,426.6341247558594,426.1660461425781,-0.46807053685188293,-0.056878428757190735
26,24,50,-0.116973041491583,417.73022377391345,417.70135498046875,417.6132507324219,-0.08810392022132874,-0.02886912127025426
27,23,50,0.5367283193767071,399.9277492196858,400.03192138671875,400.4644775390625,0.4325493276119232,0.10417899176478385
19,32,51,-2.16254523396492,419.39014533162117,419.2880859375,417.22760009765625,-2.0604748725891113,-0.10207036137580872
20,31,51,-3.483261789083481,432.2557532441616,432.3226013183594,428.7724914550781,-3.5500829219818115,0.06682113289833058
21,30,51,-2.0483945345878602,438.80715307950976,438.4582824707031,436.7587585449219,-1.6995234489440918,-0.34887108564376845
22,29,51,-1.8716482359170914,443.9558157163858,444.1585388183594,442.08416748046875,-2.0743889808654785,0.20274074494838712
23,28,51,-1.7364077919721603,445.7636905068159,445.8463439941406,444.02728271484375,-1.8190659284591675,0.08265813648700715
24,27,51,-1.3572153872251511,444.4940867251158,444.3116149902344,443.1368713378906,-1.1747212409973145,-0.18249414622783666
25,26,51,-1.1698325270414351,440.2043173903227,440.32177734375,439.03448486328125,-1.2872775793075562,0.11744505226612101
26,25,51,-0.8589652514457703,431.42338785886767,431.4853820800781,430.5644226074219,-0.9209678173065186,0.06200256586074826
27,24,51,-0.1449444474093616,417.82933165444064,417.8559875488281,417.68438720703125,-0.17162169516086578,0.02667724775150418
19,33,52,-1.8326599949598312,421.9117310398817,421.9815673828125,420.0790710449219,-1.902489423751831,0.06982942879199983
20,32,52,-3.3188466358184816,438.5358876514435,438.327880859375,435.217041015625,-3.1108181476593018,-0.20802848815917985
21,31,52,-1.83654132604599,443.664666326046,443.8028259277344,441.828125,-1.9746952056884766,0.1381538796424866
22,30,52,-1.4075651854276656,452.3050871580839,451.974609375,450.89752197265625,-1.0770907402038574,-0.3304744452238082
23,29,52,-1.6236849564313889,453.10851772010324,453.1575927734375,451.4848327636719,-1.6727508306503296,0.04906587421894071
24,28,52,-1.965561602115631,456.46092293024066,456.3517150878906,454.495361328125,-1.8563464879989624,-0.10921511411666862
25,27,52,-1.7115890026092528,450.7616988658905,450.86126708984375,449.05010986328125,-1.8111457824707031,0.09955677986145028
26,26,52,-1.5936479061841964,447.6042680233717,447.6996154785156,446.0106201171875,-1.688980221748352,0.09533231556415567
27,25,52,-0.9565809032320977,432.79132821768525,432.92913818359375,431.8347473144531,-1.094399094581604,0.13781819134950635
28,24,52,-0.2469169719517231,420.3110344035924,420.3626708984375,420.0641174316406,-0.2985554039478302,0.0516384319961071
19,34,53,-0.9484016633033753,425.4873115754128,425.21099853515625,424.5389099121094,-0.672083854675293,-0.2763178086280823
20,33,53,-3.062276704311371,441.34984384298326,441.5206298828125,438.2875671386719,-3.2330713272094727,0.17079462289810188
21,32,53,-1.5268797338008882,450.02803940176966,450.1201171875,448.50115966796875,-1.618956446647644,0.09207671284675589
22,31,53,-0.9704167503118515,457.1739384788275,457.44964599609375,456.2035217285156,-1.2461445331573486,0.27572778284549715
23,30,53,-1.2448514413833618,461.7864774179459,461.6375427246094,460.5416259765625,-1.095914602279663,-0.1489368391036987
24,29,53,-1.8856519562005998,464.08749521791935,464.2911376953125,462.20184326171875,-2.0892937183380127,0.20364176213741292
25,28,53,-2.303126164674759,462.9647777760029,462.9115295410156,460.6616516113281,-2.2498779296875,-0.05324823498725895
26,27,53,-2.2240350961685182,458.506139588356,458.3863220214844,456.2821044921875,-2.1042160987854004,-0.11981899738311785
27,26,53,-1.7618762052059174,449.29950437903403,449.31585693359375,447.5376281738281,-1.7782235145568848,0.0163473093509674
28,25,53,-0.980536285340786,435.45053750604393,435.5049743652344,434.4700012207031,-1.0349760055541992,0.054439720213413256
20,34,54,-1.9554473978281022,445.83978577673435,445.36480712890625,443.88433837890625,-1.4804730415344238,-0.47497435629367835
21,33,54,-1.1179882803559302,453.8247448721528,453.8598327636719,452.7067565917969,-1.153061866760254,0.035073586404323676
22,32,54,-0.35351504720747473,464.3851617757231,464.38336181640625,464.0316467285156,-0.3517048954963684,-0.0018101517111063226
23,31,54,-0.6960657104849816,467.69435672610996,467.7554626464844,466.998291015625,-0.7571721076965332,0.061106397211551644
24,30,54,-1.5236415266990662,473.95039933919907,474.0102233886719,472.4267578125,-1.5834730863571167,0.05983155965805054
25,29,54,-2.2584396493434906,471.78770600676535,471.8507385253906,469.5292663574219,-2.321493625640869,0.06305397629737852
26,28,54,-2.838563823699951,471.9082354545593,471.7647705078125,469.0696716308594,-2.6950933933258057,-0.14347043037414542
27,27,54,-2.6339992082118986,462.9341701066494,462.7378845214844,460.3001708984375,-2.437699317932129,-0.19629989027976968
28,26,54,-1.878836669921875,453.2293310546875,453.2237854003906,451.3504943847656,-1.8732802867889404,-0.005556383132934606
20,35,55,-0.7922851738333702,446.9943725761771,446.9259338378906,446.20208740234375,-0.723854660987854,-0.06843051284551616
21,34,55,-0.003922557103214786,458.52027997897824,458.3353271484375,458.516357421875,0.181036114692688,-0.18495867179590278
22,33,55,0.14065597885288297,468.3180232203659,468.5433349609375,468.45867919921875,-0.08463458716869354,0.22529056602157652
23,32,55,-0.0940548136131838,475.1493831827538,475.05364990234375,475.0553283691406,0.001669479999691248,-0.09572429361287504
24,31,55,-0.9081844553351403,480.0267147287726,480.2565002441406,479.1185302734375,-1.1379613876342773,0.2297769322991371
25,30,55,-1.9804346024990083,481.97472781538966,482.07635498046875,479.9942932128906,-2.082068681716919,0.10163407921791068
26,29,55,-2.798745642900467,480.97995902180674,481.0628967285156,478.18121337890625,-2.8816885948181152,0.08294295191764833
27,28,55,-3.4277276849746703,476.7619867181778,476.8291320800781,473.3342590332031,-3.4948642253875732,0.06713654041290296
28,27,55,-2.985109611749649,467.3454306566715,467.3527526855469,464.3603210449219,-2.992426872253418,0.0073172605037687966
29,26,55,-1.5533704191446305,452.77151006758214,452.8698425292969,451.2181396484375,-1.651692509651184,0.0983220905065536
20,36,56,0.9866478210687637,450.036240362525,449.8572692871094,451.02288818359375,1.1656274795532227,-0.17897965848445896
21,35,56,0.7536165061593055,461.17805463641884,461.08038330078125,461.9316711425781,0.8513049483299255,-0.09768844217062
22,34,56,1.1768865090608598,474.20873360812664,474.2051696777344,475.3856201171875,1.1804612874984741,-0.0035747784376143343
23,33,56,0.507029228657484,480.0894978709519,480.1832275390625,480.5965270996094,0.4132961928844452,0.09373303577303882
24,32,56,-0.24621335223317145,488.5533727760613,488.50262451171875,488.3071594238281,-0.1954614222049713,-0.05075193002820014
25,31,56,-1.4301583254337311,489.2423226320744,489.3468017578125,487.8121643066406,-1.5346537828445435,0.10449545741081234
26,30,56,-2.509768669605255,492.2972137379646,492.25994873046875,489.7874450683594,-2.47251558303833,-0.03725308656692494
27,29,56,-3.323386721611023,486.9025493192673,486.91094970703125,483.57916259765625,-3.331800937652588,0.008414216041564782
28,28,56,-3.9086054837703705,483.73511305212975,483.9957275390625,479.8265075683594,-4.169243812561035,0.2606383287906646
29,27,56,-2.5593841850757597,467.922238188982,467.93548583984375,465.36285400390625,-2.572638988494873,0.013254803419113337
21,36,57,1.8120049625635146,465.13822086751463,465.0155029296875,466.9502258300781,1.9347368478775024,-0.12273188531398782
22,35,57,1.927417649626732,477.08033381521705,477.2553405761719,479.00775146484375,1.7523918151855469,0.17502583444118502
23,34,57,1.32473883330822,486.4134508639574,486.5062255859375,487.7381896972656,1.2319666147232056,0.09277221858501439
24,33,57,0.35046094678342343,493.71942430712284,493.81378173828125,494.06988525390625,0.2561006546020508,0.09436029218137265
25,32,57,-0.8391926431655884,498.0672199869156,497.99273681640625,497.22802734375,-0.7647184133529663,-0.07447422981262208
26,31,57,-2.0341796499490736,499.87133785307407,499.9061279296875,497.837158203125,-2.068979263305664,0.03479961335659043
27,30,57,-2.9827468299865725,498.40349267959596,498.28741455078125,495.4207458496094,-2.866682529449463,-0.11606430053710959
28,29,57,-3.7372803473472596,494.04642341375353,494.2433776855469,490.30914306640625,-3.934244155883789,0.1969638085365295
29,28,57,-3.501951709985733,484.56945659279825,484.68609619140625,481.0675048828125,-3.618588924407959,0.11663721442222608
21,37,58,2.543557566404343,467.0968538105488,467.1867370605469,469.6404113769531,2.4536707401275635,0.08988682627677935
22,36,58,2.9960917580127715,482.11169632792473,481.84246826171875,485.1077880859375,3.265312671661377,-0.26922091364860545
23,35,58,2.035781654715538,490.4038850933313,490.57305908203125,492.4396667480469,1.8666105270385742,0.16917112767696363
24,34,58,1.0185005265474318,501.2897270125151,501.3519287109375,502.3082275390625,0.9563130736351013,0.06218745291233052
25,33,58,-0.18703561810776592,504.27025705365463,504.40533447265625,504.0832214355469,-0.32213401794433594,0.13509839983657002
26,32,58,-1.5505625265836716,509.91121926486494,509.95068359375,508.36065673828125,-1.590032696723938,0.039470170140266436
27,31,58,-2.4922235572338103,507.06393986582754,506.8603820800781,504.57171630859375,-2.2886393070220947,-0.20358425021171556
28,30,58,-3.270778077840805,506.53585376143457,506.4595947265625,503.26507568359375,-3.1945266723632812,-0.07625140547752363
29,29,58,-3.3064545810222628,497.2120637118816,497.1162414550781,493.9056091308594,-3.2106211185455322,-0.09583346247673052
30,28,58,-2.5930135893821715,487.15002042531967,486.96490478515625,484.5570068359375,-2.4078903198242188,-0.18512326955795277
21,38,59,3.520724856853485,470.4113735318184,470.6080322265625,473.9320983886719,3.3240628242492676,0.19666203260421744
23,36,59,2.9438114023208617,495.796880736351,495.82440185546875,498.7406921386719,2.9162867069244385,0.027524695396423215
24,35,59,1.6122411388158797,505.605745921731,505.54736328125,507.2179870605469,1.6706043481826782,-0.05836320936679851
25,34,59,0.3879559168964624,512.1481158604473,512.1744384765625,512.5360717773438,0.36166146397590637,0.026294452920556044
26,33,59,-0.9006915044784546,516.336360449791,516.5316772460938,515.4356689453125,-1.0960595607757568,0.19536805629730225
27,32,59,-2.062124096751213,517.3813989990949,517.314208984375,515.3192749023438,-1.9949599504470825,-0.06716414630413059
28,31,59,-2.746230673789978,515.389541220665,515.4588623046875,512.643310546875,-2.815554618835449,0.06932394504547101
29,30,59,-2.7954256749153137,509.88645961046217,509.878173828125,507.0910339355469,-2.7871322631835938,-0.008293411731719935
30,29,59,-2.396731911897659,500.0220370876789,499.9530334472656,497.62530517578125,-2.3277223110198975,-0.06900960087776165
22,38,60,4.089196674823761,489.2406067919731,489.1671447753906,493.3298034667969,4.162651062011719,-0.07345438718795805
23,37,60,3.4933086144924164,499.17646067261694,499.37249755859375,502.6697692871094,3.2972567081451416,0.19605190634727476
24,36,60,2.2710023736953735,512.3113950872421,512.4112548828125,514.5823974609375,2.1711437702178955,0.09985860347747799
25,35,60,0.920931621491909,517.5851108589768,517.6883544921875,518.5060424804688,0.8176864981651306,0.10324512332677838
26,34,60,-0.2909491243958473,525.2548773470521,525.3512573242188,524.9639282226562,-0.38728153705596924,0.09633241266012194
27,33,60,-1.506305257678032,524.9708438318968,524.80615234375,523.4645385742188,-1.341585636138916,-0.164719621539116
28,32,60,-2.32320582151413,526.7976931262016,526.8466186523438,524.4744873046875,-2.372157096862793,0.04895127534866317
29,31,60,-2.2930056262016296,519.8387819933891,519.936279296875,517.5457763671875,-2.3904826641082764,0.09747703790664675
30,30,60,-1.905029104948044,515.0189207065106,514.983154296875,513.1138916015625,-1.869231104850769,-0.03579800009727485
23,38,61,3.8051046347618103,504.3915506386757,504.5335388183594,508.1966552734375,3.6631178855895996,0.14198674917221066
24,37,61,2.7374189007282257,515.969429243803,516.070556640625,518.7068481445312,2.636272668838501,0.10114623188972471
25,36,61,1.5410438352823257,524.5315269654989,524.5338745117188,526.0725708007812,1.538691759109497,0.002352076172828621
26,35,61,0.28778422690927985,530.8540004410595,530.9298706054688,531.1417846679688,0.2118895798921585,0.07589464701712134
27,34,61,-1.0034422436356545,534.2090086498856,534.1251831054688,533.20556640625,-0.9196182489395142,-0.08382399469614032
28,33,61,-1.86941013276577,534.7057748788595,534.6666870117188,532.8363647460938,-1.830332636833191,-0.03907749593257903
29,32,61,-1.9427429360151292,531.5393005532027,531.6464233398438,529.5965576171875,-2.0498507022857666,0.10710776627063745
30,31,61,-1.5219337850809098,525.3122780233622,525.2288818359375,523.7903442382812,-1.4385335445404053,-0.08340024054050454
31,30,61,-1.188774703145027,515.2518240195512,515.2322998046875,514.0630493164062,-1.1692650318145752,-0.019509671330451894
23,39,62,3.9013258361816407,507.51209579467775,507.6408996582031,511.4134216308594,3.772507905960083,0.12881793022155774
24,38,62,3.0273732995986937,522.2380075597763,522.4979858398438,525.265380859375,2.7673792839050293,0.2599940156936644
25,37,62,1.9692714327573777,529.2571079617738,529.3870239257812,531.2263793945312,1.8393524885177612,0.12991894423961647
26,36,62,0.8693407344818115,538.8834668827056,538.958740234375,539.7528076171875,0.794058620929718,0.07528211355209347
27,35,62,-0.4420112709701061,540.8659004311263,540.7227783203125,540.4238891601562,-0.29886165261268616,-0.14314961835741996
28,34,62,-1.4892913258075715,545.1205779469013,545.262451171875,543.6312866210938,-1.6311824321746826,0.1418911063671111
29,33,62,-1.5451217651367188,540.5515914916992,540.5211791992188,539.0064697265625,-1.514709711074829,-0.030412054061889737
30,32,62,-1.2110698330402374,538.1117656338215,538.119384765625,536.9006958007812,-1.2186734676361084,0.0076036345958709894
31,31,62,-0.8608836260437965,527.8353709307313,528.156005859375,526.9744873046875,-1.1815263032913208,0.32064267724752427
23,40,63,3.967267496585846,512.258257405758,512.2391967773438,516.2255249023438,3.9863362312316895,-0.019068734645843577
24,39,63,3.1023238170146943,525.5627152454853,525.89501953125,528.6650390625,2.770051956176758,0.3322718608379365
25,38,63,2.3063534617424013,535.6685000538826,535.8214111328125,537.974853515625,2.1534531116485596,0.15290035009384173
26,37,63,1.3658282101154327,543.7369549930096,543.7876586914062,545.102783203125,1.3151649236679077,0.050663286447524936
27,36,63,0.01524389865109697,549.2212062966614,549.2212524414062,549.2364501953125,0.01522677019238472,1.712845871225041e-05
28,35,63,-1.0836243084073067,552.1391663005948,552.1002197265625,551.0555419921875,-1.0446516275405884,-0.038972680866718346
29,34,63,-1.2229491293430328,551.2339354574681,551.3848266601562,550.010986328125,-1.3738375902175903,0.15088846087455754
30,33,63,-0.8343521264195443,547.357423415482,547.236083984375,546.5230712890625,-0.7129818201065063,-0.12137030631303791
31,32,63,-0.514964602291584,540.8140979030728,540.787353515625,540.2991333007812,-0.48823803663253784,-0.026726565659046186
32,31,63,-0.18258979436010123,530.5352509271726,530.379150390625,530.3526611328125,-0.026481259614229202,-0.15610853474587202
24,40,64,3.185178955793381,531.2933366692066,531.427978515625,534.478515625,3.0505197048187256,0.13465925097465536
25,39,64,2.457247009277344,539.9171426391601,539.9946899414062,542.3743896484375,2.3796980381011963,0.07754897117614767
26,38,64,1.7412516820430755,551.1249592554569,551.19287109375,552.8662109375,1.6733506917953491,0.06790099024772633
27,37,64,0.42337137922644613,555.1748341871798,555.2333984375,555.5982055664062,0.3648029863834381,0.05856839284300802
28,36,64,-0.8293925672769547,561.722703114152,561.7576904296875,560.893310546875,-0.8643612265586853,0.03496865928173065
29,35,64,-0.8265556687116623,559.2823051804304,559.3007202148438,558.4557495117188,-0.8449792861938477,0.01842361748218535
30,34,64,-0.4915505562722683,559.051303974241,559.0979614257812,558.5597534179688,-0.5381938815116882,0.04664332523941994
31,33,64,-0.11958423967007548,551.0668498646701,551.1444091796875,550.947265625,-0.19716879725456238,0.0775845575844869
32,32,64,0.11656982065178453,545.7490307652857,545.8447265625,545.8656005859375,0.020844800397753716,0.09572502025403082
25,40,65,2.5405932676792147,545.8255566346645,546.0443725585938,548.3661499023438,2.3218119144439697,0.21878135323524495
26,39,65,1.9754457914829253,555.4751157319546,555.5125732421875,557.4505615234375,1.9380147457122803,0.037431045770645044
27,38,65,0.8360519522428512,562.7161331063509,562.697509765625,563.5521850585938,0.8546774983406067,-0.018625546097755463
28,37,65,-0.6014881557226182,568.0520496791601,567.8557739257812,567.4505615234375,-0.4051786959171295,-0.19630945980548864
29,36,65,-0.587070568650961,569.0801735959947,569.2113037109375,568.4931030273438,-0.7181633114814758,0.13109274283051486
30,35,65,-0.05591222008690238,567.263431751337,567.0772705078125,567.20751953125,0.1302139014005661,-0.1861261214874685
31,34,65,0.24455932833254337,562.9450158669799,563.0404052734375,563.1895751953125,0.1491396427154541,0.09541968561708927
32,33,65,0.5029062029719352,556.2181631329655,556.0787963867188,556.7210693359375,0.642299473285675,-0.13939327031373983
33,32,65,0.7052655753493309,545.8133501473069,545.7553100585938,546.5186157226562,0.7633070945739746,-0.058041519224643734
25,41,66,2.6706802713871003,549.3962752950191,549.898681640625,552.0669555664062,2.168271064758301,0.5024092066287995
26,40,66,2.0777653819322586,562.3511286610365,562.433837890625,564.4288940429688,1.9950474500656128,0.08271793186664578
27,39,66,1.2141341918706894,567.9065933471918,567.9921875,569.1207275390625,1.1285828351974487,0.08555135667324065
28,38,66,-0.5190759374201298,576.9212365819513,576.8075561523438,576.4021606445312,-0.40542373061180115,-0.11365220680832866
29,37,66,-0.2990135876834393,576.3431420056522,576.2772216796875,576.0441284179688,-0.2330789864063263,-0.06593460127711298
30,36,66,0.21544545859098435,578.035042822659,578.1358032226562,578.25048828125,0.11470624059438705,0.1007392179965973
31,35,66,0.606836012005806,572.2306884020567,572.177978515625,572.8375244140625,0.6595674753189087,-0.052731463313102744
32,34,66,0.7667954674363137,569.2072035560012,569.2789306640625,569.9739990234375,0.6950567364692688,0.07173873096704486
33,33,66,1.116177766919136,558.3849819010496,558.9146118164062,559.5011596679688,0.5865198373794556,0.5296579295396804
26,41,67,2.144610388278961,566.1588564085961,566.1456909179688,568.303466796875,2.15773606300354,-0.013125674724578928
27,40,67,1.4819458717107772,574.7969237571955,574.9767456054688,576.2788696289062,1.3021210432052612,0.17982482850551595
28,39,67,-0.38953234918415547,582.5453551030904,582.6152954101562,582.1558227539062,-0.4594525098800659,0.06992016069591045
29,38,67,-0.1906817358918488,585.3761065405794,585.4097900390625,585.1854248046875,-0.22437240183353424,0.03369066594168543
30,37,67,0.6092759145796299,585.3858412729204,585.1882934570312,585.9951171875,0.8068423867225647,-0.19756647214293477
31,36,67,0.8058082926273346,583.2714622151851,583.4047241210938,584.0772705078125,0.6725552678108215,0.13325302481651302
32,35,67,1.2162017595767975,578.6049041974544,578.4169311523438,579.8211059570312,1.4041739702224731,-0.1879722106456756
33,34,67,1.45192857503891,571.5029054093361,571.548095703125,572.954833984375,1.4067460298538208,0.04518254518508913
34,33,67,1.7774285519123076,560.7602911746502,560.7587890625,562.5377197265625,1.7788912057876587,-0.0014626538753510498
27,41,68,1.6507412964105606,579.4604647582769,579.3688354492188,581.1112060546875,1.7423548698425293,-0.09161357343196874
28,40,68,-0.2313354772888124,590.5163696569763,590.40771484375,590.2850341796875,-0.12271285057067871,-0.10862262671813369
29,39,68,0.11812469200231135,591.7890408353414,591.7286376953125,591.9071655273438,0.17854523658752441,-0.060420544585213065
30,38,68,0.7601176491379737,595.3562153586745,595.3863525390625,596.1163330078125,0.7299835085868835,0.030134140551090205
31,37,68,1.0883082017302512,591.7090550795198,591.6829223632812,592.79736328125,1.1144380569458008,-0.026129855215549558
32,36,68,1.3781556475162506,590.6686583173275,590.7933349609375,592.0468139648438,1.2535115480422974,0.12464409947395327
33,35,68,1.9581359428167344,581.8239685493708,581.9266967773438,583.7821044921875,1.8553842306137085,0.10275171220302592
34,34,68,1.8982288080453873,576.1782482427359,576.4392700195312,578.0764770507812,1.6371697187423706,0.2610590893030167
27,42,69,1.5078142023086547,586.0221540594101,586.1830444335938,587.5299682617188,1.3469363451004028,0.16087785720825187
28,41,69,0.2514414496347308,595.0409169488028,594.993896484375,595.2923583984375,0.2984938621520996,-0.0470524125173688
29,40,69,0.33506873533129694,599.8812398584187,599.9691162109375,600.21630859375,0.24719487130641937,0.08787386402487757
30,39,69,1.140354673266411,601.8819841939211,601.8684692382812,603.0223388671875,1.1538665294647217,-0.013511856198310745
31,38,69,1.1964455246925354,601.9099997878075,601.9960327148438,603.1064453125,1.1104223728179932,0.08602315187454224
32,37,69,1.8724617785215378,599.0852408581973,598.9865112304688,600.9577026367188,1.9711644649505615,-0.09870268642902369
33,36,69,2.209701557159424,593.9911041069031,594.2156982421875,596.2008056640625,1.9851487874984741,0.22455276966094972
34,35,69,2.3508231818675993,586.747443419695,586.755859375,589.0982666015625,2.3424060344696045,0.008417147397994817
35,34,69,2.5990425515174866,575.8311942648887,575.7982788085938,578.4302368164062,2.6319422721862793,-0.032899720668792654
27,43,70,1.3135184144973755,590.3640938901901,590.3938598632812,591.6776123046875,1.2837547063827515,0.029763708114624032
28,42,70,0.4067647707462311,602.2499735105038,602.3004150390625,602.65673828125,0.3563458323478699,0.0504189383983612
29,41,70,0.8270211696624756,605.3399099826813,605.2805786132812,606.1669311523438,0.8863359093666077,-0.059314739704132036
30,40,70,1.178905394077301,611.1077156996727,611.0866088867188,612.28662109375,1.2000292539596558,-0.021123859882354656
31,39,70,1.5488449764251708,609.4150222110749,609.649658203125,610.9638671875,1.314241647720337,0.2346033287048339
32,38,70,1.9045975661277772,610.3242842698097,610.5192260742188,612.2288818359375,1.7096731662750244,0.19492439985275278
33,37,70,2.7294473350048065,603.3394003212452,603.5087890625,606.06884765625,2.5600502490997314,0.16939708590507507
34,36,70,2.4768105328083037,600.006648939848,600.3223876953125,602.4834594726562,2.1611125469207764,0.3156979858875273
35,35,70,2.871026756763458,588.6109068369865,589.0357666015625,591.48193359375,2.4461586475372314,0.42486810922622675
27,44,71,0.9953038582205772,596.4127771964669,596.3101196289062,597.4080810546875,1.0979641675949097,-0.10266030937433246
28,43,71,0.41283559806644915,606.5567078589648,606.5640869140625,606.9695434570312,0.40545904636383057,0.007376551702618583
29,42,71,0.7412560456991195,612.9604651457071,613.086669921875,613.7017211914062,0.6150368452072144,0.12621920049190516
30,41,71,1.4245936411619187,616.9876378041506,616.9219360351562,618.4122314453125,1.490289330482483,-0.06569568932056424
31,40,71,1.6309488451480865,618.776277717352,618.949951171875,620.4072265625,1.4572421312332153,0.17370671391487114
32,39,71,2.3879732346534728,617.880703523159,617.9351196289062,620.2686767578125,2.333538770675659,0.054434463977813596
33,38,71,2.797765169143677,614.7273202800751,615.139404296875,617.5250854492188,2.3857104778289795,0.4120546913146974
34,37,71,2.9555840826034547,609.5830511713028,609.6102905273438,612.5386352539062,2.9283621311187744,0.027221951484680318
35,36,71,2.9806647551059724,602.0751213777065,602.183837890625,605.0557861328125,2.8718998432159424,0.10876491189003001
36,35,71,2.9931358599662783,591.1841102337837,591.226318359375,594.17724609375,2.950950860977173,0.04218499898910544
28,44,72,0.1845844230055809,613.4366313973069,613.4552612304688,613.6212158203125,0.1659773886203766,0.018607034385204307
29,43,72,0.6086226522922515,618.325276273489,618.2298583984375,618.9338989257812,0.7040665745735168,-0.0954439222812653
30,42,72,1.1036225497722625,625.7746733486653,625.8099975585938,626.8782958984375,1.0683258771896362,0.035296672582626254
31,41,72,1.9514505767822266,625.5096700286865,625.470458984375,627.4611206054688,1.9907140731811523,-0.03926349639892579
32,40,72,2.176724920272827,628.4742150211334,628.6857299804688,630.6509399414062,1.965258240699768,0.21146667957305887
33,39,72,3.137052261829376,623.3626425623894,623.5472412109375,626.4996948242188,2.952463388442993,0.18458887338638297
34,38,72,2.902144641876221,622.0370643424988,622.4033203125,624.939208984375,2.5358994007110596,0.36624524116516133
35,37,72,3.3123716831207277,612.7374940395355,612.8145141601562,616.0498657226562,3.235340118408203,0.07703156471252459
36,36,72,2.9960131108760835,606.7469678461551,606.9110107421875,609.7429809570312,2.832010269165039,0.1640028417110444
28,45,73,-0.16133906243368984,617.447777050715,617.40869140625,617.2864379882812,-0.12225200980901718,-0.03908705262467266
29,44,73,0.22370388776063918,625.5229391786456,625.505615234375,625.7466430664062,0.24102690815925598,-0.0173230203986168
30,43,73,0.892252456843853,631.3842368009687,631.3292236328125,632.2764892578125,0.9472474455833435,-0.05499498873949049
31,42,73,1.6202824771404267,634.4771906673908,634.65283203125,636.0974731445312,1.444645881652832,0.1756365954875947
32,41,73,2.4307939171791078,635.4481123328209,635.4686279296875,637.87890625,2.4102282524108887,0.020565664768219083
33,40,73,2.9537333142757416,634.1054097521305,634.341552734375,637.0591430664062,2.7175941467285156,0.23613916754722597
34,39,73,3.22249583363533,630.8710100257397,630.8338012695312,634.093505859375,3.259671449661255,-0.037175616025924896
35,38,73,3.284426338672638,625.3475927042961,625.4698486328125,628.6320190429688,3.162153959274292,0.12227237939834579
36,37,73,3.2184405851364137,617.7016643953324,617.593505859375,620.9201049804688,3.326629638671875,-0.10818905353546127
37,36,73,3.143937520980835,606.6514726352692,606.27099609375,609.79541015625,3.5244312286376953,-0.3804937076568602
29,45,74,-0.20681237168610095,630.5151009459048,630.595703125,630.3082885742188,-0.28738850355148315,0.0805761318653822
30,44,74,0.46414339303970337,639.5332931303979,639.5638427734375,639.9974365234375,0.43361803889274597,0.030525354146957395
31,43,74,1.41312318444252,640.9884271085263,641.0744018554688,642.4015502929688,1.3271368741989136,0.08598631024360648
32,42,74,1.911989884376526,645.5197728109359,645.6648559570312,647.4317626953125,1.766900897026062,0.14508898735046394
33,41,74,3.1341893005371095,642.0659449768067,642.3201293945312,645.2001342773438,2.8800127506256104,0.2541765499114992
34,40,74,2.9232861053943635,642.6522754180431,642.8909301757812,645.5755615234375,2.684607982635498,0.23867812275886546
35,39,74,3.501057914495468,635.2033488237857,635.1835327148438,638.7044067382812,3.52083683013916,-0.019778915643692052
36,38,74,3.1247767531871795,631.303995219469,631.4448852539062,634.4287719726562,2.9838979244232178,0.14087882876396174
37,37,74,3.291771957874298,619.622595717907,620.2467041015625,622.9143676757812,2.6676411628723145,0.6241307950019834
29,46,75,-0.7035044705867768,637.1499766385555,637.1309814453125,636.4464721679688,-0.6845245361328125,-0.018979934453964287
30,45,75,0.040843500538612715,644.6754040580552,644.4373779296875,644.7162475585938,0.2788756191730499,-0.2380321186344372
31,44,75,0.8788856530189514,649.405294034481,649.5567626953125,650.2841796875,0.72746741771698,0.1514182353019714
32,43,75,1.7760636860132217,652.1254866069555,652.1707153320312,653.9015502929688,1.7308475971221924,0.04521608889102935
33,42,75,2.650778819322586,652.2714623916149,652.5656127929688,654.9222412109375,2.3566317558288574,0.29414706349372866
34,41,75,3.155947504043579,650.7327854061127,650.9185180664062,653.8887329101562,2.9701735973358154,0.18577390670776373
35,40,75,3.339453217983246,647.0215086960793,647.07373046875,650.3609619140625,3.287245035171509,0.052208182811737114
36,39,75,3.288207137584686,641.3893441319466,641.5079956054688,644.6775512695312,3.169534683227539,0.11867245435714713
37,38,75,3.179306070804596,633.4214019370079,633.6207275390625,636.6007080078125,2.979992151260376,0.19931391954421995
38,37,75,3.0871199059486387,622.1822892737389,622.2383422851562,625.2694091796875,3.031048059463501,0.056071846485137744
29,47,76,-1.2129887187480926,641.5941532695293,641.7137451171875,640.3811645507812,-1.3325867652893066,0.11959804654121409
30,46,76,-0.5084564301371575,652.2489959809184,652.2528076171875,651.7405395507812,-0.5122409462928772,0.0037845161557197304
31,45,76,0.4411925682425499,655.4460754981637,655.4640502929688,655.8872680664062,0.4232199192047119,0.017972649037837962
32,44,76,1.1547196024656297,661.5244796162843,661.5979614257812,662.67919921875,1.0812290906906128,0.07349051177501686
33,43,76,2.5543212950229646,659.7297973573208,659.8941040039062,662.2841186523438,2.3900249004364014,0.1642963945865632
34,42,76,2.6430550014972685,661.869457205534,662.0723266601562,664.5125122070312,2.440166473388672,0.2028885281085966
35,41,76,3.5077852487564085,656.0641752004624,656.3270874023438,659.5719604492188,3.244826316833496,0.2629589319229124
36,40,76,3.096279011964798,654.1441995036602,654.2694091796875,657.240478515625,2.9710798263549805,0.12519918560981758
37,39,76,3.2934659337997436,644.4573885583877,644.9524536132812,647.7508544921875,2.7984280586242676,0.49503787517547604
38,38,76,2.951155598163605,637.9119425463676,637.9386596679688,640.8630981445312,2.9244496822357178,0.02670591592788707
29,48,77,-1.6872773724794388,647.575338895917,647.666259765625,645.8880615234375,-1.7781914472579956,0.09091407477855684
30,47,77,-1.0246353855729102,656.8483658543229,656.810302734375,655.82373046875,-0.9865761399269104,-0.03805924564599983
31,46,77,-0.1756337370350957,663.2405141081289,663.2310791015625,663.0648803710938,-0.16620555520057678,-0.009428181834518906
32,45,77,0.7583583554625511,667.681460980475,667.6692504882812,668.4398193359375,0.770577609539032,-0.012219254076480834
33,44,77,1.7824048292636872,669.4406786668301,669.5903930664062,671.2230834960938,1.63271164894104,0.1496931803226471
34,43,77,2.7067619824409483,669.3322394824028,669.4912109375,672.0390014648438,2.547792911529541,0.15896907091140733
35,42,77,3.2085855209827425,667.1545126235485,667.3441772460938,670.3630981445312,3.018909215927124,0.1896763050556185
36,41,77,3.2521273159980773,663.3689053988456,663.4964599609375,666.6210327148438,3.124582052230835,0.1275452637672423
37,40,77,3.1565215337276458,657.3286469233036,657.3751220703125,660.4851684570312,3.1099917888641357,0.046529744863510025
38,39,77,3.0280719423294067,649.1577801084518,649.5657348632812,652.1858520507812,2.6200740337371826,0.40799790859222407
29,49,78,-2.420065779685974,651.6555394124985,651.6642456054688,649.2354736328125,-2.428753137588501,0.008687357902526838
30,48,78,-1.4770078229904176,663.672442393303,663.5756225585938,662.1954345703125,-1.3802088499069214,-0.09679897308349616
31,47,78,-0.7648086908459664,668.7763443353772,669.01416015625,668.0115356445312,-1.00262451171875,0.23781582087278363
32,46,78,0.15383373260498046,676.3376823806763,676.3897705078125,676.4915161132812,0.1017303615808487,0.05210337102413176
33,45,78,1.3100086057186127,676.5454601442814,676.5623168945312,677.85546875,1.293148159980774,0.016860445737838736
34,44,78,1.9556448352336884,679.9036691296101,679.9889526367188,681.8593139648438,1.870348334312439,0.08529650092124941
35,43,78,3.249084656238556,675.5185545039177,675.6328125,678.7676391601562,3.134798049926758,0.11428660631179799
36,42,78,2.9260099375247957,675.3728792226315,675.5765991210938,678.2988891601562,2.7222843170166016,0.2037256205081941
37,41,78,3.3039336264133454,667.4442353188991,667.5513916015625,670.7481689453125,3.1967618465423584,0.10717177987098703
38,40,78,2.8748245179653167,662.9354171812535,663.007568359375,665.8102416992188,2.802649736404419,0.07217478156089774
29,50,79,-3.030007313489914,657.1805810439587,657.3541259765625,654.1505737304688,-3.2035093307495117,0.1735020172595978
30,49,79,-2.055063308477402,667.7380467069149,667.5960083007812,665.6829833984375,-1.913038730621338,-0.14202457785606404
31,48,79,-1.2697541862726212,675.7980744987726,675.9297485351562,674.5283203125,-1.401391625404358,0.13163743913173676
32,47,79,-0.48708597004413606,682.0747934895754,682.126220703125,681.5877075195312,-0.5384928584098816,0.05140688836574553
33,46,79,0.6180951134860515,685.4426348669826,685.4527587890625,686.0607299804688,0.6079726815223694,0.010122431963682121
34,45,79,1.6390267616510392,687.0098379844427,686.9517822265625,688.6488647460938,1.697044014930725,-0.058017253279685876
35,44,79,2.659636048078537,686.088532897234,686.320068359375,688.7481689453125,2.4281065464019775,0.2315295016765595
36,43,79,3.053018181324005,683.8132537913323,683.9119262695312,686.8662719726562,2.9543159008026123,0.09870228052139263
37,42,79,3.1285803377628327,679.4623620450496,679.4900512695312,682.5909423828125,3.100860118865967,0.027720218896865934
38,41,79,2.9984281563758852,673.2413789725304,673.3845825195312,676.2398071289062,2.855193853378296,0.14323430299758932
39,40,79,2.890153958797455,664.6991404747963,664.925537109375,667.5892944335938,2.663769245147705,0.22638471364974988
30,50,80,-2.59665983915329,674.0390426516533,673.8836669921875,671.4423828125,-2.4412567615509033,-0.15540307760238647
31,49,80,-1.7782800263166427,680.6375329560042,680.6763305664062,678.8592529296875,-1.8171029090881348,0.03882288277149204
32,48,80,-1.0748679971694945,690.0333030557632,690.2056274414062,688.9584350585938,-1.2472223043441772,0.1723543071746827
33,47,80,-0.0844908616959583,692.0935240648209,692.1026000976562,692.009033203125,-0.09357920289039612,0.009088341194437813
34,46,80,0.8744362023472786,696.8413230749965,696.8651123046875,697.7157592773438,0.8506276607513428,0.023808541595935817
35,45,80,2.3051725482940673,694.0914338970184,694.2123413085938,696.3966064453125,2.184278964996338,0.12089358329772937
36,44,80,2.4606242978572848,695.253792206049,695.4343872070312,697.7144165039062,2.2799811363220215,0.18064316153526327
37,43,80,3.2378288662433623,688.7843879306316,688.93408203125,692.022216796875,3.0881571769714355,0.14967168927192676
38,42,80,2.8084021472930907,686.1458825206756,686.2877197265625,688.9542846679688,2.666581869125366,0.14182027816772447
39,41,80,3.0024423348903655,675.8836050283909,676.3421020507812,678.8860473632812,2.543957233428955,0.4584851014614104
30,51,81,-2.1816077387332915,676.5525183832646,676.5060424804688,674.3709106445312,-2.1350982189178467,-0.04650951981544482
31,50,81,-2.31161651134491,687.0674758863449,687.1519775390625,684.755859375,-2.396132707595825,0.08451619625091533
32,49,81,-1.5593656092882155,694.9905179530382,695.0333251953125,693.43115234375,-1.6021915674209595,0.042825958132743924
33,48,81,-0.8433543208241463,700.3691111567616,700.4926147460938,699.5257568359375,-0.9668699502944946,0.12351562947034833
34,47,81,0.2952093529701233,703.5186334204674,703.5659790039062,703.8138427734375,0.24784837663173676,0.04736097633838654
35,46,81,1.4309946191310883,704.1856435644627,704.3716430664062,705.6166381835938,1.2449816465377808,0.1860129725933075
36,45,81,2.325160907506943,703.1936989557743,703.3084716796875,705.5188598632812,2.2103652954101562,0.11479561209678657
37,44,81,2.8469943761825562,700.1818142175674,700.28662109375,703.02880859375,2.7421956062316895,0.10479876995086679
38,43,81,2.928716162443161,695.6173653805256,695.5757446289062,698.5460815429688,2.970341682434082,-0.041625519990921234
39,42,81,2.8551301550865174,688.9073820519448,688.9781494140625,691.7625122070312,2.784379720687866,0.07075043439865114
40,41,81,2.722114440202713,680.1732713019848,680.00732421875,682.8953857421875,2.8880650997161865,-0.16595065951347365
30,52,82,-1.1935878902673722,680.7485195308924,680.691650390625,679.554931640625,-1.1367026567459106,-0.056885233521461576
31,51,82,-1.93651720225811,690.4448790186643,690.5260620117188,688.5083618164062,-2.0176851749420166,0.08116797268390652
32,50,82,-2.1334704303741456,702.2956408405304,702.22802734375,700.1621704101562,-2.065868616104126,-0.06760181427001966
33,49,82,-1.3469706231355667,706.1785135918856,706.1360473632812,704.83154296875,-1.3045403957366943,-0.04243022739887237
34,48,82,-0.6116426776349545,712.7847994159162,712.8421630859375,712.1731567382812,-0.6689969897270203,0.05735431209206576
35,47,82,0.7552901747822761,711.7997635361552,711.964599609375,712.5550537109375,0.590440571308136,0.16484960347414013
36,46,82,1.3894102370738983,714.1985414230824,714.275390625,715.5879516601562,1.3125519752502441,0.07685826182365418
37,45,82,2.686551114320755,708.9926481044292,709.0890502929688,711.67919921875,2.590146064758301,0.09640504956245444
38,44,82,2.452049014568329,707.9543840909005,708.1289672851562,710.4064331054688,2.277482271194458,0.1745667433738709
39,43,82,2.9794533932209015,699.2246481692791,699.400634765625,702.2041015625,2.8034472465515137,0.17600614666938785
40,42,82,2.5482268750667574,694.0804962694644,694.1682739257812,696.6287231445312,2.460437059402466,0.08778981566429156
31,52,83,-1.107498242855072,694.9293366217613,694.9237670898438,693.8218383789062,-1.1019521951675415,-0.00554604768753042
32,51,83,-1.7319905841350556,705.7809407794475,705.8607177734375,704.0489501953125,-1.8117833137512207,0.07979272961616513
33,50,83,-2.0682783776521685,713.7694502526522,713.7713012695312,711.701171875,-2.0701379776000977,0.0018595999479291692
34,49,83,-1.1337928849458694,718.7553138810396,718.66015625,717.6215209960938,-1.03863525390625,-0.09515763103961938
35,48,83,-0.320208219140768,721.3807550941408,721.5509643554688,721.060546875,-0.4904495179653168,0.17024129882454875
36,47,83,0.9307866555452347,721.744811488986,721.7455444335938,722.6755981445312,0.9300416707992554,0.0007449847459792824
37,46,83,1.849791551232338,720.0504770034552,720.043212890625,721.9002685546875,1.8570648431777954,-0.00727329194545745
38,45,83,2.3909338319301607,716.8201257383823,716.9878540039062,719.2110595703125,2.2232556343078613,0.1676781976222994
39,44,83,2.6337715566158293,711.586870533228,711.613525390625,714.2206420898438,2.6070942878723145,0.026677268743514837
40,43,83,2.674714761972427,704.5531905114651,704.5371704101562,707.2279052734375,2.6907143592834473,-0.015999597311020075
41,42,83,2.4832220578193667,695.5386285281181,695.4560546875,698.0218505859375,2.5657575130462646,-0.08253545522689798
31,53,84,-0.6887195512652398,697.718931953609,697.8320922851562,697.0302124023438,-0.8018700480461121,0.1131504967808723
32,52,84,-0.917081494629383,711.0951820805669,711.1040649414062,710.1781005859375,-0.9259644746780396,0.008882980048656508
33,51,84,-1.6702592366933822,718.0727860921621,718.02685546875,716.4025268554688,-1.624279499053955,-0.04597973763942709
34,50,84,-2.0441343355178834,727.3594419527054,727.3386840820312,725.3153076171875,-2.0233466625213623,-0.020787672996521067
35,49,84,-1.004608552157879,728.3357853099703,728.3916625976562,727.3311767578125,-1.0604914426803589,0.05588289052247997
36,48,84,-0.17923078950494528,732.1913157504424,732.2655639648438,732.0120849609375,-0.2534695565700531,0.07423876706510782
37,47,84,1.1765816658735275,728.6397635489702,728.8028564453125,729.8163452148438,1.0134761333465576,0.1631055325269699
38,46,84,1.4829112166166305,728.7855824357271,728.9111328125,730.2684936523438,1.357365369796753,0.12554584681987757
39,45,84,2.5000949335098266,721.3580593633652,721.3735961914062,723.858154296875,2.484534978866577,0.01555995464324944
40,44,84,2.1966864037513734,717.8877252173423,718.1185302734375,720.0844116210938,1.9658905267715454,0.23079587697982795
41,43,84,2.6246144449710846,706.832172664404,707.1083374023438,709.456787109375,2.3484408855438232,0.2761735594272614
31,54,85,0.26560889996588233,701.5290688344091,701.5533447265625,701.794677734375,0.24132558703422546,0.024283312931656864
32,53,85,-0.493234001994133,714.0066007012128,714.1503295898438,713.5133666992188,-0.6369786858558655,0.1437446838617325
33,52,85,-0.9268340501189232,723.5899199876189,723.4337158203125,722.6630859375,-0.7706518769264221,-0.15618217319250105
34,51,85,-1.6129311060905456,731.765152785778,731.8758544921875,730.1522216796875,-1.7236526012420654,0.11072149515151986
35,50,85,-2.1180933064222334,737.2822778767347,737.25537109375,735.1641845703125,-2.0911567211151123,-0.026936585307121064
36,49,85,-0.9691644915938378,739.3945184955,739.3778686523438,738.4253540039062,-0.9525384902954102,-0.016626001298427617
37,48,85,0.009967061642091721,739.2884338172641,739.2825317382812,739.2984008789062,0.01583698019385338,-0.005869918551761657
38,47,85,1.0526575699448586,737.2799840316177,737.4361572265625,738.3326416015625,0.8964889645576477,0.1561686053872109
39,46,85,1.7649896681308745,733.3008062303066,733.3926391601562,735.0657958984375,1.6731822490692139,0.09180741906166068
40,45,85,2.101347279548645,727.7726761579513,727.943359375,729.8740234375,1.9306460618972778,0.17070121765136737
41,44,85,2.2717354106903076,720.1950004291534,720.2655029296875,722.4667358398438,2.20125412940979,0.07048128128051756
42,43,85,2.24781986951828,710.8014965367317,710.7131958007812,713.04931640625,2.336107015609741,-0.08828714609146138
32,54,86,0.443105099350214,718.6322733186186,718.4981689453125,719.0753784179688,0.5772151350975037,-0.13411003574728964
33,53,86,-0.511659770309925,727.3068868210912,727.278076171875,726.7952270507812,-0.48279643058776855,-0.02886333972215649
34,52,86,-0.8276825231313706,738.0467987340688,738.0367431640625,737.2191162109375,-0.8176358342170715,-0.010046688914299051
35,51,86,-1.681164944767952,742.4871952182054,742.3834838867188,740.8060302734375,-1.5774550437927246,-0.10370990097522736
36,50,86,-2.3142909955978395,749.3862514448166,749.2345581054688,747.0719604492188,-2.1625821590423584,-0.15170883655548106
37,49,86,-1.1645364773273468,747.6874856960774,747.9335327148438,746.52294921875,-1.4105448722839355,0.24600839495658877
38,48,86,-0.13483937237411736,748.7688115403429,748.92724609375,748.6339721679688,-0.2932796776294708,0.15844030525535346
39,47,86,1.1447433757781982,742.8015456867219,742.9049072265625,743.9462890625,1.0413932800292969,0.1033500957489013
40,46,86,1.2217899978160858,740.6834224045276,740.8084716796875,741.9052124023438,1.0966919660568237,0.12509803175926204
41,45,86,2.0615837007761,731.0145271390677,731.191162109375,733.0761108398438,1.8849546909332275,0.17662900984287244
42,44,86,1.7231051683425904,725.1624539136886,725.3856811523438,726.8855590820312,1.4998555183410645,0.22324965000152597
33,54,87,0.3748803997039795,732.1067480182647,732.005126953125,732.4816284179688,0.4765104651451111,-0.10163006544113157
34,53,87,-0.39757371574640277,741.8774321141839,742.031005859375,741.4798583984375,-0.5511201620101929,0.1535464462637901
35,52,87,-0.8949336877465248,748.9003047814965,748.7142333984375,748.00537109375,-0.708834707736969,-0.18609898000955583
36,51,87,-1.8434166717529297,754.6932091522217,754.7496948242188,752.8497924804688,-1.899931788444519,0.05651511669158937
37,50,87,-2.6228446793556213,757.9316215348243,757.8556518554688,755.3087768554688,-2.546870231628418,-0.0759744477272033
38,49,87,-1.2573087096214295,757.2578580260276,757.3555297851562,756.0005493164062,-1.3550058603286743,0.09769715070724483
39,48,87,-0.06299009303562343,754.4550189016294,754.7115478515625,754.3920288085938,-0.31946974992752075,0.25647965689189733
40,47,87,0.831912559568882,750.1002163466811,750.2579345703125,750.93212890625,0.6741856336593628,0.1577269259095192
41,46,87,1.3241434824466705,743.9313496816159,744.0029296875,745.2554931640625,1.2525254487991333,0.07161803364753716
42,45,87,1.5245858734846116,736.1198233062029,736.2308959960938,737.6444091796875,1.413489580154419,0.11109629333019266
43,44,87,1.6027478504180908,726.296422071457,726.2537841796875,727.899169921875,1.6453638076782227,-0.0426159572601319
34,54,88,0.44715123385190964,747.5082320669294,747.5604248046875,747.9553833007812,0.3949772119522095,0.05217402189970016
35,53,88,-0.47990356653928756,753.534041750133,753.6098022460938,753.0541381835938,-0.5556623339653015,0.07575876742601395
36,52,88,-0.9553667938709259,761.8011309540271,761.8027954101562,760.8457641601562,-0.9570045471191406,0.0016377532482146906
37,51,88,-2.1454893916845323,764.0268980830908,763.9381713867188,761.8814086914062,-2.056753158569336,-0.0887362331151964
38,50,88,-2.9770038294792176,768.5661151576043,768.4684448242188,765.589111328125,-2.879319190979004,-0.0976846385002137
39,49,88,-1.3462862038612367,763.9051240944863,764.0634765625,762.558837890625,-1.5046323537826538,0.15834614992141716
40,48,88,-0.34462314918637277,762.5299869187177,762.6109619140625,762.1853637695312,-0.42563652992248535,0.08101338073611258
41,47,88,0.772346809208393,754.3142620775103,754.371337890625,755.0866088867188,0.715318500995636,0.05702830821275706
42,46,88,0.6422309538722039,749.9922905305028,750.1039428710938,750.634521484375,0.5305277109146118,0.11170324295759204
43,45,88,1.2149928706884383,738.2498508793116,738.3053588867188,739.46484375,1.1594517230987549,0.055541147589683426
34,55,89,1.1155478885769845,750.5569984981418,750.7399291992188,751.6725463867188,0.9326566457748413,0.1828912428021432
35,54,89,0.34039019644260404,759.3151884168386,759.2394409179688,759.6555786132812,0.41612881422042847,-0.07573861777782442
36,53,89,-0.520904190838337,766.5450741127133,766.7186279296875,766.024169921875,-0.6944547891616821,0.17355059832334518
37,52,89,-1.2156387215852738,771.2259536629915,771.1128540039062,770.0103149414062,-1.1025402545928955,-0.11309846699237824
38,51,89,-2.455588936805725,774.753257393837,774.8271484375,772.2976684570312,-2.5295066833496094,0.07391774654388428
39,50,89,-3.104533463716507,775.3904831707478,775.5469970703125,772.2859497070312,-3.261042833328247,0.1565093696117401
40,49,89,-1.342254610657692,771.835235567689,771.931396484375,770.4929809570312,-1.4384385347366333,0.09618392407894127
41,48,89,-0.359557703062892,766.8421626835317,766.8968505859375,766.4826049804688,-0.4142245948314667,0.0546668917685747
42,47,89,0.23986877322196962,760.3701776134968,760.503662109375,760.6100463867188,0.10635171085596085,0.13351706236600877
43,46,89,0.4779484260082245,752.1225764763356,752.1012573242188,752.6005249023438,0.49928927421569824,-0.021340848207473728
44,45,89,0.49483689934015274,742.1539057764411,742.29345703125,742.6487426757812,0.3552761971950531,0.13956070214509964
34,56,90,1.9541735422611237,755.6353039968013,755.6190185546875,757.5894775390625,1.9704444408416748,-0.016270898580551085
35,55,90,1.0237024506926538,763.1207067289948,763.0368041992188,764.1444091796875,1.1076055765151978,-0.083903125822544
36,54,90,0.23672268323600293,773.1691000706702,773.21337890625,773.4058227539062,0.19241410493850708,0.04430857829749585
37,53,90,-0.7758973079919815,776.7433655697107,776.8373413085938,775.9674682617188,-0.8699104189872742,0.09401311099529264
38,52,90,-1.3970244812965393,782.610281317234,782.640380859375,781.2132568359375,-1.4271233081817627,0.030098826885223362
39,51,90,-2.528763483762741,782.3077551829815,782.4039916992188,779.7789916992188,-2.6249866485595703,0.09622316479682924
40,50,90,-3.1191900467872617,784.1310308670998,783.8972778320312,781.0118408203125,-2.885422706604004,-0.23376734018325784
41,49,90,-1.3970637822151184,776.9762874150276,777.00390625,775.5792236328125,-1.4246973991394043,0.027633616924285898
42,48,90,-0.8125658103823662,773.6142015525699,773.7325439453125,772.8016357421875,-0.9309461712837219,0.11838036090135573
43,47,90,-0.0847485944069922,763.4529736920632,763.5023803710938,763.3682250976562,-0.13420532643795013,0.049456732030957934
44,46,90,-0.24092332266271113,756.8234428539128,756.879150390625,756.58251953125,-0.2966407239437103,0.055717401280999196
34,57,91,2.7167510533332826,758.0764008021355,758.4702758789062,760.7931518554688,2.322859764099121,0.3938912892341615
35,56,91,1.8549506610631943,768.3258965069056,768.215087890625,770.1808471679688,1.965721607208252,-0.11077094614505767
36,55,91,0.8645113784074784,777.1534329575301,777.2994384765625,778.0179443359375,0.7185047268867493,0.1460066515207291
37,54,91,-0.08867734325118364,783.5645684565325,783.2881469726562,783.4758911132812,0.187714621424675,-0.27639196467585864
38,53,91,-0.8993945035338402,788.1996874722838,788.4127197265625,787.30029296875,-1.112414836883545,0.21302033334970472
39,52,91,-1.4811511451005936,790.3085437232256,790.3297119140625,788.827392578125,-1.5023690462112427,0.02121790111064903
40,51,91,-2.439488115310669,791.0796248340607,791.0916748046875,788.64013671875,-2.4514920711517334,0.012003955841064506
41,50,91,-2.9933859026432037,789.228920570612,789.0517578125,786.2355346679688,-2.816218852996826,-0.17716704964637753
42,49,91,-1.6751775604486465,783.7126531463862,783.8402099609375,782.0374755859375,-1.802734136581421,0.12755657613277438
43,48,91,-1.099844478368759,776.8004060018062,776.835693359375,775.7005615234375,-1.1351394653320312,0.03529498696327216
44,47,91,-0.7913611528277397,768.2834876176715,768.3065185546875,767.4921264648438,-0.8143905401229858,0.023029387295246173
35,57,92,2.6489823377132415,771.4912764513492,771.4119262695312,774.1402587890625,2.7283434867858887,-0.07936114907264713
36,56,92,1.6663180512189866,783.1524075347185,783.1660766601562,784.8187255859375,1.6526142358779907,0.01370381534099585
37,55,92,0.4625642392039299,788.3886320498585,788.3868408203125,788.8511962890625,0.4642983376979828,-0.0017340984940528714
38,54,92,-0.26860485509037973,795.8484388394654,795.699462890625,795.579833984375,-0.11963775753974915,-0.1489670975506306
39,53,92,-0.9770072120428085,796.6606619971991,796.8662109375,795.6836547851562,-1.1825413703918457,0.2055341583490372
40,52,92,-1.3337628066539764,799.798850697279,799.7263793945312,798.465087890625,-1.261313796043396,-0.0724490106105804
41,51,92,-2.2574211251735687,796.8953605782986,796.9383544921875,794.637939453125,-2.300356864929199,0.042935739755630475
42,50,92,-3.122311419248581,796.5968597590924,796.5112915039062,793.4745483398438,-3.036705493927002,-0.08560592532157907
43,49,92,-2.04118048787117,787.7552918159962,787.8460693359375,785.714111328125,-2.1319198608398438,0.09073937296867385
44,48,92,-1.736431255340576,782.3446465873718,782.439208984375,780.6082153320312,-1.8309762477874756,0.09454499244689951
45,47,92,-1.2829023760557174,770.1951338213682,770.354736328125,768.9122314453125,-1.4425097703933716,0.15960739433765414
46,46,92,-1.4432608407735825,761.3093497079611,761.3524169921875,759.8660888671875,-1.4863038063049316,0.04304296553134912
35,58,93,3.771950179338455,775.8702617347241,776.1406860351562,779.6422119140625,3.5015487670898438,0.27040141224861136
36,57,93,2.4200759279727935,786.4752487790585,786.6040649414062,788.8953247070312,2.2912325859069824,0.12884334206581105
37,56,93,1.2704812628030777,794.5022238153219,794.3056640625,795.772705078125,1.467055082321167,-0.19657381951808928
38,55,93,0.15046487465500832,800.9286977230013,800.9892578125,801.0791625976562,0.08989554643630981,0.06056932821869851
39,54,93,-0.4146033211052418,804.5048132820427,804.3482055664062,804.0902099609375,-0.25800594687461853,-0.15659737423062325
40,53,93,-0.812323103249073,806.2633729079366,806.4607543945312,805.4510498046875,-1.0096466541290283,0.19732355087995535
41,52,93,-1.247816987633705,805.8427266556024,805.7692260742188,804.5949096679688,-1.1742714643478394,-0.07354552328586572
42,51,93,-2.3794952034950256,804.3906036019325,804.5810546875,802.0111083984375,-2.5699896812438965,0.19049447774887085
43,50,93,-3.3236491894721985,800.610697529316,800.5977783203125,797.2870483398438,-3.3107099533081055,-0.012939236164092982
44,49,93,-2.685451531410217,793.4445457696914,793.426025390625,790.7590942382812,-2.666926383972168,-0.018525147438049228
45,48,93,-2.2510888826847077,784.4178369295597,784.4387817382812,782.166748046875,-2.2720072269439697,0.02091834425926198
46,47,93,-2.039657310247421,773.7346646344662,773.6264038085938,771.6950073242188,-1.931397795677185,-0.10825951457023608
36,58,94,3.5179971086978914,791.6282431256772,791.88720703125,795.146240234375,3.2590491771698,0.2589479315280916
37,57,94,2.0455712878704073,798.5518408215046,798.31982421875,800.597412109375,2.277529716491699,-0.2319584286212919
38,56,94,0.8326086133718491,807.9239831835032,807.8204345703125,808.756591796875,0.9361816644668579,-0.1035730510950088
39,55,94,-0.03995531994383782,810.3839494605688,810.5438232421875,810.343994140625,-0.19985486567020416,0.15989954572636633
40,54,94,-0.26859260484576225,814.8879163353145,814.6793212890625,814.6193237304688,-0.06001618877053261,-0.20857641607522964
41,53,94,-0.6679502317309379,813.008526403606,812.9967041015625,812.340576171875,-0.6561607122421265,-0.011789519488811462
42,52,94,-1.4201835417747497,814.1545585417748,814.2593994140625,812.734375,-1.525010347366333,0.1048268055915833
43,51,94,-2.6335873341560365,809.2208676075935,809.2213134765625,806.5872802734375,-2.6340489387512207,0.00046160459518418406
44,50,94,-3.8443834233283996,806.9461900639534,806.8642578125,803.101806640625,-3.762430191040039,-0.08195323228836049
45,49,94,-3.2496371269226074,796.3337435722351,796.4058837890625,793.0841064453125,-3.3217883110046387,0.07215118408203125
46,48,94,-3.0605186724662783,788.7820762896538,788.8182373046875,785.7215576171875,-3.0966784954071045,0.0361598229408262
36,59,95,4.354056665897369,794.3617636466026,794.7696533203125,798.7158203125,3.9461591243743896,0.4078975415229795
37,58,95,3.187151358127594,803.7759834074974,803.7186889648438,806.963134765625,3.244473457336426,-0.05732209920883191
38,57,95,1.507136195898056,812.1924487650394,812.163330078125,813.6995849609375,1.5362461805343628,-0.029109984636306763
39,56,95,0.5241649714112282,817.6186572942138,817.4716186523438,818.142822265625,0.671215832233429,-0.14705086082220076
40,55,95,0.07622364226030186,820.9210908108647,821.1412963867188,820.997314453125,-0.14396882057189941,0.22019246283220129
41,54,95,-0.10500019594095647,821.7405592779722,821.4852905273438,821.6355590820312,0.15028074383735657,-0.255280939778313
42,53,95,-0.7252151456475258,821.33422393471,821.6285400390625,820.6090087890625,-1.0195128917694092,0.2942977461218834
43,52,95,-1.7558039206266403,819.1972712057828,819.1556396484375,817.4414672851562,-1.7141835689544678,-0.041620351672172484
44,51,95,-3.219382064342499,815.75392796278,815.8096923828125,812.5345458984375,-3.2751383781433105,0.055756313800811697
45,50,95,-4.323166162967682,809.8839571785927,809.9102172851562,805.560791015625,-4.34945011138916,0.02628394842147852
46,49,95,-4.071174602508545,800.8451003837586,800.753173828125,796.77392578125,-3.9792287349700928,-0.09194586753845257
36,60,96,4.929630777835846,799.5159258627891,799.7637329101562,804.445556640625,4.681863307952881,0.24776746988296505
37,59,96,4.062830392122269,807.203343924284,807.2540283203125,811.2661743164062,4.012118339538574,0.0507120525836946
38,58,96,2.7707998323440552,818.0357797574997,818.0355834960938,820.8065795898438,2.771000862121582,-0.00020102977752678441
39,57,96,1.1252225935459137,822.7005830705166,822.6649780273438,823.8258056640625,1.160845160484314,-0.03562256693840027
40,56,96,0.561018881201744,828.9824381500482,828.9915161132812,829.54345703125,0.5519556999206543,0.009063181281089738
41,55,96,0.30900514230132103,828.4500280608237,828.3731079101562,828.759033203125,0.3859294652938843,-0.07692432299256324
42,54,96,-0.09730149089358747,830.7534904557374,830.7828369140625,830.6561889648438,-0.12662875652313232,0.029327265629544852
43,53,96,-0.9565271201729775,827.0225061240792,827.0272827148438,826.0659790039062,-0.9612715840339661,0.00474446386098859
44,52,96,-2.3773741400241852,826.5222105658054,826.503662109375,824.1448364257812,-2.3588132858276367,-0.018560854196548515
45,51,96,-3.696778594255447,819.4434826958179,819.3286743164062,815.7467041015625,-3.581960439682007,-0.11481815457344036
46,50,96,-5.038565838336945,815.0479042172432,815.0419921875,810.0093383789062,-5.032668590545654,-0.0058972477912906385
47,49,96,-4.876654396057129,802.6778628921509,802.587890625,797.8012084960938,-4.786631107330322,-0.09002328872680643
36,61,97,5.276706101894379,802.2578397965431,802.1768798828125,807.5345458984375,5.357683181762695,-0.08097707986831626
37,60,97,4.540349366664887,812.5646921372413,812.4901733398438,817.1050415039062,4.6149067878723145,-0.07455742120742759
38,59,97,3.793733229637146,821.4284957742691,821.7693481445312,825.2222290039062,3.4528744220733643,0.34085880756378195
39,58,97,2.4890849471092222,828.5596211075783,828.5217895507812,831.0487060546875,2.526930093765259,-0.037845146656036555
40,57,97,1.0604160618782044,834.2848598170281,834.5606689453125,835.3452758789062,0.7845917344093323,0.2758243274688721
41,56,97,0.7755049914121628,836.6511917859316,836.4443969726562,837.4266967773438,0.9822676181793213,-0.2067626267671585
42,55,97,0.463988526314497,837.4396369619667,837.60400390625,837.9036254882812,0.29962456226348877,0.16436396405100823
43,54,97,-0.3091063426434994,836.5483031199873,836.5013427734375,836.2391967773438,-0.2621573507785797,-0.04694899186491969
44,53,97,-1.5101174634695054,834.4073342603446,834.6151733398438,832.897216796875,-1.7179418802261353,0.20782441675662988
45,52,97,-2.89992320895195,830.3863123691082,830.309814453125,827.4863891601562,-2.8234050273895264,-0.07651818156242385
46,51,97,-4.403766112327576,824.7297548818589,824.7357177734375,820.3259887695312,-4.409742832183838,0.005976719856262136
47,50,97,-5.7523585796356205,816.9207545757293,817.0515747070312,811.1683959960938,-5.883169174194336,0.13081059455871547
48,49,97,-6.1095856976509095,806.2994660687447,806.0992431640625,800.1898803710938,-5.909329414367676,-0.20025628328323375
37,61,98,4.779156539440155,816.1341125035286,816.4114990234375,820.9132690429688,4.501782417297363,0.2773741221427919
38,60,98,4.222463363409043,827.5656836092472,827.682373046875,831.7881469726562,4.10575532913208,0.11670803427696264
39,59,98,3.6615751004219055,832.5287935519218,832.766357421875,836.1903686523438,3.423994541168213,0.2375805592536926
40,58,98,2.4088520777225493,840.8926005589962,840.97705078125,843.3014526367188,2.3243789672851562,0.08447311043739303
41,57,98,1.456629865169525,842.5036362481118,842.4375610351562,843.9602661132812,1.5227208137512207,-0.06609094858169562
42,56,98,1.035341458618641,846.2744119593501,846.24658203125,847.3097534179688,1.063167929649353,-0.02782647103071212
43,55,98,0.41426166355609895,843.8088218325377,843.7804565429688,844.2230834960938,0.44261810183525085,-0.028356438279151908
44,54,98,-0.8933824160695076,844.706492767632,844.790771484375,843.8131103515625,-0.9776908159255981,0.08430839985609051
45,53,98,-1.9944681924581529,838.9733500283957,838.9588012695312,836.9788818359375,-1.9798924922943115,-0.014575700163841354
46,52,98,-3.576701431274414,836.3881638336181,836.3222045898438,832.8114624023438,-3.5107438564300537,-0.06595757484436016
47,51,98,-5.041642007827758,827.2693641757965,827.2852783203125,822.2277221679688,-5.057540416717529,0.0158984088897709
48,50,98,-6.855062260627746,821.1598718309402,821.0729370117188,814.3048095703125,-6.768104076385498,-0.08695818424224822
37,62,99,5.140886080265045,821.1112501502037,821.2348022460938,826.2521362304688,5.017322063446045,0.12356401681900042
38,61,99,4.396998336315155,831.3064318394661,831.849853515625,835.7034301757812,3.8536150455474854,0.5433832907676699
39,60,99,3.9546184039115904,838.9120808148384,839.1926879882812,842.86669921875,3.674039363861084,0.2805790400505064
40,59,99,3.5179853999614714,845.0385941898822,845.38330078125,848.5565795898438,3.1733157634735107,0.3446696364879607
41,58,99,2.58626540184021,849.4464494419097,849.319580078125,852.03271484375,2.7131311893463135,-0.12686578750610344
42,57,99,1.8028130859136582,852.1593451172114,852.1719970703125,853.962158203125,1.7901378870010376,0.012675198912620589
43,56,99,0.9917203450202942,852.7585848307609,852.7474365234375,853.7503051757812,1.0028905868530273,-0.011170241832733185
44,55,99,-0.14915171436965466,852.0692566948384,852.2626342773438,851.9201049804688,-0.3425099551677704,0.19335824079811573
45,54,99,-1.4065594583749772,849.4262127786875,849.4393920898438,848.0196533203125,-1.4197314977645874,0.013172039389610202
46,53,99,-2.6780240571498872,845.1083829438686,845.25537109375,842.4303588867188,-2.825042724609375,0.14701866745948777
47,52,99,-4.160998752117157,839.0018800997734,839.002685546875,834.8408813476562,-4.161801815032959,0.0008030629158017888
48,51,99,-6.080549194812774,831.5734080815315,831.43896484375,825.4928588867188,-5.946130752563477,-0.13441844224929778
37,63,100,5.287930724620819,824.302584412098,824.4508666992188,829.5905151367188,5.139662742614746,0.1482679820060726
38,62,100,4.701682147979736,837.0538110160828,837.2200927734375,841.7554931640625,4.5353684425354,0.16631370544433555
39,61,100,4.005857667922974,843.4886491680145,843.9415283203125,847.4945068359375,3.5529918670654297,0.4528658008575439
40,60,100,3.782528419494629,852.1700472640991,852.2106323242188,855.9525756835938,3.741931438446045,0.040596981048584
41,59,100,3.437124738693237,854.5692229175568,854.8468017578125,858.00634765625,3.159501314163208,0.2776234245300291
42,58,100,2.4385776031017303,860.3211880218983,860.4662475585938,862.759765625,2.29347562789917,0.1451019752025604
43,57,100,1.7361356228590012,859.3900240451097,859.5118408203125,861.1261596679688,1.614295244216919,0.1218403786420823
44,56,100,0.324369370341301,861.8525715476275,861.9359130859375,862.1769409179688,0.2409907728433609,0.08337859749794008
45,55,100,-0.686161761879921,857.5401656681299,857.517333984375,856.85400390625,-0.6633053421974182,-0.022856419682502738
46,54,100,-2.0979783934354783,856.3021409910917,856.3565063476562,854.2041625976562,-2.1523728370666504,0.054394443631172074
47,53,100,-3.2213720834255217,848.411435559988,848.4994506835938,845.1900634765625,-3.3094277381896973,0.08805565476417554
48,52,100,-5.086273651123047,843.9277043151856,843.7737426757812,838.8414306640625,-4.932335376739502,-0.15393827438354535
49,51,100,-7.222354791164398,833.3566321349144,832.9749755859375,826.13427734375,-6.84068489074707,-0.38166990041732785
50,50,100,-9.313023419380189,825.4017685365677,825.16259765625,816.0887451171875,-9.07387638092041,-0.23914703845977847
37,64,101,5.583340163230896,828.8709445047378,828.82373046875,834.4542846679688,5.630581378936768,-0.047241215705871475
38,63,101,4.814954841136933,840.3806628346443,840.798828125,845.1956176757812,4.396777629852295,0.4181772112846378
39,62,101,4.171705107688904,849.4799672555923,849.7463989257812,853.6516723632812,3.9053142070770264,0.26639090061187787
40,61,101,3.8550358486175536,856.8336238193511,857.0702514648438,860.6886596679688,3.6184325218200684,0.2366033267974852
41,60,101,3.6224011540412904,861.8911486506462,862.0183715820312,865.5135498046875,3.4951529502868652,0.12724820375442514
42,59,101,3.1079034948349,865.7393255090714,865.864501953125,868.8472290039062,2.9826951026916504,0.12520839214324964
43,58,101,2.2471866571903227,867.7927913701534,867.9067993164062,870.0399780273438,2.1332015991210938,0.11398505806922898
44,57,101,1.0450336050987243,868.6261700081825,868.7379760742188,869.6712036132812,0.933219850063324,0.11181375503540036
45,56,101,-0.18880177665501832,867.42000294853,867.409912109375,867.231201171875,-0.17871101200580597,-0.010090764649212353
46,55,101,-1.4225380945205688,864.5831215906143,864.6472778320312,863.1605834960938,-1.4867348670959473,0.06419677257537848
47,54,101,-2.63658894777298,859.7239302563668,859.7672119140625,857.0873413085938,-2.679842948913574,0.04325400114059441
48,53,101,-4.06652794957161,853.3818355667592,853.4869384765625,849.3153076171875,-4.171641826629639,0.1051138770580291
49,52,101,-6.051641607284546,845.660162115097,845.4130249023438,839.6085205078125,-5.804533004760742,-0.24710860252380407
50,51,101,-8.31573009967804,836.4510450410843,836.3914184570312,828.1353149414062,-8.256109237670898,-0.059620862007141895
37,65,102,5.729802572727204,831.6163277983666,831.5798950195312,837.3461303710938,5.766237735748291,-0.03643516302108729
38,64,102,5.146838169097901,845.6123781394958,845.70458984375,850.7592163085938,5.054619789123535,0.09221837997436566
39,63,102,4.1939513301849365,853.5971253299713,853.935546875,857.7910766601562,3.85555100440979,0.33840032577514645
40,62,102,3.959363489151001,863.592882604599,863.56201171875,867.55224609375,3.9902875423431396,-0.030924053192138867
41,61,102,3.7035165858268737,867.2515005040169,867.4964599609375,870.9550170898438,3.458548069000244,0.24496851682662957
42,60,102,3.2713542687892914,873.7951130163669,873.9767456054688,877.0664672851562,3.089757204055786,0.18159706473350523
43,59,102,2.855761721134186,873.9823120093346,874.2064208984375,876.8380737304688,2.6316347122192383,0.22412700891494763
44,58,102,1.432011330127716,877.8698685526848,877.9575805664062,879.3018798828125,1.3442490100860596,0.0877623200416564
45,57,102,0.5188927792012692,874.9214758731425,874.8521728515625,875.4403686523438,0.5882018804550171,-0.0693091012537479
46,56,102,-0.9408661967515946,875.1992280131578,875.189453125,874.2583618164062,-0.9310977458953857,-0.00976845085620881
47,55,102,-1.9395198702812195,868.7014217257499,868.7508544921875,866.7619018554688,-1.9889137744903564,0.04939390420913692
48,54,102,-3.420606908798218,865.3565810298919,865.3814697265625,861.9359741210938,-3.4455015659332275,0.024894657135009712
49,53,102,-4.874679067134857,855.6775355124473,855.6343383789062,850.8028564453125,-4.831489086151123,-0.043189980983734166
50,52,102,-6.938719692230225,849.2734975242615,849.0919799804688,842.3347778320312,-6.757238864898682,-0.18148082733154336
39,64,103,4.538564803600312,858.9160860753059,859.291259765625,863.4546508789062,4.16339635848999,0.37516844511032144
40,63,103,3.980894236564636,867.8140276384354,867.8609008789062,871.794921875,3.9340343475341797,0.04685988903045635
41,62,103,3.7385704374313353,874.1862952852249,874.2982177734375,877.9248657226562,3.62666392326355,0.11190651416778552
42,61,103,3.4763754320144655,879.1406289625168,879.4415283203125,882.6170043945312,3.1754531860351562,0.3009222459793093
43,60,103,2.984446246623993,882.1844380307198,882.3087768554688,885.1688842773438,2.8601274490356445,0.1243187975883484
44,59,103,2.1708235371112825,884.0429215800763,884.1896362304688,886.2137451171875,2.024096727371216,0.1467268097400667
45,58,103,0.9815494188666344,884.2053402295709,884.171875,885.1868896484375,1.0150552988052368,-0.033505879938602434
46,57,103,-0.22693636395037176,882.8121414420754,882.8147583007812,882.585205078125,-0.22958624362945557,0.002649879679083811
47,56,103,-1.4382981377840043,879.417302044034,879.378173828125,877.97900390625,-1.3991283178329468,-0.039169819951057505
48,55,103,-2.69634539604187,874.4276076030732,874.4447631835938,871.7312622070312,-2.713484764099121,0.017139368057251136
49,54,103,-4.112866337299347,867.6582154583931,867.6431274414062,863.5453491210938,-4.097772598266602,-0.015093739032745468
40,64,104,4.293746974468231,873.8582915997505,873.8408813476562,878.1520385742188,4.311159133911133,-0.017412159442901753
41,63,104,3.757141146659851,879.1030883455277,879.15185546875,882.8602294921875,3.708406686782837,0.0487344598770143
42,62,104,3.529368019104004,886.7568258285522,886.9022827148438,890.2861938476562,3.38395357131958,0.14541444778442392
43,61,104,3.202730858325958,888.2148106455803,888.275146484375,891.4175415039062,3.1424105167388916,0.06032034158706656
44,60,104,2.358229168653488,892.890672198534,893.089599609375,895.2489013671875,2.159341335296631,0.19888783335685734
45,59,104,1.6764388173818587,891.1250138193369,891.1708374023438,892.8014526367188,1.6306544542312622,0.04578436315059653
46,58,104,0.1973283413052559,892.8428327915072,892.82421875,893.0401611328125,0.21590346097946167,-0.018575119674205776
47,57,104,-0.7243649244308472,887.7365109205246,887.7632446289062,887.0121459960938,-0.7511164546012878,0.02675153017044063
48,56,104,-2.161033663749695,885.8209457731247,885.8328247070312,883.659912109375,-2.1729228496551514,0.0118891859054564
49,55,104,-3.2787282741069794,877.3282888209819,877.2647705078125,874.049560546875,-3.215176582336426,-0.06355169177055364
50,54,104,-4.734701030254364,871.8428553271293,871.9267578125,867.108154296875,-4.818637847900391,0.0839368176460269
52,52,104,-5.172851440906524,848.5578001713752,848.3618774414062,843.3849487304688,-4.9769415855407715,-0.19590985536575278
40,65,105,4.517781157493591,877.4073287057877,877.6527709960938,881.9251098632812,4.272340297698975,0.24544085979461627
41,64,105,3.9956874406337737,885.3230381453037,885.3276977539062,889.3187255859375,3.99098801612854,0.00469942450523364
42,63,105,3.6403582739830016,891.6854473900795,891.9606323242188,895.3258056640625,3.365182638168335,0.27517563581466664
43,62,105,3.213813091516495,895.9797904241085,896.1337890625,899.193603515625,3.059819221496582,0.15399387001991283
44,61,105,2.7147254157066345,898.8920861077308,898.9996948242188,901.6068115234375,2.607137680053711,0.10758773565292357
45,60,105,1.9900640761852264,899.957995005846,900.134033203125,901.9480590820312,1.8140065670013428,0.17605750918388363
46,59,105,0.8844197589159012,899.8837076824904,899.9183349609375,900.7681274414062,0.8497686386108398,0.034651120305061345
47,58,105,-0.26051429577171803,897.8427286512405,897.7889404296875,897.5822143554688,-0.20670223236083984,-0.053812063410878186
48,57,105,-1.4470371961593629,894.2567295789719,894.2695922851562,892.8096923828125,-1.4599121809005737,0.012874984741210849
49,56,105,-2.684119040966034,888.780310447216,888.7939453125,886.09619140625,-2.6977572441101074,0.01363820314407338
50,55,105,-3.852141867876053,881.5835871803761,881.7090454101562,877.7314453125,-3.977609157562256,0.12546728968620302
51,54,105,-4.091170183420181,871.5812824881077,871.6041870117188,867.4901123046875,-4.114080429077148,0.0229102456569672
52,53,105,-3.9622339141368865,859.4955591094493,859.6178588867188,855.5333251953125,-4.084522247314453,0.1222883331775666
41,65,106,4.213907842636108,889.5583699893951,889.6861572265625,893.7722778320312,4.086125373840332,0.12778246879577626
42,64,106,3.8146123361587523,898.6567011404037,898.8291625976562,902.4713134765625,3.6421680450439453,0.17244429111480697
43,63,106,3.3438743233680723,901.5753761649132,901.695068359375,904.9192504882812,3.224188804626465,0.11968551874160749
44,62,106,2.7240020537376406,907.3510711884499,907.459716796875,910.0750732421875,2.6153745651245117,0.10862748861312888
45,61,106,2.4193034601211547,906.5774006414414,906.7167358398438,908.9967041015625,2.2799479961395264,0.13935546398162835
46,60,106,1.1762058579921721,909.4350001966953,909.4793090820312,910.6112060546875,1.1319096088409424,0.04429624915122976
47,59,106,0.36280162081122397,905.6420201565326,905.7318115234375,906.0048217773438,0.2730031907558441,0.08979843005537985
48,58,106,-1.0134605741500855,905.0931724882125,905.1392211914062,904.0797119140625,-1.059510588645935,0.046050014495849556
49,57,106,-1.9228321069478989,897.8664356225729,897.8328857421875,895.943603515625,-1.8892508745193481,-0.03358123242855071
50,56,106,-3.2618189334869383,893.7424097537994,893.7960815429688,890.4805908203125,-3.315497636795044,0.053678703308105646
51,55,106,-3.252309993505478,882.0654813802242,882.13330078125,878.8131713867188,-3.320173501968384,0.06786350846290601
52,54,106,-3.260213406085968,873.0739951443672,873.097412109375,869.8137817382812,-3.283646821975708,0.023433415889739795
41,66,107,4.617992815971374,895.1256595277787,895.2786254882812,899.74365234375,4.46501350402832,0.1529793119430538
42,65,107,3.994271582365036,903.0301424801349,903.3174438476562,907.0244140625,3.7069554328918457,0.2873161494731904
43,64,107,3.43486251950264,908.7320686328411,908.7400512695312,912.1669311523438,3.4268782138824463,0.007984305620193588
44,63,107,2.927134213447571,912.9783223295212,913.0703125,915.9054565429688,2.8351023197174072,0.09203189373016363
45,62,107,2.454788511991501,915.1172329723835,915.2891235351562,917.572021484375,2.282877206802368,0.17191130518913278
46,61,107,1.7615895372629167,916.0073923963308,916.0157470703125,917.7689819335938,1.7532497644424438,0.008339772820472824
47,60,107,0.7129871478676796,915.245936191976,915.2674560546875,915.9589233398438,0.6914792656898499,0.02150788217782973
48,59,107,-0.4027678261697292,913.0176970253884,913.0687255859375,912.6149291992188,-0.4537501037120819,0.05098227754235268
49,58,107,-1.4854329097270966,908.8131916987896,908.8626708984375,907.3277587890625,-1.5349236726760864,0.0494907629489898
50,57,107,-2.513290150165558,902.9566495251655,903.0259399414062,900.443359375,-2.5825788974761963,0.0692887473106385
51,56,107,-2.690866233110428,894.3695771706105,894.3845825195312,891.6787109375,-2.7058799266815186,0.015013693571090503
41,67,108,4.78882315158844,898.9492749929428,899.1713256835938,903.7380981445312,4.566781044006348,0.22204210758209264
42,66,108,4.25094435095787,909.4198320162296,909.5930786132812,913.6707763671875,4.077716827392578,0.17322752356529225
43,65,108,3.577379196882248,913.8169079124928,913.9842529296875,917.394287109375,3.4100162982940674,0.16736289858818054
44,64,108,2.984680513143539,920.8488766157627,920.9404907226562,923.8335571289062,2.8930604457855225,0.09162006735801675
45,63,108,2.6690571057796477,921.4124248278141,921.5278930664062,924.0814819335938,2.5536139011383057,0.11544320464134206
46,62,108,1.8885848248004913,925.140589979887,925.2385864257812,927.0291748046875,1.7905491590499878,0.09803566575050349
47,61,108,1.305913364291191,922.4940133935213,922.538818359375,923.7999267578125,1.261075496673584,0.04483786761760711
48,60,108,-0.09396195342764259,923.3515913479589,923.402099609375,923.2576293945312,-0.14450141787528992,0.05053946444764733
49,59,108,-0.9108365601301194,917.4603971070051,917.4871826171875,916.549560546875,-0.9376412034034729,0.026804643273353523
50,58,108,-2.116212620139122,914.6351335185766,914.6549682617188,912.5189208984375,-2.136014223098755,0.01980160295963307
51,57,108,-1.915838439464569,904.246282775402,904.2479858398438,902.3304443359375,-1.917551875114441,0.0017134356498718084
52,56,108,-2.0655828952789306,896.8786932468414,896.802001953125,894.8131103515625,-1.9888782501220703,-0.07670464515686026
54,54,108,-1.8118998217582702,871.9520365405083,872.0879516601562,870.14013671875,-1.9478304386138916,0.13593061685562136
41,68,109,5.03229749917984,904.2127586531639,904.3872680664062,909.2450561523438,4.857782363891602,0.1745151352882388
42,67,109,4.372747027873993,913.3874458432198,913.5744018554688,917.7601928710938,4.185789585113525,0.18695744276046788
43,66,109,3.7095583319664,920.4288083672524,920.4155883789062,924.1383666992188,3.722788095474243,-0.013229763507843106
44,65,109,3.135065346956253,926.0260674655437,926.0888671875,929.1611328125,3.0722954273223877,0.06276991963386536
45,64,109,2.689344207048416,929.4229604804516,929.5673217773438,932.1123046875,2.5449938774108887,0.14435032963752725
46,63,109,2.2423104548454287,931.4012442326546,931.3922119140625,933.6435546875,2.25134015083313,-0.009029695987701203
47,62,109,1.5312073618173598,931.6357237905264,931.7227783203125,933.1669311523438,1.444169282913208,0.08703807890415183
48,61,109,0.49141364216804506,930.715861748457,930.725341796875,931.207275390625,0.4819433093070984,0.009470332860946673
49,60,109,-0.6431353777647019,927.9456256121397,927.92822265625,927.302490234375,-0.6257332563400269,-0.01740212142467501
50,59,109,-1.5624002581834793,923.4147562152148,923.2864990234375,921.8523559570312,-1.4341323375701904,-0.12826792061328884
51,58,109,-1.4781625688076019,915.9970834672451,916.1249389648438,914.5189208984375,-1.6060529947280884,0.1278904259204865
52,57,109,-1.3427361840009688,906.9214715355635,906.8070068359375,905.5787353515625,-1.2283049821853638,-0.11443120181560507
53,56,109,-1.253898047208786,896.0702432620525,895.9818115234375,894.8163452148438,-1.165420651435852,-0.0884773957729339
54,55,109,-1.1909025865793228,883.5771940904856,883.6964721679688,882.3862915039062,-1.3101694583892822,0.11926687180995943
41,69,110,5.088919568061828,907.7127161741257,908.0786743164062,912.8016357421875,4.7229790687561035,0.3659404993057249
42,68,110,4.553191478252411,919.3772894787788,919.522216796875,923.9304809570312,4.408262729644775,0.1449287486076356
43,67,110,3.774214812517166,925.1162881171704,925.2386474609375,928.8905029296875,3.651855230331421,0.12235958218574527
44,66,110,3.191406002044678,933.3826906776428,933.4943237304688,936.5740966796875,3.0797476768493652,0.11165832519531271
45,65,110,2.831999388933182,935.2757276618481,935.4680786132812,938.1077270507812,2.6396608352661133,0.19233855366706853
46,64,110,2.26455430150032,940.0832850539684,940.1879272460938,942.3478393554688,2.1599361896514893,0.10461811184883096
47,63,110,1.972792603969574,938.4806375718117,938.531982421875,940.4534301757812,1.9214754104614258,0.05131719350814823
48,62,110,0.6668946933746338,940.5848753261566,940.6403198242188,941.2517700195312,0.6114840507507324,0.055410642623901385
49,61,110,-0.12447729784995318,936.0522116728499,935.97998046875,935.927734375,-0.052195798605680466,-0.07228149924427271
50,60,110,-1.3518287074565887,934.6377173793315,934.5696411132812,933.285888671875,-1.2837556600570679,-0.0680730473995208
51,59,110,-0.9105628305673599,925.4412635141612,925.39501953125,924.5307006835938,-0.8643321394920349,-0.04623069107532496
52,58,110,-0.9326996567845345,919.3828339341283,919.3927612304688,918.4501342773438,-0.9426531195640564,0.009953462779521915
53,57,110,-0.5810304360091686,906.8433595375717,906.8484497070312,906.2623291015625,-0.5861304402351379,0.005100004225969346
54,56,110,-0.8000032806396484,897.5445101165772,897.5208740234375,896.7445068359375,-0.7763861417770386,-0.023617138862609854
42,69,111,4.609235904216766,922.9682787442207,922.99755859375,927.5775146484375,4.57997465133667,0.0292612528800964
43,68,111,3.869755743741989,931.284296990633,931.300048828125,935.154052734375,3.854015350341797,0.015740393400192065
44,67,111,3.2344893634319307,938.1876908123493,938.2783813476562,941.4221801757812,3.143789768218994,0.09069959521293658
45,66,111,2.8244039678573607,942.7946756219864,943.0145874023438,945.6190795898438,2.6045150756835938,0.21988889217376695
46,65,111,2.4745593178272247,945.9694104087353,945.9142456054688,948.4439697265625,2.529754877090454,-0.05519555926322939
47,64,111,2.009608698487282,947.250950383544,947.3614501953125,949.2605590820312,1.8991328477859497,0.11047585070133215
48,63,111,1.1789206904172898,947.4640846806765,947.6159057617188,948.6430053710938,1.0270929336547852,0.1518277567625046
49,62,111,0.06262723083142191,946.0160470855749,945.9733276367188,946.0786743164062,0.10533758997917175,-0.04271035914774984
50,61,111,-0.9286150053143502,942.9477190092206,942.737548828125,942.0191040039062,-0.7184239029884338,-0.2101911023259163
51,60,111,-0.6932259234786033,936.7667122516036,936.8533325195312,936.073486328125,-0.7798604965209961,0.08663457304239275
52,59,111,-0.3276397286355495,928.8999663887918,928.82177734375,928.5723266601562,-0.2494080662727356,-0.07823166236281393
53,58,111,-0.1775394354388118,919.4226566229388,919.4057006835938,919.2451171875,-0.160616934299469,-0.016922501139342794
43,69,112,3.900877228975296,935.5517594897747,935.6056518554688,939.45263671875,3.847031831741333,0.05384539723396298
44,68,112,3.2545239114761353,945.0888598775864,945.1952514648438,948.3433837890625,3.148146390914917,0.1063775205612183
45,67,112,2.848816968202591,948.2750843989849,948.5130615234375,951.1239013671875,2.610846996307373,0.23796997189521774
46,66,112,2.4471179127693174,954.1706799387932,954.3206787109375,956.6177978515625,2.2971277236938477,0.1499901890754698
47,65,112,2.249106863737106,953.7688374722004,953.801025390625,956.0179443359375,2.2169086933135986,0.03219817042350748
48,64,112,1.1697878575325011,956.9469113612175,957.0098266601562,958.11669921875,1.106868863105774,0.06291899442672721
49,63,112,0.5492194648087024,953.5856682305038,953.6427612304688,954.1348876953125,0.4921152889728546,0.057104175835847815
50,62,112,-0.8124339464306831,953.6523997667432,953.5253295898438,952.8399658203125,-0.6853265762329102,-0.12710737019777296
51,61,112,-0.2073489547148347,945.6820804000273,945.6868896484375,945.4747314453125,-0.21217815577983856,0.004829201065003869
52,60,112,-0.02471742866502609,940.8124371552275,940.8731079101562,940.7877197265625,-0.08539603650569916,0.06067860784067307
53,59,112,0.47136718913912773,929.5661694319547,929.5865478515625,930.0375366210938,0.45098114013671875,0.02038604900240898
54,58,112,0.18751502569764852,921.7723238414899,921.7672119140625,921.9598388671875,0.19260923564434052,-0.005094209946691991
43,70,113,4.035102468729019,941.2222827851772,941.2295532226562,945.2573852539062,4.02784538269043,0.007257086038589655
44,69,113,3.266536657810211,949.4671059203148,949.5034790039062,952.733642578125,3.2301344871520996,0.036402170658111466
45,68,113,2.7794770872592927,955.3598661744595,955.6202392578125,958.1393432617188,2.519068956375122,0.2604081308841706
46,67,113,2.5102561855316163,959.7089820957184,959.6614990234375,962.21923828125,2.557739496231079,-0.047483310699462766
47,66,113,2.190608273744583,962.0999190700054,962.3154296875,964.29052734375,1.9750893115997314,0.21551896214485167
48,65,113,1.525033523440361,963.4498199921846,963.549560546875,964.974853515625,1.4252536296844482,0.09977989375591267
49,64,113,0.5926372568309307,963.1185443837941,963.091064453125,963.711181640625,0.6201109290122986,-0.02747367218136787
50,63,113,-0.4783890950679779,961.4788163411617,961.2697143554688,961.0004272460938,-0.2693161368370056,-0.20907295823097227
51,62,113,-0.10871028994210065,956.5100164422859,956.5762329101562,956.4013061523438,-0.17492009699344635,0.0662098070513457
52,61,113,0.5699055612087249,949.7259928762912,949.7239379882812,950.2958984375,0.5719782114028931,-0.0020726501941681352
53,60,113,0.7491668340563774,941.6118561151624,941.7140502929688,942.3610229492188,0.6469367146492004,0.10223011940717697
54,59,113,0.8549271911382675,932.0064009338618,932.0158081054688,932.861328125,0.845482587814331,0.009444603323936485
55,58,113,0.8350757908821106,920.7553172755241,920.7943725585938,921.5903930664062,0.79598069190979,0.03909509897232055
43,71,114,4.074364218711853,945.0484385156632,945.089599609375,949.122802734375,4.033163547515869,0.04120067119598403
44,70,114,3.3240566051006315,955.8610019886494,955.92822265625,959.18505859375,3.2568793296813965,0.06717727541923502
45,69,114,2.7519863593578338,960.4236117851734,960.6349487304688,963.1755981445312,2.5406734943389893,0.2113128650188445
46,68,114,2.380476408004761,967.5058761310578,967.6326293945312,969.8863525390625,2.25370717048645,0.1267692375183107
47,67,114,2.2636778366565706,968.2789247024059,968.290771484375,970.5426025390625,2.2518310546875,0.01184678196907063
48,66,114,1.400653265118599,972.5027280825376,972.592529296875,973.9033813476562,1.3108643293380737,0.08978893578052527
49,65,114,0.9311893826723099,970.2926875704527,970.3650512695312,971.223876953125,0.8588119745254517,0.07237740814685822
50,64,114,-0.47892912968993184,971.7151962195337,971.5726318359375,971.2362670898438,-0.3363954722881317,-0.14253365740180013
51,63,114,0.33764107450842856,964.8818413473666,964.7271728515625,965.219482421875,0.49231740832328796,-0.1546763338148594
52,62,114,0.6529500019550324,961.2319376933575,961.337890625,961.8848876953125,0.5470082759857178,0.10594172596931462
53,61,114,1.3184827506542205,951.2110582649708,951.3048095703125,952.529541015625,1.2247058153152466,0.09377693533897391
54,60,114,0.9831049406528473,944.8661992585659,944.9694213867188,945.8493041992188,0.8799178004264832,0.1031871402263641
55,59,114,1.4420820903778075,931.7118485736847,931.787109375,933.1539306640625,1.3668497800827026,0.07523231029510491
56,58,114,0.9196897354722023,922.2098879012466,922.2242431640625,923.1295776367188,0.9053013920783997,0.014388343393802683
44,71,115,3.3483298778533936,959.7896095752716,959.8836059570312,963.137939453125,3.2543251514434814,0.0940047264099122
45,70,115,2.6939596462249757,967.0232034397126,967.2251586914062,969.7171630859375,2.491952419281006,0.2020072269439699
46,69,115,2.3363576948642732,972.6787790238857,972.639404296875,975.01513671875,2.3756935596466064,-0.039335864782333196
47,68,115,2.083783148527145,976.2207212460041,976.4138793945312,978.3045043945312,1.8906409740447998,0.19314217448234539
48,67,115,1.586173950433731,978.6661453855038,978.7333984375,980.2523193359375,1.518928050994873,0.06724589943885806
49,66,115,0.857263365983963,979.393957337141,979.4029541015625,980.251220703125,0.8483144640922546,0.008948901891708383
50,65,115,-0.2172665249928832,979.0667538296804,979.1181030273438,978.8494873046875,-0.2685697376728058,0.05130321267992258
51,64,115,0.3081465569138527,975.2492875251174,975.3052978515625,975.5574340820312,0.25216934084892273,0.05597721606492995
52,63,115,1.183413382768631,969.6232272422313,969.582275390625,970.806640625,1.224328637123108,-0.04091525435447685
53,62,115,1.3568627434968947,962.8664038580656,963.0750122070312,964.2232666015625,1.1482617855072021,0.20860095798969258
54,61,115,1.5160875368118285,954.6075696897507,954.611572265625,956.1236572265625,1.5120570659637451,0.0040304708480833895
44,72,116,3.379638195037842,965.7606205940247,965.9185180664062,969.1402587890625,3.2217161655426025,0.15792202949523926
45,71,116,2.6631324696540832,971.6424095225334,971.8030395507812,974.3055419921875,2.502490997314453,0.1606414723396301
46,70,116,2.1485263907909395,980.0493495857716,980.115966796875,982.1978759765625,2.081890106201172,0.06663628458976767
47,69,116,2.017237347364426,982.0563100159168,982.0452270507812,984.0735473632812,2.0283257961273193,-0.011088448762893499
48,68,116,1.3396587240695954,987.3201923501491,987.4327392578125,988.6598510742188,1.227112889289856,0.11254583477973945
49,67,116,1.0601755690574646,986.1843923020363,986.1876831054688,987.2445678710938,1.0568970441818237,0.0032785248756408425
50,66,116,-0.3085600993782282,988.8348052165658,988.6815185546875,988.5262451171875,-0.15528811514377594,-0.15327198423445226
51,65,116,0.67540702521801,983.1431354552508,983.1951904296875,983.8185424804688,0.6233051419258118,0.052101883292198226
52,64,116,1.0425986900925637,980.7544594153762,980.8546752929688,981.7970581054688,0.9423930048942566,0.10020568519830708
53,63,116,1.8117208218574523,971.9838114047051,972.2291259765625,973.7955322265625,1.566374659538269,0.24534616231918327
54,62,116,1.4707175862789155,967.0015114176273,967.0730590820312,968.4722290039062,1.399211049079895,0.07150653719902045
44,73,117,3.3060982632637024,969.3688284945488,969.4108276367188,972.6749267578125,3.2640902996063232,0.04200796365737913
45,72,117,2.58056559920311,977.8133552992344,978.0353393554688,980.3939208984375,2.3585305213928223,0.22203507781028753
46,71,117,2.068171189427376,984.8065846699476,984.7801513671875,986.874755859375,2.0946297645568848,-0.026458575129508777
47,70,117,1.7344506120681762,989.6127173566819,989.7557983398438,991.34716796875,1.5913469791412354,0.14310363292694084
48,69,117,1.3789023393392563,993.1430703169108,993.2099609375,994.52197265625,1.3120005130767822,0.0669018262624741
49,68,117,0.8713601434230804,994.8757712042332,994.9522705078125,995.7471313476562,0.7948733568191528,0.0764867866039276
50,67,117,-0.09389222543803044,995.710347303563,995.6246337890625,995.616455078125,-0.008171609602868557,-0.08572061583516188
51,66,117,0.5329098834097385,993.0609011517465,993.0841064453125,993.5938110351562,0.5097354650497437,0.023174418359994897
52,65,117,1.4716846168041229,988.6864574730396,988.7576904296875,990.1581420898438,1.4004889726638794,0.07119564414024349
53,64,117,1.6908262705802917,983.1965028309822,983.3184204101562,984.8873291015625,1.568965196609497,0.1218610739707946
54,63,117,1.8840483021736145,976.2630464243889,976.2828369140625,978.1470947265625,1.8643006086349487,0.01974769353866579
55,62,117,1.8975974142551422,967.7302102029323,967.8082275390625,969.6278076171875,1.8195915222167969,0.07800589203834529
56,61,117,1.7187915968894958,957.8644603562356,957.9906616210938,959.583251953125,1.5925744771957397,0.12621711969375604
45,73,118,2.4751099157333374,982.0787230920791,982.0967407226562,984.5538330078125,2.4570772647857666,0.018032650947570783
46,72,118,1.846561805009842,991.7474933707714,991.81591796875,993.5940551757812,1.7781411409378052,0.06842066407203684
47,71,118,1.5777698212862015,995.0765270537138,995.1990356445312,996.654296875,1.455264687538147,0.1225051337480545
48,70,118,1.021570054590702,1001.4094602188468,1001.5645141601562,1002.4310302734375,0.8665100932121277,0.15505996137857436
49,69,118,0.9357484453916549,1001.3079038983583,1001.3087158203125,1002.24365234375,0.9349550008773804,0.0007934445142745439
50,68,118,-0.29409540720283983,1005.0525182587653,1004.9510498046875,1004.7584228515625,-0.19262586534023285,-0.10146954186260698
51,67,118,0.8044621449708939,1000.5175593394041,1000.5120239257812,1001.322021484375,0.8099959492683411,-0.005533804297447209
52,66,118,1.2187278777360917,999.3573829621076,999.4242553710938,1000.5761108398438,1.151893138885498,0.06683473885059366
53,65,118,2.0348437559604644,991.8546215760708,991.9221801757812,993.8894653320312,1.967271327972412,0.0675724279880523
54,64,118,1.735377358198166,988.1488999855518,988.2478637695312,989.88427734375,1.636399745941162,0.09897761225700386
55,63,118,2.2315570032596588,977.714426883459,977.7958374023438,979.9459838867188,2.1501669883728027,0.08139001488685604
45,74,119,2.241047648191452,987.9674484455586,988.1040649414062,990.20849609375,2.104471206665039,0.13657644152641302
46,73,119,1.727073438167572,996.1116106438636,995.9061889648438,997.8386840820312,1.9324917793273926,-0.2054183411598205
47,72,119,1.237901943922043,1002.2227303802968,1002.3623046875,1003.4606323242188,1.098318338394165,0.13958360552787785
48,71,119,0.9335002940893173,1006.893953319192,1006.9111328125,1007.8274536132812,0.9162915945053101,0.01720869958400728
49,70,119,0.5884830048680305,1009.6555965849757,1009.8505249023438,1010.2440795898438,0.3935866057872772,0.1948963990807533
50,69,119,-0.183855744805187,1011.5320613112115,1011.4344482421875,1011.3482055664062,-0.08626487106084824,-0.09759087374433875
51,68,119,0.527292937785387,1010.0317280583083,1010.0626831054688,1010.5590209960938,0.4963381290435791,0.030954808741807893
52,67,119,1.4845875042676926,1006.9164134722948,1006.9873657226562,1008.4010009765625,1.4136559963226318,0.07093150794506076
53,66,119,1.8050828355550765,1002.60043474257,1002.8001708984375,1004.405517578125,1.6053286790847778,0.1997541564702987
54,65,119,2.0269169855117797,996.9588007879257,997.0346069335938,998.9857177734375,1.951148509979248,0.07576847553253163
55,64,119,2.1184241354465483,989.6652062356472,989.7628173828125,991.7836303710938,2.020813465118408,0.09761067032814008
56,63,119,2.0544744580984116,981.0479425340891,981.2655029296875,983.1024169921875,1.8369117975234985,0.21756266057491302
46,74,120,1.404810094833374,1002.7094477176666,1002.8497924804688,1004.1142578125,1.2644506692886353,0.14035942554473868
47,73,120,1.003997371196747,1007.3215641522407,1007.4393920898438,1008.3255615234375,0.8861696720123291,0.11782769918441782
48,72,120,0.44124569416046144,1014.8180926847458,1014.962890625,1015.2593383789062,0.2964773178100586,0.14476837635040285
49,71,120,0.4426360608637333,1015.8225616930425,1015.950927734375,1016.2651977539062,0.3142785131931305,0.1283575476706028
50,70,120,-0.5351634858548642,1020.5134960053861,1020.53857421875,1019.9783325195312,-0.5602518320083618,0.025088346153497643
51,69,120,0.6444720116257667,1017.132810703218,1017.0756225585938,1017.7772827148438,0.7017069458961487,-0.057234934270381954
52,68,120,1.07608278632164,1017.1950353777409,1017.23828125,1018.2711181640625,1.032823085784912,0.043259700536727896
53,67,120,1.984092146754265,1010.8779073649645,1010.8409423828125,1012.8619995117188,2.0210447311401367,-0.03695258438587179
54,66,120,1.8023346710205077,1008.3354216766357,1008.48388671875,1010.1377563476562,1.6538902521133423,0.14844441890716542
55,65,120,2.3077105569839476,999.2115155172348,999.417724609375,1001.5192260742188,2.101524591445923,0.2061859655380247
56,64,120,1.931728944182396,993.6465181261301,993.6353759765625,995.5782470703125,1.9428614377975464,-0.011132493615150452
45,76,121,1.4747424519062042,997.7228893840313,997.6740112304688,999.1976318359375,1.52362060546875,-0.04887815356254577
46,75,121,1.0985547143220902,1006.8463305395842,1006.8238525390625,1007.9448852539062,1.1210345029830933,-0.022479788661003086
47,74,121,0.5691929672658443,1014.1151942397654,1014.2620239257812,1014.6843872070312,0.4224082827568054,0.14678468450903892
48,73,121,0.1761018120497465,1020.0337370551377,1020.150634765625,1020.2098388671875,0.05918534845113754,0.11691646359860897
49,72,121,-0.12467968467622996,1023.9094697237388,1024.1290283203125,1023.7847900390625,-0.344264954328537,0.219585269652307
50,71,121,-0.6246333953738212,1026.7137447234988,1026.708740234375,1026.089111328125,-0.6196742057800293,-0.004959189593791935
51,70,121,0.23599338915199042,1026.2629079780354,1026.3289794921875,1026.4989013671875,0.16999128460884094,0.06600210454314948
52,69,121,1.1061994349956512,1024.4764421665668,1024.4906005859375,1025.5826416015625,1.0920506715774536,0.014148763418197596
53,68,121,1.5932889968156814,1021.2335542649031,1021.4107666015625,1022.8268432617188,1.4161158800125122,0.17717311680316916
54,67,121,1.9578507035970687,1016.7325179487467,1016.86376953125,1018.6903686523438,1.8266241550445557,0.13122654855251303
55,66,121,2.09413046002388,1010.6745462977887,1010.7027587890625,1012.7686767578125,2.065918445587158,0.028212014436721944
56,65,121,2.1251952123641966,1003.2871583032608,1003.5629272460938,1005.412353515625,1.849441409111023,0.27575380325317367
46,76,122,0.5814678801596165,1013.2138812409341,1013.3290405273438,1013.7953491210938,0.4663645923137665,0.11510328784585
47,75,122,0.1748958507552743,1018.9508976062759,1019.03662109375,1019.1257934570312,0.0891595408320427,0.08573630992323161
48,74,122,-0.4427018463611603,1027.6273942291737,1027.760498046875,1027.1846923828125,-0.5758689045906067,0.1331670582294464
49,73,122,-0.48701461508870125,1029.8374784822763,1029.9371337890625,1029.3504638671875,-0.5866613388061523,0.09964672371745109
50,72,122,-1.197404038310051,1035.4262858742475,1035.5234375,1034.2288818359375,-1.2945380210876465,0.09713398277759544
51,71,122,0.1329192798398435,1033.0958404857852,1033.13525390625,1033.228759765625,0.09350550919771194,0.03941377064213156
52,70,122,0.6252560636401177,1034.302722451985,1034.33203125,1034.927978515625,0.5959416627883911,0.02931440085172654
53,69,122,1.5561158621311189,1029.204626325369,1029.315673828125,1030.7607421875,1.4450684785842896,0.1110473835468293
54,68,122,1.6199362879991532,1027.662046133876,1027.80908203125,1029.281982421875,1.472951054573059,0.14698523342609415
55,67,122,2.1938305115699768,1019.7525806212425,1019.8164672851562,1021.9464111328125,2.129917860031128,0.06391265153884884
56,66,122,1.9253068965673448,1015.3656476932764,1015.498291015625,1017.2909545898438,1.7926238775253296,0.13268301904201518
46,77,123,0.006175247239880264,1017.2231948699476,1017.2139282226562,1017.2293701171875,0.01548346970230341,-0.009308222462423146
47,76,123,-0.4627691823244095,1025.5185553151368,1025.5704345703125,1025.0557861328125,-0.5145657658576965,0.05179658353328703
48,75,123,-0.869770064651966,1032.577777877152,1032.6336669921875,1031.7080078125,-0.9256935119628906,0.05592344731092458
49,74,123,-1.2311907750368118,1037.6406146031618,1037.8662109375,1036.409423828125,-1.4567065238952637,0.22551574885845183
50,73,123,-1.535638965368271,1041.4163762700557,1041.469482421875,1039.8807373046875,-1.5887174606323242,0.05307849526405328
51,72,123,-0.44935048416256906,1041.906015523225,1042.0953369140625,1041.4566650390625,-0.6386324763298035,0.1892819921672344
52,71,123,0.4608015230298042,1041.2868791410326,1041.2611083984375,1041.7476806640625,0.4866592586040497,-0.025857735574245477
53,70,123,1.077646915912628,1039.1199849200248,1039.2503662109375,1040.1976318359375,0.9472914338111877,0.13035548210144032
54,69,123,1.6116528880596162,1035.6971850025654,1035.773681640625,1037.308837890625,1.5352216958999634,0.07643119215965277
55,68,123,1.9253966891765595,1030.7069275295735,1030.7867431640625,1032.63232421875,1.8456319570541382,0.0797647321224213
56,67,123,2.052319645881653,1024.5118893384933,1024.6156005859375,1026.564208984375,1.948500394821167,0.10381925106048584
47,77,124,-1.1543337482213973,1030.245520271659,1030.3031005859375,1029.0911865234375,-1.211897373199463,0.05756362497806555
48,76,124,-1.6589521729946137,1039.903459008932,1039.990234375,1038.2445068359375,-1.74566650390625,0.08671433091163627
49,75,124,-1.8110038661956787,1043.3497001552582,1043.376220703125,1041.5386962890625,-1.8375674486160278,0.026563582420349174
50,74,124,-2.3350636076927187,1049.8856007170677,1049.95751953125,1047.550537109375,-2.407045364379883,0.07198175668716411
51,73,124,-0.805259183049202,1048.5237650424242,1048.5628662109375,1047.718505859375,-0.8443353772163391,0.039076194167137146
52,72,124,-0.06653564214240759,1050.6567456030798,1050.685546875,1050.5902099609375,-0.09538573771715164,0.02885009557474405
53,71,124,0.8932736989855766,1046.737463605702,1046.74365234375,1047.6307373046875,0.8871265053749084,0.006147193610668178
54,70,124,1.1718903094530106,1046.191635081172,1046.26416015625,1047.363525390625,1.099358081817627,0.0725322276353837
55,69,124,1.9441278958320618,1039.3313847994805,1039.555419921875,1041.2755126953125,1.7200555801391602,0.22407231569290165
56,68,124,1.8255854040384292,1036.044897994399,1036.121826171875,1037.8704833984375,1.7486649751663208,0.07692042887210837
57,67,124,2.170673770904541,1026.4820361900329,1026.50830078125,1028.6527099609375,2.1444389820098877,0.02623478889465325
47,78,125,-1.928827515244484,1036.538812866807,1036.6644287109375,1034.6099853515625,-2.0543625354766846,0.12553502023220053
48,77,125,-2.3616021609306337,1044.7198785281182,1044.710205078125,1042.3582763671875,-2.351925849914551,-0.009676311016082906
49,76,125,-2.803170937299728,1050.9590547263622,1050.9920654296875,1048.1558837890625,-2.836215019226074,0.033044081926346
50,75,125,-2.956130689382553,1055.7185818612575,1055.6910400390625,1052.762451171875,-2.9286365509033203,-0.027494138479232877
51,74,125,-1.593045027256012,1057.065945417881,1057.2701416015625,1055.472900390625,-1.797210931777954,0.20416590452194217
52,73,125,-0.3935581336915493,1057.3320346961916,1057.2545166015625,1056.9384765625,-0.31604817509651184,-0.07750995859503745
53,72,125,0.40721053555607795,1056.1541908316315,1056.286376953125,1056.5614013671875,0.274997740983963,0.13221279457211493
54,71,125,1.0415395122766495,1053.844813026786,1053.867431640625,1054.8863525390625,1.0189788341522217,0.022560678124427858
55,70,125,1.5685286188125611,1049.852736029625,1049.9754638671875,1051.4212646484375,1.4458482265472412,0.1226803922653199
56,69,125,1.9042465448379517,1044.7018325567246,1044.7723388671875,1046.6060791015625,1.8337693214416504,0.07047722339630136
57,68,125,2.0086612474918364,1038.0439510571957,1038.0804443359375,1040.0526123046875,1.9721565246582031,0.03650472283363326
48,78,126,-3.171066207885742,1051.6455535125733,1051.689208984375,1048.4744873046875,-3.2146928310394287,0.043626623153686594
49,77,126,-3.6379115283489227,1056.504366606474,1056.46044921875,1052.866455078125,-3.5940377712249756,-0.043873757123947144
50,76,126,-3.9168935668468476,1063.8982168090342,1063.8839111328125,1059.9813232421875,-3.902480125427246,-0.014413441419601547
51,75,126,-2.19316960811615,1063.4789362096787,1063.4794921875,1061.2857666015625,-2.1936862468719482,0.0005166387557982155
52,74,126,-1.061104174554348,1066.3596881589294,1066.3681640625,1065.298583984375,-1.069661259651184,0.00855708509683617
53,73,126,0.1257696384936571,1063.3885125880688,1063.43212890625,1063.5142822265625,0.08208925276994705,0.04368038572371005
54,72,126,0.5896763572096825,1063.8362269631027,1063.8857421875,1064.4259033203125,0.5402162075042725,0.04946014970541002
55,71,126,1.4503284430503844,1058.1014293694495,1058.3077392578125,1059.5517578125,1.2440904378890991,0.20623800516128532
56,70,126,1.591444422006607,1055.7720809686184,1055.8446044921875,1057.363525390625,1.5190248489379883,0.07241957306861879
57,69,126,2.115096770524979,1047.283340729475,1047.36572265625,1049.3984375,2.0326082706451416,0.0824884998798372
58,68,126,1.8280717521905898,1042.2833784431218,1042.4305419921875,1044.1114501953125,1.680939793586731,0.14713195860385886
48,79,127,-3.96270095705986,1056.1578913867475,1056.2459716796875,1052.1951904296875,-4.050698757171631,0.08799780011177072
49,78,127,-4.616912367343903,1063.6766047501565,1063.602294921875,1059.0596923828125,-4.542540550231934,-0.07437181711196938
50,77,127,-4.706231064796448,1069.4774712991714,1069.40966796875,1064.771240234375,-4.638379096984863,-0.06785196781158476
51,76,127,-3.158000636100769,1071.7440602064132,1071.85595703125,1068.5860595703125,-3.2698893547058105,0.11188871860504168
52,75,127,-1.5607989817857741,1072.7555011302234,1072.6558837890625,1071.1947021484375,-1.461195945739746,-0.09960303604602805
53,74,127,-0.4597994513809681,1072.4191500373186,1072.576171875,1071.9593505859375,-0.6168947815895081,0.15709533020853994
54,73,127,0.3618807628750801,1071.1035733386875,1071.131591796875,1071.4654541015625,0.3338889479637146,0.027991814911365487
55,72,127,1.023539159297943,1068.155904200077,1068.268310546875,1069.179443359375,0.9111251831054688,0.11241397619247429
56,71,127,1.5655849498510361,1064.0180332142115,1064.06396484375,1065.5836181640625,1.5196473598480225,0.04593759000301367
57,70,127,1.8864994144439697,1058.360082616806,1058.3597412109375,1060.24658203125,1.8868669271469116,-0.00036751270294188565
58,69,127,1.971332448720932,1051.577739816904,1051.66064453125,1053.549072265625,1.8884093761444092,0.08292307257652287
48,80,128,-4.865115909576416,1062.772952823639,1062.8143310546875,1057.9078369140625,-4.9064435958862305,0.041327686309814204
49,79,128,-5.567694962024689,1068.9362252354622,1068.9837646484375,1063.3685302734375,-5.615294933319092,0.047599971294403076
50,78,128,-5.667245442867279,1077.2247405600547,1077.372802734375,1071.5574951171875,-5.81532621383667,0.14808077096939076
51,77,128,-3.9657692992687226,1077.9339089477062,1077.85888671875,1073.9681396484375,-3.890673875808716,-0.07509542346000675
52,76,128,-2.360112918615341,1081.4519097936154,1081.4404296875,1079.091796875,-2.348693370819092,-0.011419547796249319
53,75,128,-0.8785803633928299,1079.3299963790178,1079.40234375,1078.451416015625,-0.9509976506233215,0.07241728723049168
54,74,128,-0.14849111277610064,1080.6592333002761,1080.7425537109375,1080.5107421875,-0.23172970116138458,0.08323858838528395
55,73,128,0.8032071834802628,1076.0149080508947,1076.0313720703125,1076.818115234375,0.7866742014884949,0.016532981991767892
56,72,128,1.1637675577402116,1074.6506855672599,1074.6864013671875,1075.814453125,1.1280386447906494,0.03572891294956215
57,71,128,1.9204726582765579,1067.1478867167234,1067.160400390625,1069.068359375,1.9080102443695068,0.012462413907051051
58,70,128,1.777244610786438,1063.2256850767135,1063.2864990234375,1065.0029296875,1.7163652181625366,0.060879392623901296
59,69,128,2.0250194883346557,1053.1772510194778,1053.301025390625,1055.2022705078125,1.9013125896453857,0.12370689868926998
48,81,129,-5.84900315284729,1067.1004679965972,1066.76953125,1061.25146484375,-5.518094539642334,-0.3309086132049561
49,80,129,-6.781598207950592,1075.936505434513,1075.699951171875,1069.1549072265625,-6.54500150680542,-0.23659670114517173
50,79,129,-6.682749383449554,1082.6248880553246,1082.6732177734375,1075.942138671875,-6.731082439422607,0.04833305597305326
51,78,129,-4.9734880113601685,1085.8058854722976,1085.9296875,1080.8323974609375,-5.097272872924805,0.1237848615646362
52,77,129,-3.086212766170502,1087.640045773983,1087.5228271484375,1084.5538330078125,-2.9690380096435547,-0.1171747565269472
53,76,129,-1.6055547708272935,1088.0358526223897,1088.2427978515625,1086.4302978515625,-1.8125441074371338,0.2069893366098403
54,75,129,-0.5214876873791218,1087.6077913983165,1087.6494140625,1087.0863037109375,-0.5630675554275513,0.0415798680484295
55,74,129,0.3394785366952419,1085.6090077914298,1085.6700439453125,1085.948486328125,0.27846837043762207,0.06101016625761985
56,73,129,1.0350111654400826,1082.50453961581,1082.449462890625,1083.53955078125,1.090114951133728,-0.05510378569364538
57,72,129,1.5755841690301895,1077.8115007919073,1077.9298095703125,1079.3870849609375,1.4573088884353638,0.11827528059482573
58,71,129,1.8703405022621156,1072.0433557868005,1072.1114501953125,1073.9136962890625,1.8022499084472656,0.06809059381484994
59,70,129,1.9116131049394607,1064.834602715373,1064.8150634765625,1066.7462158203125,1.9311065673828125,-0.019493462443351817
48,82,130,-6.096916298866272,1072.6733323144913,1072.8363037109375,1066.576416015625,-6.2599196434021,0.1630033445358272
49,81,130,-8.13196912765503,1081.20984998703,1080.8428955078125,1073.077880859375,-7.765048503875732,-0.366920623779297
50,80,130,-8.03313138961792,1090.345875530243,1090.2862548828125,1082.312744140625,-7.973430633544922,-0.05970075607299741
51,79,130,-6.00553528547287,1091.806316535473,1091.6573486328125,1085.80078125,-5.856493949890137,-0.14904133558273358
52,78,130,-4.008621363639832,1096.0149690198898,1095.9422607421875,1092.00634765625,-3.9359281063079834,-0.0726932573318484
53,77,130,-2.231321259737015,1094.7111796581746,1094.7431640625,1092.4798583984375,-2.263338804244995,0.03201754450798022
54,76,130,-1.150637892484665,1096.8076203143596,1096.905029296875,1095.656982421875,-1.2480509281158447,0.09741303563117976
55,75,130,-0.0031962904008105398,1093.1179423841509,1093.1419677734375,1093.11474609375,-0.02724125050008297,0.02404496009927243
56,74,130,0.5688103269040584,1092.696082251221,1092.7166748046875,1093.264892578125,0.5481780171394348,0.020632309764623602
57,73,130,1.4777153646945953,1086.2280951821804,1086.304931640625,1087.705810546875,1.4008727073669434,0.07684265732765194
58,72,130,1.5759622377157212,1083.2538717466593,1083.318115234375,1084.829833984375,1.5117136240005493,0.06424861371517188
59,71,130,2.0400991040468215,1074.212830583453,1074.288330078125,1076.2529296875,1.9646055698394775,0.07549353420734395
60,70,130,1.7061067295074464,1068.6458219814301,1068.9267578125,1070.3519287109375,1.4251959323883057,0.2809107971191407
48,83,131,-5.211036164760589,1074.7686533522606,1075.0018310546875,1069.5576171875,-5.444186210632324,0.23315004587173505
49,82,131,-8.755444865226746,1087.2287114667893,1087.031982421875,1078.4732666015625,-8.558799743652344,-0.19664512157440228
50,81,131,-9.55461741924286,1095.862967028618,1095.4898681640625,1086.308349609375,-9.181516647338867,-0.37310077190399227
51,80,131,-7.331562359333038,1099.5777781796455,1099.4244384765625,1092.2462158203125,-7.178163051605225,-0.1533993077278133
52,79,131,-4.988827087879181,1102.0403407597541,1101.87158203125,1097.051513671875,-4.820127964019775,-0.16869912385940555
53,78,131,-3.085414822101593,1103.0964011502265,1103.321044921875,1100.010986328125,-3.3100364208221436,0.22462159872055043
54,77,131,-1.694631831049919,1103.4816191357374,1103.509521484375,1101.7869873046875,-1.7225438356399536,0.02791200459003451
55,76,131,-0.5941545888781548,1102.3617327138782,1102.369140625,1101.767578125,-0.6016080975532532,0.007453508675098419
56,75,131,0.2936344987154007,1100.221136009097,1100.210205078125,1100.5147705078125,0.30452093482017517,-0.010886436104774466
57,74,131,1.0287769928574562,1096.48721421808,1096.5181884765625,1097.5159912109375,0.9978718161582947,0.030905176699161485
58,73,131,1.5723961246013642,1091.6623450863362,1091.675048828125,1093.2347412109375,1.5597515106201172,0.012644613981247055
59,72,131,1.8383707666397096,1085.4180989599229,1085.48486328125,1087.2564697265625,1.7716182470321655,0.06675251960754403
60,71,131,1.868791453242302,1078.0782300311328,1078.169921875,1079.947021484375,1.7771426439285278,0.09164880931377417
48,84,132,-3.8320263147354128,1078.341914010048,1078.3267822265625,1074.5098876953125,-3.816854476928711,-0.015171837806701838
49,83,132,-7.69058004617691,1089.7159706711768,1089.490478515625,1082.025390625,-7.465167999267578,-0.22541204690933192
50,82,132,-10.5899569272995,1102.8694979429245,1102.8431396484375,1092.279541015625,-10.563675880432129,-0.026281046867371316
51,81,132,-8.778535346984864,1105.5956740188599,1105.1495361328125,1096.817138671875,-8.332450866699219,-0.44608448028564496
52,80,132,-6.202267401218414,1110.279049627781,1109.920166015625,1104.0767822265625,-5.843379020690918,-0.35888838052749605
53,79,132,-3.977231583595276,1109.6126075601578,1109.653076171875,1105.6353759765625,-4.017747402191162,0.040515818595886266
54,78,132,-2.420257420539856,1112.3218687486649,1112.4461669921875,1109.901611328125,-2.5445632934570312,0.1243058729171751
55,77,132,-1.083739587664604,1109.5638421267272,1109.53759765625,1108.4801025390625,-1.057481050491333,-0.02625853717327109
56,76,132,-0.2619115483760834,1110.016061939001,1110.0374755859375,1109.754150390625,-0.28325340151786804,0.02134185314178466
57,75,132,0.7533081623911858,1104.5981322672963,1104.5438232421875,1105.3514404296875,0.8076825141906738,-0.05437435179948802
58,74,132,1.1382105380296708,1102.4961888760329,1102.506591796875,1103.6343994140625,1.1278585195541382,0.010352018475532576
59,73,132,1.8882098144292832,1094.3611798340082,1094.4830322265625,1096.2493896484375,1.7664613723754883,0.12174844205379487
60,72,132,1.697904040813446,1089.8443322873115,1089.89892578125,1091.542236328125,1.6432719230651855,0.05463211774826049
50,83,133,-9.718533062934876,1105.61965610981,1105.2418212890625,1095.901123046875,-9.340719223022461,-0.3778138399124149
51,82,133,-9.78553234577179,1112.6453956270218,1112.5091552734375,1102.85986328125,-9.649263381958008,-0.13626896381378195
52,81,133,-7.46695074558258,1116.188264222145,1115.7403564453125,1108.7213134765625,-7.019089221954346,-0.4478615236282346
53,80,133,-5.107940649986267,1117.8441467046737,1117.878173828125,1112.7362060546875,-5.142061710357666,0.03412106037139928
54,79,133,-3.209706267118454,1118.813099821806,1118.8822021484375,1115.6033935546875,-3.2787506580352783,0.06904439091682413
55,78,133,-1.7894591039419174,1118.463287228942,1118.527099609375,1116.673828125,-1.8533132076263428,0.06385410368442535
56,77,133,-0.6833300387859345,1117.230693320036,1117.2274169921875,1116.54736328125,-0.6800113320350647,-0.00331870675086976
57,76,133,0.23495953425765037,1114.438014098555,1114.3858642578125,1114.6729736328125,0.28708624839782715,-0.05212671414017678
58,75,133,0.9658801856637002,1110.5873424705862,1110.52734375,1111.55322265625,1.025819182395935,-0.059938996732234906
59,74,133,1.5085706740617753,1105.2250719040633,1105.264404296875,1106.733642578125,1.4692786931991577,0.03929198086261754
60,73,133,1.8037532764673232,1098.81721840322,1098.8768310546875,1100.6209716796875,1.7440640926361084,0.0596891838312148
61,72,133,1.8513635051250459,1091.004593526125,1091.1697998046875,1092.85595703125,1.6861872673034668,0.16517623782157909
50,84,134,-7.7966777300834655,1109.2847148394585,1108.873046875,1101.488037109375,-7.384937286376953,-0.4117404437065124
51,83,134,-9.07968723297119,1116.128271217346,1115.6759033203125,1107.048583984375,-8.62734603881836,-0.45234119415283125
52,82,134,-8.256796278953551,1123.5924896383285,1123.4083251953125,1115.335693359375,-8.072611808776855,-0.18418447017669592
53,81,134,-6.259696259498596,1124.2114784860612,1124.1356201171875,1117.9517822265625,-6.183880805969238,-0.07581545352935759
54,80,134,-4.24988133430481,1127.5295444202422,1127.4356689453125,1123.2796630859375,-4.156097888946533,-0.09378344535827665
55,79,134,-2.4690482580661772,1125.419243570566,1125.418701171875,1122.9501953125,-2.468488931655884,-0.000559326410293437
56,78,134,-1.3183112680912017,1126.6381354868413,1126.6951904296875,1125.31982421875,-1.3753641843795776,0.05705291628837594
57,77,134,-0.1634113597497344,1122.2072346019372,1122.1815185546875,1122.0438232421875,-0.137619286775589,-0.025792072974145402
58,76,134,0.44262582004070283,1121.0136730080842,1121.013427734375,1121.456298828125,0.44294458627700806,-0.0003187662363052235
59,75,134,1.357760142683983,1113.8750279432536,1113.9261474609375,1115.2327880859375,1.3066984415054321,0.0510617011785508
60,74,134,1.4466793197393417,1110.2424075943231,1110.26220703125,1111.6890869140625,1.4269055128097534,0.0197738069295883
61,73,134,2.005614184141159,1100.5114756596088,1100.597412109375,1102.51708984375,1.9197834730148315,0.08583071112632767
50,85,135,-6.053917763233184,1110.8039177632331,1111.142822265625,1104.75,-6.392784118652344,0.3388663554191593
51,84,135,-7.262841165065765,1119.9669427275658,1119.4185791015625,1112.7041015625,-6.714506149291992,-0.5483350157737732
52,83,135,-7.484806311130524,1127.0797770142556,1126.6746826171875,1119.594970703125,-7.079679489135742,-0.40512682199478167
53,82,135,-6.968631520271301,1131.6073033952714,1131.9427490234375,1124.638671875,-7.304005146026611,0.3353736257553104
54,81,135,-5.348659956455231,1133.9182400345803,1133.7945556640625,1128.569580078125,-5.2249436378479,-0.12371631860733068
55,80,135,-3.450501503944397,1134.153016152382,1134.1807861328125,1130.7025146484375,-3.478281259536743,0.027779755592346245
56,79,135,-1.8981584852933884,1133.5721086806059,1133.6671142578125,1131.6739501953125,-1.9932513236999512,0.0950928384065628
57,78,135,-0.7718145963549614,1131.667322408855,1131.6776123046875,1130.8955078125,-0.7820695638656616,0.010254967510700208
58,77,135,0.11167339086532593,1128.7961635231973,1128.8681640625,1128.9078369140625,0.039701059460639954,0.07197233140468598
59,76,135,0.8564071407914162,1124.3614883670211,1124.4052734375,1125.2178955078125,0.8125255107879639,0.043881630003452354
60,75,135,1.3795324897766112,1118.8918298149108,1118.9007568359375,1120.2713623046875,1.3706270456314087,0.008905444145202557
61,74,135,1.7123808538913727,1111.9571748101712,1111.967041015625,1113.6695556640625,1.7024017572402954,0.009979096651077324
62,73,135,1.8655296343564987,1103.898996732831,1103.9796142578125,1105.7645263671875,1.7848554849624634,0.08067414939403528
51,85,136,-5.712995007038116,1122.2381414914132,1122.306396484375,1116.525146484375,-5.7812933921813965,0.06829838514328035
52,84,136,-5.840055487155914,1131.6541424012185,1131.4425048828125,1125.8140869140625,-5.628361701965332,-0.21169378519058224
53,83,136,-6.2415604662895205,1135.7027421069145,1135.7801513671875,1129.461181640625,-6.318893909454346,0.07733344316482516
54,82,136,-6.005279514789581,1141.8292541241647,1141.8817138671875,1135.823974609375,-6.0576558113098145,0.05237629652023301
55,81,136,-4.508362879753113,1141.0676890516281,1141.009033203125,1136.559326171875,-4.449701309204102,-0.058661570549011444
56,80,136,-2.7738987517356875,1142.7709690642357,1142.77490234375,1139.9970703125,-2.7777934074401855,0.0038946557044980956
57,79,136,-1.292046349644661,1139.1116264277696,1139.1429443359375,1137.819580078125,-1.3233546018600464,0.03130825221538536
58,78,136,-0.4570974966883659,1138.790471520126,1138.8316650390625,1138.3333740234375,-0.4983457922935486,0.04124829560518267
59,77,136,0.5126287260651589,1132.7294367036222,1132.8812255859375,1133.2420654296875,0.3608582317829132,0.15177049428224565
60,76,136,0.8770678868889809,1129.9556957849861,1129.957763671875,1130.832763671875,0.8750166893005371,0.0020511975884437428
61,75,136,1.688746958374977,1121.1380352681874,1121.14599609375,1122.8267822265625,1.6807295083999634,0.008017449975013635
62,74,136,1.5703425455093383,1115.9250187826156,1116.004638671875,1117.495361328125,1.4906699657440186,0.07967257976531972
51,86,137,-4.21994571685791,1126.0279291152954,1125.9312744140625,1121.8079833984375,-4.12332820892334,-0.09661750793457013
52,85,137,-4.587899947166443,1134.290658736229,1134.392333984375,1129.7027587890625,-4.689528942108154,0.10162899494171107
53,84,137,-4.87030654668808,1140.6201844763755,1140.6624755859375,1135.7498779296875,-4.912602424621582,0.04229587793350209
54,83,137,-5.284044961929322,1146.0019404697418,1145.9072265625,1140.7178955078125,-5.189328670501709,-0.09471629142761273
55,82,137,-5.2396898412704465,1149.1266527318955,1149.2872314453125,1143.886962890625,-5.4003400802612305,0.160650238990784
56,81,137,-3.785620313882828,1149.7143312513829,1149.6805419921875,1145.9287109375,-3.751786708831787,-0.03383360505104083
57,80,137,-2.1155772161483766,1148.3348154973983,1148.317626953125,1146.21923828125,-2.0984418392181396,-0.017135376930236923
58,79,137,-0.9183022204041481,1146.2535072985293,1146.313232421875,1145.335205078125,-0.97795170545578,0.05964948505163192
59,78,137,-0.03089815186103806,1142.777724323736,1142.81396484375,1142.746826171875,-0.06712239235639572,0.03622424049535766
60,77,137,0.6509705150127411,1138.2864074146748,1138.4136962890625,1138.9373779296875,0.5236786007881165,0.1272919142246246
61,76,137,1.2141409301757813,1132.2555856323243,1132.1202392578125,1133.4697265625,1.3494346141815186,-0.13529368400573727
62,75,137,1.5963982510566712,1125.1387091708184,1125.2567138671875,1126.735107421875,1.478445053100586,0.11795319795608528
63,74,137,1.8013900035619737,1116.586549449563,1116.628662109375,1118.387939453125,1.7593871355056763,0.04200286805629738
52,86,138,-3.3043024492263795,1138.8456842851638,1138.8558349609375,1135.5413818359375,-3.3144872188568115,0.010184769630432022
53,85,138,-3.8588911628723146,1144.052860889435,1144.357421875,1140.1939697265625,-4.163489818572998,0.30459865570068345
54,84,138,-4.038364355564117,1151.6046485352517,1151.5673828125,1147.5662841796875,-4.001108169555664,-0.03725618600845326
55,83,138,-4.52222724199295,1153.8621930623056,1153.6998291015625,1149.3399658203125,-4.359890937805176,-0.16233630418777434
56,82,138,-4.519921531677246,1158.3395016098023,1158.292236328125,1153.819580078125,-4.47271728515625,-0.04720424652099631
57,81,138,-3.0336891055107116,1155.7469459414483,1155.761474609375,1152.7132568359375,-3.048248291015625,0.014559185504913419
58,80,138,-1.6598494452238084,1155.9609969061612,1156.0316162109375,1154.3011474609375,-1.7305047512054443,0.07065530598163594
59,79,138,-0.4736859631538391,1150.787650806904,1150.812255859375,1150.31396484375,-0.4983232617378235,0.02463729858398439
60,78,138,0.12301669405773281,1148.8879696340673,1148.918212890625,1149.010986328125,0.09277377277612686,0.030242921281605953
61,77,138,0.9827394616603852,1141.1593503820895,1141.0330810546875,1142.14208984375,1.1089524030685425,-0.1262129414081573
62,76,138,1.1100513291358949,1136.8391674208642,1136.8341064453125,1137.94921875,1.1151084899902344,-0.005057160854339493
63,75,138,1.8630725347995758,1126.3344372308254,1126.3037109375,1128.197509765625,1.8938454389572144,-0.03077290415763856
52,87,139,-2.3693825006484985,1141.442502617836,1141.436279296875,1139.0731201171875,-2.363093137741089,-0.006289362907409668
53,86,139,-2.755560677051544,1148.8546817708016,1148.9197998046875,1146.09912109375,-2.820681571960449,0.06512089490890505
54,85,139,-3.13197206735611,1155.2108294892312,1155.31103515625,1152.078857421875,-3.232198476791382,0.10022640943527206
55,84,139,-3.425156601667404,1159.6838235938549,1159.585205078125,1156.2586669921875,-3.3265912532806396,-0.09856534838676456
56,83,139,-3.7575031781196593,1163.102107670307,1163.0157470703125,1159.3446044921875,-3.67110276222229,-0.08640041589736924
57,82,139,-3.8256438636779784,1164.503378238678,1164.5418701171875,1160.677734375,-3.8641228675842285,0.03847900390625014
58,81,139,-2.511639450788498,1163.3820007789136,1163.494873046875,1160.870361328125,-2.6245052814483643,0.11286583065986644
59,80,139,-1.2100684291124344,1160.5663916713,1160.5833740234375,1159.3563232421875,-1.2270160913467407,0.016947662234306327
60,79,139,-0.27288031645119193,1156.9288861758262,1156.9893798828125,1156.656005859375,-0.3332816958427429,0.06040137939155099
61,78,139,0.4797865252196789,1151.8148912091553,1151.6910400390625,1152.294677734375,0.6036403775215149,-0.12385385230183599
62,77,139,0.9906935533881187,1145.7110886731743,1145.7879638671875,1146.7017822265625,0.9138042330741882,0.07688932031393048
63,76,139,1.4182342278957367,1138.0745636236668,1138.0234375,1139.4927978515625,1.4693634510040283,-0.0511292231082916
52,88,140,-1.1832950186729432,1145.7284610342979,1145.669921875,1144.545166015625,-1.1247152090072632,-0.058579809665679994
53,87,140,-1.881100276708603,1152.059933284521,1152.1263427734375,1150.1788330078125,-1.947587251663208,0.0664869749546051
54,86,140,-2.1482415425777437,1160.6843743550778,1160.7242431640625,1158.5361328125,-2.1880786418914795,0.0398370993137358
55,85,140,-2.61266282081604,1163.9355387973785,1164.005126953125,1161.3228759765625,-2.6823501586914062,0.0696873378753664
56,84,140,-2.7041319000720976,1169.5231016266346,1169.4410400390625,1166.8189697265625,-2.622044563293457,-0.08208733677864055
57,83,140,-3.015907266139984,1169.7735976958274,1169.7027587890625,1166.7576904296875,-2.9450886249542236,-0.07081864118576053
58,82,140,-3.3053531420230864,1172.698907829523,1172.6826171875,1169.3935546875,-3.2890546321868896,-0.01629850983619674
59,81,140,-2.0154004490375517,1168.49892095685,1168.5123291015625,1166.4835205078125,-2.028773307800293,0.013372858762741302
60,80,140,-0.9811072570085525,1167.2411170226335,1167.3009033203125,1166.260009765625,-1.0409291982650757,0.05982194125652318
61,79,140,0.06872277330607175,1160.431521367319,1160.473388671875,1160.500244140625,0.02680186927318573,0.04192090403288602
62,78,140,0.45960876867175104,1156.9587261922657,1156.9349365234375,1157.4183349609375,0.483367919921875,-0.023759151250123955
63,77,140,1.2808505427837371,1147.5270107853412,1147.6826171875,1148.807861328125,1.1252493858337402,0.15560115694999688
64,76,140,1.2255413234233856,1141.6428668797016,1141.6966552734375,1142.868408203125,1.1718506813049316,0.05369064211845398
65,75,140,1.89314013838768,1129.5133540022373,1129.6142578125,1131.406494140625,1.7922496795654297,0.10089045882225034
53,88,141,-0.7631452059745789,1156.4777448153495,1156.51806640625,1155.714599609375,-0.8035754561424255,0.040430250167846626
54,87,141,-1.3469338202476502,1164.0284523749351,1164.0064697265625,1162.6815185546875,-1.3249300718307495,-0.02200374841690067
55,86,141,-1.745318757891655,1169.5929750078917,1169.504150390625,1167.84765625,-1.656476616859436,-0.08884214103221888
56,85,141,-1.9638159877061845,1173.916208565831,1173.9769287109375,1171.952392578125,-2.0245072841644287,0.060691296458244226
57,84,141,-2.0891142123937607,1176.3920927280187,1176.391845703125,1174.302978515625,-2.0889201164245605,-0.0001940959692001698
58,83,141,-2.461552435159683,1178.0075729429723,1178.11083984375,1175.5460205078125,-2.564728260040283,0.10317582488060006
59,82,141,-2.8491932547092436,1177.9298817312717,1177.911865234375,1175.0806884765625,-2.8312559127807617,-0.017937341928481843
60,81,141,-1.762353879213333,1175.2247562229634,1175.3065185546875,1173.46240234375,-1.8441298007965088,0.0817759215831757
61,80,141,-0.6802267378568649,1170.8608908003569,1170.8555908203125,1170.1806640625,-0.6749061942100525,-0.005320543646812448
62,79,141,0.11862844781950116,1165.5827875678056,1165.4842529296875,1165.701416015625,0.21719026565551758,-0.09856181783601642
63,78,141,0.76530120074749,1158.837848213315,1158.693603515625,1159.6031494140625,0.9095448851585388,-0.14424368441104884
64,77,141,1.1566129982471467,1151.106570595503,1151.2098388671875,1152.26318359375,1.053352952003479,0.10326004624366769
65,76,141,1.4897966611385345,1141.8583478701114,1141.744140625,1143.34814453125,1.6039724349975586,-0.11417577385902411
53,89,142,-0.014125176243833266,1159.4572404106189,1159.4656982421875,1159.443115234375,-0.022635290399193764,0.008510114155360498
54,88,142,-0.33680223040282725,1169.0987651210278,1169.110107421875,1168.761962890625,-0.34812089800834656,0.011318667605519306
55,87,142,-1.0378335773944856,1173.575065022707,1173.6126708984375,1172.5372314453125,-1.0754032135009766,0.037569636106491
56,86,142,-1.1798474794626237,1180.205360174775,1180.157958984375,1179.0255126953125,-1.13247811794281,-0.047369361519813635
57,85,142,-1.4294737356901168,1181.4136045950652,1181.557373046875,1179.984130859375,-1.5731940269470215,0.14372029125690466
58,84,142,-1.5545995157957078,1185.1974217814206,1185.283935546875,1183.642822265625,-1.641087532043457,0.08648801624774927
59,83,142,-2.0101569330692293,1183.7940924799443,1183.7550048828125,1181.783935546875,-1.971172571182251,-0.03898436188697829
60,82,142,-2.6163665652275085,1185.2303802371025,1185.1363525390625,1182.614013671875,-2.522449016571045,-0.09391754865646362
61,81,142,-1.5091550654172898,1179.4456785029172,1179.5455322265625,1177.9365234375,-1.6090444326400757,0.09988936722278585
62,80,142,-0.6442090222239494,1176.5830517956615,1176.6036376953125,1175.9388427734375,-0.6647603511810303,0.020551328957080894
63,79,142,0.3537791632115841,1168.088237438351,1168.148193359375,1168.4420166015625,0.29376599192619324,0.060013171285390854
64,78,142,0.5668381668627263,1163.0505934737623,1163.0164794921875,1163.617431640625,0.6009709239006042,-0.03413275703787799
65,77,142,1.3989828687906265,1151.9014321702718,1151.8341064453125,1153.3004150390625,1.4662909507751465,-0.06730808198451999
54,89,143,0.3810138787329197,1172.1723308478295,1172.1546630859375,1172.5533447265625,0.3987402021884918,-0.017726323455572124
55,88,143,-0.13891744744032622,1178.8212904943152,1178.844970703125,1178.682373046875,-0.16248804330825806,0.023570595867931837
56,87,143,-0.5427628859877587,1184.3243790969252,1184.32421875,1183.7816162109375,-0.5426260232925415,-0.00013686269521717698
57,86,143,-0.7243368035554886,1187.8498250848054,1187.776123046875,1187.12548828125,-0.6507219672203064,-0.07361483633518218
58,85,143,-0.9138224226236343,1190.3076212507485,1190.4287109375,1189.393798828125,-1.0349401235580444,0.1211177009344101
59,84,143,-1.163818034529686,1191.1158444017171,1191.108154296875,1189.9520263671875,-1.1562352180480957,-0.007582816481590315
60,83,143,-1.7797225308418274,1191.1696151089668,1191.260009765625,1189.389892578125,-1.8701069355010986,0.09038440465927122
61,82,143,-2.3503432083129883,1189.5123305130005,1189.43603515625,1187.1619873046875,-2.273956060409546,-0.07638714790344237
62,81,143,-1.4479354387521743,1185.2177108293772,1185.2100830078125,1183.769775390625,-1.4402925968170166,-0.00764284193515774
63,80,143,-0.4824705083668232,1179.2380857427418,1179.1519775390625,1178.755615234375,-0.39627689123153687,-0.08619361713528634
64,79,143,0.2669380763173103,1172.2666312596202,1172.359619140625,1172.5335693359375,0.1740206480026245,0.0929174283146858
65,78,143,0.8540721437335015,1163.8788380125166,1163.76513671875,1164.73291015625,0.9677955508232117,-0.11372340708971018
66,77,143,1.1354127556085587,1154.545861658454,1154.7325439453125,1155.6812744140625,0.9487216472625732,0.18669110834598546
54,90,144,1.3283393007516862,1176.9421685117484,1176.8953857421875,1178.2705078125,1.3751134872436523,-0.046774186491966185
55,89,144,0.5426132634282113,1182.4682509943843,1182.5120849609375,1183.0108642578125,0.4988462030887604,0.04376706033945088
56,88,144,0.24461424469947815,1190.223281263113,1190.2254638671875,1190.4678955078125,0.24240341782569885,0.002210826873779298
57,87,144,-0.09745755727402866,1192.519576697899,1192.525634765625,1192.422119140625,-0.10353408753871918,0.006076530264690516
58,86,144,-0.2181487264856696,1197.2976164999232,1197.3255615234375,1197.0794677734375,-0.2461027354001999,0.027954008914530287
59,85,144,-0.528465211391449,1196.7750472426414,1196.8619384765625,1196.24658203125,-0.6153033375740051,0.08683812618255615
60,84,144,-0.9125774583220482,1199.017802067697,1199.0770263671875,1198.105224609375,-0.9717282056808472,0.059150747358798994
61,83,144,-1.5493374866247178,1196.0337124866246,1195.9627685546875,1194.484375,-1.4783738851547241,-0.0709636014699937
62,82,144,-2.31022335767746,1195.855511443615,1195.72998046875,1193.5452880859375,-2.184687376022339,-0.12553598165512092
63,81,144,-1.3473914659023285,1188.4828895127773,1188.60107421875,1187.135498046875,-1.4656469821929932,0.11825551629066466
64,80,144,-0.5858243523538113,1183.9852384148537,1183.9591064453125,1183.3994140625,-0.5597468018531799,-0.02607755050063132
65,79,144,0.48398632630705835,1173.715964845568,1173.785400390625,1174.199951171875,0.41447219252586365,0.0695141337811947
66,78,144,0.5171420995891094,1167.1504604394734,1167.2049560546875,1167.6676025390625,0.46266016364097595,0.05448193594813344
67,77,144,1.233839643597603,1154.4438947314025,1154.4620361328125,1155.677734375,1.2156338691711426,0.01820577442646032
54,91,145,2.105991040468216,1179.6147120845317,1179.5877685546875,1181.720703125,2.1329731941223145,-0.026982153654098617
55,90,145,1.4689066714048387,1187.3211323910953,1187.366455078125,1188.7900390625,1.4235953092575073,0.045311362147331335
56,89,145,0.8773232233524323,1193.982906268835,1194.0458984375,1194.8602294921875,0.8143660426139832,0.06295718073844914
57,88,145,0.6049478480219841,1198.5690023472905,1198.5826416015625,1199.1739501953125,0.5913085341453552,0.013639313876628867
58,87,145,0.42640643551945684,1202.0169529394805,1202.0321044921875,1202.443359375,0.4113210439682007,0.015085391551256155
59,86,145,0.1713749161362648,1203.8296016463637,1203.80859375,1204.0009765625,0.1923997849225998,-0.021024868786335
60,85,145,-0.27113388195633886,1204.7412266553938,1204.832275390625,1204.4700927734375,-0.36222320795059204,0.09108932599425318
61,84,145,-0.6874522769451141,1203.9588145816326,1203.885498046875,1203.2713623046875,-0.6141514182090759,-0.0733008587360382
62,83,145,-1.511133161187172,1202.4514407783747,1202.487060546875,1200.9403076171875,-1.5466630458831787,0.03552988469600682
63,82,145,-2.1806884467601777,1199.16555172801,1199.0447998046875,1196.98486328125,-2.059965133666992,-0.12072331309318551
64,81,145,-1.3736644297838212,1193.2277904063462,1193.197509765625,1191.8541259765625,-1.3433610200881958,-0.030303409695625394
65,80,145,-0.43569144830107687,1185.577293010801,1185.8883056640625,1185.1416015625,-0.7466204166412354,0.3109289683401585
66,79,145,0.2875923953205347,1176.9239554562419,1176.9488525390625,1177.2115478515625,0.26270318031311035,0.02488921500742436
67,78,145,0.7038371470570565,1167.0379841420054,1167.0439453125,1167.7418212890625,0.6977953314781189,0.0060418155789375705
54,92,146,3.0152726697921755,1184.0720076036453,1184.12060546875,1187.0872802734375,2.9666593074798584,0.048613362312317054
55,91,146,2.227514201402664,1190.5427494704722,1190.6937255859375,1192.770263671875,2.076570510864258,0.15094369053840628
56,90,146,1.75014752805233,1199.4231923156976,1199.46728515625,1201.17333984375,1.7061141729354858,0.04403335511684414
57,89,146,1.2148380941152572,1202.8850154215097,1203.039794921875,1204.099853515625,1.0600600242614746,0.15477806985378262
58,88,146,1.1091380316019057,1208.6234059137105,1208.6622314453125,1209.7325439453125,1.0704100131988525,0.03872801840305318
59,87,146,0.8673548147082328,1209.0343785837292,1208.927490234375,1209.9017333984375,0.97422856092453,-0.1068737462162972
60,86,146,0.4366057378053665,1212.3282868403196,1212.3975830078125,1212.764892578125,0.36737534403800964,0.06923039376735685
61,85,146,-0.033443401416298,1210.2091025811037,1210.1436767578125,1210.1756591796875,0.03208969905972481,-0.06553310047602282
62,84,146,-0.6041539436578751,1210.8745396858453,1210.9033203125,1210.2703857421875,-0.632939875125885,0.028785931468009895
63,83,146,-1.3836196446418763,1206.3056167149543,1206.2421875,1204.9219970703125,-1.3201333284378052,-0.06348631620407108
64,82,146,-2.226189000606537,1204.475090367794,1204.4281005859375,1202.2489013671875,-2.179158926010132,-0.04703007459640496
65,81,146,-1.2414585292339324,1195.382083529234,1195.323486328125,1194.140625,-1.182851791381836,-0.05860673785209647
66,80,146,-0.6121192455291748,1189.3126807689666,1189.33251953125,1188.7005615234375,-0.6319108009338379,0.01979155540466304
67,79,146,0.4171174640953541,1177.4145475749672,1177.2333984375,1177.8316650390625,0.5982045531272888,-0.1810870890319347
68,78,146,0.22015198551118373,1169.4052142254263,1169.534912109375,1169.6253662109375,0.09048587828874588,0.12966610722243785
55,92,147,3.0415714883804323,1195.1547175741196,1195.374755859375,1198.1962890625,2.8215243816375732,0.2200471067428591
56,91,147,2.4130377280712128,1202.8018060219288,1202.9364013671875,1205.21484375,2.2784719467163086,0.13456578135490416
57,90,147,1.9387727332115174,1208.537179415226,1208.568359375,1210.4759521484375,1.907596468925476,0.031176264286041366
58,89,147,1.710389767885208,1213.0127547633647,1213.12158203125,1214.72314453125,1.6015750169754028,0.10881475090980519
59,88,147,1.555707797408104,1215.701372280717,1215.7694091796875,1217.257080078125,1.4876834154129028,0.06802438199520111
60,87,147,1.1792185521125793,1217.5539357447624,1217.689697265625,1218.733154296875,1.0434705018997192,0.13574805021286007
61,86,147,0.6948806232213974,1217.8446701580285,1217.8026123046875,1218.53955078125,0.7370198965072632,-0.04213927328586575
62,85,147,0.03681386251235381,1217.2083033249876,1217.2442626953125,1217.2451171875,0.0008131900103762746,0.03600067250197753
63,84,147,-0.4432448361814022,1214.7668532346188,1214.740478515625,1214.3236083984375,-0.4169214367866516,-0.02632339939475059
64,83,147,-1.4124669653177262,1211.6712560278177,1211.7705078125,1210.2587890625,-1.511681318283081,0.09921435296535486
65,82,147,-2.0246149557828903,1206.633745815158,1206.3739013671875,1204.609130859375,-1.7647563219070435,-0.25985863387584685
66,81,147,-1.292136692404747,1199.0664286845922,1199.044921875,1197.7742919921875,-1.2706234455108643,-0.021513246893882787
67,80,147,-0.5048171922564506,1189.9010574266315,1189.8236083984375,1189.396240234375,-0.42739337682724,-0.07742381542921062
68,79,147,0.020669895575847478,1179.7708340106742,1179.8919677734375,1179.79150390625,-0.10046456754207611,0.12113446311792359
69,78,147,0.281335436925292,1168.4036010865123,1168.4761962890625,1168.6849365234375,0.20867380499839783,0.07266163192689418
55,93,148,3.5552887332439425,1198.2851653683185,1198.4368896484375,1201.8404541015625,3.40354585647583,0.15174287676811238
56,92,148,3.0730602037906647,1208.0947864758969,1208.28857421875,1211.1678466796875,2.879354953765869,0.19370525002479555
57,91,148,2.4130655837059023,1212.631123869419,1212.6700439453125,1215.044189453125,2.3741161823272705,0.03894940137863179
58,90,148,2.2074598336219786,1219.4223009085656,1219.577392578125,1221.6297607421875,2.0523645877838135,0.15509524583816514
59,89,148,2.1062694627046583,1220.6713184279204,1220.9320068359375,1222.777587890625,1.8455281257629395,0.26074133694171886
60,88,148,1.8517214369773864,1224.770470945835,1225.0223388671875,1226.6221923828125,1.5998914241790771,0.2518300127983093
61,87,148,1.4916587430238724,1223.549112741351,1223.69775390625,1225.040771484375,1.3430081605911255,0.14865058243274687
62,86,148,0.7727153095602989,1225.3726704326273,1225.3856201171875,1226.1453857421875,0.7597054243087769,0.013009885251522024
63,85,148,0.20497797034680842,1221.6288843343407,1221.564697265625,1221.8338623046875,0.2691434621810913,-0.06416549183428288
64,84,148,-0.45161878496408464,1220.6507154646515,1220.7542724609375,1220.1990966796875,-0.5551877021789551,0.10356891721487044
65,83,148,-1.2218751180171967,1214.3786133992671,1214.239501953125,1213.15673828125,-1.08273184299469,-0.13914327502250678
66,82,148,-2.0568878978490828,1210.8404572337865,1210.779541015625,1208.7835693359375,-1.99604070186615,-0.06084719598293287
67,81,148,-1.2250999277830124,1200.234621412158,1200.1290283203125,1199.009521484375,-1.1194936037063599,-0.10560632407665249
68,80,148,-0.8798097223043442,1192.7783692926168,1192.83447265625,1191.8985595703125,-0.9358832240104675,0.05607350170612335
69,79,148,0.008296830422477797,1179.38391508364,1179.338134765625,1179.3922119140625,0.054002709686756134,-0.04570587926427834
56,93,149,3.454723198413849,1211.4160043406487,1211.6456298828125,1214.8707275390625,3.225137233734131,0.22958596467971804
57,92,149,2.83255633354187,1218.2250608539582,1218.2525634765625,1221.0576171875,2.805067539215088,0.027488794326782084
58,91,149,2.4302896571159365,1223.829720108509,1223.920166015625,1226.260009765625,2.339784622192383,0.09050503492355366
59,90,149,2.327352669239044,1227.420450065136,1227.50732421875,1229.747802734375,2.2405667304992676,0.08678593873977647
60,89,149,2.34529780626297,1229.8625879359245,1230.0611572265625,1232.2078857421875,2.1467835903167725,0.19851421594619767
61,88,149,2.1452286207675932,1230.85123134017,1230.9676513671875,1232.9964599609375,2.028778076171875,0.11645054459571824
62,87,149,1.6029584819078446,1231.1115190571547,1231.2568359375,1232.7144775390625,1.4577127695083618,0.1452457123994828
63,86,149,0.988551923930645,1229.8146707323194,1229.77978515625,1230.80322265625,1.0234311819076538,-0.03487925797700886
64,85,149,0.19180548951029777,1227.5879796667398,1227.683349609375,1227.77978515625,0.09638196229934692,0.09542352721095085
65,84,149,-0.27168904364109037,1223.4401460748911,1223.262451171875,1223.16845703125,-0.09396550804376602,-0.17772353559732434
66,83,149,-1.2482909220457077,1218.6518553751707,1218.6854248046875,1217.403564453125,-1.2818611860275269,0.03357026398181917
67,82,149,-1.9562705487012864,1212.0484336346387,1211.85498046875,1210.0921630859375,-1.7628353834152222,-0.1934351652860642
68,81,149,-1.4925828975439073,1203.0787645381688,1203.16845703125,1201.586181640625,-1.5822840929031372,0.08970119535922993
56,94,150,3.9026857018470764,1216.573388516903,1216.776123046875,1220.47607421875,3.7000505924224854,0.20263510942459106
57,93,150,3.0071131694316864,1222.2734044086933,1222.4150390625,1225.280517578125,2.8653743267059326,0.14173884272575377
58,92,150,2.6782061874866487,1230.1190350234508,1230.16845703125,1232.7972412109375,2.6287713050842285,0.04943488240242022
59,91,150,2.218318394422531,1232.68317086339,1232.8397216796875,1234.9014892578125,2.061720371246338,0.1565980231761932
60,90,150,2.4268338859081267,1237.278244239092,1237.4368896484375,1239.705078125,2.2683024406433105,0.1585314452648161
61,89,150,2.5467435193061827,1236.5616549181939,1236.5718994140625,1239.1083984375,2.536562442779541,0.010181076526641686
62,88,150,2.1653763246536255,1239.034452776909,1239.2435302734375,1241.1998291015625,1.9563488960266113,0.20902742862701418
63,87,150,1.8563747894763947,1236.0449923980236,1236.2022705078125,1237.9013671875,1.6992101669311523,0.15716462254524233
64,86,150,0.9462211868166923,1236.3351508834958,1236.3916015625,1237.2813720703125,0.8898854851722717,0.05633570164442059
65,85,150,0.3945026144385338,1230.885892893374,1230.950927734375,1231.2803955078125,0.3295123875141144,0.06499022692441941
66,84,150,-0.40202699810266496,1228.3518560996652,1228.3724365234375,1227.9498291015625,-0.4226176142692566,0.020590616166591635
67,83,150,-1.1049715381860734,1220.3504549366235,1220.226318359375,1219.2454833984375,-0.9808023571968079,-0.12416918098926555
68,82,150,-2.1916582119464874,1215.396614266634,1215.3294677734375,1213.2049560546875,-2.1244254112243652,-0.06723280072212212
57,94,151,3.3765974950790407,1227.5671280908584,1227.485595703125,1230.9437255859375,3.4581336975097656,-0.0815362024307249
58,93,151,2.6803364658355715,1234.3992533779144,1234.617919921875,1237.07958984375,2.4616732597351074,0.21866320610046408
59,92,151,2.2259266078472137,1239.2739513218403,1239.3902587890625,1241.4998779296875,2.1096596717834473,0.11626693606376648
60,91,151,2.1911428821086885,1242.730365906954,1242.7713623046875,1244.9215087890625,2.1500790119171143,0.0410638701915742
61,90,151,2.491974257230759,1244.1779476177692,1244.43212890625,1246.669921875,2.2377612590789795,0.25421299815177933
62,89,151,2.6289628911018372,1244.7484785151482,1244.8399658203125,1247.37744140625,2.537489652633667,0.09147323846817024
63,88,151,2.3599099206924437,1244.09382543087,1244.13427734375,1246.4537353515625,2.3194236755371094,0.04048624515533428
64,87,151,1.795409026145935,1242.6522228097915,1242.8876953125,1244.4476318359375,1.559949517250061,0.23545950889587397
65,86,151,1.1817340546846389,1239.6697063750028,1239.5400390625,1240.8514404296875,1.311368703842163,-0.1296346491575242
66,85,151,0.33405336380004885,1235.798026714325,1235.886474609375,1236.132080078125,0.2455291599035263,0.08852420389652255
67,84,151,-0.22069158181548118,1230.0837286911906,1229.9744873046875,1229.863037109375,-0.11153171211481094,-0.10915986970067024
68,83,151,-1.3070344346761704,1223.7375764268636,1223.835693359375,1222.4305419921875,-1.4051660299301147,0.09813159525394433
69,82,151,-2.2788488233089446,1215.7673742139339,1215.5587158203125,1213.488525390625,-2.0701346397399902,-0.20871418356895433
70,81,151,-2.1241150999069216,1205.4672547483444,1205.547119140625,1203.3431396484375,-2.203902006149292,0.07978690624237039
59,93,152,1.9722856014966965,1244.3269087344408,1244.43994140625,1246.2991943359375,1.8592185974121094,0.11306700408458714
60,92,152,2.1525885927677155,1249.8876946103574,1250.0491943359375,1252.040283203125,1.9911543130874634,0.16143427968025215
61,91,152,2.097320853471756,1250.3088070762158,1250.3717041015625,1252.4061279296875,2.03444504737854,0.06287580609321575
62,90,152,2.5714507699012756,1252.8908295035362,1253.0977783203125,1255.4622802734375,2.3644371032714844,0.20701366662979126
63,89,152,2.7803785896301267,1250.3735520744324,1250.4410400390625,1253.1539306640625,2.712937355041504,0.06744123458862283
64,88,152,2.1747465288639067,1251.3511323773862,1251.4774169921875,1253.52587890625,2.0483858585357666,0.12636067032814013
65,87,152,2.0175111585855485,1246.5250913804769,1246.705078125,1248.5426025390625,1.8375569581985474,0.17995420038700116
66,86,152,0.9459063345193863,1245.2851727670432,1245.3233642578125,1246.2310791015625,0.9076898694038391,0.038216465115547216
67,85,152,0.4873182821273804,1238.0849473428725,1238.0277099609375,1238.572265625,0.5445893406867981,-0.05727105855941772
68,84,152,-0.5603248889744282,1234.138327818662,1234.1409912109375,1233.5780029296875,-0.5629363656044006,0.002611476629972409
69,83,152,-1.3106877368688583,1224.5536076587439,1224.5787353515625,1223.242919921875,-1.3357295989990234,0.025041862130165127
70,82,152,-2.6932222044467924,1218.2598725950718,1218.346435546875,1215.566650390625,-2.779775381088257,0.08655317664146445
59,94,153,2.211515643596649,1250.326936504841,1250.3216552734375,1252.5384521484375,2.2167277336120605,-0.005212090015411341
60,93,153,1.8055782186985017,1255.0943241250516,1255.30126953125,1256.89990234375,1.598703145980835,0.2068750727176667
61,92,153,1.9031194072961808,1257.6836725848914,1257.8365478515625,1259.5867919921875,1.7502970695495605,0.15282233774662024
62,91,153,2.2517609775066374,1259.0099577724934,1258.9661865234375,1261.26171875,2.295498847961426,-0.043737870454788386
63,90,153,2.646289381980896,1258.656933274269,1258.9912109375,1261.30322265625,2.3119852542877197,0.3343041276931764
64,89,153,2.678153005838394,1257.6137171113492,1257.724365234375,1260.2918701171875,2.567492723464966,0.1106602823734284
65,88,153,2.3334654188156128,1255.3544007921219,1255.3726806640625,1257.6878662109375,2.3151016235351562,0.018363795280456507
66,87,153,1.8077898526191711,1252.1826886630058,1252.419921875,1253.990478515625,1.5705105066299438,0.23727934598922729
67,86,153,1.1334514129161835,1247.6070271027088,1247.5064697265625,1248.740478515625,1.2340216636657715,-0.10057025074958803
68,85,153,0.23784254357218743,1242.1195793314278,1242.1787109375,1242.357421875,0.178689643740654,0.059152899831533434
69,84,153,-0.5048317424952984,1234.9662575237453,1234.90234375,1234.46142578125,-0.44094789028167725,-0.06388385221362114
71,82,153,-2.9556283521652222,1217.8060922193526,1217.740478515625,1214.8504638671875,-2.8900256156921387,-0.06560273647308357
60,94,154,2.066932474970818,1261.5862657672167,1261.6217041015625,1263.6531982421875,2.031437635421753,0.03549483954906485
61,93,154,1.4679331713914872,1263.4920277661085,1263.5263671875,1264.9599609375,1.433530569076538,0.03440260231494907
62,92,154,2.0571425318717957,1266.9022080540658,1266.9329833984375,1268.9593505859375,2.026336431503296,0.030806100368499845
63,91,154,2.292594437599182,1265.3264241170882,1265.4334716796875,1267.6190185546875,2.18557071685791,0.10702372074127187
64,90,154,2.568215308189392,1266.3926001214982,1266.619140625,1268.9608154296875,2.3416874408721924,0.22652786731719976
65,89,154,2.733569846153259,1262.2390864038468,1262.287109375,1264.97265625,2.6855671405792236,0.04800270557403552
66,88,154,2.0207307142019273,1261.6368620592357,1261.7420654296875,1263.6575927734375,1.9154608249664307,0.10526988923549663
67,87,154,1.9231499028205872,1255.097724120617,1255.205078125,1257.0208740234375,1.815782070159912,0.10736783266067507
68,86,154,0.690632839500904,1252.358927707374,1252.3883056640625,1253.049560546875,0.6612163186073303,0.029416520893573717
69,85,154,0.2742379306256771,1243.4894339443742,1243.42822265625,1243.763671875,0.3354567587375641,-0.061218828111887
70,84,154,-1.0083436924219131,1238.1451845127344,1238.1507568359375,1237.1368408203125,-1.0139317512512207,0.005588058829307574
59,96,155,2.545970540046692,1260.3414806318283,1260.3111572265625,1262.887451171875,2.576247453689575,-0.03027691364288332
60,95,155,1.795550261735916,1266.3725405585765,1266.397216796875,1268.1680908203125,1.7708138227462769,0.024736438989639176
61,94,155,1.5225882226228713,1270.250116855502,1270.2711181640625,1271.772705078125,1.5015619993209839,0.021026223301887415
62,93,155,1.6208691114187241,1272.7725635057689,1272.739990234375,1274.3934326171875,1.6534620523452759,-0.03259294092655174
63,92,155,1.9876139664649963,1273.3914143538475,1273.5848388671875,1275.3790283203125,1.79425847530365,0.19335549116134643
64,91,155,2.3589587938785552,1272.9812511670589,1273.054443359375,1275.3402099609375,2.2858526706695557,0.07310612320899956
65,90,155,2.5735879600048066,1271.1328329384328,1271.4521484375,1273.7064208984375,2.2542757987976074,0.3193121612071992
66,89,155,2.511016635894775,1268.4974062156678,1268.5753173828125,1271.0084228515625,2.4330737590789795,0.0779428768157957
67,88,155,2.1406569731235505,1264.614347909689,1264.6768798828125,1266.7550048828125,2.078146457672119,0.06251051545143138
68,87,155,1.509144476056099,1259.888804742694,1260.0638427734375,1261.39794921875,1.3340790271759033,0.1750654488801957
69,86,155,0.7577246823906898,1253.7669335207343,1253.6982421875,1254.524658203125,0.8264174461364746,-0.06869276374578481
70,85,155,-0.16072022777050735,1246.669631360583,1246.7926025390625,1246.5089111328125,-0.2837449312210083,0.12302470345050096
71,84,155,-1.1461376455426215,1238.1617626455427,1238.052734375,1237.015625,-1.037136197090149,-0.10900144845247262
59,97,156,2.535654731988907,1264.4777730023861,1264.41650390625,1267.013427734375,2.596987009048462,-0.06133227705955502
60,96,156,2.2952800846099852,1272.2725910091401,1272.386962890625,1274.56787109375,2.1809911727905273,0.11428891181945788
61,95,156,1.2315279281139373,1275.563393946886,1275.5693359375,1276.794921875,1.2256391048431396,0.0058888232707976496
62,94,156,1.6956596851348877,1280.0212592601777,1279.9808349609375,1281.7169189453125,1.7361184358596802,-0.040458750724792436
63,93,156,1.522141939997673,1279.8012223178148,1279.920654296875,1281.3233642578125,1.4027247428894043,0.1194171971082687
64,92,156,2.0943445563316345,1281.5193029046059,1281.5906982421875,1283.6136474609375,2.0229063034057617,0.0714382529258728
65,91,156,2.375476448535919,1278.223156363964,1278.364013671875,1280.5986328125,2.2345356941223145,0.14094075441360454
66,90,156,2.385407019853592,1277.8726496207714,1278.0201416015625,1280.258056640625,2.2378921508789062,0.1475148689746857
67,89,156,2.5721302580833436,1272.0487193512918,1272.246826171875,1274.620849609375,2.3740692138671875,0.1980610442161561
68,88,156,1.6588779896497727,1269.9911464244128,1270.1376953125,1271.6500244140625,1.5122967958450317,0.146581193804741
69,87,156,1.4503176349401474,1261.9396970134974,1261.9781494140625,1263.3900146484375,1.4119256734848022,0.03839196145534518
70,86,156,0.20576987713575362,1257.5839029744268,1257.6268310546875,1257.7896728515625,0.16279995441436768,0.042969922721385945
71,85,156,-0.26744586005806925,1247.1736958600582,1247.278564453125,1246.90625,-0.3723410964012146,0.10489523634314535
72,84,156,-1.8247140562534332,1240.5017160093785,1240.6160888671875,1238.677001953125,-1.9391578435897827,0.11444378733634952
59,98,157,3.087951446771622,1269.4818727719785,1269.4732666015625,1272.56982421875,3.0966110229492188,-0.00865957617759694
60,97,157,2.1617387461662294,1276.5878950428962,1276.750244140625,1278.7496337890625,1.999360203742981,0.16237854242324845
61,96,157,1.5439881372451782,1281.7079649877548,1281.7708740234375,1283.251953125,1.4810768365859985,0.06291130065917971
62,95,157,1.3125956857204437,1285.4852558767795,1285.3690185546875,1286.7978515625,1.4287806749343872,-0.11618498921394349
63,94,157,1.4183941984176636,1287.2885149812698,1287.3681640625,1288.7069091796875,1.3386750221252441,0.07971917629241942
64,93,157,1.7139788281917572,1287.9054059374332,1287.95068359375,1289.619384765625,1.6686934232711792,0.045285404920577976
65,92,157,2.063140425682068,1286.8715519571304,1287.1082763671875,1288.9346923828125,1.8264356851577759,0.23670474052429213
66,91,157,2.3460511136054993,1284.867938144207,1284.9866943359375,1287.2139892578125,2.2272701263427734,0.1187809872627259
67,90,157,2.449100499153137,1281.4862022352218,1281.612548828125,1283.935302734375,2.3228018283843994,0.1262986707687377
68,89,157,2.2328521156311036,1277.3489349937438,1277.4110107421875,1279.581787109375,2.170820474624634,0.06203164100646985
69,88,157,1.672995411157608,1272.0359889638423,1271.92431640625,1273.708984375,1.784714937210083,-0.11171952605247504
70,87,157,0.9560245221853256,1265.7667537981272,1265.8525390625,1266.7227783203125,0.870249330997467,0.08577519118785859
71,86,157,0.1512408857792616,1258.1043743485957,1258.090087890625,1258.255615234375,0.16548244655132294,-0.014241560772061346
73,84,157,-2.20860364317894,1239.783798955679,1239.6815185546875,1237.5751953125,-2.1063520908355713,-0.10225155234336869
60,98,158,2.743906353712082,1282.0637108337878,1282.16259765625,1284.8076171875,2.6450626850128174,0.09884366869926442
61,97,158,1.3909680026769637,1286.5439685207605,1286.6512451171875,1287.9349365234375,1.2836636304855347,0.10730437219142908
62,96,158,1.665033699274063,1292.094487785101,1292.0145263671875,1293.759521484375,1.7449352741241455,-0.07990157485008242
63,95,158,1.049575698673725,1293.2424164888262,1293.2508544921875,1294.2919921875,1.0410796403884888,0.008496058285236252
64,94,158,1.608581468462944,1295.901672437787,1295.8880615234375,1297.51025390625,1.6222580671310425,-0.01367659866809845
65,93,158,1.7007038402557373,1293.7464397144317,1293.8865966796875,1295.4471435546875,1.5605173110961914,0.14018652915954588
66,92,158,2.092367240190506,1293.967569283247,1294.04052734375,1296.0599365234375,2.019380569458008,0.0729866707324982
67,91,158,2.4607127225399017,1288.93967790246,1289.0384521484375,1291.400390625,2.36201548576355,0.0986972367763519
68,90,158,2.1518785977363586,1287.256446597576,1287.3724365234375,1289.4083251953125,2.0358922481536865,0.11598634958267207
69,89,158,2.2076987838745117,1279.9441566848755,1279.989501953125,1282.15185546875,2.162400007247925,0.04529877662658688
70,88,158,1.0869255828857423,1276.4687384796143,1276.5135498046875,1277.5556640625,1.0420998334884644,0.0448257493972779
71,87,158,0.7812418684363365,1266.9202962175011,1266.933837890625,1267.7015380859375,0.7677600383758545,0.01348183006048198
72,86,158,-0.47498756483197213,1260.9768186195195,1261.0416259765625,1260.5018310546875,-0.5398045182228088,0.0648169533908367
60,99,159,2.7205098056793213,1285.9464823818207,1286.122802734375,1288.6669921875,2.544271945953369,0.17623785972595218
61,98,159,1.9099905890226365,1292.1378609734775,1292.1707763671875,1294.0478515625,1.87708580493927,0.0329047840833665
62,97,159,1.3658458119630814,1297.1330555552245,1297.0418701171875,1298.4989013671875,1.4569542407989502,-0.09110842883586878
63,96,159,1.1616720461845398,1300.149729321003,1300.0950927734375,1301.3114013671875,1.2163509130477905,-0.05467886686325074
64,95,159,1.237770671248436,1301.9167703443766,1301.8311767578125,1303.154541015625,1.3233188390731812,-0.08554816782474517
65,94,159,1.4912367075681687,1301.9073228627444,1302.0196533203125,1303.3985595703125,1.3789451122283936,0.11229159533977517
66,93,159,1.8440759932994844,1300.7899572098256,1300.8719482421875,1302.634033203125,1.7621376514434814,0.0819383418560029
67,92,159,2.2003030622005464,1298.1089010393619,1298.251953125,1300.3092041015625,2.057224750518799,0.14307831168174756
68,91,159,2.3497677290439607,1294.5876102006434,1294.7010498046875,1296.9373779296875,2.2362349033355713,0.1135328257083894
69,90,159,2.1778870689868928,1289.8654478919507,1289.927978515625,1292.0433349609375,2.1153438091278076,0.06254325985908515
70,89,159,1.6984225887060165,1284.366030536294,1284.4088134765625,1286.064453125,1.6556384563446045,0.042784132361411986
71,88,159,1.025617259144783,1277.5755790299177,1277.5015869140625,1278.6011962890625,1.0996259450912476,-0.07400868594646459
72,87,159,0.26266074530780315,1269.7527201140672,1269.8631591796875,1270.015380859375,0.1521475613117218,0.11051318399608134
73,86,159,-0.6944407704472542,1260.6769847157598,1260.6673583984375,1259.9825439453125,-0.6848115921020508,-0.009629178345203382
60,100,160,3.211095609664917,1291.1831914997101,1291.194580078125,1294.394287109375,3.1997530460357666,0.011342563629150426
61,99,160,1.8632029110193253,1296.5393849796058,1296.5823974609375,1298.402587890625,1.8201647996902466,0.043038111329078754
62,98,160,1.924479603767395,1303.185994029045,1303.1385498046875,1305.1104736328125,1.971914291381836,-0.04743468761444092
63,97,160,0.908876802623272,1305.6401954630016,1305.616455078125,1306.549072265625,0.9325354695320129,-0.023658666908740966
64,96,160,1.3422632396221161,1309.333273869753,1309.28271484375,1310.675537109375,1.3927550315856934,-0.050491791963577226
65,95,160,1.1189836567640306,1308.424717515111,1308.394775390625,1309.543701171875,1.148876667022705,-0.029893010258674524
66,94,160,1.6579934340715408,1309.431484104991,1309.4483642578125,1311.0894775390625,1.6410272121429443,0.016966221928596426
67,93,160,1.9955186796188356,1305.3910780000688,1305.3760986328125,1307.3865966796875,2.010528326034546,-0.015009646415710343
68,92,160,2.151636092662811,1304.2006588292122,1304.2755126953125,1306.352294921875,2.076843023300171,0.07479306936264019
69,91,160,2.4168236446380615,1297.6609351444245,1297.72998046875,1300.0777587890625,2.3477537631988525,0.069069881439209
70,90,160,1.6920629251003265,1294.7720484030247,1294.809814453125,1296.464111328125,1.6542824506759644,0.037780474424362165
71,89,160,1.554390491247177,1286.0627970087528,1286.1341552734375,1287.6171875,1.4829565286636353,0.07143396258354184
72,88,160,0.43380027934908866,1280.991004408151,1281.0206298828125,1281.4248046875,0.40416133403778076,0.029638945311307896
73,87,160,0.016980556924827396,1269.9879022555751,1270.123291015625,1270.0048828125,-0.11842358857393265,0.13540414549876004
74,86,160,-1.4723167544603348,1262.7068138247728,1262.8463134765625,1261.2344970703125,-1.6118402481079102,0.13952349364757533
61,100,161,2.41984392285347,1301.762651194334,1301.8455810546875,1304.1824951171875,2.33691143989563,0.08293248295783995
62,99,161,1.72525812625885,1307.7941510534285,1307.648681640625,1309.5194091796875,1.8706351518630981,-0.14537702560424814
63,98,161,1.2388752633333207,1311.9774333304167,1311.9859619140625,1313.21630859375,1.230332374572754,0.008542888760566747
64,97,161,1.0128069874644279,1314.957285785973,1314.9180908203125,1315.9700927734375,1.0519717931747437,-0.039164805710315775
65,96,161,1.0417053565382957,1316.0813415184616,1316.0914306640625,1317.123046875,1.031585454940796,0.010119901597499759
66,95,161,1.3291494810581208,1315.965039972067,1315.90283203125,1317.294189453125,1.39139986038208,-0.06225037932395927
67,94,161,1.7529564118385315,1314.1498756194114,1314.26123046875,1315.90283203125,1.6415319442749023,0.11142446756362911
68,93,161,2.1042324298620225,1311.3873447185754,1311.48388671875,1313.4915771484375,2.0077083110809326,0.09652411878108991
69,92,161,2.2487576985359192,1307.3069063639641,1307.39892578125,1309.5556640625,2.1566574573516846,0.09210024118423465
70,91,161,2.0857745563983916,1302.4766033732892,1302.5521240234375,1304.5623779296875,2.010202646255493,0.07557191014289844
71,90,161,1.6327944642305374,1296.448870574832,1296.4979248046875,1298.0816650390625,1.5836873054504395,0.04910715878009797
72,89,161,1.0258625218272208,1289.4806072047352,1289.468994140625,1290.5064697265625,1.0373785495758057,-0.011516027748584845
73,88,161,0.31079394042491915,1281.1699189502,1281.1494140625,1281.480712890625,0.3312509059906006,-0.02045696556568144
75,86,161,-1.8652401757240296,1261.618169863224,1261.6490478515625,1259.7529296875,-1.8960453271865845,0.030805151462554914
62,100,162,2.3119716882705688,1313.4801425695418,1313.4271240234375,1315.7921142578125,2.3650667667388916,-0.05309507846832284
63,99,162,1.088506453037262,1317.0290472579002,1316.9886474609375,1318.1175537109375,1.1289801597595215,-0.040473706722259584
64,98,162,1.350224221944809,1321.7827103483678,1321.7640380859375,1323.1329345703125,1.368941307067871,-0.018717085123062027
65,97,162,0.718588690161705,1322.194131036401,1322.58056640625,1322.9127197265625,0.3322318494319916,0.38635684072971344
66,96,162,1.2553847122192383,1324.1163193893433,1324.0997314453125,1325.3717041015625,1.2719247341156006,-0.016540021896362278
67,95,162,1.4340472501516341,1321.1710552889108,1321.1768798828125,1322.6051025390625,1.4282771348953247,0.005770115256309438
68,94,162,1.8955204558372498,1320.6127803254128,1320.6881103515625,1322.50830078125,1.8201954364776611,0.07532501935958869
69,93,162,2.25616375207901,1314.9385383963586,1315.049072265625,1317.1947021484375,2.1456408500671387,0.11052290201187143
70,92,162,1.9743269562721253,1312.5685197234154,1312.6103515625,1314.5428466796875,1.9324358701705933,0.04189108610153203
71,91,162,2.0340147542953493,1304.647503800392,1304.838623046875,1306.6815185546875,1.8428720235824585,0.19114273071289078
72,90,162,1.0853540584445,1300.389865668118,1300.3929443359375,1301.4752197265625,1.0822433233261108,0.0031107351183892185
73,89,162,0.8324229928851128,1290.2331287649274,1290.2236328125,1291.0655517578125,0.8420108556747437,-0.009587862789630863
74,88,162,-0.32855330541729927,1283.6339732272922,1283.6590576171875,1283.305419921875,-0.3535865247249603,0.02503321930766106
62,101,163,2.180788699388504,1317.700436886549,1317.718994140625,1319.8812255859375,2.1622824668884277,0.018506232500076436
63,100,163,1.544808847308159,1322.899038808942,1322.9107666015625,1324.44384765625,1.5330698490142822,0.011738998293876701
64,99,163,1.0762353378534317,1327.012998060584,1326.9432373046875,1328.0892333984375,1.1459897756576538,-0.06975443780422208
65,98,163,0.8326218777894974,1329.2992140597105,1329.3680419921875,1330.1318359375,0.7638391852378845,0.06878269255161285
66,97,163,0.891920260488987,1330.327073880136,1330.370849609375,1331.218994140625,0.848198413848877,0.04372184664011003
67,96,163,1.242459672689438,1329.498873335123,1329.5855712890625,1330.7413330078125,1.1557519435882568,0.08670772910118107
68,95,163,1.6916969472169876,1327.578810865283,1327.5926513671875,1329.2705078125,1.6778665781021118,0.013830369114875785
69,94,163,2.036401086449623,1324.235937780738,1324.371337890625,1326.2723388671875,1.9010465145111084,0.13535457193851474
70,93,163,2.1295684289932253,1320.1143280553817,1320.1544189453125,1322.243896484375,2.089418649673462,0.04014977931976338
71,92,163,1.9738721615076065,1314.7509813541174,1314.86962890625,1316.724853515625,1.8552651405334473,0.1186070209741592
72,91,163,1.5708587783575059,1308.5680572372676,1308.565185546875,1310.138916015625,1.5737299919128418,-0.0028712135553359275
73,90,163,1.0040434578061104,1301.0949555656314,1301.048095703125,1302.0989990234375,1.0508238077163696,-0.046780349910259256
74,89,163,0.32901980221271515,1292.6266686743497,1292.6396484375,1292.9556884765625,0.31610438227653503,0.012915419936180117
75,88,163,-0.6017942510545253,1282.996447571367,1282.9510498046875,1282.3946533203125,-0.556425154209137,-0.04536909684538837
62,102,164,2.693237110376358,1323.1326906239985,1323.115966796875,1325.825927734375,2.709958076477051,-0.016720966100692625
63,101,164,1.4319490498304368,1327.5877042704822,1327.6405029296875,1329.0196533203125,1.3792095184326172,0.05273953139781962
64,100,164,1.573589282631874,1333.3318062251806,1333.319580078125,1334.9053955078125,1.5857561826705933,-0.01216690003871923
65,99,164,0.5863752974569798,1334.991261421293,1334.9486083984375,1335.57763671875,0.628997266292572,-0.04262196883559222
66,98,164,0.9975008383393288,1337.9331632241606,1338.0289306640625,1338.9306640625,0.9017338752746582,0.09576696306467058
67,97,164,0.853799130320549,1336.2267672759294,1336.2593994140625,1337.08056640625,0.8211755752563477,0.03262355506420134
68,96,164,1.5023261576890945,1336.3994072407484,1336.4390869140625,1337.9017333984375,1.4625571966171265,0.039768961071968034
69,95,164,1.8725920367240905,1331.6562165570258,1331.6231689453125,1333.52880859375,1.9056180715560913,-0.03302603483200084
70,94,164,1.9610179114341735,1329.8574635338782,1329.944091796875,1331.8184814453125,1.8744722604751587,0.08654565095901479
71,93,164,2.1706576454639435,1322.751461495161,1322.7918701171875,1324.922119140625,2.1301863193511963,0.040471326112747175
72,92,164,1.556202986240387,1319.1249493575096,1319.185546875,1320.68115234375,1.4955991506576538,0.06060383558273319
73,91,164,1.4593062949180604,1309.8013138222695,1309.86767578125,1311.2606201171875,1.3929386138916016,0.06636768102645885
74,90,164,0.4594771236181259,1304.0300248295068,1304.0380859375,1304.489501953125,0.4514801502227783,0.007996973395347606
75,89,164,0.07728523252066224,1292.4669042206044,1292.4925537109375,1292.544189453125,0.05167172849178314,0.025613504028879103
76,88,164,-1.3509060287475585,1284.5945583724977,1284.6624755859375,1283.24365234375,-1.4188016653060913,0.06789563655853281
63,102,165,1.9316698789596558,1333.084077191353,1333.208740234375,1335.0157470703125,1.8070318698883057,0.12463800907135014
64,101,165,1.3142892104387283,1338.2197684067487,1338.2230224609375,1339.5340576171875,1.3109447956085205,0.0033444148302077537
65,100,165,0.8790606206655502,1341.5689374262095,1341.5037841796875,1342.447998046875,0.9441731572151184,-0.06511253654956817
66,99,165,0.6660459625720978,1343.765838803053,1343.744873046875,1344.431884765625,0.6869582533836365,-0.02091229081153867
67,98,165,0.7701594313979149,1344.0788395920397,1344.248291015625,1344.8489990234375,0.6007368564605713,0.16942257493734358
68,97,165,1.1477244734764098,1343.1511036515235,1343.0892333984375,1344.298828125,1.209572672843933,-0.06184819936752328
69,96,165,1.6262530440092087,1340.5926190263033,1340.715576171875,1342.2188720703125,1.5033506155014038,0.12290242850780486
70,95,165,1.9418406814336777,1337.1931690841914,1337.298583984375,1339.135009765625,1.8363749980926514,0.10546568334102635
71,94,165,2.023671396970749,1332.5340678608418,1332.6630859375,1334.5577392578125,1.8946796655654907,0.12899173140525821
72,93,165,1.8636318010091781,1327.0766758161783,1327.073974609375,1328.9403076171875,1.8662376403808594,-0.00260583937168124
73,92,165,1.5028417992591858,1320.3627587866783,1320.5040283203125,1321.8656005859375,1.3615422248840332,0.14129957437515261
74,91,165,0.9989826619625092,1312.715739017725,1312.735107421875,1313.7147216796875,0.9795617461204529,0.019420915842056297
75,90,165,0.3520786288380623,1303.7902553555368,1303.7508544921875,1304.142333984375,0.39152196049690247,-0.039443331658840175
64,102,166,1.8803078585863113,1344.1340964382887,1344.1395263671875,1346.014404296875,1.874861240386963,0.005446618199348441
65,101,166,0.6731156587600708,1346.8873091459275,1346.7950439453125,1347.5604248046875,0.7654379606246948,-0.09232230186462398
66,100,166,0.9579892578721046,1350.8311953124403,1350.788330078125,1351.7891845703125,1.0007781982421875,-0.04278894037008285
67,99,166,0.4240501609444618,1350.4126197609305,1350.491943359375,1350.836669921875,0.34473079442977905,0.07931936651468274
68,98,166,1.0495566913485528,1351.506961863339,1351.5633544921875,1352.5565185546875,0.9932166934013367,0.056339997947216114
69,97,166,1.277026468515396,1347.827831929922,1347.7432861328125,1349.1048583984375,1.3614716529846191,-0.08444518446922311
70,96,166,1.736947956085205,1346.5797024345397,1346.668212890625,1348.316650390625,1.6484450101852417,0.08850294589996333
71,95,166,2.050725273489952,1340.314264960885,1340.3131103515625,1342.364990234375,2.051865577697754,-0.0011403042078019787
72,94,166,1.7668346554040908,1337.3026233524083,1337.3687744140625,1339.0694580078125,1.7005970478057861,0.06623760759830466
73,93,166,1.8330210596323013,1328.7842885106802,1328.8251953125,1330.6173095703125,1.7920366525650024,0.04098440706729889
74,92,166,1.0459970086812973,1323.7688223272562,1323.8326416015625,1324.8148193359375,0.9822283983230591,0.06376861035823822
75,91,166,0.8552632483839989,1313.0064310875534,1313.0001220703125,1313.8616943359375,0.8615269660949707,-0.006263717710971783
76,90,166,-0.24100469388067722,1305.7938611391933,1305.81201171875,1305.5528564453125,-0.2590717375278473,0.018067043647170072
64,103,167,1.7311949670314788,1348.5944886267184,1348.6156005859375,1350.32568359375,1.7100155353546143,0.021179431676864535
65,102,167,1.074070870578289,1353.0189467075468,1352.940673828125,1354.093017578125,1.152322769165039,-0.07825189858674997
66,101,167,0.6566696798801422,1356.2984084451198,1356.1866455078125,1356.955078125,0.7684548497200012,-0.11178516983985898
67,100,167,0.5217860068380833,1357.7268712197244,1357.7723388671875,1358.2486572265625,0.47632884979248047,0.045457157045602825
68,99,167,0.6621108266711235,1357.937986829579,1357.999755859375,1358.60009765625,0.6003358960151672,0.061774930655956295
69,98,167,1.0655738705396651,1356.3539817935227,1356.4713134765625,1357.4195556640625,0.9483063817024231,0.11726748883724203
70,97,167,1.5200970911979674,1353.7405230259894,1353.7357177734375,1355.2606201171875,1.52492094039917,-0.00482384920120249
71,96,167,1.843246786594391,1349.7625881743431,1349.8897705078125,1351.6058349609375,1.7160849571228027,0.12716182947158816
72,95,167,1.9078879421949386,1345.02887963593,1345.0489501953125,1346.936767578125,1.8878322839736938,0.020055658221244776
73,94,167,1.7623516714572907,1339.0450213754177,1339.14990234375,1340.807373046875,1.6575524806976318,0.10479919075965882
74,93,167,1.4570415890216828,1332.1712543094159,1332.109619140625,1333.6282958984375,1.5186700820922852,-0.061628493070602364
76,91,167,0.39245119482278823,1314.9429980239272,1314.9505615234375,1315.33544921875,0.3848257064819336,0.007625488340854636
77,90,167,-0.47310700759291646,1304.729698804468,1304.7418212890625,1304.256591796875,-0.4852423667907715,0.012135359197855022
65,103,168,0.953664765059948,1357.9290256646275,1357.9100341796875,1358.8826904296875,0.9726261496543884,-0.01896138459444041
66,102,168,1.0685887202620505,1362.9005274906754,1362.9049072265625,1363.9691162109375,1.0641793012619019,0.004409419000148684
67,101,168,0.22615229725837707,1363.6694775855542,1363.6234130859375,1363.8956298828125,0.2722342014312744,-0.04608190417289734
68,100,168,0.7633802878856659,1365.7327134621144,1365.7711181640625,1366.49609375,0.7250299453735352,0.038350342512130764
69,99,168,0.6545876854658127,1363.291945517659,1363.3118896484375,1363.946533203125,0.6346662044525146,0.019921481013298048
70,98,168,1.3262184906005858,1362.7354270172118,1362.7969970703125,1364.0616455078125,1.2646249532699585,0.061593537330627335
71,97,168,1.6808240485191346,1357.354576342106,1357.5076904296875,1359.035400390625,1.5277036428451538,0.15312040567398078
72,96,168,1.7571176767349244,1354.9086538076401,1355.0130615234375,1356.665771484375,1.6527211666107178,0.10439651012420659
73,95,168,1.9313537806272507,1347.2307555943728,1347.2640380859375,1349.162109375,1.898072361946106,0.03328141868114476
74,94,168,1.4112119841575623,1342.8971376252175,1342.980712890625,1344.308349609375,1.3276610374450684,0.08355094671249397
75,93,168,1.4293064594268798,1332.8974757671356,1333.100341796875,1334.3267822265625,1.226516842842102,0.2027896165847778
76,92,168,0.54311713129282,1326.4463848218322,1326.51806640625,1326.989501953125,0.4714723527431488,0.07164477854967122
77,91,168,0.20009234126657247,1314.3294486743584,1314.406982421875,1314.529541015625,0.12255384773015976,0.0775384935364127
78,90,168,-1.1501516580581665,1305.8593801736831,1305.968505859375,1304.709228515625,-1.2592030763626099,0.10905141830444331
66,103,169,0.8379210647940636,1367.972381669581,1368.013916015625,1368.810302734375,0.7964274883270264,0.04149357646703722
67,102,169,0.4857848273217678,1370.4766175164282,1370.4315185546875,1370.96240234375,0.5308852791786194,-0.045100451856851576
68,101,169,0.3985327880084515,1371.7984886963666,1371.7742919921875,1372.197021484375,0.42275744676589966,-0.02422465875744817
69,100,169,0.5912514662742615,1371.3064536118507,1371.345458984375,1371.897705078125,0.5521865487098694,0.03906491756439212
70,99,169,0.9888466772437096,1369.6559287133814,1369.6639404296875,1370.644775390625,0.9808236360549927,0.008023041188716884
71,98,169,1.4500575876235962,1366.4434970998764,1366.588623046875,1367.8935546875,1.3049578666687012,0.14509972095489498
72,97,169,1.7374628704786301,1362.415979512334,1362.440673828125,1364.1534423828125,1.7128047943115234,0.02465807616710669
73,96,169,1.7847461241483689,1357.1655712586642,1357.2318115234375,1358.9503173828125,1.7184094190597534,0.06633670508861544
74,95,169,1.6629666584730147,1351.0600558024644,1351.076904296875,1352.7230224609375,1.6461308002471924,0.016835858225822342
75,94,169,1.4331497746706008,1343.6344771784543,1343.7860107421875,1345.067626953125,1.2816962003707886,0.1514535742998122
76,93,169,1.0530390006303787,1335.300598694682,1335.3173828125,1336.3536376953125,1.0362184047698975,0.016820595860481236
77,92,169,0.48548100993037224,1325.7603685994445,1325.9053955078125,1326.245849609375,0.34039559960365295,0.1450854103267193
67,103,170,0.2852127426117659,1375.9940841323883,1375.9443359375,1376.279296875,0.3349630832672119,-0.049750340655446035
68,102,170,0.6552440440654754,1379.0871875965595,1379.031982421875,1379.742431640625,0.710436224937439,-0.055192180871963537
69,101,170,0.21222922287881374,1377.8645530036838,1377.9375,1378.0767822265625,0.13929013907909393,0.0729390837997198
70,100,170,0.924687342941761,1378.1520948836207,1378.1236572265625,1379.0767822265625,0.9531035423278809,-0.028416199386119834
71,99,170,1.1530666428804397,1373.8039646071195,1373.8836669921875,1374.95703125,1.073375940322876,0.07969070255756372
72,98,170,1.5585665696859359,1371.936062336564,1372.0489501953125,1373.49462890625,1.4457224607467651,0.11284410893917074
73,97,170,1.809339228272438,1365.1108267873526,1365.150390625,1366.920166015625,1.7698107957839966,0.03952843248844151
74,96,170,1.5421851974725724,1361.453786482215,1361.521240234375,1362.9959716796875,1.474802851676941,0.06738234579563152
75,95,170,1.7027016407251359,1352.263606953025,1352.35205078125,1353.96630859375,1.6142480373382568,0.08845360338687902
76,94,170,1.0866293376684188,1346.4941812092065,1346.5914306640625,1347.580810546875,0.9893958568572998,0.09723348081111904
78,92,170,-0.061916324326302855,1327.3109397618264,1327.400146484375,1327.2490234375,-0.1511736363172531,0.08925731199095026
67,104,171,0.687684021294117,1382.3236685177683,1382.2958984375,1383.0113525390625,0.7153549790382385,-0.027670957744121538
68,103,171,0.35475887954235075,1384.7565692454577,1384.713623046875,1385.111328125,0.39776986837387085,-0.0430109888315201
69,102,171,0.32449691474437714,1385.3507960540055,1385.4237060546875,1385.67529296875,0.25160422921180725,0.07289268553256989
70,101,171,0.5544502182304859,1384.7558525161446,1384.7379150390625,1385.310302734375,0.5723417401313782,-0.01789152190089227
71,100,171,0.9976368337869644,1382.4468211740254,1382.4771728515625,1383.4444580078125,0.9672595262527466,0.030377307534217857
72,99,171,1.4055144637823105,1379.2089874893427,1379.2977294921875,1380.614501953125,1.316805362701416,0.08870910108089447
73,98,171,1.620454369187355,1374.6983932870626,1374.8043212890625,1376.31884765625,1.5144753456115723,0.1059790235757827
74,97,171,1.648837633728981,1369.375332288146,1369.3878173828125,1371.024169921875,1.6364282369613647,0.01240939676761621
75,96,171,1.5894716495275498,1362.7088681942225,1362.7696533203125,1364.29833984375,1.528687834739685,0.060783814787864765
76,95,171,1.4526454031467437,1355.0866612374782,1355.0343017578125,1356.539306640625,1.5050382614135742,-0.05239285826683049
77,94,171,1.132569363117218,1346.2504872775078,1346.36669921875,1347.383056640625,1.016366720199585,0.11620264291763305
78,93,171,0.5469467552006244,1336.6127212135493,1336.638916015625,1337.15966796875,0.5208272933959961,0.02611946180462832
79,92,171,-0.31814158260822295,1325.8911396294832,1325.9522705078125,1325.572998046875,-0.37922418117523193,0.06108259856700898
68,104,172,0.7498130276799202,1391.5669594332576,1391.5496826171875,1392.3167724609375,0.7670727372169495,-0.017259709537029266
69,103,172,0.008303110566921533,1391.5089088034956,1391.6583251953125,1391.5172119140625,-0.14111565053462982,0.14941876110155136
70,102,172,0.6606827062368393,1392.723838778138,1392.7579345703125,1393.384521484375,0.6266824007034302,0.03400030553340916
71,101,172,0.6659419298171997,1389.487134242058,1389.4561767578125,1390.153076171875,0.6969205737113953,-0.03097864389419558
72,100,172,1.2636492317914962,1388.3161847525835,1388.3399658203125,1389.579833984375,1.2398499250411987,0.02379930675029751
73,99,172,1.5239077359437943,1382.3918637484312,1382.4853515625,1383.915771484375,1.4304478168487549,0.09345991909503937
74,98,172,1.4970738059282303,1379.4053920143842,1379.47021484375,1380.9024658203125,1.4322798252105713,0.06479398071765896
75,97,172,1.7102401530742646,1371.0951797688008,1371.157470703125,1372.805419921875,1.6479384899139404,0.06230166316032415
76,96,172,1.3681796717643737,1365.984481461048,1366.052001953125,1367.3526611328125,1.3006874322891235,0.06749223947525018
77,95,172,1.5446506083011626,1355.2773708760737,1355.4053955078125,1356.822021484375,1.4166414737701416,0.12800913453102103
78,94,172,0.6940427100658417,1348.2362551414967,1348.350341796875,1348.9302978515625,0.5799521803855896,0.11409052968025213
79,93,172,0.3265673643350601,1335.6388867372275,1335.779296875,1335.9654541015625,0.18616828322410583,0.14039908111095428
80,92,172,-1.0261560574173927,1326.66153203398,1326.7403564453125,1325.6353759765625,-1.104972004890442,0.07881594747304921
69,104,173,0.298501973003149,1398.475423808247,1398.6121826171875,1398.77392578125,0.16179299354553223,0.13670897945761679
70,103,173,0.3094602559506893,1398.9694704081119,1399.125,1399.2789306640625,0.153961181640625,0.15549907431006432
71,102,173,0.6404147309064865,1397.6405911284685,1397.67236328125,1398.281005859375,0.6085575222969055,0.03185720860958097
72,101,173,1.0492742344737054,1395.2937433436514,1395.4207763671875,1396.343017578125,0.9221861958503723,0.12708803862333307
73,100,173,1.3497996801137924,1391.5868458276987,1391.623291015625,1392.9366455078125,1.3134294748306274,0.036370205283164925
74,99,173,1.489594774246216,1387.0664354991914,1387.1717529296875,1388.5560302734375,1.3843157291412354,0.10527904510498054
75,98,173,1.5516814535856247,1381.1894074136019,1381.2158203125,1382.7410888671875,1.5252509117126465,0.02643054187297822
76,97,173,1.5772197991609573,1374.340748950839,1374.31787109375,1375.91796875,1.600095510482788,-0.02287571132183075
77,96,173,1.5071103030443191,1366.1872256344557,1366.36572265625,1367.6943359375,1.3285726308822632,0.17853767216205596
78,95,173,1.1979582399129867,1357.2308747678994,1357.251708984375,1358.4288330078125,1.1771526336669922,0.02080560624599448
79,94,173,0.5767585425078869,1347.2195061059297,1347.3646240234375,1347.7962646484375,0.4317030608654022,0.14505548164248472
69,105,174,0.10697588864248246,1404.1818424707326,1404.2918701171875,1404.288818359375,-0.003126430092379451,0.11010231873486191
70,104,174,0.5638749705255032,1406.442350615412,1406.589599609375,1407.0062255859375,0.41670721769332886,0.14716775283217431
71,103,174,0.31155260615050795,1404.333833136037,1404.4329833984375,1404.6453857421875,0.2124248743057251,0.09912773184478285
72,102,174,0.9892886757850647,1403.95431483984,1403.9249267578125,1404.943603515625,1.0187263488769531,-0.029437673091888383
73,101,174,1.1848131448030472,1398.9871839255095,1399.038818359375,1400.1719970703125,1.133238434791565,0.05157471001148228
74,100,174,1.3487292581796646,1396.7029064840078,1396.7427978515625,1398.0516357421875,1.3088346719741821,0.039894586205482474
75,99,174,1.572563180923462,1389.2960891628265,1389.4063720703125,1390.86865234375,1.4621964693069458,0.11036671161651612
76,98,174,1.4402722024917602,1384.8898059225082,1384.9464111328125,1386.330078125,1.3837064504623413,0.056565752029418936
77,97,174,1.7574472874403,1374.9777822047472,1374.95458984375,1376.7352294921875,1.7806651592254639,-0.02321787178516388
78,96,174,1.1944824361801147,1368.5845702981949,1368.703857421875,1369.779052734375,1.0751880407333374,0.11929439544677733
80,94,174,-0.05007028153631836,1348.4487519221614,1348.462646484375,1348.398681640625,-0.06397002935409546,0.0138997478177771
69,106,175,0.49632628440856935,1410.717662973404,1410.809326171875,1411.2139892578125,0.4046674370765686,0.09165884733200075
70,105,175,0.30343643195927145,1412.2683409117908,1412.4119873046875,1412.57177734375,0.15987375378608704,0.1435626781731844
71,104,175,0.4172382737696171,1412.0073222731053,1412.0997314453125,1412.424560546875,0.32484525442123413,0.09239301934838295
72,103,175,0.7364565497636795,1410.6245053642988,1410.6334228515625,1411.3609619140625,0.7275428175926208,0.00891373217105862
73,102,175,1.0655483058094979,1407.760989780128,1407.7779541015625,1408.8265380859375,1.0485432147979736,0.017005091011524254
74,101,175,1.2699547708034515,1404.0718421041965,1404.2197265625,1405.341796875,1.1219767332077026,0.1479780375957489
75,100,175,1.4055105090141295,1399.0144113659858,1399.0928955078125,1400.419921875,1.3269342184066772,0.0785762906074523
76,99,175,1.5342307728528977,1392.9799293833971,1393.127685546875,1394.51416015625,1.386462688446045,0.14776808440685274
77,98,175,1.632548366189003,1385.572041477561,1385.6343994140625,1387.20458984375,1.5701712369918823,0.062377129197120684
78,97,175,1.562953028678894,1377.3150987291335,1377.166259765625,1378.8780517578125,1.7117596864700317,-0.14880665779113778
79,96,175,1.213319058418274,1367.9674670743943,1368.0789794921875,1369.1807861328125,1.101882815361023,0.11143624305725108
80,95,175,0.5317157004773617,1357.9018780495226,1357.8623046875,1358.43359375,0.5711939334869385,-0.03947823300957676
69,107,176,0.36558410838246347,1416.045914915055,1415.94140625,1416.4114990234375,0.47016969323158264,-0.10458558484911917
70,106,176,0.6670245787501335,1419.2954998353123,1419.279052734375,1419.9625244140625,0.6835111379623413,-0.016486559212207763
71,105,176,0.13140955412760377,1418.3237906411848,1418.3876953125,1418.4552001953125,0.06751488149166107,0.0638946726359427
72,104,176,0.7760556584596634,1418.8318544977903,1418.7994384765625,1419.60791015625,0.808451235294342,-0.03239557683467864
73,103,176,0.8405545008182526,1414.8705050694944,1414.8060302734375,1415.7110595703125,0.9050229787826538,-0.06446847796440125
74,102,176,1.1616359770298004,1413.3043064057827,1413.2999267578125,1414.4659423828125,1.1660946607589722,-0.004458683729171797
75,101,176,1.3479569888114928,1406.831120159626,1406.9388427734375,1408.1790771484375,1.2402766942977905,0.10768029451370231
76,100,176,1.3781649249792098,1403.1587003093957,1403.2247314453125,1404.536865234375,1.3120944499969482,0.0660704749822616
77,99,176,1.761592488884926,1394.0977825111152,1394.1932373046875,1395.859375,1.666235327720642,0.09535716116428383
78,98,176,1.4526688849925995,1388.3678877556324,1388.462890625,1389.820556640625,1.3576823472976685,0.09498653769493104
79,97,176,1.6500709289312363,1377.1018821960688,1377.267578125,1378.751953125,1.4844379425048828,0.1656329864263535
80,96,176,0.6390351915359497,1369.6778593397141,1369.7489013671875,1370.31689453125,0.5680583715438843,0.0709768199920654
81,95,176,0.31581342533230783,1356.540998098105,1356.59716796875,1356.8568115234375,0.25962918996810913,0.0561842353641987
70,107,177,0.4547495400905609,1424.7542348349095,1424.845458984375,1425.208984375,0.36357149481773376,0.09117804527282714
71,106,177,0.35191005825996396,1425.5439639651775,1425.4605712890625,1425.8958740234375,0.4353630244731903,-0.08345296621322634
72,105,177,0.4925385317206383,1425.197036663592,1425.175048828125,1425.6895751953125,0.5145513415336609,-0.022012809813022616
73,104,177,0.7695056095719337,1423.2406262263655,1423.2266845703125,1424.0101318359375,0.783357560634613,-0.013851951062679335
74,103,177,1.010414655804634,1420.3932718676328,1420.431396484375,1421.4036865234375,0.9722722172737122,0.03814243853092192
75,102,177,1.1942693603038788,1416.163152514696,1416.2164306640625,1417.357421875,1.1409411430358887,0.053328217267990086
76,101,177,1.3737106043100358,1410.97736361444,1411.121337890625,1412.35107421875,1.2296570539474487,0.14405355036258705
77,100,177,1.5835330009460449,1404.3543332099914,1404.4300537109375,1405.9378662109375,1.5079066753387451,0.07562632560729976
78,99,177,1.6877391290664674,1396.8439991521836,1396.970703125,1398.53173828125,1.5611366033554077,0.12660252571105968
79,98,177,1.5832312643527984,1388.1683556497096,1388.3636474609375,1389.7515869140625,1.3880202770233154,0.19521098732948294
80,97,177,1.1232694524526596,1378.8226533991099,1378.8114013671875,1379.9459228515625,1.1345722675323486,-0.011302815079689
81,96,177,0.4402107484638691,1368.3583732359111,1368.59326171875,1368.798583984375,0.20532579720020294,0.23488495126366615
70,108,178,0.9191599830985069,1431.3537892356514,1431.607421875,1432.27294921875,0.6655311584472656,0.25362882465124126
71,107,178,0.10244584859348833,1431.500215284219,1431.48583984375,1431.6026611328125,0.11674822121858597,-0.014302372625097634
72,106,178,0.6430955696105957,1432.9501661491395,1432.801025390625,1433.59326171875,0.7922138571739197,-0.14911828756332401
74,104,178,0.9097857311367988,1429.2578168079258,1429.2080078125,1430.1676025390625,0.9595549702644348,-0.04976923912763598
75,103,178,1.0571088868379592,1423.702168456912,1423.6719970703125,1424.75927734375,1.0872538089752197,-0.0301449221372605
76,102,178,1.22229006588459,1420.7736816138029,1420.780517578125,1421.9959716796875,1.2155431509017944,0.006746914982795671
77,101,178,1.601832582950592,1412.6161849951743,1412.708251953125,1414.218017578125,1.5098479986190796,0.09198458433151235
78,100,178,1.5114326643943787,1407.5671806168557,1407.6690673828125,1409.07861328125,1.4095906019210815,0.10184206247329719
79,99,178,1.8597506892681122,1397.0706692326069,1397.1922607421875,1398.930419921875,1.738201379776001,0.12154930949211118
80,98,178,1.0599062806367874,1390.3554989928007,1390.4222412109375,1391.4154052734375,0.9931546449661255,0.06675163567066189
82,96,178,0.11108412571251393,1368.895141460225,1368.96875,1369.0062255859375,0.037435200065374374,0.07364892564713955
71,108,179,0.44649110302329065,1438.2683526469766,1438.2783203125,1438.71484375,0.4365517795085907,0.00993932351469995
72,107,179,0.34776638478040695,1439.001476779282,1438.9000244140625,1439.3492431640625,0.4492599666118622,-0.10149358183145524
73,106,179,0.45026693254709244,1438.0579117783905,1438.0120849609375,1438.5081787109375,0.49610674381256104,-0.0458398112654686
74,105,179,0.6510494741797447,1436.1120120492578,1436.16748046875,1436.7630615234375,0.595546543598175,0.05550293058156963
75,104,179,0.898165188729763,1432.6773963347077,1432.6741943359375,1433.5755615234375,0.9013634920120239,-0.0031983032822608948
76,103,179,1.138435240983963,1428.3127366340161,1428.3277587890625,1429.451171875,1.1234800815582275,0.014955159425735554
77,102,179,1.4062405562400817,1422.5108737015723,1422.60693359375,1423.9171142578125,1.3102223873138428,0.09601816892623893
78,101,179,1.6223155426979066,1415.7913807463647,1416.010986328125,1417.4136962890625,1.4026867151260376,0.21962882757186897
79,100,179,1.6922958052158357,1407.8406631791593,1407.9490966796875,1409.532958984375,1.5838184356689453,0.10847736954689036
80,99,179,1.4224611115455628,1399.228051583767,1399.111083984375,1400.6505126953125,1.5393953323364258,-0.11693422079086302
81,98,179,0.937351445555687,1389.4855001169444,1389.6654052734375,1390.4228515625,0.7573966979980469,0.17995474755764007
82,97,179,0.6186444279551506,1378.5429766657949,1378.5618896484375,1379.16162109375,0.5997543334960938,0.018890094459056872
71,109,180,0.2847617193311453,1443.8222939447314,1443.967041015625,1444.1070556640625,0.13998645544052124,0.14477526389062406
72,108,180,0.6473212626576423,1446.2722344014048,1446.2877197265625,1446.9195556640625,0.6318089365959167,0.01551232606172559
73,107,180,0.11675944729708135,1444.6050423105155,1444.6595458984375,1444.7218017578125,0.06223136931657791,0.05452807798050344
74,106,180,0.5629172748327256,1444.6142067486048,1444.579833984375,1445.1771240234375,0.5973538756370544,-0.034436600804328865
75,105,180,0.6351408332586288,1439.9954744011163,1439.99853515625,1440.630615234375,0.632043719291687,0.003097113966941789
76,104,180,0.9814088082313538,1437.7480833792686,1437.735107421875,1438.7294921875,0.9943848848342896,-0.01297607660293576
77,103,180,1.3453188174962998,1430.4882993465662,1430.5740966796875,1431.8336181640625,1.2595975399017334,0.08572127759456638
78,102,180,1.424491029381752,1426.1519249862433,1426.2440185546875,1427.576416015625,1.3323839902877808,0.09210703909397133
79,101,180,1.839520691037178,1416.4912898558377,1416.657470703125,1418.330810546875,1.6733766794204712,0.16614401161670678
80,100,180,1.2565437799692154,1410.4615958684683,1410.5,1411.7181396484375,1.2181051969528198,0.03843858301639558
81,99,180,1.4245561790466308,1398.6977582740783,1398.8575439453125,1400.122314453125,1.2646867036819458,0.159869475364685
82,98,180,0.6018717390298843,1390.5525472062827,1390.6258544921875,1391.1544189453125,0.5285724401473999,0.07329929888248443
71,110,181,0.7753294309973717,1450.1250611940027,1450.1593017578125,1450.900390625,0.7410518527030945,0.034277578294277244
72,109,181,0.41237587049603464,1451.9469991295039,1451.9825439453125,1452.359375,0.3768443465232849,0.03553152397274972
73,108,181,0.22442203380167483,1452.1163982786984,1452.236328125,1452.3408203125,0.10448531061410904,0.11993672318756579
74,107,181,0.22393337156623602,1451.2166183862462,1451.2489013671875,1451.4405517578125,0.19167013466358185,0.032263236902654174
75,106,181,0.4400749076902866,1448.6553840766846,1448.75,1449.095458984375,0.3455057144165039,0.09456919327378271
76,105,181,0.7843949723243714,1445.0517866683006,1445.0001220703125,1445.836181640625,0.8359795212745667,-0.051584548950195264
77,104,181,1.1498037385940552,1440.0146249723434,1440.130859375,1441.1644287109375,1.0335551500320435,0.1162485885620117
78,103,181,1.4430726230144502,1434.1031920254231,1434.2669677734375,1435.5462646484375,1.2792601585388184,0.1638124644756318
79,102,181,1.6243741756677628,1426.9233553165197,1426.9742431640625,1428.5477294921875,1.5734363794326782,0.05093779623508454
80,101,181,1.530719656944275,1419.0402031946182,1418.98193359375,1420.5709228515625,1.5889453887939453,-0.05822573184967039
81,100,181,1.2158687865734101,1410.0294925415517,1410.337158203125,1411.245361328125,0.9081646800041199,0.30770410656929026
82,99,181,1.0580067336559296,1399.8520274460316,1399.86669921875,1400.9100341796875,1.0432355403900146,0.014771193265914917
72,110,182,0.8875112184882163,1458.7184458127617,1458.7005615234375,1459.60595703125,0.9054785966873169,-0.017967378199100548
73,109,182,-0.02687457048334181,1458.260395078296,1458.2991943359375,1458.2335205078125,-0.06572368741035461,0.0388491169270128
74,108,182,0.25401688620448115,1459.2608756919205,1459.3323974609375,1459.514892578125,0.18259163200855255,0.0714252541959286
75,107,182,0.09972077874001116,1455.713999924385,1455.75,1455.813720703125,0.063712477684021,0.03600830105599016
76,106,182,0.5873038935661316,1454.170996887684,1454.130615234375,1454.75830078125,0.6276788115501404,-0.04037491798400883
77,105,182,0.999979365170002,1447.7279259082675,1447.7908935546875,1448.7279052734375,0.9369919896125793,0.06298737555742262
78,104,182,1.2387755703926087,1444.09728399992,1444.125244140625,1445.3360595703125,1.2108567953109741,0.02791877508163454
79,103,182,1.6686436992883682,1435.307308449149,1435.4783935546875,1436.9759521484375,1.4974733591079712,0.171170340180397
80,102,182,1.3237706434726715,1429.9245203721523,1429.968994140625,1431.248291015625,1.2793278694152832,0.04444277405738828
81,101,182,1.635650570988655,1418.9223328274488,1418.93701171875,1420.5579833984375,1.6209536790847778,0.01469689190387724
82,100,182,0.9303390014171601,1411.5646561157703,1411.6519775390625,1412.4949951171875,0.843029260635376,0.0873097407817841
71,112,183,1.3079147857427598,1461.1629104095698,1461.220703125,1462.4708251953125,1.2500828504562378,0.057831935286521974
72,111,183,0.7511438310146332,1463.9876257002354,1464.0057373046875,1464.73876953125,0.7330083250999451,0.018135505914688155
73,110,183,0.2808010694384575,1465.246420610249,1465.2333984375,1465.5272216796875,0.2937425374984741,-0.012941468060016614
74,109,183,-0.030134833059855738,1465.4858233096224,1465.523193359375,1465.4556884765625,-0.06745307892560959,0.03731824586575385
75,108,183,-0.015527467866777443,1463.9527833272418,1464.184814453125,1463.937255859375,-0.24764655530452728,0.23211908743774984
76,107,183,0.29881159745156766,1461.2277997306735,1461.256591796875,1461.526611328125,0.26997053623199463,0.028841061219573028
77,106,183,0.7758232408761978,1456.9251044934988,1457.0125732421875,1457.700927734375,0.6882902383804321,0.08753300249576568
78,105,183,1.1762857580184936,1451.775008187294,1451.80126953125,1452.9512939453125,1.1499370336532593,0.026348724365234277
79,104,183,1.4271387416124344,1445.3912206333875,1445.437255859375,1446.818359375,1.3810263872146606,0.046112354397773725
80,103,183,1.493805251121521,1438.236053147316,1438.26806640625,1439.7298583984375,1.461739420890808,0.032065830230712855
81,102,183,1.3749576729536057,1429.914471037984,1430.268310546875,1431.2894287109375,1.0210623741149902,0.3538952988386155
82,101,183,1.35537551343441,1420.5069291740656,1420.478759765625,1421.8623046875,1.38350248336792,-0.028126969933509827
72,112,184,1.3535854583978653,1470.317312979102,1470.29296875,1471.6708984375,1.3779534101486206,-0.024367951750755346
73,111,184,0.17008561819791793,1470.9380686786772,1470.8505859375,1471.108154296875,0.2575501501560211,-0.08746453195810319
74,110,184,0.19109852492809296,1473.009096787572,1472.934326171875,1473.2001953125,0.2658679783344269,-0.07476945340633392
75,109,184,-0.2718727748095989,1470.6002419154347,1470.666259765625,1470.328369140625,-0.3379911482334137,0.06611837342381477
76,108,184,0.16192553859204054,1469.940857664533,1469.916748046875,1470.102783203125,0.18608681857585907,-0.024161279983818534
77,107,184,0.5557026550173759,1464.3656840637327,1464.49267578125,1464.92138671875,0.42871642112731934,0.1269862338900566
78,106,184,0.9481336620450019,1461.430772587955,1461.431884765625,1462.37890625,0.9469188451766968,0.0012148168683051574
79,105,184,1.396099680662155,1453.4912294209003,1453.6358642578125,1454.8873291015625,1.2515265941619873,0.14457308650016776
80,104,184,1.2287498891353608,1448.7995704233647,1448.8795166015625,1450.0283203125,1.1487864255905151,0.07996346354484563
81,103,184,1.6698493003845214,1438.5564690589904,1438.6357421875,1440.226318359375,1.5905038118362427,0.07934548854827872
82,102,184,1.1762373816967011,1431.8750321495534,1432.0216064453125,1433.05126953125,1.0295830965042114,0.1466542851924897
72,113,185,1.289435943365097,1475.215935150385,1475.1846923828125,1476.50537109375,1.3207427263259888,-0.03130678296089173
73,112,185,0.6104243743419647,1477.475268985033,1477.4769287109375,1478.085693359375,0.6088491678237915,0.0015752065181732222
74,111,185,0.026515668109059334,1478.8011210506409,1478.68798828125,1478.82763671875,0.13957923650741577,-0.11306356839835643
75,110,185,-0.20176573757082225,1478.3220049953834,1478.3369140625,1478.1202392578125,-0.2166779339313507,0.014912196360528457
76,109,185,-0.07103433337062598,1476.613392731808,1476.5413818359375,1476.5423583984375,0.0009537800215184689,-0.07198811339214445
77,108,185,0.3633376668393612,1473.1835373331605,1473.2886962890625,1473.546875,0.25825023651123047,0.10508743032813073
78,107,185,0.8272342559695244,1468.822301876843,1468.85888671875,1469.6495361328125,0.7906042337417603,0.036630022227764125
79,106,185,1.1322471582889557,1463.233719638586,1463.24658203125,1464.365966796875,1.1193848848342896,0.012862273454666173
80,105,185,1.279602507352829,1456.8695674145222,1456.7896728515625,1458.149169921875,1.3594521284103394,-0.07984962105751037
81,104,185,1.3296846842765808,1449.247585823536,1449.58154296875,1450.5772705078125,0.9958397150039673,0.33384496927261353
82,103,185,1.518556268811226,1440.5228255671263,1440.5826416015625,1442.0413818359375,1.4587211608886719,0.05983510792255409
72,114,186,1.8371305286884307,1481.294827479124,1481.3603515625,1483.1319580078125,1.7715978622436523,0.0655326664447784
73,113,186,0.5962731082737446,1482.7676184932889,1482.761474609375,1483.3638916015625,0.6024590134620667,-0.006185905188322072
74,112,186,0.36130004048347475,1485.890042732954,1485.880126953125,1486.2513427734375,0.3712999224662781,-0.009999881982803327
75,111,186,-0.336121943667531,1484.52960338898,1484.5164794921875,1484.1934814453125,-0.3230021297931671,-0.013119813874363895
76,110,186,-0.08210239583160728,1484.8645730989565,1484.806884765625,1484.782470703125,-0.024395989254117012,-0.057706406577490266
77,109,186,0.1800974503159523,1480.2541066512465,1480.19677734375,1480.4342041015625,0.2373836487531662,-0.05728619843721389
78,108,186,0.5957159063220024,1478.129381749928,1478.1065673828125,1478.72509765625,0.6185852289199829,-0.022869322597980468
79,107,186,1.0439790439605714,1471.042080526352,1471.174560546875,1472.0860595703125,0.9114721417427063,0.1325069022178651
80,106,186,0.9601820692420006,1467.1192857041956,1467.2164306640625,1468.0794677734375,0.8630402684211731,0.09714180082082746
81,105,186,1.4686224031448365,1457.6805475187302,1457.7779541015625,1459.149169921875,1.371172308921814,0.09745009422302253
82,104,186,1.2168329268693925,1451.6286260575057,1451.7935791015625,1452.845458984375,1.0518971681594849,0.16493575870990762
83,103,186,2.026471545100212,1439.5969415408372,1439.475830078125,1441.6234130859375,2.147599220275879,-0.12112767517566692
84,102,186,1.655911504626274,1431.3672818547486,1431.446533203125,1433.023193359375,1.576704740524292,0.07920676410198202
73,114,187,1.0042579713463784,1489.0299217161537,1489.1207275390625,1490.0341796875,0.9135120511054993,0.09074592024087913
74,113,187,0.2384268792718649,1491.3359139410406,1491.3468017578125,1491.5743408203125,0.22750882804393768,0.010918051227927217
75,112,187,-0.17571859266608952,1491.838804530166,1491.876953125,1491.6630859375,-0.21394971013069153,0.038231117464602005
76,111,187,-0.253080667629838,1491.1555464879423,1491.09716796875,1490.9024658203125,-0.19460776448249817,-0.05847290314733983
77,110,187,0.04410881506977603,1488.6779370833676,1488.6451416015625,1488.7220458984375,0.07690463960170746,-0.03279582453193143
78,109,187,0.44106625840067865,1485.2199444837868,1484.998779296875,1485.6610107421875,0.6622655987739563,-0.22119934037327765
79,108,187,0.7503128841519355,1480.460868756473,1480.559814453125,1481.211181640625,0.6513615250587463,0.0989513590931892
80,107,187,0.9154950669407844,1474.9343584486842,1474.8671875,1475.849853515625,0.982689380645752,-0.06719431370496753
81,106,187,1.0390897968411446,1468.0914033672213,1468.4110107421875,1469.1304931640625,0.7195896506309509,0.3195001462101936
82,105,187,1.3868890875577926,1460.0822271233797,1460.1710205078125,1461.4691162109375,1.298148512840271,0.08874057471752161
83,104,187,1.6924596512317658,1450.7876428878308,1450.784912109375,1452.4801025390625,1.6951398849487305,-0.002680233716964686
84,103,187,1.9861123651266097,1440.5325643926858,1440.7955322265625,1442.5186767578125,1.7231736183166504,0.2629387468099593
74,114,188,0.4915411454439163,1498.1948602217435,1498.1820068359375,1498.6864013671875,0.5044146180152893,-0.012873472571373001
75,113,188,-0.2977402774244547,1497.725108441487,1497.7486572265625,1497.4273681640625,-0.3212418854236603,0.023501607999205587
76,112,188,-0.2550927840918302,1499.0710107528419,1499.0867919921875,1498.81591796875,-0.27083247900009155,0.015739694908261326
77,111,188,-0.15485461376607418,1495.440255004391,1495.5120849609375,1495.285400390625,-0.2265704721212387,0.07171585835516453
78,110,188,0.17863633658736944,1494.2158949134127,1494.2056884765625,1494.39453125,0.1888417750597,-0.010205438472330575
79,109,188,0.5772338351607322,1488.0149292507767,1487.9737548828125,1488.5921630859375,0.6185047626495361,-0.0412709274888039
80,108,188,0.5352150072157383,1484.8871482740342,1485.0184326171875,1485.42236328125,0.4039713740348816,0.13124363318085674
81,107,188,1.0457693627476692,1476.3018868872523,1476.3741455078125,1477.34765625,0.973554253578186,0.07221510916948315
82,106,188,0.9552492555975914,1470.9440427365898,1471.06640625,1471.8992919921875,0.8329755067825317,0.1222737488150597
83,105,188,1.9400117427110672,1459.611746069789,1459.6678466796875,1461.5517578125,1.8840197324752808,0.05599201023578648
84,104,188,1.7364254558086396,1452.0890139973164,1452.2349853515625,1453.825439453125,1.5904589891433716,0.14596646666526802
75,114,189,-0.21468696437776089,1504.7984271987527,1504.7822265625,1504.583740234375,-0.19847820699214935,-0.016208757385611533
76,113,189,-0.4697753995656967,1505.0952636808156,1505.007568359375,1504.62548828125,-0.3820578157901764,-0.0877175837755203
77,112,189,-0.3396341361105442,1503.584629253298,1503.68798828125,1503.2449951171875,-0.44299763441085815,0.10336349830031394
78,111,189,-0.07481465259101241,1501.079941605716,1500.9254150390625,1501.005126953125,0.07963132113218307,-0.1544459737231955
79,110,189,0.18740438878536225,1497.1862528377771,1497.255615234375,1497.3736572265625,0.11805155128240585,0.0693528375029564
80,109,189,0.3553564016520977,1492.4968164499105,1492.5177001953125,1492.8521728515625,0.33445703983306885,0.02089936181902885
81,108,189,0.5447879874706268,1486.4249385750293,1486.72509765625,1486.9697265625,0.2446030229330063,0.30018496453762056
82,107,189,0.9746599704027176,1479.1920880764724,1479.170654296875,1480.166748046875,0.9961151480674744,-0.021455177664756797
83,106,189,1.4661000049114228,1470.5669810497761,1470.6090087890625,1472.0330810546875,1.4240856170654297,0.042014387845993095
84,105,189,1.9172436702251434,1461.0316088688373,1461.1839599609375,1462.9488525390625,1.764939546585083,0.1523041236400604
74,116,190,0.46924780115485193,1510.0532131363452,1510.025634765625,1510.5224609375,0.4968111515045166,-0.027563350349664673
75,115,190,-0.39811747908592227,1510.4458469712733,1510.4573974609375,1510.0477294921875,-0.4097071886062622,0.011589709520339941
76,114,190,-0.5792479130625725,1512.8004393193125,1512.7999267578125,1512.22119140625,-0.5786866545677185,-0.000561258494854
77,113,190,-0.6268793496489525,1510.120531693399,1510.0633544921875,1509.49365234375,-0.569696307182312,-0.05718304246664052
78,112,190,-0.41745325610041617,1509.8234591154753,1509.8338623046875,1509.406005859375,-0.4278985261917114,0.010445270091295256
79,111,190,-0.1257495049200952,1504.5507983330451,1504.57861328125,1504.425048828125,-0.15351559221744537,0.027766087297350167
80,110,190,-0.12916420856490732,1502.2059464351273,1502.333251953125,1502.0767822265625,-0.25658345222473145,0.12741924365982413
81,109,190,0.3909513668715954,1494.450967578441,1494.5465087890625,1494.8419189453125,0.29541051387786865,0.09554085299372672
82,108,190,0.48411033436656,1489.7492881031335,1489.8145751953125,1490.2333984375,0.41884660720825195,0.06526372715830803
83,107,190,1.612255055308342,1479.1321297103166,1479.2115478515625,1480.744384765625,1.532875657081604,0.0793793982267379
84,106,190,1.5351490741968155,1472.3409495586156,1472.39599609375,1473.8760986328125,1.480116605758667,0.05503246843814846
74,117,191,0.3416147171705961,1514.9199819625169,1514.904296875,1515.2615966796875,0.3573707938194275,-0.015756076648831385
75,116,191,-0.41199943870306016,1517.311413501203,1517.296142578125,1516.8994140625,-0.3967624306678772,-0.015237008035182964
76,115,191,-0.8730599546432495,1518.6019417905807,1518.55859375,1517.7288818359375,-0.8297154307365417,-0.04334452390670773
77,114,191,-0.9094933041930199,1518.0435265073181,1518.08984375,1517.134033203125,-0.9558368921279907,0.04634358793497084
78,113,191,-0.7599829745292663,1516.4601782870293,1516.2969970703125,1515.7001953125,-0.5968624949455261,-0.1631204795837402
79,112,191,-0.6082219690084457,1513.4806584924459,1513.6142578125,1512.8724365234375,-0.7418060302734375,0.13358406126499178
80,111,191,-0.4655738069117069,1509.640988845974,1509.6258544921875,1509.1754150390625,-0.4504355788230896,-0.015138228088617312
81,110,191,-0.1705387295782566,1504.2851627530158,1504.5345458984375,1504.1146240234375,-0.4199416935443878,0.2494029639661312
82,109,191,0.3403877582401037,1497.8142753276975,1497.760498046875,1498.1546630859375,0.3940730392932892,-0.053685281053185485
83,108,191,1.0476327285170555,1489.8130850449204,1489.92626953125,1490.8607177734375,0.9343858361244202,0.1132468923926353
84,107,191,1.626629313826561,1481.011188068986,1480.973388671875,1482.6378173828125,1.6644439697265625,-0.03781465590000144
85,106,191,1.9645321130752564,1471.1460635900498,1471.25830078125,1473.110595703125,1.8522119522094727,0.11232016086578378
75,117,192,-0.5761267533898353,1522.6474158158899,1522.6058349609375,1522.0712890625,-0.5345695614814758,-0.04155719190835949
76,116,192,-1.064999876320362,1526.0806248763204,1526.116943359375,1525.015625,-1.1013327836990356,0.03633290737867356
77,115,192,-1.3078478306531907,1524.3842638462781,1524.2879638671875,1523.076416015625,-1.2115490436553955,-0.09629878699779515
78,114,192,-1.163127579689026,1524.940715470314,1524.95849609375,1523.777587890625,-1.1809394359588623,0.01781185626983639
79,113,192,-1.0156837597489357,1520.6188331738115,1520.6597900390625,1519.6031494140625,-1.0566462278366089,0.04096246808767323
80,112,192,-1.0028677612543107,1519.0645132690668,1519.1168212890625,1518.0616455078125,-1.0551964044570923,0.05232864320278163
81,111,192,-0.5157942299544811,1512.1674055580795,1512.1951904296875,1511.651611328125,-0.5436266660690308,0.027832436114549663
82,110,192,-0.18585080936551093,1508.0535265906155,1508.0924072265625,1507.86767578125,-0.2247692048549652,0.03891839548945428
83,109,192,1.0307797819375992,1498.1908999055624,1498.2928466796875,1499.2216796875,0.9288082718849182,0.10197151005268101
84,108,192,1.2057567572593688,1491.990166094303,1492.0423583984375,1493.1959228515625,1.153458833694458,0.05229792356491081
85,107,192,2.0641337966918947,1480.2492206954955,1480.267822265625,1482.3133544921875,2.045488119125366,0.018645677566528462
75,118,193,-0.6775228634476662,1529.3041097775101,1529.3199462890625,1528.6265869140625,-0.6933789253234863,0.015856061875820116
76,117,193,-1.3599104547500611,1531.589646782875,1531.700439453125,1530.229736328125,-1.4706699848175049,0.11075953006744377
77,116,193,-1.6397624969482423,1532.0461345672607,1532.0599365234375,1530.4063720703125,-1.6536401510238647,0.01387765407562247
78,115,193,-1.6118209731578828,1531.3759811294078,1531.220947265625,1529.76416015625,-1.4568816423416138,-0.15493933081626898
79,114,193,-1.5282181596755982,1529.2538040971756,1529.36376953125,1527.7255859375,-1.6381869316101074,0.10996877193450927
80,113,193,-1.447769900560379,1526.286026736498,1526.23876953125,1524.8382568359375,-1.400562047958374,-0.047207852602004996
81,112,193,-1.1336121302843094,1521.7180847865343,1521.8714599609375,1520.58447265625,-1.287007212638855,0.15339508235454558
82,111,193,-0.48844841197133065,1515.9405968494714,1515.8411865234375,1515.4521484375,-0.3890776038169861,-0.09937080815434457
83,110,193,0.4080751673877239,1508.5748349888622,1508.714111328125,1508.98291015625,0.2687836289405823,0.13929153844714165
84,109,193,1.2368246603012085,1500.3688882303238,1500.37255859375,1501.605712890625,1.2331961393356323,0.0036285209655761985
85,108,193,1.7088123297691344,1491.2122081780433,1491.3321533203125,1492.9210205078125,1.5888042449951172,0.12000808477401725
86,107,193,1.8867899364233016,1481.4122823292016,1481.4395751953125,1483.299072265625,1.8594893217086792,0.027300614714622418
76,118,194,-1.5295534706115723,1538.745495853424,1538.8125,1537.2159423828125,-1.5965819358825684,0.06702846527099604
77,117,194,-2.0574733066558837,1538.1083766269685,1538.126708984375,1536.0509033203125,-2.0758304595947266,0.01835715293884288
78,116,194,-2.033140437602997,1539.559995906353,1539.57275390625,1537.52685546875,-2.0459213256835938,0.012780888080596853
79,115,194,-2.041806530356407,1536.1863377803563,1536.2421875,1534.14453125,-2.097698926925659,0.055892396569252156
80,114,194,-1.996687793135643,1535.3919514650106,1535.431884765625,1533.395263671875,-2.036623477935791,0.039935684800147975
81,113,194,-1.6086342716217041,1529.4038002872467,1529.403076171875,1527.795166015625,-1.6078683137893677,-0.0007659578323364613
82,112,194,-1.062929354608059,1525.884218417108,1525.89111328125,1524.8212890625,-1.0698561668395996,0.00692681223154068
83,111,194,0.16376203022897243,1516.8392897275835,1516.9239501953125,1517.0030517578125,0.0790950283408165,0.08466700188815593
84,110,194,0.7192636060714722,1511.085545964241,1511.1231689453125,1511.8048095703125,0.681604266166687,0.037659339904785205
85,109,194,1.7924009543657302,1499.9755433815717,1500.052734375,1501.7679443359375,1.7152386903762817,0.07716226398944848
86,108,194,1.5981070750951767,1492.7477181202173,1492.8292236328125,1494.3458251953125,1.516591191291809,0.0815158838033676
76,119,195,-1.7956777125597,1543.940086892247,1543.960205078125,1542.1444091796875,-1.8158867359161377,0.020209023356437594
77,118,195,-2.331666659116745,1545.4104020106793,1545.358642578125,1543.0787353515625,-2.2798588275909424,-0.051807831525802595
78,117,195,-2.5588227450847625,1545.7728120028974,1545.6778564453125,1543.2139892578125,-2.4637866020202637,-0.09503614306449881
79,116,195,-2.5665175354480745,1544.5173231995107,1544.668701171875,1541.9508056640625,-2.717867136001587,0.15134960055351243
80,115,195,-2.5395849430561066,1542.398227521181,1542.3326416015625,1539.858642578125,-2.473986864089966,-0.06559807896614078
81,114,195,-2.2375116419792174,1538.6350946497917,1538.6922607421875,1536.3975830078125,-2.2946605682373047,0.05714892625808732
82,113,195,-1.5010567325353623,1533.5791817325353,1533.49267578125,1532.078125,-1.4145283699035645,-0.08652836263179786
83,112,195,-0.45580135703086855,1526.8748687398434,1526.997802734375,1526.4190673828125,-0.5787646770477295,0.12296332001686094
84,111,195,0.5681628841161728,1519.3042736393213,1519.3065185546875,1519.8724365234375,0.5659152865409851,0.0022475975751876653
85,110,195,1.2893906247615814,1510.725868164301,1510.8778076171875,1512.0152587890625,1.137416124343872,0.15197450041770932
86,109,195,1.707490467429161,1501.5342087513209,1501.574951171875,1503.24169921875,1.666766881942749,0.040723585486412084
76,120,196,-1.9605419558286667,1550.798554651141,1550.797119140625,1548.8380126953125,-1.959074854850769,-0.0014671009778977062
77,119,196,-2.7283763551712035,1551.1619701051711,1551.173095703125,1548.43359375,-2.73956561088562,0.011189255714416646
78,118,196,-2.972541764974594,1553.643073991537,1553.599853515625,1550.6705322265625,-2.929286003112793,-0.04325576186180102
79,117,196,-3.205859433412552,1551.2721436131,1551.3116455078125,1548.0662841796875,-3.245333433151245,0.039473999738693255
80,116,196,-3.09812815785408,1551.1934650719165,1551.216552734375,1548.0953369140625,-3.1211318969726562,0.023003739118576227
81,115,196,-2.818670345544815,1546.1095639002324,1546.1048583984375,1543.2908935546875,-2.8139045238494873,-0.004765821695327688
82,114,196,-2.112496176958084,1543.225045005083,1543.174072265625,1541.112548828125,-2.061546802520752,-0.05094937443733194
83,113,196,-0.8601789882779122,1534.967600863278,1535.0526123046875,1534.107421875,-0.9450940489768982,0.08491506069898602
84,112,196,-0.014294207329512573,1529.7364621760796,1529.72998046875,1529.72216796875,-0.0078003001399338245,-0.006493907189578749
85,111,196,1.2072865122556686,1519.3087046986818,1519.3919677734375,1520.5159912109375,1.123937726020813,0.08334878623485564
86,110,196,1.3182943177223205,1512.6056558775902,1512.7213134765625,1513.9239501953125,1.2026664018630981,0.11562791585922239
77,120,197,-2.9643923950195314,1558.131750793457,1558.0731201171875,1555.1673583984375,-2.905653476715088,-0.058738918304443555
78,119,197,-3.5232295453548432,1559.5897578656673,1559.4464111328125,1556.0665283203125,-3.379859685897827,-0.14336985945701608
79,118,197,-3.7588467562198637,1559.3237881624698,1559.384033203125,1555.56494140625,-3.8191077709198,0.060261014699936055
80,117,197,-3.771175000667572,1558.0250812506677,1558.0020751953125,1554.25390625,-3.748230218887329,-0.022944781780243062
81,116,197,-3.461023403406143,1555.0325566065312,1555.0338134765625,1551.571533203125,-3.4622178077697754,0.0011944043636322732
82,115,197,-2.6702693712711336,1550.7209285509587,1550.642578125,1548.0506591796875,-2.591937780380249,-0.0783315908908846
83,114,197,-1.4835289746522904,1544.6710289746522,1544.802001953125,1543.1875,-1.6146022081375122,0.13107323348522182
84,113,197,-0.37537045001983643,1537.8321575593948,1537.7255859375,1537.456787109375,-0.2687786817550659,-0.10659176826477051
85,112,197,0.5973988661170005,1529.815198790133,1529.9053955078125,1530.41259765625,0.5071430206298828,0.09025584548711774
86,111,197,1.2975969994068146,1521.1746930396557,1521.2574462890625,1522.4722900390625,1.214875340461731,0.08272165894508365
87,110,197,1.6918240696191789,1511.5551241725684,1511.7315673828125,1513.2469482421875,1.5154238939285278,0.17640017569065103
78,120,198,-3.8467673051357267,1567.0716208207607,1567.001953125,1563.224853515625,-3.777029514312744,-0.06973779082298259
79,119,198,-4.4652987217903135,1565.8504305577278,1565.8963623046875,1561.3851318359375,-4.511277675628662,0.0459789538383486
80,118,198,-4.366465575695038,1566.54542065382,1566.487548828125,1562.178955078125,-4.308623790740967,-0.05784178495407133
81,117,198,-4.177902450561524,1562.334030380249,1562.2796630859375,1558.1561279296875,-4.123538970947266,-0.054363479614258026
82,116,198,-3.2982439625263216,1560.0576433765889,1560.0360107421875,1556.7593994140625,-3.2765309810638428,-0.021712981462478798
83,115,198,-2.0050136148929596,1552.558236271143,1552.56005859375,1550.55322265625,-2.0068671703338623,0.00185355544090271
84,114,198,-0.9382552453875541,1547.90468590945,1547.8770751953125,1546.9664306640625,-0.9106292128562927,-0.02762603253126139
85,113,198,0.288783171698451,1538.2876328439265,1538.3302001953125,1538.576416015625,0.24613593518733978,0.04264723651111124
86,112,198,0.7830323910713196,1532.0170164370536,1532.0694580078125,1532.800048828125,0.7305748462677002,0.052457544803619416
87,111,198,1.713247880935669,1520.512460126877,1520.4791259765625,1522.2257080078125,1.7465989589691162,-0.03335107803344717
77,122,199,-3.6112861001491545,1570.299030240774,1570.35009765625,1566.687744140625,-3.6623122692108154,0.05102616906166091
78,121,199,-4.330571625232697,1572.6679739689828,1572.557861328125,1568.33740234375,-4.22053337097168,-0.11003825426101699
79,120,199,-4.927799637317658,1573.51190608263,1573.4805908203125,1568.5841064453125,-4.896493434906006,-0.03130620241165172
80,119,199,-5.127752406597137,1573.1684018206597,1573.150634765625,1568.0406494140625,-5.109912872314453,-0.017839534282684255
81,118,199,-4.857586379051209,1570.981121535301,1570.881591796875,1566.12353515625,-4.758024215698242,-0.09956216335296642
82,117,199,-3.9832568883895876,1567.3704639196396,1567.2716064453125,1563.38720703125,-3.8843374252319336,-0.09891946315765399
83,116,199,-2.6415407729148863,1561.9475710463523,1562.05517578125,1559.3060302734375,-2.749068021774292,0.10752724885940568
84,115,199,-1.3855921578407289,1555.7626673531531,1555.7139892578125,1554.3770751953125,-1.3369258642196655,-0.04866629362106334
85,114,199,-0.3349177225679159,1548.466509519443,1548.51611328125,1548.131591796875,-0.3845362365245819,0.049618513956666
86,113,199,0.605975689291954,1540.4041561466456,1540.4703369140625,1541.0101318359375,0.5398089289665222,0.06616676032543178
87,112,199,1.2646790724992751,1531.3356627243757,1531.356689453125,1532.600341796875,1.2436137199401855,0.02106535255908959
78,122,200,-4.60620127916336,1579.8117676854133,1579.8397216796875,1575.20556640625,-4.634165287017822,0.027964007854461848
79,121,200,-5.527134845256805,1579.6439561343193,1579.6982421875,1574.1168212890625,-5.581436634063721,0.054301788806915496
80,120,200,-5.6704509687423705,1581.332682414055,1581.1790771484375,1575.6622314453125,-5.516931533813477,-0.15351943492889397
81,119,200,-5.6761052656173705,1578.08345389843,1577.9407958984375,1572.4073486328125,-5.533351421356201,-0.14275384426116933
82,118,200,-4.6416176676750185,1576.4205483317376,1576.362060546875,1571.7789306640625,-4.583115100860596,-0.058502566814422785
83,117,200,-3.2947728991508485,1569.6523168444633,1569.6993408203125,1566.3575439453125,-3.341799259185791,0.04702636003494254
84,116,200,-1.9452278858423233,1565.5008919483423,1565.4881591796875,1563.5556640625,-1.9324359893798828,-0.0127918964624405
85,115,200,-0.7317171341180801,1556.6991243606806,1556.7520751953125,1555.9674072265625,-0.7845681309700012,0.05285099685192107
86,114,200,0.04692180387675762,1550.9456319070607,1550.982177734375,1550.9925537109375,0.010366150178015232,0.03655565369874239
87,113,200,1.1179280042648316,1540.1191325426103,1540.0657958984375,1541.237060546875,1.1711716651916504,-0.05324366092681876
78,123,201,-5.149893336296081,1585.1918855237961,1585.0526123046875,1580.0419921875,-5.01055908203125,-0.13933425426483126
79,122,201,-5.897239470481873,1586.9215314626695,1586.93017578125,1581.0242919921875,-5.905943393707275,0.008703923225402477
80,121,201,-6.373596968650818,1587.6087043905259,1587.40966796875,1581.235107421875,-6.174625396728516,-0.19897157192230264
81,120,201,-6.346273970603943,1586.4162202596665,1586.1456298828125,1580.0699462890625,-6.07565450668335,-0.27061946392059344
82,119,201,-5.435983800888062,1583.5405980587007,1583.4534912109375,1578.1046142578125,-5.3488569259643555,-0.08712687492370641
83,118,201,-3.966277197599411,1578.7582693850993,1578.8291015625,1574.7919921875,-4.037143230438232,0.07086603283882154
84,117,201,-2.513071562051773,1573.1638283979892,1573.138916015625,1570.6507568359375,-2.488173007965088,-0.024898554086685287
85,116,201,-1.3059772491455077,1566.4964069366456,1566.6248779296875,1565.1904296875,-1.4344936609268188,0.12851641178131112
86,115,201,-0.2886774206906557,1559.1620905066281,1559.1605224609375,1558.8734130859375,-0.28710487484931946,-0.0015725458413362592
87,114,201,0.599752037525177,1550.6653846812249,1550.68212890625,1551.26513671875,0.5829717516899109,0.01678028583526614
88,113,201,1.2248548454046249,1541.5477281624078,1541.551513671875,1542.7725830078125,1.220956563949585,0.003898281455039898
78,124,202,-5.5583966660499575,1592.1859601426124,1592.0753173828125,1586.6275634765625,-5.447782039642334,-0.11061462640762354
79,123,202,-6.511549255847931,1592.7885267949105,1592.953857421875,1586.2769775390625,-6.676783561706543,0.1652343058586121
80,122,202,-6.862139976024627,1595.4231751322745,1595.163818359375,1588.56103515625,-6.602818012237549,-0.2593219637870785
81,121,202,-7.167745199203491,1593.2287803554534,1593.0166015625,1586.06103515625,-6.955569744110107,-0.21217545509338365
82,120,202,-6.111839909553527,1592.2993399095535,1592.1944580078125,1586.1875,-6.006901741027832,-0.10493816852569537
83,119,202,-4.758277564048767,1586.2958752202987,1586.2222900390625,1581.53759765625,-4.684723377227783,-0.07355418682098414
84,118,202,-3.1145199716091154,1582.621600049734,1582.630615234375,1579.507080078125,-3.123603343963623,0.009083372354507624
85,117,202,-1.8107778131961823,1574.5175649225712,1574.5018310546875,1572.706787109375,-1.7950302362442017,-0.01574757695198059
86,116,202,-0.8263100358843803,1569.345963356197,1569.39892578125,1568.5196533203125,-0.8792759776115417,0.0529659417271614
87,115,202,0.31498558655381204,1559.2537399993837,1559.240478515625,1559.5687255859375,0.32822468876838684,-0.013239102214574805
88,114,202,0.7721425250172615,1552.4531992718578,1552.48486328125,1553.225341796875,0.74054354429245,0.0315989807248116
79,124,203,-7.016263070106507,1599.9166536951066,1599.8155517578125,1592.900390625,-6.915217399597168,-0.10104567050933877
80,123,203,-7.601598920822144,1601.4541379833222,1601.1590576171875,1593.8525390625,-7.306478023529053,-0.2951208972930912
81,122,203,-7.814417903423309,1601.241053645611,1600.8687744140625,1593.4266357421875,-7.44216775894165,-0.37225014448165883
82,121,203,-6.967649085521698,1599.1867652964593,1599.111572265625,1592.2191162109375,-6.892492294311523,-0.07515679121017449
83,120,203,-5.427841982841492,1595.0897072172165,1595.067626953125,1589.661865234375,-5.4058403968811035,-0.022001585960388148
84,119,203,-3.821839234828949,1590.116761109829,1590.0712890625,1586.294921875,-3.7763586044311523,-0.045480630397796595
85,118,203,-2.4213127088546753,1584.0273918104172,1584.1407470703125,1581.6060791015625,-2.5345818996429443,0.11326919078826903
86,117,203,-1.2597347158193588,1577.3395687001944,1577.3797607421875,1576.079833984375,-1.2999287843704224,0.040194068551063555
87,116,203,-0.2545864475518465,1569.5139858616144,1569.5369873046875,1569.2593994140625,-0.277532696723938,0.022946249172091482
88,115,203,0.6061732676625252,1560.9678013417124,1561.0296630859375,1561.573974609375,0.5443036556243896,0.06186961203813557
80,124,204,-8.244955945014954,1609.1354588747024,1608.6512451171875,1600.8905029296875,-7.760793209075928,-0.4841627359390266
81,123,204,-8.691269116401672,1607.823715405464,1607.52490234375,1599.1324462890625,-8.392417907714844,-0.2988512086868287
82,122,204,-7.69629332780838,1607.697391960621,1607.5062255859375,1600.0010986328125,-7.505137920379639,-0.1911554074287416
83,121,204,-6.2496476244926455,1602.359144694805,1602.260009765625,1596.1094970703125,-6.150550842285156,-0.0990967822074893
84,120,204,-4.418653159141541,1599.2558113622665,1599.1727294921875,1594.837158203125,-4.335610389709473,-0.08304276943206812
85,119,204,-3.087354942560196,1591.8988783800603,1591.9246826171875,1588.8115234375,-3.1131341457366943,0.02577920317649829
86,118,204,-1.8035038429498673,1587.2021854835748,1587.2371826171875,1585.398681640625,-1.8384687900543213,0.03496494710445397
87,117,204,-0.6462759485840798,1577.8849234095217,1577.87744140625,1577.2386474609375,-0.638756275177002,-0.00751967340707782
88,116,204,0.09134769956581294,1571.5943212457466,1571.6412353515625,1571.6856689453125,0.044385530054569244,0.0469621695112437
80,125,205,-8.896416964530944,1614.804375948906,1614.3201904296875,1605.907958984375,-8.41218376159668,-0.48423320293426464
81,124,205,-9.459945650100709,1615.6686858844757,1615.0709228515625,1606.208740234375,-8.862166404724121,-0.5977792453765876
82,123,205,-8.684602513313294,1614.430818333626,1614.2379150390625,1605.7462158203125,-8.491740226745605,-0.19286228656768856
83,122,205,-6.91873202085495,1610.8502505755425,1610.7509765625,1603.9315185546875,-6.819433689117432,-0.09929833173751845
84,121,205,-5.145717160701752,1606.4714007544517,1606.4244384765625,1601.32568359375,-5.0987548828125,-0.04696227788925178
85,120,205,-3.6773095762729646,1601.072817388773,1601.105224609375,1597.3955078125,-3.7097368240356445,0.03242724776267991
86,119,205,-2.3751445984840394,1595.021628973484,1595.048095703125,1592.646484375,-2.401620388031006,0.0264757895469665
87,118,205,-1.2282193559408188,1587.8288052934408,1587.8658447265625,1586.6005859375,-1.265228033065796,0.03700867712497713
88,117,205,-0.21858939923346044,1579.927207563296,1579.9698486328125,1579.7086181640625,-0.26116636395454407,0.04257696472108363
89,116,205,0.6216134995222091,1570.9252615004777,1570.8846435546875,1571.546875,0.6622599363327026,-0.040646436810493514
80,126,206,-8.585368914604187,1621.2507741880418,1621.0494384765625,1612.6654052734375,-8.384132385253906,-0.2012365293502807
81,125,206,-10.245906372070312,1621.8826251220703,1621.57470703125,1611.63671875,-9.93798828125,-0.3079180908203121
82,124,206,-9.602686648368836,1622.837794070244,1622.3245849609375,1613.235107421875,-9.089491844177246,-0.5131948041915901
83,123,206,-7.876864564418793,1617.9657317519188,1617.784912109375,1610.0888671875,-7.696071624755859,-0.18079293966293353
84,122,206,-5.698520836830139,1615.26053255558,1615.1630859375,1609.56201171875,-5.600974082946777,-0.09754675388336143
85,121,206,-4.34158210515976,1608.6394336676597,1608.6314697265625,1604.2978515625,-4.333549976348877,-0.008032128810882888
86,120,206,-2.9099577152729035,1604.5563200199604,1604.5426025390625,1601.6463623046875,-2.896260976791382,-0.013696738481521642
87,119,206,-1.7315756398439408,1595.9953695851564,1595.8741455078125,1594.2637939453125,-1.610414981842041,-0.12116065800189979
88,118,206,-0.7645893716812133,1590.2525044107438,1590.2794189453125,1589.4879150390625,-0.7915173172950745,0.026927945613861137
89,117,206,0.3501689572632313,1579.6364033083619,1579.577880859375,1579.986572265625,0.4087003469467163,-0.058531389683485036
80,127,207,-7.385480160713196,1624.801251645088,1624.6624755859375,1617.415771484375,-7.24669885635376,-0.13878130435943614
81,126,207,-10.157624945640563,1628.588655219078,1628.4271240234375,1618.4310302734375,-9.996074676513672,-0.16155026912689152
82,125,207,-10.568472905158997,1629.269400639534,1629.0623779296875,1618.700927734375,-10.361384391784668,-0.20708851337432854
83,124,207,-8.774274492263794,1626.3907295703889,1625.882568359375,1617.616455078125,-8.266085624694824,-0.5081888675689701
84,123,207,-6.533922810554504,1622.2929560136795,1622.19140625,1615.759033203125,-6.4324212074279785,-0.10150160312652545
85,122,207,-4.833467252254486,1617.408052213192,1617.4908447265625,1612.5745849609375,-4.916186809539795,0.08271955728530855
86,121,207,-3.483252440690994,1612.073096190691,1612.11572265625,1608.58984375,-3.5258798599243164,0.04262741923332225
87,120,207,-2.279138612747192,1605.5845585346221,1605.547607421875,1603.305419921875,-2.2422001361846924,-0.03693847656249982
88,119,207,-1.1743289262056351,1598.3679324418306,1598.40234375,1597.193603515625,-1.208720088005066,0.0343911617994308
89,118,207,-0.18261341396719216,1589.9916954452171,1589.9876708984375,1589.80908203125,-0.17869912087917328,-0.003914293088018883
80,128,208,-5.76506085395813,1629.6648411273957,1629.5118408203125,1623.8997802734375,-5.612071990966797,-0.15298886299133319
81,127,208,-9.024863376617432,1632.6132422828675,1632.214111328125,1623.58837890625,-8.625849723815918,-0.39901365280151424
82,126,208,-10.665284857749938,1636.5694596624373,1636.43017578125,1625.9041748046875,-10.526026725769043,-0.13925813198089543
83,125,208,-9.822802472114564,1633.3137692689895,1632.76953125,1623.490966796875,-9.278569221496582,-0.5442332506179817
84,124,208,-7.3098192262649535,1631.007084851265,1630.586181640625,1623.697265625,-6.889009475708008,-0.4208097505569457
85,123,208,-5.556507651805878,1624.7382703471185,1624.8045654296875,1619.1817626953125,-5.622842311859131,0.06633466005325328
86,122,208,-3.9260149335861207,1621.2048235273362,1621.2076416015625,1617.27880859375,-3.928940534591675,0.002925601005554057
87,121,208,-2.789664977788925,1613.450309509039,1613.4349365234375,1610.66064453125,-2.77420973777771,-0.015455240011215121
88,120,208,-1.6568177181482315,1608.3057434993982,1608.2596435546875,1606.64892578125,-1.6108131408691406,-0.04600457727909091
89,119,208,-0.5420998892188073,1598.4699563345314,1598.4444580078125,1597.9278564453125,-0.5165916085243225,-0.025508280694484742
90,118,208,0.13921691346913576,1591.6682782037183,1591.73486328125,1591.8074951171875,0.0726318284869194,0.06658508498221635
81,128,209,-7.275811290740966,1637.3837214469909,1637.18017578125,1630.10791015625,-7.072268486022949,-0.20354280471801722
82,127,209,-9.572432889938355,1640.670455350876,1640.3675537109375,1631.0980224609375,-9.269608497619629,-0.30282439231872615
83,126,209,-9.847085957527161,1640.5786533403398,1640.229248046875,1630.7315673828125,-9.497644424438477,-0.34944153308868486
84,125,209,-8.291464099884033,1637.901327381134,1637.5543212890625,1629.60986328125,-7.9444146156311035,-0.3470494842529295
85,124,209,-6.215681760311127,1633.3747393774986,1633.289794921875,1627.1590576171875,-6.130699634552002,-0.084982125759125
86,123,209,-4.549729952812195,1628.4755112028122,1628.564697265625,1623.92578125,-4.638950824737549,0.08922087192535422
87,122,209,-3.2276219022274018,1622.6178806912899,1622.6234130859375,1619.3902587890625,-3.233227014541626,0.005605112314224225
88,121,209,-2.072620232105255,1616.1180303883552,1616.20068359375,1614.04541015625,-2.1552836894989014,0.08266345739364622
89,120,209,-1.0522831669449806,1608.47733199507,1608.4317626953125,1607.425048828125,-1.0066050291061401,-0.04567813783884045
81,129,210,-5.920431263446808,1640.9216519665717,1640.8536376953125,1635.001220703125,-5.852502822875977,-0.06792844057083158
82,128,210,-7.710947346687317,1645.7336524248124,1645.552734375,1638.022705078125,-7.530031681060791,-0.18091566562652606
83,127,210,-8.724488077163697,1645.0548103427886,1644.8338623046875,1636.330322265625,-8.503606796264648,-0.22088128089904835
84,126,210,-8.244513726234436,1645.5020820856093,1645.212646484375,1637.257568359375,-7.955190181732178,-0.28932354450225795
85,125,210,-7.0441179728508,1640.5223894572257,1640.4493408203125,1633.478271484375,-6.971077919006348,-0.07304005384445222
86,124,210,-5.1416683411598205,1637.4531917786599,1637.2996826171875,1632.3115234375,-4.9881391525268555,-0.15352918863296505
87,123,210,-3.7869353663921355,1630.232247866392,1630.256103515625,1626.4453125,-3.8108367919921875,0.02390142560005204
88,122,210,-2.478205543756485,1625.663142067194,1625.6873779296875,1623.1849365234375,-2.502495527267456,0.02428998351097089
89,121,210,-1.3976020270586014,1616.6288031989336,1616.5838623046875,1615.231201171875,-1.3526757955551147,-0.044926231503486624
90,120,210,-0.6016989253461361,1610.4792624019087,1610.506103515625,1609.8775634765625,-0.6284604072570801,0.026761481910943963
81,130,211,-4.593876376152038,1645.8466839933396,1645.7559814453125,1641.2528076171875,-4.5031538009643555,-0.09072257518768279
82,129,211,-6.261958367824555,1649.213252313137,1649.388671875,1642.9512939453125,-6.4373650550842285,0.1754066872596738
83,128,211,-6.964158380031586,1650.2554181456567,1649.972412109375,1643.291259765625,-6.681217193603516,-0.2829411864280704
84,127,211,-7.212022523880005,1650.1052110004425,1649.763427734375,1642.8931884765625,-6.870266914367676,-0.34175560951232953
85,126,211,-6.937270286083222,1648.1009665751458,1648.19580078125,1641.1636962890625,-7.032054901123047,0.09478461503982505
86,125,211,-5.851887967586517,1644.5213215613364,1644.5216064453125,1638.66943359375,-5.852127552032471,0.00023958444595351125
87,124,211,-4.356633152961731,1639.2271165513991,1639.124267578125,1634.8704833984375,-4.253740310668945,-0.1028928422927855
88,123,211,-2.963120307922363,1633.2432716751098,1633.3697509765625,1630.2801513671875,-3.089618444442749,0.12649813652038588
89,122,211,-1.823254988193512,1626.234754011631,1626.2757568359375,1624.4114990234375,-1.8642830848693848,0.041028096675872705
90,121,211,-0.8714191511273384,1618.5965168073774,1618.760498046875,1617.72509765625,-1.0353870391845703,0.16396788805723195
91,120,211,-0.0575033003045246,1609.8441243940545,1609.80224609375,1609.78662109375,-0.015632860362529755,-0.041870439941994846
82,130,212,-4.894236600399017,1654.498728787899,1654.515869140625,1649.6044921875,-4.911396026611328,0.017159426212311146
83,129,212,-5.6412069964408875,1654.2623007464408,1654.3026123046875,1648.62109375,-5.681530475616455,0.040323479175567556
84,128,212,-5.632761168479919,1655.8902074575424,1655.771728515625,1650.2574462890625,-5.514284133911133,-0.11847703456878644
85,127,212,-6.036210725307464,1653.2386033034325,1653.248046875,1647.202392578125,-6.04567813873291,0.00946741342544577
86,126,212,-5.730426821708679,1652.4901924467088,1652.496826171875,1646.759765625,-5.737000465393066,0.006573643684387065
87,125,212,-4.951023359298706,1646.5839579296112,1646.5712890625,1641.6329345703125,-4.938326835632324,-0.01269652366638141
88,124,212,-3.5091658520698545,1642.6208601880073,1642.4716796875,1639.1116943359375,-3.3599040508270264,-0.14926180124282817
89,123,212,-2.25038853764534,1634.1629861938954,1634.19091796875,1631.91259765625,-2.278355121612549,0.02796658396720897
90,122,212,-1.2560674369335174,1628.5692998588086,1628.5972900390625,1627.313232421875,-1.284109354019165,0.028041917085647627
91,121,212,-0.2871910738199949,1618.32869498007,1618.329345703125,1618.04150390625,-0.2878747284412384,0.0006836546212434791
81,132,213,-2.2930944180488586,1654.1723668789864,1654.036865234375,1651.8792724609375,-2.157607078552246,-0.1354873394966125
82,131,213,-3.8451681995391844,1658.119582262039,1658.241943359375,1654.2744140625,-3.9674460887908936,0.12227788925170913
83,130,213,-4.319438192844391,1659.6285202240945,1659.4876708984375,1655.30908203125,-4.17850399017334,-0.14093420267105117
84,129,213,-4.49032662153244,1660.11325142622,1660.1270751953125,1655.6229248046875,-4.504133224487305,0.013806602954864466
85,128,213,-4.6471885442733765,1659.2503379583359,1659.270751953125,1654.6031494140625,-4.6675848960876465,0.02039635181427002
86,127,213,-4.892277467250824,1657.7280928969383,1657.6048583984375,1652.8358154296875,-4.768996238708496,-0.1232812285423277
87,126,213,-4.819147145748138,1654.580621755123,1654.6807861328125,1649.761474609375,-4.919342041015625,0.10019489526748693
88,125,213,-4.020638601779938,1649.9337245392799,1649.9986572265625,1645.9130859375,-4.085592746734619,0.06495414495468133
89,124,213,-2.793834015130997,1643.5776474916936,1643.4208984375,1640.7838134765625,-2.6369829177856445,-0.1568510973453523
90,123,213,-1.61081919670105,1636.4654334545135,1636.659423828125,1634.8546142578125,-1.8047888278961182,0.19396963119506827
91,122,213,-0.6961910206079484,1628.3667232471705,1628.343017578125,1627.6705322265625,-0.6724790930747986,-0.023711927533149768
82,132,214,-2.6416963934898376,1663.3045381903648,1663.2926025390625,1660.662841796875,-2.629833698272705,-0.011862695217132568
83,131,214,-3.2290095388889313,1663.6058405935764,1663.528076171875,1660.3768310546875,-3.1512610912323,-0.07774844765663147
84,130,214,-3.315723042488098,1666.0265384721756,1666.014892578125,1662.7108154296875,-3.3040966987609863,-0.011626343727111799
85,129,214,-3.6078311264514924,1663.9759951889514,1664.1417236328125,1660.3681640625,-3.773531198501587,0.16570007205009452
86,128,214,-3.646664547920227,1664.2847260713577,1664.2999267578125,1660.6380615234375,-3.6618728637695312,0.015208315849304377
87,127,214,-3.972873467206955,1660.211398857832,1660.15625,1656.238525390625,-3.9177229404449463,-0.05515052676200849
88,126,214,-3.8961581790447237,1658.3406161868572,1658.32275390625,1654.4444580078125,-3.878300189971924,-0.017857989072799896
89,125,214,-3.2031649208068846,1651.1908358192443,1651.199951171875,1647.9876708984375,-3.2122368812561035,0.009071960449218874
90,124,214,-2.1159461456537247,1646.2461951690912,1646.1558837890625,1644.1302490234375,-2.0257091522216797,-0.09023699343204505
91,123,214,-0.9960275989770889,1636.611750255227,1636.608642578125,1635.61572265625,-0.9928502440452576,-0.0031773549318313554
82,133,215,-1.5743358117341995,1666.6549022179843,1666.8387451171875,1665.08056640625,-1.7581788301467896,0.1838430184125901
83,132,215,-1.9977754825353622,1668.796481537223,1668.769287109375,1666.7987060546875,-1.9705588817596436,-0.027216600775718636
84,131,215,-2.334959868192673,1670.1479481494428,1670.157958984375,1667.81298828125,-2.345071792602539,0.010111924409866191
85,130,215,-2.542924083471298,1670.0342570912837,1670.0904541015625,1667.4913330078125,-2.5991361141204834,0.05621203064918534
86,129,215,-2.70020366191864,1669.1394126462937,1669.2205810546875,1666.439208984375,-2.781341075897217,0.08113741397857677
87,128,215,-2.844628049135208,1666.9222647678853,1666.9510498046875,1664.07763671875,-2.873459815979004,0.028831766843795847
88,127,215,-3.0374814105033874,1663.9967099261285,1663.954833984375,1660.959228515625,-2.995609998703003,-0.04187141180038445
89,126,215,-3.0593372333049773,1659.6168323504926,1659.6739501953125,1656.5574951171875,-3.116445779800415,0.05710854649543773
90,125,215,-2.4586234951019286,1653.8317924404143,1654.000732421875,1651.3731689453125,-2.6276066303253174,0.16898313522338881
91,124,215,-1.4913303565979004,1646.4223606300354,1646.335205078125,1644.9310302734375,-1.4041751623153687,-0.08715519428253171
92,123,215,-0.5710723538696766,1638.251858486682,1638.4681396484375,1637.6807861328125,-0.7873639464378357,0.2162915925681591
83,133,216,-0.9666275274753571,1672.5773453009128,1672.595947265625,1671.6107177734375,-0.9852442145347595,0.018616687059402448
84,132,216,-1.2476656821370125,1675.878769197762,1675.9052734375,1674.631103515625,-1.274099349975586,0.026433667838573482
85,131,216,-1.6531394386291505,1674.642641391754,1674.6485595703125,1672.989501953125,-1.659077525138855,0.00593808650970451
86,130,216,-1.7904705303907393,1675.7506756085158,1675.8695068359375,1673.960205078125,-1.9093176126480103,0.11884708225727092
87,129,216,-1.9661222630739212,1672.2424894505739,1672.3695068359375,1670.2763671875,-2.09316349029541,0.12704122722148892
88,128,216,-2.029106897711754,1671.2268608039617,1671.2667236328125,1669.19775390625,-2.068902015686035,0.03979511797428126
89,127,216,-2.1635835582017897,1665.6348970347642,1665.6260986328125,1663.4713134765625,-2.1547813415527344,-0.008802216649055339
90,126,216,-2.326241054534912,1662.6701131248474,1662.6949462890625,1660.3438720703125,-2.3511078357696533,0.024866781234741175
91,125,216,-1.727198707461357,1654.3016615980864,1654.3873291015625,1652.574462890625,-1.8129042387008667,0.08570553123950964
92,124,216,-1.0182943105697633,1648.4166097402572,1648.3623046875,1647.3983154296875,-0.9640423655509949,-0.0542519450187684
83,134,217,0.07207324299088214,1677.7009980460716,1677.811279296875,1677.7730712890625,-0.03823649883270264,0.11030974182358477
84,133,217,-0.2860763824172318,1679.7623947417921,1679.8753662109375,1679.476318359375,-0.3991188108921051,0.11304242847487328
85,132,217,-0.693324188888073,1680.535121063888,1680.5819091796875,1679.841796875,-0.740192174911499,0.04686798602342601
86,131,217,-1.0360233011841773,1680.5293094339968,1680.53564453125,1679.4932861328125,-1.0423412322998047,0.006317931115627395
87,130,217,-1.1867263489961624,1679.0198562318087,1679.09716796875,1677.8331298828125,-1.26408052444458,0.07735417544841772
88,129,217,-1.2579911535978316,1676.6909745520354,1676.739990234375,1675.4329833984375,-1.306928277015686,0.04893712341785439
89,128,217,-1.3005412477254867,1673.0476115602255,1673.144775390625,1671.7470703125,-1.3977266550064087,0.09718540728092195
90,127,217,-1.4430614066123963,1668.7385936331748,1668.8590087890625,1667.2955322265625,-1.5634323358535767,0.12037092924118031
91,126,217,-1.5663688379526137,1663.1501090723277,1663.2276611328125,1661.583740234375,-1.64395010471344,0.07758126676082622
83,135,218,1.0373976674675942,1681.2980515512825,1681.396484375,1682.33544921875,0.938928484916687,0.0984691825509072
84,134,218,0.6700710782408714,1685.3613009920716,1685.4735107421875,1686.0313720703125,0.557866632938385,0.11220444530248641
85,133,218,0.18971773784607648,1684.8897500355915,1684.9476318359375,1685.0794677734375,0.13181160390377045,0.05790613394230604
86,132,218,-0.23739143501967191,1686.9773816693946,1687.048095703125,1686.739990234375,-0.30808085203170776,0.07068941701203585
87,131,218,-0.5238030333817005,1684.2840569396317,1684.4237060546875,1683.76025390625,-0.6634438037872314,0.1396407704055309
88,130,218,-0.5860039834678173,1683.9718682412804,1684.0552978515625,1683.3858642578125,-0.6694353222846985,0.08343133881688114
89,129,218,-0.5894488683342933,1678.9673785558343,1679.067626953125,1678.3779296875,-0.6896259784698486,0.1001771101355553
90,128,218,-0.7101537904143334,1676.6790258607268,1676.7694091796875,1675.9688720703125,-0.8005279302597046,0.09037413984537124
91,127,218,-0.7409626343846321,1669.6735798218847,1669.7042236328125,1668.9326171875,-0.7716155648231506,0.030652930438518577
92,126,218,-1.0611642730236053,1665.5501779448987,1665.6767578125,1664.489013671875,-1.1876949071884155,0.12653063416481025
84,135,219,1.5525512820482255,1689.0733032101393,1689.2200927734375,1690.6258544921875,1.4057061672210693,0.14684511482715612
85,134,219,1.0504706025123596,1690.6170098662376,1690.72314453125,1691.66748046875,0.9442828893661499,0.10618771314620967
86,133,219,0.4923225888609886,1691.519152020514,1691.5074462890625,1692.011474609375,0.5039592385292053,-0.011636649668216703
87,132,219,0.13145746650174261,1690.9100464397482,1690.9375,1691.04150390625,0.10404013842344284,0.027417328078299774
88,131,219,-0.0010381462285295128,1689.349304747791,1689.3782958984375,1689.3482666015625,-0.029945360496640205,0.028907214268110694
89,130,219,0.004203915578546003,1686.362617373484,1686.420166015625,1686.3668212890625,-0.053355488926172256,0.05755940450471826
90,129,219,-0.0017615054314956068,1682.6382361148064,1682.74462890625,1682.636474609375,-0.10812637209892273,0.10636486666742712
91,128,219,-0.0938434793590568,1677.737154026234,1677.841796875,1677.643310546875,-0.1985348016023636,0.10469132224330678
92,127,219,-0.3150690715759993,1672.191045634076,1672.3468017578125,1671.8759765625,-0.4707634747028351,0.1556944031268358
93,126,219,-0.4862349124252796,1665.3572065921128,1665.4234619140625,1664.8709716796875,-0.5524786710739136,0.06624375864863397
84,136,220,2.4457854306697846,1694.4784089052678,1694.7093505859375,1696.9241943359375,2.2148191928863525,0.23096623778343206
85,135,220,1.8638660311698914,1694.7871349453926,1694.814697265625,1696.6510009765625,1.8362650871276855,0.02760094404220581
86,134,220,1.231890199780464,1697.7585883158445,1697.796142578125,1698.990478515625,1.1943336725234985,0.037556527256965566
87,133,220,0.6668690499663353,1696.036866301596,1696.1434326171875,1696.7037353515625,0.5602978467941284,0.10657120317220692
88,132,220,0.5178107035160064,1696.504406093359,1696.5712890625,1697.022216796875,0.4509156346321106,0.06689506888389585
89,131,220,0.4699867336452007,1692.251692953855,1692.3173828125,1692.7216796875,0.40433722734451294,0.06564950630068778
90,130,220,0.520056160390377,1690.4994750896096,1690.5892333984375,1691.01953125,0.43030714988708496,0.08974901050329209
91,129,220,0.5957671818137169,1684.1089447322488,1684.218017578125,1684.7047119140625,0.48672088980674744,0.10904629200696947
93,127,220,0.2121186673641205,1672.4408354341983,1672.4566650390625,1672.6529541015625,0.19627530872821808,0.015843358635902416
84,137,221,3.312414572238922,1697.9615112090112,1698.2703857421875,1701.27392578125,3.003547191619873,0.30886738061904895
85,136,221,2.71196915268898,1700.2691099488736,1700.47900390625,1702.9810791015625,2.5019612312316895,0.21000792145729053
86,135,221,1.9358171170949936,1702.07077467978,1702.008056640625,1704.006591796875,1.9984917640686035,-0.06267464697360992
87,134,221,1.3055996304750443,1702.4105868929626,1702.4197998046875,1703.7161865234375,1.296328067779541,0.009271562695503333
88,133,221,0.9536346930265427,1701.764993236661,1701.950927734375,1702.7186279296875,0.767721951007843,0.18591274201869967
89,132,221,0.8900583273172379,1699.5404836648702,1699.601318359375,1700.4305419921875,0.8291528224945068,0.06090550482273105
90,131,221,0.9664969542622566,1696.4435372254252,1696.41015625,1697.4100341796875,0.9998292922973633,-0.03333233803510671
91,130,221,1.0551357334852218,1692.0688877040147,1692.1927490234375,1693.1240234375,0.9312950372695923,0.12384069621562954
92,129,221,1.0545164597034455,1687.0261720168592,1687.265380859375,1688.0806884765625,0.8153381943702698,0.23917826533317577
84,138,222,4.031639807224273,1703.2900154662132,1703.629150390625,1707.3216552734375,3.692418098449707,0.33922170877456637
85,137,222,3.4464599442481996,1704.270092790127,1704.380126953125,1707.716552734375,3.3364593982696533,0.11000054597854625
86,136,222,2.693556123971939,1708.030809110403,1708.1788330078125,1710.724365234375,2.545520305633545,0.14803581833839408
87,135,222,1.8936738032102585,1707.2260771733522,1707.390380859375,1709.1197509765625,1.7294065952301025,0.16426720798015593
88,134,222,1.484469360113144,1708.635891968012,1708.6658935546875,1710.120361328125,1.4544599056243896,0.03000945448875436
89,133,222,1.2195063078403472,1705.2963628327846,1705.5819091796875,1706.515869140625,0.9339392781257629,0.28556702971458425
90,132,222,1.3345103746652602,1704.1751331800222,1704.2183837890625,1705.5096435546875,1.2912977933883667,0.043212581276893536
91,131,222,1.4438201528787613,1698.4612091439963,1698.57470703125,1699.905029296875,1.3303089141845703,0.113511238694191
92,130,222,1.4571146559715271,1695.435097258091,1695.5838623046875,1696.8922119140625,1.3084042072296143,0.14871044874191286
93,129,222,1.5207399445772172,1687.7663694304229,1687.7996826171875,1689.287109375,1.4874011278152466,0.03333881676197059
85,138,223,4.072804876565933,1709.7219949281216,1709.9764404296875,1713.7947998046875,3.818324327468872,0.2544805490970612
86,137,223,3.33999263048172,1712.1512183070183,1712.2322998046875,1715.4912109375,3.258859395980835,0.08113323450088483
87,136,223,2.569245272874832,1713.300383633375,1713.4573974609375,1715.86962890625,2.4122509956359863,0.15699427723884574
88,135,223,1.9271410363912582,1713.6297437292337,1713.8240966796875,1715.556884765625,1.7327306270599365,0.1944104093313217
89,134,223,1.6211863112449647,1712.3302297043801,1712.449951171875,1713.951416015625,1.5013834238052368,0.11980288743972789
90,133,223,1.6046844518184662,1710.024832149744,1710.1072998046875,1711.6295166015625,1.5222070217132568,0.08247743010520936
91,132,223,1.7289290916919708,1706.3109879004955,1706.3726806640625,1708.0399169921875,1.6671398878097534,0.061789203882217425
92,131,223,1.8575704264640809,1701.8515360188485,1701.8826904296875,1703.7091064453125,1.8263589143753052,0.031211512088775706
93,130,223,1.8850478953123093,1696.2502060109377,1696.487060546875,1698.13525390625,1.6481328010559082,0.23691509425640112
85,139,224,4.611399772167206,1713.6766861653327,1713.7647705078125,1718.2880859375,4.5233869552612305,0.08801281690597573
86,138,224,3.9242397892475127,1718.0296176326274,1718.248291015625,1721.953857421875,3.705490827560425,0.2187489616870879
87,137,224,3.1022581005096437,1717.9184938526153,1718.1624755859375,1721.020751953125,2.858290910720825,0.24396718978881848
88,136,224,2.469177561998367,1720.2236935317517,1720.3028564453125,1722.69287109375,2.3899543285369873,0.07922323346137983
89,135,224,1.9185654318332672,1717.8551162087917,1718.1121826171875,1719.773681640625,1.6614588499069214,0.25710658192634583
90,134,224,1.8860433661937714,1717.5664712822438,1717.5684814453125,1719.4525146484375,1.8841252326965332,0.0019181334972382391
91,133,224,1.9200411075353623,1712.6269559627772,1712.9193115234375,1714.5469970703125,1.6276586055755615,0.29238250195980076
92,132,224,2.0555874490737915,1710.1773227071762,1710.256591796875,1712.23291015625,1.9763237237930298,0.07926372528076175
93,131,224,2.2318117380142213,1703.1087644338609,1703.1846923828125,1705.340576171875,2.155907392501831,0.07590434551239023
86,139,225,4.406284637451172,1722.0711323547364,1722.2305908203125,1726.4774169921875,4.246809482574463,0.15947515487670927
87,138,225,3.641179571151733,1723.8732247257233,1724.1617431640625,1727.514404296875,3.352583646774292,0.2885959243774412
88,137,225,2.877619996070862,1724.998112425804,1725.20703125,1727.875732421875,2.6687707901000977,0.20884920597076428
89,136,225,2.3128921616077425,1724.6293685805797,1724.7803955078125,1726.9422607421875,2.1618735790252686,0.15101858258247391
90,135,225,2.054907029271126,1723.2533205097914,1723.3251953125,1725.3082275390625,1.983090877532959,0.07181615173816702
91,134,225,2.0685687494277953,1720.3356060552596,1720.496337890625,1722.4041748046875,1.9077856540679932,0.16078309535980218
92,133,225,2.201703757047653,1716.5731985867023,1716.6986083984375,1718.77490234375,2.07620906829834,0.12549468874931335
93,132,225,2.344042682647705,1711.5559817314147,1711.670166015625,1713.9000244140625,2.229769706726074,0.11427297592163077
86,140,226,4.83076146364212,1727.8600344347954,1728.0888671875,1732.6907958984375,4.601959228515625,0.2288022351264951
87,139,226,4.0421328032016755,1728.3766904389859,1728.533203125,1732.4188232421875,3.8857100009918213,0.15642280220985416
88,138,226,3.3570582985877992,1731.3951389670372,1731.603759765625,1734.752197265625,3.1484005451202393,0.20865775346756
89,137,226,2.570161056518555,1729.937529373169,1730.1798095703125,1732.5076904296875,2.327913999557495,0.24224705696105975
90,136,226,2.322719935178757,1730.5384861195087,1730.509033203125,1732.8612060546875,2.352156639099121,-0.029436703920364238
91,135,226,2.1153226178884506,1726.5284762102365,1726.8907470703125,1728.643798828125,1.7531367540359497,0.36218586385250084
92,134,226,2.2606423783302305,1724.7571798872948,1724.8131103515625,1727.017822265625,2.2046165466308594,0.05602583169937114
93,133,226,2.403456448316574,1718.423814059496,1718.542724609375,1720.8272705078125,2.284534215927124,0.11892223238944988
86,141,227,5.14662929058075,1731.8301773500443,1732.021484375,1736.976806640625,4.955236434936523,0.19139285564422615
87,140,227,4.442606627941132,1734.2196248173714,1734.442626953125,1738.6622314453125,4.219608783721924,0.22299784421920776
88,139,227,3.6782558131217957,1736.0091221165658,1736.1651611328125,1739.6873779296875,3.5222151279449463,0.15604068517684944
89,138,227,2.958450618982315,1736.45719879508,1736.7108154296875,1739.4156494140625,2.7048258781433105,0.25362474083900466
90,137,227,2.457117394208908,1736.0017449104787,1735.9732666015625,1738.4588623046875,2.4856669902801514,-0.02854959607124341
91,136,227,2.2418447387218476,1733.9878915894033,1734.165283203125,1736.229736328125,2.0645148754119873,0.17732986330986034
92,135,227,2.2363822150230406,1731.054877550602,1731.168212890625,1733.291259765625,2.122960329055786,0.11342188596725444
93,134,227,2.352902890443802,1726.7517113673687,1726.8519287109375,1729.1046142578125,2.252697467803955,0.100205422639847
86,142,228,5.421626551151276,1737.5251507925987,1737.7352294921875,1742.94677734375,5.211576461791992,0.21005008935928338
87,141,228,4.69306913614273,1738.6328585982324,1738.8121337890625,1743.325927734375,4.513789176940918,0.1792799592018124
88,140,228,4.045899498462677,1742.2644032359124,1742.4737548828125,1746.310302734375,3.836524248123169,0.20937525033950788
89,139,228,3.1564535057544707,1741.5737711036206,1741.7369384765625,1744.730224609375,2.9932377338409424,0.16321577191352832
90,138,228,2.746564121246338,1743.0013606834411,1743.078369140625,1745.7479248046875,2.669560432434082,0.07700368881225605
91,137,228,2.2278863549232484,1739.9804876685143,1740.143310546875,1742.2083740234375,2.065021276473999,0.16286507844924936
92,136,228,2.275950721502304,1738.9838149034977,1739.0645751953125,1741.259765625,2.195139169692993,0.08081155180931088
94,134,228,2.392516752481461,1730.453064302206,1730.612060546875,1732.8455810546875,2.233551025390625,0.15896572709083578
86,143,229,5.641828446388245,1741.3589039754868,1741.6876220703125,1747.000732421875,5.31308126449585,0.32874718189239527
87,142,229,4.968163630962372,1744.3565434002876,1744.599365234375,1749.32470703125,4.7252984046936035,0.24286522626876828
88,141,229,4.241946337223053,1746.761715772152,1746.92333984375,1751.003662109375,4.080284118652344,0.16166221857070884
89,140,229,3.482302669286728,1747.9012422525882,1748.0130615234375,1751.383544921875,3.370513677597046,0.11178899168968215
90,139,229,2.8403897988796234,1748.2533602011204,1748.3350830078125,1751.09375,2.758638858795166,0.08175094008445738
91,138,229,2.391977733373642,1747.1373191416264,1747.241455078125,1749.529296875,2.2879254817962646,0.10405225157737741
92,137,229,2.1807555139064787,1745.0902405798436,1745.145263671875,1747.27099609375,2.125666379928589,0.05508913397788984
93,136,229,2.1508987069129946,1741.611308324337,1741.772216796875,1743.76220703125,1.9899790287017822,0.16091967821121234
94,135,229,2.234185004234314,1737.3012153863906,1737.396240234375,1739.535400390625,2.1390445232391357,0.09514048099517813
95,134,229,2.3967755925655365,1731.6852556574345,1731.8284912109375,1734.08203125,2.2535479068756104,0.14322768568992617
87,143,230,5.1635874438285825,1748.5895863842964,1748.8521728515625,1753.753173828125,4.900985240936279,0.2626022028923032
88,142,230,4.517039668560028,1752.86186658144,1753.040283203125,1757.37890625,4.33854866027832,0.17849100828170794
89,141,230,3.606689294576645,1752.8464357054233,1752.9359130859375,1756.453125,3.517172336578369,0.08951695799827597
90,140,230,3.10822723031044,1755.0167727696896,1755.12939453125,1758.125,2.995633840560913,0.11259338974952682
91,139,230,2.3322997891902926,1752.9205078279972,1753.0360107421875,1755.2528076171875,2.2168240547180176,0.115475734472275
92,138,230,2.2681703197956087,1752.7032652270793,1752.812255859375,1754.971435546875,2.1592187881469727,0.10895153164863602
93,137,230,1.9335198378562928,1748.2190680527688,1748.4083251953125,1750.152587890625,1.7442989349365234,0.18922090291976934
94,136,230,2.127673622369766,1745.7904171979428,1745.930419921875,1747.9180908203125,1.9877046346664429,0.13996898770332322
87,144,231,5.414175944328308,1754.0988855791093,1754.3297119140625,1759.5130615234375,5.183369159698486,0.23080678462982185
88,143,231,4.691194174289703,1757.1446212553979,1757.4114990234375,1761.8358154296875,4.42437744140625,0.266816732883453
89,142,231,3.8969493103027344,1758.9605946350098,1759.082763671875,1762.8575439453125,3.774857759475708,0.12209155082702638
90,141,231,3.1683143734931947,1760.056295001507,1760.2474365234375,1763.224609375,2.977208137512207,0.19110623598098764
91,140,231,2.529650490283966,1759.7854129862785,1759.8565673828125,1762.3150634765625,2.4584414958953857,0.0712089943885803
92,139,231,2.130983040332794,1758.5955794596673,1758.692626953125,1760.7265625,2.033909797668457,0.09707324266433703
93,138,231,1.928975555896759,1755.9564004206657,1756.092529296875,1757.8853759765625,1.792805790901184,0.13616976499557487
94,137,231,1.8865757066011428,1752.4548549574613,1752.625244140625,1754.3414306640625,1.7161473035812378,0.17042840301990503
87,145,232,5.589684467315674,1758.1219854545593,1758.4088134765625,1763.711669921875,5.30295991897583,0.2867245483398442
88,144,232,4.960575683116913,1763.008418457508,1763.2022705078125,1767.968994140625,4.766754627227783,0.19382105588912957
89,143,232,4.043669641017914,1763.644074499607,1763.762451171875,1767.687744140625,3.9252231121063232,0.11844652891159058
90,142,232,3.4487452971935273,1766.5554050934315,1766.6878662109375,1770.004150390625,3.3162596225738525,0.13248567461967475
91,141,232,2.4720283234119416,1765.317278317213,1765.4056396484375,1767.789306640625,2.383633613586426,0.08839470982551578
92,140,232,2.2778151738643646,1765.8872238886356,1765.96044921875,1768.1650390625,2.204646587371826,0.07316858649253843
94,138,232,1.861086294054985,1760.5909400731325,1760.644287109375,1762.4520263671875,1.8077093362808228,0.05337695777416229
87,146,233,5.787729997634887,1763.4504291820526,1763.6328125,1769.2381591796875,5.605268955230713,0.18246104240417438
88,145,233,5.128181319236756,1767.0668870401382,1767.4365234375,1772.195068359375,4.758586883544922,0.3695944356918339
89,144,233,4.353935873508453,1769.4951852202416,1769.68017578125,1773.84912109375,4.168957710266113,0.18497816324233973
90,143,233,3.5535613012313845,1771.309597878456,1771.4742431640625,1774.8631591796875,3.388976812362671,0.16458448886871357
91,142,233,2.751548157930374,1771.8469625842572,1771.93408203125,1774.5985107421875,2.664389133453369,0.08715902447700508
92,141,233,2.1460937380790712,1771.5238281369209,1771.7220458984375,1773.669921875,1.9477972984313965,0.19829643964767474
93,140,233,1.732870926260948,1769.753457198739,1769.9102783203125,1771.486328125,1.5759823322296143,0.15688859403133382
94,139,233,1.5683734261989593,1767.0467388784884,1767.024658203125,1768.6151123046875,1.5904226303100586,-0.02204920411109934
96,137,233,1.642664408683777,1758.0561881303788,1758.218505859375,1759.6988525390625,1.4803568124771118,0.16230759620666513
88,146,234,5.347602233886719,1772.7441946411134,1772.9112548828125,1778.091796875,5.180495262145996,0.16710697174072298
89,145,234,4.507070045471192,1773.9382424545288,1774.2183837890625,1778.4453125,4.226914882659912,0.2801551628112797
90,144,234,3.872850697040558,1777.5236336779594,1777.6641845703125,1781.396484375,3.732264280319214,0.14058641672134398
91,143,234,2.78855152964592,1777.0406721031666,1777.156005859375,1779.8292236328125,2.6732845306396484,0.11526699900627158
92,142,234,2.404458352327347,1778.4479586398602,1778.5675048828125,1780.8524169921875,2.284909725189209,0.11954862713813785
93,141,234,1.4823793810606003,1775.8818784314394,1775.975341796875,1777.3642578125,1.3888591527938843,0.09352022826671602
94,140,234,1.6353503674268723,1774.8242443591357,1774.7978515625,1776.4595947265625,1.6618071794509888,-0.026456812024116427
96,138,234,1.5358707684278488,1766.682146809697,1766.8607177734375,1768.218017578125,1.3573298454284668,0.17854092299938196
89,146,235,4.770718562602997,1779.5982999920845,1779.773681640625,1784.3690185546875,4.59537935256958,0.17533921003341657
90,145,235,3.9954291832447053,1782.0250786292554,1782.330810546875,1786.0205078125,3.6898016929626465,0.3056274902820588
91,144,235,3.153353434801102,1783.2378819167614,1783.2772216796875,1786.3912353515625,3.1139962673187256,0.039357167482376276
92,143,235,2.376033788919449,1783.7366371095181,1783.864990234375,1786.1126708984375,2.2476086616516113,0.1284251272678376
93,142,235,1.6938282060623169,1782.8830760908127,1782.9583740234375,1784.576904296875,1.6185342073440552,0.0752939987182617
94,141,235,1.3189460945129394,1781.049462108612,1781.0367431640625,1782.368408203125,1.331632137298584,-0.012686042785644558
95,140,235,1.198708622455597,1777.727438838482,1777.8121337890625,1778.9261474609375,1.1139823198318481,0.0847263026237488
89,147,236,4.910705509185791,1783.8257446861267,1783.981201171875,1788.7364501953125,4.755321025848389,0.15538448333740273
90,146,236,4.287661383152008,1788.025571038723,1788.1646728515625,1792.313232421875,4.148579120635986,0.13908226251602152
91,145,236,3.238777896165848,1788.1452553069591,1788.303466796875,1791.384033203125,3.080451250076294,0.15832664608955405
92,144,236,2.7378475308418273,1790.3071964144706,1790.4105224609375,1793.0450439453125,2.6344637870788574,0.10338374376296988
93,143,236,1.5834367060661316,1788.623838684559,1788.6947021484375,1790.207275390625,1.5125914812088013,0.07084522485733036
94,142,236,1.5405550467967988,1788.4124478828908,1788.388916015625,1789.9530029296875,1.5640302896499634,-0.023475242853164602
96,140,236,1.1939952445030213,1781.8429920601845,1781.8729248046875,1783.0369873046875,1.1641221046447754,0.029873139858245912
90,147,237,4.420445816516876,1792.2870737147332,1792.5360107421875,1796.70751953125,4.1714582443237305,0.24898757219314582
91,146,237,3.5913988173007967,1794.1129468858242,1794.18115234375,1797.704345703125,3.523113489151001,0.06828532814979571
92,145,237,2.7778110456466676,1795.2883510637284,1795.536376953125,1798.066162109375,2.5298233032226562,0.24798774242401134
93,144,237,1.9715544873476027,1795.1972687548398,1795.2724609375,1797.1688232421875,1.896274447441101,0.07528003990650167
94,143,237,1.3354737758636475,1794.2776854038239,1794.2701416015625,1795.6131591796875,1.343044400215149,-0.007570624351501465
96,141,237,0.8480093443393707,1788.5005013978482,1788.5499267578125,1789.3485107421875,0.7986095547676086,0.049399789571762054
98,139,237,1.0903760662674904,1778.18196280092,1778.2940673828125,1779.2723388671875,0.9781626462936401,0.11221341997385026
91,147,238,3.716580101251602,1798.747653297186,1798.8861083984375,1802.4642333984375,3.5782008171081543,0.1383792841434479
92,146,238,3.1463340198993683,1801.6075722301007,1801.6900634765625,1804.75390625,3.063823938369751,0.08251008152961736
93,145,238,1.94895465195179,1800.6081742542983,1800.7608642578125,1802.55712890625,1.7962584495544434,0.1526962023973466
94,144,238,1.7312083798646927,1801.2122730654478,1801.2698974609375,1802.9434814453125,1.6735525131225586,0.057655866742134076
95,143,238,0.7588021504878998,1798.091539646387,1798.229248046875,1798.850341796875,0.6209912896156311,0.13781086087226868
96,142,238,0.934971823990345,1796.3988904806972,1796.4232177734375,1797.3338623046875,0.9106189012527466,0.02435292273759837
92,147,239,3.243735994100571,1806.2975237715245,1806.4964599609375,1809.541259765625,3.0448267459869385,0.1989092481136323
93,146,239,2.3699368166923525,1806.9030124020576,1806.9757080078125,1809.27294921875,2.2971816062927246,0.07275521039962785
94,145,239,1.6147963273525239,1806.7457993757725,1806.9161376953125,1808.360595703125,1.4444676637649536,0.17032866358757026
95,144,239,1.018552259206772,1805.1916528189183,1805.3316650390625,1806.210205078125,0.8784774541854858,0.1400748050212861
96,143,239,0.6700760328769684,1802.722746232748,1802.792724609375,1803.392822265625,0.6000199913978577,0.07005604147911071
92,148,240,3.629253829717636,1812.3604922640325,1812.4249267578125,1815.98974609375,3.5648083686828613,0.06444546103477489
93,147,240,2.41943265914917,1812.0051278877258,1812.0418701171875,1814.424560546875,2.382766008377075,0.036666650772094744
94,146,240,2.048356546759605,1813.3940262657404,1813.450439453125,1815.4423828125,1.9920268058776855,0.056329740881919665
95,145,240,0.8946230959892273,1811.0984188961984,1811.283203125,1811.9930419921875,0.7097493410110474,0.18487375497817993
96,144,240,0.9256941366195679,1810.194300980568,1810.286865234375,1811.1199951171875,0.8331537842750549,0.09254035234451297
98,142,240,0.6171396738290786,1802.4051991933584,1802.4576416015625,1803.0223388671875,0.564757227897644,0.052382445931434596
93,148,241,2.871987073421478,1818.0281594109535,1818.1142578125,1820.900146484375,2.7859280109405518,0.08605906248092632
94,147,241,2.0060907393693923,1818.615857502818,1818.69189453125,1820.6219482421875,1.9299947023391724,0.07609603703021994
95,146,241,1.2311748319864273,1817.8720966523886,1817.930419921875,1819.103271484375,1.1729663610458374,0.058208470940589896
96,145,241,0.7088496914505958,1816.223157144487,1816.380615234375,1816.9320068359375,0.5514500737190247,0.15739961773157118
93,149,242,3.0128666830062865,1822.8075678873063,1823.0838623046875,1825.8204345703125,2.73661470413208,0.2762519788742064
94,148,242,2.4663232731819154,1824.9942480158807,1825.00146484375,1827.4605712890625,2.459108352661133,0.007214920520782542
95,147,242,1.1564356535673141,1823.4891942292452,1823.468017578125,1824.6456298828125,1.1776763200759888,-0.02124066650867462
96,146,242,1.0426244965195657,1823.3641137847305,1823.3499755859375,1824.40673828125,1.0568106174468994,-0.014186120927333734
98,144,242,0.48035140737891197,1817.1213331629335,1817.2020263671875,1817.6016845703125,0.39965900778770447,0.0806923995912075
94,149,243,2.5367838561534883,1829.8709309875965,1830.03515625,1832.40771484375,2.372541666030884,0.16424219012260455
95,148,243,1.591846621632576,1829.91999419868,1829.832275390625,1831.5118408203125,1.6795493364334106,-0.08770271480083469
96,147,243,0.8593675601482391,1829.1179273617267,1829.0430908203125,1829.977294921875,0.9343084096908569,-0.07494084954261782
97,146,243,0.4455482687056065,1826.7773521219194,1826.7530517578125,1827.222900390625,0.4699433147907257,-0.02439504608511922
94,150,244,3.0059617269039154,1836.002583194971,1836.054931640625,1839.008544921875,2.953543186187744,0.05241854071617125
95,149,244,1.6213608604669572,1835.1976088660956,1835.199462890625,1836.8189697265625,1.6194665431976318,0.0018943172693253185
96,148,244,1.2917505258321762,1835.9134496694803,1835.844482421875,1837.2052001953125,1.360737681388855,-0.06898715555667878
97,147,244,0.2798666036128998,1832.8750406229497,1832.8001708984375,1833.1549072265625,0.354792058467865,-0.07492545485496521
98,146,244,0.42485741347074507,1831.2492148521542,1831.2535400390625,1831.674072265625,0.42051804065704346,0.004339372813701614
94,151,245,3.1710502111911776,1840.5572212731838,1840.754150390625,1843.728271484375,2.974085569381714,0.19696464180946371
95,150,245,2.135840821266174,1841.3105703115464,1841.24951171875,1843.4464111328125,2.196845531463623,-0.06100471019744891
96,149,245,1.210152394771576,1841.3293983864785,1841.363037109375,1842.53955078125,1.1764767169952393,0.03367567777633673
97,148,245,0.5447081907093525,1839.8659363405407,1839.771484375,1840.41064453125,0.6391973495483398,-0.09448915883898734
98,147,245,0.16225331980735064,1837.4722681645676,1837.417724609375,1837.634521484375,0.2167815864086151,-0.054528266601264475
94,152,246,3.62415559053421,1846.4722799563408,1846.60888671875,1850.096435546875,3.4875173568725586,0.1366382336616514
96,150,246,1.7380830657482147,1847.7877958405018,1847.822021484375,1849.52587890625,1.7038110494613647,0.03427201628684995
97,149,246,0.4687332583963871,1845.634904436916,1845.689697265625,1846.1036376953125,0.4140150249004364,0.054718233495950674
98,148,246,0.4247476598620415,1844.825740621388,1844.7840576171875,1845.25048828125,0.4665009379386902,-0.04175327807664869
99,147,246,-0.27177733324468134,1840.2507812394947,1840.2730712890625,1839.97900390625,-0.2941247820854187,0.02234744884073736
100,146,246,0.10071092262864113,1837.1696748195588,1837.118408203125,1837.2703857421875,0.1520899534225464,-0.05137903079390525
96,151,247,1.7824818974733352,1852.8466684931516,1852.9771728515625,1854.629150390625,1.6519461870193481,0.13053571045398704
97,150,247,0.8505139902234078,1852.2664293691516,1852.2384033203125,1853.116943359375,0.8785413503646851,-0.02802736014127727
98,149,247,0.21290917739272117,1850.7582822288573,1850.836181640625,1850.97119140625,0.1349785178899765,0.07793065950274466
99,148,247,-0.10264534810557961,1847.7258142934181,1847.5848388671875,1847.6231689453125,0.03836502879858017,-0.1410103769041598
96,152,248,2.360243284702301,1859.0186629652976,1859.1888427734375,1861.37890625,2.190140724182129,0.17010256052017203
97,151,248,0.899228816330433,1857.6768209883571,1857.668212890625,1858.5760498046875,0.9079009890556335,-0.0086721727252006
98,150,248,0.5778092889487744,1857.7639875860511,1857.7789306640625,1858.341796875,0.5629047155380249,0.014904573410749467
100,148,248,-0.08921495270449668,1851.711895616767,1851.554443359375,1851.6226806640625,0.06831999868154526,-0.15753495138604195
96,153,249,2.5617450034618376,1863.6943585121633,1863.9022216796875,1866.256103515625,2.3539083003997803,0.20783670306205737
97,152,249,1.454744092822075,1863.8971846181155,1864.024169921875,1865.3519287109375,1.327768087387085,0.12697600543499
98,151,249,0.5082904966175557,1863.3193462221325,1863.365478515625,1863.82763671875,0.46222764253616333,0.046062854081392324
100,149,249,-0.3869323446601629,1858.1154479696602,1858.00439453125,1857.728515625,-0.2758745551109314,-0.11105778954923151
101,148,249,-0.48503619208931925,1853.660207090527,1853.5601806640625,1853.1751708984375,-0.38502177596092224,-0.10001441612839701
96,154,250,3.1353805375099184,1869.6391555953026,1869.734619140625,1872.7745361328125,3.039961338043213,0.09541919946670552
97,153,250,1.6835390096902847,1868.8987363809347,1868.9898681640625,1870.582275390625,1.5924628973007202,0.09107611238956448
98,152,250,1.0567551681399345,1869.901496784985,1869.9891357421875,1870.958251953125,0.9691351056098938,0.08762006253004073
100,150,250,-0.12137773830734659,1865.6039216836198,1865.5225830078125,1865.4825439453125,-0.04010695964097977,-0.08127077866636682
101,149,250,-0.7910007843375206,1860.4277195343375,1860.413330078125,1859.63671875,-0.7766239047050476,-0.014376879632473027
96,155,251,3.4150149202346802,1874.0154050016404,1874.1475830078125,1877.430419921875,3.2828805446624756,0.13213437557220464
97,154,251,2.3485688972473144,1874.7772855949402,1874.78515625,1877.1258544921875,2.340710401535034,0.007858495712280256
98,153,251,1.2329457968473434,1874.981531742215,1875.0958251953125,1876.2144775390625,1.1185721158981323,0.11437368094921108
99,152,251,0.29504410706460477,1873.8013914398105,1873.9368896484375,1874.096435546875,0.15951374173164368,0.1355303653329611
100,151,251,-0.30969722554087636,1871.6596728114785,1871.707275390625,1871.3499755859375,-0.3573834002017975,0.04768617466092112
101,150,251,-0.6143514913320541,1868.032808522582,1867.9169921875,1867.41845703125,-0.4986226260662079,-0.11572886526584625
98,154,252,1.9347847890853882,1881.1753226327896,1881.267578125,1883.110107421875,1.842524528503418,0.09226026058197023
99,153,252,0.4668880669772625,1879.2375797064603,1879.2252197265625,1879.7044677734375,0.4792226254940033,-0.012334558516740812
100,152,252,0.11810884162783623,1878.7422427208721,1878.9208984375,1878.8603515625,-0.06049862876534462,0.17860747039318087
101,151,252,-0.8051410162448883,1874.44405703187,1874.488037109375,1873.638916015625,-0.849065899848938,0.04392488360404967
102,150,252,-0.5299004845321178,1871.5031670860947,1871.3013916015625,1870.9732666015625,-0.32815560698509216,-0.20174487754702564
98,155,253,2.196414369344711,1885.9448209822178,1886.0718994140625,1888.1412353515625,2.069377899169922,0.12703647017478925
99,154,253,1.1115892696380616,1885.5140210819245,1885.5806884765625,1886.6256103515625,1.0449333190917969,0.06665595054626472
100,153,253,0.15995127242058516,1884.334555563517,1884.4632568359375,1884.4945068359375,0.031248789280653,0.12870248313993216
102,151,253,-0.7687046509981156,1877.9898960572482,1877.8853759765625,1877.22119140625,-0.66425621509552,-0.10444843590259556
103,150,253,-0.8850212758779525,1872.9849968618155,1872.938232421875,1872.0999755859375,-0.8382346630096436,-0.046786612868308985
98,156,254,2.8206471824645996,1891.9862375831603,1892.1033935546875,1894.806884765625,2.7034997940063477,0.1171473884582519
99,155,254,1.4071140742301942,1890.5988673710824,1890.6683349609375,1892.0059814453125,1.3377408981323242,0.06937317609786997
100,154,254,0.7733546972274781,1890.9930027246476,1890.9775390625,1891.766357421875,0.788772702217102,-0.015418004989623979
102,152,254,-0.45938707530498507,1885.5696165674924,1885.592041015625,1885.1102294921875,-0.4818328320980072,0.02244575679302213
103,151,254,-1.150884338915348,1879.8504692998529,1879.88720703125,1878.6995849609375,-1.1875898838043213,0.03670554488897326
99,156,255,2.074941800236702,1896.6212251919508,1896.64453125,1898.6961669921875,2.0517148971557617,0.023226903080940442
100,155,255,1.0366892635822296,1896.1353078067302,1896.15087890625,1897.1719970703125,1.021125316619873,0.015563946962356523
101,154,255,0.1547322250250727,1894.303763868725,1894.3270263671875,1894.45849609375,0.13148139417171478,0.023250830853357912
102,153,255,-0.4900184740126133,1891.6113563646377,1891.5748291015625,1891.121337890625,-0.45342692732810974,-0.03659154668450354
103,152,255,-0.9322016128897667,1887.5479242691397,1887.6571044921875,1886.61572265625,-1.041277289390564,0.1090756765007973
100,156,256,1.7170002627372742,1902.4933268857003,1902.5379638671875,1904.2103271484375,1.6724512577056885,0.044549005031585764
102,154,256,0.02741041240748018,1898.74102220478,1898.635009765625,1898.7684326171875,0.13349972665309906,-0.10608931424561888
103,153,256,-0.9905883646011353,1893.9665405130386,1893.9290771484375,1892.9759521484375,-0.9531046748161316,-0.037483689785003715
104,152,256,-0.9902556020021439,1890.7227995473147,1890.67138671875,1889.7325439453125,-0.9387999176979065,-0.051455684304237415
100,157,257,1.9464371502399445,1907.4460189044476,1907.50390625,1909.3924560546875,1.8885365724563599,0.057900577783584595
101,156,257,1.0293018087744712,1906.2460888162254,1906.3192138671875,1907.275390625,0.9562082290649414,0.07309357970952979
102,155,257,0.17911883683875204,1904.3686106553487,1904.2822265625,1904.5477294921875,0.2654317319393158,-0.08631289510056375
104,153,257,-1.0882133561372758,1897.2077201920747,1897.0982666015625,1896.1195068359375,-0.9787390828132629,-0.10947427332401283
105,152,257,-1.4746385449171067,1891.914335810542,1892.0279541015625,1890.439697265625,-1.588352084159851,0.11371353924274441
101,157,258,1.2639695310592651,1911.5388869142532,1911.692626953125,1912.8028564453125,1.1101813316345215,0.15378819942474364
104,154,258,-0.6452492420375348,1904.7861183826626,1904.691650390625,1904.140869140625,-0.5507774949073792,-0.0944717471301556
105,153,258,-1.5885664862394333,1898.7628828924894,1898.7459716796875,1897.17431640625,-1.5715564489364624,-0.017010037302970904
102,157,259,0.9498713913559914,1916.560138374269,1916.5926513671875,1917.510009765625,0.9174464344978333,0.03242495685815816
105,154,259,-1.2237037152051926,1906.4458716839551,1906.3338623046875,1905.22216796875,-1.11172354221344,-0.11198017299175267
106,154,260,-1.315899668931961,1909.223126231432,1909.06640625,1907.9072265625,-1.1592525243759155,-0.15664714455604556
104,157,261,-0.025115279047749937,1924.0199883259227,1923.931640625,1923.994873046875,0.06321638077497482,-0.08833165982272476
106,155,261,-1.3366944938898087,1915.7671144157648,1915.68017578125,1914.430419921875,-1.2498704195022583,-0.08682407438755035
107,154,261,-1.7075567561388016,1909.9079962092637,1909.823486328125,1908.200439453125,-1.6230037212371826,-0.08455303490161903
106,156,262,-0.9087474000453949,1923.4899241578578,1923.387451171875,1922.5811767578125,-0.8063586354255676,-0.10238876461982727
107,155,262,-1.748442787528038,1916.8159476703406,1916.7220458984375,1915.0675048828125,-1.6545720100402832,-0.09387077748775474
108,156,264,-1.285657365322113,1926.7891974043846,1926.7713623046875,1925.5035400390625,-1.2678214311599731,-0.01783593416213991
108,157,265,-1.374817442893982,1933.5348516225815,1933.505615234375,1932.1600341796875,-1.3454917669296265,-0.029325675964355424
108,158,266,-1.0443178406357765,1941.4819399109483,1941.33740234375,1940.4376220703125,-0.8998605012893677,-0.1444573393464088
109,157,266,-1.4934251642227172,1933.8785570001603,1934.0220947265625,1932.3851318359375,-1.6369155645370483,0.14349040031433113
110,159,269,-1.044451510310173,1950.3592708462477,1950.291748046875,1949.3148193359375,-0.976919412612915,-0.06753209769725799
110,160,270,-0.8735191941261291,1958.5900719285012,1958.51611328125,1957.716552734375,-0.7996136546134949,-0.07390553951263423
9,21,30,2.597426491975784,186.38252345919608,186.3990020751953,188.97994995117188,2.5809531211853027,0.01647337079048139
14,9,23,-0.054675878991838546,150.79474240731216,151.1479949951172,150.7400665283203,-0.4079297184944153,0.3532538395025767
15,11,26,-0.04264271560590714,187.09690296951214,187.1179962158203,187.05426025390625,-0.06373538076877594,0.0210926651628688
16,11,27,0.02925618044799194,188.41625468380983,187.98699951171875,188.4455108642578,0.45850443840026855,-0.4292482579522766
18,13,31,-0.19770404939074068,225.7022816861095,224.8350067138672,225.50457763671875,0.6695832014083862,-0.8672872507991269
19,15,34,-0.49239935994148254,260.868986274004,261.0429992675781,260.3765869140625,-0.6664251089096069,0.1740257489681244
20,15,35,0.12603590017650276,261.81137254708915,262.0679931640625,261.9374084472656,-0.13060398399829865,0.25663988417480144
21,16,37,1.390169537961483,278.6834998956323,278.7049865722656,280.07366943359375,1.3686814308166504,0.021488107144832513
21,17,38,1.6081387889385224,294.6202852833271,294.9320068359375,296.2284240722656,1.2964129447937012,0.3117258441448212
24,41,65,3.247628951072693,533.9600736856461,534.0549926757812,537.2077026367188,3.152693271636963,0.09493567943572989
39,65,104,4.759179396629333,862.3703372049332,864.0989990234375,867.1295166015625,3.0305168628692627,1.7286625337600707
40,40,80,2.578426879644394,668.8571199953556,669.5280151367188,671.435546875,1.9075262546539307,0.6709006249904634
40,66,106,4.975636229515076,882.8242905282974,882.3560180664062,887.7999267578125,5.443902969360352,-0.46826673984527556
42,70,112,4.75472442150116,928.5386105394364,927.6619873046875,933.2933349609375,5.631345272064209,-0.8766208505630493
43,72,115,4.163372762203217,950.325701944828,949.6380004882812,954.4890747070312,4.851046562194824,-0.6876737999916074
47,48,95,-3.8546405124664305,789.8482318210602,789.7343139648438,785.9935913085938,-3.7407379150390625,-0.11390259742736797
49,50,99,-8.110255327224731,822.3243056201935,822.1400146484375,814.2140502929688,-7.9259538650512695,-0.18430146217346177
57,95,152,3.5146793937683105,1231.3184504890442,1231.4127197265625,1234.8331298828125,3.420376777648926,0.09430261611938473
58,94,152,3.0080841982364657,1240.252047637701,1240.3289794921875,1243.2601318359375,2.9311203956604004,0.07696380257606528
58,95,153,3.0454558885097502,1244.1610870802403,1244.3470458984375,1247.20654296875,2.8595824241638184,0.18587346434593188
58,97,155,3.5425104880332947,1253.1216740822792,1253.2650146484375,1256.6641845703125,3.3991315364837646,0.14337895154953006
59,95,154,2.075608794093132,1254.9197525340319,1254.8070068359375,1256.995361328125,2.188326597213745,-0.11271780312061308
64,104,168,2.378153746128082,1354.1024370741843,1354.0511474609375,1356.4805908203125,2.4294474124908447,-0.05129366636276256
22,37,59,3.601833299398422,484.3887978041172,nan,487.9906311035156,nan,nan
73,105,178,0.46972972914576533,1430.0844694896043,nan,1430.55419921875,nan,nan
75,92,167,1.0061333712935447,1324.018158620894,nan,1325.0242919921875,nan,nan
77,93,170,1.0011507919430733,1335.094064051807,nan,1336.09521484375,nan,nan
79,95,174,1.1269334453344344,1356.644917140603,nan,1357.7718505859375,nan,nan
81,97,178,1.0098620787262917,1377.8866222962738,nan,1378.896484375,nan,nan
93,135,228,2.217996419668198,1733.5422574865818,nan,1735.76025390625,nan,nan
93,139,232,1.6659221458435058,1762.350557346344,nan,1764.0164794921875,nan,nan
101,155,256,0.4165908420085907,1899.7954452908039,nan,1900.2120361328125,nan,nan
8,19,27,0.3877348428219557,165.33582167573275,nan,165.7235565185547,nan,nan
8,20,28,2.107871832251549,165.59413927614688,nan,167.70201110839844,nan,nan
8,21,29,2.6161773228645324,163.16398930311203,nan,165.78016662597656,nan,nan
8,22,30,3.0905928921699526,163.75916907072067,nan,166.84976196289062,nan,nan
8,23,31,3.3060210144519804,160.88154002070428,nan,164.18756103515625,nan,nan
9,22,31,2.929475531578064,187.41136003971098,nan,190.34083557128906,nan,nan
9,23,32,3.1009310019016265,186.1513425576687,nan,189.2522735595703,nan,nan
9,24,33,3.2101263427734374,186.57702880859375,nan,189.7871551513672,nan,nan
9,25,34,3.2651077878475188,184.70210107445718,nan,187.9672088623047,nan,nan
10,22,32,2.4032267320156095,213.91975605607033,nan,216.32298278808594,nan,nan
10,23,33,2.640027334690094,212.88058728933333,nan,215.52061462402344,nan,nan
10,24,34,2.850953885316849,214.74793832659722,nan,217.59889221191406,nan,nan
10,25,35,2.989438661336899,213.04072796463967,nan,216.03016662597656,nan,nan
10,26,36,3.0496832966804504,214.25253227949142,nan,217.30221557617188,nan,nan
10,27,37,3.0100498735904693,212.04930681586265,nan,215.05935668945312,nan,nan
11,24,35,2.5987996566295624,236.48794655919076,nan,239.0867462158203,nan,nan
11,25,36,2.7547370207309725,236.22933280348778,nan,238.98406982421875,nan,nan
11,26,37,2.81633145570755,237.68798678159715,nan,240.5043182373047,nan,nan
11,27,38,2.7005936527252197,236.95309287071228,nan,239.6536865234375,nan,nan
12,26,38,2.518789700269699,263.6113067352772,nan,266.1300964355469,nan,nan
12,27,39,2.365359850525856,263.1584133428335,nan,265.5237731933594,nan,nan
12,28,40,2.1548818415403366,265.51607763111593,nan,267.67095947265625,nan,nan
13,8,21,0.23596747202798724,131.73871819691732,nan,131.9746856689453,nan,nan
13,9,22,0.4802490520477295,149.13089596748353,nan,149.61114501953125,nan,nan
13,25,38,2.3467382979393006,280.32211546182634,nan,282.6688537597656,nan,nan
13,26,39,2.3026002979278566,283.5922971630096,nan,285.8948974609375,nan,nan
13,27,40,2.130694127678871,284.53056075513365,nan,286.6612548828125,nan,nan
13,28,41,1.8664327919483186,287.18178498148916,nan,289.0482177734375,nan,nan
13,29,42,1.4905272871255875,287.57029424607754,nan,289.0608215332031,nan,nan
14,8,22,-0.4128705524653196,133.02030768625437,nan,132.60743713378906,nan,nan
14,27,41,1.6780519235134124,307.38414290070534,nan,309.06219482421875,nan,nan
14,28,42,1.3953593274950982,311.40206498891115,nan,312.79742431640625,nan,nan
14,29,43,1.001795342117548,312.04312653288247,nan,313.044921875,nan,nan
14,30,44,0.6978486746549606,315.27297652065755,nan,315.9708251953125,nan,nan
15,8,23,-1.2661804290115832,129.53446045830844,nan,128.26828002929688,nan,nan
15,9,24,-0.42128685923293235,148.87598351450637,nan,148.45469665527344,nan,nan
15,10,25,-0.10132193480618298,170.0390965930093,nan,169.93777465820312,nan,nan
15,28,43,0.6597181917726993,330.3960984586179,nan,331.0558166503906,nan,nan
15,29,44,0.3903542884811759,332.2038534751907,nan,332.5942077636719,nan,nan
15,30,45,0.25005016157403587,335.4997667329572,nan,335.74981689453125,nan,nan
15,31,46,0.15274607652332634,336.38311207777355,nan,336.5358581542969,nan,nan
16,8,24,-1.704042050242424,128.48394927680494,nan,126.7799072265625,nan,nan
16,9,25,-0.5604523049294948,147.97271426782012,nan,147.41226196289062,nan,nan
16,10,26,-0.16299366890918462,171.0456383222295,nan,170.8826446533203,nan,nan
16,29,45,-0.5123563361167908,353.9464383673668,nan,353.43408203125,nan,nan
16,30,46,-0.3826861104555428,358.2413592061587,nan,357.8586730957031,nan,nan
16,31,47,-0.33390451679937544,359.2030146242212,nan,358.8691101074219,nan,nan
16,32,48,-0.19576240838505327,362.68816353143194,nan,362.4924011230469,nan,nan
17,9,26,-0.03989837787346914,143.2144894423266,nan,143.17459106445312,nan,nan
17,10,27,0.27422041894868016,166.79632096288725,nan,167.07054138183594,nan,nan
17,11,28,0.510448992587626,185.97452110018583,nan,186.48497009277344,nan,nan
17,12,29,0.05034087050124072,207.21664216172533,nan,207.26698303222656,nan,nan
17,30,47,-1.1361679795384407,375.9170212510228,nan,374.7808532714844,nan,nan
17,31,48,-0.9590964522957802,377.96916725307705,nan,377.01007080078125,nan,nan
17,32,49,-0.723256800621748,381.575612757653,nan,380.85235595703125,nan,nan
17,33,50,-0.24582266859710217,382.5813024049252,nan,382.3354797363281,nan,nan
17,34,51,0.775421431362629,384.65655488699673,nan,385.4319763183594,nan,nan
17,35,52,1.8054761278629303,384.43079096198085,nan,386.23626708984375,nan,nan
17,36,53,2.720602799654007,385.93241233706476,nan,388.65301513671875,nan,nan
18,9,27,0.3802195002511144,139.84448142748326,nan,140.22470092773438,nan,nan
18,10,28,0.5401930627971887,165.44543315790594,nan,165.98562622070312,nan,nan
18,11,29,0.765378700569272,185.04101778380573,nan,185.806396484375,nan,nan
18,12,30,0.24347131066024302,208.142820193246,nan,208.38629150390625,nan,nan
18,31,49,-1.7852486354112624,398.2496041041613,nan,396.46435546875,nan,nan
18,32,50,-1.415407259464264,402.9210835289955,nan,401.50567626953125,nan,nan
18,33,51,-0.9641401124000549,404.16653269052506,nan,403.202392578125,nan,nan
18,34,52,0.06157606814987957,407.39240342403764,nan,407.4539794921875,nan,nan
18,35,53,1.117469447106123,407.33687625601885,nan,408.454345703125,nan,nan
18,36,54,2.108638332486153,409.8762249487638,nan,411.98486328125,nan,nan
18,37,55,2.7869124364852906,409.5620560693741,nan,412.3489685058594,nan,nan
18,38,56,3.3176399648189543,411.9012931406498,nan,415.21893310546875,nan,nan
19,11,30,1.0855504062771797,180.8826350185275,nan,181.9681854248047,nan,nan
19,12,31,0.6124884132295847,204.32386717759073,nan,204.9363555908203,nan,nan
19,13,32,0.2547347684763372,223.48913119832054,nan,223.74386596679688,nan,nan
19,14,33,-0.30156853429973124,244.2765898966044,nan,243.9750213623047,nan,nan
19,35,54,-0.01864094546996057,426.67235798648557,nan,426.6537170410156,nan,nan
19,36,55,1.363283354640007,429.01278476059434,nan,430.3760681152344,nan,nan
19,37,56,2.2171656668186186,429.599393171072,nan,431.8165588378906,nan,nan
19,38,57,3.089661259651184,431.7731927442551,nan,434.86285400390625,nan,nan
19,39,58,3.491957187652588,432.19239950180054,nan,435.6843566894531,nan,nan
19,40,59,3.54139991402626,434.5675783574581,nan,438.1089782714844,nan,nan
20,11,31,1.0499555595219134,178.39508228227496,nan,179.44503784179688,nan,nan
20,12,32,0.7740879520773888,203.3402156367898,nan,204.1143035888672,nan,nan
20,13,33,0.5716844555735588,222.7213911059499,nan,223.29307556152344,nan,nan
20,14,34,0.21584214333910495,244.95325575705152,nan,245.16909790039062,nan,nan
20,37,57,2.0001844161748887,450.6508165603876,nan,452.6510009765625,nan,nan
20,38,58,3.074175726175308,453.6851626527309,nan,456.75933837890625,nan,nan
20,39,59,3.5549013948440553,454.1989743375778,nan,457.7538757324219,nan,nan
20,40,60,3.7698307621479032,457.4363154780865,nan,461.2061462402344,nan,nan
21,13,34,1.3536387017369271,218.37452597111462,nan,219.72816467285156,nan,nan
21,14,35,1.2362997606396675,240.72317289561033,nan,241.95947265625,nan,nan
21,15,36,1.3506275549530984,258.93278919309375,nan,260.2834167480469,nan,nan
21,39,60,3.944157066345215,472.0108295059204,nan,475.9549865722656,nan,nan
21,40,61,4.159909491539001,475.4170253229141,nan,479.5769348144531,nan,nan
21,41,62,4.331868141889572,476.6523847877979,nan,480.9842529296875,nan,nan
21,42,63,4.451894835233689,479.5355319225788,nan,483.9874267578125,nan,nan
22,13,35,1.806862207353115,215.6910625973344,nan,217.4979248046875,nan,nan
22,14,36,1.8501900792121888,239.44541844129563,nan,241.2956085205078,nan,nan
22,15,37,2.1334277671575546,257.82641110002993,nan,259.9598388671875,nan,nan
22,16,38,2.2415360194444656,279.02692711532114,nan,281.2684631347656,nan,nan
22,17,39,2.4882639026641846,295.26994532585144,nan,297.7582092285156,nan,nan
22,39,61,4.255851948261261,491.27600840330126,nan,495.5318603515625,nan,nan
22,40,62,4.3171169519424435,495.85185887813566,nan,500.1689758300781,nan,nan
22,41,63,4.323740046024323,497.41878314733503,nan,501.7425231933594,nan,nan
22,42,64,4.280189327001572,501.4500047647953,nan,505.7301940917969,nan,nan
22,43,65,4.250658663511277,502.4714787876606,nan,506.7221374511719,nan,nan
23,14,37,2.130807773470879,234.2904263573885,nan,236.42123413085938,nan,nan
23,15,38,2.4144975566864013,254.1574018573761,nan,256.5718994140625,nan,nan
23,16,39,2.550629383325577,275.6561577260494,nan,278.206787109375,nan,nan
23,17,40,2.7818611228466033,293.3582450783253,nan,296.1401062011719,nan,nan
23,18,41,2.6858319664001464,312.8860064125061,nan,315.57183837890625,nan,nan
23,19,42,2.7180518531799316,328.81206899642945,nan,331.5301208496094,nan,nan
23,41,64,3.951741659641266,514.832010781765,nan,518.7837524414062,nan,nan
23,42,65,3.9265450513362885,519.0077200853825,nan,522.9342651367188,nan,nan
23,43,66,3.8944875395298,520.987775644064,nan,524.8822631835938,nan,nan
24,16,40,2.5286659461259844,275.0925498741865,nan,277.6212158203125,nan,nan
24,17,41,2.727884156703949,293.1397305893898,nan,295.86761474609375,nan,nan
24,18,42,2.6076080739498138,314.1035430490971,nan,316.7111511230469,nan,nan
24,19,43,2.6301479732990263,330.34675022006036,nan,332.9768981933594,nan,nan
24,42,66,3.2943559110164644,539.036332565546,nan,542.3306884765625,nan,nan
24,43,67,3.1238585793972016,541.3142517721653,nan,544.4381103515625,nan,nan
25,18,43,2.4895926439762115,311.23632898688317,nan,313.7259216308594,nan,nan
25,19,44,2.4647209453582763,328.8750922870636,nan,331.3398132324219,nan,nan
25,20,45,2.2673868453502655,348.20865685582163,nan,350.4760437011719,nan,nan
25,42,67,2.731286016702652,554.6256475770474,nan,557.35693359375,nan,nan
25,43,68,2.565623081922531,557.8434955704212,nan,560.4091186523438,nan,nan
25,44,69,2.1197274923324585,562.9270864725113,nan,565.0468139648438,nan,nan
25,45,70,1.5003533852100372,565.9951910483837,nan,567.4955444335938,nan,nan
25,46,71,1.0210741078853607,570.5048047983646,nan,571.52587890625,nan,nan
26,18,44,1.9338763558864593,311.2226788198948,nan,313.15655517578125,nan,nan
26,19,45,1.9072988688945771,329.1522409260273,nan,331.0595397949219,nan,nan
26,20,46,1.6673685151338578,349.84908045947554,nan,351.5164489746094,nan,nan
26,21,47,1.7158117240667343,365.8848047310114,nan,367.6006164550781,nan,nan
26,42,68,2.0847492533922196,572.468046156764,nan,574.5527954101562,nan,nan
26,43,69,1.914007151722908,575.8540592545271,nan,577.76806640625,nan,nan
26,44,70,1.6121294343471526,581.7271649992466,nan,583.3392944335938,nan,nan
26,45,71,1.1989506447315217,584.741845253706,nan,585.9407958984375,nan,nan
26,46,72,0.6776644144952297,590.202035292536,nan,590.8796997070312,nan,nan
26,47,73,-0.00935614284593612,592.9181696194084,nan,592.9088134765625,nan,nan
27,19,46,1.3782342648506165,326.438080432415,nan,327.8163146972656,nan,nan
27,20,47,1.1401420405507088,347.4112800785899,nan,348.5514221191406,nan,nan
27,21,48,1.1785431736707688,364.72276297867296,nan,365.90130615234375,nan,nan
27,22,49,0.9719505608081818,383.81921765208244,nan,384.7911682128906,nan,nan
27,45,72,0.5429277054965496,600.3747969038784,nan,600.917724609375,nan,nan
27,46,73,-0.04694558649789542,606.0531101372792,nan,606.0061645507812,nan,nan
27,47,74,-0.7180393871665001,609.6381443676353,nan,608.9201049804688,nan,nan
27,48,75,-1.3276907300949097,614.7363211011887,nan,613.4086303710938,nan,nan
27,49,76,-2.5869664204120637,618.3523472797871,nan,615.765380859375,nan,nan
27,50,77,-3.3600909972190856,623.0522907042504,nan,619.6921997070312,nan,nan
27,51,78,-3.0562055850028993,624.5831831240654,nan,621.5269775390625,nan,nan
27,52,79,-2.215192345380783,627.1421942985057,nan,624.927001953125,nan,nan
28,20,48,0.5177531958930195,347.43155710684135,nan,347.9493103027344,nan,nan
28,21,49,0.6041920538246631,364.9629161004722,nan,365.5671081542969,nan,nan
28,22,50,0.5104305693507194,385.18836093455553,nan,385.69879150390625,nan,nan
28,23,51,0.3095750267803669,401.32506852790715,nan,401.6346435546875,nan,nan
28,46,74,-0.602195893228054,623.8747789010406,nan,623.2725830078125,nan,nan
28,47,75,-1.1473256346583367,627.4801503416896,nan,626.3328247070312,nan,nan
28,48,76,-1.6662622487545014,633.3627954518795,nan,631.696533203125,nan,nan
28,49,77,-2.5655736207962034,636.7563084840774,nan,634.1907348632812,nan,nan
28,50,78,-3.3046103847026824,642.2757407557964,nan,638.9711303710938,nan,nan
28,51,79,-2.921546355485916,643.8562997734547,nan,640.9347534179688,nan,nan
28,52,80,-1.8626254546642302,647.030289028883,nan,645.1676635742188,nan,nan
28,53,81,-1.2055836009979248,647.8387623119354,nan,646.6331787109375,nan,nan
28,54,82,-0.28566758667118847,650.6371080163586,nan,650.3514404296875,nan,nan
29,21,50,0.3822731487639248,361.9368491656892,nan,362.3191223144531,nan,nan
29,22,51,0.3951747808419168,382.31387062931435,nan,382.70904541015625,nan,nan
29,23,52,0.3036190412379801,399.53515659352763,nan,399.8387756347656,nan,nan
29,24,53,-0.1450225945422426,418.66626282891724,nan,418.521240234375,nan,nan
29,25,54,-0.7707894936203956,434.86218964010476,nan,434.0914001464844,nan,nan
29,51,80,-2.6362918496131895,659.5833743691444,nan,656.9470825195312,nan,nan
29,52,81,-1.5646139615774155,662.8711325162649,nan,661.3065185546875,nan,nan
29,53,82,-1.033016611635685,664.6183437600732,nan,663.5853271484375,nan,nan
29,54,83,-0.179652216269169,667.6018323920504,nan,667.4221801757812,nan,nan
29,55,84,0.5928522739186883,668.6210759487376,nan,669.2139282226562,nan,nan
29,56,85,1.360463640987873,671.1981301090121,nan,672.55859375,nan,nan
30,22,52,0.2539065548963845,381.781097107213,nan,382.0350036621094,nan,nan
30,23,53,0.23765791250392795,399.1762214820273,nan,399.41387939453125,nan,nan
30,24,54,-0.12132731962017715,419.3905228762608,nan,419.2691955566406,nan,nan
30,25,55,-0.5585800403356552,435.641923546195,nan,435.0833435058594,nan,nan
30,26,56,-1.2201289373636246,454.57443801939485,nan,453.35430908203125,nan,nan
30,27,57,-1.9630314993858338,469.6995732474327,nan,467.7365417480469,nan,nan
30,53,83,-0.7249809676408767,682.6829887801409,nan,681.9580078125,nan,nan
30,54,84,0.21345024733338505,686.3870136198541,nan,686.6004638671875,nan,nan
30,55,85,0.9643937999010086,687.5444562977552,nan,688.5088500976562,nan,nan
30,56,86,1.5197464624047279,691.1211226782202,nan,692.640869140625,nan,nan
31,24,55,0.00783392664976418,416.210610897569,nan,416.21844482421875,nan,nan
31,25,56,-0.43622057657688856,433.5994285843894,nan,433.1632080078125,nan,nan
31,26,57,-1.0056509378552436,452.67532867223025,nan,451.669677734375,nan,nan
31,27,58,-1.4866043692827224,468.6427017813921,nan,467.1560974121094,nan,nan
31,28,59,-1.7907830947637557,485.99668519437313,nan,484.2059020996094,nan,nan
31,29,60,-1.5652058285474777,499.91728712737563,nan,498.3520812988281,nan,nan
31,55,86,1.0333185094594954,703.4571600061655,nan,704.490478515625,nan,nan
31,56,87,1.7731286174058913,706.9641150349379,nan,708.7372436523438,nan,nan
32,26,58,-0.9299858114123345,453.16646652430296,nan,452.2364807128906,nan,nan
32,27,59,-1.162337383031845,469.11277683615685,nan,467.950439453125,nan,nan
32,28,60,-1.136733393073082,487.22334227979184,nan,486.08660888671875,nan,nan
32,29,61,-0.8441477167606354,501.2985544550419,nan,500.45440673828125,nan,nan
32,30,62,-0.509311498850584,517.7355688230693,nan,517.2262573242188,nan,nan
32,55,87,1.1653599327802657,720.725570243001,nan,721.8909301757812,nan,nan
32,56,88,1.9728482842445374,724.944998395443,nan,726.9178466796875,nan,nan
32,57,89,2.7093386948108673,726.5336422622204,nan,729.2429809570312,nan,nan
32,58,90,4.168954372406006,729.5953888893127,nan,733.7643432617188,nan,nan
32,59,91,4.983255064487457,730.6427214980125,nan,735.6259765625,nan,nan
33,28,61,-0.5907633517682552,484.83035685762763,nan,484.2395935058594,nan,nan
33,29,62,-0.25066634675487875,499.90871688386426,nan,499.6580505371094,nan,nan
33,30,63,0.10216670345049352,516.5421204059245,nan,516.644287109375,nan,nan
33,31,64,0.42454575434327124,530.373122702688,nan,530.7976684570312,nan,nan
33,55,88,1.0883273014426231,734.9885769954324,nan,736.076904296875,nan,nan
33,56,89,1.9781365168094636,739.2432379949092,nan,741.2213745117188,nan,nan
33,57,90,2.7985088312625885,741.5111225163937,nan,744.3096313476562,nan,nan
33,58,91,4.078862694501876,744.8630928719044,nan,748.9419555664062,nan,nan
33,59,92,4.916374435424805,746.6344068145752,nan,751.55078125,nan,nan
33,60,93,5.403691704273224,750.2947946238518,nan,755.698486328125,nan,nan
34,29,63,0.3086802722956054,499.9305775402044,nan,500.2392578125,nan,nan
34,30,64,0.6675804828107357,517.592612388283,nan,518.2601928710938,nan,nan
34,31,65,1.0917816755175591,531.5292510393261,nan,532.6210327148438,nan,nan
34,32,66,1.3563810753822327,547.9973786902427,nan,549.353759765625,nan,nan
34,58,92,3.941721079349518,762.2401026511193,nan,766.1818237304688,nan,nan
34,59,93,4.835040698051452,764.0646785402298,nan,768.8997192382812,nan,nan
34,60,94,5.368967771530151,768.4192402362823,nan,773.7882080078125,nan,nan
34,61,95,5.688873734474182,770.3572078084945,nan,776.0460815429688,nan,nan
34,62,96,6.00249133348465,774.4579578852654,nan,780.46044921875,nan,nan
34,63,97,6.131657719612122,776.1506298780441,nan,782.2822875976562,nan,nan
35,30,65,1.3436259627342224,514.890321791172,nan,516.2339477539062,nan,nan
35,31,66,1.9055418378114701,529.6919313067198,nan,531.5974731445312,nan,nan
35,32,67,2.2613531339168547,546.2697137606144,nan,548.5310668945312,nan,nan
35,33,68,2.5604775881767274,560.1358725094796,nan,562.6963500976562,nan,nan
35,59,94,4.607630865573883,778.4929550719261,nan,783.1005859375,nan,nan
35,60,95,5.185555386543274,782.9107580900193,nan,788.0963134765625,nan,nan
35,61,96,5.530362648963928,785.5495323705674,nan,791.0798950195312,nan,nan
35,62,97,5.8636214590072635,789.7319595956802,nan,795.5955810546875,nan,nan
35,63,98,5.996055474281311,792.1327287054062,nan,798.1287841796875,nan,nan
35,64,99,6.169032320976258,796.0196883821487,nan,802.188720703125,nan,nan
35,65,100,6.262136316299438,798.0320531368255,nan,804.294189453125,nan,nan
35,66,101,6.394974091053009,801.5261074519158,nan,807.9210815429688,nan,nan
35,67,102,6.417764055728912,803.2022310614586,nan,809.6199951171875,nan,nan
36,31,67,2.357890076637268,529.5951128530502,nan,531.9530029296875,nan,nan
36,32,68,2.628958076238632,547.2459808886051,nan,549.8749389648438,nan,nan
36,33,69,2.8546521174907684,561.3802111637592,nan,564.23486328125,nan,nan
36,34,70,2.8136356616020204,578.1227046704292,nan,580.9363403320312,nan,nan
36,62,98,5.642524602413178,807.127311823368,nan,812.7698364257812,nan,nan
36,63,99,5.812823185920715,809.589947810173,nan,815.4027709960938,nan,nan
36,64,100,6.0313239002227785,814.137072095871,nan,820.1683959960938,nan,nan
36,65,101,6.147992210388184,816.2201108169555,nan,822.3681030273438,nan,nan
36,66,102,6.304749848842621,820.3825060105323,nan,826.687255859375,nan,nan
36,67,103,6.335397782325745,822.139638838768,nan,828.4750366210938,nan,nan
37,32,69,2.978704264163971,544.6769353842735,nan,547.6556396484375,nan,nan
37,33,70,3.0838698279857635,559.8911057579518,nan,562.9749755859375,nan,nan
37,34,71,3.0438570392131807,576.821438370943,nan,579.8652954101562,nan,nan
37,35,72,3.1679191219806673,590.8782234561444,nan,594.046142578125,nan,nan
37,66,103,5.985199830532074,835.7729178452491,nan,841.7581176757812,nan,nan
37,67,104,5.976131279468536,838.2490274119377,nan,844.2251586914062,nan,nan
38,33,71,3.0070586705207827,560.087606856823,nan,563.0946655273438,nan,nan
38,34,72,2.9429085552692413,577.9884879291058,nan,580.931396484375,nan,nan
38,35,73,3.0230970788002014,592.272374112606,nan,595.2954711914062,nan,nan
38,36,74,2.9815831768512724,608.9907068622113,nan,611.9722900390625,nan,nan
38,65,103,5.325225417613983,848.422333176136,nan,853.74755859375,nan,nan
38,66,104,5.671849715709686,853.1744637608529,nan,858.8463134765625,nan,nan
38,67,105,5.726643416881561,855.6782027745247,nan,861.4048461914062,nan,nan
38,68,106,5.836630311012268,860.224221739769,nan,866.0608520507812,nan,nan
39,34,73,2.9278907656669615,575.5796775937081,nan,578.507568359375,nan,nan
39,35,74,2.9931567943096162,590.7985912525654,nan,593.791748046875,nan,nan
39,36,75,2.9677127170562745,607.6787716579437,nan,610.646484375,nan,nan
39,37,76,3.07753701210022,621.768471288681,nan,624.8460083007812,nan,nan
39,38,77,2.9712804210186006,637.6414515125751,nan,640.6127319335938,nan,nan
39,39,78,3.0402940320968628,650.7568861436844,nan,653.7971801757812,nan,nan
39,66,105,5.233700404167175,867.0895417833328,nan,872.3232421875,nan,nan
39,67,106,5.399276812076568,870.156509320736,nan,875.5557861328125,nan,nan
39,68,107,5.606357238292694,874.6955226445198,nan,880.3018798828125,nan,nan
39,69,108,5.604165208339691,877.5086887955665,nan,883.1128540039062,nan,nan
39,70,109,5.708716032505035,881.723412873745,nan,887.43212890625,nan,nan
39,71,110,5.661605381965638,884.1795201063156,nan,889.8411254882812,nan,nan
40,35,75,2.8825968146324157,590.7847615838051,nan,593.6673583984375,nan,nan
40,36,76,2.868554000854492,608.5619269561768,nan,611.4304809570312,nan,nan
40,37,77,2.8895281207561494,622.9132672894001,nan,625.8027954101562,nan,nan
40,38,78,2.6916752004623414,639.7689571237564,nan,642.4606323242188,nan,nan
40,39,79,2.725518772602081,653.0877136492729,nan,655.813232421875,nan,nan
40,67,107,5.162708055973053,885.9631464362144,nan,891.1258544921875,nan,nan
40,68,108,5.42341915845871,891.1174743962288,nan,896.5408935546875,nan,nan
40,69,109,5.47599045753479,893.964622335434,nan,899.4406127929688,nan,nan
40,70,110,5.598213832378388,898.8188393902778,nan,904.4170532226562,nan,nan
40,71,111,5.5601709365844725,901.3499242782593,nan,906.9100952148438,nan,nan
40,72,112,5.537555384635925,905.9301570177079,nan,911.4677124023438,nan,nan
41,38,79,2.4433017349243165,638.431759300232,nan,640.8750610351562,nan,nan
41,39,80,2.5022938311100007,652.5934703290462,nan,655.0957641601562,nan,nan
41,40,81,2.4770900201797486,668.4045017766953,nan,670.881591796875,nan,nan
41,41,82,2.6305490708351136,681.4992727065087,nan,684.1298217773438,nan,nan
41,70,111,5.238732907772064,912.6266845726967,nan,917.8654174804688,nan,nan
41,71,112,5.241490962505341,915.7625983929634,nan,921.0040893554688,nan,nan
41,72,113,5.246346316337585,920.3983070039749,nan,925.6446533203125,nan,nan
41,73,114,5.0702206015586855,923.3138736367225,nan,928.3840942382812,nan,nan
41,74,115,4.813497614860535,927.8066195726394,nan,932.6201171875,nan,nan
42,38,80,2.1336652606725695,639.2398088604211,nan,641.3734741210938,nan,nan
42,39,81,2.258105179667473,653.4994021445513,nan,655.7575073242188,nan,nan
42,40,82,2.144416527748108,670.2567065191269,nan,672.401123046875,nan,nan
42,41,83,2.2564088129997253,683.5520018315315,nan,685.8084106445312,nan,nan
42,42,84,2.073158696889877,699.3868022406101,nan,701.4599609375,nan,nan
42,71,113,4.776534886360168,931.7415315198898,nan,936.51806640625,nan,nan
42,72,114,4.831595718860626,936.9680258631706,nan,941.7996215820312,nan,nan
42,73,115,4.708343017101288,939.9124455571175,nan,944.6207885742188,nan,nan
42,74,116,4.475573377609253,945.0114871692657,nan,949.487060546875,nan,nan
42,75,117,3.96825847864151,947.9541048026085,nan,951.92236328125,nan,nan
43,40,83,2.0311628365516663,668.5205949759484,nan,670.5517578125,nan,nan
43,41,84,2.0880572563409805,682.7076580756902,nan,684.7957153320312,nan,nan
43,42,85,1.954567201733589,698.6475446146727,nan,700.6021118164062,nan,nan
43,43,86,2.0562130242586134,711.8563235968352,nan,713.9125366210938,nan,nan
43,73,116,4.077551794052124,953.8627558231353,nan,957.9403076171875,nan,nan
43,74,117,3.9009651494026185,958.9861808466911,nan,962.8871459960938,nan,nan
43,75,118,3.407890453338623,962.5343702888489,nan,965.9422607421875,nan,nan
43,76,119,2.7132715046405793,967.7743993937969,nan,970.4876708984375,nan,nan
43,77,120,1.901139616370201,971.2623125320673,nan,973.1634521484375,nan,nan
43,78,121,1.3377096098661423,975.9866312104464,nan,977.3243408203125,nan,nan
44,41,85,1.8273913198709488,683.3332532113791,nan,685.16064453125,nan,nan
44,42,86,1.5724860924482345,700.2216423255205,nan,701.7941284179688,nan,nan
44,43,87,1.5144490629434586,713.7409830659628,nan,715.2554321289062,nan,nan
44,44,88,0.850772898197174,730.0857505393028,nan,730.9365234375,nan,nan
44,74,118,3.1117873287200926,975.1357102298737,nan,978.2474975585938,nan,nan
44,75,119,2.690256325006485,978.6917016828061,nan,981.3819580078125,nan,nan
44,76,120,2.1696617794036865,984.3733680057526,nan,986.5430297851562,nan,nan
44,77,121,1.575790645480156,987.718459842801,nan,989.2942504882812,nan,nan
44,78,122,0.9764698451757431,993.084504275918,nan,994.0609741210938,nan,nan
44,79,123,0.2962996631860733,996.1487686961889,nan,996.445068359375,nan,nan
45,42,87,1.3079426884651184,698.3698527216911,nan,699.6777954101562,nan,nan
45,43,88,1.033627873659134,712.9130273997783,nan,713.9466552734375,nan,nan
45,44,89,0.4347626052796841,729.3399566330015,nan,729.7747192382812,nan,nan
45,45,90,0.028582755173556507,743.1173523034201,nan,743.1459350585938,nan,nan
45,46,91,-0.6887075987458229,757.9112417784334,nan,757.2225341796875,nan,nan
45,75,120,1.8906085228919982,992.0677044653893,nan,993.9583129882812,nan,nan
45,77,122,0.905846335887909,1001.6487190937996,nan,1002.5545654296875,nan,nan
45,78,123,0.26257980037480594,1007.1331721527501,nan,1007.395751953125,nan,nan
45,79,124,-0.5245637701451779,1010.9005403326452,nan,1010.3759765625,nan,nan
45,80,125,-1.28146282017231,1016.1168510037661,nan,1014.8353881835938,nan,nan
46,43,89,0.34523560557514427,713.6684362694249,nan,714.013671875,nan,nan
46,44,90,-0.2635468076169491,730.9041107724607,nan,730.6405639648438,nan,nan
46,45,91,-0.7515690559148789,744.9065983527898,nan,744.155029296875,nan,nan
46,78,124,-0.731642813384533,1023.403884024322,nan,1022.6722412109375,nan,nan
46,79,125,-1.526926052570343,1027.252878201008,nan,1025.7259521484375,nan,nan
46,80,126,-2.222427369952202,1033.0002594012021,nan,1030.77783203125,nan,nan
46,81,127,-3.1629309487342834,1036.6296057534219,nan,1033.4666748046875,nan,nan
46,82,128,-3.977057318687439,1042.120001654625,nan,1038.1429443359375,nan,nan
46,83,129,-3.497471694946289,1043.979039077759,nan,1040.4815673828125,nan,nan
46,84,130,-2.369887515306473,1047.1670066559316,nan,1044.797119140625,nan,nan
46,85,131,-1.7585339373350144,1048.5577282732725,nan,1046.7991943359375,nan,nan
46,86,132,-1.3997498062252998,1052.1676941421629,nan,1050.7679443359375,nan,nan
47,44,91,-0.8640657016634941,729.1187043735385,nan,728.254638671875,nan,nan
47,45,92,-1.3526709926128389,743.9025977504253,nan,742.5499267578125,nan,nan
47,46,93,-2.0417178761959076,760.4423526418209,nan,758.400634765625,nan,nan
47,47,94,-2.751530179977417,774.5827679729462,nan,771.8312377929688,nan,nan
47,79,126,-2.655599892139435,1040.911581337452,nan,1038.2559814453125,nan,nan
47,80,127,-3.41455216050148,1046.7946791136264,nan,1043.380126953125,nan,nan
47,81,128,-4.315298089981079,1050.967641839981,nan,1046.65234375,nan,nan
47,82,129,-4.601887962818146,1055.9994709706307,nan,1051.3975830078125,nan,nan
47,83,130,-4.043088861703873,1058.3537578070163,nan,1054.3106689453125,nan,nan
47,84,131,-2.833151867389679,1061.5250463986397,nan,1058.69189453125,nan,nan
47,85,132,-2.2048826849460603,1063.4648924505711,nan,1061.260009765625,nan,nan
47,86,133,-1.8896671545505523,1067.180804849863,nan,1065.2911376953125,nan,nan
48,44,92,-1.6214645904302598,729.5048264068365,nan,727.8833618164062,nan,nan
48,45,93,-2.0487379014492033,744.3669141709804,nan,742.3181762695312,nan,nan
48,46,94,-2.9383704710006713,761.8799598264694,nan,758.9415893554688,nan,nan
48,47,95,-3.849345021247864,776.3577678728103,nan,772.5084228515625,nan,nan
48,48,96,-5.0449850726127625,793.2946798968316,nan,788.2496948242188,nan,nan
48,85,133,-3.0980315828323364,1080.2408538484574,nan,1077.142822265625,nan,nan
48,86,134,-2.7373546457290647,1084.474171051979,nan,1081.73681640625,nan,nan
48,87,135,-2.8495218575000765,1086.8843118965626,nan,1084.0347900390625,nan,nan
49,46,95,-3.7921554815769194,760.0762741339207,nan,756.2841186523438,nan,nan
49,47,96,-4.937093768119812,775.5439663267135,nan,770.6068725585938,nan,nan
49,48,97,-6.334748923778534,792.815828025341,nan,786.4810791015625,nan,nan
49,49,98,-7.464039371013642,807.4337659335137,nan,799.9697265625,nan,nan
49,84,133,-5.9557378339767455,1093.0006597089769,nan,1087.044921875,nan,nan
49,85,134,-4.831960606575012,1095.0724391222,nan,1090.240478515625,nan,nan
49,86,135,-3.8938431656360626,1098.792280665636,nan,1094.8984375,nan,nan
49,87,136,-3.5867859292030335,1101.3378845620155,nan,1097.7510986328125,nan,nan
49,88,137,-3.112281517982483,1105.173438744545,nan,1102.0611572265625,nan,nan
50,47,97,-6.465150518417358,776.5412003231048,nan,770.0760498046875,nan,nan
50,48,98,-7.819129672050476,794.5177991056443,nan,786.6986694335938,nan,nan
50,49,99,-8.88494818687439,809.2020258235931,nan,800.3170776367188,nan,nan
50,53,103,-5.607821888923645,859.2596773576737,nan,853.65185546875,nan,nan
50,86,136,-4.619430377483368,1114.586837604046,nan,1109.9674072265625,nan,nan
50,87,137,-3.7408295953273774,1116.6241303765773,nan,1112.88330078125,nan,nan
50,88,138,-2.7690081655979157,1120.5137591421603,nan,1117.7447509765625,nan,nan
50,89,139,-1.8877903461456298,1122.2153049945832,nan,1120.3275146484375,nan,nan
50,90,140,-0.7861037757992745,1125.6321731117368,nan,1124.8460693359375,nan,nan
51,48,99,-8.666873831748962,792.434940237999,nan,783.76806640625,nan,nan
51,49,100,-9.312220101356507,807.4316048669815,nan,798.119384765625,nan,nan
51,50,101,-9.37860324859619,823.3963034439087,nan,814.0177001953125,nan,nan
51,51,102,-7.918388891220093,835.4815602779388,nan,827.5631713867188,nan,nan
51,52,103,-6.292878034114838,848.1789253973961,nan,841.8860473632812,nan,nan
51,53,104,-4.924347474575042,858.8382268691063,nan,853.9138793945312,nan,nan
51,87,138,-3.2125069415569305,1128.487653425932,nan,1125.275146484375,nan,nan
51,88,139,-2.035240715146065,1132.2343373948336,nan,1130.1990966796875,nan,nan
51,89,140,-1.2167739376425744,1134.54233546108,nan,1133.3255615234375,nan,nan
51,90,141,-0.26269234143197534,1138.1663788648696,nan,1137.9036865234375,nan,nan
51,91,142,0.4636514358967543,1140.2380087203533,nan,1140.70166015625,nan,nan
52,48,100,-9.033645243644715,791.8450466108322,nan,782.8114013671875,nan,nan
52,49,101,-9.115078792572021,806.4044464683533,nan,797.2893676757812,nan,nan
52,50,102,-8.583021755218505,822.4965959739685,nan,813.91357421875,nan,nan
52,51,103,-6.764133031368256,834.3469577383995,nan,827.5828247070312,nan,nan
52,55,107,-2.5588851773738863,883.8129745328426,nan,881.2540893554688,nan,nan
52,89,141,-0.43295879051089287,1148.1662351576983,nan,1147.7332763671875,nan,nan
52,90,142,0.4546109610795975,1152.3975618904828,nan,1152.8521728515625,nan,nan
52,91,143,1.1920378708839416,1154.516946504116,nan,1155.708984375,nan,nan
52,92,144,2.2137003791332246,1158.2734822380544,nan,1160.4871826171875,nan,nan
52,93,145,3.324360809326172,1159.7004194641113,nan,1163.0247802734375,nan,nan
52,94,146,3.9065138161182404,1163.5678514182569,nan,1167.474365234375,nan,nan
53,50,103,-7.3052470707893375,818.0139262700081,nan,810.7086791992188,nan,nan
53,51,104,-5.488163132667541,830.5774575662613,nan,825.0892944335938,nan,nan
53,52,105,-4.052210239171981,845.0645393407344,nan,841.0123291015625,nan,nan
53,53,106,-2.9658766520023345,857.579341007471,nan,854.6134643554688,nan,nan
53,54,107,-2.354434198141098,871.3662139832974,nan,869.0117797851562,nan,nan
53,55,108,-1.680213178396225,882.8228523385525,nan,881.1426391601562,nan,nan
53,90,143,0.9077423229813576,1163.7150604113936,nan,1164.622802734375,nan,nan
53,91,144,1.7099563521146774,1166.3029831010103,nan,1168.012939453125,nan,nan
53,92,145,2.6700967729091643,1170.1791463911534,nan,1172.8492431640625,nan,nan
53,93,146,3.4081311190128325,1172.5047106778622,nan,1175.912841796875,nan,nan
53,94,147,3.9894246113300325,1176.4284220683576,nan,1180.4178466796875,nan,nan
53,95,148,4.299658709764481,1178.8668451964854,nan,1183.16650390625,nan,nan
54,50,104,-6.550794770717621,816.0095960402489,nan,809.4588012695312,nan,nan
54,51,105,-4.411284209489822,828.3716113579273,nan,823.9603271484375,nan,nan
54,52,106,-3.2074631702899934,843.7956589710712,nan,840.5881958007812,nan,nan
54,53,107,-2.3423327445983886,856.6498278617859,nan,854.3074951171875,nan,nan
54,57,111,-0.14087985577061773,908.4434921604582,nan,908.3026123046875,nan,nan
54,93,147,3.616307855844498,1186.592066167593,nan,1190.2083740234375,nan,nan
54,94,148,4.139645390510559,1191.0970489454269,nan,1195.2366943359375,nan,nan
54,95,149,4.460662574768066,1193.5794985580444,nan,1198.0401611328125,nan,nan
54,96,150,4.745218722820282,1197.9966025662422,nan,1202.7418212890625,nan,nan
55,52,107,-2.428397380113602,839.5366127121448,nan,837.1082153320312,nan,nan
55,53,108,-1.778094772696495,853.2968325656652,nan,851.5187377929688,nan,nan
55,54,109,-1.2754956096410752,868.7424755901098,nan,867.4669799804688,nan,nan
55,55,110,-0.6000890471041203,881.7227086760104,nan,881.1226196289062,nan,nan
55,56,111,-0.16699687039479613,895.760563764926,nan,895.5935668945312,nan,nan
55,57,112,0.4897664071619511,907.3336588858068,nan,907.8234252929688,nan,nan
55,60,115,1.520711681842804,944.7279455447197,nan,946.2486572265625,nan,nan
55,61,116,1.9328792774677277,955.2427188670636,nan,957.1755981445312,nan,nan
55,94,149,4.056300941705704,1202.8692361676692,nan,1206.925537109375,nan,nan
55,95,150,4.370409905910492,1205.8749514222145,nan,1210.245361328125,nan,nan
55,96,151,4.649076602458954,1210.352144100666,nan,1215.001220703125,nan,nan
55,97,152,4.710252993106842,1213.297559506893,nan,1218.0078125,nan,nan
56,52,108,-2.024566807150841,837.5896302837133,nan,835.5650634765625,nan,nan
56,53,109,-1.605725154876709,851.6969116783142,nan,850.0911865234375,nan,nan
56,54,110,-1.122547686100006,867.8470349907875,nan,866.7244873046875,nan,nan
56,55,111,-0.24649674585089087,880.7396608083509,nan,880.4931640625,nan,nan
56,56,112,0.14691691474989058,896.2094673625938,nan,896.3563842773438,nan,nan
56,57,113,0.736134925186634,907.9603982779383,nan,908.696533203125,nan,nan
56,59,115,1.422484691143036,933.378052418232,nan,934.800537109375,nan,nan
56,60,116,1.3377660846710204,947.2141137981415,nan,948.5518798828125,nan,nan
56,62,118,1.6734784692525864,971.0093218237162,nan,972.6828002929688,nan,nan
56,95,151,4.146635953187943,1219.705414828062,nan,1223.85205078125,nan,nan
56,96,152,4.477796938419342,1224.6437850928307,nan,1229.12158203125,nan,nan
56,97,153,4.552252888679504,1227.6293877363205,nan,1232.181640625,nan,nan
56,98,154,4.7011923122406,1232.4255166721343,nan,1237.126708984375,nan,nan
56,99,155,4.667301142215729,1235.2142906546592,nan,1239.881591796875,nan,nan
57,56,113,0.7813908302783966,892.6023371970654,nan,893.3837280273438,nan,nan
57,57,114,1.1981913197040557,905.8946431529522,nan,907.0928344726562,nan,nan
57,58,115,1.308181585073471,920.3256074774265,nan,921.6337890625,nan,nan
57,59,116,1.6092318856716157,932.3495693838596,nan,933.9588012695312,nan,nan
57,60,117,1.5196975952386855,946.2955489867926,nan,947.8152465820312,nan,nan
57,61,118,1.836217809319496,957.6554203742743,nan,959.4916381835938,nan,nan
57,62,119,1.8273545187711715,970.8661269265414,nan,972.6934814453125,nan,nan
57,63,120,2.14318903028965,981.6059564775228,nan,983.7491455078125,nan,nan
57,64,121,2.0526456344127655,994.271756221056,nan,996.3244018554688,nan,nan
57,65,122,2.2079422700405122,1004.577824331522,nan,1006.7857666015625,nan,nan
57,66,123,2.050441693663597,1016.7104225641489,nan,1018.7608642578125,nan,nan
57,96,153,3.897252924442291,1236.2608281302453,nan,1240.1580810546875,nan,nan
57,97,154,4.012861734628677,1239.712357991934,nan,1243.7252197265625,nan,nan
57,98,155,4.318230313062668,1244.4049142181873,nan,1248.72314453125,nan,nan
57,99,156,4.323440660238266,1247.6553191053868,nan,1251.978759765625,nan,nan
57,100,157,4.43114988565445,1252.2293725752832,nan,1256.6605224609375,nan,nan
58,56,114,1.0377626669406892,891.2870053994656,nan,892.3247680664062,nan,nan
58,57,115,1.225986407995224,904.9161034357547,nan,906.14208984375,nan,nan
58,58,116,1.216041430234909,920.8198472416401,nan,922.035888671875,nan,nan
58,59,117,1.4806683605909348,932.9858843737841,nan,934.466552734375,nan,nan
58,60,118,1.3619856661558152,947.6096940213442,nan,948.9716796875,nan,nan
58,61,119,1.6890928560495377,959.0618837064504,nan,960.7509765625,nan,nan
58,62,120,1.6758554327487944,972.9167348992825,nan,974.5925903320312,nan,nan
58,63,121,2.0220555740594865,983.7264185470343,nan,985.7484741210938,nan,nan
58,64,122,1.8302857738733291,997.1244871753454,nan,998.9547729492188,nan,nan
58,65,123,1.9480864042043686,1007.5654634004832,nan,1009.5135498046875,nan,nan
58,66,124,1.8011238235235214,1020.3100211960077,nan,1022.1111450195312,nan,nan
58,67,125,1.9574095630645751,1030.1401246166229,nan,1032.0975341796875,nan,nan
58,96,154,3.4619589364528656,1249.5803994619846,nan,1253.0423583984375,nan,nan
58,98,156,3.9364251327514648,1258.2300787734985,nan,1262.16650390625,nan,nan
58,99,157,3.9939587891101835,1261.4805285155774,nan,1265.4744873046875,nan,nan
58,100,158,4.2090346157550815,1266.4455063998698,nan,1270.654541015625,nan,nan
58,101,159,4.13332874417305,1269.5257288730145,nan,1273.6590576171875,nan,nan
58,102,160,4.18436395406723,1274.3427356553077,nan,1278.527099609375,nan,nan
59,65,124,1.958562513589859,1007.8039496934414,nan,1009.7625122070312,nan,nan
59,66,125,1.8282269698381424,1020.6273394364118,nan,1022.45556640625,nan,nan
59,67,126,1.9509080678224564,1031.1032911509276,nan,1033.05419921875,nan,nan
59,68,127,1.8781672459840775,1043.2825993555784,nan,1045.1607666015625,nan,nan
59,99,158,3.1221904408931733,1273.253786121607,nan,1276.3759765625,nan,nan
59,100,159,3.573849629163742,1278.0338163864612,nan,1281.607666015625,nan,nan
59,101,160,3.5556820571422576,1281.5485659897327,nan,1285.104248046875,nan,nan
59,102,161,3.726312685012817,1286.2954158306122,nan,1290.021728515625,nan,nan
60,66,126,1.6103546822071075,1023.0592009818554,nan,1024.6695556640625,nan,nan
60,67,127,1.7324781650304795,1033.6293382412196,nan,1035.36181640625,nan,nan
60,68,128,1.6464841479063035,1046.4294435864688,nan,1048.075927734375,nan,nan
60,69,129,1.80220954477787,1056.406286548972,nan,1058.20849609375,nan,nan
60,101,161,3.1833298635482787,1294.7586867380141,nan,1297.9420166015625,nan,nan
60,102,162,3.460380082130432,1299.8887410116195,nan,1303.34912109375,nan,nan
60,103,163,3.369940721988678,1303.2250299811362,nan,1306.594970703125,nan,nan
60,104,164,3.495914182662964,1308.1963465595245,nan,1311.6922607421875,nan,nan
61,67,128,1.728822329044342,1033.4910263037682,nan,1035.2198486328125,nan,nan
61,68,129,1.6500224161148072,1046.3758564901352,nan,1048.02587890625,nan,nan
61,69,130,1.7768599849939346,1056.9793656009435,nan,1058.7562255859375,nan,nan
61,70,131,1.7402362358570098,1069.2486553657054,nan,1070.9888916015625,nan,nan
61,71,132,1.9346379148960113,1079.239434350729,nan,1081.174072265625,nan,nan
61,101,162,2.376865381002426,1305.842739111185,nan,1308.2196044921875,nan,nan
61,102,163,2.8583213794231415,1310.8189247143268,nan,1313.67724609375,nan,nan
61,103,164,2.878024423122406,1314.52883592844,nan,1317.4068603515625,nan,nan
61,104,165,3.210219190120697,1319.342148973942,nan,1322.5523681640625,nan,nan
62,68,130,1.5297776901721953,1048.3013990676402,nan,1049.8311767578125,nan,nan
62,69,131,1.6656007540225983,1058.98588850379,nan,1060.6514892578125,nan,nan
62,70,132,1.6039628499746323,1071.8738203531504,nan,1073.477783203125,nan,nan
62,71,133,1.7662835693359376,1081.9842047119141,nan,1083.75048828125,nan,nan
62,72,134,1.6865570276975632,1094.331631448865,nan,1096.0181884765625,nan,nan
62,103,165,2.694406088590622,1326.910940591097,nan,1329.6053466796875,nan,nan
62,104,166,3.134151827096939,1332.0981479775905,nan,1335.2322998046875,nan,nan
62,105,167,3.2015058851242064,1335.5102861070634,nan,1338.7117919921875,nan,nan
62,106,168,3.490089675188065,1340.540672043562,nan,1344.03076171875,nan,nan
63,70,133,1.6631970435380936,1071.3767199486495,nan,1073.0399169921875,nan,nan
63,71,134,1.8278133374452592,1082.0689151781799,nan,1083.896728515625,nan,nan
63,72,135,1.8114484506845474,1094.4390398305654,nan,1096.25048828125,nan,nan
63,73,136,2.0211154943704606,1104.552492904067,nan,1106.5736083984375,nan,nan
63,103,166,1.928181808590889,1337.3480633085967,nan,1339.2762451171875,nan,nan
63,104,167,2.547445219755173,1342.4050694286823,nan,1344.9525146484375,nan,nan
63,105,168,2.67679074883461,1346.2308020246028,nan,1348.9075927734375,nan,nan
63,106,169,3.0713329339027404,1351.2024707770347,nan,1354.2738037109375,nan,nan
64,71,135,1.7577460008859633,1083.629461030364,nan,1085.38720703125,nan,nan
64,72,136,1.7069375920295715,1096.6141073298454,nan,1098.321044921875,nan,nan
64,73,137,1.867467516064644,1106.8610481089354,nan,1108.728515625,nan,nan
64,74,138,1.6272921061515808,1119.488552620411,nan,1121.1158447265625,nan,nan
64,75,139,1.7023833459615707,1129.3049408727884,nan,1131.00732421875,nan,nan
64,105,169,2.4005982291698458,1358.0838988411426,nan,1360.4844970703125,nan,nan
64,106,170,2.7880264103412626,1363.5360702693463,nan,1366.3240966796875,nan,nan
65,72,137,1.8330427265167237,1095.6686662578584,nan,1097.501708984375,nan,nan
65,73,138,1.9758951836824417,1106.5045735663175,nan,1108.48046875,nan,nan
65,74,139,1.8171621638536453,1119.1333993595838,nan,1120.9505615234375,nan,nan
65,104,169,1.4864955186843871,1363.601273036003,nan,1365.0877685546875,nan,nan
65,105,170,1.4293992310762405,1368.1352980345487,nan,1369.564697265625,nan,nan
65,106,171,1.7570892143249512,1373.6953033638001,nan,1375.452392578125,nan,nan
66,73,139,1.829493442773819,1107.7433825337887,nan,1109.5728759765625,nan,nan
66,74,140,1.624562262892723,1120.9857892996072,nan,1122.6103515625,nan,nan
66,75,141,1.6561208456754684,1131.491462162137,nan,1133.1475830078125,nan,nan
66,76,142,1.1986834388971328,1144.4512189048528,nan,1145.64990234375,nan,nan
66,104,170,1.3813241636753082,1374.1101309144497,nan,1375.491455078125,nan,nan
66,105,171,1.2034782212972641,1378.8144661146403,nan,1380.0179443359375,nan,nan
66,106,172,1.623284993171692,1384.7531798505784,nan,1386.37646484375,nan,nan
67,73,140,1.9026934331655503,1106.3934491449595,nan,1108.296142578125,nan,nan
67,74,141,1.6757787996530533,1119.739748544097,nan,1121.41552734375,nan,nan
67,75,142,1.6916096556186675,1130.8202311646937,nan,1132.5118408203125,nan,nan
67,76,143,1.323579871058464,1143.770292199254,nan,1145.0938720703125,nan,nan
67,105,172,0.5674325594305992,1387.4407461515068,nan,1388.0081787109375,nan,nan
67,106,173,0.940768301486969,1393.4748811125755,nan,1394.4156494140625,nan,nan
67,107,174,0.7690137252211571,1398.3331591263413,nan,1399.1021728515625,nan,nan
67,108,175,1.2460452598333358,1403.948656888604,nan,1405.1947021484375,nan,nan
67,109,176,0.9852038815617561,1408.5948742434382,nan,1409.580078125,nan,nan
68,75,143,1.2523409235477447,1131.9604276311397,nan,1133.2127685546875,nan,nan
68,76,144,0.8829032039642334,1145.4671944522859,nan,1146.35009765625,nan,nan
68,77,145,0.8319607257843018,1156.1803683757782,nan,1157.0123291015625,nan,nan
68,105,173,0.5538494299352169,1396.8099201013147,nan,1397.36376953125,nan,nan
68,106,174,1.0180962765216828,1403.2212836062909,nan,1404.2393798828125,nan,nan
68,107,175,0.8380773773789406,1408.1361657866835,nan,1408.9742431640625,nan,nan
68,108,176,1.3369823980331421,1414.1929248285294,nan,1415.5299072265625,nan,nan
68,109,177,1.1164385762810707,1418.8453534159064,nan,1419.9617919921875,nan,nan
68,110,178,1.593448864221573,1424.613460315466,nan,1426.2069091796875,nan,nan
69,75,144,1.1809074103832244,1130.3879402458667,nan,1131.56884765625,nan,nan
69,76,145,0.8820341235399246,1143.9032441967727,nan,1144.7852783203125,nan,nan
69,77,146,0.8017016077041625,1155.1931714391708,nan,1155.994873046875,nan,nan
69,80,149,-0.973767024576664,1192.5479857745768,nan,1191.57421875,nan,nan
69,81,150,-1.633646686077118,1203.4303996157646,nan,1201.7967529296875,nan,nan
69,108,177,0.8123609521985053,1422.2025316259264,nan,1423.014892578125,nan,nan
69,109,178,0.6807809886336327,1427.2238820973039,nan,1427.9046630859375,nan,nan
69,110,179,1.112774159014225,1433.0829045519233,nan,1434.1956787109375,nan,nan
69,111,180,1.0070165002346039,1437.779482523203,nan,1438.7864990234375,nan,nan
69,112,181,1.7080333864688872,1443.0662586057185,nan,1444.7742919921875,nan,nan
69,113,182,1.7395681291818619,1447.3352609723806,nan,1449.0748291015625,nan,nan
69,114,183,2.300467603802681,1452.4674767321349,nan,1454.7679443359375,nan,nan
70,76,146,0.4891250614821911,1144.5340682978929,nan,1145.023193359375,nan,nan
70,77,147,0.4076388626545668,1155.9029080123455,nan,1156.310546875,nan,nan
70,78,148,-0.22519421812146903,1169.769505741559,nan,1169.5443115234375,nan,nan
70,79,149,-0.5324409650266171,1180.859711472839,nan,1180.3272705078125,nan,nan
70,80,150,-1.5221298462152482,1194.5691269165277,nan,1193.0469970703125,nan,nan
70,83,153,-1.7057387048006059,1227.0985609704255,nan,1225.392822265625,nan,nan
70,109,179,0.7588905972242356,1436.4509482699632,nan,1437.2098388671875,nan,nan
70,110,180,1.3225305199623107,1442.6341345191001,nan,1443.9566650390625,nan,nan
70,111,181,1.1944873821735382,1447.3982860553265,nan,1448.5927734375,nan,nan
70,112,182,1.8180764359235764,1453.2134177047014,nan,1455.031494140625,nan,nan
70,113,183,1.815524850487709,1457.5602075713873,nan,1459.375732421875,nan,nan
70,114,184,2.3675930869579314,1463.1475436317921,nan,1465.51513671875,nan,nan
70,115,185,2.3428612780570983,1467.2328223156928,nan,1469.57568359375,nan,nan
70,116,186,2.6190750086307526,1472.8052413976193,nan,1475.42431640625,nan,nan
71,76,147,0.5083374334871769,1141.9668822930753,nan,1142.4752197265625,nan,nan
71,77,148,0.4204071345180273,1153.884280365482,nan,1154.3046875,nan,nan
71,78,149,-0.30356724716722966,1167.9183133409172,nan,1167.61474609375,nan,nan
71,79,150,-0.8040689480304718,1179.7380289089679,nan,1178.9339599609375,nan,nan
71,80,151,-1.818862116932869,1193.5470115309954,nan,1191.7281494140625,nan,nan
71,81,152,-2.4463164126873016,1205.0008818423748,nan,1202.5545654296875,nan,nan
71,83,154,-1.914002760052681,1227.1149304944277,nan,1225.200927734375,nan,nan
71,111,182,0.7104917940497398,1455.2766908231379,nan,1455.9871826171875,nan,nan
71,113,184,1.345417600274086,1465.915568727851,nan,1467.260986328125,nan,nan
71,114,185,1.9739713913202286,1471.4695100539923,nan,1473.4434814453125,nan,nan
71,115,186,1.9878808587789536,1475.9575537115336,nan,1477.9454345703125,nan,nan
71,116,187,2.2848536413908005,1481.5505955773592,nan,1483.83544921875,nan,nan
72,79,151,-1.5392203861474991,1180.409215503335,nan,1178.8699951171875,nan,nan
72,80,152,-2.4084419524669647,1194.605463436842,nan,1192.197021484375,nan,nan
72,81,153,-3.0515599286556245,1206.1479954755307,nan,1203.096435546875,nan,nan
72,82,154,-3.5424462163448336,1219.4618798100948,nan,1215.91943359375,nan,nan
72,83,155,-2.583100814819336,1228.9242873382568,nan,1226.3411865234375,nan,nan
72,85,157,-0.8555550545454025,1249.4925179451704,nan,1248.636962890625,nan,nan
72,115,187,1.7662138795852662,1485.9102997922898,nan,1487.676513671875,nan,nan
72,116,188,2.032842343449593,1491.9732611721754,nan,1494.006103515625,nan,nan
72,117,189,1.8700383186340332,1496.3988825798035,nan,1498.2689208984375,nan,nan
72,118,190,1.8598347836732865,1502.4497355288267,nan,1504.3095703125,nan,nan
72,119,191,1.553213569521904,1506.7451262742281,nan,1508.29833984375,nan,nan
73,80,153,-2.6522464215755464,1192.560083335638,nan,1189.9078369140625,nan,nan
73,81,154,-3.4428340780735014,1204.775719820261,nan,1201.3328857421875,nan,nan
73,82,155,-3.978714247941971,1218.2063753807545,nan,1214.2276611328125,nan,nan
73,83,156,-3.0775087380409243,1228.2468202614784,nan,1225.1693115234375,nan,nan
73,85,158,-1.1871372443437576,1249.2365757209063,nan,1248.0494384765625,nan,nan
73,115,188,0.9194214016199111,1494.09864500463,nan,1495.01806640625,nan,nan
73,116,189,1.1663102972507478,1500.2233381402493,nan,1501.3896484375,nan,nan
73,117,190,1.075079374909401,1505.0122008985281,nan,1506.0872802734375,nan,nan
73,118,191,1.1755011200904846,1510.9929559111595,nan,1512.16845703125,nan,nan
73,119,192,0.8639230450987816,1515.7238455095887,nan,1516.5877685546875,nan,nan
73,120,193,0.5461802715063095,1521.8402943378687,nan,1522.386474609375,nan,nan
74,82,156,-4.687244248390198,1218.9992559671402,nan,1214.31201171875,nan,nan
74,83,157,-3.9367132782936096,1229.2609320282936,nan,1225.32421875,nan,nan
74,84,158,-2.988958538770676,1241.2359067809582,nan,1238.2469482421875,nan,nan
74,85,159,-1.977940736413002,1250.767979798913,nan,1248.7900390625,nan,nan
74,87,161,-0.6272900688648224,1271.9510205376148,nan,1271.32373046875,nan,nan
74,115,189,0.3208509828150272,1503.392527923435,nan,1503.71337890625,nan,nan
74,118,192,0.38646317906677724,1521.3894157271832,nan,1521.77587890625,nan,nan
74,119,193,0.16210154310800134,1526.073005878767,nan,1526.235107421875,nan,nan
74,120,194,-0.15067899602930993,1532.6132034100917,nan,1532.4625244140625,nan,nan
74,121,195,-0.7458975532650948,1537.3954336860777,nan,1536.6495361328125,nan,nan
74,122,196,-1.4176008480787277,1544.0155012387038,nan,1542.597900390625,nan,nan
75,82,157,-5.13913491487503,1216.8069815945626,nan,1211.6678466796875,nan,nan
75,83,158,-4.287260488271714,1227.4828171288966,nan,1223.195556640625,nan,nan
75,84,159,-3.430795228481293,1239.6184172987937,nan,1236.1876220703125,nan,nan
75,85,160,-2.506519405841827,1249.7473641324043,nan,1247.2408447265625,nan,nan
75,87,162,-1.0203925347328187,1271.3673163628578,nan,1270.346923828125,nan,nan
75,119,194,-0.8907161557674408,1534.4051204526424,nan,1533.514404296875,nan,nan
75,120,195,-1.1204083773493767,1540.9017804476618,nan,1539.7813720703125,nan,nan
75,121,196,-1.4885536897182465,1545.8812538850307,nan,1544.3927001953125,nan,nan
75,122,197,-1.8475055795907975,1552.2266559702157,nan,1550.379150390625,nan,nan
75,123,198,-2.4480500864982604,1557.1693635630609,nan,1554.7213134765625,nan,nan
75,124,199,-3.0982407104969023,1563.5326889526843,nan,1560.4344482421875,nan,nan
76,84,160,-3.9482607686519624,1239.8412051045896,nan,1235.8929443359375,nan,nan
76,85,161,-3.250825878381729,1250.2652301752566,nan,1247.014404296875,nan,nan
76,86,162,-2.5505137753486635,1262.5842051815987,nan,1260.03369140625,nan,nan
76,87,163,-1.7854347956180572,1272.4796486628056,nan,1270.6942138671875,nan,nan
76,89,165,-0.565024848729372,1294.0232768018543,nan,1293.458251953125,nan,nan
76,121,197,-2.279686325788498,1555.7682117164136,nan,1553.488525390625,nan,nan
76,122,198,-2.537362241744995,1562.434823179245,nan,1559.8974609375,nan,nan
76,123,199,-3.0348917233943937,1567.3122354733944,nan,1564.27734375,nan,nan
76,124,200,-3.488635013103485,1573.897692630291,nan,1570.4090576171875,nan,nan
76,125,201,-4.238295911550522,1578.763808606863,nan,1574.5255126953125,nan,nan
76,126,202,-4.813623135089874,1585.2007080960275,nan,1580.3870849609375,nan,nan
77,84,161,-4.120093975067139,1237.0185314750672,nan,1232.8984375,nan,nan
77,85,162,-3.477041916847229,1248.0026766824722,nan,1244.525634765625,nan,nan
77,86,163,-2.8356344735622407,1260.4475729501248,nan,1257.6119384765625,nan,nan
77,87,164,-2.1537124544382094,1270.9267837435007,nan,1268.7730712890625,nan,nan
77,88,165,-1.6625177550315857,1283.050579278469,nan,1281.3880615234375,nan,nan
77,89,166,-0.8965107691287995,1292.9945332300663,nan,1292.0980224609375,nan,nan
77,121,198,-3.366616849899292,1563.6068512248994,nan,1560.240234375,nan,nan
77,123,200,-4.100234931707382,1575.5861968457698,nan,1571.4859619140625,nan,nan
77,124,201,-4.483974008560181,1582.1388812351227,nan,1577.6549072265625,nan,nan
77,125,202,-5.066181063652039,1587.2518500089645,nan,1582.1856689453125,nan,nan
77,126,203,-5.364244699478149,1593.4473745822906,nan,1588.0831298828125,nan,nan
78,86,164,-3.054024463891983,1259.9977500498294,nan,1256.9437255859375,nan,nan
78,87,165,-2.5088429605960845,1270.679741398096,nan,1268.1708984375,nan,nan
78,88,166,-2.1151704883575437,1283.398739824295,nan,1281.2835693359375,nan,nan
78,89,167,-1.5558390432596207,1293.613822441697,nan,1292.0579833984375,nan,nan
78,91,169,-0.38205349490046503,1315.427097440213,nan,1315.0450439453125,nan,nan
78,125,203,-6.102414875030518,1597.297605304718,nan,1591.1951904296875,nan,nan
78,126,204,-6.201954138278961,1603.7072031617165,nan,1597.5052490234375,nan,nan
78,127,205,-5.709218425750732,1607.5203756523133,nan,1601.8111572265625,nan,nan
78,128,206,-4.385725219249725,1612.2386304926872,nan,1607.8529052734375,nan,nan
78,129,207,-3.4577274906635282,1615.3612919437885,nan,1611.903564453125,nan,nan
78,130,208,-2.7226510417461394,1620.406488932371,nan,1617.683837890625,nan,nan
79,88,167,-2.34117503285408,1280.8454474937917,nan,1278.5042724609375,nan,nan
79,89,168,-1.8854229462146759,1291.6555645477772,nan,1289.7701416015625,nan,nan
79,90,169,-1.4569729667901994,1303.94183624804,nan,1302.48486328125,nan,nan
79,91,170,-0.7122453498840332,1314.0193742561341,nan,1313.30712890625,nan,nan
79,125,204,-7.574107401371002,1605.4546005654336,nan,1597.8804931640625,nan,nan
79,126,205,-7.2894935488700865,1611.51654433012,nan,1604.22705078125,nan,nan
79,127,206,-6.308842179775238,1615.2502484297752,nan,1608.94140625,nan,nan
79,128,207,-4.8582473516464235,1619.8765578985215,nan,1615.018310546875,nan,nan
79,129,208,-3.8722483849525453,1623.3461253380776,nan,1619.473876953125,nan,nan
79,130,209,-3.052567365169525,1628.3404091620446,nan,1625.287841796875,nan,nan
79,131,210,-2.260379830598831,1631.7513466274738,nan,1629.490966796875,nan,nan
79,132,211,-1.0767434543371202,1636.1254495090245,nan,1635.0487060546875,nan,nan
79,133,212,-0.11053960660006851,1639.1162769112875,nan,1639.0057373046875,nan,nan
79,134,213,0.5628968291170895,1643.750579733383,nan,1644.3134765625,nan,nan
80,88,168,-2.5784171772003175,1280.0459464740752,nan,1277.467529296875,nan,nan
80,89,169,-2.287347010374069,1291.084710291624,nan,1288.79736328125,nan,nan
80,90,170,-1.9689571368694305,1303.9696895587444,nan,1302.000732421875,nan,nan
80,91,171,-1.3991384583711624,1314.2846365052462,nan,1312.885498046875,nan,nan
80,93,173,-0.3361836177110672,1336.424806664586,nan,1336.088623046875,nan,nan
80,129,209,-4.683598792552948,1633.0734913706779,nan,1628.389892578125,nan,nan
80,130,210,-3.5555393147468566,1638.1628391194345,nan,1634.6072998046875,nan,nan
80,131,211,-2.6116395175457,1641.4553895175457,nan,1638.84375,nan,nan
80,132,212,-1.5126610666513443,1646.313808527589,nan,1644.8011474609375,nan,nan
80,133,213,-0.5523658716678619,1649.342649074793,nan,1648.790283203125,nan,nan
80,134,214,0.17914467378053814,1654.314873880907,nan,1654.4940185546875,nan,nan
80,135,215,0.6937753581255675,1657.5481680012495,nan,1658.241943359375,nan,nan
81,90,171,-2.273985304236412,1301.142271437049,nan,1298.8682861328125,nan,nan
81,91,172,-1.7573564660549164,1311.993196309805,nan,1310.23583984375,nan,nan
81,92,173,-1.3071302682161332,1324.354249408841,nan,1323.047119140625,nan,nan
81,93,174,-0.5914829213917255,1334.5699985463916,nan,1333.978515625,nan,nan
81,94,175,-0.2884338218718767,1346.6368224937469,nan,1346.348388671875,nan,nan
81,131,212,-3.5095683515071867,1649.3983622968196,nan,1645.8887939453125,nan,nan
81,133,214,-1.2876659429073334,1657.5519481694698,nan,1656.2642822265625,nan,nan
81,134,215,-0.27459036219865085,1662.2743462215738,nan,1661.999755859375,nan,nan
81,135,216,0.5085882344096899,1665.6314264140278,nan,1666.1400146484375,nan,nan
81,136,217,1.4072438424825668,1670.2197092825174,nan,1671.626953125,nan,nan
81,137,218,2.3775995790958406,1673.1507207334041,nan,1675.5283203125,nan,nan
82,90,172,-2.6004174733161927,1300.0683129811287,nan,1297.4678955078125,nan,nan
82,91,173,-2.1387415891885757,1311.036080456376,nan,1308.8973388671875,nan,nan
82,92,174,-1.6161847662925721,1323.8049054694175,nan,1322.188720703125,nan,nan
82,93,175,-0.8835570800304413,1334.064099072218,nan,1333.1805419921875,nan,nan
82,94,176,-0.621818233281374,1346.6479412801564,nan,1346.026123046875,nan,nan
82,95,177,-0.04414722336805425,1356.6375310124306,nan,1356.5933837890625,nan,nan
82,134,216,-0.4767807352542877,1671.6872299540044,nan,1671.21044921875,nan,nan
82,135,217,0.5595137576758862,1674.8226883907616,nan,1675.3822021484375,nan,nan
82,136,218,1.6056900709867477,1679.6543196946382,nan,1681.260009765625,nan,nan
82,137,219,2.586296157836914,1682.6053542327882,nan,1685.191650390625,nan,nan
82,138,220,3.539047907590866,1687.2843163502216,nan,1690.8233642578125,nan,nan
82,139,221,4.65552312374115,1689.8651067590713,nan,1694.5206298828125,nan,nan
82,140,222,5.091511268615722,1694.8207201766968,nan,1699.9122314453125,nan,nan
83,93,176,-0.4805861259996891,1330.6544142509997,nan,1330.173828125,nan,nan
83,94,177,-0.259757152274251,1343.3386145741492,nan,1343.078857421875,nan,nan
83,95,178,0.29389921337366104,1353.822189653814,nan,1354.1160888671875,nan,nan
83,96,179,0.3839456610381603,1366.2030904717744,nan,1366.5870361328125,nan,nan
83,97,180,0.9190528431534767,1376.288832899034,nan,1377.2078857421875,nan,nan
83,98,181,0.8946759161353112,1388.3626483026146,nan,1389.25732421875,nan,nan
83,99,182,1.4446956688165664,1398.0293033546209,nan,1399.4739990234375,nan,nan
83,100,183,1.3197007143497468,1409.7945570981503,nan,1411.1142578125,nan,nan
83,101,184,1.840406358242035,1419.0977039933205,nan,1420.9381103515625,nan,nan
83,102,185,1.6214834946393966,1430.559546778798,nan,1432.1810302734375,nan,nan
83,136,219,2.0555347239971162,1686.1888500416278,nan,1688.244384765625,nan,nan
83,137,220,3.0750938844680786,1689.4882606077194,nan,1692.5633544921875,nan,nan
83,138,221,3.9316719353199003,1694.2934257209301,nan,1698.22509765625,nan,nan
83,139,222,4.700447418689728,1697.6058269953728,nan,1702.3062744140625,nan,nan
83,140,223,5.145817046165466,1702.5807454538344,nan,1707.7265625,nan,nan
83,141,224,5.495823566913605,1706.0799820971488,nan,1711.5758056640625,nan,nan
84,94,178,-0.19736085834912956,1342.0485571474117,nan,1341.8511962890625,nan,nan
84,95,179,0.3316079093515873,1352.615535645336,nan,1352.9471435546875,nan,nan
84,96,180,0.38408552870154383,1365.5014125181735,nan,1365.885498046875,nan,nan
84,97,181,0.8813941317796707,1375.6822045010329,nan,1376.5635986328125,nan,nan
84,98,182,0.8570266258716583,1388.2191452491284,nan,1389.076171875,nan,nan
84,99,183,1.4522218763828278,1397.8962888658048,nan,1399.3485107421875,nan,nan
84,100,184,1.3826059430837632,1410.0649038225413,nan,1411.447509765625,nan,nan
84,101,185,1.7846667057275771,1419.5412610286473,nan,1421.325927734375,nan,nan
84,139,223,4.6838701367378235,1706.7486249804497,nan,1711.4324951171875,nan,nan
84,140,224,5.1478892207145694,1712.0875844120978,nan,1717.2354736328125,nan,nan
84,141,225,5.504818267822266,1715.6083409118653,nan,1721.1131591796875,nan,nan
84,142,226,5.780256102085113,1720.89674585104,nan,1726.677001953125,nan,nan
84,143,227,6.08643869638443,1724.240587670803,nan,1730.3270263671875,nan,nan
84,144,228,6.294623789787292,1729.3627248430253,nan,1735.6573486328125,nan,nan
84,145,229,6.425055537223816,1732.6597833299636,nan,1739.0848388671875,nan,nan
85,100,185,1.9653678542375566,1407.2116340988875,nan,1409.177001953125,nan,nan
85,101,186,2.2001393353939056,1417.3087717974186,nan,1419.5089111328125,nan,nan
85,102,187,2.0932507717609408,1429.1666369235516,nan,1431.2598876953125,nan,nan
85,103,188,2.326976435184479,1438.877735478878,nan,1441.2047119140625,nan,nan
85,104,189,2.1286451506614683,1450.435197622776,nan,1452.5638427734375,nan,nan
85,105,190,2.2623267555236817,1459.8701195335389,nan,1462.1324462890625,nan,nan
85,140,225,5.056891148090362,1719.0634701800345,nan,1724.120361328125,nan,nan
85,141,226,5.4123920679092405,1722.9649272680283,nan,1728.3773193359375,nan,nan
85,142,227,5.696674001216889,1728.2726863503456,nan,1733.9693603515625,nan,nan
85,143,228,5.939828658103943,1732.055532670021,nan,1737.995361328125,nan,nan
85,144,229,6.1550597786903385,1737.197845494747,nan,1743.3529052734375,nan,nan
85,145,230,6.287645297050476,1740.865552945137,nan,1747.1531982421875,nan,nan
85,146,231,6.39783019065857,1745.8835418796539,nan,1752.2813720703125,nan,nan
85,147,232,6.471151850223541,1749.3901762747764,nan,1755.861328125,nan,nan
85,148,233,6.51990040063858,1754.245602529049,nan,1760.7655029296875,nan,nan
86,100,186,1.966473947763443,1406.6460748803615,nan,1408.612548828125,nan,nan
86,101,187,2.111621041893959,1416.886914114356,nan,1418.99853515625,nan,nan
86,102,188,2.0011317175626755,1429.1996739464998,nan,1431.2008056640625,nan,nan
86,103,189,2.23089039683342,1438.9675959312915,nan,1441.198486328125,nan,nan
86,104,190,2.017379685640335,1450.987381056547,nan,1453.0047607421875,nan,nan
86,105,191,2.1011766386032105,1460.5237012910843,nan,1462.6248779296875,nan,nan
86,106,192,1.8153152602910996,1472.230827317834,nan,1474.046142578125,nan,nan
86,144,230,5.860205030441284,1746.8727051258088,nan,1752.73291015625,nan,nan
86,145,231,6.031951310634613,1750.5281072831153,nan,1756.56005859375,nan,nan
86,146,232,6.190248665809631,1755.869687857628,nan,1762.0599365234375,nan,nan
86,147,233,6.296354343891144,1759.3691729998588,nan,1765.66552734375,nan,nan
86,148,234,6.320760657787323,1764.6174717640877,nan,1770.938232421875,nan,nan
87,104,191,2.140189247727394,1448.7240685647726,nan,1450.8642578125,nan,nan
87,105,192,2.1835326427221298,1458.7431030994653,nan,1460.9266357421875,nan,nan
87,106,193,1.9904725939035415,1470.4082090467214,nan,1472.398681640625,nan,nan
87,107,194,2.061034594774246,1480.0289312255381,nan,1482.0899658203125,nan,nan
87,108,195,1.8582912218570709,1491.3278660047054,nan,1493.1861572265625,nan,nan
87,109,196,1.976285930275917,1500.540071491599,nan,1502.516357421875,nan,nan
87,147,234,5.911552362442016,1767.300605840683,nan,1773.212158203125,nan,nan
87,148,235,5.981927495002747,1772.5284484815597,nan,1778.5103759765625,nan,nan
87,149,236,5.992542724609375,1776.2723498535156,nan,1782.264892578125,nan,nan
88,105,193,2.063267786502838,1458.4689587759972,nan,1460.5322265625,nan,nan
88,106,194,1.8873084264993667,1470.557149581313,nan,1472.4444580078125,nan,nan
88,107,195,1.949844081401825,1480.2359469342232,nan,1482.185791015625,nan,nan
88,108,196,1.7487568211555482,1491.9695048975946,nan,1493.71826171875,nan,nan
88,109,197,1.8551131445169449,1501.242054824233,nan,1503.09716796875,nan,nan
88,110,198,1.6016204911470413,1512.6585113447904,nan,1514.2601318359375,nan,nan
88,111,199,1.6549150675535202,1521.6314618855715,nan,1523.286376953125,nan,nan
88,112,200,1.2747776001691817,1532.8148220092057,nan,1534.089599609375,nan,nan
88,147,235,5.481972272396088,1776.6101908135415,nan,1782.0921630859375,nan,nan
88,148,236,5.6352821683883665,1782.1222861909866,nan,1787.757568359375,nan,nan
88,149,237,5.681844470500946,1785.8553869748116,nan,1791.5372314453125,nan,nan
89,108,197,1.9035538268089294,1489.7869979310035,nan,1491.6905517578125,nan,nan
89,109,198,1.9687751883268356,1499.5323234444857,nan,1501.5010986328125,nan,nan
89,110,199,1.7683447778224946,1510.9438134253026,nan,1512.712158203125,nan,nan
89,111,200,1.8373722261190415,1520.328887539506,nan,1522.166259765625,nan,nan
89,112,201,1.5783059859275819,1531.4380514359475,nan,1533.016357421875,nan,nan
89,113,202,1.5580760157108307,1540.5652149999141,nan,1542.123291015625,nan,nan
89,114,203,1.1995512807369233,1551.4222748911382,nan,1552.621826171875,nan,nan
89,115,204,1.0632914692163467,1560.3275776714086,nan,1561.390869140625,nan,nan
89,148,237,5.1268747973442075,1789.3011037182807,nan,1794.427978515625,nan,nan
89,149,238,5.119674112796783,1793.4522253012658,nan,1798.5718994140625,nan,nan
90,111,201,1.74432599902153,1520.6038185322284,nan,1522.34814453125,nan,nan
90,112,202,1.5162603563070298,1532.1078851515056,nan,1533.6241455078125,nan,nan
90,113,203,1.532637244462967,1541.2447065055371,nan,1542.77734375,nan,nan
90,114,204,1.216681028008461,1552.4813170188665,nan,1553.697998046875,nan,nan
90,115,205,1.1836638617515565,1561.328421099186,nan,1562.5120849609375,nan,nan
90,116,206,0.7932844221591949,1572.293385499716,nan,1573.086669921875,nan,nan
90,117,207,0.6294832360744477,1580.940707193613,nan,1581.5701904296875,nan,nan
90,119,209,-0.1287057388573885,1600.0976998794824,nan,1599.968994140625,nan,nan
90,148,238,4.691016025543213,1798.0738765525819,nan,1802.764892578125,nan,nan
90,149,239,4.733759300708771,1802.2008110117913,nan,1806.9345703125,nan,nan
90,150,240,4.822029318809509,1807.939811501503,nan,1812.7618408203125,nan,nan
91,114,205,1.4173767149448395,1550.8169982850552,nan,1552.234375,nan,nan
91,115,206,1.4168138027191162,1560.0494947910308,nan,1561.46630859375,nan,nan
91,116,207,1.1220612242817878,1570.9632659241556,nan,1572.0853271484375,nan,nan
91,117,208,1.0075291493535041,1579.9756251475214,nan,1580.983154296875,nan,nan
91,118,209,0.6049730524420738,1590.6588208928704,nan,1591.2637939453125,nan,nan
91,119,210,0.370979071110487,1599.4649584288895,nan,1599.8359375,nan,nan
91,148,239,4.070929502248764,1804.4774103415011,nan,1808.54833984375,nan,nan
91,149,240,4.215600544214249,1808.8650879323482,nan,1813.0806884765625,nan,nan
91,150,241,4.431640458106995,1814.501953291893,nan,1818.93359375,nan,nan
91,151,242,4.428658602237701,1818.8148716711999,nan,1823.2435302734375,nan,nan
92,116,208,1.0998583209514619,1571.654902421236,nan,1572.7547607421875,nan,nan
92,117,209,1.0697230589389801,1580.6266880738735,nan,1581.6964111328125,nan,nan
92,118,210,0.708112064898014,1591.6814143022896,nan,1592.3895263671875,nan,nan
92,119,211,0.5892848597466945,1600.4151096715034,nan,1601.00439453125,nan,nan
92,120,212,0.20599026069045068,1611.158145481497,nan,1611.3641357421875,nan,nan
92,121,213,0.05988181920372881,1619.6006406417337,nan,1619.6605224609375,nan,nan
92,122,214,-0.3284070982784033,1630.0235975279659,nan,1629.6951904296875,nan,nan
92,125,217,-1.1908795130252838,1656.2718121302128,nan,1655.0809326171875,nan,nan
92,128,220,0.29063552886247634,1680.6916642758251,nan,1680.9822998046875,nan,nan
92,149,241,3.7765900075435637,1816.7719939768315,nan,1820.548583984375,nan,nan
92,150,242,4.119566578865051,1822.6434949445725,nan,1826.7630615234375,nan,nan
92,151,243,4.20092982172966,1826.8974588501453,nan,1831.098388671875,nan,nan
92,152,244,4.451060032844543,1832.6329243421555,nan,1837.083984375,nan,nan
92,153,245,4.569179048538208,1836.6313824748993,nan,1841.2005615234375,nan,nan
92,154,246,4.741065800189972,1842.221092402935,nan,1846.962158203125,nan,nan
93,118,211,0.8961397361755371,1590.0999540138246,nan,1590.99609375,nan,nan
93,119,212,0.7775360637903214,1599.2419951862096,nan,1600.01953125,nan,nan
93,120,213,0.4575551027059555,1609.963831616044,nan,1610.42138671875,nan,nan
93,121,214,0.3527497973293066,1618.7699308667331,nan,1619.1226806640625,nan,nan
93,122,215,0.07257042382960208,1629.125793833983,nan,1629.1983642578125,nan,nan
93,123,216,-0.15333743741735817,1637.7390307967923,nan,1637.585693359375,nan,nan
93,124,217,-0.5745689818263053,1647.9177086302639,nan,1647.3431396484375,nan,nan
93,125,218,-0.6441314266622067,1656.0682036922872,nan,1655.424072265625,nan,nan
93,128,221,0.812136995792389,1680.9847380042077,nan,1681.796875,nan,nan
93,150,243,3.46078137755394,1828.600253778696,nan,1832.06103515625,nan,nan
93,151,244,3.6462411665916443,1833.1086416459084,nan,1836.7548828125,nan,nan
93,152,245,4.049465347528457,1838.7161596524716,nan,1842.765625,nan,nan
93,153,246,4.246511030197143,1842.991526079178,nan,1847.238037109375,nan,nan
93,154,247,4.45652770280838,1848.567276008129,nan,1853.0238037109375,nan,nan
94,121,215,0.42363859169185164,1619.4586856270582,nan,1619.88232421875,nan,nan
94,122,216,0.17818180337548256,1630.1831463216245,nan,1630.361328125,nan,nan
94,123,217,-0.028793238275684415,1638.8178557382757,nan,1638.7890625,nan,nan
94,124,218,-0.379629679992795,1649.3261628831178,nan,1648.946533203125,nan,nan
94,125,219,-0.3490320777893066,1657.415804538727,nan,1657.0667724609375,nan,nan
94,126,220,-0.226663881004788,1667.1371863419422,nan,1666.9105224609375,nan,nan
94,127,221,0.41646352589130403,1674.3143714350463,nan,1674.7308349609375,nan,nan
94,128,222,0.995868767797947,1683.2723197087646,nan,1684.2681884765625,nan,nan
94,129,223,1.7568702000379561,1690.038784096837,nan,1691.795654296875,nan,nan
94,130,224,2.0668549156188964,1698.9672027015686,nan,1701.0340576171875,nan,nan
94,131,225,2.4148678016662597,1705.8606448936462,nan,1708.2755126953125,nan,nan
94,132,226,2.4602673649787903,1714.7617785334587,nan,1717.2220458984375,nan,nan
94,133,227,2.4929061448574066,1721.6914200270176,nan,1724.184326171875,nan,nan
94,153,247,3.8345548343658447,1850.7590730953216,nan,1854.5936279296875,nan,nan
94,154,248,4.149507650136948,1856.584623209238,nan,1860.734130859375,nan,nan
94,155,249,4.29655070066452,1860.717243244648,nan,1865.0137939453125,nan,nan
94,156,250,4.578039581775665,1866.3533569025994,nan,1870.931396484375,nan,nan
94,157,251,4.677459800243378,1870.320465004444,nan,1874.9979248046875,nan,nan
95,124,219,-0.2206227778736502,1648.2704274653736,nan,1648.0498046875,nan,nan
95,125,220,-0.15711209594272077,1656.7233962756302,nan,1656.5662841796875,nan,nan
95,126,221,0.008437047994229943,1666.4404154910683,nan,1666.4488525390625,nan,nan
95,127,222,0.6397207657992839,1674.0225106795133,nan,1674.6622314453125,nan,nan
95,128,223,1.2256030011177064,1683.0118237566949,nan,1684.2374267578125,nan,nan
95,129,224,1.9497238725423813,1690.2049392133952,nan,1692.1546630859375,nan,nan
95,130,225,2.2459717005491258,1699.1838378697635,nan,1701.4298095703125,nan,nan
95,131,226,2.590821204185486,1706.467162194252,nan,1709.0579833984375,nan,nan
95,132,227,2.592595537900925,1715.4475655949116,nan,1718.0401611328125,nan,nan
95,133,228,2.5711856734752656,1722.8149227249623,nan,1725.3861083984375,nan,nan
95,135,230,2.1628559720516205,1738.989365707636,nan,1741.1522216796875,nan,nan
95,136,231,1.9756119775772094,1747.5929915380477,nan,1749.568603515625,nan,nan
95,137,232,1.667796642780304,1754.7015881228447,nan,1756.369384765625,nan,nan
95,138,233,1.5649663752317429,1762.9474847966433,nan,1764.512451171875,nan,nan
95,139,234,1.2349768477678298,1769.815071980357,nan,1771.050048828125,nan,nan
95,141,236,0.8728524246811866,1784.3335684737563,nan,1785.2064208984375,nan,nan
95,142,237,0.9538333308696747,1791.8676998722553,nan,1792.821533203125,nan,nan
95,151,246,2.279486608505249,1846.2438288211822,nan,1848.5233154296875,nan,nan
95,152,247,2.8273282754421234,1852.0897859823704,nan,1854.9171142578125,nan,nan
95,153,248,3.0717556989192962,1856.6971651995182,nan,1859.7689208984375,nan,nan
95,154,249,3.5901117122173307,1862.3439703190327,nan,1865.93408203125,nan,nan
95,155,250,3.86238916516304,1866.703040522337,nan,1870.5654296875,nan,nan
95,156,251,4.268180017471313,1872.238533849716,nan,1876.5067138671875,nan,nan
95,157,252,4.346821570396424,1876.575663781166,nan,1880.9224853515625,nan,nan
96,132,228,2.5666113615036013,1717.9390038728714,nan,1720.505615234375,nan,nan
96,133,229,2.537860140800476,1725.3489806795121,nan,1727.8868408203125,nan,nan
96,134,230,2.35177564740181,1734.6131901729107,nan,1736.9649658203125,nan,nan
96,135,231,2.1313662731647494,1741.9379696643352,nan,1744.0693359375,nan,nan
96,136,232,1.9312594795227052,1750.9334866142274,nan,1752.86474609375,nan,nan
96,139,235,1.2230934089422225,1773.5647483879327,nan,1774.787841796875,nan,nan
96,156,252,3.883115473985672,1879.8392966353892,nan,1883.722412109375,nan,nan
96,157,253,4.022724312543869,1884.138896781206,nan,1888.16162109375,nan,nan
96,158,254,4.185550793409347,1890.046260730028,nan,1894.2318115234375,nan,nan
97,132,229,2.6214349353313446,1717.8674566662312,nan,1720.4888916015625,nan,nan
97,133,230,2.5516099238395693,1725.700221130848,nan,1728.2518310546875,nan,nan
97,134,231,2.298039005994797,1735.0667070877553,nan,1737.36474609375,nan,nan
97,135,232,2.032677711248398,1742.815100609064,nan,1744.8477783203125,nan,nan
97,136,233,1.817300786972046,1751.8598232364654,nan,1753.6771240234375,nan,nan
97,137,234,1.514139461517334,1759.3727013587952,nan,1760.8868408203125,nan,nan
97,138,235,1.352739748954773,1768.0861030244828,nan,1769.4388427734375,nan,nan
97,139,236,1.0439650058746337,1775.3375047206878,nan,1776.3814697265625,nan,nan
97,140,237,0.923961663544178,1783.7385139223934,nan,1784.6624755859375,nan,nan
97,141,238,0.5907609228789806,1790.7531111474336,nan,1791.3438720703125,nan,nan
97,142,239,0.5606803515553475,1798.799305000007,nan,1799.3599853515625,nan,nan
97,143,240,0.3207679473608732,1805.4652427948267,nan,1805.7860107421875,nan,nan
97,144,241,0.4500792169570923,1813.0930116033553,nan,1813.5430908203125,nan,nan
97,145,242,0.25736597962677477,1819.4618723016233,nan,1819.71923828125,nan,nan
97,155,252,2.664524861574173,1879.4676772868634,nan,1882.1322021484375,nan,nan
97,156,253,3.2449045979976656,1885.2035817301273,nan,1888.448486328125,nan,nan
97,157,254,3.4945266485214233,1889.740946984291,nan,1893.2354736328125,nan,nan
97,158,255,3.7251307654380796,1895.6038487267494,nan,1899.3289794921875,nan,nan
98,135,233,1.9943944132328033,1744.9267481648922,nan,1746.921142578125,nan,nan
98,136,234,1.772869417667389,1754.3548161292076,nan,1756.127685546875,nan,nan
98,137,235,1.5046507954597472,1761.8661988139152,nan,1763.370849609375,nan,nan
98,138,236,1.3788495355844497,1770.918391675353,nan,1772.2972412109375,nan,nan
98,140,238,0.9740606638789177,1786.9507440236212,nan,1787.9248046875,nan,nan
98,141,239,0.6358385010063649,1794.0018568114936,nan,1794.6376953125,nan,nan
98,143,241,0.3424196594953537,1809.1364621764421,nan,1809.4788818359375,nan,nan
98,145,243,0.2296525464206934,1823.5777205004542,nan,1823.807373046875,nan,nan
98,157,255,3.0753371620178225,1896.5425827598572,nan,1899.617919921875,nan,nan
98,158,256,3.4022781145572663,1902.6559494245053,nan,1906.0582275390625,nan,nan
98,159,257,3.4284383177757265,1907.2252482056617,nan,1910.6536865234375,nan,nan
99,137,236,1.4314572143554687,1762.300842590332,nan,1763.7322998046875,nan,nan
99,138,237,1.3149947506189346,1771.3767777103185,nan,1772.6917724609375,nan,nan
99,139,238,1.0283241337537765,1779.0095176631212,nan,1780.037841796875,nan,nan
99,140,239,0.8461257565021515,1787.8764084231852,nan,1788.7225341796875,nan,nan
99,141,240,0.5094238908588886,1795.2941649763286,nan,1795.8035888671875,nan,nan
99,142,241,0.4093334877490997,1803.8100268638134,nan,1804.2193603515625,nan,nan
99,143,242,0.1456424284679815,1810.895617337157,nan,1811.041259765625,nan,nan
99,144,243,0.18887209445238112,1819.0053417727352,nan,1819.1942138671875,nan,nan
99,145,244,-0.06743231336120516,1825.8301276258612,nan,1825.7626953125,nan,nan
99,146,245,0.017612301850458607,1833.640957034087,nan,1833.6585693359375,nan,nan
99,149,248,-0.3424841637164354,1854.0435339684038,nan,1853.7010498046875,nan,nan
99,150,249,-0.05414234106428921,1861.1531413645018,nan,1861.0989990234375,nan,nan
99,151,250,-0.14337261186446995,1867.0827036665519,nan,1866.9393310546875,nan,nan
99,157,256,2.349511957168579,1901.504369878769,nan,1903.8538818359375,nan,nan
99,158,257,2.832644667625427,1907.4853484964372,nan,1910.3179931640625,nan,nan
99,159,258,2.9018349969387054,1912.3556112921237,nan,1915.2574462890625,nan,nan
100,137,237,1.4200556164979934,1763.9643437975644,nan,1765.3843994140625,nan,nan
100,138,238,1.3488846051692962,1773.3675460588931,nan,1774.7164306640625,nan,nan
100,139,239,1.0716982290148735,1781.0235166147352,nan,1782.09521484375,nan,nan
100,140,240,0.8951938182115555,1790.2544643849135,nan,1791.149658203125,nan,nan
100,141,241,0.5570678260922431,1797.7052612754703,nan,1798.2623291015625,nan,nan
100,142,242,0.47136268332600595,1806.573803332299,nan,1807.045166015625,nan,nan
100,143,243,0.19746539004147054,1813.700361758396,nan,1813.8978271484375,nan,nan
100,144,244,0.271282916739583,1822.1436340754478,nan,1822.4149169921875,nan,nan
100,145,245,0.03777972447336651,1828.9754038692765,nan,1829.01318359375,nan,nan
100,147,247,-0.2364096238836646,1843.8561606004462,nan,1843.6197509765625,nan,nan
100,158,258,2.437316677570343,1913.7647096896171,nan,1916.2020263671875,nan,nan
100,159,259,2.4878028726577757,1918.6772361898422,nan,1921.1650390625,nan,nan
101,144,245,0.12808898905292154,1823.061852417197,nan,1823.18994140625,nan,nan
101,145,246,-0.07186389233916998,1830.2211558845268,nan,1830.1492919921875,nan,nan
101,146,247,-0.1382677109632641,1838.5741807969007,nan,1838.4359130859375,nan,nan
101,147,248,-0.515582769960165,1845.6592595277727,nan,1845.1436767578125,nan,nan
101,152,253,-0.44178815439343455,1881.617935615331,nan,1881.1761474609375,nan,nan
101,153,254,-0.3931745607405901,1887.5538190919906,nan,1887.16064453125,nan,nan
101,158,259,1.743197877407074,1917.8933988022804,nan,1919.6365966796875,nan,nan
101,159,260,1.7792225992679596,1923.1632822835445,nan,1924.9425048828125,nan,nan
102,144,246,0.22384075958281754,1825.3617305294797,nan,1825.5855712890625,nan,nan
102,145,247,0.010596936065703631,1832.5644763061218,nan,1832.5750732421875,nan,nan
102,146,248,-0.046847776789218185,1841.2685274642893,nan,1841.2216796875,nan,nan
102,147,249,-0.36253115855157375,1848.3210272523015,nan,1847.95849609375,nan,nan
102,148,250,-0.3499543786048889,1856.697122347355,nan,1856.34716796875,nan,nan
102,149,251,-0.6635113361477852,1863.5005474689603,nan,1862.8370361328125,nan,nan
102,156,258,0.7614011043310165,1911.1964846378564,nan,1911.9578857421875,nan,nan
102,158,260,1.4030868273973465,1923.2850235241651,nan,1924.6881103515625,nan,nan
102,159,261,1.414500550031662,1928.6033217155934,nan,1930.017822265625,nan,nan
103,146,249,-0.18211982716340572,1841.762564163101,nan,1841.5804443359375,nan,nan
103,147,250,-0.5416435104608536,1849.2158378463982,nan,1848.6741943359375,nan,nan
103,148,251,-0.611573661416769,1857.7033705364167,nan,1857.091796875,nan,nan
103,149,252,-0.936490698158741,1864.8722817137837,nan,1863.935791015625,nan,nan
103,154,257,-0.5151946352422238,1901.1644866274298,nan,1900.6492919921875,nan,nan
103,155,258,-0.3796613974869251,1907.1548078818619,nan,1906.775146484375,nan,nan
103,156,259,0.15206227654591203,1914.0586310828292,nan,1914.210693359375,nan,nan
103,157,260,0.317430954053998,1919.789502639696,nan,1920.10693359375,nan,nan
103,158,261,0.7081861627101899,1926.6012620794772,nan,1927.3094482421875,nan,nan
103,159,262,0.7139588305354119,1932.2668761304021,nan,1932.9808349609375,nan,nan
104,148,252,-0.5755488212406635,1860.0242792899908,nan,1859.44873046875,nan,nan
104,149,253,-0.8805278792977334,1867.2018169417977,nan,1866.3212890625,nan,nan
104,150,254,-0.8615353366732598,1875.7001583835483,nan,1874.838623046875,nan,nan
104,151,255,-1.1786867204308509,1882.644507032931,nan,1881.4658203125,nan,nan
104,155,259,-0.5974197143316269,1910.8900222533941,nan,1910.2926025390625,nan,nan
104,156,260,-0.09319672567769885,1918.1668051241152,nan,1918.0736083984375,nan,nan
104,158,262,0.35191888906061647,1931.1884863843768,nan,1931.5404052734375,nan,nan
104,159,263,0.3330307485163212,1936.9030532358586,nan,1937.236083984375,nan,nan
105,148,253,-0.894469473361969,1860.2918083405496,nan,1859.3973388671875,nan,nan
105,149,254,-1.165935866832733,1867.7886165308953,nan,1866.6226806640625,nan,nan
105,150,255,-1.2455292123556136,1876.4137421029807,nan,1875.168212890625,nan,nan
105,151,256,-1.584768025279045,1883.7303979080916,nan,1882.1456298828125,nan,nan
105,155,260,-1.2079991561174392,1912.927115367055,nan,1911.7191162109375,nan,nan
105,156,261,-0.7449323770403862,1920.270689212978,nan,1919.5257568359375,nan,nan
105,157,262,-0.7223856902122497,1926.5123026823996,nan,1925.7899169921875,nan,nan
105,158,263,-0.3495179987698793,1933.7097474909574,nan,1933.3602294921875,nan,nan
105,159,264,-0.5001657213270664,1939.896405955702,nan,1939.396240234375,nan,nan
106,150,256,-1.2960947728157044,1878.3986338353156,nan,1877.1025390625,nan,nan
106,151,257,-1.61228590965271,1885.7201960659027,nan,1884.10791015625,nan,nan
106,152,258,-1.5048228085041047,1894.255799371004,nan,1892.7509765625,nan,nan
106,153,259,-1.6524689191579818,1901.1652863019706,nan,1899.5128173828125,nan,nan
106,157,263,-0.9462667980790138,1929.816872266829,nan,1928.87060546875,nan,nan
106,158,264,-0.56825859233737,1937.3508513657748,nan,1936.7825927734375,nan,nan
106,159,265,-0.7413665370643139,1943.5845061855018,nan,1942.8431396484375,nan,nan
106,160,266,-0.5668600293248892,1951.0881002637,nan,1950.521240234375,nan,nan
107,150,257,-1.6694955444335937,1878.3159799194336,nan,1876.646484375,nan,nan
107,151,258,-1.8585400247573853,1885.8590283060073,nan,1884.00048828125,nan,nan
107,152,259,-1.8063180482387542,1894.4775826966763,nan,1892.6712646484375,nan,nan
107,153,260,-1.960215774178505,1901.7395126491786,nan,1899.779296875,nan,nan
107,156,263,-1.4156363958120346,1924.659777020812,nan,1923.244140625,nan,nan
107,157,264,-1.4788060128688811,1931.3539280831815,nan,1929.8751220703125,nan,nan
107,158,265,-1.1387933453917503,1938.9510492047668,nan,1937.812255859375,nan,nan
107,159,266,-1.2443136623501778,1945.4561056545376,nan,1944.2117919921875,nan,nan
107,160,267,-1.0859001833200455,1953.000206823945,nan,1951.914306640625,nan,nan
108,152,260,-1.7138881820440293,1895.9027309554815,nan,1894.1888427734375,nan,nan
108,153,261,-1.8349921089410781,1903.1592108589412,nan,1901.32421875,nan,nan
108,154,262,-1.5563570684194565,1911.6469332402944,nan,1910.090576171875,nan,nan
108,155,263,-1.6142407321929932,1918.5982495212554,nan,1916.9840087890625,nan,nan
108,159,267,-1.1807397723197937,1948.0428003191948,nan,1946.862060546875,nan,nan
108,160,268,-0.9925612571835518,1955.895027077496,nan,1954.9024658203125,nan,nan
108,161,269,-1.2544319620728492,1962.3537971964479,nan,1961.099365234375,nan,nan
108,162,270,-1.1711671182513237,1970.0785157510638,nan,1968.9073486328125,nan,nan
109,152,261,-1.8495427376031877,1895.1829167610406,nan,1893.3333740234375,nan,nan
109,153,262,-1.9007221686840057,1902.7143208014966,nan,1900.8135986328125,nan,nan
109,154,263,-1.6132970345020294,1911.220230628252,nan,1909.60693359375,nan,nan
109,155,264,-1.6647089660167693,1918.5076044738294,nan,1916.8428955078125,nan,nan
109,156,265,-1.3780679404735565,1926.766617745161,nan,1925.3885498046875,nan,nan
109,158,267,-1.2324752166867257,1941.9205855682492,nan,1940.6881103515625,nan,nan
109,159,268,-1.4136992412805558,1948.8638945537805,nan,1947.4501953125,nan,nan
109,160,269,-1.1966585978865623,1956.7119173869492,nan,1955.5152587890625,nan,nan
109,161,270,-1.4041887676715852,1963.4517961895465,nan,1962.047607421875,nan,nan
109,162,271,-1.2873538187146187,1971.1667483499646,nan,1969.87939453125,nan,nan
110,154,264,-1.297368659377098,1912.010747565627,nan,1910.71337890625,nan,nan
110,155,265,-1.336131666302681,1919.3122058850527,nan,1917.97607421875,nan,nan
110,156,266,-1.0363690286874772,1927.8994061380624,nan,1926.863037109375,nan,nan
110,157,267,-1.1159543406963348,1935.0015744578839,nan,1933.8856201171875,nan,nan
110,158,268,-0.8560092708468438,1943.383597161472,nan,1942.527587890625,nan,nan
110,161,271,-1.115325337946415,1965.3885186973214,nan,1964.273193359375,nan,nan
110,162,272,-1.0105617102980613,1973.4498927649856,nan,1972.4393310546875,nan,nan
111,155,266,-1.314069744348526,1918.381574627161,nan,1917.0675048828125,nan,nan
111,156,267,-0.9784094098210335,1926.9592443707586,nan,1925.9808349609375,nan,nan
111,157,268,-1.0455576956272126,1934.3877207815647,nan,1933.3421630859375,nan,nan
111,158,269,-0.8289580872654915,1942.838601641953,nan,1942.0096435546875,nan,nan
111,159,270,-1.007284385561943,1950.1407072371244,nan,1949.1334228515625,nan,nan
111,160,271,-0.8645255923271179,1958.4244621157645,nan,1957.5599365234375,nan,nan
111,161,272,-1.1037276104092597,1965.5544112041594,nan,1964.45068359375,nan,nan
111,162,273,-1.0138547265529632,1973.6548459374906,nan,1972.6409912109375,nan,nan
112,157,269,-0.8112753662467003,1934.8802450928092,nan,1934.0689697265625,nan,nan
112,158,270,-0.631717704385519,1943.7059364543854,nan,1943.07421875,nan,nan
112,159,271,-0.7820301270484924,1951.0051746582985,nan,1950.22314453125,nan,nan
112,160,272,-0.6543999622762203,1959.6395073841513,nan,1958.985107421875,nan,nan
112,161,273,-0.8756390035152435,1966.7761516988278,nan,1965.9005126953125,nan,nan
112,162,274,-0.7938395668566227,1975.2176676918566,nan,1974.423828125,nan,nan
