Z,N,A,I,I2A,A23,Am13,Ec,Npair,Zm,vp,Nm,vn,Casten,Esh,Edef,Eth
22,37,59,0.2542372881355932,3.8135593220338975,15.155421094002053,0.2568715439661365,112.29137037193556,1,2.0,2.0,2.0,13.0,1.7333333333333334,1.6929,1.5338,484.9541
73,105,178,0.1797752808988764,5.752808988764045,31.6431712450704,0.1777706249723056,906.1200321316222,0,3.0,9.0,4.0,21.0,6.3,-2.5466,10.5521,1429.4965
75,92,167,0.1017964071856287,1.7305389221556886,30.32571022328558,0.1815910791813508,977.7992637410484,1,3.0,7.0,4.0,10.0,4.117647058823529,0.3074,3.8564,1323.8616
77,93,170,0.0941176470588235,1.5058823529411764,30.687813601627905,0.1805165505978112,1025.3407123170175,0,3.0,5.0,4.0,11.0,3.4375,0.3832,3.0807,1334.9979
79,95,174,0.0919540229885057,1.471264367816092,31.167322789559027,0.1791225447675806,1071.757883055379,0,3.0,3.0,4.0,13.0,2.4375,0.7479,2.1567,1356.7265
81,97,178,0.0898876404494382,1.4382022471910112,31.6431712450704,0.1777706249723056,1119.0030377339674,0,3.0,1.0,4.0,15.0,0.9375,1.2344,0.8647,1377.9811
93,135,228,0.1842105263157894,7.736842105263157,37.32128295889665,0.1636898375390204,1363.3355503315763,0,4.0,11.0,5.0,9.0,4.95,-2.7711,5.5032,1734.3185
93,139,232,0.1982758620689655,9.120689655172416,37.75652270956944,0.1627436323688338,1355.454821962502,0,4.0,11.0,5.0,13.0,5.958333333333333,-3.5404,8.7257,1762.4657
101,155,256,0.2109375,11.390625,40.317473596635935,0.1574901312368591,1550.2585087076936,0,4.0,19.0,5.0,29.0,11.479166666666666,-4.2512,13.8427,1899.6625
8,19,27,0.4074074074074074,4.481481481481482,8.999999999999998,0.3333333333333333,17.28,1,1.0,0.0,1.0,1.0,0.0,-7.0883,0.094,164.8337
8,20,28,0.4285714285714285,5.142857142857143,9.220872584116892,0.3293168780041747,17.071786955736425,2,1.0,0.0,2.0,0.0,0.0,-7.7639,0.0126,165.603
8,21,29,0.4482758620689655,5.827586206896552,9.43913067739236,0.3254872647376676,16.873259804000693,1,1.0,0.0,2.0,1.0,0.0,-6.2306,0.3537,162.8303
8,22,30,0.4666666666666667,6.533333333333333,9.654893846056297,0.3218297948685433,16.683656565985284,2,1.0,0.0,2.0,2.0,0.0,-6.308,1.5515,162.3306
8,23,31,0.4838709677419355,7.258064516129032,9.868272403218972,0.3183313678457733,16.502298109124894,1,1.0,0.0,2.0,3.0,0.0,-6.1616,2.4445,159.3679
9,22,31,0.4193548387096774,5.451612903225806,9.868272403218972,0.3183313678457733,21.255694243705957,1,1.0,1.0,2.0,2.0,0.6666666666666666,-3.5317,2.7005,186.0206
9,23,32,0.4375,6.125,10.079368399158984,0.3149802624737183,21.03193347627397,0,1.0,1.0,2.0,3.0,0.75,-4.237,3.9637,184.9229
9,24,33,0.4545454545454545,6.818181818181818,10.288276478101777,0.311765953881872,20.81730693445512,1,1.0,1.0,2.0,4.0,0.8,-5.2084,5.1012,184.3672
9,25,34,0.4705882352941176,7.529411764705882,10.49508462297634,0.3086789594993041,20.61118144587402,0,1.0,1.0,2.0,5.0,0.8333333333333334,-4.6693,4.8574,183.5105
10,22,32,0.375,4.5,10.079368399158984,0.3149802624737183,26.34063277584151,2,1.0,2.0,2.0,2.0,1.0,-5.4444,4.5716,212.0816
10,23,33,0.3939393939393939,5.121212121212121,10.288276478101777,0.311765953881872,26.07183205296091,1,1.0,2.0,2.0,3.0,1.2,-4.8658,5.8093,210.9599
10,24,34,0.4117647058823529,5.764705882352941,10.49508462297634,0.3086789594993041,25.81367814587573,2,1.0,2.0,2.0,4.0,1.3333333333333333,-6.1722,7.0784,212.3502
10,25,35,0.4285714285714285,6.428571428571429,10.699874805650794,0.3057107087328798,25.56545432762453,1,1.0,2.0,2.0,5.0,1.4285714285714286,-5.7789,6.8894,211.2925
10,26,36,0.4444444444444444,7.111111111111111,10.902723556992836,0.30285343213869,25.32651086838844,2,1.0,2.0,2.0,6.0,1.5,-5.988,6.4737,212.7738
10,27,37,0.4594594594594595,7.81081081081081,11.103702468586784,0.3001000667185617,25.0962571157891,1,1.0,2.0,2.0,7.0,1.5555555555555556,-6.3833,5.624,212.1341
11,24,35,0.3714285714285714,4.828571428571428,10.699874805650794,0.3057107087328798,31.307077488421918,1,1.0,3.0,2.0,4.0,1.7142857142857142,-4.4573,6.521,234.4292
11,25,36,0.3888888888888889,5.444444444444445,10.902723556992836,0.30285343213869,31.014470860047904,0,1.0,3.0,2.0,5.0,1.875,-4.5507,6.517,235.0265
11,26,37,0.4054054054054054,6.081081081081081,11.103702468586784,0.3001000667185617,30.73250551797932,1,1.0,3.0,2.0,6.0,2.0,-5.1931,6.2358,236.6088
11,27,38,0.4210526315789473,6.7368421052631575,11.302878635921052,0.2974441746295014,30.460522178639547,0,1.0,3.0,2.0,7.0,2.1,-5.7985,5.3343,237.5671
12,26,38,0.3684210526315789,5.157894736842105,11.302878635921052,0.2974441746295014,36.62144939158072,2,1.0,4.0,2.0,6.0,2.4,-5.5973,5.5832,263.0738
12,27,39,0.3846153846153846,5.769230769230769,11.500315051230226,0.2948798731084673,36.30573153126533,1,1.0,4.0,2.0,7.0,2.5454545454545454,-6.3776,4.6264,263.9341
12,28,40,0.4,6.4,11.696070952851462,0.2924017738212866,36.00062692551589,2,1.0,4.0,2.0,8.0,2.6666666666666665,-7.5503,3.7865,267.4234
13,8,21,-0.238095238095238,1.1904761904761905,7.611662611020244,0.3624601243342974,52.83538218745968,1,1.0,5.0,1.0,0.0,0.0,-4.1369,0.2881,131.3314
13,9,22,-0.1818181818181818,0.7272727272727273,7.851424410539689,0.3568829277518041,52.0224008601707,0,1.0,5.0,1.0,1.0,0.8333333333333334,-1.286,0.9082,148.7147
13,25,38,0.3157894736842105,3.789473684210526,11.302878635921052,0.2974441746295014,43.35808435437359,0,1.0,5.0,2.0,5.0,2.5,-2.6038,3.3533,280.6265
13,26,39,0.3333333333333333,4.333333333333333,11.500315051230226,0.2948798731084673,42.98428916474671,1,1.0,5.0,2.0,6.0,2.727272727272727,-3.5336,3.0849,284.2138
13,27,40,0.35,4.9,11.696070952851462,0.2924017738212866,42.62305957245118,0,1.0,5.0,2.0,7.0,2.9166666666666665,-3.9787,1.7902,286.5481
13,28,41,0.3658536585365853,5.487804878048781,11.890202136872691,0.2900049301676267,42.27367451742672,1,1.0,5.0,2.0,8.0,3.076923076923077,-5.477,1.2254,290.1784
13,29,42,0.3809523809523809,6.095238095238095,12.082761235960549,0.287684791332394,41.93547063275768,0,1.0,5.0,2.0,9.0,3.2142857142857144,-5.2815,1.1888,290.0907
14,8,22,-0.2727272727272727,1.6363636363636365,7.851424410539689,0.3568829277518041,60.7971788423576,2,1.0,6.0,1.0,0.0,0.0,-6.9431,0.014,132.2754
14,27,41,0.3170731707317073,4.121951219512195,11.890202136872691,0.2900049301676267,49.40410491372264,1,1.0,6.0,2.0,7.0,3.230769230769231,-3.4703,0.5926,310.5211
14,28,42,0.3333333333333333,4.666666666666667,12.082761235960549,0.287684791332394,49.00885514205847,2,1.0,6.0,2.0,8.0,3.4285714285714284,-6.6832,0.3605,315.6634
14,29,43,0.3488372093023256,5.232558139534884,12.27379796952146,0.2854371620818944,48.62595781946934,1,1.0,6.0,2.0,9.0,3.6,-6.43,0.4143,315.4917
14,30,44,0.3636363636363636,5.818181818181818,12.463359368739502,0.2832581674713524,48.254752825528605,2,1.0,6.0,2.0,10.0,3.75,-6.798,0.4958,317.228
15,8,23,-0.3043478260869565,2.130434782608696,8.087579399090064,0.3516338869169593,69.23150194701054,1,1.0,5.0,1.0,0.0,0.0,-8.8352,0.0042,127.0994
15,9,24,-0.25,1.5,8.320335292207616,0.3466806371753174,68.25628046838922,0,1.0,5.0,1.0,1.0,0.8333333333333334,-4.2093,0.2968,147.3227
15,10,25,-0.2,1.0,8.549879733383484,0.3419951893353394,67.33378521601142,1,1.0,5.0,1.0,2.0,1.4285714285714286,-2.6068,0.9447,169.248
15,28,43,0.3023255813953488,3.930232558139535,12.27379796952146,0.2854371620818944,56.19834770671176,1,1.0,5.0,2.0,8.0,3.076923076923077,-3.3813,0.0646,333.9574
15,29,44,0.3181818181818182,4.454545454545454,12.463359368739502,0.2832581674713524,55.76933595546977,0,1.0,5.0,2.0,9.0,3.2142857142857144,-3.8753,0.264,335.1507
15,30,45,0.3333333333333333,5.0,12.651489979526238,0.2811442217672498,55.35313137003396,1,1.0,5.0,2.0,10.0,3.333333333333333,-4.8897,0.559,337.134
15,31,46,0.3478260869565217,5.565217391304348,12.838232045991903,0.279092000999824,54.94907951001149,0,1.0,5.0,2.0,11.0,3.4375,-5.1104,0.2466,337.3603
16,8,24,-0.3333333333333333,2.6666666666666665,8.320335292207616,0.3466806371753174,78.12750466568785,2,1.0,4.0,1.0,0.0,0.0,-11.5865,0.0061,123.7634
16,9,25,-0.28,1.96,8.549879733383484,0.3419951893353394,77.07159813753181,1,1.0,4.0,1.0,1.0,0.8,-6.2978,0.2845,144.8557
16,10,26,-0.2307692307692307,1.3846153846153846,8.776382955329126,0.3375531905895818,76.07055498565065,2,1.0,4.0,1.0,2.0,1.3333333333333333,-4.1019,0.9608,168.701
16,29,45,0.2888888888888888,3.755555555555556,12.651489979526238,0.2811442217672498,63.35830197157558,1,1.0,4.0,2.0,9.0,2.769230769230769,-3.5529,0.4897,355.7417
16,30,46,0.3043478260869565,4.260869565217392,12.838232045991903,0.279092000999824,62.89581612613451,2,1.0,4.0,2.0,10.0,2.857142857142857,-4.6616,0.8995,359.143
16,31,47,0.3191489361702128,4.787234042553192,13.023625676689214,0.2770984186529621,62.446544960098414,1,1.0,4.0,2.0,11.0,2.933333333333333,-4.6562,0.5853,359.4793
16,32,48,0.3333333333333333,5.333333333333333,13.207708995578503,0.2751606040745522,62.00984154698165,2,1.0,4.0,2.0,12.0,3.0,-5.1126,0.2713,361.8486
17,9,26,-0.3076923076923077,2.4615384615384617,8.776382955329126,0.3375531905895818,86.33903166197338,0,1.0,3.0,1.0,1.0,0.75,-5.1529,0.6311,139.2297
17,10,27,-0.2592592592592592,1.8148148148148149,8.999999999999998,0.3333333333333333,85.25968061623186,1,1.0,3.0,1.0,2.0,1.2,-3.441,1.5704,163.619
17,11,28,-0.2142857142857142,1.2857142857142858,9.220872584116892,0.3293168780041747,84.2323555205116,0,1.0,3.0,1.0,3.0,1.5,-1.9211,1.6652,183.4153
17,12,29,-0.1724137931034483,0.8620689655172413,9.43913067739236,0.3254872647376676,83.25282070855334,1,1.0,3.0,1.0,4.0,1.7142857142857142,-1.5638,1.451,205.3976
17,30,47,0.2765957446808511,3.595744680851064,13.023625676689214,0.2770984186529621,70.87596802084336,1,1.0,3.0,2.0,10.0,2.3076923076923075,-3.1161,0.8565,376.03
17,31,48,0.2916666666666667,4.083333333333333,13.207708995578503,0.2751606040745522,70.38031566469725,0,1.0,3.0,2.0,11.0,2.357142857142857,-3.2846,0.6177,377.6483
17,32,49,0.3061224489795918,4.591836734693878,13.390518279406722,0.2732758832531984,69.8982435788591,1,1.0,3.0,2.0,12.0,2.4,-3.8451,0.3691,380.3076
17,33,50,0.32,5.12,13.572088082974531,0.2714417616594907,69.42911371498651,0,1.0,3.0,2.0,13.0,2.4375,-3.1566,0.3398,381.1559
17,34,51,0.3333333333333333,5.666666666666667,13.752451353579682,0.2696559088937193,68.97233000567468,1,1.0,3.0,2.0,14.0,2.4705882352941178,-2.9781,0.4044,382.9262
17,35,52,0.3461538461538461,6.230769230769231,13.93163953576523,0.2679161449185622,68.52733484306611,0,1.0,3.0,2.0,15.0,2.5,-2.0413,1.0236,383.1745
17,36,53,0.3584905660377358,6.811320754716981,14.109682667364163,0.2662204276861163,68.0936059141048,1,1.0,3.0,2.0,14.0,2.4705882352941178,-1.8744,1.8704,384.2338
18,9,27,-0.3333333333333333,3.0,8.999999999999998,0.3333333333333333,96.04941924240742,1,1.0,2.0,1.0,1.0,0.6666666666666666,-4.7369,1.063,134.2977
18,10,28,-0.2857142857142857,2.2857142857142856,9.220872584116892,0.3293168780041747,94.89208463707116,2,1.0,2.0,1.0,2.0,1.0,-3.5374,2.3081,160.723
18,11,29,-0.2413793103448276,1.6896551724137931,9.43913067739236,0.3254872647376676,93.78858824655808,1,1.0,2.0,1.0,3.0,1.2,-2.1062,2.3379,181.3943
18,12,30,-0.2,1.2,9.654893846056297,0.3218297948685433,92.7346946760801,2,1.0,2.0,1.0,4.0,1.3333333333333333,-1.9018,2.0087,205.0836
18,31,49,0.2653061224489796,3.4489795918367347,13.390518279406722,0.2732758832531984,78.74396963827694,1,1.0,2.0,2.0,11.0,1.6923076923076923,-3.2714,0.8358,397.0603
18,32,50,0.28,3.92,13.572088082974531,0.2714417616594907,78.21547069659017,2,1.0,2.0,2.0,12.0,1.7142857142857142,-3.7425,0.5941,401.0366
18,33,51,0.2941176470588235,4.411764705882353,13.752451353579682,0.2696559088937193,77.7008803335758,1,1.0,2.0,2.0,13.0,1.7333333333333334,-3.055,0.5626,402.0429
18,34,52,0.3076923076923077,4.923076923076923,13.93163953576523,0.2679161449185622,77.1995703752777,2,1.0,2.0,2.0,14.0,1.75,-2.7562,0.6411,405.1702
18,35,53,0.320754716981132,5.452830188679245,14.109682667364163,0.2662204276861163,76.71095240915041,1,1.0,2.0,2.0,15.0,1.7647058823529411,-2.2815,1.3109,405.5225
18,36,54,0.3333333333333333,6.0,14.286609467713792,0.2645668419946999,76.23447457316608,2,1.0,2.0,2.0,14.0,1.75,-2.2992,2.1517,407.9698
18,37,55,0.3454545454545454,6.563636363636364,14.462447418811122,0.2629535894329295,75.76961865821798,1,1.0,2.0,2.0,13.0,1.7333333333333334,-1.7555,2.357,407.8161
18,38,56,0.3571428571428571,7.142857142857143,14.637222840091884,0.2613789792873551,75.3158974881711,2,1.0,2.0,2.0,12.0,1.7142857142857142,-1.482,2.3497,409.7314
19,11,30,-0.2666666666666666,2.1333333333333333,9.654893846056297,0.3218297948685433,103.77990046594977,0,1.0,1.0,1.0,3.0,0.75,-2.4823,2.5074,176.3043
19,12,31,-0.2258064516129032,1.5806451612903225,9.868272403218972,0.3183313678457733,102.65176872053834,1,1.0,1.0,1.0,4.0,0.8,-2.1877,1.9389,200.5786
19,13,32,-0.1875,1.125,10.079368399158984,0.3149802624737183,101.57114353446804,0,1.0,1.0,1.0,5.0,0.8333333333333334,-0.0251,0.5356,220.6719
19,14,33,-0.1515151515151515,0.7575757575757576,10.288276478101777,0.311765953881872,100.53463097084754,1,1.0,1.0,1.0,6.0,0.8571428571428571,-0.8762,0.1156,243.2062
19,35,54,0.2962962962962963,4.7407407407407405,14.286609467713792,0.2645668419946999,85.31441453397989,0,1.0,1.0,2.0,15.0,0.9375,-1.2242,0.5045,424.2445
19,36,55,0.3090909090909091,5.254545454545455,14.462447418811122,0.2629535894329295,84.79419175486973,1,1.0,1.0,2.0,14.0,0.9333333333333332,-1.0467,1.026,426.9388
19,37,56,0.3214285714285714,5.785714285714286,14.637222840091884,0.2613789792873551,84.28642992925275,0,1.0,1.0,2.0,13.0,0.9285714285714286,-0.474,1.0671,428.0431
19,38,57,0.3333333333333333,6.333333333333333,14.810960957438846,0.2598414203059447,83.79061592882287,1,1.0,1.0,2.0,12.0,0.9230769230769232,-0.1658,0.92,430.1474
19,39,58,0.3448275862068966,6.896551724137931,14.983685966957935,0.2583394132234127,83.30626628808189,0,1.0,1.0,2.0,11.0,0.9166666666666666,0.4129,0.4482,430.8967
19,40,59,0.3559322033898305,7.47457627118644,15.155421094002053,0.2568715439661365,82.83292501314065,1,1.0,1.0,2.0,10.0,0.9090909090909092,0.3848,0.1653,432.542
20,11,31,-0.2903225806451613,2.6129032258064515,9.868272403218972,0.3183313678457733,114.19846619182049,1,2.0,0.0,1.0,3.0,0.0,-4.6482,3.4988,172.4103
20,12,32,-0.25,2.0,10.079368399158984,0.3149802624737183,112.99628779474445,2,2.0,0.0,1.0,4.0,0.0,-4.1588,2.5622,198.4776
20,13,33,-0.2121212121212121,1.4848484848484849,10.288276478101777,0.311765953881872,111.84318399118249,1,2.0,0.0,1.0,5.0,0.0,-0.2897,0.283,219.3999
20,14,34,-0.1764705882352941,1.0588235294117647,10.49508462297634,0.3086789594993041,110.7357529955578,2,2.0,0.0,1.0,6.0,0.0,-1.5955,0.0179,243.4452
20,37,57,0.2982456140350877,5.0701754385964914,14.810960957438846,0.2598414203059447,93.21573256462553,1,2.0,0.0,2.0,13.0,0.0,-0.7763,0.4505,449.4591
20,38,58,0.3103448275862069,5.586206896551724,14.983685966957935,0.2583394132234127,92.67690126378584,2,2.0,0.0,2.0,12.0,0.0,-0.7099,0.3635,452.8424
20,39,59,0.3220338983050847,6.11864406779661,15.155421094002053,0.2568715439661365,92.15031659547166,1,2.0,0.0,2.0,11.0,0.0,-0.7373,0.1244,453.6657
20,40,60,0.3333333333333333,6.666666666666667,15.32618864787106,0.2554364774645177,91.63549961567745,2,2.0,0.0,2.0,10.0,0.0,-1.3151,0.0157,456.608
21,13,34,-0.2352941176470588,1.8823529411764703,10.49508462297634,0.3086789594993041,122.53553650731246,0,2.0,1.0,1.0,5.0,0.8333333333333334,-2.0093,1.2467,214.2519
21,14,35,-0.2,1.4,10.699874805650794,0.3057107087328798,121.3572372129841,1,2.0,1.0,1.0,6.0,0.8571428571428571,-0.8861,0.2437,238.8202
21,15,36,-0.1666666666666666,1.0,10.902723556992836,0.30285343213869,120.22299106615648,0,2.0,1.0,1.0,5.0,0.8333333333333334,0.4864,0.1805,257.5335
21,39,60,0.3,5.4,15.32618864787106,0.2554364774645177,101.39999778547674,0,2.0,1.0,2.0,11.0,0.9166666666666666,1.3203,0.3367,472.2837
21,40,61,0.3114754098360656,5.918032786885246,15.496010072571345,0.2540329520093663,100.84284369590868,1,2.0,1.0,2.0,10.0,0.9090909090909092,0.8468,0.1566,475.419
21,41,62,0.3225806451612903,6.451612903225806,15.664905993978548,0.2526597740964282,100.29773659643294,0,2.0,1.0,2.0,9.0,0.9,1.0966,0.433,476.7823
21,42,63,0.3333333333333333,7.0,15.832896263712229,0.2513158137097179,99.76422790734948,1,2.0,1.0,2.0,8.0,0.8888888888888888,0.8229,0.9245,478.9716
22,13,35,-0.2571428571428571,2.3142857142857145,10.699874805650794,0.3057107087328798,133.64140648259698,1,2.0,2.0,1.0,5.0,1.4285714285714286,-3.055,2.8745,210.4949
22,14,36,-0.2222222222222222,1.7777777777777777,10.902723556992836,0.30285343213869,132.39234829834152,2,2.0,2.0,1.0,6.0,1.5,-1.4795,1.0282,236.6332
22,15,37,-0.1891891891891892,1.3243243243243243,11.103702468586784,0.3001000667185617,131.1887148736845,1,2.0,2.0,1.0,5.0,1.4285714285714286,-0.0344,0.8164,256.1045
22,16,38,-0.1578947368421052,0.9473684210526316,11.302878635921052,0.2974441746295014,130.02769190618957,2,2.0,2.0,1.0,4.0,1.3333333333333333,0.4537,0.769,278.0148
22,17,39,-0.1282051282051282,0.6410256410256411,11.500315051230226,0.2948798731084673,128.9067077465673,1,2.0,2.0,1.0,3.0,1.2,1.688,0.9089,294.9531
22,39,61,0.2786885245901639,4.737704918032787,15.496010072571345,0.2540329520093663,111.05048017510434,1,2.0,2.0,2.0,11.0,1.6923076923076923,1.8843,0.7965,491.8927
22,40,62,0.2903225806451613,5.225806451612903,15.664905993978548,0.2526597740964282,110.45019558449738,2,2.0,2.0,2.0,10.0,1.6666666666666667,2.038,0.4254,496.212
22,41,63,0.3015873015873015,5.73015873015873,15.832896263712229,0.2513158137097179,109.862683432629,1,2.0,2.0,2.0,9.0,1.6363636363636365,0.4396,1.0433,497.6523
22,42,64,0.3125,6.25,15.999999999999998,0.25,109.28747559786048,2,2.0,2.0,2.0,8.0,1.6,-0.5444,1.9608,501.0336
22,43,65,0.3230769230769231,6.7846153846153845,16.166235625781553,0.2487113173197162,108.7241280899609,1,2.0,2.0,2.0,7.0,1.5555555555555556,-0.6824,2.5115,502.0419
23,14,37,-0.2432432432432432,2.189189189189189,11.103702468586784,0.3001000667185617,143.83472245566406,1,2.0,3.0,1.0,6.0,2.0,-2.1575,1.8771,230.8082
23,15,38,-0.2105263157894736,1.6842105263157894,11.302878635921052,0.2974441746295014,142.5617820472221,0,2.0,3.0,1.0,5.0,1.875,-0.8329,1.6328,251.6535
23,16,39,-0.1794871794871795,1.2564102564102564,11.500315051230226,0.2948798731084673,141.33274000933255,1,2.0,3.0,1.0,4.0,1.7142857142857142,-0.5149,1.5877,274.0978
23,17,40,-0.15,0.9,11.696070952851462,0.2924017738212866,140.14501377159235,0,2.0,3.0,1.0,3.0,1.5,0.9662,1.4715,292.2521
23,18,41,-0.1219512195121951,0.6097560975609756,11.890202136872691,0.2900049301676267,138.9962324818597,1,2.0,3.0,1.0,2.0,1.2,1.4109,1.3505,312.5224
23,19,42,-0.0952380952380952,0.3809523809523809,12.082761235960549,0.287684791332394,137.8842149835855,0,2.0,3.0,1.0,1.0,0.75,2.0437,0.7644,328.6847
23,41,64,0.28125,5.0625,15.999999999999998,0.25,119.82230129804869,0,2.0,3.0,2.0,9.0,2.25,0.1105,1.7136,515.1403
23,42,65,0.2923076923076923,5.553846153846154,16.166235625781553,0.2487113173197162,119.20464960047052,1,2.0,3.0,2.0,8.0,2.1818181818181817,-0.3186,2.5982,518.7156
23,43,66,0.303030303030303,6.0606060606060606,16.331620904278438,0.2474488015799764,118.59953943502796,0,2.0,3.0,2.0,7.0,2.1,-0.6083,3.1007,520.8179
24,16,40,-0.2,1.6,11.696070952851462,0.2924017738212866,153.0392099059572,2,2.0,4.0,1.0,4.0,2.0,-2.1267,2.5205,272.6838
24,17,41,-0.1707317073170731,1.195121951219512,11.890202136872691,0.2900049301676267,151.78473373014432,1,2.0,4.0,1.0,3.0,1.7142857142857142,-0.352,2.1599,291.5381
24,18,42,-0.1428571428571428,0.8571428571428571,12.082761235960549,0.287684791332394,150.57040383885868,2,2.0,4.0,1.0,2.0,1.3333333333333333,0.4048,1.789,313.0284
24,19,43,-0.1162790697674418,0.5813953488372093,12.27379796952146,0.2854371620818944,149.39402450243165,1,2.0,4.0,1.0,1.0,0.8,1.1315,1.0558,329.9587
24,42,66,0.2727272727272727,4.909090909090909,16.331620904278438,0.2474488015799764,129.51142050568058,2,2.0,4.0,2.0,8.0,2.6666666666666665,-0.8618,2.9651,538.6336
24,43,67,0.2835820895522388,5.388059701492537,16.496172972233907,0.2462115368990136,128.86385258314527,1,2.0,4.0,2.0,7.0,2.5454545454545454,-1.3027,3.4384,540.8339
25,18,43,-0.1627906976744186,1.1395348837209305,12.27379796952146,0.2854371620818944,162.54038312480466,1,2.0,5.0,1.0,2.0,1.4285714285714286,-0.3766,1.8678,309.8394
25,19,44,-0.1363636363636363,0.8181818181818182,12.463359368739502,0.2832581674713524,161.29956845217703,0,2.0,5.0,1.0,1.0,0.8333333333333334,0.3218,1.0597,327.8717
25,20,45,-0.1111111111111111,0.5555555555555556,12.651489979526238,0.2811442217672498,160.09579546710478,1,2.0,5.0,2.0,0.0,0.0,0.0274,0.6381,348.2
25,42,67,0.2537313432835821,4.313432835820896,16.496172972233907,0.2462115368990136,140.20359943822154,1,2.0,5.0,2.0,8.0,3.076923076923077,-0.2222,2.4015,554.3606
25,43,68,0.2647058823529412,4.764705882352941,16.659908371007916,0.2449986525148223,139.51293011172373,0,2.0,5.0,2.0,7.0,2.9166666666666665,-0.8568,2.8748,557.5759
25,44,69,0.2753623188405797,5.231884057971015,16.82284307569508,0.2438093199376099,138.83567221246165,1,2.0,5.0,2.0,6.0,2.727272727272727,-1.1255,3.3381,562.1732
25,45,70,0.2857142857142857,5.714285714285714,16.984992522418104,0.2426427503202586,138.17137653644303,0,2.0,5.0,2.0,5.0,2.5,-1.7947,3.5301,565.2435
25,46,71,0.2957746478873239,6.211267605633803,17.146371633935342,0.2414981920272584,137.51961506958972,1,2.0,5.0,2.0,4.0,2.2222222222222223,-2.7406,3.5812,569.5928
26,18,44,-0.1818181818181818,1.4545454545454546,12.463359368739502,0.2832581674713524,174.9008933508658,2,2.0,6.0,1.0,2.0,1.5,-1.6168,1.7835,309.1844
26,19,45,-0.1555555555555555,1.0888888888888888,12.651489979526238,0.2811442217672498,173.59561415823612,1,2.0,6.0,1.0,1.0,0.8571428571428571,-0.9576,0.95,327.8627
26,20,46,-0.1304347826086956,0.782608695652174,12.838232045991903,0.279092000999824,172.32844771152722,2,2.0,6.0,2.0,0.0,0.0,-1.3122,0.5239,349.296
26,21,47,-0.1063829787234042,0.5319148936170213,13.023625676689214,0.2770984186529621,171.09748820717348,1,2.0,6.0,2.0,1.0,0.8571428571428571,-0.0881,0.8632,365.5733
26,42,68,0.2352941176470588,3.764705882352941,16.659908371007916,0.2449986525148223,151.27713201397626,2,2.0,6.0,2.0,8.0,3.4285714285714284,-0.3769,1.6343,572.3616
26,43,69,0.2463768115942029,4.188405797101449,16.82284307569508,0.2438093199376099,150.54276543912093,1,2.0,6.0,2.0,7.0,3.230769230769231,-0.4205,2.1418,575.7359
26,44,70,0.2571428571428571,4.628571428571429,16.984992522418104,0.2426427503202586,149.82245410599285,2,2.0,6.0,2.0,6.0,3.0,-1.2125,2.6389,581.3642
26,45,71,0.2676056338028169,5.084507042253521,17.146371633935342,0.2414981920272584,149.11573390891982,1,2.0,6.0,2.0,5.0,2.727272727272727,-1.9148,2.892,584.5475
26,46,72,0.2777777777777778,5.555555555555555,17.306994843688898,0.2403749283845681,148.42216232957622,2,2.0,6.0,2.0,4.0,2.4,-2.9781,2.9979,589.9428
26,47,73,0.2876712328767123,6.041095890410959,17.466876118408518,0.2392722755946373,147.74131714958955,1,2.0,6.0,2.0,3.0,2.0,-3.6928,2.731,593.0001
27,19,46,-0.1739130434782608,1.391304347826087,12.838232045991903,0.279092000999824,186.2771651473226,0,2.0,7.0,1.0,1.0,0.875,-1.9709,0.4572,324.9147
27,20,47,-0.1489361702127659,1.0425531914893618,13.023625676689214,0.2770984186529621,184.946568545733,1,2.0,7.0,2.0,0.0,0.0,-2.7047,0.183,346.82
27,21,48,-0.125,0.75,13.207708995578503,0.2751606040745522,183.65319358351917,0,2.0,7.0,2.0,1.0,0.875,-1.1208,0.4224,364.0643
27,22,49,-0.1020408163265306,0.5102040816326531,13.390518279406722,0.2732758832531984,182.3952555185148,1,2.0,7.0,2.0,2.0,1.5555555555555556,-0.6393,0.8841,383.5776
27,45,72,0.25,4.5,17.306994843688898,0.2403749283845681,160.43584220099612,0,2.0,7.0,2.0,5.0,2.9166666666666665,-1.4924,1.7286,600.6635
27,46,73,0.2602739726027397,4.945205479452055,17.466876118408518,0.2392722755946373,159.69988762288472,1,2.0,7.0,2.0,4.0,2.5454545454545454,-2.5879,1.8687,606.2668
27,47,74,0.2702702702702703,5.405405405405405,17.626028979376553,0.2381895808023859,158.97725381074446,0,2.0,7.0,2.0,3.0,2.1,-3.4036,1.6469,610.2981
27,48,75,0.28,5.88,17.784466522450312,0.2371262202993375,158.26752447658984,1,2.0,7.0,2.0,2.0,1.5555555555555556,-4.5321,1.3202,615.6874
27,49,76,0.2894736842105263,6.368421052631579,17.942201436929967,0.2360815978543417,157.57030167190183,0,2.0,7.0,2.0,1.0,0.875,-5.2739,0.6262,619.6607
27,50,77,0.2987012987012987,6.87012987012987,18.099246023352887,0.2350551431604271,156.8852047509955,1,2.0,7.0,3.0,0.0,0.0,-6.6517,0.2265,624.896
27,51,78,0.3076923076923077,7.384615384615385,18.25561221028858,0.2340463103883151,156.21186940557706,0,2.0,7.0,3.0,1.0,0.875,-6.3028,0.413,626.0943
27,52,79,0.3164556962025316,7.9113924050632916,18.41131157020244,0.2330545768380056,155.5499467647585,1,2.0,7.0,3.0,2.0,1.5555555555555556,-6.3376,0.7767,628.1716
28,20,48,-0.1666666666666666,1.3333333333333333,13.207708995578503,0.2751606040745522,197.94541691844125,2,2.0,8.0,2.0,0.0,0.0,-4.8439,0.0228,346.885
28,21,49,-0.1428571428571428,1.0,13.390518279406722,0.2732758832531984,196.58958384047392,1,2.0,8.0,2.0,1.0,0.8888888888888888,-2.9398,0.2055,364.6863
28,22,50,-0.12,0.72,13.572088082974531,0.2714417616594907,195.27015090505543,2,2.0,8.0,2.0,2.0,1.6,-2.0709,0.5701,385.2086
28,23,51,-0.0980392156862745,0.4901960784313725,13.752451353579682,0.2696559088937193,193.98544166601124,1,2.0,8.0,2.0,3.0,2.1818181818181817,-1.5053,0.7714,401.6349
28,46,74,0.2432432432432432,4.378378378378378,17.626028979376553,0.2381895808023859,171.34915092998764,2,2.0,8.0,2.0,4.0,2.6666666666666665,-2.998,1.1565,624.8428
28,47,75,0.2533333333333333,4.8133333333333335,17.784466522450312,0.2371262202993375,170.58418917676556,1,2.0,8.0,2.0,3.0,2.1818181818181817,-3.8934,0.9605,629.0041
28,48,76,0.2631578947368421,5.2631578947368425,17.942201436929967,0.2360815978543417,169.832707233729,2,2.0,8.0,2.0,2.0,1.6,-5.1406,0.7139,635.3864
28,49,77,0.2727272727272727,5.727272727272728,18.099246023352887,0.2350551431604271,169.0942948326581,1,2.0,8.0,2.0,1.0,0.8888888888888888,-6.248,0.2441,639.4477
28,50,78,0.282051282051282,6.205128205128205,18.25561221028858,0.2340463103883151,168.36855931412944,2,2.0,8.0,3.0,0.0,0.0,-7.9806,0.0203,645.688
28,51,79,0.2911392405063291,6.69620253164557,18.41131157020244,0.2330545768380056,167.65512465749222,1,2.0,8.0,3.0,1.0,0.8888888888888888,-7.404,0.1223,646.8243
28,52,80,0.3,7.2,18.566355334451117,0.2320794416806389,166.95363057578686,2,2.0,8.0,3.0,2.0,1.6,-7.1988,0.3353,649.8246
28,53,81,0.3086419753086419,7.716049382716049,18.720754407467133,0.2311204247835449,166.26373167050724,1,2.0,8.0,3.0,3.0,2.1818181818181817,-6.9254,0.3879,650.4089
28,54,82,0.3170731707317073,8.24390243902439,18.874519380186243,0.2301770656120274,165.58509664156512,2,2.0,8.0,3.0,4.0,2.6666666666666665,-6.9134,0.3859,652.8292
29,21,50,-0.16,1.28,13.572088082974531,0.2714417616594907,209.9021513380843,0,2.0,9.0,2.0,1.0,0.9,-3.1788,0.3118,360.1803
29,22,51,-0.1372549019607843,0.9607843137254902,13.752451353579682,0.2696559088937193,208.5211761513011,1,2.0,9.0,2.0,2.0,1.6363636363636365,-2.2581,0.7484,381.1566
29,23,52,-0.1153846153846153,0.6923076923076923,13.93163953576523,0.2679161449185622,207.1758407873785,0,2.0,9.0,2.0,3.0,2.25,-1.7294,1.0276,398.5009
29,24,53,-0.0943396226415094,0.4716981132075472,14.109682667364163,0.2662204276861163,205.8645661589816,1,2.0,9.0,2.0,4.0,2.769230769230769,-1.7689,1.2507,418.2232
29,25,54,-0.074074074074074,0.2962962962962963,14.286609467713792,0.2645668419946999,204.5858712672,0,2.0,9.0,2.0,5.0,3.2142857142857144,-1.5212,1.1002,434.3545
29,51,80,0.275,6.05,18.566355334451117,0.2320794416806389,179.46381497190802,0,2.0,9.0,3.0,1.0,0.9,-5.5766,0.3023,662.3183
29,52,81,0.2839506172839506,6.530864197530864,18.720754407467133,0.2311204247835449,178.72222050008122,1,2.0,9.0,3.0,2.0,1.6363636363636365,-5.6323,0.7002,665.4686
29,53,82,0.2926829268292683,7.024390243902439,18.874519380186243,0.2301770656120274,177.9927339303822,0,2.0,9.0,3.0,3.0,2.25,-5.2762,0.7991,667.0289
29,54,83,0.3012048192771084,7.530120481927711,19.02766054276645,0.2292489222020055,177.27501349811408,1,2.0,9.0,3.0,4.0,2.769230769230769,-5.1177,0.7775,669.5692
29,55,84,0.3095238095238095,8.047619047619047,19.180187896644355,0.2283355701981471,176.56873105518136,0,2.0,9.0,3.0,5.0,3.2142857142857144,-4.6288,0.4442,670.6565
29,56,85,0.3176470588235294,8.576470588235294,19.3321111659706,0.2274366019525953,175.87357137314743,1,2.0,9.0,3.0,6.0,3.6,-4.4969,0.1848,672.6458
30,22,52,-0.1538461538461538,1.2307692307692308,13.93163953576523,0.2679161449185622,222.1440376272797,2,2.0,10.0,2.0,2.0,1.6666666666666667,-2.8146,0.9436,379.1846
30,23,53,-0.1320754716981132,0.9245283018867924,14.109682667364163,0.2662204276861163,220.73802503776528,1,2.0,10.0,2.0,3.0,2.3076923076923075,-2.3642,1.3267,397.1049
30,24,54,-0.1111111111111111,0.6666666666666666,14.286609467713792,0.2645668419946999,219.36694603031836,2,2.0,10.0,2.0,4.0,2.857142857142857,-2.4005,1.6139,417.7542
30,25,55,-0.0909090909090909,0.4545454545454545,14.462447418811122,0.2629535894329295,218.02930944297063,1,2.0,10.0,2.0,5.0,3.333333333333333,-2.0539,1.4423,434.4845
30,26,56,-0.0714285714285714,0.2857142857142857,14.637222840091884,0.2613789792873551,216.72371341204425,2,2.0,10.0,2.0,6.0,3.75,-2.1276,1.1522,454.0048
30,27,57,-0.0526315789473684,0.1578947368421052,14.810960957438846,0.2598414203059447,215.4488385428033,1,2.0,10.0,2.0,7.0,4.117647058823529,-1.7851,0.5368,469.7641
30,53,83,0.2771084337349397,6.373493975903615,19.02766054276645,0.2292489222020055,190.0829127529271,1,2.0,10.0,3.0,3.0,2.3076923076923075,-4.5554,1.5518,684.7769
30,54,84,0.2857142857142857,6.857142857142857,19.180187896644355,0.2283355701981471,189.32560228187003,2,2.0,10.0,3.0,4.0,2.857142857142857,-4.3399,1.5494,688.3042
30,55,85,0.2941176470588235,7.352941176470588,19.3321111659706,0.2274366019525953,188.5802181773537,1,2.0,10.0,3.0,5.0,3.333333333333333,-3.6011,1.0878,689.4415
30,56,86,0.3023255813953488,7.860465116279069,19.483439808463515,0.2265516256798083,187.8464355883985,2,2.0,10.0,3.0,6.0,3.75,-3.2132,0.7188,692.4358
31,24,55,-0.1272727272727272,0.8909090909090909,14.462447418811122,0.2629535894329295,233.23696022539136,1,2.0,11.0,2.0,4.0,2.933333333333333,-2.2032,1.3128,413.5072
31,25,56,-0.1071428571428571,0.6428571428571429,14.637222840091884,0.2613789792873551,231.84029823387476,0,2.0,11.0,2.0,5.0,3.4375,-1.7444,1.1519,431.0955
31,26,57,-0.087719298245614,0.4385964912280701,14.810960957438846,0.2598414203059447,230.4765002200701,1,2.0,11.0,2.0,6.0,3.882352941176471,-1.7982,0.9004,451.0828
31,27,58,-0.0689655172413793,0.2758620689655172,14.983685966957935,0.2583394132234127,229.14423635205355,0,2.0,11.0,2.0,7.0,4.277777777777778,-1.5616,0.3509,467.5901
31,28,59,-0.0508474576271186,0.1525423728813559,15.155421094002053,0.2568715439661365,227.8422523619748,1,2.0,11.0,2.0,8.0,4.631578947368421,-2.0766,0.0949,486.6704
31,29,60,-0.0333333333333333,0.0666666666666666,15.32618864787106,0.2554364774645177,226.5693640576901,0,2.0,11.0,2.0,9.0,4.95,-0.6626,0.1716,500.0877
31,55,86,0.2790697674418604,6.697674418604652,19.483439808463515,0.2265516256798083,200.9488161832335,0,2.0,11.0,3.0,5.0,3.4375,-2.1278,1.2782,705.1575
31,56,87,0.2873563218390804,7.183908045977011,19.63418302571681,0.2256802646634116,200.1759284840712,1,2.0,11.0,3.0,6.0,3.882352941176471,-1.5888,0.8759,708.2748
32,26,58,-0.1034482758620689,0.6206896551724138,14.983685966957935,0.2583394132234127,244.5928663535793,2,2.0,12.0,2.0,6.0,4.0,-1.9604,0.7057,450.3938
32,27,59,-0.0847457627118644,0.423728813559322,15.155421094002053,0.2568715439661365,243.20310416208977,1,2.0,12.0,2.0,7.0,4.421052631578948,-1.7512,0.2568,467.4671
32,28,60,-0.0666666666666666,0.2666666666666666,15.32618864787106,0.2554364774645177,241.8443992526868,2,2.0,12.0,2.0,8.0,4.8,-2.3564,0.0583,487.2994
32,29,61,-0.0491803278688524,0.1475409836065573,15.496010072571345,0.2540329520093663,240.51555705322411,1,2.0,12.0,2.0,9.0,5.142857142857143,-0.7289,0.18,501.3847
32,30,62,-0.032258064516129,0.064516129032258,15.664905993978548,0.2526597740964282,239.215447567226,2,2.0,12.0,2.0,10.0,5.454545454545454,0.3485,0.3224,517.97
32,55,87,0.264367816091954,6.080459770114943,19.63418302571681,0.2256802646634116,213.67154986034328,1,2.0,12.0,3.0,5.0,3.5294117647058822,-1.1762,1.4532,722.0935
32,56,88,0.2727272727272727,6.545454545454546,19.7843497729948,0.2248221565113046,212.85910266172817,2,2.0,12.0,3.0,6.0,4.0,-1.1798,1.2933,726.1438
32,57,89,0.2808988764044944,7.022471910112359,19.93394876854618,0.223976952455575,212.058872917203,1,2.0,12.0,3.0,7.0,4.421052631578948,-0.3036,1.2609,727.8251
32,58,90,0.2888888888888888,7.511111111111111,20.08298850246508,0.2231443166940565,211.2705426930332,2,2.0,12.0,3.0,8.0,4.8,0.1095,1.5031,731.3794
32,59,91,0.2967032967032967,8.010989010989011,20.231477245126285,0.2223239257706185,210.4938057445729,1,2.0,12.0,3.0,9.0,5.142857142857143,0.9053,2.2091,732.6387
33,28,61,-0.081967213114754,0.4098360655737705,15.496010072571345,0.2540329520093663,256.2062138220327,1,2.0,13.0,2.0,8.0,4.9523809523809526,-1.6718,0.2821,484.2274
33,29,62,-0.064516129032258,0.2580645161290322,15.664905993978548,0.2526597740964282,254.8212883184904,0,2.0,13.0,2.0,9.0,5.318181818181818,-0.1515,0.5864,499.0927
33,30,63,-0.0476190476190476,0.1428571428571428,15.832896263712229,0.2513158137097179,253.4658302982524,1,2.0,13.0,2.0,10.0,5.652173913043479,0.7304,0.848,516.228
33,31,64,-0.03125,0.0625,15.999999999999998,0.25,252.13875975092623,0,2.0,13.0,2.0,11.0,5.958333333333333,2.0543,0.6141,529.7153
33,55,88,0.25,5.5,19.7843497729948,0.2248221565113046,226.74551882915583,0,2.0,13.0,3.0,5.0,3.611111111111111,-0.9308,1.816,736.0055
33,56,89,0.2584269662921348,5.943820224719101,19.93394876854618,0.223976952455575,225.89308401976345,1,2.0,13.0,3.0,6.0,4.105263157894737,-0.3608,1.4583,740.2098
33,57,90,0.2666666666666666,6.4,20.08298850246508,0.2231443166940565,225.0533250268292,0,2.0,13.0,3.0,7.0,4.55,0.0595,1.5255,742.7661
33,58,91,0.2747252747252747,6.868131868131868,20.231477245126285,0.2223239257706185,224.22591562704287,1,2.0,13.0,3.0,8.0,4.9523809523809526,0.7098,1.9042,746.4434
33,59,92,0.2826086956521739,7.3478260869565215,20.3794230552194,0.2215154679915152,223.41054146010657,0,2.0,13.0,3.0,9.0,5.318181818181818,0.0224,2.6973,748.5937
33,60,93,0.2903225806451613,7.838709677419355,20.526833787405323,0.220718642875326,222.6068994739693,1,2.0,13.0,3.0,10.0,5.652173913043479,-0.4067,3.7715,751.788
34,29,63,-0.0793650793650793,0.3968253968253968,15.832896263712229,0.2513158137097179,269.4830395821016,1,2.0,14.0,2.0,9.0,5.478260869565218,-0.0836,0.9435,498.8977
34,30,64,-0.0625,0.25,15.999999999999998,0.25,268.0721077637475,2,2.0,14.0,2.0,10.0,5.833333333333333,0.5555,1.3412,516.815
34,31,65,-0.0461538461538461,0.1384615384615384,16.166235625781553,0.2487113173197162,266.69026823437827,1,2.0,14.0,2.0,11.0,6.16,2.0681,1.0707,530.9353
34,32,66,-0.0303030303030303,0.0606060606060606,16.331620904278438,0.2474488015799764,265.33648721263035,2,2.0,14.0,2.0,12.0,6.461538461538462,3.0475,0.8334,547.5786
34,58,92,0.2608695652173913,6.260869565217392,20.3794230552194,0.2215154679915152,237.5284736270337,2,2.0,14.0,3.0,8.0,5.090909090909091,0.7413,2.1738,763.5564
34,59,93,0.2688172043010752,6.720430107526882,20.526833787405323,0.220718642875326,236.67404727337004,1,2.0,14.0,3.0,9.0,5.478260869565218,-0.1064,3.0743,765.7677
34,60,94,0.2765957446808511,7.191489361702128,20.673717099616518,0.2199331606342182,235.83178375343093,2,2.0,14.0,3.0,10.0,5.833333333333333,-0.4885,4.2032,769.863
34,61,95,0.2842105263157894,7.673684210526316,20.820080460021323,0.219158741684435,235.00138327278864,1,2.0,14.0,3.0,11.0,6.16,-0.2753,4.8808,771.6763
34,62,96,0.2916666666666667,8.166666666666666,20.965931153671168,0.2183951161840747,234.1825564830937,2,2.0,14.0,3.0,12.0,6.461538461538462,0.0485,5.6306,775.3406
34,63,97,0.2989690721649484,8.670103092783505,21.111276288848163,0.2176420235963728,233.37502401378777,1,2.0,14.0,3.0,13.0,6.7407407407407405,0.4505,6.3422,776.7869
35,30,65,-0.0769230769230769,0.3846153846153846,16.166235625781553,0.2487113173197162,283.0309015027983,1,2.0,15.0,2.0,10.0,6.0,1.0983,1.4379,513.812
35,31,66,-0.0606060606060606,0.2424242424242424,16.331620904278438,0.2474488015799764,281.5941716754993,0,2.0,15.0,2.0,11.0,6.346153846153846,2.3372,1.2157,528.6683
35,32,67,-0.044776119402985,0.1343283582089552,16.496172972233907,0.2462115368990136,280.1861772913905,1,2.0,15.0,2.0,12.0,6.666666666666667,3.5405,0.9947,545.8346
35,33,68,-0.0294117647058823,0.0588235294117647,16.659908371007916,0.2449986525148223,278.8059274323339,0,2.0,15.0,2.0,13.0,6.964285714285714,3.9719,1.4503,559.4849
35,59,94,0.2553191489361702,6.127659574468085,20.673717099616518,0.2199331606342182,250.28165744723,0,2.0,15.0,3.0,9.0,5.625,0.0781,2.5732,780.0237
35,60,95,0.2631578947368421,6.578947368421052,20.820080460021323,0.219158741684435,249.40037670833928,1,2.0,15.0,3.0,10.0,6.0,-0.577,3.837,784.242
35,61,96,0.2708333333333333,7.041666666666667,20.965931153671168,0.2183951161840747,248.53137880303012,0,2.0,15.0,3.0,11.0,6.346153846153846,-0.2093,4.4876,786.9013
35,62,97,0.2783505154639175,7.515463917525773,21.111276288848163,0.2176420235963728,247.67436724316488,1,2.0,15.0,3.0,12.0,6.666666666666667,-0.0447,5.1962,790.6606
35,63,98,0.2857142857142857,8.0,21.256122803129635,0.216899212276833,246.8290556599144,0,2.0,15.0,3.0,13.0,6.964285714285714,0.2055,5.8804,792.9659
35,64,99,0.2929292929292929,8.494949494949495,21.40047746918492,0.216166439082676,245.99516735931587,1,2.0,15.0,3.0,14.0,7.241379310344827,0.1849,6.41,796.2992
35,65,100,0.3,9.0,21.544346900318832,0.2154434690031884,245.1724349016132,0,2.0,15.0,3.0,15.0,7.5,0.4335,6.6617,798.2775
35,66,101,0.3069306930693069,9.514851485148515,21.68773755577532,0.2147300748096567,244.36059970288525,1,2.0,15.0,3.0,16.0,7.741935483870968,0.54,6.8981,801.2128
35,67,102,0.3137254901960784,10.03921568627451,21.830655745813875,0.2140260367236655,243.5594116575731,0,2.0,15.0,3.0,15.0,7.5,0.336,7.4005,802.8871
36,31,67,-0.0746268656716417,0.373134328358209,16.496172972233907,0.2462115368990136,296.847221959022,1,2.0,14.0,2.0,11.0,6.16,2.576,1.2029,528.5163
36,32,68,-0.0588235294117647,0.2352941176470588,16.659908371007916,0.2449986525148223,295.3848966572133,2,2.0,14.0,2.0,12.0,6.461538461538462,3.7474,1.0026,546.4196
36,33,69,-0.0434782608695652,0.1304347826086956,16.82284307569508,0.2438093199376099,293.9509668098249,1,2.0,14.0,2.0,13.0,6.7407407407407405,4.1118,1.4677,560.6709
36,34,70,-0.0285714285714285,0.0571428571428571,16.984992522418104,0.2426427503202586,292.5444813360164,2,2.0,14.0,2.0,14.0,7.0,4.1203,1.8818,577.4522
36,62,98,0.2653061224489796,6.8979591836734695,21.256122803129635,0.216899212276833,261.50654603925693,2,2.0,14.0,3.0,12.0,6.461538461538462,-0.4154,4.6571,808.0146
36,63,99,0.2727272727272727,7.363636363636363,21.40047746918492,0.216166439082676,260.62307124456936,1,2.0,14.0,3.0,13.0,6.7407407407407405,-0.7774,5.3904,810.3589
36,64,100,0.28,7.84,21.544346900318832,0.2154434690031884,259.7514156659625,2,2.0,14.0,3.0,14.0,7.0,-0.992,6.0139,814.5602
36,65,101,0.2871287128712871,8.326732673267326,21.68773755577532,0.2147300748096567,258.89130534303143,1,2.0,14.0,3.0,15.0,7.241379310344827,-0.7858,6.3086,816.5505
36,66,102,0.2941176470588235,8.823529411764707,21.830655745813875,0.2140260367236655,258.042475297892,2,2.0,14.0,3.0,16.0,7.466666666666667,-0.6836,6.5525,820.3638
36,67,103,0.3009708737864077,9.330097087378642,21.973107636570678,0.2133311421026279,257.20466915603816,1,2.0,14.0,3.0,15.0,7.241379310344827,-0.7568,6.9708,822.0241
37,32,69,-0.072463768115942,0.3623188405797101,16.82284307569508,0.2438093199376099,310.92951896649504,1,2.0,13.0,2.0,12.0,6.24,4.1714,0.9074,543.5086
37,33,70,-0.0571428571428571,0.2285714285714285,16.984992522418104,0.2426427503202586,309.441795158165,0,2.0,13.0,2.0,13.0,6.5,3.9835,1.3857,558.4549
37,34,71,-0.0422535211267605,0.1267605633802817,17.146371633935342,0.2414981920272584,307.98214234602983,1,2.0,13.0,2.0,14.0,6.7407407407407405,4.3483,1.8096,575.7352
37,35,72,-0.0277777777777777,0.0555555555555555,17.306994843688898,0.2403749283845681,306.5496465571747,0,2.0,13.0,2.0,15.0,6.964285714285714,5.0436,1.6572,589.6115
37,66,103,0.2815533980582524,8.16504854368932,21.973107636570678,0.2133311421026279,272.06076212146854,1,2.0,13.0,3.0,16.0,7.172413793103448,-1.1054,5.9241,835.9128
37,67,104,0.2884615384615384,8.653846153846153,22.115099254715485,0.2126451851414951,271.1859626346756,0,2.0,13.0,3.0,15.0,6.964285714285714,-1.13,6.252,838.4011
38,33,71,-0.0704225352112676,0.352112676056338,17.146371633935342,0.2414981920272584,325.2754001161673,1,2.0,12.0,2.0,13.0,6.24,3.3941,1.4143,558.3609
38,34,72,-0.0555555555555555,0.2222222222222222,17.306994843688898,0.2403749283845681,323.7624694074737,2,2.0,12.0,2.0,14.0,6.461538461538462,3.6276,1.7719,576.3382
38,35,73,-0.0410958904109589,0.1232876712328767,17.466876118408518,0.2392722755946373,322.2772995831237,1,2.0,12.0,2.0,15.0,6.666666666666667,5.0183,1.4625,590.7845
38,36,74,-0.027027027027027,0.054054054054054,17.626028979376553,0.2381895808023859,320.819011308595,2,2.0,12.0,2.0,14.0,6.461538461538462,5.3209,1.1312,607.7588
38,65,103,0.2621359223300971,7.077669902912621,21.973107636570678,0.2133311421026279,287.3370273382374,1,2.0,12.0,3.0,15.0,6.666666666666667,-2.0516,5.2365,848.7655
38,66,104,0.2692307692307692,7.538461538461538,22.115099254715485,0.2126451851414951,286.41310768847967,2,2.0,12.0,3.0,16.0,6.857142857142857,-1.8217,5.2936,853.4768
38,67,105,0.2761904761904762,8.00952380952381,22.25663649191485,0.2119679665896653,285.5009578559557,1,2.0,12.0,3.0,15.0,6.666666666666667,-1.7109,5.5546,855.9841
38,68,106,0.2830188679245283,8.49056603773585,22.397725109111345,0.2112992934821825,284.6003179349793,2,2.0,12.0,3.0,14.0,6.461538461538462,-1.9049,5.8124,860.3154
39,34,73,-0.0684931506849315,0.3424657534246575,17.466876118408518,0.2392722755946373,339.88255704610344,1,2.0,11.0,2.0,14.0,6.16,2.9442,1.8073,573.5252
39,35,74,-0.054054054054054,0.2162162162162162,17.626028979376553,0.2381895808023859,338.3446058832436,0,2.0,11.0,2.0,15.0,6.346153846153846,4.2747,1.3519,588.6295
39,36,75,-0.04,0.12,17.784466522450312,0.2371262202993375,336.8341187783765,1,2.0,11.0,2.0,14.0,6.16,5.049,0.8422,606.0808
39,37,76,-0.0263157894736842,0.0526315789473684,17.942201436929967,0.2360815978543417,335.3502487943987,0,2.0,11.0,2.0,13.0,5.958333333333333,5.1126,0.3311,620.2221
39,38,77,-0.0129870129870129,0.0129870129870129,18.099246023352887,0.2350551431604271,333.89218581910154,1,2.0,11.0,2.0,12.0,5.739130434782608,5.6225,0.1066,636.8244
39,39,78,0.0,0.0,18.25561221028858,0.2340463103883151,332.45915451045863,0,2.0,11.0,2.0,11.0,5.5,5.5593,0.0005,650.1177
39,66,105,0.2571428571428571,6.942857142857143,22.25663649191485,0.2119679665896653,301.0972095171279,1,2.0,11.0,3.0,16.0,6.518518518518518,-1.505,4.7677,867.5268
39,67,106,0.2641509433962264,7.39622641509434,22.397725109111345,0.2112992934821825,300.1473697371768,0,2.0,11.0,3.0,15.0,6.346153846153846,-1.4681,4.9874,870.8161
39,68,107,0.2710280373831775,7.859813084112149,22.538370740628164,0.2106389788843754,299.2094030906031,1,2.0,11.0,3.0,14.0,6.16,-1.8999,5.2354,875.2204
39,69,108,0.2777777777777778,8.333333333333334,22.678578898107716,0.2099868416491455,298.28305226076264,0,2.0,11.0,3.0,13.0,5.958333333333333,-1.9823,5.2278,878.1947
39,70,109,0.2844036697247706,8.81651376146789,22.818354974292443,0.2093427061861692,297.36806782432353,1,2.0,11.0,3.0,12.0,5.739130434782608,-2.2674,5.1278,882.215
39,71,110,0.2909090909090909,9.309090909090909,22.957704246655545,0.2087064022423232,296.46420793936426,0,2.0,11.0,3.0,11.0,5.5,-1.9345,4.9694,885.0413
40,35,75,-0.0666666666666666,0.3333333333333333,17.784466522450312,0.2371262202993375,354.74876039021586,1,2.0,10.0,2.0,15.0,6.0,3.6623,1.3801,588.5965
40,36,76,-0.0526315789473684,0.2105263157894736,17.942201436929967,0.2360815978543417,353.1859702568841,2,2.0,10.0,2.0,14.0,5.833333333333333,4.313,0.8105,606.7078
40,37,77,-0.0389610389610389,0.1168831168831168,18.099246023352887,0.2350551431604271,351.6503596871072,1,2.0,10.0,2.0,13.0,5.652173913043479,4.5376,0.2105,621.3921
40,38,78,-0.0256410256410256,0.0512820512820512,18.25561221028858,0.2340463103883151,350.1411121020194,2,2.0,10.0,2.0,12.0,5.454545454545454,5.4125,0.0176,638.5954
40,39,79,-0.0126582278481012,0.0126582278481012,18.41131157020244,0.2330545768380056,348.65744552493,1,2.0,10.0,2.0,11.0,5.238095238095238,5.1023,0.0028,652.4557
40,67,107,0.2523364485981308,6.813084112149533,22.538370740628164,0.2106389788843754,315.12296090565144,1,2.0,10.0,3.0,15.0,6.0,-1.4033,4.4634,886.9401
40,68,108,0.2592592592592592,7.2592592592592595,22.678578898107716,0.2099868416491455,314.1473417796431,2,2.0,10.0,3.0,14.0,5.833333333333333,-1.7686,4.7608,892.1364
40,69,109,0.2660550458715596,7.715596330275229,22.818354974292443,0.2093427061861692,313.18369357268494,1,2.0,10.0,3.0,13.0,5.652173913043479,-1.909,4.8107,895.1357
40,70,110,0.2727272727272727,8.181818181818182,22.957704246655545,0.2087064022423232,312.2317615804074,2,2.0,10.0,3.0,12.0,5.454545454545454,-2.2295,4.7537,899.958
40,71,111,0.2792792792792792,8.657657657657658,23.09663188088886,0.2080777646926925,311.2912987704124,1,2.0,10.0,3.0,11.0,5.238095238095238,-2.0177,4.5438,902.7763
40,72,112,0.2857142857142857,9.142857142857142,23.235142934254814,0.2074566333415609,310.3620654845476,2,2.0,10.0,3.0,10.0,5.0,-2.0455,4.2644,907.0326
41,38,79,-0.0379746835443038,0.1139240506329113,18.41131157020244,0.2330545768380056,366.7238569112287,1,2.0,9.0,2.0,12.0,5.142857142857143,5.311,0.1938,636.6554
41,39,80,-0.025,0.05,18.566355334451117,0.2320794416806389,365.18942952185455,0,2.0,9.0,2.0,11.0,4.95,5.1742,0.0861,651.0887
41,40,81,-0.0123456790123456,0.0123456790123456,18.720754407467133,0.2311204247835449,363.6803650781649,1,2.0,9.0,2.0,10.0,4.7368421052631575,4.6913,0.0558,667.966
41,41,82,0.0,0.0,18.874519380186243,0.2301770656120274,362.1959389041536,0,2.0,9.0,2.0,9.0,4.5,3.3406,0.3951,681.3493
41,70,111,0.2612612612612612,7.576576576576577,23.09663188088886,0.2080777646926925,327.4215054725646,1,2.0,9.0,3.0,12.0,5.142857142857143,0.4844,5.0374,914.115
41,71,112,0.2678571428571428,8.035714285714286,23.235142934254814,0.2074566333415609,326.4441220294846,0,2.0,9.0,3.0,11.0,4.95,0.4459,4.8688,917.7433
41,72,113,0.2743362831858407,8.504424778761061,23.373242358808824,0.2068428527328215,325.4783053731969,1,2.0,9.0,3.0,10.0,4.7368421052631575,0.2616,4.6652,922.0236
41,73,114,0.2807017543859649,8.982456140350877,23.510935004498357,0.2062362719692838,324.5238180588916,0,2.0,9.0,3.0,9.0,4.5,0.6158,4.2929,924.9999
41,74,115,0.2869565217391304,9.469565217391304,23.64822562214429,0.2056367445403852,323.58042954435234,1,2.0,9.0,3.0,8.0,4.235294117647059,0.5529,3.9369,929.0752
42,38,80,-0.05,0.2,18.566355334451117,0.2320794416806389,383.63781393409545,2,2.0,8.0,2.0,12.0,4.8,0.5816,0.5556,636.6894
42,39,81,-0.037037037037037,0.1111111111111111,18.720754407467133,0.2311204247835449,382.0525156273488,1,2.0,8.0,2.0,11.0,4.631578947368421,5.0276,0.1669,651.6407
42,40,82,-0.024390243902439,0.048780487804878,18.874519380186243,0.2301770656120274,380.4931002491712,2,2.0,8.0,2.0,10.0,4.444444444444445,2.6142,0.3036,669.091
42,41,83,-0.0120481927710843,0.0120481927710843,19.02766054276645,0.2292489222020055,378.9588372129471,1,2.0,8.0,2.0,9.0,4.235294117647059,2.7284,0.8179,682.9983
42,42,84,0.0,0.0,19.180187896644355,0.2283355701981471,377.4490250401191,2,2.0,8.0,2.0,8.0,4.0,2.3509,1.1047,699.0726
42,71,113,0.2566371681415929,7.442477876106195,23.373242358808824,0.2068428527328215,341.9205909651738,1,2.0,8.0,3.0,11.0,4.631578947368421,-0.2371,5.4835,933.4133
42,72,114,0.2631578947368421,7.894736842105263,23.510935004498357,0.2062362719692838,340.9178855277044,2,2.0,8.0,3.0,10.0,4.444444444444445,-0.4273,5.2651,938.4626
42,73,115,0.2695652173913043,8.356521739130434,23.64822562214429,0.2056367445403852,339.926839571412,1,2.0,8.0,3.0,9.0,4.235294117647059,-0.2656,4.8489,941.4489
42,74,116,0.2758620689655172,8.827586206896552,23.78511886631017,0.2050441281578463,338.9472178873354,2,2.0,8.0,3.0,8.0,4.0,-0.3838,4.4617,946.3032
42,75,117,0.282051282051282,9.307692307692308,23.92161929806432,0.2044582845988404,337.97879198689003,1,2.0,8.0,3.0,7.0,3.733333333333333,-0.6347,4.0995,949.1365
43,40,83,-0.036144578313253,0.108433734939759,19.02766054276645,0.2292489222020055,397.6343076551,1,2.0,7.0,2.0,10.0,4.117647058823529,2.2545,0.4474,666.891
43,41,84,-0.0238095238095238,0.0476190476190476,19.180187896644355,0.2283355701981471,396.0500904286408,0,2.0,7.0,2.0,9.0,3.9375,2.2584,0.9529,681.3223
43,42,85,-0.0117647058823529,0.0117647058823529,19.3321111659706,0.2274366019525953,394.49082195971897,1,2.0,7.0,2.0,8.0,3.733333333333333,1.8946,1.2897,697.8596
43,43,86,0.0,0.0,19.483439808463515,0.2265516256798083,392.95582269280527,0,2.0,7.0,2.0,7.0,3.5,1.9061,1.2711,711.2429
43,73,116,0.2586206896551724,7.758620689655173,23.78511886631017,0.2050441281578463,355.6508757190379,0,2.0,7.0,3.0,9.0,3.9375,-0.4204,4.8738,955.2559
43,74,117,0.2649572649572649,8.213675213675213,23.92161929806432,0.2044582845988404,354.6347248218298,1,2.0,7.0,3.0,8.0,3.733333333333333,-0.4692,4.468,960.1702
43,75,118,0.2711864406779661,8.677966101694915,24.05773138763989,0.2038790795562703,353.63008849080387,0,2.0,7.0,3.0,7.0,3.5,-0.659,4.1019,963.7475
43,76,119,0.2773109243697479,9.15126050420168,24.19345951699733,0.2033063824957759,352.6367403129435,1,2.0,7.0,3.0,6.0,3.230769230769231,-1.3696,3.7296,968.4518
43,77,120,0.2833333333333333,9.633333333333333,24.3288079822936,0.2027400665191133,351.6544601821091,0,2.0,7.0,3.0,5.0,2.9166666666666665,-1.856,3.1264,971.8911
43,78,121,0.2892561983471074,10.12396694214876,24.463780996262468,0.2021800082335741,350.68303407254314,1,2.0,7.0,3.0,4.0,2.5454545454545454,-2.4461,2.4329,976.3934
44,41,85,-0.0352941176470588,0.1058823529411764,19.3321111659706,0.2274366019525953,413.46726783126894,1,2.0,6.0,2.0,9.0,3.6,1.6503,0.9406,681.8713
44,42,86,-0.0232558139534883,0.0465116279069767,19.483439808463515,0.2265516256798083,411.8584295068159,2,2.0,6.0,2.0,8.0,3.4285714285714284,1.3184,1.2996,698.9596
44,43,87,-0.0114942528735632,0.0114942528735632,19.63418302571681,0.2256802646634116,410.274342971706,1,2.0,6.0,2.0,7.0,3.230769230769231,2.722,1.5236,712.8669
44,44,88,0.0,0.0,19.7843497729948,0.2248221565113046,408.7143494169774,2,2.0,6.0,2.0,6.0,3.0,2.0725,1.6013,729.2802
44,74,118,0.2542372881355932,7.627118644067797,24.05773138763989,0.2038790795562703,370.6409842055904,2,2.0,6.0,3.0,8.0,3.4285714285714284,-0.7666,4.2833,976.0202
44,75,119,0.2605042016806723,8.07563025210084,24.19345951699733,0.2033063824957759,369.5998523610907,1,2.0,6.0,3.0,7.0,3.230769230769231,-1.006,3.9274,979.6185
44,76,120,0.2666666666666666,8.533333333333333,24.3288079822936,0.2027400665191133,368.5703209770056,2,2.0,6.0,3.0,6.0,3.0,-1.6824,3.5659,985.0788
44,77,121,0.2727272727272727,9.0,24.463780996262468,0.2021800082335741,367.5521657321589,1,2.0,6.0,3.0,5.0,2.727272727272727,-2.1687,2.9732,988.5181
44,78,122,0.2786885245901639,9.475409836065571,24.598382690509563,0.2016260876271276,366.5451684512612,2,2.0,6.0,3.0,4.0,2.4,-2.7894,2.2861,993.7854
44,79,123,0.2845528455284553,9.959349593495936,24.732617117726065,0.2010781879489924,365.5491168877956,1,2.0,6.0,3.0,3.0,2.0,-3.0069,1.654,997.0687
45,42,87,-0.0344827586206896,0.1034482758620689,19.63418302571681,0.2256802646634116,429.5494906594888,1,2.0,5.0,2.0,8.0,3.076923076923077,2.4414,1.1802,696.7876
45,43,88,-0.0227272727272727,0.0454545454545454,19.7843497729948,0.2248221565113046,427.916206862086,0,2.0,5.0,2.0,7.0,2.9166666666666665,1.9793,1.6302,711.2239
45,44,89,-0.0112359550561797,0.0112359550561797,19.93394876854618,0.223976952455575,426.3074841313526,1,2.0,5.0,2.0,6.0,2.727272727272727,1.3374,1.7977,728.0892
45,45,90,0.0,0.0,20.08298850246508,0.2231443166940565,424.7226833168083,0,2.0,5.0,2.0,5.0,2.5,1.0517,1.7943,741.8625
45,46,91,0.0109890109890109,0.0109890109890109,20.231477245126285,0.2223239257706185,423.1611887668527,1,2.0,5.0,2.0,4.0,2.2222222222222223,0.4345,1.8262,756.9958
45,75,120,0.25,7.5,24.3288079822936,0.2027400665191133,385.8861670489478,0,2.0,5.0,3.0,7.0,2.9166666666666665,-0.1374,3.6362,992.8765
45,77,122,0.2622950819672131,8.39344262295082,24.598382690509563,0.2016260876271276,383.7658705916056,0,2.0,5.0,3.0,5.0,2.5,-1.0172,2.5755,1002.5711
45,78,123,0.2682926829268293,8.853658536585366,24.732617117726065,0.2010781879489924,382.7230234112088,1,2.0,5.0,3.0,4.0,2.2222222222222223,-1.8929,2.1185,1007.8894
45,79,124,0.2741935483870967,9.32258064516129,24.8664882538245,0.2005361955953589,381.6914199620022,0,2.0,5.0,3.0,3.0,1.875,-2.886,1.7473,1011.9067
45,80,125,0.28,9.8,25.0,0.2,380.670849797288,1,2.0,5.0,3.0,2.0,1.4285714285714286,-4.091,1.3525,1017.015
46,43,89,-0.0337078651685393,0.1011235955056179,19.93394876854618,0.223976952455575,445.8791272088624,1,2.0,4.0,2.0,7.0,2.5454545454545454,1.0116,1.6309,711.7869
46,44,90,-0.0222222222222222,0.0444444444444444,20.08298850246508,0.2231443166940565,444.2215686852799,2,2.0,4.0,2.0,6.0,2.4,0.395,1.8762,729.1882
46,45,91,-0.0109890109890109,0.0109890109890109,20.231477245126285,0.2223239257706185,442.5883864095939,1,2.0,4.0,2.0,5.0,2.2222222222222223,0.0506,1.896,743.4705
46,78,124,0.2580645161290322,8.258064516129032,24.8664882538245,0.2005361955953589,399.2147535071915,2,2.0,4.0,3.0,4.0,2.0,-2.8323,2.1479,1023.9624
46,79,125,0.264,8.712,25.0,0.2,398.1473292858566,1,2.0,4.0,3.0,3.0,1.7142857142857142,-3.8459,1.7825,1027.9957
46,80,126,0.2698412698412698,9.174603174603174,25.133156184720164,0.1994694935295251,397.0912306139144,2,2.0,4.0,3.0,2.0,1.3333333333333333,-5.017,1.4041,1033.852
46,81,127,0.2755905511811024,9.645669291338583,25.26596056564665,0.1989445713830445,396.04624886039306,1,2.0,4.0,3.0,1.0,0.8,-6.1569,0.9088,1037.7223
46,82,128,0.28125,10.125,25.398416831491183,0.1984251314960249,395.0121808416862,2,2.0,4.0,4.0,0.0,0.0,-7.6342,0.6023,1043.3796
46,83,129,0.2868217054263566,10.612403100775191,25.530528603808893,0.197911074448131,393.9888286380885,1,2.0,4.0,4.0,1.0,0.8,-6.9746,0.8568,1044.7559
46,84,130,0.2923076923076923,11.107692307692307,25.66229943873142,0.1974023033748571,392.9759994178789,2,2.0,4.0,4.0,2.0,1.3333333333333333,-6.6412,1.3085,1047.8292
46,85,131,0.2977099236641221,11.610687022900764,25.79373282864238,0.1968987238827663,391.9735052685835,1,2.0,4.0,4.0,3.0,1.7142857142857142,-6.1697,1.6145,1048.9265
46,86,132,0.303030303030303,12.12121212121212,25.92483220379743,0.1964002439681623,390.9811630350725,2,2.0,4.0,4.0,4.0,2.0,-5.7792,1.8381,1051.6958
47,44,91,-0.0329670329670329,0.0989010989010989,20.231477245126285,0.2223239257706185,462.4543822379793,1,2.0,3.0,2.0,6.0,2.0,-0.3263,1.6824,727.0672
47,45,92,-0.0217391304347826,0.0434782608695652,20.3794230552194,0.2215154679915152,460.77271508720025,0,2.0,3.0,2.0,5.0,1.875,-0.7043,1.7477,741.8665
47,46,93,-0.010752688172043,0.010752688172043,20.526833787405323,0.220718642875326,459.1152449540075,1,2.0,3.0,2.0,4.0,1.7142857142857142,-1.3609,1.7285,759.0768
47,47,94,0.0,0.0,20.673717099616518,0.2199331606342182,457.4813690528361,0,2.0,3.0,2.0,3.0,1.5,-1.7343,1.4987,773.2501
47,79,126,0.2539682539682539,8.126984126984127,25.133156184720164,0.1994694935295251,414.9150438297541,0,2.0,3.0,3.0,3.0,1.5,-4.5417,1.5616,1041.5367
47,80,127,0.2598425196850393,8.5748031496063,25.26596056564665,0.1989445713830445,413.8231570877747,1,2.0,3.0,3.0,2.0,1.2,-5.8187,1.2429,1047.459
47,81,128,0.265625,9.03125,25.398416831491183,0.1984251314960249,412.7426739538576,0,2.0,3.0,3.0,1.0,0.75,-6.9714,0.7738,1052.0493
47,82,129,0.2713178294573643,9.496124031007753,25.530528603808893,0.197911074448131,411.67338762448543,1,2.0,3.0,4.0,0.0,0.0,-8.4574,0.4813,1057.7556
47,83,130,0.2769230769230769,9.96923076923077,25.66229943873142,0.1974023033748571,410.61509661250415,0,2.0,3.0,4.0,1.0,0.75,-7.6806,0.6765,1059.7599
47,84,131,0.2824427480916031,10.450381679389311,25.79373282864238,0.1968987238827663,409.5676045708116,1,2.0,3.0,4.0,2.0,1.2,-7.2146,1.054,1062.7672
47,85,132,0.2878787878787879,10.93939393939394,25.92483220379743,0.1964002439681623,408.5307201231879,0,2.0,3.0,4.0,3.0,1.5,-6.6616,1.3308,1064.5135
47,86,133,0.2932330827067669,11.436090225563907,26.055600933891245,0.1959067739390319,407.5042567019279,1,2.0,3.0,4.0,4.0,1.7142857142857142,-6.2682,1.5542,1067.2098
48,44,92,-0.0434782608695652,0.1739130434782608,20.3794230552194,0.2215154679915152,481.003755813361,2,2.0,2.0,2.0,6.0,1.5,-1.276,1.387,727.1722
48,45,93,-0.032258064516129,0.0967741935483871,20.526833787405323,0.220718642875326,479.2735115234766,1,2.0,2.0,2.0,5.0,1.4285714285714286,-1.7249,1.4796,742.4475
48,46,94,-0.0212765957446808,0.0425531914893617,20.673717099616518,0.2199331606342182,477.5678974120862,2,2.0,2.0,2.0,4.0,1.3333333333333333,-2.383,1.4825,760.1818
48,47,95,-0.0105263157894736,0.0105263157894736,20.820080460021323,0.219158741684435,475.8863063846233,1,2.0,2.0,2.0,3.0,1.2,-2.8293,1.2838,774.8561
48,48,96,0.0,0.0,20.965931153671168,0.2183951161840747,474.2281525002082,2,2.0,2.0,2.0,2.0,1.0,-3.4555,1.0069,791.9894
48,85,133,0.2781954887218045,10.293233082706768,26.055600933891245,0.1959067739390319,425.3964515812631,1,2.0,2.0,4.0,3.0,1.2,-7.4973,1.0258,1081.2845
48,86,134,0.2835820895522388,10.776119402985074,26.18604232957348,0.1954182263401006,424.3356081462189,2,2.0,2.0,4.0,4.0,1.3333333333333333,-7.075,1.2311,1084.6368
48,87,135,0.2888888888888888,11.266666666666667,26.31615964391579,0.1949345158808577,423.2852681869752,1,2.0,2.0,4.0,5.0,1.4285714285714286,-6.4565,1.2267,1086.0261
49,46,95,-0.031578947368421,0.0947368421052631,20.820080460021323,0.219158741684435,496.3348193746149,1,2.0,1.0,2.0,4.0,0.8,-3.1955,0.9934,758.1158
49,47,96,-0.0208333333333333,0.0416666666666666,20.965931153671168,0.2183951161840747,494.6054157383369,0,2.0,1.0,2.0,3.0,0.75,-3.6904,0.8331,773.3001
49,48,97,-0.0103092783505154,0.0103092783505154,21.111276288848163,0.2176420235963728,492.8998662785414,1,2.0,1.0,2.0,2.0,0.6666666666666666,-4.379,0.6198,790.8744
49,49,98,0.0,0.0,21.256122803129635,0.216899212276833,491.21760108902834,0,2.0,1.0,2.0,1.0,0.5,-4.9053,0.2896,805.4637
49,84,133,0.2631578947368421,9.210526315789474,26.055600933891245,0.1959067739390319,443.6754496304847,1,2.0,1.0,4.0,2.0,0.6666666666666666,-8.9278,0.389,1093.3252
49,85,134,0.2686567164179104,9.671641791044776,26.18604232957348,0.1954182263401006,442.5690224699354,0,2.0,1.0,4.0,3.0,0.75,-8.2281,0.551,1095.5715
49,86,135,0.2740740740740741,10.14074074074074,26.31615964391579,0.1949345158808577,441.4735501124438,1,2.0,1.0,4.0,4.0,0.8,-7.6897,0.6913,1098.8618
49,87,136,0.2794117647058823,10.617647058823527,26.445956073831777,0.1944555593664101,440.3888441442514,0,2.0,1.0,4.0,5.0,0.8333333333333334,-7.0322,0.6793,1100.8741
49,88,137,0.2846715328467153,11.102189781021895,26.575434761451795,0.193981275631035,439.3147207471173,1,2.0,1.0,4.0,6.0,0.8571428571428571,-6.5452,0.6099,1103.8794
50,47,97,-0.0309278350515463,0.0927835051546391,21.111276288848163,0.2176420235963728,513.636656317371,1,3.0,0.0,2.0,3.0,0.0,-4.9368,0.5406,773.9071
50,48,98,-0.0204081632653061,0.0408163265306122,21.256122803129635,0.216899212276833,511.88361654987335,2,3.0,0.0,2.0,2.0,0.0,-5.6673,0.3704,792.0004
50,49,99,-0.0101010101010101,0.0101010101010101,21.40047746918492,0.216166439082676,510.15426682656863,1,3.0,0.0,2.0,1.0,0.0,-6.3608,0.1281,807.0867
50,53,103,0.029126213592233,0.087378640776699,21.973107636570678,0.2133311421026279,503.4629466649834,1,3.0,0.0,3.0,3.0,0.0,-4.2268,0.2646,859.1139
50,86,136,0.2647058823529412,9.529411764705882,26.445956073831777,0.1944555593664101,458.916442995945,2,3.0,0.0,4.0,4.0,0.0,-8.7446,0.3866,1114.9848
50,87,137,0.2700729927007299,9.992700729927009,26.575434761451795,0.193981275631035,457.79713015388296,1,3.0,0.0,4.0,5.0,0.0,-8.0444,0.3527,1116.9011
50,88,138,0.2753623188405797,10.46376811594203,26.70459879545431,0.1935115854743066,456.6886581886775,2,3.0,0.0,4.0,6.0,0.0,-7.5293,0.2916,1120.5364
50,89,139,0.2805755395683453,10.942446043165468,26.83345121235545,0.1930464115996795,455.5908446799557,1,3.0,0.0,4.0,7.0,0.0,-6.9243,0.1073,1122.2227
50,90,140,0.2857142857142857,11.428571428571429,26.9619949977585,0.1925856785554179,454.5035115611074,2,3.0,0.0,4.0,8.0,0.0,-6.5827,0.0175,1125.602
51,48,99,-0.0303030303030303,0.0909090909090909,21.40047746918492,0.216166439082676,531.1774169333067,1,3.0,1.0,2.0,2.0,0.6666666666666666,-5.0214,0.5375,787.6634
51,49,100,-0.02,0.04,21.544346900318832,0.2154434690031884,529.4008905632933,0,3.0,1.0,2.0,1.0,0.5,-5.5956,0.2211,803.1367
51,50,101,-0.0099009900990099,0.0099009900990099,21.68773755577532,0.2147300748096567,527.64789464689,1,3.0,1.0,3.0,0.0,0.0,-6.5463,0.088,820.969
51,51,102,0.0,0.0,21.830655745813875,0.2140260367236655,525.9178891311103,0,3.0,1.0,3.0,1.0,0.5,-5.0699,0.1738,833.4093
51,52,103,0.0097087378640776,0.0097087378640776,21.973107636570678,0.2133311421026279,524.210351497563,1,3.0,1.0,3.0,2.0,0.6666666666666666,-4.1421,0.355,847.1656
51,53,104,0.0192307692307692,0.0384615384615384,22.115099254715485,0.2126451851414951,522.5247760294737,0,3.0,1.0,3.0,3.0,0.75,-3.1693,0.4108,857.9839
51,87,138,0.2608695652173913,9.391304347826088,26.70459879545431,0.1935115854743066,475.5085227619347,0,3.0,1.0,4.0,5.0,0.8333333333333334,-6.2199,0.6846,1128.7071
51,88,139,0.2661870503597122,9.848920863309353,26.83345121235545,0.1930464115996795,474.3654690196525,1,3.0,1.0,4.0,6.0,0.8571428571428571,-5.5749,0.5518,1132.4074
51,89,140,0.2714285714285714,10.314285714285717,26.9619949977585,0.1925856785554179,473.233327557799,0,3.0,1.0,4.0,7.0,0.875,-4.8415,0.2983,1134.8087
51,90,141,0.2765957446808511,10.787234042553193,27.09023308756464,0.1921293126777634,472.1119173652748,1,3.0,1.0,4.0,8.0,0.8888888888888888,-4.3992,0.1935,1138.232
51,91,142,0.2816901408450704,11.267605633802816,27.218168369146653,0.1916772420362441,471.00106169011696,0,3.0,1.0,4.0,9.0,0.9,-3.3667,0.2878,1140.4133
52,48,100,-0.04,0.16,21.544346900318832,0.2154434690031884,550.7793237887336,2,3.0,2.0,2.0,2.0,1.0,-4.6913,0.8481,785.4224
52,49,101,-0.0297029702970297,0.0891089108910891,21.68773755577532,0.2147300748096567,548.9555378400288,1,3.0,2.0,2.0,1.0,0.6666666666666666,-5.1106,0.4194,801.2507
52,50,102,-0.0196078431372549,0.0392156862745098,21.830655745813875,0.2140260367236655,547.1556706975349,2,3.0,2.0,3.0,0.0,0.0,-5.9404,0.2095,819.472
52,51,103,-0.0097087378640776,0.0097087378640776,21.973107636570678,0.2133311421026279,545.3791787423585,1,3.0,2.0,3.0,1.0,0.6666666666666666,-4.5412,0.3518,832.4083
52,55,107,0.02803738317757,0.0841121495327102,22.538370740628164,0.2106389788843754,538.4966872760884,1,3.0,2.0,3.0,5.0,1.4285714285714286,-1.1567,0.7592,883.1655
52,89,141,0.2624113475177305,9.709219858156027,27.09023308756464,0.1921293126777634,491.17688926131547,1,3.0,2.0,4.0,7.0,1.5555555555555556,-3.5479,0.7771,1148.5837
52,90,142,0.2676056338028169,10.169014084507042,27.218168369146653,0.1916772420362441,490.0211746629904,2,3.0,2.0,4.0,8.0,1.6,-2.8347,0.6178,1152.724
52,91,143,0.2727272727272727,10.636363636363637,27.34580368248674,0.1912293963810262,488.8762612047922,1,3.0,2.0,4.0,9.0,1.6363636363636365,-1.9999,0.897,1154.9123
52,92,144,0.2777777777777778,11.11111111111111,27.47314182127996,0.190785707092222,487.74197346058463,2,3.0,2.0,4.0,10.0,1.6666666666666667,-1.8288,1.3102,1158.7876
52,93,145,0.2827586206896552,11.593103448275862,27.600185534004485,0.1903461071310654,486.6181400463549,1,3.0,2.0,4.0,11.0,1.6923076923076923,-1.07,1.524,1160.7419
52,94,146,0.2876712328767123,12.082191780821915,27.7269375249599,0.189910530992876,485.5045934999664,2,3.0,2.0,4.0,12.0,1.7142857142857142,-2.7889,1.8175,1164.3572
53,50,103,-0.029126213592233,0.087378640776699,21.973107636570678,0.2133311421026279,566.9694958014061,1,3.0,3.0,3.0,0.0,0.0,-5.3663,0.2561,814.83
53,51,104,-0.0192307692307692,0.0384615384615384,22.115099254715485,0.2126451851414951,565.1464301741295,0,3.0,3.0,3.0,1.0,0.75,-3.897,0.416,828.2643
53,52,105,-0.0095238095238095,0.0095238095238095,22.25663649191485,0.2119679665896653,563.3465885893806,1,3.0,3.0,3.0,2.0,1.2,-2.8958,0.6885,843.9536
53,53,106,0.0,0.0,22.397725109111345,0.2112992934821825,561.5694582048113,0,3.0,3.0,3.0,3.0,1.5,-1.6912,0.7401,856.6639
53,54,107,0.0093457943925233,0.0093457943925233,22.538370740628164,0.2106389788843754,559.8145422047415,1,3.0,3.0,3.0,4.0,1.7142857142857142,-0.8655,0.906,870.7062
53,55,108,0.0185185185185185,0.037037037037037,22.678578898107716,0.2099868416491455,558.0813591551064,0,3.0,3.0,3.0,5.0,1.875,-0.2773,1.0048,881.8545
53,90,143,0.2587412587412587,9.573426573426572,27.34580368248674,0.1912293963810262,508.2297567056529,1,3.0,3.0,4.0,8.0,2.1818181818181817,-2.1289,0.9982,1164.096
53,91,144,0.2638888888888889,10.02777777777778,27.47314182127996,0.190785707092222,507.0505650982466,0,3.0,3.0,4.0,9.0,2.25,-1.4629,1.312,1166.9683
53,92,145,0.2689655172413793,10.489655172413793,27.600185534004485,0.1903461071310654,505.88224168388393,1,3.0,3.0,4.0,10.0,2.3076923076923075,-0.7058,1.804,1170.8826
53,93,146,0.273972602739726,10.95890410958904,27.7269375249599,0.189910530992876,504.7246123709843,0,3.0,3.0,4.0,11.0,2.357142857142857,-2.0288,2.3491,1173.5259
53,94,147,0.2789115646258503,11.435374149659864,27.853400455274738,0.1894789146617329,503.57750702463903,1,3.0,3.0,4.0,12.0,2.4,-2.0481,2.937,1177.1612
53,95,148,0.2837837837837837,11.91891891891892,27.97957694388431,0.1890511955667859,502.44075935049926,0,3.0,3.0,4.0,13.0,2.4375,-1.805,3.6006,1179.5775
54,50,104,-0.0384615384615384,0.1538461538461538,22.115099254715485,0.2126451851414951,587.0875241102262,2,3.0,4.0,3.0,0.0,0.0,-4.9877,0.2444,812.29
54,51,105,-0.0285714285714285,0.0857142857142857,22.25663649191485,0.2119679665896653,585.2178059569057,1,3.0,4.0,3.0,1.0,0.8,-3.4057,0.3901,826.1823
54,52,106,-0.0188679245283018,0.0377358490566037,22.397725109111345,0.2112992934821825,583.3716807373298,2,3.0,4.0,3.0,2.0,1.3333333333333333,-2.4674,0.7394,842.3666
54,53,107,-0.0093457943925233,0.0093457943925233,22.538370740628164,0.2106389788843754,581.548632347579,1,3.0,4.0,3.0,3.0,1.7142857142857142,-1.1849,0.8868,855.5479
54,57,111,0.027027027027027,0.081081081081081,23.09663188088886,0.2080777646926925,574.4774310997796,1,3.0,4.0,3.0,7.0,2.5454545454545454,0.8042,1.7255,907.4661
54,93,147,0.2653061224489796,10.346938775510203,27.853400455274738,0.1894789146617329,523.1282655463351,1,3.0,4.0,4.0,11.0,2.933333333333333,-1.5999,3.2703,1187.4809
54,94,148,0.2702702702702703,10.81081081081081,27.97957694388431,0.1890511955667859,521.9473850843581,2,3.0,4.0,4.0,12.0,3.0,-1.5577,3.8857,1191.8072
54,95,149,0.2751677852348993,11.281879194630871,28.105469568479982,0.1886273125401341,520.7770955409397,1,3.0,4.0,4.0,13.0,3.0588235294117645,-1.4269,4.5564,1194.2095
54,96,150,0.28,11.76,28.23108086643085,0.1882072057762057,519.6172318001614,2,3.0,4.0,4.0,14.0,3.111111111111111,-1.3127,5.2344,1198.2648
55,52,107,-0.02803738317757,0.0841121495327102,22.538370740628164,0.2106389788843754,603.6990201604664,1,3.0,5.0,3.0,2.0,1.4285714285714286,-1.8286,0.6338,837.6826
55,53,108,-0.0185185185185185,0.037037037037037,22.678578898107716,0.2099868416491455,601.8299709844612,0,3.0,5.0,3.0,3.0,1.875,-0.8838,0.8942,851.3379
55,54,109,-0.0091743119266055,0.0091743119266055,22.818354974292443,0.2093427061861692,599.9838551804967,1,3.0,5.0,3.0,4.0,2.2222222222222223,-0.1261,1.0765,867.2362
55,55,110,0.0,0.0,22.957704246655545,0.2087064022423232,598.1601847968923,0,3.0,5.0,3.0,5.0,2.5,0.0407,1.2955,880.2035
55,56,111,0.009009009009009,0.009009009009009,23.09663188088886,0.2080777646926925,596.3584865796006,1,3.0,5.0,3.0,6.0,2.727272727272727,0.2983,1.6337,894.5148
55,57,112,0.0178571428571428,0.0357142857142857,23.235142934254814,0.2074566333415609,594.5783014018375,0,3.0,5.0,3.0,7.0,2.9166666666666665,1.0982,1.9974,905.9711
55,60,115,0.0434782608695652,0.217391304347826,23.64822562214429,0.2056367445403852,589.3624335131416,1,3.0,5.0,3.0,10.0,3.333333333333333,2.0022,2.6489,943.716
55,61,116,0.0517241379310344,0.3103448275862069,23.78511886631017,0.2050441281578463,587.6639732786464,0,3.0,5.0,3.0,11.0,3.4375,1.8625,2.8531,954.2033
55,94,149,0.261744966442953,10.208053691275168,28.105469568479982,0.1886273125401341,540.612779073949,1,3.0,5.0,4.0,12.0,3.5294117647058822,-1.6383,4.7814,1203.3782
55,95,150,0.2666666666666666,10.666666666666666,28.23108086643085,0.1882072057762057,539.408737718025,0,3.0,5.0,4.0,13.0,3.611111111111111,-1.3635,5.4838,1206.4395
55,96,151,0.271523178807947,11.132450331125828,28.35641333567881,0.1877908167925749,538.2153516564571,1,3.0,5.0,4.0,14.0,3.684210526315789,-1.2532,6.1934,1210.5118
55,97,152,0.2763157894736842,11.605263157894736,28.48146943560797,0.1873780883921577,537.0324569603096,0,3.0,5.0,4.0,15.0,3.75,-1.2091,6.9185,1213.3351
56,52,108,-0.037037037037037,0.1481481481481481,22.678578898107716,0.2099868416491455,624.3268504906212,2,3.0,6.0,3.0,2.0,1.5,-1.6912,0.5392,835.0836
56,53,109,-0.0275229357798165,0.0825688073394495,22.818354974292443,0.2093427061861692,622.4117254202549,1,3.0,6.0,3.0,3.0,2.0,-0.8179,0.9531,849.1759
56,54,110,-0.0181818181818181,0.0363636363636363,22.957704246655545,0.2087064022423232,620.5198847977842,2,3.0,6.0,3.0,4.0,2.4,-0.3199,1.2896,865.5452
56,55,111,-0.009009009009009,0.009009009009009,23.09663188088886,0.2080777646926925,618.6508376785519,1,3.0,6.0,3.0,5.0,2.727272727272727,0.1585,1.5964,878.9615
56,56,112,0.0,0.0,23.235142934254814,0.2074566333415609,616.8041077732516,2,3.0,6.0,3.0,6.0,3.0,0.397,1.8505,894.6658
56,57,113,0.0088495575221238,0.0088495575221238,23.373242358808824,0.2068428527328215,614.9792328842491,1,3.0,6.0,3.0,7.0,3.230769230769231,1.1615,2.2977,906.5121
56,59,115,0.0260869565217391,0.0782608695652174,23.64822562214429,0.2056367445403852,611.3932666245497,1,3.0,6.0,3.0,9.0,3.6,2.5492,2.7947,931.9587
56,60,116,0.0344827586206896,0.1379310344827586,23.78511886631017,0.2050441281578463,609.6313166054251,2,3.0,6.0,3.0,10.0,3.75,-0.0234,3.0867,945.516
56,62,118,0.0508474576271186,0.3050847457627119,24.05773138763989,0.2038790795562703,606.1674275427678,2,3.0,6.0,3.0,12.0,4.0,0.8052,3.4916,969.3396
56,95,151,0.2582781456953642,10.072847682119203,28.35641333567881,0.1877908167925749,558.3342664635321,1,3.0,6.0,4.0,13.0,4.105263157894737,-1.5364,6.3745,1219.8595
56,96,152,0.2631578947368421,10.526315789473683,28.48146943560797,0.1873780883921577,557.1071542296569,2,3.0,6.0,4.0,14.0,4.2,-1.4218,7.0721,1224.5958
56,97,153,0.2679738562091503,10.986928104575163,28.60625158788936,0.1869689646267278,555.8907591930647,1,3.0,6.0,4.0,15.0,4.285714285714286,-1.5014,7.8041,1227.4031
56,98,154,0.2727272727272727,11.454545454545457,28.730762177301624,0.1865633907616989,554.6849186184542,2,3.0,6.0,4.0,16.0,4.363636363636363,-1.7598,8.4968,1231.8554
56,99,155,0.2774193548387096,11.929032258064517,28.855003552528785,0.1861613132421212,553.4894732777864,1,3.0,6.0,4.0,17.0,4.434782608695652,-1.9281,9.0607,1234.4067
57,56,113,-0.0088495575221238,0.0088495575221238,23.373242358808824,0.2068428527328215,637.5481943762929,1,3.0,7.0,3.0,6.0,3.230769230769231,0.8828,2.3968,890.7638
57,57,114,0.0,0.0,23.510935004498357,0.2062362719692838,635.6785408425721,0,3.0,7.0,3.0,7.0,3.5,1.6008,2.7739,903.9711
57,58,115,0.008695652173913,0.008695652173913,23.64822562214429,0.2056367445403852,633.8306276818157,1,3.0,7.0,3.0,8.0,3.733333333333333,2.3177,3.0828,918.5304
57,59,116,0.0172413793103448,0.0344827586206896,23.78511886631017,0.2050441281578463,632.0040163212892,0,3.0,7.0,3.0,9.0,3.9375,0.1277,3.5512,930.2717
57,60,117,0.0256410256410256,0.0769230769230769,23.92161929806432,0.2044582845988404,630.1982807191329,1,3.0,7.0,3.0,10.0,4.117647058823529,-0.0677,3.9966,944.222
57,61,118,0.0338983050847457,0.135593220338983,24.05773138763989,0.2038790795562703,628.4130069028741,0,3.0,7.0,3.0,11.0,4.277777777777778,0.3631,4.2993,955.4703
57,62,119,0.042016806722689,0.2100840336134453,24.19345951699733,0.2033063824957759,626.6477925286822,1,3.0,7.0,3.0,12.0,4.421052631578948,0.5261,4.3948,968.8436
57,63,120,0.05,0.3,24.3288079822936,0.2027400665191133,624.9022464602665,0,3.0,7.0,3.0,13.0,4.55,0.779,4.1655,979.6239
57,64,121,0.0578512396694214,0.4049586776859504,24.463780996262468,0.2021800082335741,623.1759883663877,1,3.0,7.0,3.0,14.0,4.666666666666667,1.8629,4.0647,992.4462
57,65,122,0.0655737704918032,0.5245901639344263,24.598382690509563,0.2016260876271276,621.4686483360123,0,3.0,7.0,3.0,15.0,4.7727272727272725,1.5889,4.5098,1002.7765
57,66,123,0.073170731707317,0.6585365853658537,24.732617117726065,0.2010781879489924,619.7798665101997,1,3.0,7.0,3.0,16.0,4.869565217391305,1.201,5.0705,1015.0678
57,96,153,0.2549019607843137,9.941176470588236,28.60625158788936,0.1869689646267278,576.2912482944139,1,3.0,7.0,4.0,14.0,4.666666666666667,-2.0822,7.5496,1235.6468
57,97,154,0.2597402597402597,10.38961038961039,28.730762177301624,0.1865633907616989,575.0411548929783,0,3.0,7.0,4.0,15.0,4.7727272727272725,-1.9829,8.2816,1239.0881
57,98,155,0.2645161290322581,10.84516129032258,28.855003552528785,0.1861613132421212,573.801838217448,1,3.0,7.0,4.0,16.0,4.869565217391305,-2.0162,8.9497,1243.5564
57,99,156,0.2692307692307692,11.307692307692308,28.978978026935597,0.1857626796598436,572.573136731073,0,3.0,7.0,4.0,17.0,4.958333333333333,-2.0694,9.4545,1246.7467
57,100,157,0.2738853503184713,11.777070063694268,29.102687879321483,0.1853674387217929,571.3548923340896,1,3.0,7.0,4.0,18.0,5.04,-2.1918,9.8871,1250.915
58,56,114,-0.0175438596491228,0.0350877192982456,23.510935004498357,0.2062362719692838,658.589086316155,2,3.0,8.0,3.0,6.0,3.4285714285714284,1.106,3.0497,888.9508
58,57,115,-0.008695652173913,0.008695652173913,23.64822562214429,0.2056367445403852,656.6745723567549,1,3.0,8.0,3.0,7.0,3.733333333333333,0.0504,3.4109,902.5871
58,58,116,0.0,0.0,23.78511886631017,0.2050441281578463,654.7821279376161,2,3.0,8.0,3.0,8.0,4.0,-0.0318,4.1135,918.4924
58,59,117,0.0085470085470085,0.0085470085470085,23.92161929806432,0.2044582845988404,652.911311661867,1,3.0,8.0,3.0,9.0,4.235294117647059,-0.2055,4.2806,930.6067
58,60,118,0.0169491525423728,0.0338983050847457,24.05773138763989,0.2038790795562703,651.0616946370174,2,3.0,8.0,3.0,10.0,4.444444444444445,-1.1907,4.7496,944.984
58,61,119,0.0252100840336134,0.0756302521008403,24.19345951699733,0.2033063824957759,649.2328600183273,1,3.0,8.0,3.0,11.0,4.631578947368421,0.2777,5.1855,956.5733
58,62,120,0.0333333333333333,0.1333333333333333,24.3288079822936,0.2027400665191133,647.4244025725296,2,3.0,8.0,3.0,12.0,4.8,0.4164,5.3154,970.3846
58,63,121,0.0413223140495867,0.2066115702479339,24.463780996262468,0.2021800082335741,645.6359282608333,1,3.0,8.0,3.0,13.0,4.9523809523809526,0.504,5.0875,981.4759
58,64,122,0.0491803278688524,0.2950819672131147,24.598382690509563,0.2016260876271276,643.8670538402095,2,3.0,8.0,3.0,14.0,5.090909090909091,0.3798,5.0216,994.7462
58,65,123,0.056910569105691,0.3983739837398374,24.732617117726065,0.2010781879489924,642.1174064820101,1,3.0,8.0,3.0,15.0,5.217391304347826,0.5937,5.4084,1005.3575
58,66,124,0.064516129032258,0.5161290322580645,24.8664882538245,0.2005361955953589,640.3866234070376,2,3.0,8.0,3.0,16.0,5.333333333333333,0.6235,5.8816,1018.1068
58,67,125,0.072,0.648,25.0,0.2,638.6743515362255,1,3.0,8.0,3.0,15.0,5.217391304347826,0.7279,6.3206,1028.2541
58,96,154,0.2467532467532467,9.376623376623376,28.730762177301624,0.1865633907616989,595.7662630756374,2,3.0,8.0,4.0,14.0,5.090909090909091,-3.0069,8.2893,1248.8368
58,98,156,0.2564102564102564,10.256410256410255,28.978978026935597,0.1857626796598436,593.2092948569109,2,3.0,8.0,4.0,16.0,5.333333333333333,-2.7063,9.5238,1257.4314
58,99,157,0.2611464968152866,10.707006369426752,29.102687879321483,0.1853674387217929,591.9471436078604,1,3.0,8.0,4.0,17.0,5.44,-2.6552,9.9529,1260.5837
58,100,158,0.2658227848101265,11.164556962025316,29.22613535465364,0.1849755402193268,590.6956659982077,2,3.0,8.0,4.0,18.0,5.538461538461538,-2.7364,10.312,1265.347
58,101,159,0.270440251572327,11.628930817610064,29.34932266478004,0.1845869349986166,589.4547050615043,1,3.0,8.0,4.0,19.0,5.62962962962963,-2.7811,10.7053,1268.1793
58,102,160,0.275,12.1,29.472251989123087,0.1842015749320193,588.2241071082944,2,3.0,8.0,4.0,20.0,5.714285714285714,-2.9364,11.2506,1272.6026
59,65,124,0.0483870967741935,0.2903225806451613,24.8664882538245,0.2005361955953589,663.0605056562058,0,3.0,9.0,3.0,15.0,5.625,0.1443,6.2174,1005.4605
59,66,125,0.056,0.392,25.0,0.2,661.2876081424488,1,3.0,9.0,3.0,16.0,5.76,0.1595,6.6262,1018.5618
59,67,126,0.0634920634920634,0.5079365079365079,25.133156184720164,0.1994694935295251,659.5335213676266,0,3.0,9.0,3.0,15.0,5.625,0.3229,6.9822,1029.1461
59,68,127,0.0708661417322834,0.6377952755905512,25.26596056564665,0.1989445713830445,657.7978988140908,1,3.0,9.0,3.0,14.0,5.478260869565218,0.2524,7.2842,1041.6424
59,99,158,0.2531645569620253,10.126582278481012,29.22613535465364,0.1849755402193268,611.6101627824797,0,3.0,9.0,4.0,17.0,5.884615384615385,-3.0474,10.5317,1272.3527
59,100,159,0.2578616352201258,10.572327044025156,29.34932266478004,0.1845869349986166,610.3252636979042,1,3.0,9.0,4.0,18.0,6.0,-3.0991,10.8539,1277.151
59,101,160,0.2625,11.025,29.472251989123087,0.1842015749320193,609.0510945143354,0,3.0,9.0,4.0,19.0,6.107142857142857,-3.178,11.2817,1280.6183
59,102,161,0.2670807453416149,11.48447204968944,29.59492547535442,0.1838194128904001,607.7874994022096,1,3.0,9.0,4.0,20.0,6.206896551724138,-3.373,11.8561,1285.0526
60,66,126,0.0476190476190476,0.2857142857142857,25.133156184720164,0.1994694935295251,682.4812887540605,2,3.0,10.0,3.0,16.0,6.153846153846154,-0.4896,7.2663,1021.1318
60,67,127,0.0551181102362204,0.3858267716535433,25.26596056564665,0.1989445713830445,680.6852770598081,1,3.0,10.0,3.0,15.0,6.0,-0.2813,7.5536,1031.9951
60,68,128,0.0625,0.5,25.398416831491183,0.1984251314960249,678.9080228178159,2,3.0,10.0,3.0,14.0,5.833333333333333,-0.3034,7.7937,1044.9324
60,69,129,0.0697674418604651,0.627906976744186,25.530528603808893,0.197911074448131,677.1491858631924,1,3.0,10.0,3.0,13.0,5.652173913043479,-0.2495,7.8514,1055.2497
60,101,161,0.2546583850931677,10.440993788819876,29.59492547535442,0.1838194128904001,628.9348189921868,1,3.0,10.0,4.0,19.0,6.551724137931035,-3.8152,11.8019,1294.1373
60,102,162,0.2592592592592592,10.88888888888889,29.717345240051635,0.1834404027163681,627.6380424904407,2,3.0,10.0,4.0,20.0,6.666666666666667,-3.9701,12.3893,1299.2036
60,103,163,0.263803680981595,11.343558282208589,29.839513369337435,0.1830644991983892,626.351895356571,1,3.0,10.0,4.0,21.0,6.774193548387097,-3.8982,12.6786,1302.3339
60,104,164,0.2682926829268293,11.804878048780488,29.96143191950181,0.1826916580457427,625.0762260506729,2,3.0,10.0,4.0,22.0,6.875,-3.8689,12.7783,1307.0452
61,67,128,0.046875,0.28125,25.398416831491183,0.1984251314960249,702.1281196323043,0,3.0,11.0,3.0,15.0,6.346153846153846,-0.3397,7.7555,1031.8901
61,68,129,0.0542635658914728,0.3798449612403101,25.530528603808893,0.197911074448131,700.30912671694,1,3.0,11.0,3.0,14.0,6.16,-0.3537,7.9635,1045.1324
61,69,130,0.0615384615384615,0.4923076923076923,25.66229943873142,0.1974023033748571,698.5088382438628,0,3.0,11.0,3.0,13.0,5.958333333333333,-0.3196,8.0001,1055.8677
61,70,131,0.0687022900763358,0.6183206106870229,25.79373282864238,0.1968987238827663,696.7269202015195,1,3.0,11.0,3.0,12.0,5.739130434782608,-0.4216,7.9419,1068.493
61,71,132,0.0757575757575757,0.7575757575757576,25.92483220379743,0.1964002439681623,694.9630470344639,0,3.0,11.0,3.0,11.0,5.5,-0.0416,7.7144,1077.8723
61,101,162,0.2469135802469135,9.876543209876544,29.717345240051635,0.1834404027163681,649.1045970475591,0,3.0,11.0,4.0,19.0,6.966666666666667,-3.6228,11.8029,1305.2083
61,102,163,0.2515337423312883,10.312883435582824,29.839513369337435,0.1830644991983892,647.7744609491134,1,3.0,11.0,4.0,20.0,7.096774193548387,-3.8443,12.4141,1310.2966
61,103,164,0.2560975609756097,10.75609756097561,29.96143191950181,0.1826916580457427,646.4551610426172,0,3.0,11.0,4.0,21.0,7.21875,-3.6643,12.7144,1314.0289
61,104,165,0.2606060606060606,11.206060606060609,30.08310291760778,0.1823218358642896,645.146543777736,1,3.0,11.0,4.0,22.0,7.333333333333333,-3.6205,12.8507,1318.7412
62,68,130,0.0461538461538461,0.2769230769230769,25.66229943873142,0.1974023033748571,721.9997432903499,2,3.0,12.0,3.0,14.0,6.461538461538462,-0.5646,8.0151,1047.2354
62,69,131,0.0534351145038167,0.3740458015267175,25.79373282864238,0.1968987238827663,720.1578992095064,1,3.0,12.0,3.0,13.0,6.24,-0.5512,8.0433,1058.2277
62,70,132,0.0606060606060606,0.4848484848484848,25.92483220379743,0.1964002439681623,718.3347068544709,2,3.0,12.0,3.0,12.0,6.0,-0.6384,7.9641,1071.269
62,71,133,0.0676691729323308,0.6090225563909775,26.055600933891245,0.1959067739390319,716.5298381763325,1,3.0,12.0,3.0,11.0,5.739130434782608,-0.1995,7.6826,1080.5423
62,72,134,0.0746268656716417,0.746268656716418,26.18604232957348,0.1954182263401006,714.7429733070625,2,3.0,12.0,3.0,10.0,5.454545454545454,0.0885,7.2806,1092.9156
62,103,165,0.2484848484848484,10.187878787878788,30.08310291760778,0.1823218358642896,666.8428708264443,1,3.0,12.0,4.0,21.0,7.636363636363637,-3.651,12.5999,1326.8189
62,104,166,0.253012048192771,10.626506024096386,30.20452836208127,0.1819549901330197,665.5011310428864,2,3.0,12.0,4.0,22.0,7.764705882352941,-3.6833,12.7723,1332.1332
62,105,167,0.2574850299401197,11.071856287425147,30.32571022328558,0.1815910791813508,664.1701252278906,1,3.0,12.0,4.0,21.0,7.636363636363637,-3.1137,12.5558,1335.5085
62,106,168,0.2619047619047619,11.523809523809524,30.446650444080973,0.1812300621671487,662.8497040011817,2,3.0,12.0,4.0,20.0,7.5,-2.8374,12.2198,1340.4578
63,70,133,0.0526315789473684,0.3684210526315789,26.055600933891245,0.1959067739390319,740.2303641512719,1,3.0,13.0,3.0,12.0,6.24,-0.7429,7.9471,1070.999
63,71,134,0.0597014925373134,0.4776119402985074,26.18604232957348,0.1954182263401006,738.3843954806088,0,3.0,13.0,3.0,11.0,5.958333333333333,-0.2496,7.6183,1080.4203
63,72,135,0.0666666666666666,0.6,26.31615964391579,0.1949345158808577,736.5567038587735,1,3.0,13.0,3.0,10.0,5.652173913043479,0.0797,7.1759,1093.0646
63,73,136,0.0735294117647058,0.7352941176470589,26.445956073831777,0.1944555593664101,734.7469749352983,0,3.0,13.0,3.0,9.0,5.318181818181818,0.9393,6.4689,1103.4059
63,103,166,0.2409638554216867,9.63855421686747,30.20452836208127,0.1819549901330197,687.5137898356832,0,3.0,13.0,4.0,21.0,8.029411764705882,-3.4477,12.2988,1337.1779
63,104,167,0.2455089820359281,10.065868263473051,30.32571022328558,0.1815910791813508,686.1387585855828,1,3.0,13.0,4.0,22.0,8.17142857142857,-3.4887,12.5054,1342.5072
63,105,168,0.25,10.5,30.446650444080973,0.1812300621671487,684.7746620282538,0,3.0,13.0,4.0,21.0,8.029411764705882,-2.9588,12.3236,1346.4585
63,106,169,0.2544378698224852,10.940828402366863,30.56735094036984,0.1808718990554429,683.4213488922516,1,3.0,13.0,4.0,20.0,7.878787878787879,-2.5896,12.0541,1351.4028
64,71,135,0.0518518518518518,0.362962962962963,26.31615964391579,0.1949345158808577,760.5253176382137,1,3.0,14.0,3.0,11.0,6.16,-0.4685,7.7217,1082.1153
64,72,136,0.0588235294117647,0.4705882352941176,26.445956073831777,0.1944555593664101,758.6566975344872,2,3.0,14.0,3.0,10.0,5.833333333333333,-0.1183,7.2505,1095.1736
64,73,137,0.0656934306569343,0.5912408759124088,26.575434761451795,0.193981275631035,756.8063079979455,1,3.0,14.0,3.0,9.0,5.478260869565218,0.6477,6.494,1105.7489
64,74,138,0.072463768115942,0.7246376811594203,26.70459879545431,0.1935115854743066,754.973840032879,2,3.0,14.0,3.0,8.0,5.090909090909091,0.9642,5.7257,1118.4212
64,75,139,0.079136690647482,0.8705035971223022,26.83345121235545,0.1930464115996795,753.1589920714538,1,3.0,14.0,3.0,7.0,4.666666666666667,1.2985,4.9222,1128.6535
64,105,169,0.2426035502958579,9.946745562130175,30.56735094036984,0.1808718990554429,705.6608618508671,1,3.0,14.0,4.0,21.0,8.4,-3.091,12.2263,1358.5165
64,106,170,0.2470588235294117,10.376470588235296,30.687813601627905,0.1805165505978112,704.2744911643247,2,3.0,14.0,4.0,20.0,8.235294117647058,-2.8791,12.0317,1364.0388
65,72,137,0.0510948905109489,0.3576642335766423,26.575434761451795,0.193981275631035,781.041581267408,1,3.0,15.0,3.0,10.0,6.0,-0.2563,7.7955,1094.3506
65,73,138,0.0579710144927536,0.463768115942029,26.70459879545431,0.1935115854743066,779.1504320236292,0,3.0,15.0,3.0,9.0,5.625,0.4896,7.0505,1105.3259
65,74,139,0.0647482014388489,0.5827338129496403,26.83345121235545,0.1930464115996795,777.2774670303786,1,3.0,15.0,3.0,8.0,5.217391304347826,0.755,6.3175,1118.2652
65,104,169,0.2307692307692307,9.0,30.56735094036984,0.1808718990554429,728.2583001145116,1,3.0,15.0,4.0,22.0,8.91891891891892,-3.6635,12.8334,1363.6762
65,105,170,0.2352941176470588,9.411764705882351,30.687813601627905,0.1805165505978112,726.8275335606435,0,3.0,15.0,4.0,21.0,8.75,-3.3097,12.7826,1368.1635
65,106,171,0.239766081871345,9.830409356725148,30.80804029142188,0.1801639783124087,725.4079449204202,1,3.0,15.0,4.0,20.0,8.571428571428571,-3.1624,12.6505,1373.6978
66,73,139,0.0503597122302158,0.3525179856115107,26.83345121235545,0.1930464115996795,801.7780012069946,1,3.0,16.0,3.0,9.0,5.76,0.1635,7.6747,1106.7119
66,74,140,0.0571428571428571,0.4571428571428571,26.9619949977585,0.1925856785554179,799.8644426163064,2,3.0,16.0,3.0,8.0,5.333333333333333,0.3755,6.9817,1120.0552
66,75,141,0.0638297872340425,0.574468085106383,27.09023308756464,0.1921293126777634,797.9690221411327,1,3.0,16.0,3.0,7.0,4.869565217391305,0.4696,6.1946,1130.9275
66,76,142,0.0704225352112676,0.704225352112676,27.218168369146653,0.1916772420362441,796.091441033262,2,3.0,16.0,3.0,6.0,4.363636363636363,0.3305,5.3152,1143.8708
66,104,170,0.2235294117647059,8.494117647058824,30.687813601627905,0.1805165505978112,749.7378372576528,2,3.0,16.0,4.0,22.0,9.263157894736842,-4.0105,13.4037,1374.4762
66,105,171,0.2280701754385964,8.894736842105264,30.80804029142188,0.1801639783124087,748.2735018166129,1,3.0,16.0,4.0,21.0,9.08108108108108,-3.7334,13.3997,1378.9625
66,106,172,0.2325581395348837,9.30232558139535,30.92803284791408,0.1798141444646167,746.8205399049518,2,3.0,16.0,4.0,20.0,8.88888888888889,-3.6434,13.3212,1385.0508
67,73,140,0.0428571428571428,0.2571428571428571,26.9619949977585,0.1925856785554179,824.687690872624,0,3.0,15.0,3.0,9.0,5.625,0.0903,8.0001,1105.3149
67,74,141,0.0496453900709219,0.3475177304964539,27.09023308756464,0.1921293126777634,822.7334473138145,1,3.0,15.0,3.0,8.0,5.217391304347826,0.2976,7.328,1118.9452
67,75,142,0.056338028169014,0.4507042253521127,27.218168369146653,0.1916772420362441,820.7975967549233,0,3.0,15.0,3.0,7.0,4.7727272727272725,0.3366,6.5627,1130.2095
67,76,143,0.0629370629370629,0.5664335664335665,27.34580368248674,0.1912293963810262,818.879838373099,1,3.0,15.0,3.0,6.0,4.285714285714286,0.2096,5.6967,1143.4178
67,105,172,0.2209302325581395,8.395348837209303,30.92803284791408,0.1798141444646167,769.9976067643554,0,3.0,15.0,4.0,21.0,8.75,-3.7588,13.6388,1387.3505
67,106,173,0.2254335260115607,8.791907514450868,31.04779308435421,0.1794670120482903,768.5111212011783,1,3.0,15.0,4.0,20.0,8.571428571428571,-3.7277,13.6246,1393.4648
67,107,174,0.2298850574712643,9.195402298850574,31.167322789559027,0.1791225447675806,767.0360482443494,0,3.0,15.0,4.0,19.0,8.382352941176471,-3.6856,13.4121,1398.1221
67,108,175,0.2342857142857143,9.605714285714283,31.286623728379865,0.1787807070193135,765.5722354344557,1,3.0,15.0,4.0,18.0,8.181818181818182,-3.7712,13.1171,1403.8404
67,109,176,0.2386363636363636,10.022727272727272,31.405697642158756,0.178441463875902,764.1195332050743,0,3.0,15.0,4.0,17.0,7.96875,-3.5394,12.6311,1408.1497
68,75,143,0.0489510489510489,0.3426573426573426,27.34580368248674,0.1912293963810262,843.9068122955954,1,3.0,14.0,3.0,7.0,4.666666666666667,0.0466,6.8119,1131.2905
68,76,144,0.0555555555555555,0.4444444444444444,27.47314182127996,0.190785707092222,841.9487848142012,2,3.0,14.0,3.0,6.0,4.2,-0.1414,5.9656,1144.8958
68,77,145,0.0620689655172413,0.5586206896551724,27.600185534004485,0.1903461071310654,840.008803781339,1,3.0,14.0,3.0,5.0,3.684210526315789,0.1675,4.8286,1156.0401
68,105,173,0.2138728323699422,7.913294797687861,31.04779308435421,0.1794670120482903,791.9987037354634,1,3.0,14.0,4.0,21.0,8.4,-3.993,13.748,1396.9305
68,106,174,0.2183908045977011,8.298850574712644,31.167322789559027,0.1791225447675806,790.4785489354944,2,3.0,14.0,4.0,20.0,8.235294117647058,-4.0711,13.7794,1403.5768
68,107,175,0.2228571428571428,8.691428571428572,31.286623728379865,0.1787807070193135,788.9699984201352,1,3.0,14.0,4.0,19.0,8.06060606060606,-4.0647,13.5978,1408.2351
68,108,176,0.2272727272727272,9.090909090909092,31.405697642158756,0.178441463875902,787.4728980518473,2,3.0,14.0,4.0,18.0,7.875,-4.1592,13.3156,1414.4924
68,109,177,0.231638418079096,9.497175141242938,31.52454624917325,0.1781047810687755,785.9870966013697,1,3.0,14.0,4.0,17.0,7.67741935483871,-3.9706,12.8329,1418.7907
68,110,178,0.2359550561797752,9.910112359550562,31.6431712450704,0.1777706249723056,784.5124456767851,2,3.0,14.0,4.0,16.0,7.466666666666667,-3.9499,12.2626,1424.671
69,75,144,0.0416666666666666,0.25,27.47314182127996,0.190785707092222,867.2953944810434,0,3.0,13.0,3.0,7.0,4.55,-0.288,6.9855,1129.6135
69,76,145,0.0482758620689655,0.3379310344827586,27.600185534004485,0.1903461071310654,865.2970109148112,1,3.0,13.0,3.0,6.0,4.105263157894737,-0.5266,6.1547,1143.5038
69,77,146,0.0547945205479452,0.4383561643835616,27.7269375249599,0.189910530992876,863.3169193012666,0,3.0,13.0,3.0,5.0,3.611111111111111,-0.1793,4.9836,1155.0351
69,80,149,0.0738255033557047,0.8120805369127517,28.105469568479982,0.1886273125401341,857.4835187224791,1,3.0,13.0,3.0,2.0,1.7333333333333334,-1.4138,2.8721,1192.669
69,81,150,0.08,0.96,28.23108086643085,0.1882072057762057,855.573749552143,0,3.0,13.0,3.0,1.0,0.9285714285714286,-1.0177,1.595,1203.4573
69,108,177,0.2203389830508474,8.59322033898305,31.52454624917325,0.1781047810687755,809.6489968262459,1,3.0,13.0,4.0,18.0,7.548387096774194,-4.381,13.2235,1422.2434
69,109,178,0.2247191011235955,8.98876404494382,31.6431712450704,0.1777706249723056,808.1299519883327,0,3.0,13.0,4.0,17.0,7.366666666666666,-4.2455,12.7482,1427.0637
69,110,179,0.2290502793296089,9.391061452513966,31.7615743032901,0.1774389625882129,806.6222433521339,1,3.0,13.0,4.0,16.0,7.172413793103448,-4.2701,12.1812,1432.961
69,111,180,0.2333333333333333,9.8,31.879757075478327,0.1771097615304352,805.1257236934002,0,3.0,13.0,4.0,15.0,6.964285714285714,-4.1326,11.4817,1437.4383
69,112,181,0.2375690607734806,10.215469613259668,31.997721191890317,0.1767829900104437,803.6402485042178,1,3.0,13.0,4.0,14.0,6.7407407407407405,-4.2147,10.7367,1442.9556
69,113,182,0.2417582417582417,10.637362637362637,32.11546826178415,0.1764586168229899,802.165675928213,0,3.0,13.0,4.0,13.0,6.5,-3.909,9.8499,1447.5239
69,114,183,0.2459016393442623,11.065573770491802,32.232999873805014,0.1761366113322678,800.7018666976513,1,3.0,13.0,4.0,12.0,6.24,-3.7976,9.0029,1452.9212
70,76,146,0.0410958904109589,0.2465753424657534,27.7269375249599,0.189910530992876,888.9232663471926,2,3.0,12.0,3.0,6.0,4.0,-0.9669,6.2306,1144.0328
70,77,147,0.0476190476190476,0.3333333333333333,27.853400455274738,0.1894789146617329,886.9029792315563,1,3.0,12.0,3.0,5.0,3.5294117647058822,-0.6289,5.0345,1155.8171
70,78,148,0.054054054054054,0.4324324324324324,27.97957694388431,0.1890511955667859,884.9009340949776,2,3.0,12.0,3.0,4.0,3.0,-0.6517,4.3822,1169.6654
70,79,149,0.0604026845637583,0.5436241610738255,28.105469568479982,0.1886273125401341,882.91684462595,1,3.0,12.0,3.0,3.0,2.4,-1.2198,3.7339,1181.0617
70,80,150,0.0666666666666666,0.6666666666666666,28.23108086643085,0.1882072057762057,880.9504308896846,2,3.0,12.0,3.0,2.0,1.7142857142857142,-1.8659,2.927,1194.481
70,83,153,0.0849673202614379,1.1045751633986929,28.60625158788936,0.1869689646267278,875.1545365737414,1,3.0,12.0,4.0,1.0,0.9230769230769232,-1.1355,1.2538,1227.5339
70,109,179,0.217877094972067,8.497206703910615,31.7615743032901,0.1774389625882129,830.5470021938293,1,3.0,12.0,4.0,17.0,7.0344827586206895,-4.7131,12.5337,1436.5157
70,110,180,0.2222222222222222,8.88888888888889,31.879757075478327,0.1771097615304352,829.0060951254598,2,3.0,12.0,4.0,16.0,6.857142857142857,-4.7623,11.9534,1442.942
70,111,181,0.2265193370165746,9.28729281767956,31.997721191890317,0.1767829900104437,827.4765601103062,1,3.0,12.0,4.0,15.0,6.666666666666667,-4.6897,11.2756,1447.4163
70,112,182,0.2307692307692307,9.692307692307692,32.11546826178415,0.1764586168229899,825.9582510844746,2,3.0,12.0,4.0,14.0,6.461538461538462,-4.8471,10.5491,1453.4726
70,113,183,0.2349726775956284,10.103825136612022,32.232999873805014,0.1761366113322678,824.4510246494905,1,3.0,12.0,4.0,13.0,6.24,-4.521,9.6444,1458.2489
70,114,184,0.2391304347826087,10.521739130434783,32.35031759636025,0.1758169434584796,822.9547400094106,2,3.0,12.0,4.0,12.0,6.0,-4.3802,8.7797,1464.1972
70,115,185,0.2432432432432432,10.945945945945946,32.46742297798574,0.1754995836647878,821.4692589097531,1,3.0,12.0,4.0,11.0,5.739130434782608,-4.3479,8.067,1468.3365
70,116,186,0.2473118279569892,11.376344086021506,32.584317547703584,0.175184502944643,819.9944455781812,2,3.0,12.0,4.0,10.0,5.454545454545454,-4.4596,7.2738,1474.1088
71,76,147,0.0340136054421768,0.1700680272108843,27.853400455274738,0.1894789146617329,912.82631945539,1,3.0,11.0,3.0,6.0,3.882352941176471,-0.8239,5.9801,1141.8528
71,77,148,0.0405405405405405,0.2432432432432432,27.97957694388431,0.1890511955667859,910.7657564217758,0,3.0,11.0,3.0,5.0,3.4375,-0.2862,4.8868,1153.9451
71,78,149,0.046979865771812,0.3288590604026846,28.105469568479982,0.1886273125401341,908.7236738829936,1,3.0,11.0,3.0,4.0,2.933333333333333,-0.8329,4.238,1168.0084
71,79,150,0.0533333333333333,0.4266666666666667,28.23108086643085,0.1882072057762057,906.6997837220238,0,3.0,11.0,3.0,3.0,2.357142857142857,-1.3806,3.5763,1179.7127
71,80,151,0.0596026490066225,0.5364238410596026,28.35641333567881,0.1877908167925749,904.6938041961856,1,3.0,11.0,3.0,2.0,1.6923076923076923,-2.0122,2.764,1193.316
71,81,152,0.0657894736842105,0.6578947368421053,28.48146943560797,0.1873780883921577,902.7054597550108,0,3.0,11.0,3.0,1.0,0.9166666666666666,-1.5946,1.4796,1204.6253
71,83,154,0.0779220779220779,0.935064935064935,28.730762177301624,0.1865633907616989,898.7806038373567,0,3.0,11.0,4.0,1.0,0.9166666666666666,-1.3638,1.1989,1227.2879
71,111,182,0.2197802197802197,8.791208791208792,32.11546826178415,0.1764586168229899,850.100234204316,0,3.0,11.0,4.0,15.0,6.346153846153846,-4.3803,10.5863,1455.3033
71,113,184,0.2282608695652173,9.58695652173913,32.35031759636025,0.1758169434584796,847.008933324405,0,3.0,11.0,4.0,13.0,5.958333333333333,-4.2465,9.0028,1467.3249
71,114,185,0.2324324324324324,9.994594594594597,32.46742297798574,0.1754995836647878,845.480033008842,1,3.0,11.0,4.0,12.0,5.739130434782608,-4.1479,8.1711,1473.2432
71,115,186,0.2365591397849462,10.408602150537634,32.584317547703584,0.175184502944643,843.962112270196,0,3.0,11.0,4.0,11.0,5.5,-4.1945,7.5441,1477.8655
71,116,187,0.2406417112299465,10.828877005347591,32.70100281537152,0.1748716728094733,842.4550338630213,1,3.0,11.0,4.0,10.0,5.238095238095238,-4.3662,6.8406,1483.5898
72,79,151,0.0463576158940397,0.3245033112582781,28.35641333567881,0.1877908167925749,930.7580713971068,1,3.0,10.0,3.0,3.0,2.3076923076923075,-1.7025,3.292,1179.9437
72,80,152,0.0526315789473684,0.4210526315789473,28.48146943560797,0.1873780883921577,928.712442667522,2,3.0,10.0,3.0,2.0,1.6666666666666667,-2.3341,2.4951,1193.942
72,81,153,0.0588235294117647,0.5294117647058824,28.60625158788936,0.1869689646267278,926.6846797908372,1,3.0,10.0,3.0,1.0,0.9090909090909092,-1.9452,1.2739,1205.4913
72,82,154,0.0649350649350649,0.6493506493506493,28.730762177301624,0.1865633907616989,924.6745114829782,2,3.0,10.0,4.0,0.0,0.0,-2.7067,0.8687,1219.0346
72,83,155,0.0709677419354838,0.7806451612903226,28.855003552528785,0.1861613132421212,922.6816723065684,1,3.0,10.0,4.0,1.0,0.9090909090909092,-1.8654,1.1329,1228.7269
72,85,157,0.0828025477707006,1.0764331210191085,29.102687879321483,0.1853674387217929,918.7469478610794,1,3.0,10.0,4.0,3.0,2.3076923076923075,-0.6273,2.014,1249.7855
72,115,187,0.2299465240641711,9.88770053475936,32.70100281537152,0.1748716728094733,866.7261994281225,1,3.0,10.0,4.0,11.0,5.238095238095238,-4.2244,6.9208,1487.7255
72,116,188,0.2340425531914893,10.297872340425531,32.817480272024206,0.1745610652767245,865.1867180355789,2,3.0,10.0,4.0,10.0,5.0,-4.4598,6.2977,1493.9938
72,117,189,0.238095238095238,10.714285714285714,32.93375139020674,0.1742526528582367,863.6581164099538,1,3.0,10.0,4.0,9.0,4.7368421052631575,-3.4257,5.3451,1498.4451
72,118,190,0.2421052631578947,11.136842105263158,33.0498176243004,0.1739464085489495,862.1402607045635,2,3.0,10.0,4.0,8.0,4.444444444444445,-2.9347,4.5399,1504.5154
72,119,191,0.2460732984293193,11.565445026178011,33.16568041084109,0.1736423058159219,860.6330194127171,1,3.0,10.0,4.0,7.0,4.117647058823529,-3.4413,4.4993,1508.7827
73,80,153,0.0457516339869281,0.3202614379084967,28.60625158788936,0.1869689646267278,953.005167538673,1,3.0,9.0,3.0,2.0,1.6363636363636365,-2.4888,2.0831,1191.829
73,81,154,0.0519480519480519,0.4155844155844156,28.730762177301624,0.1865633907616989,950.9379047180072,0,3.0,9.0,3.0,1.0,0.9,-2.2301,1.1227,1203.7663
73,82,155,0.0580645161290322,0.5225806451612903,28.855003552528785,0.1861613132421212,948.8884632255453,1,3.0,9.0,4.0,0.0,0.0,-3.1778,0.7023,1217.5836
73,83,156,0.0641025641025641,0.6410256410256411,28.978978026935597,0.1857626796598436,946.856575930114,0,3.0,9.0,4.0,1.0,0.9,-2.3356,0.9427,1227.6069
73,85,158,0.0759493670886076,0.9113924050632912,29.22613535465364,0.1849755402193268,942.8444236679264,0,3.0,9.0,4.0,3.0,2.25,-1.0505,1.8235,1249.2035
73,115,188,0.2234042553191489,9.382978723404255,32.817480272024206,0.1745610652767245,889.7604882815547,0,3.0,9.0,4.0,11.0,4.95,-3.6177,6.2483,1495.3695
73,116,189,0.2275132275132275,9.783068783068783,32.93375139020674,0.1742526528582367,888.1884700102937,1,3.0,9.0,4.0,10.0,4.7368421052631575,-3.9837,5.7708,1501.6668
73,117,190,0.231578947368421,10.189473684210526,33.0498176243004,0.1739464085489495,886.627502874049,0,3.0,9.0,4.0,9.0,4.5,-3.6678,4.9323,1506.6491
73,118,191,0.2356020942408377,10.602094240837696,33.16568041084109,0.1736423058159219,885.0774516309643,1,3.0,9.0,4.0,8.0,4.235294117647059,-3.4896,4.0771,1512.7394
73,119,192,0.2395833333333333,11.020833333333334,33.28134116883046,0.1733403185876587,883.5381833912319,0,3.0,9.0,4.0,7.0,3.9375,-3.4162,3.9351,1517.5457
73,120,193,0.2435233160621761,11.44559585492228,33.39680130004011,0.1730404212437311,882.0095675641901,1,3.0,9.0,4.0,6.0,3.6,-4.0851,3.8007,1523.416
74,82,156,0.0512820512820512,0.4102564102564102,28.978978026935597,0.1857626796598436,973.375182334867,2,3.0,8.0,4.0,0.0,0.0,-3.8553,0.5377,1218.0946
74,83,157,0.0573248407643312,0.5159235668789809,29.102687879321483,0.1853674387217929,971.3041650517088,1,3.0,8.0,4.0,1.0,0.8888888888888888,-2.9627,0.7267,1228.2879
74,84,158,0.0632911392405063,0.6329113924050633,29.22613535465364,0.1849755402193268,969.2506617484986,2,3.0,8.0,4.0,2.0,1.6,-2.3394,1.2008,1240.5042
74,85,159,0.0691823899371069,0.7610062893081762,29.34932266478004,0.1845869349986166,967.214414864799,1,3.0,8.0,4.0,3.0,2.1818181818181817,-1.6412,1.5879,1250.3735
74,87,161,0.0807453416149068,1.049689440993789,29.59492547535442,0.1838194128904001,963.1926868546342,1,3.0,8.0,4.0,5.0,3.076923076923077,-0.7657,2.3137,1271.7921
74,115,189,0.2169312169312169,8.894179894179894,32.93375139020674,0.1742526528582367,913.063959126801,1,3.0,8.0,4.0,11.0,4.631578947368421,-4.0266,5.6622,1504.2765
74,118,192,0.2291666666666666,10.083333333333334,33.28134116883046,0.1733403185876587,908.2834319584784,2,3.0,8.0,4.0,8.0,4.0,-3.9886,3.7306,1522.7284
74,119,193,0.233160621761658,10.492227979274611,33.39680130004011,0.1730404212437311,906.7120041971988,1,3.0,8.0,4.0,7.0,3.733333333333333,-3.6681,3.3267,1527.5377
74,120,194,0.2371134020618556,10.90721649484536,33.51206218930888,0.172742588604685,905.151395253208,2,3.0,8.0,4.0,6.0,3.4285714285714284,-4.349,3.2446,1533.956
74,121,195,0.241025641025641,11.328205128205129,33.62712520483358,0.1724467959222235,903.6014754482642,1,3.0,8.0,4.0,5.0,3.076923076923077,-4.1618,2.6705,1538.5693
74,122,196,0.2448979591836734,11.755102040816327,33.74199169845321,0.1721530188696593,902.0621173133086,2,3.0,8.0,4.0,4.0,2.6666666666666665,-4.3207,2.1481,1544.7636
75,82,157,0.0445859872611464,0.3121019108280254,29.102687879321483,0.1853674387217929,998.1335312332204,1,3.0,7.0,4.0,0.0,0.0,-4.5939,0.3574,1215.8926
75,83,158,0.050632911392405,0.4050632911392405,29.22613535465364,0.1849755402193268,996.0233060564104,0,3.0,7.0,4.0,1.0,0.875,-3.609,0.483,1226.3879
75,84,159,0.0566037735849056,0.5094339622641509,29.34932266478004,0.1845869349986166,993.930813955976,1,3.0,7.0,4.0,2.0,1.5555555555555556,-2.8994,0.8926,1238.7992
75,85,160,0.0625,0.625,29.472251989123087,0.1842015749320193,991.8557957827662,0,3.0,7.0,4.0,3.0,2.1,-2.1592,1.2422,1248.9865
75,87,162,0.074074074074074,0.8888888888888888,29.717345240051635,0.1834404027163681,987.7571713602496,0,3.0,7.0,4.0,5.0,2.9166666666666665,-1.1199,1.8939,1270.9211
75,119,194,0.2268041237113402,9.97938144329897,33.51206218930888,0.172742588604685,930.1534894547308,0,3.0,7.0,4.0,7.0,3.5,-3.924,2.6595,1535.3437
75,120,195,0.2307692307692307,10.384615384615383,33.62712520483358,0.1724467959222235,928.5607577608904,1,3.0,7.0,4.0,6.0,3.230769230769231,-4.6066,2.6128,1541.795
75,121,196,0.2346938775510204,10.79591836734694,33.74199169845321,0.1721530188696593,926.9788794715146,0,3.0,7.0,4.0,5.0,2.9166666666666665,-4.4775,2.0817,1546.9443
75,122,197,0.2385786802030456,11.213197969543147,33.856663005926926,0.171861233532624,925.407725816777,1,3.0,7.0,4.0,4.0,2.5454545454545454,-4.7135,1.6052,1553.1636
75,123,198,0.2424242424242424,11.636363636363637,33.97114044720589,0.1715714164000298,923.8471701983636,0,3.0,7.0,4.0,3.0,2.1,-5.1124,1.1783,1558.1109
75,124,199,0.2462311557788944,12.06532663316583,34.08542532669918,0.1712835443552723,922.297088142106,1,3.0,7.0,4.0,2.0,1.5555555555555556,-5.7907,0.7908,1564.0852
76,84,160,0.05,0.4,29.472251989123087,0.1842015749320193,1018.8813239269,2,3.0,6.0,4.0,2.0,1.5,-3.6342,0.667,1239.0202
76,85,161,0.0559006211180124,0.5031055900621118,29.59492547535442,0.1838194128904001,1016.7674561868264,1,3.0,6.0,4.0,3.0,2.0,-2.8456,0.9625,1249.3695
76,86,162,0.0617283950617283,0.6172839506172839,29.717345240051635,0.1834404027163681,1014.6710224943238,2,3.0,6.0,4.0,4.0,2.4,-2.2389,1.2471,1261.7358
76,87,163,0.0674846625766871,0.7423312883435583,29.839513369337435,0.1830644991983892,1012.5917727690788,1,3.0,6.0,4.0,5.0,2.727272727272727,-1.6843,1.4974,1271.7751
76,89,165,0.0787878787878787,1.0242424242424242,30.08310291760778,0.1823218358642896,1008.4838502317244,1,3.0,6.0,4.0,7.0,3.230769230769231,-1.0154,2.0177,1293.5397
76,121,197,0.2284263959390862,10.279187817258885,33.856663005926926,0.171861233532624,950.622714371764,1,3.0,6.0,4.0,5.0,2.727272727272727,-5.0075,1.6086,1556.5493
76,122,198,0.2323232323232323,10.686868686868689,33.97114044720589,0.1715714164000298,949.019637612712,2,3.0,6.0,4.0,4.0,2.4,-5.2872,1.1997,1563.3156
76,123,199,0.236180904522613,11.100502512562814,34.08542532669918,0.1712835443552723,947.4273197935388,1,3.0,6.0,4.0,3.0,2.0,-5.7395,0.826,1568.2729
76,124,200,0.24,11.52,34.19951893353393,0.1709975946676697,945.8456351831408,2,3.0,6.0,4.0,2.0,1.5,-6.4561,0.5032,1574.8032
76,125,201,0.2437810945273631,11.945273631840797,34.3134225418098,0.1707135449841283,944.2744601389836,1,3.0,6.0,4.0,1.0,0.8571428571428571,-6.5916,0.1241,1579.5375
76,126,202,0.2475247524752475,12.376237623762377,34.42713741084797,0.1704313733210296,942.7136730622236,2,3.0,6.0,5.0,0.0,0.0,-7.3173,0.0643,1585.8178
77,84,161,0.0434782608695652,0.3043478260869565,29.59492547535442,0.1838194128904001,1044.1010928170492,1,3.0,5.0,4.0,2.0,1.4285714285714286,-4.108,0.5997,1236.5322
77,85,162,0.0493827160493827,0.3950617283950617,29.717345240051635,0.1834404027163681,1041.9483009509825,0,3.0,5.0,4.0,3.0,1.875,-3.2429,0.8362,1247.1715
77,86,163,0.0552147239263803,0.4969325153374233,29.839513369337435,0.1830644991983892,1039.8131550066878,1,3.0,5.0,4.0,4.0,2.2222222222222223,-2.5415,1.0582,1259.7248
77,87,164,0.0609756097560975,0.6097560975609756,29.96143191950181,0.1826916580457427,1037.695403411227,0,3.0,5.0,4.0,5.0,2.5,-1.8834,1.2295,1270.0701
77,88,165,0.0666666666666666,0.7333333333333333,30.08310291760778,0.1823218358642896,1035.5947996842776,1,3.0,5.0,4.0,6.0,2.727272727272727,-1.5785,1.4965,1282.2744
77,89,166,0.072289156626506,0.8674698795180723,30.20452836208127,0.1819549901330197,1033.5111023049235,0,3.0,5.0,4.0,7.0,2.9166666666666665,-1.0527,1.6305,1292.3347
77,121,198,0.2222222222222222,9.77777777777778,33.97114044720589,0.1715714164000298,974.5320178247368,0,3.0,5.0,4.0,5.0,2.5,-5.5364,1.4039,1563.9763
77,123,200,0.23,10.58,34.19951893353393,0.1709975946676697,971.2726890714862,0,3.0,5.0,4.0,3.0,1.875,-6.4312,0.7491,1576.2819
77,124,201,0.2338308457711442,10.99004975124378,34.3134225418098,0.1707135449841283,969.6592763185216,1,3.0,5.0,4.0,2.0,1.4285714285714286,-7.1788,0.4614,1582.8512
77,125,202,0.2376237623762376,11.405940594059404,34.42713741084797,0.1704313733210296,968.056530791426,0,3.0,5.0,4.0,1.0,0.8333333333333334,-7.2847,0.1196,1588.1315
77,126,203,0.2413793103448276,11.827586206896552,34.540664785434856,0.1701510580563294,966.4643296761864,1,3.0,5.0,5.0,0.0,0.0,-8.0296,0.0721,1594.4448
78,86,164,0.048780487804878,0.3902439024390244,29.96143191950181,0.1826916580457427,1065.223318572076,2,3.0,4.0,4.0,4.0,2.0,-3.1405,0.9634,1259.6048
78,87,165,0.0545454545454545,0.4909090909090909,30.08310291760778,0.1823218358642896,1063.066990168124,1,3.0,4.0,4.0,5.0,2.2222222222222223,-2.382,1.0659,1270.1071
78,88,166,0.0602409638554216,0.6024096385542169,30.20452836208127,0.1819549901330197,1060.9280166022404,2,3.0,4.0,4.0,6.0,2.4,-1.9901,1.2618,1282.6194
78,89,167,0.0658682634730539,0.7245508982035929,30.32571022328558,0.1815910791813508,1058.8061549050608,1,3.0,4.0,4.0,7.0,2.5454545454545454,-1.3845,1.3428,1292.8277
78,91,169,0.0769230769230769,1.0,30.56735094036984,0.1808718990554429,1054.6128192674864,1,3.0,4.0,4.0,9.0,2.769230769230769,-0.4499,1.8829,1314.9313
78,125,203,0.2315270935960591,10.881773399014778,34.540664785434856,0.1701510580563294,992.1026316151316,1,3.0,4.0,4.0,1.0,0.8,-8.1622,0.1847,1597.9435
78,126,204,0.2352941176470588,11.294117647058824,34.65400589606056,0.1698725779218655,990.478892818499,2,3.0,4.0,5.0,0.0,0.0,-8.9137,0.1345,1604.8148
78,127,205,0.2390243902439024,11.71219512195122,34.76716195915227,0.1695959119958648,988.865732157619,1,3.0,4.0,5.0,1.0,0.8,-7.8119,0.2651,1607.7771
78,128,206,0.2427184466019417,12.135922330097088,34.880134177302764,0.1693210396956445,987.2630296206984,2,3.0,4.0,5.0,2.0,1.3333333333333333,-6.911,0.476,1612.3594
78,129,207,0.2463768115942029,12.565217391304348,34.992923739494074,0.1690479407705028,985.6706671316292,1,3.0,4.0,5.0,3.0,1.7142857142857142,-6.0487,0.6875,1615.2377
78,130,208,0.25,13.0,35.105531821316504,0.1687765952947909,984.0885285095964,2,3.0,4.0,5.0,4.0,2.0,-5.2905,0.8951,1619.715
79,88,167,0.0538922155688622,0.4850299401197604,30.32571022328558,0.1815910791813508,1086.5280574127416,1,3.0,3.0,4.0,6.0,2.0,-2.2997,0.9819,1280.2554
79,89,168,0.0595238095238095,0.5952380952380952,30.446650444080973,0.1812300621671487,1084.367956173725,0,3.0,3.0,4.0,7.0,2.1,-1.6375,0.9584,1290.7607
79,90,169,0.0650887573964497,0.7159763313609467,30.56735094036984,0.1808718990554429,1082.2249309119502,1,3.0,3.0,4.0,8.0,2.1818181818181817,-1.1062,1.0273,1303.12
79,91,170,0.0705882352941176,0.8470588235294118,30.687813601627905,0.1805165505978112,1080.098746789273,0,3.0,3.0,4.0,9.0,2.25,-0.5821,1.3943,1313.3503
79,125,204,0.2254901960784313,10.372549019607844,34.65400589606056,0.1698725779218655,1016.4118354779532,0,3.0,3.0,4.0,1.0,0.75,-8.9815,0.1398,1605.6095
79,126,205,0.2292682926829268,10.77560975609756,34.76716195915227,0.1695959119958648,1014.75643867936,1,3.0,3.0,5.0,0.0,0.0,-9.6998,0.0767,1612.5358
79,127,206,0.233009708737864,11.184466019417476,34.880134177302764,0.1693210396956445,1013.1117738216956,0,3.0,3.0,5.0,1.0,0.75,-8.5657,0.1957,1615.9051
79,128,207,0.2367149758454106,11.599033816425122,34.992923739494074,0.1690479407705028,1011.4777197373572,1,3.0,3.0,5.0,2.0,1.2,-7.674,0.4189,1620.3964
79,129,208,0.2403846153846154,12.01923076923077,35.105531821316504,0.1687765952947909,1009.8541572036572,0,3.0,3.0,5.0,3.0,1.5,-6.7025,0.566,1623.6947
79,130,209,0.2440191387559808,12.444976076555024,35.21795958518306,0.168506983661163,1008.2409689024354,1,3.0,3.0,5.0,4.0,1.7142857142857142,-5.8755,0.7179,1628.078
79,131,210,0.2476190476190476,12.876190476190477,35.33020818053945,0.1682390865739974,1006.6380393806946,0,3.0,3.0,5.0,5.0,1.875,-4.9972,0.7996,1631.2983
79,132,211,0.2511848341232227,13.312796208530806,35.44227874406976,0.1679728850429847,1005.0452550122362,1,3.0,3.0,5.0,6.0,2.0,-4.2462,0.8575,1635.5686
79,133,212,0.2547169811320754,13.754716981132075,35.55417239989791,0.1677083603768769,1003.4625039602598,0,3.0,3.0,5.0,7.0,2.1,-3.3995,0.7809,1638.7059
79,134,213,0.2582159624413145,14.2018779342723,35.665890259784945,0.1674454941773941,1001.8896761409028,1,3.0,3.0,5.0,8.0,2.1818181818181817,-2.6692,0.6646,1642.8572
80,88,168,0.0476190476190476,0.3809523809523809,30.446650444080973,0.1812300621671487,1112.3938806001115,2,3.0,2.0,4.0,6.0,1.5,-3.2376,0.927,1279.7484
80,89,169,0.0532544378698224,0.4792899408284023,30.56735094036984,0.1808718990554429,1110.1954679915525,1,3.0,2.0,4.0,7.0,1.5555555555555556,-2.4074,0.8457,1290.4057
80,90,170,0.0588235294117647,0.5882352941176471,30.687813601627905,0.1805165505978112,1108.0143317880809,2,3.0,2.0,4.0,8.0,1.6,-1.7005,0.7693,1303.065
80,91,171,0.0643274853801169,0.7076023391812866,30.80804029142188,0.1801639783124087,1105.850235787335,1,3.0,2.0,4.0,9.0,1.6363636363636365,-1.0887,0.9875,1313.4403
80,93,173,0.0751445086705202,0.976878612716763,31.04779308435421,0.1794670120482903,1101.572242401916,1,3.0,2.0,4.0,11.0,1.6923076923076923,0.0606,1.4719,1335.8829
80,129,209,0.2344497607655502,11.48803827751196,35.21795958518306,0.168506983661163,1034.2993608321942,1,3.0,2.0,5.0,3.0,1.2,-7.5898,0.4452,1633.3287
80,130,210,0.238095238095238,11.904761904761903,35.33020818053945,0.1682390865739974,1032.655002954533,2,3.0,2.0,5.0,4.0,1.3333333333333333,-6.7336,0.5531,1638.135
80,131,211,0.2417061611374407,12.32701421800948,35.44227874406976,0.1679728850429847,1031.021052435707,1,3.0,2.0,5.0,5.0,1.4285714285714286,-5.7202,0.5745,1641.2413
80,132,212,0.2452830188679245,12.754716981132075,35.55417239989791,0.1677083603768769,1029.3973945484483,2,3.0,2.0,5.0,6.0,1.5,-4.9482,0.6167,1645.9476
80,133,213,0.2488262910798122,13.187793427230046,35.665890259784945,0.1674454941773941,1027.7839163637332,1,3.0,2.0,5.0,7.0,1.5555555555555556,-4.099,0.5597,1648.9689
80,134,214,0.2523364485981308,13.626168224299066,35.77743342332243,0.1671842683332824,1026.180506714309,2,3.0,2.0,5.0,8.0,1.6,-3.3877,0.4701,1653.5692
80,135,215,0.2558139534883721,14.069767441860463,35.8888029781218,0.16692466501452,1024.5870561591337,1,3.0,2.0,5.0,9.0,1.6363636363636365,-2.4453,0.2262,1656.4995
81,90,171,0.0526315789473684,0.4736842105263157,30.80804029142188,0.1801639783124087,1134.0683482056118,1,3.0,1.0,4.0,8.0,0.8888888888888888,-2.0362,0.2961,1300.304
81,91,172,0.0581395348837209,0.5813953488372093,30.92803284791408,0.1798141444646167,1131.866268202561,0,3.0,1.0,4.0,9.0,0.9,-1.4427,0.5737,1310.9693
81,92,173,0.0635838150289017,0.6994219653179191,31.04779308435421,0.1794670120482903,1129.6811927525212,1,3.0,1.0,4.0,10.0,0.9090909090909092,-0.9948,0.8856,1323.4856
81,93,174,0.0689655172413793,0.8275862068965517,31.167322789559027,0.1791225447675806,1127.512893385997,0,3.0,1.0,4.0,11.0,0.9166666666666666,-0.417,1.0408,1333.8879
81,94,175,0.0742857142857142,0.9657142857142856,31.286623728379865,0.1787807070193135,1125.361145993633,1,3.0,1.0,4.0,12.0,0.9230769230769232,0.0046,1.1273,1346.0872
81,131,212,0.2358490566037736,11.79245283018868,35.55417239989791,0.1677083603768769,1055.6646506943662,0,3.0,1.0,5.0,5.0,0.8333333333333334,-6.3724,0.3904,1649.0453
81,133,214,0.2429906542056074,12.63551401869159,35.77743342332243,0.1671842683332824,1052.3656771495196,0,3.0,1.0,5.0,7.0,0.875,-4.714,0.3607,1657.0999
81,134,215,0.2465116279069767,13.065116279069768,35.8888029781218,0.16692466501452,1050.7315663263948,1,3.0,1.0,5.0,8.0,0.8888888888888888,-3.9973,0.2903,1661.6062
81,135,216,0.25,13.5,35.99999999999999,0.1666666666666666,1049.1075582259382,0,3.0,1.0,5.0,9.0,0.9,-3.1465,0.1168,1664.9685
81,136,217,0.2534562211981567,13.940092165898616,36.1110255531613,0.1664102560053516,1047.493544049166,1,3.0,1.0,5.0,10.0,0.9090909090909092,-2.4962,0.0256,1669.3598
81,137,218,0.2568807339449541,14.385321100917432,36.22188069037562,0.1661554160108974,1045.889416663245,0,3.0,1.0,5.0,11.0,0.9166666666666666,-1.5014,0.1278,1672.6361
82,90,172,0.0465116279069767,0.3720930232558139,30.92803284791408,0.1798141444646167,1160.3859718958386,2,4.0,0.0,4.0,8.0,0.0,-2.7987,0.2363,1299.366
82,91,173,0.0520231213872832,0.4682080924855491,31.04779308435421,0.1794670120482903,1158.1458389658353,1,4.0,0.0,4.0,9.0,0.0,-2.1769,0.4557,1310.1813
82,92,174,0.057471264367816,0.5747126436781609,31.167322789559027,0.1791225447675806,1155.922904827352,2,4.0,0.0,4.0,10.0,0.0,-1.7069,0.7208,1322.9916
82,93,175,0.0628571428571428,0.6914285714285714,31.286623728379865,0.1787807070193135,1153.7169397241355,1,4.0,0.0,4.0,11.0,0.0,-1.1042,0.8364,1333.5369
82,94,176,0.0681818181818181,0.8181818181818182,31.405697642158756,0.178441463875902,1151.5277182596697,2,4.0,0.0,4.0,12.0,0.0,-0.6687,0.9031,1346.0472
82,95,177,0.0734463276836158,0.9548022598870056,31.52454624917325,0.1781047810687755,1149.3550192902346,1,4.0,0.0,4.0,13.0,0.0,-0.2022,0.8821,1356.3235
82,134,216,0.2407407407407407,12.51851851851852,35.99999999999999,0.1666666666666666,1075.5419856344834,2,4.0,0.0,5.0,8.0,0.0,-4.7805,0.2008,1671.2902
82,135,217,0.2442396313364055,12.944700460829493,36.1110255531613,0.1664102560053516,1073.8873030436316,1,4.0,0.0,5.0,9.0,0.0,-3.9963,0.0679,1674.5395
82,136,218,0.2477064220183486,13.376146788990823,36.22188069037562,0.1661554160108974,1072.2427563617052,2,4.0,0.0,5.0,10.0,0.0,-3.3933,0.0192,1679.3678
82,137,219,0.2511415525114155,13.812785388127852,36.33256645315319,0.165902129923074,1070.608237430718,1,4.0,0.0,5.0,11.0,0.0,-2.3682,0.1261,1682.5291
82,138,220,0.2545454545454545,14.254545454545454,36.44308387191581,0.165650381235981,1068.9836397339373,2,4.0,0.0,5.0,12.0,0.0,-1.7664,0.4283,1687.2494
82,139,221,0.2579185520361991,14.701357466063348,36.553433966164725,0.1654001536930531,1067.3688583636506,1,4.0,0.0,5.0,13.0,0.0,-1.0964,0.6584,1690.3157
82,140,222,0.2612612612612612,15.153153153153154,36.66361774464523,0.1651514312821858,1065.763789989714,2,4.0,0.0,5.0,14.0,0.0,-0.6431,0.9264,1694.92
83,93,176,0.0568181818181818,0.5681818181818182,31.405697642158756,0.178441463875902,1180.1833953018918,0,4.0,1.0,4.0,11.0,0.9166666666666666,-0.1691,1.2804,1329.4609
83,94,177,0.0621468926553672,0.6836158192090396,31.52454624917325,0.1781047810687755,1177.9566288888414,1,4.0,1.0,4.0,12.0,0.9230769230769232,0.3375,1.2987,1342.2202
83,95,178,0.0674157303370786,0.8089887640449438,31.6431712450704,0.1777706249723056,1175.7465737372715,0,4.0,1.0,4.0,13.0,0.9285714285714286,0.879,1.2292,1352.8715
83,96,179,0.0726256983240223,0.9441340782122905,31.7615743032901,0.1774389625882129,1173.5530116018213,1,4.0,1.0,4.0,14.0,0.9333333333333332,0.3034,1.2108,1365.3088
83,97,180,0.0777777777777777,1.0888888888888888,31.879757075478327,0.1771097615304352,1171.3757282862389,0,4.0,1.0,4.0,15.0,0.9375,0.6393,1.1399,1375.6901
83,98,181,0.0828729281767955,1.2430939226519335,31.997721191890317,0.1767829900104437,1169.214513546263,1,4.0,1.0,4.0,16.0,0.9411764705882352,0.8478,1.014,1387.8044
83,99,182,0.0879120879120879,1.4065934065934067,32.11546826178415,0.1764586168229899,1167.0691609953535,0,4.0,1.0,4.0,17.0,0.9444444444444444,1.0301,0.7491,1397.9127
83,100,183,0.0928961748633879,1.5792349726775956,32.232999873805014,0.1761366113322678,1164.9394680131752,1,4.0,1.0,4.0,18.0,0.9473684210526316,1.0153,0.6256,1409.701
83,101,184,0.0978260869565217,1.7608695652173914,32.35031759636025,0.1758169434584796,1162.8252356567389,0,4.0,1.0,4.0,19.0,0.95,1.1728,0.932,1419.5293
83,102,185,0.1027027027027027,1.9513513513513516,32.46742297798574,0.1754995836647878,1160.7262685741105,1,4.0,1.0,4.0,20.0,0.9523809523809524,1.1644,1.3757,1430.9876
83,136,219,0.2420091324200913,12.82648401826484,36.33256645315319,0.165902129923074,1097.2502395328677,1,4.0,1.0,5.0,10.0,0.9090909090909092,-1.8476,0.1201,1685.7868
83,137,220,0.2454545454545454,13.254545454545454,36.44308387191581,0.165650381235981,1095.5852138496955,0,4.0,1.0,5.0,11.0,0.9166666666666666,-1.0968,0.3812,1689.4901
83,138,221,0.248868778280543,13.687782805429864,36.553433966164725,0.1654001536930531,1093.9302487715336,1,4.0,1.0,5.0,12.0,0.9230769230769232,-1.586,0.9252,1694.2294
83,139,222,0.2522522522522522,14.126126126126126,36.66361774464523,0.1651514312821858,1092.285238396875,0,4.0,1.0,5.0,13.0,0.9285714285714286,-1.4221,1.4471,1697.8367
83,140,223,0.2556053811659193,14.5695067264574,36.77363620550805,0.1649041982309778,1090.650078409573,1,4.0,1.0,5.0,14.0,0.9333333333333332,-1.4291,2.0032,1702.446
83,141,224,0.2589285714285714,15.017857142857142,36.88349033646757,0.1646584390020874,1089.0246660481257,0,4.0,1.0,5.0,15.0,0.9375,-1.1919,2.3688,1705.9503
84,94,178,0.0561797752808988,0.5617977528089888,31.6431712450704,0.1777706249723056,1204.6469070884543,2,4.0,2.0,4.0,12.0,1.7142857142857142,-0.0384,2.1913,1340.2572
84,95,179,0.0614525139664804,0.6759776536312849,31.7615743032901,0.1774389625882129,1202.3994262953977,1,4.0,2.0,4.0,13.0,1.7333333333333334,0.0987,2.3424,1351.1265
84,96,180,0.0666666666666666,0.8,31.879757075478327,0.1771097615304352,1200.1686244622829,2,4.0,2.0,4.0,14.0,1.75,0.0363,2.4675,1363.9378
84,97,181,0.0718232044198895,0.9337016574585636,31.997721191890317,0.1767829900104437,1197.9542861769582,1,4.0,2.0,4.0,15.0,1.7647058823529411,0.2532,2.3759,1374.5171
84,98,182,0.0769230769230769,1.0769230769230769,32.11546826178415,0.1764586168229899,1195.7561999798172,2,4.0,2.0,4.0,16.0,1.7777777777777777,0.3785,2.2329,1387.0064
84,99,183,0.081967213114754,1.2295081967213115,32.232999873805014,0.1761366113322678,1193.574158270034,1,4.0,2.0,4.0,17.0,1.7894736842105263,0.6639,2.0107,1397.2917
84,100,184,0.0869565217391304,1.391304347826087,32.35031759636025,0.1758169434584796,1191.4079572145197,2,4.0,2.0,4.0,18.0,1.8,0.7341,1.9092,1409.456
84,101,185,0.0918918918918919,1.5621621621621622,32.46742297798574,0.1754995836647878,1189.257396659509,1,4.0,2.0,4.0,19.0,1.809523809523809,0.9071,2.1997,1419.4423
84,139,223,0.2466367713004484,13.565022421524665,36.77363620550805,0.1649041982309778,1117.458704978936,1,4.0,2.0,5.0,13.0,1.7333333333333334,-2.4796,2.9523,1706.5377
84,140,224,0.25,14.0,36.88349033646757,0.1646584390020874,1115.7933393145163,2,4.0,2.0,5.0,14.0,1.75,-2.2257,3.5391,1711.687
84,141,225,0.2533333333333333,14.44,36.993181114957046,0.164414138288698,1114.137857151308,1,4.0,2.0,5.0,15.0,1.7647058823529411,-2.0396,3.9539,1715.1743
84,142,226,0.2566371681415929,14.88495575221239,37.1027095082808,0.1641712810100921,1112.4921562961636,2,4.0,2.0,5.0,16.0,1.7777777777777777,-1.8519,4.3331,1720.1856
84,143,227,0.2599118942731278,15.334801762114536,37.21207647376352,0.1639298523073283,1110.8561360587812,1,4.0,2.0,5.0,17.0,1.7894736842105263,-1.4469,4.6046,1723.5459
84,144,228,0.2631578947368421,15.789473684210526,37.32128295889665,0.1636898375390204,1109.2296972231036,2,4.0,2.0,5.0,18.0,1.8,-1.1437,4.837,1728.4112
84,145,229,0.2663755458515284,16.24890829694323,37.43032990148211,0.1634512222772145,1107.6127420193775,1,4.0,2.0,5.0,19.0,1.809523809523809,-0.9179,4.9568,1731.6355
85,100,185,0.081081081081081,1.2162162162162162,32.46742297798574,0.1754995836647878,1218.136433189787,1,4.0,3.0,4.0,18.0,2.571428571428572,0.9788,2.9498,1406.614
85,101,186,0.086021505376344,1.3763440860215057,32.584317547703584,0.175184502944643,1215.9494690011015,0,4.0,3.0,4.0,19.0,2.590909090909091,1.1326,3.2577,1416.9623
85,102,187,0.0909090909090909,1.5454545454545454,32.70100281537152,0.1748716728094733,1213.7781260435156,1,4.0,3.0,4.0,20.0,2.608695652173913,1.1725,3.6791,1428.9756
85,103,188,0.0957446808510638,1.7234042553191489,32.817480272024206,0.1745610652767245,1211.622210091104,0,4.0,3.0,4.0,21.0,2.625,1.268,4.0024,1439.0209
85,104,189,0.1005291005291005,1.91005291005291,32.93375139020674,0.1742526528582367,1209.481530349517,1,4.0,3.0,4.0,22.0,2.64,1.234,4.3079,1450.6792
85,105,190,0.1052631578947368,2.1052631578947367,33.0498176243004,0.1739464085489495,1207.3558993775805,0,4.0,3.0,4.0,21.0,2.625,1.0548,4.5568,1460.4135
85,140,225,0.2444444444444444,13.444444444444445,36.993181114957046,0.164414138288698,1141.192747006789,1,4.0,3.0,5.0,14.0,2.4705882352941178,-2.0042,4.535,1718.928
85,141,226,0.247787610619469,13.876106194690266,37.1027095082808,0.1641712810100921,1139.5070831837895,0,4.0,3.0,5.0,15.0,2.5,-1.7704,4.9716,1722.7023
85,142,227,0.2511013215859031,14.312775330396477,37.21207647376352,0.1639298523073283,1137.831335055429,1,4.0,3.0,5.0,16.0,2.526315789473684,-1.6448,5.3763,1727.4376
85,143,228,0.2543859649122807,14.75438596491228,37.32128295889665,0.1636898375390204,1136.165400996361,0,4.0,3.0,5.0,17.0,2.55,-1.3095,5.6473,1731.2779
85,144,229,0.2576419213973799,15.200873362445416,37.43032990148211,0.1634512222772145,1134.5091808626646,1,4.0,3.0,5.0,18.0,2.571428571428572,-1.1118,5.8807,1736.1292
85,145,230,0.2608695652173913,15.652173913043478,37.539218229773184,0.1632139923033617,1132.8625759638935,0,4.0,3.0,5.0,19.0,2.590909090909091,-0.9402,6.0195,1739.8755
85,146,231,0.264069264069264,16.10822510822511,37.64794886261285,0.1629781336043846,1131.2254890357704,1,4.0,3.0,5.0,20.0,2.608695652173913,-0.9338,6.1582,1744.5568
85,147,232,0.2672413793103448,16.56896551724138,37.75652270956944,0.1627436323688338,1129.59782421351,0,4.0,3.0,5.0,21.0,2.625,-0.7458,6.147,1748.1571
85,148,233,0.2703862660944206,17.034334763948497,37.86494067106982,0.1625104749831323,1127.979487005755,1,4.0,3.0,5.0,22.0,2.64,-0.8615,6.2228,1752.6594
86,100,186,0.075268817204301,1.053763440860215,32.584317547703584,0.175184502944643,1245.1239660359174,2,4.0,4.0,4.0,18.0,3.272727272727273,1.0856,3.9187,1405.599
86,101,187,0.0802139037433155,1.2032085561497323,32.70100281537152,0.1748716728094733,1242.9005256513476,1,4.0,4.0,4.0,19.0,3.3043478260869565,1.2422,4.2438,1416.1173
86,102,188,0.0851063829787234,1.3617021276595744,32.817480272024206,0.1745610652767245,1240.692882414896,2,4.0,4.0,4.0,20.0,3.333333333333333,1.2258,4.6896,1428.4916
86,103,189,0.0899470899470899,1.529100529100529,32.93375139020674,0.1742526528582367,1238.50084095445,1,4.0,4.0,4.0,21.0,3.36,1.2742,5.0284,1438.6859
86,104,190,0.0947368421052631,1.7052631578947368,33.0498176243004,0.1739464085489495,1236.3242093315257,2,4.0,4.0,4.0,22.0,3.3846153846153846,1.1906,5.3214,1450.7082
86,105,191,0.0994764397905759,1.8900523560209423,33.16568041084109,0.1736423058159219,1234.162798963228,1,4.0,4.0,4.0,21.0,3.36,1.1652,5.5986,1460.5735
86,106,192,0.1041666666666666,2.083333333333333,33.28134116883046,0.1733403185876587,1232.016424546387,2,4.0,4.0,4.0,20.0,3.333333333333333,0.7715,5.7609,1472.2358
86,144,230,0.2521739130434782,14.62608695652174,37.539218229773184,0.1632139923033617,1160.0435540438984,2,4.0,4.0,5.0,18.0,3.272727272727273,-1.3416,6.8396,1745.7812
86,145,231,0.2554112554112554,15.069264069264069,37.64794886261285,0.1629781336043846,1158.3671881909945,1,4.0,4.0,5.0,19.0,3.3043478260869565,-1.2095,7.0134,1749.2505
86,146,232,0.2586206896551724,15.517241379310343,37.75652270956944,0.1627436323688338,1156.7004705102547,2,4.0,4.0,5.0,20.0,3.333333333333333,-1.247,7.1577,1754.4538
86,147,233,0.2618025751072961,15.969957081545065,37.86494067106982,0.1625104749831323,1155.043304243174,1,4.0,4.0,5.0,21.0,3.36,-1.1807,7.1874,1758.0071
86,148,234,0.2649572649572649,16.427350427350426,37.97320363853009,0.1622786480279064,1153.3955940115436,2,4.0,4.0,5.0,22.0,3.3846153846153846,-1.2517,7.2841,1763.0324
87,104,191,0.0890052356020942,1.513089005235602,33.16568041084109,0.1736423058159219,1263.4247391116394,1,4.0,5.0,4.0,22.0,4.074074074074074,1.0025,6.4692,1448.1632
87,105,192,0.09375,1.6875,33.28134116883046,0.1733403185876587,1261.2274742614013,0,4.0,5.0,4.0,21.0,4.038461538461538,0.9376,6.7164,1458.3795
87,106,193,0.0984455958549222,1.8704663212435235,33.39680130004011,0.1730404212437311,1259.0454154495728,1,4.0,5.0,4.0,20.0,4.0,0.6785,6.8499,1470.1918
87,107,194,0.1030927835051546,2.061855670103093,33.51206218930888,0.172742588604685,1256.8783794699611,0,4.0,5.0,4.0,19.0,3.9583333333333335,0.782,6.6265,1480.0721
87,108,195,0.1076923076923077,2.261538461538461,33.62712520483358,0.1724467959222235,1254.7261862534867,1,4.0,5.0,4.0,18.0,3.9130434782608696,0.7221,6.2827,1491.4984
87,109,196,0.1122448979591836,2.4693877551020407,33.74199169845321,0.1721530188696593,1252.588658798706,0,4.0,5.0,4.0,17.0,3.863636363636364,0.8363,5.8424,1501.0317
87,147,234,0.2564102564102564,15.384615384615383,37.97320363853009,0.1622786480279064,1180.742547645019,0,4.0,5.0,5.0,21.0,4.038461538461538,-1.3343,7.9015,1765.8681
87,148,235,0.2595744680851063,15.83404255319149,38.08131249448381,0.1620481382743992,1179.0653542685602,1,4.0,5.0,5.0,22.0,4.074074074074074,-1.4213,7.9888,1770.8614
87,149,236,0.2627118644067797,16.28813559322034,38.189268112707936,0.1618189326809659,1177.3976499857488,0,4.0,5.0,5.0,23.0,4.107142857142857,-1.1849,8.0834,1774.7507
88,105,193,0.0880829015544041,1.4974093264248705,33.39680130004011,0.1730404212437311,1288.5490308107533,1,4.0,6.0,4.0,21.0,4.666666666666667,0.6338,7.8418,1457.7845
88,106,194,0.0927835051546391,1.6701030927835052,33.51206218930888,0.172742588604685,1286.3312139814343,2,4.0,6.0,4.0,20.0,4.615384615384615,0.4389,7.9249,1469.9478
88,107,195,0.0974358974358974,1.8512820512820516,33.62712520483358,0.1724467959222235,1284.128587730486,1,4.0,6.0,4.0,19.0,4.56,0.5656,7.6666,1479.9531
88,108,196,0.1020408163265306,2.0408163265306123,33.74199169845321,0.1721530188696593,1281.9409709087329,2,4.0,6.0,4.0,18.0,4.5,0.5633,7.2874,1491.7324
88,109,197,0.1065989847715736,2.238578680203046,33.856663005926926,0.171861233532624,1279.7681854373425,1,4.0,6.0,4.0,17.0,4.434782608695652,0.6853,6.7623,1501.3737
88,110,198,0.1111111111111111,2.4444444444444446,33.97114044720589,0.1715714164000298,1277.6100562405193,2,4.0,6.0,4.0,16.0,4.363636363636363,0.6325,6.2228,1512.761
88,111,199,0.1155778894472361,2.658291457286432,34.08542532669918,0.1712835443552723,1275.4664111799975,1,4.0,6.0,4.0,15.0,4.285714285714286,0.6785,5.5994,1522.0283
88,112,200,0.12,2.88,34.19951893353393,0.1709975946676697,1273.33708099129,2,4.0,6.0,4.0,14.0,4.2,0.442,4.9851,1533.0116
88,147,235,0.251063829787234,14.812765957446809,38.08131249448381,0.1620481382743992,1206.6947711832884,1,4.0,6.0,5.0,21.0,4.666666666666667,-1.7535,8.5953,1775.5211
88,148,236,0.2542372881355932,15.254237288135592,38.189268112707936,0.1618189326809659,1204.9879870507016,2,4.0,6.0,5.0,22.0,4.714285714285714,-1.8198,8.673,1780.6264
88,149,237,0.2573839662447257,15.70042194092827,38.29707135834644,0.1615910183896475,1203.2908186256864,1,4.0,6.0,5.0,23.0,4.758620689655173,-1.6585,8.76,1784.2017
89,108,197,0.0964467005076142,1.83248730964467,33.856663005926926,0.171861233532624,1309.411536019307,1,4.0,7.0,4.0,18.0,5.04,0.5913,8.0564,1489.4154
89,109,198,0.101010101010101,2.0202020202020203,33.97114044720589,0.1715714164000298,1307.2034179408174,0,4.0,7.0,4.0,17.0,4.958333333333333,0.7531,7.4675,1499.3987
89,110,199,0.1055276381909547,2.2160804020100504,34.08542532669918,0.1712835443552723,1305.0101194955846,1,4.0,7.0,4.0,16.0,4.869565217391305,0.7681,6.8762,1510.912
89,111,200,0.11,2.42,34.19951893353393,0.1709975946676697,1302.831467498438,0,4.0,7.0,4.0,15.0,4.7727272727272725,0.8788,6.1686,1520.5223
89,112,201,0.1144278606965174,2.6318407960199006,34.3134225418098,0.1707135449841283,1300.6672916410532,1,4.0,7.0,4.0,14.0,4.666666666666667,0.7036,5.4922,1531.6166
89,113,202,0.1188118811881188,2.851485148514852,34.42713741084797,0.1704313733210296,1298.5174244301377,0,4.0,7.0,4.0,13.0,4.55,0.6806,4.6206,1541.4359
89,114,203,0.1231527093596059,3.078817733990148,34.540664785434856,0.1701510580563294,1296.3817011272376,1,4.0,7.0,4.0,12.0,4.421052631578948,0.5471,3.7736,1552.0702
89,115,204,0.1274509803921568,3.313725490196078,34.65400589606056,0.1698725779218655,1294.2599596901266,0,4.0,7.0,4.0,11.0,4.277777777777778,0.3742,3.452,1560.9725
89,148,237,0.2489451476793249,14.68776371308017,38.29707135834644,0.1615910183896475,1231.1627191733555,1,4.0,7.0,5.0,22.0,5.310344827586207,-2.21,9.1388,1788.2504
89,149,238,0.2521008403361344,15.126050420168069,38.4047230880316,0.1613643827228219,1229.4359809758284,0,4.0,7.0,5.0,23.0,5.366666666666666,-1.8742,9.2196,1792.1777
90,111,201,0.1044776119402985,2.194029850746269,34.3134225418098,0.1707135449841283,1330.4512184011664,1,4.0,8.0,4.0,15.0,5.217391304347826,0.8611,6.7289,1520.5613
90,112,202,0.1089108910891089,2.396039603960396,34.42713741084797,0.1704313733210296,1328.2521214695023,2,4.0,8.0,4.0,14.0,5.090909090909091,0.7482,5.9857,1531.9996
90,113,203,0.1133004926108374,2.605911330049261,34.540664785434856,0.1701510580563294,1326.0674923266215,1,4.0,8.0,4.0,13.0,4.9523809523809526,0.7676,5.0659,1541.9809
90,114,204,0.1176470588235294,2.823529411764706,34.65400589606056,0.1698725779218655,1323.8971652196988,2,4.0,8.0,4.0,12.0,4.8,0.6967,4.1777,1552.9572
90,115,205,0.1219512195121951,3.048780487804878,34.76716195915227,0.1695959119958648,1321.7409770954816,1,4.0,8.0,4.0,11.0,4.631578947368421,0.5498,3.8031,1561.9255
90,116,206,0.1262135922330097,3.2815533980582523,34.880134177302764,0.1693210396956445,1319.5987675434112,2,4.0,8.0,4.0,10.0,4.444444444444445,0.2634,3.5499,1572.6578
90,117,207,0.1304347826086956,3.5217391304347827,34.992923739494074,0.1690479407705028,1317.4703787402111,1,4.0,8.0,4.0,9.0,4.235294117647059,-0.1295,3.2883,1581.3961
90,119,209,0.138755980861244,4.023923444976076,35.21795958518306,0.168506983661163,1313.2544447011703,1,4.0,8.0,4.0,7.0,3.733333333333333,-1.275,3.0782,1600.3657
90,148,238,0.2436974789915966,14.134453781512605,38.4047230880316,0.1613643827228219,1257.58878488576,2,4.0,8.0,5.0,22.0,5.866666666666666,-2.6559,9.6423,1797.4474
90,149,239,0.2468619246861924,14.564853556485357,38.51222415000313,0.1611390131799294,1255.8323736826558,1,4.0,8.0,5.0,23.0,5.935483870967742,-2.3767,9.6625,1801.3467
90,150,240,0.25,15.0,38.61957538422518,0.1609148974342716,1254.085733913087,2,4.0,8.0,5.0,24.0,6.0,-2.0854,9.7083,1806.692
91,114,205,0.1121951219512195,2.580487804878049,34.76716195915227,0.1695959119958648,1351.6662528161455,1,4.0,9.0,4.0,12.0,5.142857142857143,0.764,4.5437,1551.3202
91,115,206,0.116504854368932,2.796116504854369,34.880134177302764,0.1693210396956445,1349.4755419218243,0,4.0,9.0,4.0,11.0,4.95,0.7026,4.1101,1560.6195
91,116,207,0.1207729468599033,3.0193236714975846,34.992923739494074,0.1690479407705028,1347.2989646892115,1,4.0,9.0,4.0,10.0,4.7368421052631575,0.4636,3.8075,1571.4368
91,117,208,0.125,3.25,35.105531821316504,0.1687765952947909,1345.1363623124334,0,4.0,9.0,4.0,9.0,4.5,0.1147,3.5142,1580.5071
91,118,209,0.1291866028708134,3.488038277511962,35.21795958518306,0.168506983661163,1342.9875785224658,1,4.0,9.0,4.0,8.0,4.235294117647059,-0.2502,3.2284,1591.0494
91,119,210,0.1333333333333333,3.733333333333333,35.33020818053945,0.1682390865739974,1340.852459534702,0,4.0,9.0,4.0,7.0,3.9375,-0.8561,3.1035,1599.8767
91,148,239,0.2384937238493724,13.594142259414228,38.51222415000313,0.1611390131799294,1284.2654257652002,1,4.0,9.0,5.0,22.0,6.387096774193548,-2.9413,10.0419,1804.0464
91,149,240,0.2416666666666666,14.016666666666667,38.61957538422518,0.1609148974342716,1282.4792406704923,0,4.0,9.0,5.0,23.0,6.46875,-2.7406,10.0566,1808.4297
91,150,241,0.2448132780082987,14.443983402489629,38.7267776225012,0.1606920233298805,1280.7029513602913,1,4.0,9.0,5.0,24.0,6.545454545454546,-2.6037,10.0679,1813.761
91,151,242,0.2479338842975206,14.87603305785124,38.833831688586685,0.1604703788784574,1278.9364622887863,0,4.0,9.0,5.0,25.0,6.617647058823529,-2.4412,9.9119,1817.9053
92,116,208,0.1153846153846153,2.769230769230769,35.105531821316504,0.1687765952947909,1375.2518045521308,2,4.0,10.0,4.0,10.0,5.0,0.525,4.1156,1571.9768
92,117,209,0.1196172248803827,2.9904306220095696,35.21795958518306,0.168506983661163,1373.0549129450487,1,4.0,10.0,4.0,9.0,4.7368421052631575,0.2012,3.7992,1581.1121
92,118,210,0.1238095238095238,3.219047619047619,35.33020818053945,0.1682390865739974,1370.8719920731396,2,4.0,10.0,4.0,8.0,4.444444444444445,-0.1358,3.4884,1591.9884
92,119,211,0.1279620853080568,3.454976303317536,35.44227874406976,0.1679728850429847,1368.7028871965997,1,4.0,10.0,4.0,7.0,4.117647058823529,-0.6124,3.2068,1600.8647
92,120,212,0.1320754716981132,3.69811320754717,35.55417239989791,0.1677083603768769,1366.5474460124838,2,4.0,10.0,4.0,6.0,3.75,-1.3297,3.1144,1611.453
92,121,213,0.136150234741784,3.948356807511737,35.665890259784945,0.1674454941773941,1364.4055186050546,1,4.0,10.0,4.0,5.0,3.333333333333333,-1.1599,2.4169,1620.0543
92,122,214,0.1401869158878504,4.205607476635514,35.77743342332243,0.1671842683332824,1362.2769573973658,2,4.0,10.0,4.0,4.0,2.857142857142857,-1.1731,1.7267,1630.3406
92,125,217,0.152073732718894,5.018433179723503,36.1110255531613,0.1664102560053516,1355.9700293018368,1,4.0,10.0,4.0,1.0,0.9090909090909092,-1.8403,0.0056,1656.6275
92,128,220,0.1636363636363636,5.890909090909091,36.44308387191581,0.165650381235981,1349.7782990682383,2,4.0,10.0,5.0,2.0,1.6666666666666667,-1.355,0.5225,1680.7884
92,149,241,0.2365145228215767,13.481327800829876,38.7267776225012,0.1606920233298805,1309.3758330386936,1,4.0,10.0,5.0,23.0,6.96969696969697,-3.1943,10.5009,1816.5807
92,150,242,0.2396694214876033,13.900826446280991,38.833831688586685,0.1604703788784574,1307.569795114678,2,4.0,10.0,5.0,24.0,7.0588235294117645,-3.0256,10.5126,1822.395
92,151,243,0.242798353909465,14.325102880658436,38.94073839830002,0.1602499522563787,1305.7736804978642,1,4.0,10.0,5.0,25.0,7.142857142857143,-2.8648,10.3365,1826.5033
92,152,244,0.2459016393442623,14.754098360655735,39.04749855963123,0.1600307318017673,1303.9873941631245,2,4.0,10.0,5.0,26.0,7.222222222222222,-2.7448,10.0615,1832.0526
92,153,245,0.2489795918367346,15.187755102040816,39.15411297284888,0.1598127060116281,1302.2108423799568,1,4.0,10.0,5.0,27.0,7.297297297297297,-2.3585,9.8269,1835.9139
92,154,246,0.2520325203252032,15.626016260162602,39.260582430605055,0.1595958635390449,1300.443932689649,2,4.0,10.0,5.0,28.0,7.368421052631579,-2.0466,9.514,1841.3342
93,118,211,0.1184834123222748,2.962085308056872,35.44227874406976,0.1679728850429847,1399.008082076386,1,4.0,11.0,4.0,8.0,4.631578947368421,-0.1403,3.9038,1590.4314
93,119,212,0.1226415094339622,3.188679245283019,35.55417239989791,0.1677083603768769,1396.804916096957,0,4.0,11.0,4.0,7.0,4.277777777777778,-0.308,3.48,1599.6317
93,120,213,0.1267605633802817,3.422535211267605,35.665890259784945,0.1674454941773941,1394.615563110092,1,4.0,11.0,4.0,6.0,3.882352941176471,-1.0711,3.3893,1610.288
93,121,214,0.1308411214953271,3.663551401869159,35.77743342332243,0.1671842683332824,1392.4398722712642,0,4.0,11.0,4.0,5.0,3.4375,-0.864,2.6779,1619.2153
93,122,215,0.1348837209302325,3.911627906976744,35.8888029781218,0.16692466501452,1390.2776950782636,1,4.0,11.0,4.0,4.0,2.933333333333333,-0.835,1.9497,1629.5536
93,123,216,0.1388888888888889,4.166666666666667,35.99999999999999,0.1666666666666666,1388.1288853241367,0,4.0,11.0,4.0,3.0,2.357142857142857,-1.1483,1.3475,1638.1919
93,124,217,0.1428571428571428,4.428571428571429,36.1110255531613,0.1664102560053516,1385.9932990512775,1,4.0,11.0,4.0,2.0,1.6923076923076923,-1.6457,0.738,1648.1962
93,125,218,0.146788990825688,4.697247706422019,36.22188069037562,0.1661554160108974,1383.870794506651,0,4.0,11.0,4.0,1.0,0.9166666666666666,-1.1967,0.056,1656.5305
93,128,221,0.1583710407239819,5.542986425339366,36.553433966164725,0.1654001536930531,1377.580385870272,1,4.0,11.0,5.0,2.0,1.6923076923076923,-0.9523,0.7659,1681.2394
93,150,243,0.2345679012345679,13.37037037037037,38.94073839830002,0.1602499522563787,1334.6855255933588,1,4.0,11.0,5.0,24.0,7.542857142857143,-3.203,11.3221,1828.45
93,151,244,0.2377049180327868,13.78688524590164,39.04749855963123,0.1600307318017673,1332.8596881215592,0,4.0,11.0,5.0,25.0,7.638888888888889,-3.0042,11.1539,1833.0253
93,152,245,0.2408163265306122,14.208163265306125,39.15411297284888,0.1598127060116281,1331.0438007393316,1,4.0,11.0,5.0,26.0,7.72972972972973,-2.8036,10.8708,1838.5536
93,153,246,0.2439024390243902,14.634146341463415,39.260582430605055,0.1595958635390449,1329.2377689407851,0,4.0,11.0,5.0,27.0,7.815789473684211,-2.471,10.6663,1842.8809
93,154,247,0.2469635627530364,15.064777327935223,39.36690771803848,0.1593801931904392,1327.4414994971398,1,4.0,11.0,5.0,28.0,7.897435897435898,-2.2463,10.3604,1848.1362
94,121,215,0.1255813953488372,3.390697674418605,35.8888029781218,0.16692466501452,1420.7248755367614,1,4.0,12.0,4.0,5.0,3.5294117647058822,-0.6499,2.9482,1619.8533
94,122,216,0.1296296296296296,3.6296296296296298,35.99999999999999,0.1666666666666666,1418.5290066961034,2,4.0,12.0,4.0,4.0,3.0,-0.6801,2.2159,1630.5206
94,123,217,0.1336405529953917,3.87557603686636,36.1110255531613,0.1664102560053516,1416.346650931894,1,4.0,12.0,4.0,3.0,2.4,-0.9361,1.5907,1639.1929
94,124,218,0.1376146788990825,4.128440366972477,36.22188069037562,0.1661554160108974,1414.1776633866964,2,4.0,12.0,4.0,2.0,1.7142857142857142,-1.3742,0.9545,1649.5282
94,125,219,0.1415525114155251,4.388127853881279,36.33256645315319,0.165902129923074,1412.0219014112758,1,4.0,12.0,4.0,1.0,0.9230769230769232,-0.7634,0.1851,1657.8815
94,126,220,0.1454545454545454,4.654545454545454,36.44308387191581,0.165650381235981,1409.8792245210416,2,4.0,12.0,5.0,0.0,0.0,-1.4081,0.1489,1667.8678
94,127,221,0.1493212669683258,4.927601809954751,36.553433966164725,0.1654001536930531,1407.7494943535364,1,4.0,12.0,5.0,1.0,0.9230769230769232,-0.877,0.3702,1674.7931
94,128,222,0.1531531531531531,5.207207207207207,36.66361774464523,0.1651514312821858,1405.6325746269522,2,4.0,12.0,5.0,2.0,1.7142857142857142,-0.7837,1.0715,1683.4374
94,129,223,0.1569506726457399,5.493273542600897,36.77363620550805,0.1649041982309778,1403.5283310996376,1,4.0,12.0,5.0,3.0,2.4,-0.723,1.6937,1690.2397
94,130,224,0.1607142857142857,5.785714285714286,36.88349033646757,0.1646584390020874,1401.4366315305715,2,4.0,12.0,5.0,4.0,3.0,-0.7248,2.4167,1698.858
94,131,225,0.1644444444444444,6.084444444444444,36.993181114957046,0.164414138288698,1399.3573456407753,1,4.0,12.0,5.0,5.0,3.5294117647058822,-0.7735,3.1581,1706.3203
94,132,226,0.168141592920354,6.389380530973451,37.1027095082808,0.1641712810100921,1397.2903450756369,2,4.0,12.0,5.0,6.0,4.0,-0.929,3.9062,1715.3646
94,133,227,0.171806167400881,6.700440528634362,37.21207647376352,0.1639298523073283,1395.23550336812,1,4.0,12.0,5.0,7.0,4.421052631578948,-1.6567,4.5681,1722.5069
94,153,247,0.2388663967611336,14.093117408906885,39.36690771803848,0.1593801931904392,1356.5125628008009,1,4.0,12.0,5.0,27.0,8.307692307692308,-2.8309,11.5798,1850.9009
94,154,248,0.2419354838709677,14.516129032258064,39.47308961287589,0.1591656839228866,1354.68683709143,2,4.0,12.0,5.0,28.0,8.4,-2.5613,11.2837,1856.6222
94,155,249,0.2449799196787148,14.943775100401606,39.57912888553151,0.158952324841492,1352.8709008166284,1,4.0,12.0,5.0,29.0,8.487804878048781,-2.126,10.8647,1860.6535
94,156,250,0.248,15.376,39.68502629920498,0.1587401051968199,1351.0646624860794,2,4.0,12.0,5.0,28.0,8.4,-1.883,10.3806,1866.5018
94,157,251,0.250996015936255,15.812749003984065,39.7907826099774,0.1585290143823801,1349.2680318260996,1,4.0,12.0,5.0,27.0,8.307692307692308,-1.5714,9.8457,1870.7181
95,124,219,0.1324200913242009,3.8401826484018255,36.33256645315319,0.165902129923074,1442.6116643619282,1,4.0,13.0,4.0,2.0,1.7333333333333334,-0.9759,1.0836,1648.4022
95,125,220,0.1363636363636363,4.090909090909091,36.44308387191581,0.165650381235981,1440.4225689437046,0,4.0,13.0,4.0,1.0,0.9285714285714286,-0.4679,0.3346,1657.0775
95,126,221,0.1402714932126696,4.34841628959276,36.553433966164725,0.1654001536930531,1438.2467007234486,1,4.0,13.0,5.0,0.0,0.0,-0.9769,0.2357,1667.1048
95,127,222,0.1441441441441441,4.612612612612613,36.66361774464523,0.1651514312821858,1436.0839204669694,0,4.0,13.0,5.0,1.0,0.9285714285714286,-0.4772,0.4901,1674.4321
95,128,223,0.147982062780269,4.883408071748879,36.77363620550805,0.1649041982309778,1433.9340910244316,1,4.0,13.0,5.0,2.0,1.7333333333333334,-0.4628,1.243,1683.1824
95,129,224,0.1517857142857142,5.160714285714286,36.88349033646757,0.1646584390020874,1431.7970772899707,0,4.0,13.0,5.0,3.0,2.4375,-0.3766,1.9412,1690.3917
95,130,225,0.1555555555555555,5.444444444444445,36.993181114957046,0.164414138288698,1429.67274616227,1,4.0,13.0,5.0,4.0,3.0588235294117645,-0.4658,2.7075,1698.987
95,131,226,0.1592920353982301,5.734513274336283,37.1027095082808,0.1641712810100921,1427.5609665060683,0,4.0,13.0,5.0,5.0,3.611111111111111,-0.5587,3.5077,1706.7923
95,132,227,0.1629955947136563,6.030837004405286,37.21207647376352,0.1639298523073283,1425.4616091145729,1,4.0,13.0,5.0,6.0,4.105263157894737,-0.7306,4.3044,1715.9526
95,133,228,0.1666666666666666,6.333333333333333,37.32128295889665,0.1636898375390204,1423.374546672755,0,4.0,13.0,5.0,7.0,4.55,-1.4131,5.0642,1723.5399
95,135,230,0.1739130434782608,6.956521739130435,37.539218229773184,0.1632139923033617,1419.236806622578,0,4.0,13.0,5.0,9.0,5.318181818181818,-2.259,6.6277,1739.6275
95,136,231,0.1774891774891775,7.277056277056277,37.64794886261285,0.1629781336043846,1417.1858835244643,1,4.0,13.0,5.0,10.0,5.652173913043479,-2.705,7.3912,1748.0988
95,137,232,0.1810344827586207,7.603448275862069,37.75652270956944,0.1627436323688338,1415.1467643288893,0,4.0,13.0,5.0,11.0,5.958333333333333,-2.8522,8.304,1755.0691
95,138,233,0.1845493562231759,7.935622317596566,37.86494067106982,0.1625104749831323,1413.1193306581995,1,4.0,13.0,5.0,12.0,6.24,-2.9571,9.1974,1763.2054
95,139,234,0.188034188034188,8.273504273504274,37.97320363853009,0.1622786480279064,1411.1034658234476,0,4.0,13.0,5.0,13.0,6.5,-3.1462,9.9326,1769.8777
95,141,236,0.1949152542372881,8.966101694915254,38.189268112707936,0.1618189326809659,1407.105984163085,0,4.0,13.0,5.0,15.0,6.964285714285714,-3.6105,11.3464,1784.0653
95,142,237,0.1983122362869198,9.320675105485233,38.29707135834644,0.1615910183896475,1405.1241421259567,1,4.0,13.0,5.0,16.0,7.172413793103448,-3.9245,11.9796,1791.5556
95,151,246,0.2276422764227642,12.747967479674797,39.260582430605055,0.1595958635390449,1387.775156546193,0,4.0,13.0,5.0,25.0,8.552631578947368,-3.653,12.8855,1846.1343
95,152,247,0.2307692307692307,13.153846153846152,39.36690771803848,0.1593801931904392,1385.8997824283326,1,4.0,13.0,5.0,26.0,8.666666666666666,-3.5663,12.6412,1852.1146
95,153,248,0.2338709677419354,13.564516129032258,39.47308961287589,0.1591656839228866,1384.0345045586118,0,4.0,13.0,5.0,27.0,8.775,-3.166,12.4487,1856.8529
95,154,249,0.2369477911646586,13.97991967871486,39.57912888553151,0.158952324841492,1382.1792281998326,1,4.0,13.0,5.0,28.0,8.878048780487806,-2.8613,12.1777,1862.5482
95,155,250,0.24,14.4,39.68502629920498,0.1587401051968199,1380.3338598796508,0,4.0,13.0,5.0,29.0,8.976190476190476,-2.538,11.7695,1867.0305
95,156,251,0.2430278884462151,14.824701195219124,39.7907826099774,0.1585290143823801,1378.4983073687108,1,4.0,13.0,5.0,28.0,8.878048780487806,-2.2924,11.3041,1872.6468
95,157,252,0.246031746031746,15.253968253968257,39.896398566905845,0.1583190419321661,1376.6724796592423,0,4.0,13.0,5.0,27.0,8.775,-1.9791,10.7863,1877.3151
96,132,228,0.1578947368421052,5.684210526315789,37.32128295889665,0.1636898375390204,1453.881121443245,2,4.0,14.0,5.0,6.0,4.2,-0.9838,4.7439,1718.2116
96,133,229,0.1615720524017467,5.978165938864628,37.43032990148211,0.1634512222772145,1451.76175820333,1,4.0,14.0,5.0,7.0,4.666666666666667,-1.2613,5.5474,1725.8899
96,134,230,0.1652173913043478,6.278260869565218,37.539218229773184,0.1632139923033617,1449.6546989893282,2,4.0,14.0,5.0,8.0,5.090909090909091,-1.8234,6.373,1735.1432
96,135,231,0.1688311688311688,6.584415584415584,37.64794886261285,0.1629781336043846,1447.5598193381147,1,4.0,14.0,5.0,9.0,5.478260869565218,-2.1202,7.1069,1742.4965
96,136,232,0.1724137931034483,6.896551724137931,37.75652270956944,0.1627436323688338,1445.4769965774092,2,4.0,14.0,5.0,10.0,5.833333333333333,-2.5496,7.882,1751.4098
96,139,235,0.1829787234042553,7.868085106382979,38.08131249448381,0.1620481382743992,1439.2996690830698,1,4.0,14.0,5.0,13.0,6.7407407407407405,-2.9458,10.4404,1773.7487
96,156,252,0.238095238095238,14.285714285714286,39.896398566905845,0.1583190419321661,1406.1781091039825,2,4.0,14.0,5.0,28.0,9.333333333333334,-2.8705,12.0969,1880.4108
96,157,253,0.2411067193675889,14.707509881422926,40.00187491211624,0.158110177518246,1404.3229907111418,1,4.0,14.0,5.0,27.0,9.21951219512195,-2.5531,11.5769,1885.0251
96,158,254,0.2440944881889764,15.133858267716535,40.10721238089454,0.1579024109484037,1402.4776232888134,2,4.0,14.0,5.0,26.0,9.1,-2.384,11.0374,1891.0514
97,132,229,0.1528384279475982,5.349344978165939,37.43032990148211,0.1634512222772145,1482.548131774444,1,4.0,15.0,5.0,6.0,4.285714285714286,-0.8147,4.9882,1717.9836
97,133,230,0.1565217391304348,5.6347826086956525,37.539218229773184,0.1632139923033617,1480.3963898074137,0,4.0,15.0,5.0,7.0,4.7727272727272725,-1.0267,5.8002,1726.0839
97,134,231,0.1601731601731601,5.926406926406926,37.64794886261285,0.1629781336043846,1478.2570856856116,1,4.0,15.0,5.0,8.0,5.217391304347826,-1.586,6.6387,1735.4382
97,135,232,0.1637931034482758,6.224137931034483,37.75652270956944,0.1627436323688338,1476.1300941353431,0,4.0,15.0,5.0,9.0,5.625,-1.8937,7.3719,1743.2155
97,136,233,0.167381974248927,6.527896995708154,37.86494067106982,0.1625104749831323,1474.0152916776722,1,4.0,15.0,5.0,10.0,6.0,-2.2601,8.155,1752.2178
97,137,234,0.1709401709401709,6.837606837606837,37.97320363853009,0.1622786480279064,1471.9125565951394,0,4.0,15.0,5.0,11.0,6.346153846153846,-2.4008,9.0682,1759.6781
97,138,235,0.1744680851063829,7.153191489361702,38.08131249448381,0.1620481382743992,1469.8217688992345,1,4.0,15.0,5.0,12.0,6.666666666666667,-2.6758,9.9797,1768.3344
97,139,236,0.1779661016949152,7.47457627118644,38.189268112707936,0.1618189326809659,1467.7428102986034,0,4.0,15.0,5.0,13.0,6.964285714285714,-2.7686,10.7517,1775.4857
97,140,237,0.1814345991561181,7.801687763713081,38.29707135834644,0.1615910183896475,1465.675564167977,1,4.0,15.0,5.0,14.0,7.241379310344827,-2.9372,11.5096,1783.804
97,141,238,0.1848739495798319,8.134453781512605,38.4047230880316,0.1613643827228219,1463.6199155177887,0,4.0,15.0,5.0,15.0,7.5,-3.3261,12.2512,1790.6503
97,142,239,0.1882845188284518,8.472803347280335,38.51222415000313,0.1611390131799294,1461.5757509644802,1,4.0,15.0,5.0,16.0,7.741935483870968,-3.7731,12.9014,1798.6366
97,143,240,0.1916666666666666,8.816666666666666,38.61957538422518,0.1609148974342716,1459.5429587014603,0,4.0,15.0,5.0,17.0,7.96875,-3.7269,13.2123,1805.1849
97,144,241,0.1950207468879668,9.16597510373444,38.7267776225012,0.1606920233298805,1457.5214284707135,1,4.0,15.0,5.0,18.0,8.181818181818182,-3.8119,13.4655,1812.8472
97,145,242,0.1983471074380165,9.520661157024794,38.833831688586685,0.1604703788784574,1455.5110515350293,0,4.0,15.0,5.0,19.0,8.382352941176471,-3.9524,13.6605,1819.1035
97,155,252,0.2301587301587301,13.34920634920635,39.896398566905845,0.1583190419321661,1435.9978259616398,0,4.0,15.0,5.0,29.0,9.886363636363637,-3.2968,13.0164,1879.8475
97,156,253,0.233201581027668,13.75889328063241,40.00187491211624,0.158110177518246,1434.1033675272683,1,4.0,15.0,5.0,28.0,9.767441860465116,-3.0699,12.5421,1885.7018
97,157,254,0.2362204724409448,14.173228346456693,40.10721238089454,0.1579024109484037,1432.218866844597,0,4.0,15.0,5.0,27.0,9.642857142857142,-2.8026,12.0081,1890.7551
97,158,255,0.2392156862745098,14.592156862745098,40.21241170177653,0.1576957321638295,1430.344232677419,1,4.0,15.0,5.0,26.0,9.51219512195122,-2.6393,11.4519,1896.7434
98,135,233,0.1587982832618025,5.875536480686695,37.86494067106982,0.1625104749831323,1504.946894340046,1,4.0,16.0,5.0,9.0,5.76,-1.7487,7.5682,1745.2445
98,136,234,0.1623931623931624,6.170940170940171,37.97320363853009,0.1622786480279064,1502.800034229473,2,4.0,16.0,5.0,10.0,6.153846153846154,-2.1944,8.3597,1754.6668
98,137,235,0.1659574468085106,6.472340425531915,38.08131249448381,0.1620481382743992,1500.665372216506,1,4.0,16.0,5.0,11.0,6.518518518518518,-2.3723,9.2925,1762.1931
98,138,236,0.1694915254237288,6.779661016949152,38.189268112707936,0.1618189326809659,1498.5427875274966,2,4.0,16.0,5.0,12.0,6.857142857142857,-2.5958,10.2153,1771.2714
98,140,238,0.1764705882352941,7.411764705882353,38.4047230880316,0.1613643827228219,1494.3333755009658,2,4.0,16.0,5.0,14.0,7.466666666666667,-2.9366,11.7849,1787.219
98,141,239,0.1799163179916318,7.736401673640167,38.51222415000313,0.1611390131799294,1492.2463149980044,1,4.0,16.0,5.0,15.0,7.741935483870968,-3.3509,12.5234,1794.1073
98,143,241,0.1867219917012448,8.402489626556017,38.7267776225012,0.1606920233298805,1488.1069142196702,1,4.0,16.0,5.0,17.0,8.242424242424242,-3.8073,13.4973,1809.0989
98,145,243,0.1934156378600823,9.090534979423868,38.94073839830002,0.1602499522563787,1484.0130643357586,1,4.0,16.0,5.0,19.0,8.685714285714285,-4.0259,13.9679,1823.4655
98,157,255,0.2313725490196078,13.650980392156862,40.21241170177653,0.1576957321638295,1460.3594161869744,1,4.0,16.0,5.0,27.0,10.046511627906977,-3.1785,12.3486,1897.6111
98,158,256,0.234375,14.0625,40.317473596635935,0.1574901312368591,1458.4554252193177,2,4.0,16.0,5.0,26.0,9.904761904761903,-2.9794,11.7833,1904.0424
98,159,257,0.2373540856031128,14.478599221789883,40.42239878077115,0.1572855983687593,1456.5613251333432,1,4.0,16.0,5.0,25.0,9.75609756097561,-2.9932,11.2233,1908.7727
99,137,236,0.1610169491525423,6.11864406779661,38.189268112707936,0.1618189326809659,1529.6638311571917,0,4.0,17.0,5.0,11.0,6.678571428571429,-2.0656,9.3313,1762.5601
99,138,237,0.1645569620253164,6.417721518987341,38.29707135834644,0.1615910183896475,1527.5093722057106,1,4.0,17.0,5.0,12.0,7.0344827586206895,-2.2932,10.2716,1771.7164
99,139,238,0.1680672268907563,6.722689075630252,38.4047230880316,0.1613643827228219,1525.3670000082818,0,4.0,17.0,5.0,13.0,7.366666666666666,-2.4485,11.0968,1779.3277
99,140,239,0.1715481171548117,7.03347280334728,38.51222415000313,0.1611390131799294,1523.236596397929,1,4.0,17.0,5.0,14.0,7.67741935483871,-2.7474,11.8698,1788.136
99,141,240,0.175,7.35,38.61957538422518,0.1609148974342716,1521.1180448511734,0,4.0,17.0,5.0,15.0,7.96875,-3.1477,12.6101,1795.4333
99,142,241,0.1784232365145228,7.672199170124482,38.7267776225012,0.1606920233298805,1519.0112304584422,1,4.0,17.0,5.0,16.0,8.242424242424242,-3.6629,13.2711,1803.9006
99,143,242,0.1818181818181818,8.0,38.833831688586685,0.1604703788784574,1516.9160398951287,0,4.0,17.0,5.0,17.0,8.5,-3.7042,13.621,1810.8909
99,144,243,0.1851851851851851,8.333333333333334,38.94073839830002,0.1602499522563787,1514.8323613932896,1,4.0,17.0,5.0,18.0,8.742857142857142,-3.7837,13.8864,1819.0252
99,145,244,0.1885245901639344,8.672131147540984,39.04749855963123,0.1600307318017673,1512.7600847139597,0,4.0,17.0,5.0,19.0,8.972222222222221,-3.9876,14.0912,1825.7135
99,146,245,0.1918367346938775,9.016326530612243,39.15411297284888,0.1598127060116281,1510.6991011200744,1,4.0,17.0,5.0,20.0,9.18918918918919,-4.2964,14.2957,1833.5198
99,149,248,0.2016129032258064,10.080645161290322,39.47308961287589,0.1591656839228866,1504.5828434565856,0,4.0,17.0,5.0,23.0,9.775,-4.7235,14.6791,1853.5017
99,150,249,0.2048192771084337,10.44578313253012,39.57912888553151,0.158952324841492,1502.5659739565149,1,4.0,17.0,5.0,24.0,9.951219512195122,-4.8828,14.863,1860.672
99,151,250,0.208,10.816,39.68502629920498,0.1587401051968199,1500.5598754775683,0,4.0,17.0,5.0,25.0,10.11904761904762,-4.8754,14.7832,1866.4903
99,157,256,0.2265625,13.140625,40.317473596635935,0.1574901312368591,1488.7439530464767,0,4.0,17.0,5.0,27.0,10.431818181818182,-3.5067,12.5808,1902.4751
99,158,257,0.2295719844357976,13.544747081712062,40.42239878077115,0.1572855983687593,1486.8105171658192,1,4.0,17.0,5.0,26.0,10.27906976744186,-3.3845,12.0452,1908.8784
99,159,258,0.2325581395348837,13.953488372093023,40.527187962990446,0.1570821238875599,1484.8870861475962,0,4.0,17.0,5.0,25.0,10.11904761904762,-3.3184,11.4767,1914.0397
100,137,237,0.1561181434599156,5.776371308016878,38.29707135834644,0.1615910183896475,1558.907214837193,1,4.0,18.0,5.0,11.0,6.827586206896552,-1.8899,9.3014,1764.2301
100,138,238,0.1596638655462184,6.067226890756302,38.4047230880316,0.1613643827228219,1556.7208063370497,2,4.0,18.0,5.0,12.0,7.2,-2.1716,10.2579,1773.7884
100,139,239,0.1631799163179916,6.364016736401673,38.51222415000313,0.1611390131799294,1554.5466124374086,1,4.0,18.0,5.0,13.0,7.548387096774194,-2.4221,11.0909,1781.4547
100,140,240,0.1666666666666666,6.666666666666667,38.61957538422518,0.1609148974342716,1552.384514219659,2,4.0,18.0,5.0,14.0,7.875,-2.7177,11.8762,1790.668
100,141,241,0.1701244813278008,6.975103734439834,38.7267776225012,0.1606920233298805,1550.23439441227,1,4.0,18.0,5.0,15.0,8.181818181818182,-3.1511,12.6317,1798.0093
100,142,242,0.1735537190082644,7.289256198347108,38.833831688586685,0.1604703788784574,1548.0961373612568,2,4.0,18.0,5.0,16.0,8.470588235294118,-3.6562,13.3015,1806.8846
100,143,243,0.176954732510288,7.609053497942387,38.94073839830002,0.1602499522563787,1545.969629001293,1,4.0,18.0,5.0,17.0,8.742857142857142,-3.7005,13.6526,1813.9079
100,144,244,0.180327868852459,7.934426229508197,39.04749855963123,0.1600307318017673,1543.8547568274605,2,4.0,18.0,5.0,18.0,9.0,-3.8818,13.91,1822.4522
100,145,245,0.1836734693877551,8.26530612244898,39.15411297284888,0.1598127060116281,1541.751409867612,1,4.0,18.0,5.0,19.0,9.243243243243244,-4.1009,14.1261,1829.1645
100,147,247,0.1902834008097166,8.94331983805668,39.36690771803848,0.1593801931904392,1537.5788552034965,1,4.0,18.0,5.0,21.0,9.692307692307692,-4.5929,14.4556,1843.7901
100,158,258,0.2248062015503876,13.03875968992248,40.527187962990446,0.1570821238875599,1515.4088308286516,2,4.0,18.0,5.0,26.0,10.636363636363637,-3.8807,12.1808,1915.3094
100,159,259,0.2277992277992278,13.44015444015444,40.63184184569578,0.1568796982459297,1513.4559822337844,1,4.0,18.0,5.0,25.0,10.465116279069768,-3.9152,11.6388,1920.4287
101,144,245,0.1755102040816326,7.546938775510204,39.15411297284888,0.1598127060116281,1573.1208384195172,1,4.0,19.0,5.0,18.0,9.243243243243244,-3.359,13.8711,1823.3912
101,145,246,0.1788617886178861,7.869918699186992,39.260582430605055,0.1595958635390449,1570.9863434798583,0,4.0,19.0,5.0,19.0,9.5,-3.4938,14.0437,1830.4995
101,146,247,0.1821862348178137,8.19838056680162,39.36690771803848,0.1593801931904392,1568.8633863753328,1,4.0,19.0,5.0,20.0,9.743589743589745,-4.1142,14.2391,1838.7558
101,147,248,0.1854838709677419,8.53225806451613,39.47308961287589,0.1591656839228866,1566.7518584046063,0,4.0,19.0,5.0,21.0,9.975,-4.3338,14.375,1845.5611
101,152,253,0.2015810276679842,10.280632411067192,40.00187491211624,0.158110177518246,1556.361951608931,1,4.0,19.0,5.0,26.0,10.977777777777778,-4.9816,14.774,1881.1066
101,153,254,0.2047244094488189,10.645669291338583,40.10721238089454,0.1579024109484037,1554.316795571575,0,4.0,19.0,5.0,27.0,11.152173913043478,-4.6632,14.572,1887.0369
101,158,259,0.22007722007722,12.544401544401545,40.63184184569578,0.1568796982459297,1544.2496944997667,1,4.0,19.0,5.0,26.0,10.977777777777778,-3.9018,12.376,1919.2874
101,159,260,0.2230769230769231,12.93846153846154,40.73636112496519,0.1566783120190969,1542.267343547157,0,4.0,19.0,5.0,25.0,10.795454545454543,-3.9131,11.8521,1924.8257
102,144,246,0.1707317073170731,7.170731707317073,39.260582430605055,0.1595958635390449,1602.6299143676,2,4.0,20.0,5.0,18.0,9.473684210526317,-2.9518,13.7799,1825.9222
102,145,247,0.1740890688259109,7.48582995951417,39.36690771803848,0.1593801931904392,1600.4641956286987,1,4.0,20.0,5.0,19.0,9.743589743589745,-3.1174,13.9348,1833.0585
102,146,248,0.1774193548387097,7.806451612903226,39.47308961287589,0.1591656839228866,1598.3101362347677,2,4.0,20.0,5.0,20.0,10.0,-3.9364,14.0859,1841.7098
102,147,249,0.180722891566265,8.132530120481928,39.57912888553151,0.158952324841492,1596.1676267814364,1,4.0,20.0,5.0,21.0,10.24390243902439,-4.1853,14.1873,1848.5341
102,148,250,0.184,8.464,39.68502629920498,0.1587401051968199,1594.036559325012,2,4.0,20.0,5.0,22.0,10.476190476190476,-4.5042,14.2816,1856.8604
102,149,251,0.1872509960159362,8.800796812749004,39.7907826099774,0.1585290143823801,1591.9168273572295,1,4.0,20.0,5.0,23.0,10.69767441860465,-4.2353,14.5244,1863.3777
102,156,258,0.2093023255813953,11.30232558139535,40.527187962990446,0.1570821238875599,1577.3874408280751,2,4.0,20.0,5.0,28.0,11.666666666666666,-4.1546,13.4403,1911.8238
102,158,260,0.2153846153846154,12.06153846153846,40.73636112496519,0.1566783120190969,1573.332442372447,2,4.0,20.0,5.0,26.0,11.304347826086955,-4.1227,12.4796,1924.8504
102,159,261,0.2183908045977011,12.448275862068966,40.84074649063382,0.1564779559028116,1571.320506108154,1,4.0,20.0,5.0,25.0,11.11111111111111,-4.1891,11.9572,1930.3557
103,146,249,0.1726907630522088,7.42570281124498,39.57912888553151,0.158952324841492,1627.9990464558186,1,4.0,21.0,5.0,20.0,10.24390243902439,-3.2424,13.8546,1842.1898
103,147,250,0.176,7.744,39.68502629920498,0.1587401051968199,1625.8254803912146,0,4.0,21.0,5.0,21.0,10.5,-3.8333,13.9352,1849.3971
103,148,251,0.1792828685258964,8.06772908366534,39.7907826099774,0.1585290143823801,1623.6634758721468,1,4.0,21.0,5.0,22.0,10.744186046511627,-4.1617,14.0521,1857.7554
103,149,252,0.1825396825396825,8.396825396825397,39.896398566905845,0.1583190419321661,1621.5129257051626,0,4.0,21.0,5.0,23.0,10.977272727272728,-4.1642,14.3469,1864.6597
103,154,257,0.1984435797665369,10.120622568093385,40.42239878077115,0.1572855983687593,1610.928336033575,1,4.0,21.0,5.0,28.0,12.0,-4.5645,14.219,1900.7112
103,155,258,0.2015503875968992,10.48062015503876,40.527187962990446,0.1570821238875599,1608.84433844687,0,4.0,21.0,5.0,29.0,12.18,-4.3302,13.7903,1907.0175
103,156,259,0.2046332046332046,10.845559845559846,40.63184184569578,0.1568796982459297,1606.7710831366328,1,4.0,21.0,5.0,28.0,12.0,-4.262,13.3438,1914.5448
103,157,260,0.2076923076923077,11.215384615384616,40.73636112496519,0.1566783120190969,1604.7084735737967,0,4.0,21.0,5.0,27.0,11.8125,-4.1967,12.8699,1920.7411
103,158,261,0.210727969348659,11.590038314176246,40.84074649063382,0.1564779559028116,1602.656414463687,1,4.0,21.0,5.0,26.0,11.617021276595745,-4.2471,12.3959,1927.9664
103,159,262,0.2137404580152671,11.969465648854962,40.94499862637359,0.1562786207113496,1600.614811725578,0,4.0,21.0,5.0,25.0,11.41304347826087,-4.3629,11.8895,1933.8797
104,148,252,0.1746031746031746,7.682539682539683,39.896398566905845,0.1583190419321661,1653.5317299604594,2,4.0,22.0,5.0,22.0,11.0,-4.0074,13.8323,1860.2254
104,149,253,0.1778656126482213,8.003952569169961,40.00187491211624,0.158110177518246,1651.3502871506648,1,4.0,22.0,5.0,23.0,11.244444444444444,-4.2993,14.1479,1867.1437
104,150,254,0.1811023622047244,8.330708661417322,40.10721238089454,0.1579024109484037,1649.180310554884,2,4.0,22.0,5.0,24.0,11.478260869565217,-4.7136,14.4829,1875.561
104,151,255,0.1843137254901961,8.662745098039215,40.21241170177653,0.1576957321638295,1647.0216951158802,1,4.0,22.0,5.0,25.0,11.702127659574469,-4.9225,14.5771,1882.1743
104,155,259,0.1969111969111969,10.042471042471044,40.63184184569578,0.1568796982459297,1638.4987912408717,1,4.0,22.0,5.0,29.0,12.509803921568627,-4.5862,13.6584,1910.9115
104,156,260,0.2,10.4,40.73636112496519,0.1566783120190969,1636.3954528680454,2,4.0,22.0,5.0,28.0,12.32,-4.5431,13.2241,1918.8418
104,158,262,0.2061068702290076,11.129770992366412,40.94499862637359,0.1562786207113496,1632.2209565378269,2,4.0,22.0,5.0,26.0,11.916666666666666,-4.5942,12.2816,1932.6544
104,159,263,0.2091254752851711,11.50190114068441,41.04911820977159,0.1560802973755574,1630.1496079209965,1,4.0,22.0,5.0,25.0,11.702127659574469,-4.8069,11.7822,1938.5467
105,148,253,0.1699604743083003,7.308300395256917,40.00187491211624,0.158110177518246,1683.6406556088348,1,4.0,21.0,5.0,22.0,10.744186046511627,-4.0082,13.4901,1860.2354
105,149,254,0.1732283464566929,7.622047244094488,40.10721238089454,0.1579024109484037,1681.428247468173,0,4.0,21.0,5.0,23.0,10.977272727272728,-4.3206,13.8279,1867.5257
105,150,255,0.1764705882352941,7.9411764705882355,40.21241170177653,0.1576957321638295,1679.2274226394186,1,4.0,21.0,5.0,24.0,11.2,-4.7589,14.1849,1875.972
105,151,256,0.1796875,8.265625,40.317473596635935,0.1574901312368591,1677.03807540756,0,4.0,21.0,5.0,25.0,11.41304347826087,-4.9976,14.3151,1882.9613
105,155,260,0.1923076923076923,9.615384615384617,40.73636112496519,0.1566783120190969,1668.3933957197437,0,4.0,21.0,5.0,29.0,12.18,-4.88,13.448,1912.7595
105,156,261,0.1954022988505747,9.96551724137931,40.84074649063382,0.1564779559028116,1666.2598980014266,1,4.0,21.0,5.0,28.0,12.0,-4.8226,13.0122,1920.6968
105,157,262,0.1984732824427481,10.3206106870229,40.94499862637359,0.1562786207113496,1664.1372716296978,0,4.0,21.0,5.0,27.0,11.8125,-4.8258,12.5431,1927.2711
105,158,263,0.2015209125475285,10.680608365019012,41.04911820977159,0.1560802973755574,1662.025420031421,1,4.0,21.0,5.0,26.0,11.617021276595745,-4.9376,12.0747,1934.9034
105,159,264,0.2045454545454545,11.045454545454543,41.15310591240709,0.155882976940936,1659.924247854363,0,4.0,21.0,5.0,25.0,11.41304347826087,-5.1126,11.5771,1941.1927
106,150,256,0.171875,7.5625,40.317473596635935,0.1574901312368591,1709.5144037628704,2,4.0,20.0,5.0,24.0,10.909090909090908,-4.9373,13.8422,1877.949
106,151,257,0.1750972762645914,7.879377431906615,40.42239878077115,0.1572855983687593,1707.2942526885556,1,4.0,20.0,5.0,25.0,11.11111111111111,-5.213,14.006,1884.9513
106,152,258,0.1782945736434108,8.2015503875969,40.527187962990446,0.1570821238875599,1705.085590128706,2,4.0,20.0,5.0,26.0,11.304347826086955,-5.6043,14.0161,1893.4496
106,153,259,0.1814671814671814,8.528957528957529,40.63184184569578,0.1568796982459297,1702.888312449527,1,4.0,20.0,5.0,27.0,11.48936170212766,-5.4136,13.8484,1900.3269
106,157,263,0.1939163498098859,9.889733840304183,41.04911820977159,0.1560802973755574,1694.2110239645313,1,4.0,20.0,5.0,27.0,11.48936170212766,-5.2523,12.2876,1930.6841
106,158,264,0.1969696969696969,10.242424242424242,41.15310591240709,0.155882976940936,1692.0691619793208,2,4.0,20.0,5.0,26.0,11.304347826086955,-5.3705,11.8136,1938.7134
106,159,265,0.2,10.6,41.256962399927446,0.155686650565764,1689.9380902508303,1,4.0,20.0,5.0,25.0,11.11111111111111,-5.5938,11.3246,1944.9897
106,160,266,0.2030075187969924,10.962406015037594,41.36068833212256,0.1554913095192578,1687.8177140086757,2,4.0,20.0,5.0,24.0,10.909090909090908,-5.8793,10.8126,1952.707
107,150,257,0.1673151750972762,7.19455252918288,40.42239878077115,0.1572855983687593,1740.0406031159334,1,4.0,19.0,5.0,24.0,10.604651162790695,-4.7865,13.246,1877.482
107,151,258,0.1705426356589147,7.503875968992248,40.527187962990446,0.1570821238875599,1737.7895778303575,0,4.0,19.0,5.0,25.0,10.795454545454543,-5.0911,13.436,1884.8463
107,152,259,0.1737451737451737,7.818532818532819,40.63184184569578,0.1568796982459297,1735.5501557904415,1,4.0,19.0,5.0,26.0,10.977777777777778,-5.4508,13.4785,1893.4106
107,153,260,0.1769230769230769,8.138461538461538,40.73636112496519,0.1566783120190969,1733.322232730533,0,4.0,19.0,5.0,27.0,11.152173913043478,-5.3535,13.3284,1900.8939
107,156,263,0.1863117870722433,9.129277566539924,41.04911820977159,0.1560802973755574,1726.7064346421596,1,4.0,19.0,5.0,28.0,11.319148936170214,-5.2641,12.2455,1925.0998
107,157,264,0.1893939393939394,9.469696969696969,41.15310591240709,0.155882976940936,1724.5234911837206,0,4.0,19.0,5.0,27.0,11.152173913043478,-5.3313,11.7914,1932.0491
107,158,265,0.1924528301886792,9.81509433962264,41.256962399927446,0.155686650565764,1722.3515449419488,1,4.0,19.0,5.0,26.0,10.977777777777778,-5.5072,11.3301,1940.0884
107,159,266,0.1954887218045112,10.165413533834586,41.36068833212256,0.1554913095192578,1720.1904993287387,0,4.0,19.0,5.0,25.0,10.795454545454543,-5.6539,10.8413,1946.7517
107,160,267,0.198501872659176,10.52059925093633,41.46428436299833,0.155296945179769,1718.040258963341,1,4.0,19.0,5.0,24.0,10.604651162790695,-6.079,10.3396,1954.473
108,152,260,0.1692307692307692,7.446153846153846,40.73636112496519,0.1566783120190969,1766.25315661394,2,4.0,18.0,5.0,26.0,10.636363636363637,-5.5214,12.8041,1895.1686
108,153,261,0.1724137931034483,7.758620689655173,40.84074649063382,0.1564779559028116,1763.994518399911,1,4.0,18.0,5.0,27.0,10.8,-5.4126,12.6724,1902.6659
108,154,262,0.1755725190839694,8.076335877862595,40.94499862637359,0.1562786207113496,1761.7473891922575,2,4.0,18.0,5.0,28.0,10.956521739130435,-5.4572,12.4489,1911.6782
108,155,263,0.1787072243346007,8.399239543726235,41.04911820977159,0.1560802973755574,1759.5116667533373,1,4.0,18.0,5.0,29.0,11.106382978723405,-5.3514,12.0504,1918.9095
108,159,267,0.1910112359550561,9.741573033707866,41.46428436299833,0.155296945179769,1750.6808447287617,1,4.0,18.0,5.0,25.0,10.465116279069768,-5.8932,10.2598,1949.6717
108,160,268,0.1940298507462686,10.08955223880597,41.56775114084875,0.1551035490330177,1748.5006670751063,2,4.0,18.0,5.0,24.0,10.285714285714286,-6.0517,9.7865,1957.783
108,161,269,0.1970260223048327,10.442379182156134,41.67108930832694,0.1549111126703604,1746.331309181147,1,4.0,18.0,5.0,23.0,10.097560975609756,-6.5025,9.3104,1964.1393
108,162,270,0.2,10.8,41.774299502515,0.1547196277870926,1744.172677426968,2,4.0,18.0,5.0,22.0,9.9,-6.9471,8.6722,1971.9256
109,152,261,0.1647509578544061,7.084291187739463,40.84074649063382,0.1564779559028116,1797.193956371285,1,4.0,17.0,5.0,26.0,10.27906976744186,-4.962,11.7281,1894.4906
109,153,262,0.1679389312977099,7.389312977099236,40.94499862637359,0.1562786207113496,1794.9045348401776,0,4.0,17.0,5.0,27.0,10.431818181818182,-4.9151,11.6218,1902.3479
109,154,263,0.1711026615969581,7.699619771863118,41.04911820977159,0.1560802973755574,1792.6267347600528,1,4.0,17.0,5.0,28.0,10.577777777777778,-4.9691,11.424,1911.3902
109,155,264,0.1742424242424242,8.015151515151516,41.15310591240709,0.155882976940936,1790.3604532859365,0,4.0,17.0,5.0,29.0,10.717391304347826,-4.8843,11.0331,1918.9875
109,156,265,0.1773584905660377,8.335849056603774,41.256962399927446,0.155686650565764,1788.1055888681358,1,4.0,17.0,5.0,28.0,10.577777777777778,-4.9066,10.6367,1927.7368
109,158,267,0.1835205992509363,8.99250936329588,41.46428436299833,0.155296945179769,1783.6297113527723,1,4.0,17.0,5.0,26.0,10.27906976744186,-5.3791,9.7645,1943.5034
109,159,268,0.1865671641791045,9.328358208955224,41.56775114084875,0.1551035490330177,1781.4085014441844,0,4.0,17.0,5.0,25.0,10.11904761904762,-5.3908,9.3309,1950.5407
109,160,269,0.1895910780669145,9.66914498141264,41.67108930832694,0.1549111126703604,1779.1983149296782,1,4.0,17.0,5.0,24.0,9.951219512195122,-5.7931,8.8975,1958.666
109,161,270,0.1925925925925926,10.014814814814814,41.774299502515,0.1547196277870926,1776.999056427356,0,4.0,17.0,5.0,23.0,9.775,-6.2903,8.4319,1965.4053
109,162,271,0.1955719557195571,10.365313653136532,41.877382354992754,0.1545290861807851,1774.8106317299762,1,4.0,17.0,5.0,22.0,9.58974358974359,-6.9038,7.8149,1973.1986
110,154,264,0.1666666666666666,7.333333333333333,41.15310591240709,0.155882976940936,1823.7431148499627,2,4.0,16.0,5.0,28.0,10.181818181818182,-4.6484,10.2988,1912.6462
110,155,265,0.1698113207547169,7.641509433962264,41.256962399927446,0.155686650565764,1821.446206733311,1,4.0,16.0,5.0,29.0,10.311111111111112,-4.5848,9.9347,1920.2595
110,156,266,0.1729323308270676,7.954887218045113,41.36068833212256,0.1554913095192578,1819.1608264076056,2,4.0,16.0,5.0,28.0,10.181818181818182,-4.5558,9.5822,1929.3778
110,157,267,0.1760299625468165,8.273408239700375,41.46428436299833,0.155296945179769,1816.8868730044107,1,4.0,16.0,5.0,27.0,10.046511627906977,-4.6599,9.1772,1936.7131
110,158,268,0.1791044776119403,8.597014925373134,41.56775114084875,0.1551035490330177,1814.6242469114425,2,4.0,16.0,5.0,26.0,9.904761904761903,-4.9149,8.7709,1945.5314
110,161,271,0.1881918819188192,9.59778597785978,41.877382354992754,0.1545290861807851,1807.903354790596,1,4.0,16.0,5.0,23.0,9.435897435897436,-6.2861,7.4299,1967.8203
110,162,272,0.1911764705882352,9.941176470588236,41.98033849190535,0.1543394797496521,1805.685066237888,2,4.0,16.0,5.0,22.0,9.263157894736842,-6.8922,6.8096,1976.0016
111,155,266,0.1654135338345864,7.2781954887218046,41.36068833212256,0.1554913095192578,1852.768306434712,0,4.0,15.0,5.0,29.0,9.886363636363637,-4.0081,8.7009,1919.4395
111,156,267,0.1685393258426966,7.584269662921348,41.46428436299833,0.155296945179769,1850.452343637696,1,4.0,15.0,5.0,28.0,9.767441860465116,-4.1156,8.4019,1928.5898
111,157,268,0.1716417910447761,7.895522388059701,41.56775114084875,0.1551035490330177,1848.1479174135216,0,4.0,15.0,5.0,27.0,9.642857142857142,-4.2473,8.0272,1936.2861
111,158,269,0.174721189591078,8.211895910780669,41.67108930832694,0.1549111126703604,1845.8549275683688,1,4.0,15.0,5.0,26.0,9.51219512195122,-4.5877,7.6429,1945.1324
111,159,270,0.1777777777777777,8.533333333333333,41.774299502515,0.1547196277870926,1843.573275146914,0,4.0,15.0,5.0,25.0,9.375,-4.8185,7.1805,1952.5427
111,160,271,0.1808118081180811,8.859778597785978,41.877382354992754,0.1545290861807851,1841.3028624124968,1,4.0,15.0,5.0,24.0,9.23076923076923,-5.1657,6.6909,1961.072
111,161,272,0.1838235294117647,9.191176470588236,41.98033849190535,0.1543394797496521,1839.0435928276845,0,4.0,15.0,5.0,23.0,9.078947368421051,-5.65,6.1758,1968.1853
111,162,273,0.1868131868131868,9.527472527472527,42.08316853402988,0.154150800490952,1836.795371035213,1,4.0,15.0,5.0,22.0,8.91891891891892,-6.2264,5.5244,1976.3826
112,157,269,0.1672862453531598,7.5278810408921935,41.67108930832694,0.1549111126703604,1879.6445620879083,1,4.0,14.0,5.0,27.0,9.21951219512195,-4.0396,6.8389,1937.0441
112,158,270,0.1703703703703703,7.837037037037037,41.774299502515,0.1547196277870926,1877.3211424613116,2,4.0,14.0,5.0,26.0,9.1,-4.3328,6.4631,1946.2554
112,159,271,0.1734317343173431,8.15129151291513,41.877382354992754,0.1545290861807851,1875.009168271896,1,4.0,14.0,5.0,25.0,8.974358974358974,-4.5792,5.9722,1953.6817
112,160,272,0.1764705882352941,8.470588235294118,41.98033849190535,0.1543394797496521,1872.7085412150464,2,4.0,14.0,5.0,24.0,8.842105263157896,-4.9094,5.4542,1962.581
112,161,273,0.1794871794871795,8.794871794871796,42.08316853402988,0.154150800490952,1870.4191641879183,1,4.0,14.0,5.0,23.0,8.702702702702704,-5.3187,4.9128,1969.7043
112,162,274,0.1824817518248175,9.124087591240876,42.18587309684084,0.1539630404994191,1868.14094127041,2,4.0,14.0,5.0,22.0,8.555555555555555,-5.8123,4.2478,1978.2806
