Z,N,A,dataset_split,participates_in_loss,train_uncertainty,pred_residual,pred_binding_energy,actual_binding_energy,theory_binding_energy,actual_residual,pred_minus_actual_residual
8,8,16,train,True,3.2e-06,-4.360965514183045,126.39931848049164,127.61931610107422,122.0383529663086,-5.5809645652771,1.2199990510940548
8,9,17,train,True,3.4e-06,-2.9159469389915467,131.36899564504623,131.76239013671875,128.4530487060547,-3.309343099594116,0.39339616060256954
9,8,17,train,True,0.0002482,-2.359147569537163,127.38161613643169,128.21958923339844,125.02246856689453,-3.1971118450164795,0.8379642754793166
8,10,18,train,True,3.6e-06,-1.4852355021238326,139.6751463907957,139.80776977539062,138.18991088867188,-1.6178584098815918,0.1326229077577592
9,9,18,train,True,0.0004626,-1.021742564290762,137.97195313557984,137.36949157714844,136.95021057128906,-0.41928499937057495,-0.6024575649201871
10,8,18,train,True,0.0003636,-0.9165540650486946,131.91090831309558,132.14263916015625,130.99435424804688,-1.1482809782028198,0.2317269131541252
8,11,19,train,True,0.0026372,-0.9672855919599533,143.45759626090526,143.76341247558594,142.4903106689453,-1.2730963230133057,0.3058107310533523
9,10,19,train,True,3.8e-06,-0.7576067920029164,148.03672056153417,147.80136108398438,147.27911376953125,-0.5222533941268921,-0.23535339787602427
10,9,19,train,True,0.0001596,-0.5849859523773193,144.10247252464293,143.77952575683594,143.51748657226562,-0.26203274726867676,-0.32295320510864256
11,8,19,train,True,0.0105355,-0.12302070538513363,131.26961189190857,131.81983947753906,131.14659118652344,-0.6732428073883057,0.550222102003172
8,12,20,train,True,0.000884,-1.2621547248959541,151.30471148759128,151.3714141845703,150.0425567626953,-1.3288507461547852,0.066696021258831
9,11,20,train,True,3e-05,-0.41360557544976473,154.3516243742779,154.40269470214844,153.93801879882812,-0.4646805226802826,0.051074947230517864
10,10,20,train,True,4e-06,-1.121690337061882,160.18124539077283,160.6448211669922,159.05955505371094,-1.5852619409561157,0.4635716038942337
11,9,20,train,True,0.001108,0.11805495164357126,145.91639939405957,145.97006225585938,146.03445434570312,0.06439869850873947,0.053656253134831786
12,8,20,train,True,0.001862,0.19361769827082753,134.03987229196355,134.5605010986328,134.23348999023438,-0.32700905203819275,0.5206267503090203
8,13,21,train,True,0.0119994,-2.212606011033058,154.8257804495096,155.17686462402344,152.61317443847656,-2.563690185546875,0.3510841745138169
9,12,21,train,True,0.0017997,-0.7807793383300304,162.80945060297847,162.50416564941406,162.02867126464844,-0.4754882752895355,-0.3052910630404949
10,11,21,train,True,3.78e-05,-0.7407187500596046,167.01609411627055,167.40599060058594,166.27537536621094,-1.130616545677185,0.3898977956175804
11,10,21,train,True,4.2e-05,-0.562133953422308,162.69847123369576,163.07672119140625,162.13633728027344,-0.9403873085975647,0.3782533551752567
12,9,21,train,True,0.0007539,0.23653714329004288,149.43193514674903,149.20567321777344,149.66847229003906,0.46280190348625183,-0.22626476019620895
8,14,22,train,True,0.0569206,-3.502813632488251,161.88094168424607,162.02719116210938,158.3781280517578,-3.6490564346313477,0.14624280214309682
9,13,22,train,True,0.0123992,-1.141823747754097,167.93171022236348,167.7344970703125,166.78988647460938,-0.944616436958313,-0.1972073107957839
10,12,22,train,True,1.76e-05,-1.1236199980974197,177.75646301567554,177.77024841308594,176.63284301757812,-1.1374013423919678,0.013781344294548026
11,11,22,train,True,0.000132,-0.38964658170938493,174.57272153288125,174.1445770263672,174.18307495117188,0.038502421230077744,-0.4281490029394627
12,10,22,train,True,0.0001584,-0.5039816139638424,168.5465994118154,168.58082580566406,168.04261779785156,-0.5382078289985657,0.03422621503472323
8,15,23,train,False,0.1217114,-3.9876029658317567,163.50682904005052,164.76016235351562,159.51922607421875,-5.240944862365723,1.253341896533966
9,14,23,train,True,0.0333201,-2.2785014736652376,175.3167247402668,175.31393432617188,173.03822326660156,-2.2757086753845215,-0.0027927982807161023
10,13,23,train,True,0.0001035,-1.0201897358894347,182.92245719194412,182.97088623046875,181.9022674560547,-1.0686193704605103,0.04842963457107552
11,12,23,train,True,4.6e-06,-1.1455612030625344,186.21025846868753,186.56434631347656,185.064697265625,-1.4996569156646729,0.35409571260213846
12,11,23,train,True,3.22e-05,-0.8662856256961823,181.48234397530555,181.725830078125,180.61605834960938,-1.1097668409347534,0.24348121523857114
13,10,23,train,True,0.000345,0.13953537568449975,168.3616548098624,168.7217254638672,168.50119018554688,-0.22054827213287354,0.3600836478173733
8,16,24,train,False,0.1648752,-3.7826660001277923,167.58428648352623,168.95245361328125,163.80162048339844,-5.1508378982543945,1.3681718981266022
9,15,24,train,False,0.0976704,-2.590487139225006,178.80913032770158,179.12599182128906,176.21864318847656,-2.9073545932769775,0.31686745405197136
10,14,24,train,True,0.0005136,-1.5243157583475113,191.7879876333475,191.8397979736328,190.263671875,-1.576135516166687,0.051819757819175694
11,13,24,train,True,1.68e-05,-1.062941456735134,193.48242082685232,193.52371215820312,192.4194793701172,-1.1042369604110718,0.041295503675937706
12,12,24,train,True,1.44e-05,-1.7441261565685273,197.83949358820917,198.25704956054688,196.09536743164062,-2.161680221557617,0.41755406498908987
13,11,24,train,True,0.000228,-0.22333618875592948,183.38814636941999,183.58993530273438,183.16481018066406,-0.42512476444244385,0.20178857568651437
14,10,24,train,True,0.0194712,-0.021319598117843272,171.77412721530536,172.0135955810547,171.7528076171875,-0.26077553629875183,0.23945593818090855
8,17,25,train,False,0.165085,-2.368252373933792,166.11663494229316,168.1951446533203,163.74838256835938,-4.446763038635254,2.078510664701462
9,16,25,train,False,0.0964425,-2.4502687710523605,183.3812837857008,183.4076690673828,180.93101501464844,-2.4766411781311035,0.026372407078743
10,15,25,train,True,0.029045,-1.5097334259748458,195.41276382148266,195.99497985839844,193.9030303955078,-2.091952085494995,0.5822186595201493
11,14,25,train,True,0.0012,-1.4624098360538482,202.72356401085852,202.53494262695312,201.2611541748047,-1.273796796798706,-0.18861303925514217
12,13,25,train,True,4.75e-05,-1.730867035984993,205.6750046092272,205.5875701904297,203.9441375732422,-1.6434400081634521,-0.08742702782154077
13,12,25,train,True,6.5e-05,-1.2412805265188218,200.38166138589384,200.52841186523438,199.140380859375,-1.3880412578582764,0.14676073133945455
14,11,25,train,True,0.01,-0.3107756942510605,187.214324888587,187.00277709960938,186.90354919433594,-0.0992269292473793,-0.2115487650036812
8,18,26,train,False,0.1649492,-0.8571342286863364,167.64241254899883,168.9344482421875,166.7852783203125,-2.1491734981536865,1.2920392694673501
9,17,26,train,False,0.1070264,-1.1726213231682778,183.95387132316827,184.13848876953125,182.78125,-1.3572440147399902,0.1846226915717124
10,16,26,train,True,0.0184288,-1.2037175688147546,201.79350028365852,201.5496826171875,200.58978271484375,-0.959905207157135,-0.24381236165761955
11,15,26,train,True,0.0035022,-1.2146712639927864,208.07232202082872,208.10923767089844,206.85765075683594,-1.2515889406204224,0.03691767662763601
12,14,26,train,True,2.86e-05,-2.1176300287246703,216.91735842227936,216.68064880371094,214.7997283935547,-1.8809175491333008,-0.23671247959136954
13,13,26,train,True,6.76e-05,-1.6359812390804291,212.92837015509605,211.89389038085938,211.29238891601562,-0.6015018224716187,-1.0344794166088105
14,12,26,train,True,0.0001066,-1.1924878418445588,206.08984196782112,206.04241943359375,204.89735412597656,-1.1450616121292114,-0.04742622971534738
9,18,27,train,False,0.1201986,0.1096970043075271,186.0882552662003,185.75099182128906,186.1979522705078,0.44696250557899475,-0.33726550127146765
10,17,27,train,True,0.0907713,-0.07797347328392788,202.9292155387136,203.05120849609375,202.8512420654297,-0.19996857643127441,0.12199510314734653
11,16,27,train,True,0.003726,-0.9628561151027679,214.94337064146995,214.83755493164062,213.9805145263672,-0.8570404052734375,-0.10581570982933042
12,15,27,train,True,4.86e-05,-1.7403054690361024,222.59102873563768,223.1240234375,220.85072326660156,-2.2733001708984375,0.5329947018623351
13,14,27,train,True,4.86e-05,-2.591001477241516,225.20532032489777,224.95193481445312,222.61431884765625,-2.3376171588897705,-0.25338431835174546
14,13,27,train,True,0.000108,-1.8604757380485535,219.37822170972825,219.35723876953125,217.5177459716797,-1.8394856452941895,-0.02099009275436403
15,12,27,train,True,0.0090018,-0.5235922302305699,206.03230499878526,206.8494110107422,205.5087127685547,-1.3407068252563477,0.8171145950257778
9,19,28,train,False,0.1203468,0.828658119738102,186.08909700721503,185.55198669433594,186.91775512695312,1.3657727241516113,-0.5371146044135093
10,18,28,train,False,0.1260672,0.7595495520532132,207.3577905358374,206.8737030029297,208.11734008789062,1.2436442375183105,-0.4840946854650974
11,17,28,train,True,0.0102452,0.023368793171830476,218.05849461014847,218.37940979003906,218.0818634033203,-0.2975323498249054,0.3209011429967359
12,16,28,train,True,0.0002604,-1.5949101358652116,231.46414231359958,231.62869262695312,229.86923217773438,-1.759448766708374,0.16453863084316245
13,15,28,train,True,5.04e-05,-2.3102875530719755,232.8496247112751,232.67710876464844,230.53933715820312,-2.1377766132354736,-0.1725109398365019
14,14,28,train,True,5.6e-06,-3.2087622046470643,236.1664648413658,236.53684997558594,232.95770263671875,-3.5791409015655518,0.37037869691848746
15,13,28,train,True,0.001148,-1.1875106814503669,221.1945297244191,221.40956115722656,220.00701904296875,-1.40253484249115,0.21502416104078304
16,12,28,train,False,0.1600004,-0.43056183084845545,209.2339370749891,209.40614318847656,208.80337524414062,-0.6027724146842957,0.1722105838358402
9,20,29,train,False,0.525364,1.1511911711096763,188.07854515701533,186.8769073486328,189.229736328125,2.352818727493286,-1.2016275563836099
10,19,29,train,False,0.1495037,1.3656592381000519,207.83774042010307,207.84495544433594,209.20339965820312,1.3584465980529785,0.007212640047073338
11,18,29,train,True,0.007337,1.0640178856253624,222.67731512218714,222.78240966796875,223.7413330078125,0.9589256048202515,0.1050922808051109
12,17,29,train,True,0.0003451,-0.7402231627702713,235.12567543327808,235.29241943359375,234.3854522705078,-0.9069622159004211,0.1667390531301498
13,16,29,train,True,0.0003451,-2.2636398458480835,242.25225678920745,242.10546875,239.98861694335938,-2.1168668270111084,-0.14677301883697513
14,15,29,train,True,5.8e-06,-3.205441130399704,244.5291715991497,245.0104522705078,241.32373046875,-3.6867096424102783,0.4812685120105744
15,14,29,train,True,0.0003596,-2.837810128927231,238.72765693068504,239.28587341308594,235.8898468017578,-3.3960158824920654,0.5582057535648346
16,13,29,train,True,0.0130413,-1.0190676724910737,224.75707426428795,224.6450958251953,223.73800659179688,-0.9070855975151062,-0.11198207497596746
10,20,30,train,False,0.253251,1.5314078861474991,211.72074360311032,211.03594970703125,213.2521514892578,2.2162065505981445,-0.6847986644506454
11,19,30,train,True,0.004728,1.671501072049141,224.88889321506022,225.05905151367188,226.56039428710938,1.5013322830200195,0.17016878902912147
12,18,30,train,True,0.001296,0.44489548400044443,241.38730361267923,241.63275146484375,241.8321990966797,0.19944603741168976,0.24544944658875467
13,17,30,train,True,0.001935,-1.587809390425682,247.86567193925382,247.83314514160156,246.27786254882812,-1.5552871227264404,-0.0325222676992416
14,16,30,train,True,2.4e-05,-3.2484172976016996,255.83830682396888,255.61964416503906,252.5898895263672,-3.029764413833618,-0.21865288376808145
15,15,30,train,True,6.6e-05,-2.896025825738907,251.03622357964517,250.60519409179688,248.14019775390625,-2.4649980068206787,-0.43102781891822817
16,14,30,train,True,0.000207,-2.5361842823028566,243.97743794441223,243.68124389648438,241.44125366210938,-2.23999285697937,-0.2961914253234865
17,13,30,train,True,0.023877,-0.39598010167479514,224.37770007237793,224.16510009765625,223.98171997070312,-0.1833675056695938,-0.21261259600520133
10,21,31,train,False,0.2661939,1.7454029828310014,211.581501314044,211.20579528808594,213.326904296875,2.1211037635803223,-0.3757007807493209
11,20,31,train,True,0.0139717,1.8059159070253372,229.15612022578716,229.3590087890625,230.9620361328125,1.6030312776565552,0.20288462936878204
12,19,31,train,True,0.0030752,1.286199369430542,243.74146481513978,243.94483947753906,245.0276641845703,1.082816243171692,0.20338312625885013
13,18,31,train,True,0.0022351,-1.0166081616282463,255.1362981030345,254.99105834960938,254.11968994140625,-0.8713732361793518,-0.1452349254488945
14,17,31,train,True,4.34e-05,-2.9292604649066925,262.21728536725044,262.20703125,259.28802490234375,-2.91900897026062,-0.010251494646072334
15,16,31,train,True,6.2e-06,-2.9547891926765444,262.77897742509845,262.91619873046875,259.8241882324219,-3.092005729675293,0.13721653699874858
16,15,31,train,True,0.0002294,-2.592200504541397,256.70334552407263,256.73583984375,254.11114501953125,-2.6247024536132812,0.032501949071884084
17,14,31,train,True,0.0034472,-1.6066885435581206,243.70562653183936,243.9455108642578,242.09893798828125,-1.8465745449066162,0.23988600134849558
11,21,32,train,True,0.0372608,1.9737030476331712,230.69870600998402,231.0362091064453,232.6724090576172,1.6361991167068481,0.337503930926323
12,20,32,train,True,0.0032608,1.5003022366762162,249.61717518031597,249.72291564941406,251.1174774169922,1.3945549726486206,0.1057472640275956
13,19,32,train,True,0.0071712,-0.04561029416974634,259.040300235576,259.2110290527344,258.99468994140625,-0.21636055409908295,0.17075025992933662
14,18,32,train,True,0.0002976,-2.7140757095813752,271.56695046544075,271.4070129394531,268.8528747558594,-2.554143190383911,-0.1599325191974641
15,17,32,train,True,4.16e-05,-2.628673628568649,270.8563652789593,270.8518371582031,268.2276916503906,-2.624171018600464,-0.0045026099681853005
16,16,32,train,True,6.4e-06,-2.605967683792114,272.13514248847963,271.7801513671875,269.5291748046875,-2.250988721847534,-0.35497896194458
17,15,32,train,True,0.0005632,-1.7114566576480865,258.1888736498356,258.3169860839844,256.4774169921875,-1.8395837545394897,0.12812709689140322
18,14,32,train,True,0.0017696,-1.1100805968046188,246.46136843860148,246.40028381347656,245.35128784179688,-1.0490039587020874,-0.06107663810253139
11,22,33,train,False,0.4499121,2.0150858545303345,233.96855672359467,233.96755981445312,235.983642578125,2.0160796642303467,-0.0009938097000121715
12,21,33,train,True,0.0026631,1.7119619047641754,251.45574744582177,252.00245666503906,253.16770935058594,1.1652522087097168,0.5467096960544586
13,20,33,train,True,0.0069861,0.9699012270569801,264.47498402684926,264.68035888671875,265.44488525390625,0.7645084261894226,0.2053928008675575
14,19,33,train,True,0.0006996,-2.0413084942102433,276.1458617168665,275.91497802734375,274.10455322265625,-1.8104221820831299,-0.2308863121271134
15,18,33,train,True,0.001089,-2.605488029718399,280.7867624437809,280.95562744140625,278.1812744140625,-2.774362087249756,0.16887405753135676
16,17,33,train,True,6.6e-06,-2.243280721902847,280.5725653898716,280.42181396484375,278.32928466796875,-2.092517375946045,-0.1507633459568023
17,16,33,train,True,0.0003894,-1.8066166335344314,274.10022625267504,274.05694580078125,272.2936096191406,-1.7633219957351685,-0.0432946377992629
18,15,33,train,True,0.0003993,-1.195113883316517,261.31828282862904,261.6555480957031,260.1231689453125,-1.5323787927627563,0.33726490944623944
11,23,34,train,False,0.5994166,2.212000334858894,234.5161948555708,234.13888549804688,236.7281951904297,2.5893163681030273,-0.3773160332441332
12,22,34,train,True,0.0068918,1.7958464205265046,256.28066114783286,256.71331787109375,258.0765075683594,1.3631718158721924,0.4326746046543122
13,21,34,train,True,0.0021046,1.4571628868579865,267.63115498423576,267.2519226074219,269.08831787109375,1.8363982439041138,-0.3792353570461273
14,20,34,train,True,0.0008024,-1.2952898281812668,283.48596365630624,283.4636535644531,282.190673828125,-1.2729564905166626,-0.022333337664604214
15,19,34,train,True,0.0008092,-2.2005299866199493,287.25720112919805,287.2383117675781,285.0566711425781,-2.1816368103027344,-0.018893176317214877
16,18,34,train,True,4.42e-05,-2.2281472265720366,292.1696145117283,291.8389587402344,289.94146728515625,-1.89749014377594,-0.3306570827960966
17,17,34,train,True,4.76e-05,-1.4377096801996232,286.07531343996527,285.56500244140625,284.6376037597656,-0.9274116158485413,-0.5102980643510819
18,16,34,train,True,7.82e-05,-1.3307263547182082,278.93164798557757,278.7208557128906,277.6009216308594,-1.1199263334274292,-0.21080002129077902
12,23,35,train,False,0.269668,2.0032938277721404,257.1233846390247,257.4681701660156,259.1266784667969,1.6584806442260742,0.34481318354606616
13,22,35,train,True,0.0073605,1.6016263037919998,272.72277555167676,272.5493469238281,274.32440185546875,1.775037169456482,-0.17341086566448216
14,21,35,train,True,0.0358575,0.6001682104170323,285.5792446313798,285.93475341796875,286.1794128417969,0.2446465790271759,0.3555216313898564
15,20,35,train,True,0.0018655,-1.8269949054718018,295.32937527656554,295.6187438964844,293.50238037109375,-2.116344451904297,0.2893495464324951
16,19,35,train,True,4.2e-05,-1.8993928933143616,299.0864351296425,298.8247985839844,297.1870422363281,-1.637731909751892,-0.2616609835624695
17,18,35,train,True,3.5e-05,-1.4820485246181487,298.1089406144619,298.20977783203125,296.62689208984375,-1.5828624963760376,0.10081397175788886
18,17,35,train,True,0.000679,-1.0123830157518388,291.3358693438768,291.461181640625,290.323486328125,-1.1376971006393433,0.1253140848875045
19,16,35,train,True,0.000511,-0.5756349059939384,278.8044862243533,278.804443359375,278.2288513183594,-0.5755934715270996,-4.14344668387967e-05
12,24,36,train,False,0.6902388,2.06104223549366,260.93886621177194,260.79913330078125,262.9999084472656,2.200770854949951,-0.139728619456291
13,23,36,train,False,0.1495044,1.8039075177907944,275.0842760759592,274.4465637207031,276.88818359375,2.4416186809539795,-0.6377111631631851
14,22,36,train,True,0.0717984,1.0887475681304932,291.882077627182,292.05072021484375,292.9708251953125,0.920102596282959,0.16864497184753424
15,21,36,train,True,0.0131148,0.027572810449637473,299.010909855566,299.0832824707031,299.0384826660156,-0.04480722174048424,0.07238003219012171
16,20,36,train,True,0.0001872,-1.6752000343799591,308.89019637227057,308.71405029296875,307.2149963378906,-1.4990565776824951,-0.176143456697464
17,19,36,train,True,3.6e-05,-1.210678198337555,306.6504975342751,306.78955078125,305.4398193359375,-1.349725365638733,0.13904716730117794
18,18,36,train,True,2.88e-05,-1.0882341706752776,306.82062552809714,306.71673583984375,305.7323913574219,-0.9843541383743286,-0.103880032300949
19,17,36,train,True,0.000324,-0.3363370378315449,292.8578214128315,293.1200256347656,292.521484375,-0.5985683798789978,0.2622313420474529
20,16,36,train,True,0.0399996,0.038259239210747184,281.339121131883,281.3716735839844,281.37738037109375,0.005699759814888239,0.032559479395858945
12,25,37,train,False,0.6989485,2.192338076233864,260.9786519140005,261.03912353515625,263.1709899902344,2.131865978240967,0.06047209799289721
13,24,37,train,False,0.1802455,1.8006756174564362,279.2568194997311,278.65869140625,281.0574951171875,2.398799419403076,-0.5981238019466399
14,23,37,train,False,0.1138083,1.3266007643938065,294.52319171607496,294.2574157714844,295.84979248046875,1.592358112335205,-0.2657573479413986
15,22,37,train,True,0.0379472,0.8161369782686233,305.34481272876263,305.8995666503906,306.16094970703125,0.261360764503479,0.5547762137651443
16,21,37,train,True,0.0001998,-0.009674460005480796,313.1044010225055,313.01763916015625,313.0947265625,0.07709159702062607,-0.08676605702610686
17,20,37,train,True,5.18e-05,-1.0757130035758018,316.8965137848258,317.1004333496094,315.82080078125,-1.2796084880828857,0.20389548450708395
18,19,37,train,True,0.0002072,-0.8416910964250565,315.74623211205005,315.50421142578125,314.904541015625,-0.5996717214584351,-0.2420193749666214
19,18,37,train,True,9.25e-05,-0.4480214282870293,308.73894550055263,308.5743713378906,308.2909240722656,-0.28345659375190735,-0.16456483453512194
20,17,37,train,True,0.0006327,0.13572737257927656,295.8913112016395,296.1278991699219,296.02703857421875,-0.10086047649383545,0.236587849073112
14,24,38,train,False,0.1047926,1.2526313376426697,300.24730762720105,299.9275207519531,301.49993896484375,1.572402834892273,-0.3197714972496033
15,23,38,train,True,0.07258,1.1083329179883004,309.40774984568355,309.596435546875,310.5160827636719,0.9196402430534363,0.18869267493486408
16,22,38,train,True,0.0071706,0.8238298407196999,320.9040143975615,321.0537414550781,321.72784423828125,0.6741073131561279,0.14972252756357196
17,21,38,train,True,9.88e-05,0.3692607307434082,322.83127027511597,323.20831298828125,323.2005310058594,-0.007787019945681095,0.3770477506890893
18,20,38,train,True,0.0001938,-0.7496875417232514,327.56356083273886,327.3426513671875,326.8138732910156,-0.5287925601005554,-0.22089498162269594
19,19,38,train,True,0.0001938,-0.2761433828249574,321.00087482813746,320.646240234375,320.7247314453125,0.07848779112100601,-0.3546311739459634
20,18,38,train,True,0.0001938,0.0037852435209788384,313.3236378521822,313.12164306640625,313.3274230957031,0.20576119422912598,-0.20197595070814714
14,25,39,train,False,0.1355328,1.2559353107213973,302.14204442560674,301.5081787109375,303.3979797363281,1.8897898197174072,-0.6338545089960099
15,24,39,train,False,0.1126437,0.928150723874569,315.5416673913598,315.8208312988281,316.4698181152344,0.6489855647087097,0.27916515916585927
16,23,39,train,True,0.0500019,1.0805219772458077,325.3201127883792,325.426513671875,326.400634765625,0.9741194844245911,0.10640249282121661
17,22,39,train,True,0.0017316,1.1699791377782822,330.9924964481592,331.28173828125,332.1624755859375,0.8807494044303894,0.2892297333478928
18,21,39,train,True,0.0049998,0.5237710471451282,334.00699067160485,333.94134521484375,334.53076171875,0.5894085168838501,-0.06563746973872187
19,20,39,train,True,1.17e-05,-0.3369903314113617,333.3137359368801,333.7239990234375,332.97674560546875,-0.7472462058067322,0.4102558743953705
20,19,39,train,True,0.0005967,-0.021856510369107126,326.12698956700973,326.41717529296875,326.1051330566406,-0.31203144788742065,0.2901749375183135
21,18,39,train,True,0.0240006,1.4739078032970427,312.3957516205311,312.52484130859375,313.8696594238281,1.3448262214660645,0.1290815818309783
14,26,40,train,False,0.121992,1.1556025117635726,306.8803471952677,306.2330017089844,308.03594970703125,1.802963376045227,-0.6473608642816544
15,25,40,train,True,0.083608,0.7880673944950104,318.98970360159876,319.2567138671875,319.77777099609375,0.5210774540901184,0.266989940404892
16,24,40,train,True,0.003984,0.7907775619626045,333.00740969389676,333.17303466796875,333.7981872558594,0.6251725554466248,0.16560500651597976
17,23,40,train,True,0.032064,1.4246917521953584,336.8469757282734,337.1106262207031,338.27166748046875,1.161037564277649,0.26365418791770945
18,22,40,train,True,8e-06,1.3006932079792022,343.65697891116145,343.81036376953125,344.9576721191406,1.14729642868042,0.15339677929878226
19,21,40,train,True,5.6e-05,0.8198272576928138,341.3260162481666,341.52362060546875,342.1458435058594,0.62220698595047,0.19762027174234387
20,20,40,train,True,2.4e-05,-0.07871270932955668,341.5931170062046,342.05218505859375,341.514404296875,-0.537792980670929,0.4590802713413723
21,19,40,train,True,0.002828,1.4645435041189194,326.6374157243967,326.94677734375,328.1019592285156,1.15518319606781,0.30936030805110937
22,18,40,train,True,0.068244,2.3588387191295626,314.5103324234486,314.634521484375,316.8691711425781,2.234652042388916,0.12418667674064654
15,26,41,train,False,0.1201628,0.5717491371929646,324.12148816749453,324.1686096191406,324.6932373046875,0.5246264338493347,0.04712270334362989
16,25,41,train,True,0.0041,0.411496120095253,336.98718552052975,337.4150695800781,337.398681640625,-0.016392819583415985,0.427888939678669
17,24,41,train,True,0.0687242,1.1409048861265183,344.833338277936,344.93133544921875,345.9742431640625,1.0429261922836304,0.09797869384288793
18,23,41,train,True,0.0003485,1.5861976313591004,349.79569934129717,349.9093017578125,351.38189697265625,1.4725836515426636,0.11361397981643684
19,22,41,train,True,1.23e-05,1.5320293754339218,351.3631732612848,351.6189880371094,352.89520263671875,1.2762174606323242,0.2558119148015976
20,21,41,train,True,0.0001394,1.0536285719275476,349.95723568588494,350.4150085449219,351.0108642578125,0.5958545804023743,0.4577739915251733
21,20,41,train,True,7.79e-05,1.3258058845996856,342.5139768302441,343.1371154785156,343.83978271484375,0.7026553153991699,0.6231505692005157
22,19,41,train,True,0.0279456,2.3849386167526245,329.042460064888,329.4099426269531,331.4273986816406,2.017463445663452,0.3674751710891724
15,27,42,train,True,0.0950082,0.6531795151531696,326.41456950828433,326.1683044433594,327.0677490234375,0.8994344472885132,-0.24625493213534355
16,26,42,train,True,0.002793,-0.04121909931534901,343.73677573994036,344.1155700683594,343.695556640625,-0.4200078248977661,0.3787887255824171
17,25,42,train,True,0.0596148,0.6524642372131347,350.2989517784119,350.5272216796875,350.951416015625,0.4241951107978821,0.22826912641525265
18,24,42,train,True,0.005775,1.3194043278694152,359.17015866041186,359.3357849121094,360.48956298828125,1.1537598371505737,0.16564449071884146
19,23,42,train,True,0.000105,1.8242098438739776,358.89078649401665,359.1528015136719,360.7149963378906,1.562203288078308,0.26200655579566945
20,22,42,train,True,0.000147,1.6304837328195572,361.5489596265554,361.8957214355469,363.179443359375,1.2837291955947876,0.34675453722476957
21,21,42,train,True,0.0001554,1.919283415079117,354.4408240067959,354.68707275390625,356.360107421875,1.6730406284332275,0.2462427866458894
22,20,42,train,True,0.0002688,2.1767512160539626,346.4098881882429,346.8880920410156,348.5866394042969,1.6985573768615723,0.47819383919239034
16,27,43,train,True,0.0049708,-0.16661207331344485,346.5052046026103,346.7445983886719,346.3385925292969,-0.40598830580711365,0.2393762324936688
17,26,43,train,True,0.0618598,-0.10538024469278753,357.6356536821928,357.9263000488281,357.5302734375,-0.39601534605026245,0.29063510135747495
18,25,43,train,True,0.0053105,0.8494940674304963,364.910393627882,364.9942321777344,365.7598876953125,0.7656468152999878,0.08384725213050848
19,24,43,train,True,0.0004085,1.5743898057937622,368.55039657115935,368.7774658203125,370.1247863769531,1.3473000526428223,0.22708975315093993
20,23,43,train,True,0.0002279,1.8675288552045821,369.4405155783892,369.82861328125,371.30804443359375,1.4794247150421143,0.38810414016246786
21,22,43,train,True,0.0018619,2.008495019674301,366.83345444321634,366.8255310058594,368.8419494628906,2.0163967609405518,-0.00790174126625054
22,21,43,train,True,0.005719,2.288991641998291,359.13230352401735,359.1706237792969,361.4212951660156,2.250671625137329,0.03832001686096209
23,20,43,train,True,0.0428495,2.591993571519852,346.40937971949575,346.9890441894531,349.0013732910156,2.0123274326324463,0.5796661388874056
16,28,44,train,True,0.0052184,-0.2405225719511509,351.89042491570115,351.8246765136719,351.64990234375,-0.1747855544090271,-0.0657370175421238
17,27,44,train,True,0.0855668,-0.56946314483881,362.0634206643701,362.31707763671875,361.49395751953125,-0.8231192231178284,0.25365607827901837
18,26,44,train,True,0.001584,-0.034864165522158146,373.7223031303659,373.72900390625,373.68743896484375,-0.041571490466594696,0.00670732494443655
19,25,44,train,True,0.000418,1.095038825571537,375.641899650991,376.0549011230469,376.7369384765625,0.6820427179336548,0.4129961076378823
20,24,44,train,True,0.0003256,1.5529335767030716,380.5305319994688,380.95977783203125,382.0834655761719,1.1236737966537476,0.4292597800493241
21,23,44,train,True,0.0017556,2.061511335372925,376.26353138923645,376.5247497558594,378.3250427246094,1.800310730934143,0.2612006044387818
22,22,44,train,True,0.0006996,1.9675107574462891,374.87044090270996,375.4749450683594,376.83795166015625,1.3630075454711914,0.6045032119750977
23,21,44,train,True,0.0072644,2.564878865480423,360.6277786052227,360.95208740234375,363.1926574707031,2.240572929382324,0.3243059360980989
24,20,44,train,True,0.0512336,2.551367884874344,349.26665579676626,349.7835693359375,351.8180236816406,2.0344481468200684,0.5169197380542756
17,28,45,train,False,0.1361655,-0.9239303258061409,367.9890548375249,368.1719665527344,367.06512451171875,-1.1068302392959595,0.1828999134898186
18,27,45,train,True,0.000513,-1.142488620877266,379.06555380642413,378.8978576660156,377.9230651855469,-0.9748003482818604,-0.16768827259540564
19,26,45,train,True,0.000522,0.23422690017148853,384.71227578537537,384.9603576660156,384.9465026855469,-0.013858440332114697,0.24808534050360323
20,25,45,train,True,0.0003645,1.0507659327983856,387.93492132306096,388.3746032714844,388.9856872558594,0.6110771894454956,0.43968874335289
21,24,45,train,True,0.0006615,1.6601786428689957,387.7363972848654,387.85235595703125,389.3965759277344,1.5442174673080444,0.11596117556095131
22,23,45,train,True,0.000837,1.8016722857952119,384.81951301693914,385.0079345703125,386.6211853027344,1.6132280826568604,0.18844420313835153
23,22,45,train,True,0.000864,2.020238518714905,376.8901923894882,377.1017761230469,378.9104309082031,1.808661937713623,0.21157658100128174
24,21,45,train,True,0.035397,2.476812357902527,363.83162880420684,363.9477844238281,366.3084411621094,2.360642433166504,0.11616992473602306
17,29,46,train,False,0.0972486,-0.8383967389166355,370.9557978619635,371.7156677246094,370.1174011230469,-1.5982935428619385,0.759896803945303
18,28,46,train,True,0.0023276,-1.976308234333992,386.7662252265215,386.9696350097656,384.7899169921875,-2.1797192096710205,0.20341097533702857
19,27,46,train,True,0.0007268,-1.4116627782583238,391.8847462743521,391.8299560546875,390.47308349609375,-1.3568731546401978,-0.054789623618126004
20,26,46,train,True,0.0022356,0.19419811388477684,398.3158116517402,398.7733154296875,398.510009765625,-0.26329752802848816,0.45749564191326497
21,25,46,train,True,0.0006716,1.1774912348389626,396.4275502690673,396.61297607421875,397.60504150390625,0.9920373558998108,0.18545387893915177
22,24,46,train,True,9.2e-05,1.1786582112312316,397.8402626872063,398.197265625,399.0189208984375,0.821649968624115,0.3570082426071166
23,23,46,train,True,0.0001334,1.6445900678634644,389.8696616411209,390.362548828125,391.5142517089844,1.151716947555542,0.4928731203079224
24,22,46,train,True,0.011454,1.7268198370933532,381.6275807976723,381.9758605957031,383.3544006347656,1.3785279989242554,0.3482918381690978
25,21,46,train,True,0.0866272,2.49921289563179,363.77742895007134,364.13970947265625,366.2766418457031,2.136927843093872,0.362285052537918
18,29,47,train,True,0.0012126,-2.075251976251602,390.1690019762516,390.636962890625,388.09375,-2.5432381629943848,0.4679861867427828
19,28,47,train,True,0.0013959,-2.499911674261093,400.1022981488705,400.1993408203125,397.6023864746094,-2.5969526767730713,0.09704100251197811
20,27,47,train,True,0.0022231,-1.7001192539930343,406.008224722743,406.0496826171875,404.30810546875,-1.7415757179260254,0.04145646393299107
21,26,47,train,True,0.0019317,0.3613584353029728,407.04675313696265,407.2594909667969,407.4081115722656,0.14861656725406647,0.21274186804890632
22,25,47,train,True,7.99e-05,0.6987116591632366,406.8128850205243,407.07794189453125,407.5115966796875,0.43367794156074524,0.2650337176024914
23,24,47,train,True,0.0001128,0.8440900233387947,403.3558001133799,403.3650207519531,404.19989013671875,0.834847092628479,0.009242930710315678
24,23,47,train,True,0.0051982,1.1625803408026696,395.08448997169734,395.1387023925781,396.2470703125,1.108345866203308,0.05423447459936148
25,22,47,train,True,0.0316686,1.7088381624221802,381.9008725309372,382.3596496582031,383.6097106933594,1.2500463724136353,0.458791790008545
18,30,48,train,True,0.0167664,-2.0192015099525453,396.02225326776505,395.6959533691406,394.0030517578125,-1.6929086446762085,-0.32629286527633683
19,29,48,train,True,0.0007728,-2.5597774958610535,404.7088863825798,404.8431701660156,402.14910888671875,-2.6940505504608154,0.1342730545997619
20,28,48,train,True,1.92e-05,-3.49707137465477,416.200989831686,416.0011901855469,412.70391845703125,-3.297272205352783,-0.1997991693019867
21,27,48,train,True,0.0049488,-1.102713323533535,415.56908295243977,415.4980773925781,414.46636962890625,-1.0316886901855469,-0.07102463334798803
22,26,48,train,True,7.68e-05,-0.013584403968416155,418.6086466598278,418.70458984375,418.5950622558594,-0.10952358692884445,0.0959391829604283
23,25,48,train,True,0.0009696,0.2968212340399623,413.66631353158505,413.90728759765625,413.963134765625,0.055839888751506805,0.2409813452884555
24,24,48,train,True,0.0073104,0.33184385739266875,411.3446087793261,411.46826171875,411.67645263671875,0.2081981599330902,0.12364569745957854
25,23,48,train,True,0.0067008,1.0333528313040734,396.74142744213344,397.1612243652344,397.7747802734375,0.6135412454605103,0.41981158584356315
26,22,48,train,True,0.0922176,1.4055729550123215,384.8121699649096,385.0908203125,386.2177429199219,1.126930832862854,0.2786421221494675
19,30,49,train,True,0.0008036,-2.524266623258591,410.82620754122735,410.2414855957031,408.30194091796875,-1.9395344257354736,-0.5847321975231172
20,29,49,train,True,0.0001764,-3.7521587896347044,421.2561871099472,421.14764404296875,417.5040283203125,-3.64361572265625,-0.1085430669784544
21,28,49,train,True,0.0022687,-2.4072138023376466,425.5310236167908,425.62774658203125,423.1238098144531,-2.5039403438568115,0.09672654151916493
22,27,49,train,True,7.84e-05,-0.8543391293287277,426.7758479183912,426.8469543457031,425.9215087890625,-0.9254540205001831,0.07111489117145542
23,26,49,train,True,0.0008232,-0.3139139421284199,425.63364660814403,425.4627685546875,425.3197326660156,-0.14302511513233185,-0.17088882699608804
24,25,49,train,True,0.0022001,-0.22117295854724944,421.93735948198474,422.05059814453125,421.7161865234375,-0.3344269394874573,0.11325398094020783
25,24,49,train,True,0.0022148,0.10061466373503208,413.38092220149935,413.55584716796875,413.4815368652344,-0.07428532093763351,0.1748999846726656
26,23,49,train,True,0.0242207,0.7586687749624252,399.9000226312876,399.904296875,400.65869140625,0.7543954253196716,0.00427334964275361
19,31,50,train,True,0.00773,-2.4071017861366273,414.36791721582415,414.4291687011719,411.9608154296875,-2.4683499336242676,0.06124814748764029
20,30,50,train,True,0.001585,-3.724890432357788,428.60266753196714,427.5082092285156,424.8777770996094,-2.630413055419922,-1.0944773769378662
21,29,50,train,True,0.002515,-2.4269535052776336,431.567181776762,431.6737365722656,429.1402282714844,-2.533519983291626,0.10656647801399233
22,28,50,train,True,8.5e-05,-1.895212446451187,437.71070316910743,437.7861328125,435.81549072265625,-1.9706482887268066,0.07543584227561961
23,27,50,train,True,9.5e-05,-0.9881741040945053,434.86320462167265,434.795166015625,433.8750305175781,-0.9201164841651917,-0.0680576199293137
24,26,50,train,True,9.5e-05,-0.8332419112324715,435.1520285323262,435.0509338378906,434.31878662109375,-0.7321397662162781,-0.10110214501619341
25,25,50,train,True,0.000115,-0.5142634770274163,426.68030961960557,426.6341247558594,426.1660461425781,-0.46807053685188293,-0.046192940175533326
26,24,50,train,True,0.008385,-0.09937346587888897,417.7126241983008,417.70135498046875,417.6132507324219,-0.08810392022132874,-0.011269545657560234
27,23,50,train,False,0.12575,0.7712278607487678,399.69324967831375,400.03192138671875,400.4644775390625,0.4325493276119232,0.3386785331368446
19,32,51,train,True,0.0130407,-2.274078462123871,419.50167855978015,419.2880859375,417.22760009765625,-2.0604748725891113,-0.21360358953475966
20,31,51,train,True,0.0005202,-3.428278336524963,432.2007697916031,432.3226013183594,428.7724914550781,-3.5500829219818115,0.12180458545684836
21,30,51,train,True,0.0025143,-2.2646531212329863,439.02341166615486,438.4582824707031,436.7587585449219,-1.6995234489440918,-0.5651296722888945
22,29,51,train,True,0.0004845,-1.8506939673423768,443.9348614478111,444.1585388183594,442.08416748046875,-2.0743889808654785,0.22369501352310173
23,28,51,train,True,9.69e-05,-1.742888930439949,445.7701716452837,445.8463439941406,444.02728271484375,-1.8190659284591675,0.0761769980192184
24,27,51,train,True,0.0001683,-1.4364947253465652,444.5733660632372,444.3116149902344,443.1368713378906,-1.1747212409973145,-0.26177348434925074
25,26,51,train,True,0.000306,-1.2242516732215882,440.25873653650285,440.32177734375,439.03448486328125,-1.2872775793075562,0.06302590608596792
26,25,51,train,True,0.0013974,-0.8652349579334259,431.4296575653553,431.4853820800781,430.5644226074219,-0.9209678173065186,0.05573285937309269
27,24,51,train,True,0.0484398,-0.1173065519798547,417.80169375901113,417.8559875488281,417.68438720703125,-0.17162169516086578,0.05431514318101108
19,33,52,train,True,0.0335348,-1.8972607612609864,421.9763318061829,421.9815673828125,420.0790710449219,-1.902489423751831,0.005228662490844638
20,32,52,train,True,0.0006708,-3.095505849123001,438.312546864748,438.327880859375,435.217041015625,-3.1108181476593018,0.015312298536300784
21,31,52,train,True,0.0030732,-1.9683296054601669,443.79645460546016,443.8028259277344,441.828125,-1.9746952056884766,0.006365600228309676
22,30,52,train,True,0.0027456,-1.560096825361252,452.4576187980175,451.974609375,450.89752197265625,-1.0770907402038574,-0.4830060851573945
23,29,52,train,True,0.0001612,-1.6544360756874084,453.13926883935926,453.1575927734375,451.4848327636719,-1.6727508306503296,0.01831475496292123
24,28,52,train,True,0.0001144,-2.0872795933485033,456.5826409214735,456.3517150878906,454.495361328125,-1.8563464879989624,-0.23093310534954092
25,27,52,train,True,0.00013,-1.856171435713768,450.906281298995,450.86126708984375,449.05010986328125,-1.8111457824707031,-0.045025653243064845
26,26,52,train,True,0.000182,-1.73581145465374,447.74643157184124,447.6996154785156,446.0106201171875,-1.688980221748352,-0.04683123290538793
27,25,52,train,True,0.0052832,-0.9530507344007492,432.78779804885386,432.92913818359375,431.8347473144531,-1.094399094581604,0.14134836018085484
28,24,52,train,True,0.0829036,-0.23813972894102334,420.30225716058163,420.3626708984375,420.0641174316406,-0.2985554039478302,0.06041567500680686
19,34,53,train,False,0.111777,-1.2497108280658722,425.78862074017525,425.21099853515625,424.5389099121094,-0.672083854675293,-0.5776269733905792
20,33,53,train,True,0.043778,-2.4803635454177857,440.76793068408966,441.5206298828125,438.2875671386719,-3.2330713272094727,0.752707781791687
21,32,53,train,True,0.0176967,-1.6903241169452667,450.191483784914,450.1201171875,448.50115966796875,-1.618956446647644,-0.0713676702976227
22,31,53,train,True,0.0028885,-1.0417982199788094,457.24531994849445,457.44964599609375,456.2035217285156,-1.2461445331573486,0.20434631317853924
23,30,53,train,True,0.0031005,-1.3495028984546662,461.89112887501716,461.6375427246094,460.5416259765625,-1.095914602279663,-0.2535882961750031
24,29,53,train,True,0.0001166,-1.9938729417324066,464.1957162034512,464.2911376953125,462.20184326171875,-2.0892937183380127,0.0954207766056061
25,28,53,train,True,0.0003445,-2.505458289384842,463.16710990071294,462.9115295410156,460.6616516113281,-2.2498779296875,-0.25558035969734183
26,27,53,train,True,0.0016695,-2.4439647614955904,458.7260692536831,458.3863220214844,456.2821044921875,-2.1042160987854004,-0.33974866271019
27,26,53,train,True,0.0017278,-1.9375327175855637,449.4751608914137,449.31585693359375,447.5376281738281,-1.7782235145568848,-0.1593092030286789
28,25,53,train,True,0.0251485,-1.0265451246500015,435.4965463453531,435.5049743652344,434.4700012207031,-1.0349760055541992,0.008430880904197746
20,34,54,train,True,0.048438,-1.7153601330518722,445.59969851195814,445.36480712890625,443.88433837890625,-1.4804730415344238,-0.23488709151744835
21,33,54,train,True,0.0139752,-1.1607222217321396,453.86747881352903,453.8598327636719,452.7067565917969,-1.153061866760254,-0.007660354971885663
22,32,54,train,True,0.0158328,-0.5024192272126675,464.5340659557283,464.38336181640625,464.0316467285156,-0.3517048954963684,-0.1507143317162991
23,31,54,train,True,0.011178,-0.7296194544434548,467.7279104700685,467.7554626464844,466.998291015625,-0.7571721076965332,0.02755265325307843
24,30,54,train,True,0.000135,-1.6624554812908172,474.0892132937908,474.0102233886719,472.4267578125,-1.5834730863571167,-0.07898239493370052
25,29,54,train,True,0.0010044,-2.453038520812988,471.98230487823486,471.8507385253906,469.5292663574219,-2.321493625640869,-0.13154489517211898
26,28,54,train,True,0.0003456,-3.075639308691025,472.1453109395504,471.7647705078125,469.0696716308594,-2.6950933933258057,-0.3805459153652193
27,27,54,train,True,0.0003564,-2.795630942583084,463.0958018410206,462.7378845214844,460.3001708984375,-2.437699317932129,-0.3579316246509552
28,26,54,train,True,0.0046548,-2.129118139743805,453.47961252450943,453.2237854003906,451.3504943847656,-1.8732802867889404,-0.2558378529548646
20,35,55,train,False,0.160215,-0.600822589173913,446.80290999151765,446.9259338378906,446.20208740234375,-0.723854660987854,0.12303207181394105
21,34,55,train,True,0.0624085,-0.3214788951352239,458.8378363170102,458.3353271484375,458.516357421875,0.181036114692688,-0.5025150098279119
22,33,55,train,True,0.028875,0.10056537634693086,468.3581138228718,468.5433349609375,468.45867919921875,-0.08463458716869354,0.1851999635156244
23,32,55,train,True,0.027016,-0.11815413703210652,475.1734825061727,475.05364990234375,475.0553283691406,0.001669479999691248,-0.11982361703179777
24,31,55,train,True,0.000231,-1.0041266962885858,480.1226569697261,480.2565002441406,479.1185302734375,-1.1379613876342773,0.1338346913456916
25,30,55,train,True,0.0002585,-2.1622328358888625,482.1565260487795,482.07635498046875,479.9942932128906,-2.082068681716919,-0.08016415417194356
26,29,55,train,True,0.000308,-3.061440830230713,481.24265420913696,481.0628967285156,478.18121337890625,-2.8816885948181152,-0.17975223541259755
27,28,55,train,True,0.000407,-3.491271969079971,476.82553100228307,476.8291320800781,473.3342590332031,-3.4948642253875732,0.003592256307602071
28,27,55,train,True,0.000704,-3.078518050909042,467.43883909583093,467.3527526855469,464.3603210449219,-2.992426872253418,-0.08609117865562421
29,26,55,train,False,0.155562,-1.821893572807312,453.0400332212448,452.8698425292969,451.2181396484375,-1.651692509651184,-0.17020106315612793
20,36,56,train,False,0.2496424,0.5002125466614962,450.52267563693226,449.8572692871094,451.02288818359375,1.1656274795532227,-0.6654149328917265
21,35,56,train,False,0.2596664,0.685243017077446,461.2464281255007,461.08038330078125,461.9316711425781,0.8513049483299255,-0.1660619312524796
22,34,56,train,False,0.1002008,0.8126911368966102,474.5729289802909,474.2051696777344,475.3856201171875,1.1804612874984741,-0.3677701506018639
23,33,56,train,False,0.1758848,0.6000064994394779,479.9965206001699,480.1832275390625,480.5965270996094,0.4132961928844452,0.18671030655503273
24,32,56,train,True,0.0005768,-0.3329736054688692,488.640133029297,488.50262451171875,488.3071594238281,-0.1954614222049713,-0.1375121832638979
25,31,56,train,True,0.0002912,-1.559033623933792,489.3711979305744,489.3468017578125,487.8121643066406,-1.5346537828445435,-0.02437984108924862
26,30,56,train,True,0.0002688,-2.7905068051815034,492.5779518735409,492.25994873046875,489.7874450683594,-2.47251558303833,-0.3179912221431733
27,29,56,train,True,0.000476,-3.473412972688675,487.0525755703449,486.91094970703125,483.57916259765625,-3.331800937652588,-0.1416120350360872
28,28,56,train,True,0.0003976,-3.7559889340400696,483.58249650239947,483.9957275390625,479.8265075683594,-4.169243812561035,0.41325487852096554
29,27,56,train,True,0.0063952,-2.7375452268123626,468.1003992307186,467.93548583984375,465.36285400390625,-2.572638988494873,-0.16490623831748952
21,36,57,train,False,0.179778,1.4715942400693893,465.4786315900087,465.0155029296875,466.9502258300781,1.9347368478775024,-0.4631426078081131
22,35,57,train,False,0.2058783,1.5970021516084671,477.41074931323527,477.2553405761719,479.00775146484375,1.7523918151855469,-0.15538966357707973
23,34,57,train,True,0.0847647,1.3287678855657576,486.4094218116999,486.5062255859375,487.7381896972656,1.2319666147232056,0.09680127084255208
24,33,57,train,True,0.0018639,0.36897230193018915,493.7009129519761,493.81378173828125,494.06988525390625,0.2561006546020508,0.11287164732813837
25,32,57,train,True,0.0015048,-0.937204621732235,498.16523196548223,497.99273681640625,497.22802734375,-0.7647184133529663,-0.17248620837926865
26,31,57,train,True,0.0002679,-2.236629639863968,500.07378784298896,499.9061279296875,497.837158203125,-2.068979263305664,-0.16765037655830373
27,30,57,train,True,0.000513,-3.2170770251750946,498.6378228747845,498.28741455078125,495.4207458496094,-2.866682529449463,-0.35039449572563175
28,29,57,train,True,0.0005643,-3.720334689617157,494.0294777560234,494.2433776855469,490.30914306640625,-3.934244155883789,0.2139094662666321
29,28,57,train,True,0.0005016,-3.4677162420749665,484.53522112488747,484.68609619140625,481.0675048828125,-3.618588924407959,0.15087268233299245
21,37,58,train,False,0.1900254,2.0697583425045014,467.57065303444864,467.1867370605469,469.6404113769531,2.4536707401275635,-0.38391239762306206
22,36,58,train,False,0.183338,2.19907692193985,482.9087111639976,481.84246826171875,485.1077880859375,3.265312671661377,-1.066235749721527
23,35,58,train,False,0.095816,2.0472354650497437,490.3924312829971,490.57305908203125,492.4396667480469,1.8666105270385742,0.18062493801116952
24,34,58,train,True,0.0029812,1.0534966054558754,501.25473093360665,501.3519287109375,502.3082275390625,0.9563130736351013,0.0971835318207741
25,33,58,train,True,0.0027028,-0.22623600896447896,504.30945744451134,504.40533447265625,504.0832214355469,-0.32213401794433594,0.09589800897985698
26,32,58,train,True,0.000319,-1.6881184196472168,510.04877515792845,509.95068359375,508.36065673828125,-1.590032696723938,-0.09808572292327877
27,31,58,train,True,0.0011542,-2.7156787860393523,507.2873950946331,506.8603820800781,504.57171630859375,-2.2886393070220947,-0.4270394790172576
28,30,58,train,True,0.000348,-3.4241352903842928,506.68921097397805,506.4595947265625,503.26507568359375,-3.1945266723632812,-0.2296086180210115
29,29,58,train,True,0.0005626,-3.3690381121635435,497.2746472430229,497.1162414550781,493.9056091308594,-3.2106211185455322,-0.15841699361801131
30,28,58,train,True,0.0500018,-2.902436978816986,487.4594438147545,486.96490478515625,484.5570068359375,-2.4078903198242188,-0.4945466589927672
21,38,59,train,False,0.2496408,2.363000321984291,471.56909806668756,470.6080322265625,473.9320983886719,3.3240628242492676,-0.9610625022649764
23,36,59,train,False,0.1373992,2.582189143896103,496.15850299477574,495.82440185546875,498.7406921386719,2.9162867069244385,-0.3340975630283354
24,35,59,train,True,0.0006726,1.7066686391830443,505.51131842136385,505.54736328125,507.2179870605469,1.6706043481826782,0.03606429100036612
25,34,59,train,True,0.0023305,0.4200165103375912,512.1160552670061,512.1744384765625,512.5360717773438,0.36166146397590637,0.058355046361684815
26,33,59,train,True,0.0003304,-0.9940603020787239,516.4297292473913,516.5316772460938,515.4356689453125,-1.0960595607757568,0.10199925869703297
27,32,59,train,True,0.0003953,-2.2182122522592547,517.537487154603,517.314208984375,515.3192749023438,-1.9949599504470825,-0.22325230181217215
28,31,59,train,True,0.000354,-2.960810025930405,515.6041205728054,515.4588623046875,512.643310546875,-2.815554618835449,-0.14525540709495566
29,30,59,train,True,0.000531,-3.0319825291633604,510.12301646471025,509.878173828125,507.0910339355469,-2.7871322631835938,-0.24485026597976667
30,29,59,train,True,0.0007611,-2.7147892546653747,500.34009443044664,499.9530334472656,497.62530517578125,-2.3277223110198975,-0.3870669436454772
22,38,60,train,False,0.240324,2.8486348950862883,490.4811685717106,489.1671447753906,493.3298034667969,4.162651062011719,-1.3140161669254304
23,37,60,train,False,0.181944,2.975097663402557,499.6946716237068,499.37249755859375,502.6697692871094,3.2972567081451416,-0.3221590447425844
24,36,60,train,True,0.001116,2.244283925294876,512.3381135356426,512.4112548828125,514.5823974609375,2.1711437702178955,0.07314015507698057
25,35,60,train,True,0.002328,1.0347803327441216,517.4712621477246,517.6883544921875,518.5060424804688,0.8176864981651306,0.217093834578991
26,34,60,train,True,0.003408,-0.37027646109461787,525.3342046837508,525.3512573242188,524.9639282226562,-0.38728153705596924,0.017005075961351368
27,33,60,train,True,0.000402,-1.606200127005577,525.0707387012243,524.80615234375,523.4645385742188,-1.341585636138916,-0.264614490866661
28,32,60,train,True,0.000354,-2.5048364436626436,526.9793237483501,526.8466186523438,524.4744873046875,-2.372157096862793,-0.1326793467998506
29,31,60,train,True,0.001614,-2.5085082352161407,520.0542846024036,519.936279296875,517.5457763671875,-2.3904826641082764,-0.11802557110786438
30,30,60,train,True,0.000546,-2.267453318834305,515.3813449203968,514.983154296875,513.1138916015625,-1.869231104850769,-0.39822221398353586
23,38,61,train,False,0.2349171,3.140371389389038,505.05628388404847,504.5335388183594,508.1966552734375,3.6631178855895996,-0.5227464962005617
24,37,61,train,True,0.0018605,2.644077264070511,516.0627708804608,516.070556640625,518.7068481445312,2.636272668838501,0.007804595232010048
25,36,61,train,True,0.0023302,1.6184207111597062,524.4541500896215,524.5338745117188,526.0725708007812,1.538691759109497,0.07972895205020913
26,35,61,train,True,0.0026108,0.24915541391819715,530.8926292540506,530.9298706054688,531.1417846679688,0.2118895798921585,0.03726583402603864
27,34,61,train,True,0.0008418,-1.0769370910525322,534.2825034973025,534.1251831054688,533.20556640625,-0.9196182489395142,-0.15731884211301805
28,33,61,train,True,0.0003538,-1.9821106916666031,534.8184754377603,534.6666870117188,532.8363647460938,-1.830332636833191,-0.15177805483341222
29,32,61,train,True,0.0009516,-2.091334565281868,531.6878921824693,531.6464233398438,529.5965576171875,-2.0498507022857666,-0.041483862996101184
30,31,61,train,True,0.0158966,-1.731582978963852,525.5219272172451,525.2288818359375,523.7903442382812,-1.4385335445404053,-0.29304943442344666
31,30,61,train,True,0.0379908,-1.3746532547473906,515.4377025711536,515.2322998046875,514.0630493164062,-1.1692650318145752,-0.20538822293281545
23,39,62,train,False,0.2642874,3.199275127649307,508.2141465032101,507.6408996582031,511.4134216308594,3.772507905960083,-0.5732327783107758
24,38,62,train,True,0.0034472,2.8701377940177917,522.3952430653572,522.4979858398438,525.265380859375,2.7673792839050293,0.10275851011276238
25,37,62,train,True,0.006541,2.0794265270233154,529.1469528675079,529.3870239257812,531.2263793945312,1.8393524885177612,0.2400740385055542
26,36,62,train,True,0.0027962,0.7902621135115624,538.962545503676,538.958740234375,539.7528076171875,0.794058620929718,-0.0037965074181556258
27,35,62,train,True,0.0185752,-0.52941649004817,540.9533056502045,540.7227783203125,540.4238891601562,-0.29886165261268616,-0.23055483743548388
28,34,62,train,True,0.0004278,-1.5399289721250533,545.1712155932188,545.262451171875,543.6312866210938,-1.6311824321746826,0.09125346004962931
29,33,62,train,True,0.0006386,-1.622380691766739,540.6288504183292,540.5211791992188,539.0064697265625,-1.514709711074829,-0.10767098069190983
30,32,62,train,True,0.0006138,-1.3201025414466858,538.2207983422279,538.119384765625,536.9006958007812,-1.2186734676361084,-0.10142907381057742
31,31,62,train,True,0.0006386,-0.8855425372719765,527.8600298419594,528.156005859375,526.9744873046875,-1.1815263032913208,0.2959837660193443
23,40,63,train,False,0.3399984,3.1201933228969576,513.1053315794468,512.2391967773438,516.2255249023438,3.9863362312316895,-0.8661429083347318
24,39,63,train,True,0.0726579,2.986137102842331,525.6789019596577,525.89501953125,528.6650390625,2.770051956176758,0.2160851466655731
25,38,63,train,True,0.0037233,2.4041945481300355,535.570658967495,535.8214111328125,537.974853515625,2.1534531116485596,0.25074143648147595
26,37,63,train,True,0.0043029,1.3123855203390122,543.790397682786,543.7876586914062,545.102783203125,1.3151649236679077,-0.00277940332889548
27,36,63,train,True,0.0185724,-0.1185288299433887,549.354979025256,549.2212524414062,549.2364501953125,0.01522677019238472,-0.13375560013577342
28,35,63,train,True,0.0004284,-1.1049425387382508,552.1604845309257,552.1002197265625,551.0555419921875,-1.0446516275405884,-0.06029091119766239
29,34,63,train,True,0.0004284,-1.2715324407815933,551.2825187689066,551.3848266601562,550.010986328125,-1.3738375902175903,0.102305149435997
30,33,63,train,True,0.0015624,-0.8885322338342667,547.4116035228967,547.236083984375,546.5230712890625,-0.7129818201065063,-0.17555041372776037
31,32,63,train,True,0.0013041,-0.469069117307663,540.7682024180889,540.787353515625,540.2991333007812,-0.48823803663253784,0.019168919324874856
32,31,63,train,True,0.0372582,-0.174261932708323,530.5269230655208,530.379150390625,530.3526611328125,-0.026481259614229202,-0.1477806730940938
24,40,64,train,False,0.2999424,2.9532526671886443,531.5252629578114,531.427978515625,534.478515625,3.0505197048187256,-0.09726703763008127
25,39,64,train,True,0.0035392,2.621146535873413,539.7532431125641,539.9946899414062,542.3743896484375,2.3796980381011963,0.24144849777221689
26,38,64,train,True,0.0050176,1.7282182121276854,551.1379927253723,551.19287109375,552.8662109375,1.6733506917953491,0.05486752033233633
27,37,64,train,True,0.0200064,0.32071842312812804,555.2774871432781,555.2333984375,555.5982055664062,0.3648029863834381,-0.04408456325531007
28,36,64,train,True,0.0004608,-0.8153209933638572,561.7086315402389,561.7576904296875,560.893310546875,-0.8643612265586853,0.04904023319482809
29,35,64,train,True,0.0004288,-0.8751768732070923,559.3309263849259,559.3007202148438,558.4557495117188,-0.8449792861938477,-0.030197587013244598
30,34,64,train,True,0.0006464,-0.5766614966094494,559.1364149145782,559.0979614257812,558.5597534179688,-0.5381938815116882,-0.0384676150977612
31,33,64,train,True,0.0014272,-0.04604828712996095,550.9933139121299,551.1444091796875,550.947265625,-0.19716879725456238,0.15112051012460143
32,32,64,train,True,0.0037248,0.18746322751045227,545.6781373584271,545.8447265625,545.8656005859375,0.020844800397753716,0.16661842711269856
25,40,65,train,True,0.0037245,2.688487160205841,545.677662742138,546.0443725585938,548.3661499023438,2.3218119144439697,0.36667524576187116
26,39,65,train,True,0.005109,2.0495745980739595,555.4009869253636,555.5125732421875,557.4505615234375,1.9380147457122803,0.1115598523616792
27,38,65,train,True,0.00208,0.702362097799778,562.849822960794,562.697509765625,563.5521850585938,0.8546774983406067,-0.1523154005408287
28,37,65,train,True,0.000481,-0.5254425412416458,567.9760040646792,567.8557739257812,567.4505615234375,-0.4051786959171295,-0.12026384532451628
29,36,65,train,True,0.0006435,-0.6143446184694767,569.1074476458132,569.2113037109375,568.4931030273438,-0.7181633114814758,0.10381869301199909
30,35,65,train,True,0.0006435,-0.1893415499245748,567.3968610811746,567.0772705078125,567.20751953125,0.1302139014005661,-0.3195554513251409
31,34,65,train,True,0.000793,0.2544056392833591,562.9351695560291,563.0404052734375,563.1895751953125,0.1491396427154541,0.10526599656790497
32,33,65,train,True,0.0021645,0.6311628945171833,556.0899064414203,556.0787963867188,556.7210693359375,0.642299473285675,-0.011136578768491723
33,32,65,train,True,0.0847665,0.9346313205361366,545.5839844021201,545.7553100585938,546.5186157226562,0.7633070945739746,0.171324225962162
25,41,66,train,True,0.0111804,2.7063651406764984,549.3605904257297,549.898681640625,552.0669555664062,2.168271064758301,0.5380940759181976
26,40,66,train,True,0.0040986,2.1696503490209578,562.2592436939478,562.433837890625,564.4288940429688,1.9950474500656128,0.17460289895534498
27,39,66,train,True,0.0139722,1.183398473262787,567.9373290657998,567.9921875,569.1207275390625,1.1285828351974487,0.05481563806533818
28,38,66,train,True,0.0013992,-0.34594295613467696,576.7481036006659,576.8075561523438,576.4021606445312,-0.40542373061180115,0.05948077447712419
29,37,66,train,True,0.0006468,-0.2770266094058752,576.3211550273746,576.2772216796875,576.0441284179688,-0.2330789864063263,-0.04394762299954891
30,36,66,train,True,0.0007458,0.08655625731684267,578.1639320239332,578.1358032226562,578.25048828125,0.11470624059438705,-0.02814998327754438
31,35,66,train,True,0.0010956,0.5944595390558243,572.2430648750067,572.177978515625,572.8375244140625,0.6595674753189087,-0.06510793626308442
32,34,66,train,True,0.0024024,0.8528118270635605,569.121187196374,569.2789306640625,569.9739990234375,0.6950567364692688,0.1577550905942917
33,33,66,train,True,0.0056826,1.4644579821825028,558.0367016857863,558.9146118164062,559.5011596679688,0.5865198373794556,0.8779381448030472
26,41,67,train,True,0.003819,2.208476264476776,566.0949905323982,566.1456909179688,568.303466796875,2.15773606300354,0.0507402014732361
27,40,67,train,True,0.0064454,1.491019325852394,574.7878503030538,574.9767456054688,576.2788696289062,1.3021210432052612,0.18889828264713282
28,39,67,train,True,0.0028877,-0.06555480090901256,582.2213775548153,582.6152954101562,582.1558227539062,-0.4594525098800659,0.39389770897105336
29,38,67,train,True,0.0008911,-0.057007485283538696,585.242432289971,585.4097900390625,585.1854248046875,-0.22437240183353424,0.16736491654999555
30,37,67,train,True,0.0007571,0.4925927919149399,585.502524395585,585.1882934570312,585.9951171875,0.8068423867225647,-0.3142495948076248
31,36,67,train,True,0.0011792,0.8255791008472443,583.2516914069653,583.4047241210938,584.0772705078125,0.6725552678108215,0.15302383303642275
32,35,67,train,True,0.0043215,1.2332602471113205,578.58784570992,578.4169311523438,579.8211059570312,1.4041739702224731,-0.1709137231111526
33,34,67,train,True,0.0004422,1.6324714893102645,571.3223624950647,571.548095703125,572.954833984375,1.4067460298538208,0.22572545945644373
34,33,67,train,True,0.067067,1.976141642332077,560.5615780842304,560.7587890625,562.5377197265625,1.7788912057876587,0.19725043654441832
27,41,68,train,True,0.0038556,1.6635065740346908,579.4476994806528,579.3688354492188,581.1112060546875,1.7423548698425293,-0.07884829580783848
28,40,68,train,True,0.0029784,0.15396199901588262,590.1310721806716,590.40771484375,590.2850341796875,-0.12271285057067871,0.2766748495865613
29,39,68,train,True,0.0015844,0.28567354308441284,591.6214919842594,591.7286376953125,591.9071655273438,0.17854523658752441,0.10712830649688843
30,38,68,train,True,0.000782,0.7299564433097839,595.3863765645027,595.3863525390625,596.1163330078125,0.7299835085868835,-2.7065277099613816e-05
31,37,68,train,True,0.001428,1.1808685618638992,591.6164947193861,591.6829223632812,592.79736328125,1.1144380569458008,0.06643050491809843
32,36,68,train,True,0.0018768,1.4240572315454483,590.6227567332983,590.7933349609375,592.0468139648438,1.2535115480422974,0.1705456835031509
33,35,68,train,True,0.0018428,2.0505864459276197,581.7315180462599,581.9266967773438,583.7821044921875,1.8553842306137085,0.19520221531391124
34,34,68,train,True,0.0004964,2.0692810016870498,576.0071960490942,576.4392700195312,578.0764770507812,1.6371697187423706,0.43211128294467915
27,42,69,train,True,0.085698,1.502941957116127,586.0270263046026,586.1830444335938,587.5299682617188,1.3469363451004028,0.15600561201572427
28,41,69,train,True,0.003726,0.5230662854015827,594.7692921130359,594.993896484375,595.2923583984375,0.2984938621520996,0.22457242324948312
29,40,69,train,True,0.0014007,0.5089389966428279,599.7073695971071,599.9691162109375,600.21630859375,0.24719487130641937,0.26174412533640856
30,39,69,train,True,0.0007935,1.0793201538920403,601.9430187132955,601.8684692382812,603.0223388671875,1.1538665294647217,-0.0745463755726814
31,38,69,train,True,0.0012006,1.3627117264270783,601.743733586073,601.9960327148438,603.1064453125,1.1104223728179932,0.2522893536090851
32,37,69,train,True,0.0013179,1.8879263204336167,599.0697763162851,598.9865112304688,600.9577026367188,1.9711644649505615,-0.08323814451694478
33,36,69,train,True,0.0320022,2.2768931722640993,593.9239124917984,594.2156982421875,596.2008056640625,1.9851487874984741,0.29174438476562514
34,35,69,train,True,0.0014904,2.4387899017333985,586.6594766998292,586.755859375,589.0982666015625,2.3424060344696045,0.096383867263794
35,34,69,train,True,0.0420003,2.5774593698978423,575.8527774465084,575.7982788085938,578.4302368164062,2.6319422721862793,-0.054482902288436996
27,43,70,train,True,0.01099,1.2644498586654662,590.413162446022,590.3938598632812,591.6776123046875,1.2837547063827515,-0.019304847717285245
28,42,70,train,True,0.002142,0.5845885822176933,602.0721496990323,602.3004150390625,602.65673828125,0.3563458323478699,0.2282427498698234
29,41,70,train,True,0.001085,0.8225684189796447,605.344362733364,605.2805786132812,606.1669311523438,0.8863359093666077,-0.06376749038696294
30,40,70,train,True,0.001918,1.1390412348508834,611.1475798588991,611.0866088867188,612.28662109375,1.2000292539596558,-0.060988019108772384
31,39,70,train,True,0.001204,1.7341523033380508,609.2297148841619,609.649658203125,610.9638671875,1.314241647720337,0.4199106556177139
32,38,70,train,True,0.000819,2.012361714839935,610.2165201210976,610.5192260742188,612.2288818359375,1.7096731662750244,0.3026885485649107
33,37,70,train,True,0.0014,2.762375445365906,603.3064722108841,603.5087890625,606.06884765625,2.5600502490997314,0.2023251962661745
34,36,70,train,True,0.001582,2.603243166208267,599.880216306448,600.3223876953125,602.4834594726562,2.1611125469207764,0.44213061928749076
35,35,70,train,True,0.014903,2.850435143709183,588.6314984500408,589.0357666015625,591.48193359375,2.4461586475372314,0.4042764961719514
27,44,71,train,False,0.4650287,0.7781271284818649,596.6299539262056,596.3101196289062,597.4080810546875,1.0979641675949097,-0.31983703911304473
28,43,71,train,True,0.0022365,0.5323799347877503,606.4371635222435,606.5640869140625,606.9695434570312,0.40545904636383057,0.1269208884239197
29,42,71,train,True,0.001491,0.7750621783733368,612.9266590130329,613.086669921875,613.7017211914062,0.6150368452072144,0.16002533316612244
30,41,71,train,True,0.0026554,1.3370924001932145,617.0751390451193,616.9219360351562,618.4122314453125,1.490289330482483,-0.1531969302892684
31,40,71,train,True,0.0008094,1.7553585875034332,618.6518679749965,618.949951171875,620.4072265625,1.4572421312332153,0.2981164562702179
32,39,71,train,True,0.0008165,2.4224161207675934,617.8462606370449,617.9351196289062,620.2686767578125,2.333538770675659,0.0888773500919342
33,38,71,train,True,0.0041606,2.874805054664612,614.6502803945541,615.139404296875,617.5250854492188,2.3857104778289795,0.4890945768356323
34,37,71,train,True,0.0027974,3.0278722035884855,609.5107630503178,609.6102905273438,612.5386352539062,2.9283621311187744,0.09951007246971111
35,36,71,train,True,0.0054031,2.99845804810524,602.0573280847073,602.183837890625,605.0557861328125,2.8718998432159424,0.1265582048892977
36,35,71,train,False,0.1287656,2.844957631826401,591.3322884619236,591.226318359375,594.17724609375,2.950950860977173,-0.10599322915077192
28,44,72,train,True,0.0022392,0.19023562295362353,613.4309801973588,613.4552612304688,613.6212158203125,0.1659773886203766,0.024258234333246947
29,43,72,train,True,0.0013968,0.6515582311153412,618.2823406946659,618.2298583984375,618.9338989257812,0.7040665745735168,-0.05250834345817568
30,42,72,train,True,0.0021456,1.0968140381574631,625.78148186028,625.8099975585938,626.8782958984375,1.0683258771896362,0.028488160967826914
31,41,72,train,True,0.0008208,1.9779145008325576,625.4832061046362,625.470458984375,627.4611206054688,1.9907140731811523,-0.012799572348594745
32,40,72,train,True,7.92e-05,2.2636804854869843,628.3872594559193,628.6857299804688,630.6509399414062,1.965258240699768,0.29842224478721624
33,39,72,train,True,0.0040824,3.1525885343551634,623.3471062898636,623.5472412109375,626.4996948242188,2.952463388442993,0.20012514591217023
34,38,72,train,True,0.0019584,3.0583290350437164,621.8808799493313,622.4033203125,624.939208984375,2.5358994007110596,0.5224296343326569
35,37,72,train,True,0.0010224,3.3326456320285796,612.7172200906276,612.8145141601562,616.0498657226562,3.235340118408203,0.09730551362037643
36,36,72,train,True,0.0080136,2.940143631696701,606.8028373253345,606.9110107421875,609.7429809570312,2.832010269165039,0.10813336253166206
28,45,73,train,True,0.0024236,-0.21365711852908134,617.5000951068104,617.40869140625,617.2864379882812,-0.12225200980901718,-0.09140510872006416
29,44,73,train,True,0.0019418,0.2402820160239935,625.5063610503822,625.505615234375,625.7466430664062,0.24102690815925598,-0.0007448921352624926
30,43,73,train,True,0.0018615,0.9307280105352401,631.3457612472772,631.3292236328125,632.2764892578125,0.9472474455833435,-0.01651943504810338
31,42,73,train,True,0.001679,1.6671598410606385,634.4303133034706,634.65283203125,636.0974731445312,1.444645881652832,0.2225139594078065
32,41,73,train,True,5.84e-05,2.433920432329178,635.4449858176708,635.4686279296875,637.87890625,2.4102282524108887,0.023692179918289202
33,40,73,train,True,0.0038544,3.0027683556079863,634.0563747107983,634.341552734375,637.0591430664062,2.7175941467285156,0.28517420887947065
34,39,73,train,True,0.0074241,3.2938684177398683,630.7996374416351,630.8338012695312,634.093505859375,3.259671449661255,0.03419696807861339
35,38,73,train,True,0.0067379,3.3674234426021576,625.2645956003666,625.4698486328125,628.6320190429688,3.162153959274292,0.20526948332786565
36,37,73,train,True,0.0065773,3.2262234580516815,617.6938815224171,617.593505859375,620.9201049804688,3.326629638671875,-0.10040618062019346
37,36,73,train,True,0.0407924,2.964803496599197,606.8306066596508,606.27099609375,609.79541015625,3.5244312286376953,-0.5596277320384981
29,45,74,train,True,0.0061494,-0.2064075130224228,630.5146960872412,630.595703125,630.3082885742188,-0.28738850355148315,0.08098099052906035
30,44,74,train,True,0.002516,0.47159352749586103,639.5258429959416,639.5638427734375,639.9974365234375,0.43361803889274597,0.03797548860311506
31,43,74,train,True,0.002997,1.4938890880346298,640.9076612049341,641.0744018554688,642.4015502929688,1.3271368741989136,0.16675221383571626
32,42,74,train,True,2.22e-05,2.0073099249601363,645.4244527703523,645.6648559570312,647.4317626953125,1.766900897026062,0.24040902793407426
33,41,74,train,True,0.0016946,3.0891733360290528,642.1109609413147,642.3201293945312,645.2001342773438,2.8800127506256104,0.2091605854034424
34,40,74,train,True,2.22e-05,3.085870885848999,642.4896906375885,642.8909301757812,645.5755615234375,2.684607982635498,0.4012629032135009
35,39,74,train,True,0.0058386,3.548467997312546,635.1559387409687,635.1835327148438,638.7044067382812,3.52083683013916,0.027631167173385762
36,38,74,train,True,0.0020128,3.22315908908844,631.2056128835678,631.4448852539062,634.4287719726562,2.9838979244232178,0.2392611646652223
37,37,74,train,True,0.0030266,3.2242714738845826,619.6900962018967,620.2467041015625,622.9143676757812,2.6676411628723145,0.5566303110122681
29,46,75,train,True,0.00072,-0.7153904134035111,637.1618625813722,637.1309814453125,636.4464721679688,-0.6845245361328125,-0.03086587727069856
30,45,75,train,True,0.0019575,0.022267301576794126,644.693980257017,644.4373779296875,644.7162475585938,0.2788756191730499,-0.2566083175962558
31,44,75,train,True,0.0006675,0.925207815170288,649.3589718723297,649.5567626953125,650.2841796875,0.72746741771698,0.19774039745330807
32,43,75,train,True,5.25e-05,1.8789922350645065,652.0225580579042,652.1707153320312,653.9015502929688,1.7308475971221924,0.14814463794231414
33,42,75,train,True,0.000885,2.7246776831150057,652.1975635278225,652.5656127929688,654.9222412109375,2.3566317558288574,0.36804592728614827
34,41,75,train,True,7.5e-05,3.185614550113678,650.7031183600426,650.9185180664062,653.8887329101562,2.9701735973358154,0.21544095277786246
35,40,75,train,True,0.0042825,3.4084090006351473,646.9525529134273,647.07373046875,650.3609619140625,3.287245035171509,0.1211639654636385
36,39,75,train,True,0.0081075,3.3950385785102846,641.282512691021,641.5079956054688,644.6775512695312,3.169534683227539,0.2255038952827455
37,38,75,train,True,0.0011775,3.2282169926166535,633.3724910151958,633.6207275390625,636.6007080078125,2.979992151260376,0.24822484135627754
38,37,75,train,False,0.220005,2.945656522512436,622.3237526571751,622.2383422851562,625.2694091796875,3.031048059463501,-0.08539153695106494
29,47,76,train,True,0.000912,-1.1970077115297317,641.578172262311,641.7137451171875,640.3811645507812,-1.3325867652893066,0.1355790537595749
30,46,76,train,True,0.0014592,-0.5276595720648766,652.2681991228461,652.2528076171875,651.7405395507812,-0.5122409462928772,-0.015418625771999372
31,45,76,train,True,0.0019532,0.4386933894455433,655.4485746769607,655.4640502929688,655.8872680664062,0.4232199192047119,0.0154734702408314
32,44,76,train,True,2.28e-05,1.2393907821178436,661.4398084366321,661.5979614257812,662.67919921875,1.0812290906906128,0.1581616914272308
33,43,76,train,True,0.0008892,2.615711908340454,659.6684067440033,659.8941040039062,662.2841186523438,2.3900249004364014,0.22568700790405272
34,42,76,train,True,2.28e-05,2.804662755727768,661.7078494513034,662.0723266601562,664.5125122070312,2.440166473388672,0.36449628233909603
35,41,76,train,True,0.0093252,3.4865545332431793,656.0854059159756,656.3270874023438,659.5719604492188,3.244826316833496,0.24172821640968323
36,40,76,train,True,0.0040128,3.243371309041977,653.997107206583,654.2694091796875,657.240478515625,2.9710798263549805,0.27229148268699666
37,39,76,train,True,0.0009348,3.393390648365021,644.3574638438225,644.9524536132812,647.7508544921875,2.7984280586242676,0.5949625897407533
38,38,76,train,True,0.034466,2.946978076696396,637.9161200678349,637.9386596679688,640.8630981445312,2.9244496822357178,0.022528394460678225
29,48,77,train,True,0.0012089,-1.7016064018011092,647.5896679252386,647.666259765625,645.8880615234375,-1.7781914472579956,0.07658504545688638
30,47,77,train,True,0.0019712,-1.021672159731388,656.8454026284813,656.810302734375,655.82373046875,-0.9865761399269104,-0.03509601980447763
31,46,77,train,True,0.0024255,-0.19836842186748982,663.2632487929612,663.2310791015625,663.0648803710938,-0.16620555520057678,-0.03216286666691304
32,45,77,train,True,5.39e-05,0.8044725894927979,667.6353467464447,667.6692504882812,668.4398193359375,0.770577609539032,0.03389497995376589
33,44,77,train,True,0.001694,1.8970466500520706,669.3260368460417,669.5903930664062,671.2230834960938,1.63271164894104,0.2643350011110306
34,43,77,train,True,6.16e-05,2.7874490571022035,669.2515524077415,669.4912109375,672.0390014648438,2.547792911529541,0.23965614557266246
35,42,77,train,True,0.0028105,3.228396294116974,667.1347018504143,667.3441772460938,670.3630981445312,3.018909215927124,0.2094870781898499
36,41,77,train,True,0.0019558,3.334510968923569,663.2865217459201,663.4964599609375,666.6210327148438,3.124582052230835,0.20992891669273384
37,40,77,train,True,0.0013013,3.288537483215332,657.1966309738159,657.3751220703125,660.4851684570312,3.1099917888641357,0.17854569435119627
38,39,77,train,True,0.0079156,3.1165106654167176,649.0693413853645,649.5657348632812,652.1858520507812,2.6200740337371826,0.496436631679535
29,49,78,train,True,0.0133302,-2.249010744690895,651.4844843775033,651.6642456054688,649.2354736328125,-2.428753137588501,0.17974239289760607
30,48,78,train,True,0.0019422,-1.5168556344509125,663.7122902047635,663.5756225585938,662.1954345703125,-1.3802088499069214,-0.13664678454399115
31,47,78,train,True,0.001053,-0.7665360248088837,668.7780716693401,669.01416015625,668.0115356445312,-1.00262451171875,0.23608848690986628
32,46,78,train,True,0.0035334,0.15641571556217967,676.3351003977191,676.3897705078125,676.4915161132812,0.1017303615808487,0.05468535398133098
33,45,78,train,True,0.0097812,1.4066488301753999,676.4488199198246,676.5623168945312,677.85546875,1.293148159980774,0.11350067019462595
34,44,78,train,True,0.0001794,2.118127039670944,679.7411869251728,679.9889526367188,681.8593139648438,1.870348334312439,0.2477787053585052
35,43,78,train,True,0.0035802,3.2189968252182006,675.548642334938,675.6328125,678.7676391601562,3.134798049926758,0.08419877529144282
36,42,78,train,True,0.0003042,3.0647900748252868,675.234099085331,675.5765991210938,678.2988891601562,2.7222843170166016,0.3425057578086852
37,41,78,train,True,0.003237,3.3969060921669008,667.3512628531456,667.5513916015625,670.7481689453125,3.1967618465423584,0.20014424562454236
38,40,78,train,True,0.007449,3.013195209503174,662.7970464897156,663.007568359375,665.8102416992188,2.802649736404419,0.21054547309875504
29,50,79,train,False,0.1049831,-2.6062361931800844,656.7568099236488,657.3541259765625,654.1505737304688,-3.2035093307495117,0.5972731375694273
30,49,79,train,True,0.0022278,-2.0434552133083344,667.7264386117458,667.5960083007812,665.6829833984375,-1.913038730621338,-0.13041648268699646
31,48,79,train,True,0.0012087,-1.3196373575925826,675.8479576700926,675.9297485351562,674.5283203125,-1.401391625404358,0.0817542678117753
32,47,79,train,True,0.0371616,-0.46132792547345164,682.0490354450047,682.126220703125,681.5877075195312,-0.5384928584098816,0.07716493293642995
33,46,79,train,True,0.0053246,0.6359831437468528,685.4247468367219,685.4527587890625,686.0607299804688,0.6079726815223694,0.028010462224483446
34,45,79,train,True,0.0002212,1.7431203991174697,686.9057443469762,686.9517822265625,688.6488647460938,1.697044014930725,0.046076384186744646
35,44,79,train,True,0.0010033,2.7314884185791017,686.0166805267334,686.320068359375,688.7481689453125,2.4281065464019775,0.3033818721771242
36,43,79,train,True,0.0034839,3.109825191497803,683.7564467811585,683.9119262695312,686.8662719726562,2.9543159008026123,0.15550929069519048
37,42,79,train,True,0.0019434,3.2108988785743713,679.3800435042381,679.4900512695312,682.5909423828125,3.100860118865967,0.11003875970840449
38,41,79,train,True,0.0074181,3.131576678752899,673.1082304501533,673.3845825195312,676.2398071289062,2.855193853378296,0.27638282537460324
39,40,79,train,True,0.080106,2.980175346136093,664.6091190874577,664.925537109375,667.5892944335938,2.663769245147705,0.31640610098838806
30,50,80,train,True,0.002584,-2.4576691043376924,673.9000519168377,673.8836669921875,671.4423828125,-2.4412567615509033,-0.016412342786789047
31,49,80,train,True,0.002888,-1.8340244245529176,680.6932773542404,680.6763305664062,678.8592529296875,-1.8171029090881348,-0.01692151546478282
32,48,80,train,True,0.002056,-1.0905904111266136,690.0490254697204,690.2056274414062,688.9584350585938,-1.2472223043441772,0.15663189321756366
33,47,80,train,True,0.003336,-0.047917077695019544,692.05695028082,692.1026000976562,692.009033203125,-0.09357920289039612,0.045662125195376574
34,46,80,train,True,0.000944,0.9281938600540162,696.7875654172898,696.8651123046875,697.7157592773438,0.8506276607513428,0.07756619930267339
35,45,80,train,True,0.000992,2.396285973787308,694.0003204715252,694.2123413085938,696.3966064453125,2.184278964996338,0.21200700879097
36,44,80,train,True,0.000696,2.625346477031708,695.0890700268745,695.4343872070312,697.7144165039062,2.2799811363220215,0.3453653407096864
37,43,80,train,True,0.001864,3.2650130474567414,688.7572037494183,688.93408203125,692.022216796875,3.0881571769714355,0.17685587048530582
38,42,80,train,True,0.003464,2.941501613855362,686.0127830541134,686.2877197265625,688.9542846679688,2.666581869125366,0.2749197447299956
39,41,80,train,True,0.00624,3.1090021657943727,675.7770451974869,676.3421020507812,678.8860473632812,2.543957233428955,0.5650449323654176
30,51,81,train,True,0.0050301,-2.0256049931049347,676.3965156376362,676.5060424804688,674.3709106445312,-2.1350982189178467,0.10949322581291199
31,50,81,train,True,0.0032643,-2.3284335142374037,687.0842928892374,687.1519775390625,684.755859375,-2.396132707595825,0.06769919335842145
32,49,81,train,True,0.0020574,-1.6025068616867066,695.0336592054367,695.0333251953125,693.43115234375,-1.6021915674209595,-0.000315294265747168
33,48,81,train,True,0.0026406,-0.8339523485302925,700.3597091844678,700.4926147460938,699.5257568359375,-0.9668699502944946,0.1329176017642021
34,47,81,train,True,0.0009801,0.31932744443416594,703.4945153290033,703.5659790039062,703.8138427734375,0.24784837663173676,0.07147906780242919
35,46,81,train,True,0.0009801,1.4828824412822723,704.1337557423115,704.3716430664062,705.6166381835938,1.2449816465377808,0.23790079474449155
36,45,81,train,True,0.0010773,2.4229270780086516,703.0959327852726,703.3084716796875,705.5188598632812,2.2103652954101562,0.21256178259849534
37,44,81,train,True,0.0049005,2.9109895753860475,700.117819018364,700.28662109375,703.02880859375,2.7421956062316895,0.16879396915435807
38,43,81,train,True,0.0031266,3.0147569727897645,695.531324570179,695.5757446289062,698.5460815429688,2.970341682434082,0.04441529035568248
39,42,81,train,True,0.0054027,2.959006049633026,688.8035061573983,688.9781494140625,691.7625122070312,2.784379720687866,0.17462632894515995
40,41,81,train,True,0.0922185,2.8008594596385956,680.0945262825489,680.00732421875,682.8953857421875,2.8880650997161865,-0.0872056400775909
30,52,82,train,True,0.003075,-1.1770949333906173,680.7320265740157,680.691650390625,679.554931640625,-1.1367026567459106,-0.04039227664470668
31,51,82,train,True,0.0024272,-1.9218106150627137,690.4301724314689,690.5260620117188,688.5083618164062,-2.0176851749420166,0.09587455987930293
32,50,82,train,True,0.0022386,-2.2084721231460573,702.3706425333023,702.22802734375,700.1621704101562,-2.065868616104126,-0.14260350704193137
33,49,82,train,True,0.003731,-1.3686973679065704,706.2002403366565,706.1360473632812,704.83154296875,-1.3045403957366943,-0.06415697216987604
34,48,82,train,True,0.0004674,-0.5833609770238399,712.7565177153051,712.8421630859375,712.1731567382812,-0.6689969897270203,0.08563601270318033
35,47,82,train,True,0.0009676,0.7873726263642311,711.7676810845733,711.964599609375,712.5550537109375,0.590440571308136,0.19693205505609512
36,46,82,train,True,2.46e-05,1.4900986886024474,714.0978529715538,714.275390625,715.5879516601562,1.3125519752502441,0.1775467133522033
37,45,82,train,True,0.0030094,2.7350004005432127,708.9441988182068,709.0890502929688,711.67919921875,2.590146064758301,0.14485433578491191
38,44,82,train,True,0.0059942,2.613488805294037,707.7929443001747,708.1289672851562,710.4064331054688,2.277482271194458,0.33600653409957904
39,43,82,train,True,0.0055022,3.043482393026352,699.1606191694736,699.400634765625,702.2041015625,2.8034472465515137,0.24003514647483826
40,42,82,train,True,0.0015826,2.6344412672519684,693.9942818772793,694.1682739257812,696.6287231445312,2.460437059402466,0.17400420784950255
31,52,83,train,True,0.0026145,-1.1540179255604743,694.9758563044667,694.9237670898438,693.8218383789062,-1.1019521951675415,-0.05206573039293283
32,51,83,train,True,0.0024236,-1.7740029948949814,705.8229531902075,705.8607177734375,704.0489501953125,-1.8117833137512207,0.03778031885623934
33,50,83,train,True,0.0027971,-2.1389047998189925,713.840076674819,713.7713012695312,711.701171875,-2.0701379776000977,-0.06876682221889485
34,49,83,train,True,0.0030378,-1.1425936698913575,718.7641146659851,718.66015625,717.6215209960938,-1.03863525390625,-0.10395841598510747
35,48,83,train,True,0.0037931,-0.3104685384035111,721.3710154134035,721.5509643554688,721.060546875,-0.4904495179653168,0.1799809795618057
36,47,83,train,True,2.49e-05,0.9383872637152672,721.737210880816,721.7455444335938,722.6755981445312,0.9300416707992554,0.00834559291601178
37,46,83,train,True,0.0023323,1.9046636265516281,719.9956049281359,720.043212890625,721.9002685546875,1.8570648431777954,0.04759878337383272
38,45,83,train,True,0.0068309,2.504537479877472,716.706522090435,716.9878540039062,719.2110595703125,2.2232556343078613,0.28128184556961067
39,44,83,train,True,0.0186335,2.7247312831878663,711.4959108066558,711.613525390625,714.2206420898438,2.6070942878723145,0.11763699531555183
40,43,83,train,True,0.0064325,2.73639328956604,704.4915119838714,704.5371704101562,707.2279052734375,2.6907143592834473,0.045678930282592844
41,42,83,train,False,0.1620824,2.5536577463150025,695.4681928396225,695.4560546875,698.0218505859375,2.5657575130462646,-0.012099766731262118
31,53,84,train,True,0.0298116,-0.6300278812646866,697.6602402836085,697.8320922851562,697.0302124023438,-0.8018700480461121,0.1718421667814255
32,52,84,train,True,0.0031668,-0.9912214776873589,711.1693220636248,711.1040649414062,710.1781005859375,-0.9259644746780396,-0.06525700300931936
33,51,84,train,True,0.0031668,-1.6821365869045257,718.0846634423733,718.02685546875,716.4025268554688,-1.624279499053955,-0.05785708785057064
34,50,84,train,True,0.0019572,-2.1074518924951553,727.4227595096827,727.3386840820312,725.3153076171875,-2.0233466625213623,-0.084105229973793
35,49,84,train,True,0.0257292,-1.0458081850409509,728.3769849428535,728.3916625976562,727.3311767578125,-1.0604914426803589,0.014683257639408032
36,48,84,train,True,2.52e-05,-0.19669959910213947,732.2087845600396,732.2655639648438,732.0120849609375,-0.2534695565700531,0.056769957467913634
37,47,84,train,True,0.0021924,1.2412798088788985,728.5750654059649,728.8028564453125,729.8163452148438,1.0134761333465576,0.22780367553234093
38,46,84,train,True,0.0012432,1.6093889778852464,728.6591046744585,728.9111328125,730.2684936523438,1.357365369796753,0.25202360808849344
39,45,84,train,True,0.0043008,2.5959058797359464,721.2622484171391,721.3735961914062,723.858154296875,2.484534978866577,0.1113709008693693
40,44,84,train,True,0.005502,2.339861489534378,717.7445501315593,718.1185302734375,720.0844116210938,1.9658905267715454,0.3739709627628325
41,43,84,train,True,0.0004032,2.670494225025177,706.7862928843498,707.1083374023438,709.456787109375,2.3484408855438232,0.3220533394813536
31,54,85,train,True,0.037264,0.2133771733008325,701.5813005610742,701.5533447265625,701.794677734375,0.24132558703422546,-0.027948413733392963
32,53,85,train,True,0.0037315,-0.4923388338088989,714.0057055330276,714.1503295898438,713.5133666992188,-0.6369786858558655,0.14463985204696655
33,52,85,train,True,0.003077,-0.9368871873617173,723.5999731248617,723.4337158203125,722.6630859375,-0.7706518769264221,-0.16623531043529516
34,51,85,train,True,0.0026095,-1.603537437915802,731.7557591176032,731.8758544921875,730.1522216796875,-1.7236526012420654,0.12011516332626337
35,50,85,train,True,0.003077,-2.1872304594516754,737.3514150297642,737.25537109375,735.1641845703125,-2.0911567211151123,-0.09607373833656307
36,49,85,train,True,0.0019975,-1.0282613319158553,739.4536153358221,739.3778686523438,738.4253540039062,-0.9525384902954102,-0.07572284162044518
37,48,85,train,True,2.55e-05,0.0193930471688509,739.2790078317374,739.2825317382812,739.2984008789062,0.01583698019385338,0.0035560669749975203
38,47,85,train,True,0.0028135,1.1106271409988404,737.2220144605636,737.4361572265625,738.3326416015625,0.8964889645576477,0.2141381764411927
39,46,85,train,True,0.0189635,1.8526924282312394,733.2131034702063,733.3926391601562,735.0657958984375,1.6731822490692139,0.1795101791620255
40,45,85,train,True,0.006426,2.231098736524582,727.6429247009754,727.943359375,729.8740234375,1.9306460618972778,0.3004526746273042
41,44,85,train,True,0.004097,2.345201565027237,720.1215342748166,720.2655029296875,722.4667358398438,2.20125412940979,0.14394743561744683
42,43,85,train,True,0.0158355,2.2738049733638763,710.7755114328861,710.7131958007812,713.04931640625,2.336107015609741,-0.062302042245864886
32,54,86,train,False,0.4378002,0.2980374642089009,718.7773409537599,718.4981689453125,719.0753784179688,0.5772151350975037,-0.27917767088860274
33,53,86,train,True,0.0034486,-0.46131073802709577,727.2565377888084,727.278076171875,726.7952270507812,-0.48279643058776855,0.021485692560672787
34,52,86,train,True,0.0025198,-0.8198174178600312,738.0389336287975,738.0367431640625,737.2191162109375,-0.8176358342170715,-0.002181583642959617
35,51,86,train,True,0.0030788,-1.670026224255562,742.4760564976931,742.3834838867188,740.8060302734375,-1.5774550437927246,-0.0925711804628373
36,50,86,train,True,2.58e-05,-2.397256140112877,749.4692165893316,749.2345581054688,747.0719604492188,-2.1625821590423584,-0.2346739810705185
37,49,86,train,True,0.0001978,-1.1950952410697937,747.7180444598198,747.9335327148438,746.52294921875,-1.4105448722839355,0.21544963121414185
38,48,86,train,True,2.58e-05,-0.1426166688092053,748.7765888367779,748.92724609375,748.6339721679688,-0.2932796776294708,0.15066300882026554
39,47,86,train,True,0.0141384,1.2427645933628082,742.7035244691372,742.9049072265625,743.9462890625,1.0413932800292969,0.20137131333351133
40,46,86,train,True,0.003569,1.3606039083003998,740.5446084940434,740.8084716796875,741.9052124023438,1.0966919660568237,0.26391194224357606
41,45,86,train,True,0.0054954,2.177644040584564,730.8984667992592,731.191162109375,733.0761108398438,1.8849546909332275,0.29268934965133653
42,44,86,train,True,0.0029326,1.8298338252305983,725.0557252568007,725.3856811523438,726.8855590820312,1.4998555183410645,0.3299783068895339
33,54,87,train,True,0.0029841,0.318154027312994,732.1634743906558,732.005126953125,732.4816284179688,0.4765104651451111,-0.15835643783211706
34,53,87,train,True,0.0022446,-0.3303097202256322,741.8101681186631,742.031005859375,741.4798583984375,-0.5511201620101929,0.22081044178456066
35,52,87,train,True,0.0031668,-0.8909404817223548,748.8963115754724,748.7142333984375,748.00537109375,-0.708834707736969,-0.18210577398538585
36,51,87,train,True,0.0002436,-1.8586919009685516,754.7084843814373,754.7496948242188,752.8497924804688,-1.899931788444519,0.04123988747596741
37,50,87,train,True,2.61e-05,-2.702874221801758,758.0116510772705,757.8556518554688,755.3087768554688,-2.546870231628418,-0.15600399017333988
38,49,87,train,True,2.61e-05,-1.2559940218925476,757.2565433382988,757.3555297851562,756.0005493164062,-1.3550058603286743,0.09901183843612671
39,48,87,train,True,0.001131,-7.326333783566952e-05,754.3921020719316,754.7115478515625,754.3920288085938,-0.31946974992752075,0.31939648658968506
40,47,87,train,True,0.0041499,0.9000520613789559,750.0320768448711,750.2579345703125,750.93212890625,0.6741856336593628,0.2258664277195931
41,46,87,train,True,0.0068034,1.4221754467487335,743.8333177173138,744.0029296875,745.2554931640625,1.2525254487991333,0.16964999794960023
42,45,87,train,True,0.0028536,1.6522682189941407,735.9921409606934,736.2308959960938,737.6444091796875,1.413489580154419,0.23877863883972172
43,44,87,train,True,0.0041934,1.684809587597847,726.2143603342771,726.2537841796875,727.899169921875,1.6453638076782227,0.03944577991962439
34,54,88,train,True,0.0033616,0.429315697401762,747.5260676033795,747.5604248046875,747.9553833007812,0.3949772119522095,0.034338485449552536
35,53,88,train,True,0.003168,-0.4089366425573826,753.4630748261511,753.6098022460938,753.0541381835938,-0.5556623339653015,0.1467256914079189
36,52,88,train,True,0.0026048,-1.0106712198257446,761.856435379982,761.8027954101562,760.8457641601562,-0.9570045471191406,-0.05366667270660397
37,51,88,train,True,0.0001584,-2.1664393657445906,764.0478480571509,763.9381713867188,761.8814086914062,-2.056753158569336,-0.10968620717525468
38,50,88,train,True,2.64e-05,-3.023514368534088,768.612625696659,768.4684448242188,765.589111328125,-2.879319190979004,-0.14419517755508426
39,49,88,train,True,0.001496,-1.3617514115571976,763.9205893021822,764.0634765625,762.558837890625,-1.5046323537826538,0.14288094222545622
40,48,88,train,True,0.0054032,-0.34111235044896604,762.5264761199802,762.6109619140625,762.1853637695312,-0.42563652992248535,0.08452417947351931
41,47,88,train,True,0.0578072,0.8477562475204468,754.2388526391983,754.371337890625,755.0866088867188,0.715318500995636,0.13243774652481077
42,46,88,train,True,0.0038192,0.7542148354649544,749.88030664891,750.1039428710938,750.634521484375,0.5305277109146118,0.22368712455034256
43,45,88,train,True,0.0041008,1.3778343433141709,738.0870094066859,738.3053588867188,739.46484375,1.1594517230987549,0.218382620215416
34,55,89,train,True,0.0037291,1.1604084557294845,750.5121379309893,750.7399291992188,751.6725463867188,0.9326566457748413,0.22775180995464317
35,54,89,train,True,0.0032663,0.335585904866457,759.3199927084148,759.2394409179688,759.6555786132812,0.41612881422042847,-0.08054290935397146
36,53,89,train,True,0.0021449,-0.5057331416010856,766.5299030634761,766.7186279296875,766.024169921875,-0.6944547891616821,0.1887216475605965
37,52,89,train,True,0.005429,-1.3193265479803085,771.3296414893865,771.1128540039062,770.0103149414062,-1.1025402545928955,-0.21678629338741295
38,51,89,train,True,9.79e-05,-2.4440445256233216,774.7417129826546,774.8271484375,772.2976684570312,-2.5295066833496094,0.08546215772628774
39,50,89,train,True,0.0003382,-3.1936807584762574,775.4796304655075,775.5469970703125,772.2859497070312,-3.261042833328247,0.06736207485198964
40,49,89,train,True,0.0027768,-1.3720191675424576,771.8650001245737,771.931396484375,770.4929809570312,-1.4384385347366333,0.06641936719417574
41,48,89,train,True,0.0236295,-0.3207677502185106,766.8033727306872,766.8968505859375,766.4826049804688,-0.4142245948314667,0.09345684461295606
42,47,89,train,True,0.003916,0.29251230038702486,760.3175340863318,760.503662109375,760.6100463867188,0.10635171085596085,0.186160589531064
43,46,89,train,True,0.0038181,0.555985661894083,752.0445392404497,752.1012573242188,752.6005249023438,0.49928927421569824,0.05669638767838481
44,45,89,train,True,0.0242169,0.6108763009309769,742.0378663748503,742.29345703125,742.6487426757812,0.3552761971950531,0.2556001037359238
34,56,90,train,False,0.329751,2.1154538774490357,755.4740236616135,755.6190185546875,757.5894775390625,1.9704444408416748,0.14500943660736088
35,55,90,train,True,0.003357,1.0533482629060744,763.0910609167814,763.0368041992188,764.1444091796875,1.1076055765151978,-0.05425731360912334
36,54,90,train,True,0.001863,0.16344059861265123,773.2423821552936,773.21337890625,773.4058227539062,0.19241410493850708,-0.028973506325855852
37,53,90,train,True,0.006453,-0.7907822132110596,776.7582504749298,776.8373413085938,775.9674682617188,-0.8699104189872742,0.0791282057762146
38,52,90,train,True,0.001449,-1.526069872379303,782.7393267083168,782.640380859375,781.2132568359375,-1.4271233081817627,-0.09894656419754022
39,51,90,train,True,0.000351,-2.5453029906749727,782.3242946898937,782.4039916992188,779.7789916992188,-2.6249866485595703,0.07968365788459764
40,50,90,train,True,0.000117,-3.267738972902298,784.2795797932148,783.8972778320312,781.0118408203125,-2.885422706604004,-0.38231626629829396
41,49,90,train,True,0.003321,-1.4540569818019866,777.0332806146145,777.00390625,775.5792236328125,-1.4246973991394043,-0.029359582662582318
42,48,90,train,True,0.003465,-0.8070059329271316,773.6086416751147,773.7325439453125,772.8016357421875,-0.9309461712837219,0.1239402383565903
43,47,90,train,True,0.001026,-0.03462379677919671,763.4028488944355,763.5023803710938,763.3682250976562,-0.13420532643795013,0.09958152965875341
44,46,90,train,True,0.003726,-0.20295786302536725,756.7854773942754,756.879150390625,756.58251953125,-0.2966407239437103,0.09368286091834307
34,57,91,train,False,0.4331418,3.1051062965393066,757.6880455589294,758.4702758789062,760.7931518554688,2.322859764099121,0.7822465324401855
35,56,91,train,True,0.0035399,1.94932308614254,768.2315240818263,768.215087890625,770.1808471679688,1.965721607208252,-0.016398521065712046
36,55,91,train,True,0.0022386,0.8059386372566223,777.2120056986809,777.2994384765625,778.0179443359375,0.7185047268867493,0.08743391036987302
37,54,91,train,True,0.0077987,-0.1718055900000036,783.6476967032812,783.2881469726562,783.4758911132812,0.187714621424675,-0.3595202114246786
38,53,91,train,True,0.0054509,-0.9547649243474007,788.2550578930974,788.4127197265625,787.30029296875,-1.112414836883545,0.15764991253614424
39,52,91,train,True,0.0018473,-1.6391583698987962,790.4665509480238,790.3297119140625,788.827392578125,-1.5023690462112427,-0.13678932368755348
40,51,91,train,True,0.0001001,-2.529987668991089,791.1701243877411,791.0916748046875,788.64013671875,-2.4514920711517334,-0.07849559783935556
41,50,91,train,True,0.0029302,-3.2168965423107148,789.4524312102794,789.0517578125,786.2355346679688,-2.816218852996826,-0.4006776893138886
42,49,91,train,True,0.0062426,-1.7004813277721404,783.7379569137097,783.8402099609375,782.0374755859375,-1.802734136581421,0.10225280880928045
43,48,91,train,True,0.002366,-1.0856645941734313,776.7862261176109,776.835693359375,775.7005615234375,-1.1351394653320312,0.04947487115859994
44,47,91,train,True,0.0022204,-0.7724488118290901,768.2645752766729,768.3065185546875,767.4921264648438,-0.8143905401229858,0.04194172829389575
35,57,92,train,True,0.0067068,2.896436468362808,771.2438223206997,771.4119262695312,774.1402587890625,2.7283434867858887,0.16809298157691943
36,56,92,train,True,0.0027048,1.6401466631889343,783.1785789227486,783.1660766601562,784.8187255859375,1.6526142358779907,-0.012467572689056405
37,55,92,train,True,0.0061272,0.3871712514013052,788.4640250376611,788.3868408203125,788.8511962890625,0.4642983376979828,-0.07712708629667758
38,54,92,train,True,0.0034224,-0.3444498558342457,795.9242838402092,795.699462890625,795.579833984375,-0.11963775753974915,-0.22481209829449655
39,53,92,train,True,0.0091264,-1.0527427461743355,796.7363975313306,796.8662109375,795.6836547851562,-1.1825413703918457,0.1297986242175102
40,52,92,train,True,0.0001012,-1.5281859880685806,799.9932738786936,799.7263793945312,798.465087890625,-1.261313796043396,-0.26687219202518464
41,51,92,train,True,0.0017848,-2.411077468395233,797.0490169215202,796.9383544921875,794.637939453125,-2.300356864929199,-0.11072060346603374
42,50,92,train,True,0.0001564,-3.310240260362625,796.7847886002064,796.5112915039062,793.4745483398438,-3.036705493927002,-0.27353476643562313
43,49,92,train,True,0.0031004,-2.0820596802234648,787.7961710083484,787.8460693359375,785.714111328125,-2.1319198608398438,0.04986018061637898
44,48,92,train,True,0.002714,-1.7435192811489104,782.3517346131802,782.439208984375,780.6082153320312,-1.8309762477874756,0.08745696663856517
45,47,92,train,True,0.0043792,-1.3215814924240112,770.2338129377365,770.354736328125,768.9122314453125,-1.4425097703933716,0.12092827796936034
46,46,92,train,False,0.3450276,-1.4376389223337174,761.3037277895212,761.3524169921875,759.8660888671875,-1.4863038063049316,0.04866488397121427
35,58,93,train,False,0.4308132,3.8862082827091218,775.7560036313533,776.1406860351562,779.6422119140625,3.5015487670898438,0.384659515619278
36,57,93,train,True,0.002511,2.548960211277008,786.3463644957542,786.6040649414062,788.8953247070312,2.2912325859069824,0.2577276253700256
37,56,93,train,True,0.0078306,1.1894750821590423,794.583229995966,794.3056640625,795.772705078125,1.467055082321167,-0.2775800001621247
38,55,93,train,True,0.0075516,0.12435031197965145,800.9548122856766,800.9892578125,801.0791625976562,0.08989554643630981,0.034454765543341634
39,54,93,train,True,0.0104904,-0.46671008720993995,804.5569200481474,804.3482055664062,804.0902099609375,-0.25800594687461853,-0.20870414033532142
40,53,93,train,True,0.0004557,-0.9171950101852417,806.3682448148727,806.4607543945312,805.4510498046875,-1.0096466541290283,0.09245164394378658
41,52,93,train,True,0.001488,-1.4432270741462707,806.0381367421151,805.7692260742188,804.5949096679688,-1.1742714643478394,-0.26895560979843136
42,51,93,train,True,0.000186,-2.494985680580139,804.5060940790177,804.5810546875,802.0111083984375,-2.5699896812438965,0.07500400066375734
43,50,93,train,True,0.0010137,-3.476477125883102,800.7635254657268,800.5977783203125,797.2870483398438,-3.3107099533081055,-0.16576717257499674
44,49,93,train,True,0.0020646,-2.7096759510040282,793.4687701892852,793.426025390625,790.7590942382812,-2.666926383972168,-0.04274956703186028
45,48,93,train,True,0.0026319,-2.3029771614074708,784.4697252082825,784.4387817382812,782.166748046875,-2.2720072269439697,-0.030969934463501048
46,47,93,train,False,0.3700098,-2.102175761461258,773.79718308568,773.6264038085938,771.6950073242188,-1.931397795677185,-0.1707779657840729
36,58,94,train,True,0.0121072,3.580476930141449,791.5657633042335,791.88720703125,795.146240234375,3.2590491771698,0.3214277529716494
37,57,94,train,True,0.0020304,2.12330398440361,798.4741081249714,798.31982421875,800.597412109375,2.277529716491699,-0.1542257320880891
38,56,94,train,True,0.0016638,0.8104230472445488,807.9461687496305,807.8204345703125,808.756591796875,0.9361816644668579,-0.12575861722230908
39,55,94,train,True,0.0063826,-0.016813505429308862,810.3608076460544,810.5438232421875,810.343994140625,-0.19985486567020416,0.1830413602408953
40,54,94,train,True,0.0001692,-0.33497203335165976,814.9542957638204,814.6793212890625,814.6193237304688,-0.06001618877053261,-0.27495584458112715
41,53,94,train,True,0.0014946,-0.7850413301587105,813.1256175020337,812.9967041015625,812.340576171875,-0.6561607122421265,-0.128880617916584
42,52,94,train,True,0.000141,-1.5286456614732742,814.2630206614733,814.2593994140625,812.734375,-1.525010347366333,-0.0036353141069411787
43,51,94,train,True,0.0040702,-2.702866266965866,809.2901465404034,809.2213134765625,806.5872802734375,-2.6340489387512207,-0.06881732821464537
44,50,94,train,True,0.0031396,-3.915312077999115,807.0171187186241,806.8642578125,803.101806640625,-3.762430191040039,-0.15288188695907579
45,49,94,train,True,0.0033746,-3.3125667548179627,796.3966732001304,796.4058837890625,793.0841064453125,-3.3217883110046387,0.009221556186675972
46,48,94,train,True,0.0042864,-3.1189791178703308,788.8405367350579,788.8182373046875,785.7215576171875,-3.0966784954071045,-0.022300622463226283
36,59,95,train,True,0.0186295,4.36087363243103,794.354946680069,794.7696533203125,798.7158203125,3.9461591243743896,0.41471450805664034
37,58,95,train,True,0.0202445,3.2463339376449585,803.71680082798,803.7186889648438,806.963134765625,3.244473457336426,0.001860480308532697
38,57,95,train,True,0.005814,1.611285576224327,812.0882993847132,812.163330078125,813.6995849609375,1.5362461805343628,0.0750393956899642
39,56,95,train,True,0.006783,0.5761816404759884,817.566640625149,817.4716186523438,818.142822265625,0.671215832233429,-0.09503419175744054
40,55,95,train,True,0.000874,0.09927714142017066,820.8980373117048,821.1412963867188,820.997314453125,-0.14396882057189941,0.24324596199207008
41,54,95,train,True,0.000513,-0.18313483925536275,821.8186939212866,821.4852905273438,821.6355590820312,0.15028074383735657,-0.33341558309271935
42,53,95,train,True,0.0001235,-0.7820976310968399,821.3911064201593,821.6285400390625,820.6090087890625,-1.0195128917694092,0.23741526067256924
43,52,95,train,True,0.0050825,-1.8236409997940064,819.2651082849502,819.1556396484375,817.4414672851562,-1.7141835689544678,-0.10945743083953863
44,51,95,train,True,0.0095,-3.228186082839966,815.7627319812775,815.8096923828125,812.5345458984375,-3.2751383781433105,0.04695229530334455
45,50,95,train,True,0.0038855,-4.383473038673401,809.9442640542984,809.9102172851562,805.560791015625,-4.34945011138916,-0.03402292728424072
46,49,95,train,True,0.0030305,-4.11859441280365,800.8925201940536,800.753173828125,796.77392578125,-3.9792287349700928,-0.13936567783355702
36,60,96,train,True,0.0192768,4.87501091003418,799.5705457305908,799.7637329101562,804.445556640625,4.681863307952881,0.19314760208129922
37,59,96,train,True,0.0033504,4.073252568244934,807.1929217481613,807.2540283203125,811.2661743164062,4.012118339538574,0.06113422870635965
38,58,96,train,True,0.0084672,2.847934763431549,817.9586448264122,818.0355834960938,820.8065795898438,2.771000862121582,0.07693390130996702
39,57,96,train,True,0.0060768,1.358410925269127,822.4673947387934,822.6649780273438,823.8258056640625,1.160845160484314,0.19756576478481302
40,56,96,train,True,0.0001152,0.6370954823493957,828.9063615489006,828.9915161132812,829.54345703125,0.5519556999206543,0.08513978242874143
41,55,96,train,True,0.000144,0.30252741649746895,828.4565057866275,828.3731079101562,828.759033203125,0.3859294652938843,-0.08340204879641533
42,54,96,train,True,0.0001248,-0.1294099817285314,830.7855989465722,830.7828369140625,830.6561889648438,-0.12662875652313232,-0.002781225205399085
43,53,96,train,True,0.0051456,-1.0019094055891038,827.0678884094954,827.0272827148438,826.0659790039062,-0.9612715840339661,-0.04063782155513773
44,52,96,train,True,0.0001728,-2.3832963943481444,826.5281328201294,826.503662109375,824.1448364257812,-2.3588132858276367,-0.024483108520507724
45,51,96,train,True,0.0100032,-3.7338763284683227,819.4805804300308,819.3286743164062,815.7467041015625,-3.581960439682007,-0.1519158887863159
46,50,96,train,True,0.0041952,-5.058915469646454,815.0682538485527,815.0419921875,810.0093383789062,-5.032668590545654,-0.026246879100799703
47,49,96,train,True,0.0900864,-4.888668406009674,802.6898769021034,802.587890625,797.8012084960938,-4.786631107330322,-0.10203729867935163
36,61,97,train,False,0.1304068,5.197011489868164,802.3375344085694,802.1768798828125,807.5345458984375,5.357683181762695,-0.16067169189453168
37,60,97,train,True,0.0019109,4.529159736633301,812.5758817672729,812.4901733398438,817.1050415039062,4.6149067878723145,-0.0857470512390135
38,59,97,train,True,0.0033853,3.8108627343177797,821.4113662695885,821.7693481445312,825.2222290039062,3.4528744220733643,0.3579883122444154
39,58,97,train,True,0.0067124,2.6128527438640594,828.4358533108234,828.5217895507812,831.0487060546875,2.526930093765259,0.08592265009880062
40,57,97,train,True,0.0001261,1.320985871255398,834.0242900076508,834.5606689453125,835.3452758789062,0.7845917344093323,0.5363941368460656
41,56,97,train,True,0.0042486,0.8464615142345429,836.5802352631092,836.4443969726562,837.4266967773438,0.9822676181793213,-0.13580610394477843
42,55,97,train,True,0.0001649,0.46043553173542023,837.4431899565458,837.60400390625,837.9036254882812,0.29962456226348877,0.16081096947193146
43,54,97,train,True,0.0041225,-0.3124711421877146,836.5516679195315,836.5013427734375,836.2391967773438,-0.2621573507785797,-0.05031379140913489
44,53,97,train,True,0.0027645,-1.557256343960762,834.4544731408357,834.6151733398438,832.897216796875,-1.7179418802261353,0.16068553626537319
45,52,97,train,True,0.0354632,-2.936549050807953,830.4229382109642,830.309814453125,827.4863891601562,-2.8234050273895264,-0.11314402341842644
46,51,97,train,True,0.0048403,-4.440485832691192,824.7664746022224,824.7357177734375,820.3259887695312,-4.409742832183838,-0.030743000507354346
47,50,97,train,True,0.0120183,-5.735100135803223,816.903496131897,817.0515747070312,811.1683959960938,-5.883169174194336,0.14806903839111296
48,49,97,train,False,0.4201749,-5.941867427825928,806.1317477989197,806.0992431640625,800.1898803710938,-5.909329414367676,-0.032538013458252024
37,61,98,train,True,0.0160818,4.775963182449341,816.1373058605194,816.4114990234375,820.9132690429688,4.501782417297363,0.27418076515197765
38,60,98,train,True,0.0032242,4.24243994474411,827.5457070279122,827.682373046875,831.7881469726562,4.10575532913208,0.1366846156120296
39,59,98,train,True,0.0079184,3.6103244507312775,832.5800442016125,832.766357421875,836.1903686523438,3.423994541168213,0.1863299095630646
40,58,98,train,True,0.0084476,2.479625425338745,840.82182721138,840.97705078125,843.3014526367188,2.3243789672851562,0.15524645805358883
41,57,98,train,True,0.004998,1.6757468926906585,842.2845192205906,842.4375610351562,843.9602661132812,1.5227208137512207,0.15302607893943776
42,56,98,train,True,0.0001764,1.0488883310556412,846.2608650869131,846.24658203125,847.3097534179688,1.063167929649353,-0.014279598593711862
43,55,98,train,True,0.003381,0.4222348314523697,843.8008486646414,843.7804565429688,844.2230834960938,0.44261810183525085,-0.02038327038288118
44,54,98,train,True,0.0064582,-0.9135081511735916,844.7266185027361,844.790771484375,843.8131103515625,-0.9776908159255981,0.06418266475200651
45,53,98,train,True,0.011907,-2.0789742839336394,839.0578561198712,838.9588012695312,836.9788818359375,-1.9798924922943115,-0.09908179163932784
46,52,98,train,True,0.0047432,-3.630396206378937,836.4418586087227,836.3222045898438,832.8114624023438,-3.5107438564300537,-0.11965234994888307
47,51,98,train,True,0.0329084,-5.089806759357453,827.3175289273262,827.2852783203125,822.2277221679688,-5.057540416717529,-0.03226634263992345
48,50,98,train,True,0.051793,-6.66884361743927,820.9736531877518,821.0729370117188,814.3048095703125,-6.768104076385498,0.09926045894622781
37,62,99,train,True,0.0040293,5.105572562217713,821.146563668251,821.2348022460938,826.2521362304688,5.017322063446045,0.0882504987716679
38,61,99,train,True,0.0047421,4.4467042899131775,831.256725885868,831.849853515625,835.7034301757812,3.8536150455474854,0.5930892443656921
39,60,99,train,True,0.0066132,3.9671374464035036,838.8995617723465,839.1926879882812,842.86669921875,3.674039363861084,0.29309808254241965
40,59,99,train,True,0.0105039,3.448872773647308,845.1077068161965,845.38330078125,848.5565795898438,3.1733157634735107,0.2755570101737974
41,58,99,train,True,0.0120087,2.628495750427246,849.4042190933228,849.319580078125,852.03271484375,2.7131311893463135,-0.08463543891906733
42,57,99,train,True,0.0002277,1.8409812825918197,852.1211769205332,852.1719970703125,853.962158203125,1.7901378870010376,0.0508433955907821
43,56,99,train,True,0.0009108,1.019523173570633,852.7307820022106,852.7474365234375,853.7503051757812,1.0028905868530273,0.01663258671760559
44,55,99,train,True,0.0003465,-0.17475926956161858,852.0948642500304,852.2626342773438,851.9201049804688,-0.3425099551677704,0.1677506856061518
45,54,99,train,True,0.0194535,-1.4645804417133332,849.4842337620258,849.4393920898438,848.0196533203125,-1.4197314977645874,-0.044848943948745834
46,53,99,train,True,0.0051084,-2.7553468894958497,845.1857057762146,845.25537109375,842.4303588867188,-2.825042724609375,0.06969583511352528
47,52,99,train,True,0.0062667,-4.251538425683975,839.0924197733402,839.002685546875,834.8408813476562,-4.161801815032959,-0.08973661065101624
48,51,99,train,True,0.001584,-6.031132814884185,831.5239917016029,831.43896484375,825.4928588867188,-5.946130752563477,-0.08500206232070884
37,63,100,train,True,0.01312,5.302374324798584,824.2881408119201,824.4508666992188,829.5905151367188,5.139662742614746,0.16271158218383786
38,62,100,train,True,0.00692,4.715498487949372,837.0399946761131,837.2200927734375,841.7554931640625,4.5353684425354,0.18013004541397137
39,61,100,train,True,0.01118,4.09468209862709,843.3998247373104,843.9415283203125,847.4945068359375,3.5529918670654297,0.5416902315616605
40,60,100,train,True,0.00814,3.772183418273926,852.1803922653198,852.2106323242188,855.9525756835938,3.741931438446045,0.03025197982788086
41,59,100,train,True,0.00798,3.382789274454117,854.6235583817959,854.8468017578125,858.00634765625,3.159501314163208,0.22328796029090903
42,58,100,train,True,0.0003,2.5026252245903016,860.2571404004098,860.4662475585938,862.759765625,2.29347562789917,0.20914959669113165
43,57,100,train,True,0.00135,1.7889786124229432,859.3371810555458,859.5118408203125,861.1261596679688,1.614295244216919,0.17468336820602426
44,56,100,train,True,0.00034,0.35773978918790816,861.8192011287808,861.9359130859375,862.1769409179688,0.2409907728433609,0.11674901634454726
45,55,100,train,True,0.01813,-0.7348411303758621,857.5888450366259,857.517333984375,856.85400390625,-0.6633053421974182,-0.07153578817844386
46,54,100,train,True,0.01764,-2.1385438442230225,856.3427064418793,856.3565063476562,854.2041625976562,-2.1523728370666504,0.01382899284362793
47,53,100,train,True,0.005,-3.3193060791492464,848.5093695557117,848.4994506835938,845.1900634765625,-3.3094277381896973,-0.009878340959549092
48,52,100,train,True,0.00168,-5.134245955944062,843.9756766200065,843.7737426757812,838.8414306640625,-4.932335376739502,-0.20191057920455968
49,51,100,train,True,0.00224,-6.89973819732666,833.0340155410767,832.9749755859375,826.13427734375,-6.84068489074707,-0.05905330657958974
50,50,100,train,False,0.24001,-8.14234424829483,824.2310893654824,825.16259765625,816.0887451171875,-9.07387638092041,0.9315321326255805
37,64,101,train,True,0.0204929,5.610879626274109,828.8434050416946,828.82373046875,834.4542846679688,5.630581378936768,-0.019701752662658834
38,63,101,train,True,0.008484,4.883624262809754,840.3119934129714,840.798828125,845.1956176757812,4.396777629852295,0.4868466329574588
39,62,101,train,True,0.0070801,4.260894103050232,849.3907782602311,849.7463989257812,853.6516723632812,3.9053142070770264,0.3555798959732055
40,61,101,train,True,0.0083325,3.9000496315956115,856.7886100363731,857.0702514648438,860.6886596679688,3.6184325218200684,0.2816171097755431
41,60,101,train,True,0.0037471,3.6259646999835966,861.8875851047039,862.0183715820312,865.5135498046875,3.4951529502868652,0.13081174969673137
42,59,101,train,True,0.0003131,3.1480988490581514,865.6991301548481,865.864501953125,868.8472290039062,2.9826951026916504,0.16540374636650101
43,58,101,train,True,0.0240077,2.3276302814483643,867.7123477458954,867.9067993164062,870.0399780273438,2.1332015991210938,0.1944286823272705
44,57,101,train,True,0.0004141,1.0991315242648125,868.5720720890164,868.7379760742188,869.6712036132812,0.933219850063324,0.16591167420148856
45,56,101,train,True,0.0058378,-0.2114020600914955,867.4426032319665,867.409912109375,867.231201171875,-0.17871101200580597,-0.03269104808568954
46,55,101,train,True,0.0045854,-1.4541932690143584,864.6147767651081,864.6472778320312,863.1605834960938,-1.4867348670959473,0.03254159808158885
47,54,101,train,True,0.0048379,-2.682083066701889,859.7694243752957,859.7672119140625,857.0873413085938,-2.679842948913574,-0.0022401177883146772
48,53,101,train,True,0.0014948,-4.141930828094482,853.457238445282,853.4869384765625,849.3153076171875,-4.171641826629639,0.029710998535156463
49,52,101,train,True,0.0116655,-5.956473274230957,845.5649937820434,845.4130249023438,839.6085205078125,-5.804533004760742,-0.15194026947021477
50,51,101,train,False,0.3000003,-7.52305825471878,835.658373196125,836.3914184570312,828.1353149414062,-8.256109237670898,0.7330509829521183
37,65,102,train,True,0.0829056,5.792787079811096,831.5533432912827,831.5798950195312,837.3461303710938,5.766237735748291,0.02654934406280507
38,64,102,train,True,0.067065,5.19043167591095,845.5687846326828,845.70458984375,850.7592163085938,5.054619789123535,0.13581188678741452
39,63,102,train,True,0.00408,4.364992589950561,853.4260840702057,853.935546875,857.7910766601562,3.85555100440979,0.5094415855407712
40,62,102,train,True,0.0087618,4.007312289476395,863.5449338042736,863.56201171875,867.55224609375,3.9902875423431396,0.01702474713325497
41,61,102,train,True,0.0025092,3.7428587782382965,867.2121583116054,867.4964599609375,870.9550170898438,3.458548069000244,0.28431070923805235
42,60,102,train,True,0.0083028,3.358861083984375,873.7076062011719,873.9767456054688,877.0664672851562,3.089757204055786,0.269103879928589
43,59,102,train,True,0.0091698,2.915901780128479,873.9221719503403,874.2064208984375,876.8380737304688,2.6316347122192383,0.2842670679092407
44,58,102,train,True,0.0004182,1.541487632393837,877.7603922504187,877.9575805664062,879.3018798828125,1.3442490100860596,0.19723862230777733
45,57,102,train,True,0.0064056,0.5367167913913726,874.9036518609523,874.8521728515625,875.4403686523438,0.5882018804550171,-0.05148508906364446
46,56,102,train,True,0.0004182,-0.9475542640686035,875.2059160804748,875.189453125,874.2583618164062,-0.9310977458953857,-0.016456518173217805
47,55,102,train,True,0.0081702,-1.9636971563100816,868.7255990117789,868.7508544921875,866.7619018554688,-1.9889137744903564,0.025216618180274875
48,54,102,train,True,0.0016626,-3.4497989773750306,865.3857730984688,865.3814697265625,861.9359741210938,-3.4455015659332275,-0.004297411441803067
49,53,102,train,True,0.0045696,-4.88706259727478,855.6899190425872,855.6343383789062,850.8028564453125,-4.831489086151123,-0.05557351112365705
50,52,102,train,False,0.1001028,-6.577767612934113,848.9125454449654,849.0919799804688,842.3347778320312,-6.757238864898682,0.1794712519645687
39,64,103,train,True,0.0112064,4.663232860565185,858.7914180183411,859.291259765625,863.4546508789062,4.16339635848999,0.4998365020751949
40,63,103,train,True,0.0092185,4.091549183130264,867.7033726918697,867.8609008789062,871.794921875,3.9340343475341797,0.1575148355960847
41,62,103,train,True,0.0039346,3.7884586489200593,874.1364070737362,874.2982177734375,877.9248657226562,3.62666392326355,0.16179472565650954
42,61,103,train,True,0.0092185,3.5394656896591186,879.0775387048722,879.4415283203125,882.6170043945312,3.1754531860351562,0.3640125036239623
43,60,103,train,True,0.0098056,3.1002475488185883,882.0686367285251,882.3087768554688,885.1688842773438,2.8601274490356445,0.2401200997829438
44,59,103,train,True,0.0004429,2.254050488471985,883.9596946287155,884.1896362304688,886.2137451171875,2.024096727371216,0.22995376110076915
45,58,103,train,True,0.0022969,1.0109142407774925,884.17597540766,884.171875,885.1868896484375,1.0150552988052368,-0.004141058027744338
46,57,103,train,True,0.0008755,-0.26397849652916194,882.8491835746541,882.8147583007812,882.585205078125,-0.22958624362945557,-0.03439225289970638
47,56,103,train,True,0.0040994,-1.4541787856817245,879.4331826919317,879.378173828125,877.97900390625,-1.3991283178329468,-0.05505046784877776
48,55,103,train,True,0.0018128,-2.7077872514724732,874.4390494585037,874.4447631835938,871.7312622070312,-2.713484764099121,0.00569751262664786
49,54,103,train,True,0.0089816,-4.135869944095612,867.6812190651893,867.6431274414062,863.5453491210938,-4.097772598266602,-0.038097345829010365
40,64,104,train,True,0.0093184,4.361698408126831,873.7903401660919,873.8408813476562,878.1520385742188,4.311159133911133,0.050539274215697816
41,63,104,train,True,0.0017888,3.8473590171337126,879.0128704750538,879.15185546875,882.8602294921875,3.708406686782837,0.13895233035087573
42,62,104,train,True,0.0089128,3.5831702733039856,886.7030235743523,886.9022827148438,890.2861938476562,3.38395357131958,0.19921670198440555
43,61,104,train,True,0.0248872,3.302960469722748,888.1145810341835,888.275146484375,891.4175415039062,3.1424105167388916,0.16054995298385633
44,60,104,train,True,0.002496,2.4928210234642028,892.7560803437233,893.089599609375,895.2489013671875,2.159341335296631,0.3334796881675719
45,59,104,train,True,0.0022984,1.7304810464382172,891.0709715902806,891.1708374023438,892.8014526367188,1.6306544542312622,0.099826592206955
46,58,104,train,True,0.0013416,0.1950805440545082,892.845080588758,892.82421875,893.0401611328125,0.21590346097946167,-0.020822916924953472
47,57,104,train,True,0.0042224,-0.7703615397214889,887.7825075358153,887.7632446289062,887.0121459960938,-0.7511164546012878,-0.019245085120201066
48,56,104,train,True,0.0016744,-2.1816613709926607,885.8415734803676,885.8328247070312,883.659912109375,-2.1729228496551514,-0.008738521337509297
49,55,104,train,True,0.005772,-3.3088778722286225,877.3584384191037,877.2647705078125,874.049560546875,-3.215176582336426,-0.09370128989219673
50,54,104,train,True,0.0057408,-4.744891958236694,871.8530462551117,871.9267578125,867.108154296875,-4.818637847900391,0.07374588966369622
52,52,104,train,False,0.3176056,-5.1165068507194515,848.5014555811882,848.3618774414062,843.3849487304688,-4.9769415855407715,-0.13956526517868006
40,65,105,train,True,0.0121065,4.605587463378907,877.3195223999023,877.6527709960938,881.9251098632812,4.272340297698975,0.33324716567993207
41,64,105,train,True,0.004032,4.054560110569001,885.2641654753685,885.3276977539062,889.3187255859375,3.99098801612854,0.06357209444046052
42,63,105,train,True,0.009051,3.6761225056648255,891.6496831583977,891.9606323242188,895.3258056640625,3.365182638168335,0.3109398674964905
43,62,105,train,True,0.035259,3.32054918885231,895.8730543267727,896.1337890625,899.193603515625,3.059819221496582,0.26072996735572795
44,61,105,train,True,0.002499,2.8371706676483153,898.7696408557891,898.9996948242188,901.6068115234375,2.607137680053711,0.23003298759460433
45,60,105,train,True,0.002499,2.047729054093361,899.9003300279379,900.134033203125,901.9480590820312,1.8140065670013428,0.23372248709201804
46,59,105,train,True,0.001134,0.8971913099288941,899.8709361314774,899.9183349609375,900.7681274414062,0.8497686386108398,0.04742267131805422
47,58,105,train,True,0.0045465,-0.309224626943469,897.8914389824122,897.7889404296875,897.5822143554688,-0.20670223236083984,-0.10252239458262918
48,57,105,train,True,0.0013965,-1.4962503123283386,894.3059426951409,894.2695922851562,892.8096923828125,-1.4599121809005737,-0.036338131427764875
49,56,105,train,True,0.010248,-2.7406052446365354,888.8367966508865,888.7939453125,886.09619140625,-2.6977572441101074,-0.04284800052642801
50,55,105,train,True,0.003969,-3.913175253868103,881.6446205663681,881.7090454101562,877.7314453125,-3.977609157562256,0.06443390369415303
51,54,105,train,True,0.0218295,-4.17685332775116,871.6669656324386,871.6041870117188,867.4901123046875,-4.114080429077148,-0.06277289867401148
52,53,105,train,False,0.3000165,-4.044092836380005,859.5774180316926,859.6178588867188,855.5333251953125,-4.084522247314453,0.04042941093444785
41,65,106,train,True,0.0014204,4.2775634264945985,889.4947144055367,889.6861572265625,893.7722778320312,4.086125373840332,0.1914380526542665
42,64,106,train,True,0.0091266,3.8251366353034975,898.646176841259,898.8291625976562,902.4713134765625,3.6421680450439453,0.18296859025955214
43,63,106,train,True,0.0122536,3.416591374874115,901.5026591134072,901.695068359375,904.9192504882812,3.224188804626465,0.19240257024764995
44,62,106,train,True,0.0053954,2.8747358071804046,907.2003374350071,907.459716796875,910.0750732421875,2.6153745651245117,0.25936124205589284
45,61,106,train,True,0.0053848,2.480790135860443,906.5159139657021,906.7167358398438,908.9967041015625,2.2799479961395264,0.2008421397209168
46,60,106,train,True,0.0011024,1.2350068545341493,909.3761992001533,909.4793090820312,910.6112060546875,1.1319096088409424,0.10309724569320688
47,59,106,train,True,0.003021,0.36655734658241274,905.6382644307613,905.7318115234375,906.0048217773438,0.2730031907558441,0.09355415582656862
48,58,106,train,True,0.0011024,-1.056128550171852,905.1358404642343,905.1392211914062,904.0797119140625,-1.059510588645935,0.0033820384740830267
49,57,106,train,True,0.0122218,-1.9958578366041184,897.9394613522292,897.8328857421875,895.943603515625,-1.8892508745193481,-0.10660696208477027
50,56,106,train,True,0.005088,-3.3514699256420135,893.8320607459545,893.7960815429688,890.4805908203125,-3.315497636795044,-0.03597228884696957
51,55,106,train,True,0.0074518,-3.324776213169098,882.1379475998879,882.13330078125,878.8131713867188,-3.320173501968384,-0.0046027112007140936
52,54,106,train,False,0.100541,-3.319071525335312,873.1328532636165,873.097412109375,869.8137817382812,-3.283646821975708,-0.03542470335960379
41,66,107,train,True,0.008025,4.6437095952034,895.0999427485466,895.2786254882812,899.74365234375,4.46501350402832,0.17869609117507945
42,65,107,train,True,0.0092234,4.005377579927444,903.0190364825726,903.3174438476562,907.0244140625,3.7069554328918457,0.29842214703559833
43,64,107,train,True,0.0086777,3.4865363740921023,908.6803947782516,908.7400512695312,912.1669311523438,3.4268782138824463,0.059658160209655975
44,63,107,train,True,0.0086777,3.0315760159492493,912.8738805270195,913.0703125,915.9054565429688,2.8351023197174072,0.19647369623184208
45,62,107,train,True,0.0120482,2.553054840564728,915.0189666438102,915.2891235351562,917.572021484375,2.282877206802368,0.2701776337623598
46,61,107,train,True,0.0011984,1.8276656794548034,915.941316254139,916.0157470703125,917.7689819335938,1.7532497644424438,0.07441591501235956
47,60,107,train,True,0.0023861,0.7637708526849747,915.1951524871588,915.2674560546875,915.9589233398438,0.6914792656898499,0.07229158699512483
48,59,107,train,True,0.0016585,-0.43816512361168863,913.0530943228305,913.0687255859375,912.6149291992188,-0.4537501037120819,0.015584980100393275
49,58,107,train,True,0.0096514,-1.553446654677391,908.8812054437399,908.8626708984375,907.3277587890625,-1.5349236726760864,-0.018522982001304644
50,57,107,train,True,0.0053072,-2.634591141939163,903.0779505169392,903.0259399414062,900.443359375,-2.5825788974761963,-0.052012244462966706
51,56,107,train,True,0.0041516,-2.7592880940437317,894.4379990315438,894.3845825195312,891.6787109375,-2.7058799266815186,-0.0534081673622131
41,67,108,train,True,0.0082404,4.84144624710083,898.8966518974304,899.1713256835938,903.7380981445312,4.566781044006348,0.2746652030944823
42,66,108,train,True,0.0092232,4.2559109926223755,909.4148653745651,909.5930786132812,913.6707763671875,4.077716827392578,0.17819416522979736
43,65,108,train,True,0.0087696,3.6119629096984864,913.7823241996765,913.9842529296875,917.394287109375,3.4100162982940674,0.20194661140441905
44,64,108,train,True,0.0086832,3.0677937769889834,920.7657633519173,920.9404907226562,923.8335571289062,2.8930604457855225,0.1747333312034609
45,63,108,train,True,0.0139968,2.742377361059189,921.3391045725346,921.5278930664062,924.0814819335938,2.5536139011383057,0.1887634599208834
46,62,108,train,True,0.0011124,1.9827675408124923,925.046407263875,925.2385864257812,927.0291748046875,1.7905491590499878,0.1922183817625045
47,61,108,train,True,0.0023868,1.384837921857834,922.4150888359546,922.538818359375,923.7999267578125,1.261075496673584,0.12376242518424996
48,60,108,train,True,0.0011232,-0.08426752139814198,923.3418969159294,923.402099609375,923.2576293945312,-0.14450141787528992,0.06023389647714794
49,59,108,train,True,0.00864,-0.9451226148009301,917.4946831616759,917.4871826171875,916.549560546875,-0.9376412034034729,-0.007481411397457172
50,58,108,train,True,0.0053784,-2.2370819354057314,914.7560028338432,914.6549682617188,912.5189208984375,-2.136014223098755,-0.10106771230697653
51,57,108,train,True,0.0054972,-1.9905156755447388,904.3209600114823,904.2479858398438,902.3304443359375,-1.917551875114441,-0.07296380043029793
52,56,108,train,True,0.0054108,-2.0390052539110184,896.8521156054735,896.802001953125,894.8131103515625,-1.9888782501220703,-0.05012700378894808
54,54,108,train,False,0.3795012,-1.5719585877656936,871.7120953065157,872.0879516601562,870.14013671875,-1.9478304386138916,0.37587185084819796
41,68,109,train,False,0.4308116,5.079211080074311,904.1658450722695,904.3872680664062,909.2450561523438,4.857782363891602,0.2214287161827091
42,67,109,train,True,0.0111834,4.402034711837769,913.3581581592559,913.5744018554688,917.7601928710938,4.185789585113525,0.21624512672424334
43,66,109,train,True,0.0096683,3.7431704330444338,920.3951962661744,920.4155883789062,924.1383666992188,3.722788095474243,0.02038233757019059
44,65,109,train,True,0.0089489,3.1879941356182098,925.9731386768818,926.0888671875,929.1611328125,3.0722954273223877,0.11569870829582207
45,64,109,train,True,0.0040439,2.7535843205451966,929.3587203669548,929.5673217773438,932.1123046875,2.5449938774108887,0.20859044313430797
46,63,109,train,True,0.0011118,2.3037298119068144,931.3398248755932,931.3922119140625,933.6435546875,2.25134015083313,0.05238966107368448
47,62,109,train,True,0.0012862,1.6116117525100708,931.5553193998337,931.7227783203125,933.1669311523438,1.444169282913208,0.16744246959686282
48,61,109,train,True,0.0015369,0.5154987472295761,930.6917766433954,930.725341796875,931.207275390625,0.4819433093070984,0.03355543792247773
49,60,109,train,True,0.0039676,-0.6333326223492622,927.9358228567243,927.92822265625,927.302490234375,-0.6257332563400269,-0.0075993660092353865
50,59,109,train,True,0.0079461,-1.650161160826683,923.5025171178579,923.2864990234375,921.8523559570312,-1.4341323375701904,-0.21602882325649264
51,58,109,train,True,0.0052647,-1.5570105850696563,916.0759314835071,916.1249389648438,914.5189208984375,-1.6060529947280884,0.049042409658432096
52,57,109,train,True,0.0043818,-1.350260493159294,906.9289958447218,906.8070068359375,905.5787353515625,-1.2283049821853638,-0.12195551097393031
53,56,109,train,True,0.0067253,-1.1596766433119774,895.9760218581557,895.9818115234375,894.8163452148438,-1.165420651435852,0.005744008123874655
54,55,109,train,False,0.3001097,-0.9641554576158523,883.3504469615222,883.6964721679688,882.3862915039062,-1.3101694583892822,0.3460140007734299
41,69,110,train,False,0.838343,5.143111391067505,907.65852435112,908.0786743164062,912.8016357421875,4.7229790687561035,0.4201323223114013
42,68,110,train,True,0.024222,4.583813424110413,919.3466675329208,919.522216796875,923.9304809570312,4.408262729644775,0.1755506944656373
43,67,110,train,True,0.009493,3.828124815225601,925.0623781144619,925.2386474609375,928.8905029296875,3.651855230331421,0.1762695848941802
44,66,110,train,True,0.008921,3.240802892446518,933.333293787241,933.4943237304688,936.5740966796875,3.0797476768493652,0.16105521559715275
45,65,110,train,True,0.017809,2.867442555427551,935.2402844953536,935.4680786132812,938.1077270507812,2.6396608352661133,0.22778172016143783
46,64,110,train,True,0.000616,2.337815202474594,940.0100241529941,940.1879272460938,942.3478393554688,2.1599361896514893,0.1778790128231047
47,63,110,train,True,0.001287,2.008513259291649,938.4449169164895,938.531982421875,940.4534301757812,1.9214754104614258,0.08703784883022303
48,62,110,train,True,0.000385,0.7043682822585106,940.5474017372727,940.6403198242188,941.2517700195312,0.6114840507507324,0.09288423150777814
49,61,110,train,True,0.01155,-0.08743123395368457,936.0151656089537,935.97998046875,935.927734375,-0.052195798605680466,-0.03523543534800411
50,60,110,train,True,0.013772,-1.4093003499507903,934.6951890218257,934.5696411132812,933.285888671875,-1.2837556600570679,-0.12554468989372247
51,59,110,train,True,0.005962,-0.9527696195244789,925.4834703031182,925.39501953125,924.5307006835938,-0.8643321394920349,-0.088437480032444
52,58,110,train,True,0.006578,-0.9357005879282951,919.385834865272,919.3927612304688,918.4501342773438,-0.9426531195640564,0.006952531635761261
53,57,110,train,True,0.061941,-0.5385349102318286,906.8008640117944,906.8484497070312,906.2623291015625,-0.5861304402351379,0.047595530003309294
54,56,110,train,False,0.100991,-0.6201940515637397,897.3647008875013,897.5208740234375,896.7445068359375,-0.7763861417770386,0.15619209021329883
42,69,111,train,True,0.0125763,4.645821287631988,922.9316933608055,922.99755859375,927.5775146484375,4.57997465133667,0.06584663629531828
43,68,111,train,True,0.0105783,3.9343000376224517,931.2197526967525,931.300048828125,935.154052734375,3.854015350341797,0.08028468728065485
44,67,111,train,True,0.0096792,3.303613795042038,938.1185663807393,938.2783813476562,941.4221801757812,3.143789768218994,0.15982402682304375
45,66,111,train,True,0.0068487,2.8646146082878112,942.7544649815559,943.0145874023438,945.6190795898438,2.6045150756835938,0.2600995326042175
46,65,111,train,True,0.0007326,2.5043092834949494,945.9396604430675,945.9142456054688,948.4439697265625,2.529754877090454,-0.02544559359550469
47,64,111,train,True,0.0014541,2.0670790880918504,947.1934799939394,947.3614501953125,949.2605590820312,1.8991328477859497,0.16794624030590066
48,63,111,train,True,0.0003552,1.1940193092823028,947.4489860618114,947.6159057617188,948.6430053710938,1.0270929336547852,0.16692637562751766
49,62,111,train,True,0.0034188,0.10545108641497791,945.9732232299913,945.9733276367188,946.0786743164062,0.10533758997917175,0.00011349643580615965
50,61,111,train,True,0.0053391,-0.9330171704292297,942.9521211743355,942.737548828125,942.0191040039062,-0.7184239029884338,-0.21459326744079588
51,60,111,train,True,0.0088467,-0.7062016782164574,936.7796880063414,936.8533325195312,936.073486328125,-0.7798604965209961,0.07365881830453869
52,59,111,train,True,0.0064269,-0.340754472091794,928.9130811322481,928.82177734375,928.5723266601562,-0.2494080662727356,-0.0913464058190584
53,58,111,train,True,0.0047508,-0.16652159666642546,919.4116387841664,919.4057006835938,919.2451171875,-0.160616934299469,-0.00590466236695647
43,69,112,train,True,0.0055104,3.976939890384674,935.4756968283654,935.6056518554688,939.45263671875,3.847031831741333,0.1299080586433412
44,68,112,train,True,0.0095984,3.33865532040596,945.0047284686566,945.1952514648438,948.3433837890625,3.148146390914917,0.19050892949104314
45,67,112,train,True,0.0440832,2.9083835005760195,948.2155178666114,948.5130615234375,951.1239013671875,2.610846996307373,0.2975365042686464
46,66,112,train,True,0.0065408,2.481061730384827,954.1367361211777,954.3206787109375,956.6177978515625,2.2971277236938477,0.18393400669097915
47,65,112,train,True,0.0024192,2.265750674009323,953.7521936619282,953.801025390625,956.0179443359375,2.2169086933135986,0.04884198069572454
48,64,112,train,True,0.0002464,1.2157616353034972,956.9009375834465,957.0098266601562,958.11669921875,1.106868863105774,0.10889277219772331
49,63,112,train,True,0.004256,0.5527310934662819,953.5821566018462,953.6427612304688,954.1348876953125,0.4921152889728546,0.060615804493427294
50,62,112,train,True,0.0002912,-0.8124756690859795,953.6524414893985,953.5253295898438,952.8399658203125,-0.6853265762329102,-0.1271490928530693
51,61,112,train,True,0.0178304,-0.18360849920660258,945.6583399445191,945.6868896484375,945.4747314453125,-0.21217815577983856,0.028569656573235985
52,60,112,train,True,0.0083888,-0.027234224088606426,940.8149539506511,940.8731079101562,940.7877197265625,-0.08539603650569916,0.05816181241709273
53,59,112,train,True,0.010248,0.48415813729166984,929.5533784838021,929.5865478515625,930.0375366210938,0.45098114013671875,0.03317699715495109
54,58,112,train,True,0.008288,0.2613907216489315,921.6984481455386,921.7672119140625,921.9598388671875,0.19260923564434052,0.068781486004591
43,70,113,train,True,0.0033561,4.091627014875412,941.1657582390309,941.2295532226562,945.2573852539062,4.02784538269043,0.06378163218498223
44,69,113,train,True,0.0382844,3.3693872034549712,949.36425537467,949.5034790039062,952.733642578125,3.2301344871520996,0.13925271630287162
45,68,113,train,True,0.0071303,2.8653855967521666,955.2739576649666,955.6202392578125,958.1393432617188,2.519068956375122,0.34631664037704457
46,67,113,train,True,0.0069495,2.539788537025452,959.6794497442246,959.6614990234375,962.21923828125,2.557739496231079,-0.01795095920562728
47,66,113,train,True,0.0166449,2.2211802971363066,962.0693470466136,962.3154296875,964.29052734375,1.9750893115997314,0.24609098553657516
48,65,113,train,True,0.0002486,1.550209705233574,963.4246438103914,963.549560546875,964.974853515625,1.4252536296844482,0.12495607554912569
49,64,113,train,True,0.0001921,0.6296011136472225,963.0815805269777,963.091064453125,963.711181640625,0.6201109290122986,0.009490184634923904
50,63,113,train,True,0.0015707,-0.42545660078525543,961.4258838468791,961.2697143554688,961.0004272460938,-0.2693161368370056,-0.15614046394824982
51,62,113,train,True,0.0171873,-0.06071397695166524,956.4620201292954,956.5762329101562,956.4013061523438,-0.17492009699344635,0.1142061200417811
52,61,113,train,True,0.0279449,0.5478841929137707,949.7480142445862,949.7239379882812,950.2958984375,0.5719782114028931,-0.024094018489122404
53,60,113,train,True,0.0080117,0.7546426138281822,941.6063803353906,941.7140502929688,942.3610229492188,0.6469367146492004,0.10770589917898177
54,59,113,train,True,0.0068365,0.8812577965855598,931.9800703284144,932.0158081054688,932.861328125,0.845482587814331,0.03577520877122875
55,58,113,train,True,0.0085767,0.9016504991054535,920.6887425673008,920.7943725585938,921.5903930664062,0.79598069190979,0.10566980719566343
43,71,114,train,False,0.433143,4.1031995844841,945.0196031498909,945.089599609375,949.122802734375,4.033163547515869,0.07003603696823113
44,70,114,train,True,0.0035568,3.4194348788261415,955.7656237149239,955.92822265625,959.18505859375,3.2568793296813965,0.16255554914474502
45,69,114,train,True,0.0715578,2.862803738117218,960.312794406414,960.6349487304688,963.1755981445312,2.5406734943389893,0.32213024377822874
46,68,114,train,True,0.006954,2.435631548166275,967.4507209908962,967.6326293945312,969.8863525390625,2.25370717048645,0.18192437767982472
47,67,114,train,True,0.00456,2.2814479088783264,968.2611546301841,968.290771484375,970.5426025390625,2.2518310546875,0.02961685419082638
48,66,114,train,True,0.0002736,1.455673588514328,972.447707759142,972.592529296875,973.9033813476562,1.3108643293380737,0.1448092591762542
49,65,114,train,True,0.0003078,0.9362935465574265,970.2875834065676,970.3650512695312,971.223876953125,0.8588119745254517,0.07748157203197481
50,64,114,train,True,4.56e-05,-0.3992364143580198,971.6355035042018,971.5726318359375,971.2362670898438,-0.3363954722881317,-0.0628409420698881
51,63,114,train,True,0.0197676,0.38748221591114995,964.8320002059638,964.7271728515625,965.219482421875,0.49231740832328796,-0.10483519241213801
52,62,114,train,True,0.0244302,0.660084402859211,961.2248032924533,961.337890625,961.8848876953125,0.5470082759857178,0.11307612687349322
53,61,114,train,True,0.0200298,1.343290404677391,951.1862506109476,951.3048095703125,952.529541015625,1.2247058153152466,0.11858458936214444
54,60,114,train,True,0.0111834,1.0175248166918756,944.8317793825269,944.9694213867188,945.8493041992188,0.8799178004264832,0.1376070162653924
55,59,114,train,True,0.0850668,1.4813205337524413,931.6726101303101,931.787109375,933.1539306640625,1.3668497800827026,0.11447075366973869
56,58,114,train,False,0.1026798,0.9995443326234817,922.1300333040953,922.2242431640625,923.1295776367188,0.9053013920783997,0.09424294054508209
44,71,115,train,True,0.025162,3.4285540521144866,959.7093854010105,959.8836059570312,963.137939453125,3.2543251514434814,0.17422890067100516
45,70,115,train,True,0.007314,2.8101693379878996,966.9069937479496,967.2251586914062,969.7171630859375,2.491952419281006,0.3182169187068937
46,69,115,train,True,0.013547,2.4066978108882906,972.6084389078617,972.639404296875,975.01513671875,2.3756935596466064,0.031004251241684155
47,68,115,train,True,0.0182735,2.128735737800598,976.1757686567306,976.4138793945312,978.3045043945312,1.8906409740447998,0.2380947637557984
48,67,115,train,True,0.0006555,1.6082936555147171,978.6440256804228,978.7333984375,980.2523193359375,1.518928050994873,0.0893656045198441
49,66,115,train,True,3.45e-05,0.9061053785681724,979.3451153245568,979.4029541015625,980.251220703125,0.8483144640922546,0.057790914475917776
50,65,115,train,True,3.45e-05,-0.07338848540559412,978.9228757900931,979.1181030273438,978.8494873046875,-0.2685697376728058,0.19518125226721167
51,64,115,train,True,0.016031,0.39875029407441615,975.1586837879569,975.3052978515625,975.5574340820312,0.25216934084892273,0.14658095322549342
52,63,115,train,True,0.027945,1.1744762176275254,969.6321644073724,969.582275390625,970.806640625,1.224328637123108,-0.0498524194955825
53,62,115,train,True,0.0288765,1.3983264917135239,962.824940109849,963.0750122070312,964.2232666015625,1.1482617855072021,0.2500647062063217
54,61,115,train,True,0.0121095,1.5557352960109712,954.5679219305515,954.611572265625,956.1236572265625,1.5120570659637451,0.04367823004722604
44,72,116,train,True,0.0037236,3.398807864189148,965.7414509248733,965.9185180664062,969.1402587890625,3.2217161655426025,0.1770916986465454
45,71,116,train,True,0.073834,2.7833550548553467,971.5221869373322,971.8030395507812,974.3055419921875,2.502490997314453,0.2808640575408936
46,70,116,train,True,0.007134,2.240474842786789,979.9574011337758,980.115966796875,982.1978759765625,2.081890106201172,0.15858473658561723
47,69,116,train,True,0.0032596,2.0733917355537415,982.0001556277275,982.0452270507812,984.0735473632812,2.0283257961273193,0.04506593942642212
48,68,116,train,True,0.0001624,1.3868454116582871,987.2730056625604,987.4327392578125,988.6598510742188,1.227112889289856,0.15973252236843116
49,67,116,train,True,0.0002204,1.0465776711702346,986.1979901999235,986.1876831054688,987.2445678710938,1.0568970441818237,-0.010319373011589139
50,66,116,train,True,0.0001044,-0.16880130480974911,988.6950464219973,988.6815185546875,988.5262451171875,-0.15528811514377594,-0.013513189665973174
51,65,116,train,True,0.0051504,0.7532938632369042,983.0652486172319,983.1951904296875,983.8185424804688,0.6233051419258118,0.1299887213110924
52,64,116,train,True,0.0242092,1.0685957533121109,980.7284623521566,980.8546752929688,981.7970581054688,0.9423930048942566,0.12620274841785428
53,63,116,train,True,0.0750404,1.8385831660032272,971.9569490605593,972.2291259765625,973.7955322265625,1.566374659538269,0.2722085064649582
54,62,116,train,True,0.0130152,1.5401359671354293,966.9320930367708,967.0730590820312,968.4722290039062,1.399211049079895,0.1409249180555343
44,73,117,train,False,0.4331457,3.23812984585762,969.4367969119548,969.4108276367188,972.6749267578125,3.2640902996063232,-0.02596045374870304
45,72,117,train,True,0.008892,2.679904341697693,977.7140165567398,978.0353393554688,980.3939208984375,2.3585305213928223,0.3213738203048706
46,71,117,train,True,0.007254,2.1625771057605743,984.7121787536145,984.7801513671875,986.874755859375,2.0946297645568848,0.0679473412036895
47,70,117,train,True,0.013572,1.8152590668201447,989.5319089019299,989.7557983398438,991.34716796875,1.5913469791412354,0.22391208767890936
48,69,117,train,True,0.0010179,1.4143550515174865,993.1076176047325,993.2099609375,994.52197265625,1.3120005130767822,0.1023545384407043
49,68,117,train,True,0.0048789,0.9072323706746102,994.8398989769817,994.9522705078125,995.7471313476562,0.7948733568191528,0.11235901385545732
50,67,117,train,True,0.0004797,-0.007922335882904008,995.6243774140079,995.6246337890625,995.616455078125,-0.008171609602868557,0.0002492737199645493
51,66,117,train,True,0.0084357,0.6339082132279873,992.9599028219283,993.0841064453125,993.5938110351562,0.5097354650497437,0.12417274817824364
52,65,117,train,True,0.013455,1.4578069740533828,988.7003351157904,988.7576904296875,990.1581420898438,1.4004889726638794,0.05731800138950338
53,64,117,train,True,0.0255528,1.736016384959221,983.1513127166032,983.3184204101562,984.8873291015625,1.568965196609497,0.16705118834972388
54,63,117,train,True,0.0103779,1.9390531474351882,976.2080415791273,976.2828369140625,978.1470947265625,1.8643006086349487,0.07475253880023947
55,62,117,train,True,0.0624078,1.9979209363460542,967.6298866808414,967.8082275390625,969.6278076171875,1.8195915222167969,0.1783294141292573
56,61,117,train,False,0.2503332,1.9225240492820739,957.6607279038429,957.9906616210938,959.583251953125,1.5925744771957397,0.32994957208633413
45,73,118,train,True,0.0242372,2.5404562664031984,982.0133767414093,982.0967407226562,984.5538330078125,2.4570772647857666,0.08337900161743184
46,72,118,train,True,0.0024898,1.9542021757364274,991.6398530000448,991.81591796875,993.5940551757812,1.7781411409378052,0.17606103479862223
47,71,118,train,True,0.0025134,1.6626493096351624,994.9916475653648,995.1990356445312,996.654296875,1.455264687538147,0.20738462209701547
48,70,118,train,True,0.020001,1.0857679584622384,1001.3452623149752,1001.5645141601562,1002.4310302734375,0.8665100932121277,0.2192578652501107
49,69,118,train,True,0.0077526,0.9164521995186806,1001.3272001442314,1001.3087158203125,1002.24365234375,0.9349550008773804,-0.01850280135869975
50,68,118,train,True,0.0004956,-0.2892327343672514,1005.0476555859298,1004.9510498046875,1004.7584228515625,-0.19262586534023285,-0.09660686902701854
51,67,118,train,True,0.0030208,0.8165057498216629,1000.5055157345533,1000.5120239257812,1001.322021484375,0.8099959492683411,0.006509800553321843
52,66,118,train,True,0.0183018,1.2309160882234573,999.3451947516203,999.4242553710938,1000.5761108398438,1.151893138885498,0.07902294933795928
53,65,118,train,True,0.019765,2.0256822395324705,991.8637830924988,991.9221801757812,993.8894653320312,1.967271327972412,0.0584109115600584
54,64,118,train,True,0.010384,1.8051231360435487,988.0791542077064,988.2478637695312,989.88427734375,1.636399745941162,0.16872339010238657
55,63,118,train,True,0.0127558,2.2951218938827513,977.650861992836,977.7958374023438,979.9459838867188,2.1501669883728027,0.1449549055099486
45,74,119,train,True,0.0093177,2.253767924308777,987.9547281694412,988.1040649414062,990.20849609375,2.104471206665039,0.14929671764373786
46,73,119,train,True,0.0082467,1.8154370981454848,996.0232469838858,995.9061889648438,997.8386840820312,1.9324917793273926,-0.11705468118190776
47,72,119,train,True,0.0147084,1.3272001016139985,1002.1334322226047,1002.3623046875,1003.4606323242188,1.098318338394165,0.22888176321983345
48,71,119,train,True,0.0376992,0.9737570837140084,1006.8536965295673,1006.9111328125,1007.8274536132812,0.9162915945053101,0.05746548920869832
49,70,119,train,True,0.0073066,0.6385182720422745,1009.6055613178015,1009.8505249023438,1010.2440795898438,0.3935866057872772,0.2449316662549973
50,69,119,train,True,0.0007259,-0.23498788852244615,1011.5831934549287,1011.4344482421875,1011.3482055664062,-0.08626487106084824,-0.1487230174615979
51,68,119,train,True,0.0069972,0.5291396711766719,1010.029881324917,1010.0626831054688,1010.5590209960938,0.4963381290435791,0.03280154213309283
52,67,119,train,True,0.0072828,1.4384886693954468,1006.962512307167,1006.9873657226562,1008.4010009765625,1.4136559963226318,0.024832673072815004
53,66,119,train,True,0.0217056,1.8117302662134172,1002.5937873119116,1002.8001708984375,1004.405517578125,1.6053286790847778,0.20640158712863932
54,65,119,train,True,0.0103768,2.0557648122310637,996.9299529612065,997.0346069335938,998.9857177734375,1.951148509979248,0.10461630225181562
55,64,119,train,True,0.0139349,2.162943486571312,989.6206868845225,989.7628173828125,991.7836303710938,2.020813465118408,0.14213002145290377
56,63,119,train,False,0.2002651,2.1642704582214356,980.9381465339661,981.2655029296875,983.1024169921875,1.8369117975234985,0.32735866069793707
46,74,120,train,True,0.002292,1.4993439984321595,1002.6149138140678,1002.8497924804688,1004.1142578125,1.2644506692886353,0.23489332914352423
47,73,120,train,True,0.004476,1.0853988313674927,1007.24016269207,1007.4393920898438,1008.3255615234375,0.8861696720123291,0.1992291593551636
48,72,120,train,True,0.003732,0.5009976053237915,1014.7583407735824,1014.962890625,1015.2593383789062,0.2964773178100586,0.20452028751373286
49,71,120,train,True,0.040008,0.45003081575036047,1015.8151669381559,1015.950927734375,1016.2651977539062,0.3142785131931305,0.13575230255722998
50,70,120,train,True,0.000924,-0.6134786811470986,1020.5918112006783,1020.53857421875,1019.9783325195312,-0.5602518320083618,-0.053226849138736765
51,69,120,train,True,0.0072,0.596261225938797,1017.181021488905,1017.0756225585938,1017.7772827148438,0.7017069458961487,-0.10544571995735164
52,68,120,train,True,0.001752,1.0609860482811928,1017.2101321157813,1017.23828125,1018.2711181640625,1.032823085784912,0.028162962496280697
53,67,120,train,True,0.015096,1.9562383204698564,1010.9057611912489,1010.8409423828125,1012.8619995117188,2.0210447311401367,-0.06480641067028037
54,66,120,train,True,0.01182,1.8412666988372803,1008.2964896488189,1008.48388671875,1010.1377563476562,1.6538902521133423,0.18737644672393805
55,65,120,train,True,0.009972,2.334222205877304,999.1850038683415,999.417724609375,1001.5192260742188,2.101524591445923,0.23269761443138126
56,64,120,train,False,0.300168,2.0185370111465453,993.5597100591659,993.6353759765625,995.5782470703125,1.9428614377975464,0.07567557334899888
45,76,121,train,False,0.6194474,1.305717127919197,997.8919147080182,997.6740112304688,999.1976318359375,1.52362060546875,-0.21790347754955297
46,75,121,train,True,0.0033517,1.1456888437271118,1006.7991964101791,1006.8238525390625,1007.9448852539062,1.1210345029830933,0.02465434074401851
47,74,121,train,True,0.0121121,0.6596686306595803,1014.0247185763717,1014.2620239257812,1014.6843872070312,0.4224082827568054,0.23726034790277484
48,73,121,train,True,0.0019481,0.212911981344223,1019.9969268858433,1020.150634765625,1020.2098388671875,0.05918534845113754,0.15372663289308547
49,72,121,train,True,0.0274186,-0.07764426439069211,1023.8624343034531,1024.1290283203125,1023.7847900390625,-0.344264954328537,0.2666206899378449
50,71,121,train,True,0.0009801,-0.701764950454235,1026.7908762785792,1026.708740234375,1026.089111328125,-0.6196742057800293,-0.08209074467420574
51,70,121,train,True,0.0025047,0.21182679705321789,1026.2870745701343,1026.3289794921875,1026.4989013671875,0.16999128460884094,0.04183551244437694
52,69,121,train,True,0.0258335,1.0807711619138718,1024.5018704396487,1024.4906005859375,1025.5826416015625,1.0920506715774536,-0.011279509663581821
53,68,121,train,True,0.004719,1.6081522977352143,1021.2186909639836,1021.4107666015625,1022.8268432617188,1.4161158800125122,0.19203641772270208
54,67,121,train,True,0.0102487,1.9698215526342393,1016.7205470997095,1016.86376953125,1018.6903686523438,1.8266241550445557,0.14319739758968364
55,66,121,train,True,0.0142901,2.124607414603233,1010.6440693432093,1010.7027587890625,1012.7686767578125,2.065918445587158,0.05868896901607501
56,65,121,train,False,0.1418967,2.198036221265793,1003.2143172943593,1003.5629272460938,1005.412353515625,1.849441409111023,0.34859481215476995
46,76,122,train,True,0.0195566,0.616703194975853,1013.178645926118,1013.3290405273438,1013.7953491210938,0.4663645923137665,0.15033860266208654
47,75,122,train,True,0.038186,0.25872108951210976,1018.8670723675191,1019.03662109375,1019.1257934570312,0.0891595408320427,0.16956154868006706
48,74,122,train,True,0.0022936,-0.3940911117941141,1027.5787834946066,1027.760498046875,1027.1846923828125,-0.5758689045906067,0.1817777927964926
49,73,122,train,True,0.0500566,-0.4915888237953186,1029.8420526909829,1029.9371337890625,1029.3504638671875,-0.5866613388061523,0.09507251501083375
50,72,122,train,True,0.0024522,-1.2673883378505706,1035.4962701737882,1035.5234375,1034.2288818359375,-1.2945380210876465,0.027149683237075894
51,71,122,train,True,0.002501,0.11153990908525885,1033.1172198565398,1033.13525390625,1033.228759765625,0.09350550919771194,0.018034399887546904
52,70,122,train,True,0.0013542,0.6254971224069595,1034.302481393218,1034.33203125,1034.927978515625,0.5959416627883911,0.029555459618568425
53,69,122,train,True,0.005185,1.597559923529625,1029.1631822639704,1029.315673828125,1030.7607421875,1.4450684785842896,0.1524914449453354
54,68,122,train,True,0.0111142,1.6542393690347672,1027.6277430528403,1027.80908203125,1029.281982421875,1.472951054573059,0.18128831446170812
55,67,122,train,True,0.0336842,2.221605818271637,1019.7248053145408,1019.8164672851562,1021.9464111328125,2.129917860031128,0.09168795824050902
56,66,122,train,True,0.0279502,1.9860562229156493,1015.3048983669281,1015.498291015625,1017.2909545898438,1.7926238775253296,0.19343234539031973
46,77,123,train,False,0.7894386,-0.05463381117908284,1017.2840039283666,1017.2139282226562,1017.2293701171875,0.01548346970230341,-0.07011728088138625
47,76,123,train,True,0.0326073,-0.36018580809235573,1025.415971940905,1025.5704345703125,1025.0557861328125,-0.5145657658576965,0.1543799577653408
48,75,123,train,True,0.0026937,-0.844640317261219,1032.552648129761,1032.6336669921875,1031.7080078125,-0.9256935119628906,0.0810531947016716
49,74,123,train,True,0.0198276,-1.2464903420209885,1037.655914170146,1037.8662109375,1036.409423828125,-1.4567065238952637,0.21021618187427515
50,73,123,train,True,0.0024846,-1.6111020839214325,1041.491839388609,1041.469482421875,1039.8807373046875,-1.5887174606323242,-0.022384623289108285
51,72,123,train,True,0.001353,-0.45230060920119286,1041.9089656482638,1042.0953369140625,1041.4566650390625,-0.6386324763298035,0.1863318671286106
52,71,123,train,True,0.001353,0.47077242359519006,1041.2769082404673,1041.2611083984375,1041.7476806640625,0.4866592586040497,-0.015886835008859623
53,70,123,train,True,0.00369,1.1306946188211442,1039.0669372171164,1039.2503662109375,1040.1976318359375,0.9472914338111877,0.18340318500995645
54,69,123,train,True,0.0095325,1.6605355125665664,1035.6483023780584,1035.773681640625,1037.308837890625,1.5352216958999634,0.12531381666660302
55,68,123,train,True,0.0121155,1.9570793056488036,1030.675244913101,1030.7867431640625,1032.63232421875,1.8456319570541382,0.11144734859466543
56,67,123,train,True,0.0121155,2.095144475698471,1024.4690645086766,1024.6156005859375,1026.564208984375,1.948500394821167,0.14664408087730418
47,77,124,train,False,0.2515092,-1.0653865456581115,1030.1565730690957,1030.3031005859375,1029.0911865234375,-1.211897373199463,0.14651082754135136
48,76,124,train,True,0.002604,-1.618009362220764,1039.8625161981583,1039.990234375,1038.2445068359375,-1.74566650390625,0.12765714168548592
49,75,124,train,True,0.030566,-1.8695207077264786,1043.408216996789,1043.376220703125,1041.5386962890625,-1.8375674486160278,-0.03195325911045077
50,74,124,train,True,0.0013144,-2.406313347816467,1049.9568504571914,1049.95751953125,1047.550537109375,-2.407045364379883,0.000732016563415705
51,73,124,train,True,0.001364,-0.8204550948739052,1048.538960954249,1048.5628662109375,1047.718505859375,-0.8443353772163391,0.02388028234243389
52,72,124,train,True,0.0013516,-0.05960257379338145,1050.649812534731,1050.685546875,1050.5902099609375,-0.09538573771715164,0.03578316392377019
53,71,124,train,True,0.002294,0.9586638069152832,1046.6720734977723,1046.74365234375,1047.6307373046875,0.8871265053749084,0.07153730154037474
54,70,124,train,True,0.001364,1.230195928812027,1046.133329461813,1046.26416015625,1047.363525390625,1.099358081817627,0.13083784699440004
55,69,124,train,True,0.0091512,1.9858944553136826,1039.2896182399988,1039.555419921875,1041.2755126953125,1.7200555801391602,0.2658388751745224
56,68,124,train,True,0.0124992,1.8483541786670685,1036.0221292197705,1036.121826171875,1037.8704833984375,1.7486649751663208,0.09968920350074773
57,67,124,train,True,0.056668,2.237918485403061,1026.4147914755345,1026.50830078125,1028.6527099609375,2.1444389820098877,0.09347950339317324
47,78,125,train,False,0.43315,-1.9238866096735001,1036.533871961236,1036.6644287109375,1034.6099853515625,-2.0543625354766846,0.13047592580318446
48,77,125,train,True,0.0028875,-2.329187430143356,1044.6874637973308,1044.710205078125,1042.3582763671875,-2.351925849914551,0.022738419771194618
49,76,125,train,True,0.001775,-2.8202244067192077,1050.9761081957818,1050.9920654296875,1048.1558837890625,-2.836215019226074,0.01599061250686651
50,75,125,train,True,0.001325,-3.0303129184246065,1055.7927640902997,1055.6910400390625,1052.762451171875,-2.9286365509033203,-0.10167636752128617
51,74,125,train,True,0.0025125,-1.6114074027538299,1057.084307793379,1057.2701416015625,1055.472900390625,-1.797210931777954,0.18580352902412423
52,73,125,train,True,0.00135,-0.3922707614302635,1057.3307473239302,1057.2545166015625,1056.9384765625,-0.31604817509651184,-0.07622258633375167
53,72,125,train,True,0.00135,0.4310598859190941,1056.1303414812685,1056.286376953125,1056.5614013671875,0.274997740983963,0.1560621449351311
54,71,125,train,True,0.0014125,1.1102365145087243,1053.7761160245539,1053.867431640625,1054.8863525390625,1.0189788341522217,0.09125768035650261
55,70,125,train,True,0.0077375,1.6199380052089691,1049.8013266432285,1049.9754638671875,1051.4212646484375,1.4458482265472412,0.17408977866172792
56,69,125,train,True,0.0109875,1.912938922047615,1044.6931401795148,1044.7723388671875,1046.6060791015625,1.8337693214416504,0.07916960060596456
57,68,125,train,True,0.026,2.0316781747341155,1038.0209341299533,1038.0804443359375,1040.0526123046875,1.9721565246582031,0.05952165007591237
48,78,126,train,True,0.0023058,-3.156782304048538,1051.6312696087361,1051.689208984375,1048.4744873046875,-3.2146928310394287,0.05791052699089061
49,77,126,train,True,0.0041958,-3.6687114131450653,1056.53516649127,1056.46044921875,1052.866455078125,-3.5940377712249756,-0.07467364192008974
50,76,126,train,True,0.0106848,-3.9673429095745085,1063.948666151762,1063.8839111328125,1059.9813232421875,-3.902480125427246,-0.06486278414726243
51,75,126,train,True,0.0318528,-2.2304857563972473,1063.5162523579597,1063.4794921875,1061.2857666015625,-2.1936862468719482,-0.03679950952529909
52,74,126,train,True,0.0013482,-1.0685692444443702,1066.3671532288195,1066.3681640625,1065.298583984375,-1.069661259651184,0.001092015206813901
53,73,126,train,True,0.00378,0.12138452481478453,1063.3928977017476,1063.43212890625,1063.5142822265625,0.08208925276994705,0.03929527204483747
54,72,126,train,True,3.78e-05,0.6236741469800472,1063.8022291733325,1063.8857421875,1064.4259033203125,0.5402162075042725,0.08345793947577473
55,71,126,train,True,0.0103572,1.5272147852182387,1058.0245430272817,1058.3077392578125,1059.5517578125,1.2440904378890991,0.2831243473291396
56,70,126,train,True,0.0124992,1.6064406263828277,1055.757084764242,1055.8446044921875,1057.363525390625,1.5190248489379883,0.08741577744483942
57,69,126,train,True,0.0905058,2.1127592688798904,1047.28567823112,1047.36572265625,1049.3984375,2.0326082706451416,0.0801509982347488
58,68,126,train,True,0.0279468,1.8734787505865098,1042.237971444726,1042.4305419921875,1044.1114501953125,1.680939793586731,0.19253895699977885
48,79,127,train,True,0.0061976,-3.9995837378501893,1056.1947741675376,1056.2459716796875,1052.1951904296875,-4.050698757171631,0.05111501932144158
49,78,127,train,True,0.0100076,-4.6421865105628966,1063.7018788933754,1063.602294921875,1059.0596923828125,-4.542540550231934,-0.09964596033096296
50,77,127,train,True,0.0092202,-4.782477777004242,1069.5537180113793,1069.40966796875,1064.771240234375,-4.638379096984863,-0.1440986800193791
51,76,127,train,True,0.00508,-3.1859753489494325,1071.7720349192618,1071.85595703125,1068.5860595703125,-3.2698893547058105,0.08391400575637809
52,75,127,train,True,0.0013716,-1.5934346908330916,1072.7881368392707,1072.6558837890625,1071.1947021484375,-1.461195945739746,-0.13223874509334554
53,74,127,train,True,0.0036195,-0.47919935315847395,1072.438549939096,1072.576171875,1071.9593505859375,-0.6168947815895081,0.1376954284310341
54,73,127,train,True,0.0040894,0.3667130785435438,1071.0987410230189,1071.131591796875,1071.4654541015625,0.3338889479637146,0.03282413057982919
55,72,127,train,True,0.0055753,1.07180733948946,1068.1076360198856,1068.268310546875,1069.179443359375,0.9111251831054688,0.1606821563839913
56,71,127,train,True,0.0113538,1.5937443840503693,1063.9898737800122,1064.06396484375,1065.5836181640625,1.5196473598480225,0.07409702420234687
57,70,127,train,True,0.0259969,1.8731103372573852,1058.3734716939925,1058.3597412109375,1060.24658203125,1.8868669271469116,-0.013756589889526438
58,69,127,train,True,0.0288798,1.9765629523992538,1051.5725093132257,1051.66064453125,1053.549072265625,1.8884093761444092,0.08815357625484466
48,80,128,train,True,0.0064384,-4.929356367588043,1062.8371932816506,1062.8143310546875,1057.9078369140625,-4.9064435958862305,-0.022912771701812495
49,79,128,train,True,0.0013184,-5.629613420963287,1068.9981436944008,1068.9837646484375,1063.3685302734375,-5.615294933319092,-0.014318487644195521
50,78,128,train,True,0.0176768,-5.778946311473846,1077.3364414286614,1077.372802734375,1071.5574951171875,-5.81532621383667,0.036379902362823735
51,77,128,train,True,0.0187904,-4.006282080411911,1077.9744217288494,1077.85888671875,1073.9681396484375,-3.890673875808716,-0.11560820460319476
52,76,128,train,True,0.000704,-2.409231975078583,1081.5010288500787,1081.4404296875,1079.091796875,-2.348693370819092,-0.06053860425949109
53,75,128,train,True,0.0036224,-0.9303424772620201,1079.381758492887,1079.40234375,1078.451416015625,-0.9509976506233215,0.020655173361301404
54,74,128,train,True,3.84e-05,-0.16356452893465756,1080.6743067164346,1080.7425537109375,1080.5107421875,-0.23172970116138458,0.06816517222672702
55,73,128,train,True,0.005376,0.84158312022686,1075.976532114148,1076.0313720703125,1076.818115234375,0.7866742014884949,0.05490891873836512
56,72,128,train,True,0.0016128,1.193790113925934,1074.6206630110742,1074.6864013671875,1075.814453125,1.1280386447906494,0.06575146913528451
57,71,128,train,True,0.0544512,1.915851327776909,1067.1525080472231,1067.160400390625,1069.068359375,1.9080102443695068,0.007841083407402083
58,70,128,train,True,0.0279424,1.765531175136566,1063.2373985123634,1063.2864990234375,1065.0029296875,1.7163652181625366,0.04916595697402948
59,69,128,train,True,0.0298112,2.087933344244957,1053.1143371635676,1053.301025390625,1055.2022705078125,1.9013125896453857,0.18662075459957128
48,81,129,train,True,0.0053148,-5.943356876373291,1067.1948217201234,1066.76953125,1061.25146484375,-5.518094539642334,-0.4252623367309569
49,80,129,train,True,0.0019737,-6.84428599357605,1075.9991932201385,1075.699951171875,1069.1549072265625,-6.54500150680542,-0.29928448677063013
50,79,129,train,True,0.0172731,-6.823482172489166,1082.765620844364,1082.6732177734375,1075.942138671875,-6.731082439422607,-0.09239973306655891
51,78,129,train,True,0.0212205,-5.019998571872711,1085.8523960328102,1085.9296875,1080.8323974609375,-5.097272872924805,0.07727430105209354
52,77,129,train,True,0.0007095,-3.141856483221054,1087.6956894910336,1087.5228271484375,1084.5538330078125,-2.9690380096435547,-0.17281847357749935
53,76,129,train,True,0.0031476,-1.6592687684297562,1088.0895666199922,1088.2427978515625,1086.4302978515625,-1.8125441074371338,0.15327533900737755
54,75,129,train,True,3.87e-05,-0.5546310420334339,1087.640934752971,1087.6494140625,1087.0863037109375,-0.5630675554275513,0.008436513394117329
55,74,129,train,True,0.0045537,0.33028962671756745,1085.6181967014074,1085.6700439453125,1085.948486328125,0.27846837043762207,0.05182125627994538
56,73,129,train,True,0.0105006,1.0684651404619216,1082.471085640788,1082.449462890625,1083.53955078125,1.090114951133728,-0.02164981067180638
57,72,129,train,True,0.0213495,1.592250983119011,1077.7948339778186,1077.9298095703125,1079.3870849609375,1.4573088884353638,0.13494209468364726
58,71,129,train,True,0.0279414,1.8500164330005646,1072.063679856062,1072.1114501953125,1073.9136962890625,1.8022499084472656,0.047766524553298995
59,70,129,train,True,0.0298119,1.9261108839511871,1064.8201049363613,1064.8150634765625,1066.7462158203125,1.9311065673828125,-0.004995683431625375
48,82,130,train,True,0.02236,-6.224958324432373,1072.8013743400575,1072.8363037109375,1066.576416015625,-6.2599196434021,0.03496131896972621
49,81,130,train,True,0.001794,-8.136929256916046,1081.2148101162911,1080.8428955078125,1073.077880859375,-7.765048503875732,-0.37188075304031365
50,80,130,train,True,0.001872,-8.146809976100922,1090.459554116726,1090.2862548828125,1082.312744140625,-7.973430633544922,-0.17337934255600018
51,79,130,train,True,0.014209,-6.051114485263825,1091.8518957352637,1091.6573486328125,1085.80078125,-5.856493949890137,-0.19462053537368806
52,78,130,train,True,3.9e-05,-4.0494097745418545,1096.0557574307918,1095.9422607421875,1092.00634765625,-3.9359281063079834,-0.11348166823387107
53,77,130,train,True,0.003159,-2.303058933019638,1094.7829173314572,1094.7431640625,1092.4798583984375,-2.263338804244995,-0.03972012877464293
54,76,130,train,True,3.9e-05,-1.1764532113075257,1096.8334356331825,1096.905029296875,1095.656982421875,-1.2480509281158447,0.07159771680831906
55,75,130,train,True,0.008359,-0.028285839543677867,1093.1430319332937,1093.1419677734375,1093.11474609375,-0.02724125050008297,-0.001044589043594897
56,74,130,train,True,0.000286,0.5754184095561504,1092.689474168569,1092.7166748046875,1093.264892578125,0.5481780171394348,0.02724039241671561
57,73,130,train,True,0.025948,1.5208868515491485,1086.1849236953258,1086.304931640625,1087.705810546875,1.4008727073669434,0.12001414418220513
58,72,130,train,True,0.02795,1.5777439039945602,1083.2520900803804,1083.318115234375,1084.829833984375,1.5117136240005493,0.0660302799940109
59,71,130,train,True,0.064272,2.0372282111644746,1074.2157014763354,1074.288330078125,1076.2529296875,1.9646055698394775,0.07262264132499707
60,70,130,train,True,0.02795,1.769902177453041,1068.5820265334844,1068.9267578125,1070.3519287109375,1.4251959323883057,0.34470624506473535
48,83,131,train,True,0.0192439,-5.351518206596374,1074.9091353940964,1075.0018310546875,1069.5576171875,-5.444186210632324,0.09266800403594999
49,82,131,train,True,0.0022008,-8.748549122810363,1087.2218157243728,1087.031982421875,1078.4732666015625,-8.558799743652344,-0.1897493791580196
50,81,131,train,True,0.0036156,-9.53403953552246,1095.8423891448974,1095.4898681640625,1086.308349609375,-9.181516647338867,-0.3525228881835929
51,80,131,train,True,0.0020829,-7.3841713690757755,1099.6303871893883,1099.4244384765625,1092.2462158203125,-7.178163051605225,-0.20600831747055093
52,79,131,train,True,6.55e-05,-4.996396777629852,1102.0479104495048,1101.87158203125,1097.051513671875,-4.820127964019775,-0.1762688136100765
53,78,131,train,True,0.0006026,-3.1476170575618743,1103.1586033856868,1103.321044921875,1100.010986328125,-3.3100364208221436,0.1624193632602693
54,77,131,train,True,3.93e-05,-1.726852942109108,1103.5138402467967,1103.509521484375,1101.7869873046875,-1.7225438356399536,-0.004309106469154278
55,76,131,train,True,0.0001834,-0.6160245534777641,1102.3836026784777,1102.369140625,1101.767578125,-0.6016080975532532,-0.014416455924510907
56,75,131,train,True,0.0004192,0.29455664083361627,1100.2202138669788,1100.210205078125,1100.5147705078125,0.30452093482017517,-0.009964293986558903
57,74,131,train,True,0.0279423,1.0601441761851311,1096.4558470347524,1096.5181884765625,1097.5159912109375,0.9978718161582947,0.06227236002683645
58,73,131,train,True,0.0328024,1.586993880867958,1091.6477473300695,1091.675048828125,1093.2347412109375,1.5597515106201172,0.02724237024784082
59,72,131,train,True,0.0469897,1.8306493401527404,1085.4258203864097,1085.48486328125,1087.2564697265625,1.7716182470321655,0.05903109312057486
60,71,131,train,True,0.0275231,1.8988231176137924,1078.0481983667612,1078.169921875,1079.947021484375,1.7771426439285278,0.12168047368526458
48,84,132,train,True,0.0600732,-3.9357605504989626,1078.4456482458115,1078.3267822265625,1074.5098876953125,-3.816854476928711,-0.11890607357025162
49,83,132,train,True,0.0600336,-7.8714892244338985,1089.8968798494338,1089.490478515625,1082.025390625,-7.465167999267578,-0.4063212251663204
50,82,132,train,True,0.00198,-10.385756940841675,1102.6652979564667,1102.8431396484375,1092.279541015625,-10.563675880432129,0.17791893959045346
51,81,132,train,True,0.0024684,-8.75877773284912,1105.575916404724,1105.1495361328125,1096.817138671875,-8.332450866699219,-0.42632686614990156
52,80,132,train,True,0.0034848,-6.199093761444092,1110.2758759880066,1109.920166015625,1104.0767822265625,-5.843379020690918,-0.3557147407531742
53,79,132,train,True,0.0040656,-4.004658799171448,1109.640034775734,1109.653076171875,1105.6353759765625,-4.017747402191162,0.01308860301971393
54,78,132,train,True,3.96e-05,-2.452676165103912,1112.3542874932289,1112.4461669921875,1109.901611328125,-2.5445632934570312,0.09188712835311907
55,77,132,train,True,0.0010428,-1.1081743493676186,1109.58827688843,1109.53759765625,1108.4801025390625,-1.057481050491333,-0.0506932988762856
56,76,132,train,True,0.001056,-0.2592304737865925,1110.0133808644116,1110.0374755859375,1109.754150390625,-0.28325340151786804,0.024022927731275567
57,75,132,train,True,0.0363528,0.7930968737602234,1104.5583435559272,1104.5438232421875,1105.3514404296875,0.8076825141906738,-0.014585640430450408
58,74,132,train,True,0.0204072,1.1587193149328232,1102.4756800991297,1102.506591796875,1103.6343994140625,1.1278585195541382,0.030860795378685024
59,73,132,train,True,0.0288816,1.8955523312091827,1094.3538373172282,1094.4830322265625,1096.2493896484375,1.7664613723754883,0.12909095883369437
60,72,132,train,True,0.0242088,1.711829828619957,1089.830406499505,1089.89892578125,1091.542236328125,1.6432719230651855,0.06855790555477137
50,83,133,train,True,0.0019019,-9.766508221626282,1105.6676312685013,1105.2418212890625,1095.901123046875,-9.340719223022461,-0.4257889986038208
51,82,133,train,True,0.0031255,-9.656724185943604,1112.5165874671936,1112.5091552734375,1102.85986328125,-9.649263381958008,-0.007460803985596343
52,81,133,train,True,0.0020615,-7.463517487049103,1116.1848309636116,1115.7403564453125,1108.7213134765625,-7.019089221954346,-0.4444282650947571
53,80,133,train,True,0.0059052,-5.1134803056716915,1117.849686360359,1117.878173828125,1112.7362060546875,-5.142061710357666,0.028581404685974476
54,79,133,train,True,0.002394,-3.221950031518936,1118.8253435862064,1118.8822021484375,1115.6033935546875,-3.2787506580352783,0.05680062651634232
55,78,133,train,True,3.99e-05,-1.8056460970640182,1118.479474222064,1118.527099609375,1116.673828125,-1.8533132076263428,0.04766711056232453
56,77,133,train,True,0.0009975,-0.6798465925455094,1117.2272098737956,1117.2274169921875,1116.54736328125,-0.6800113320350647,0.00016473948955531004
57,76,133,train,True,0.0279433,0.2511476393043995,1114.421825993508,1114.3858642578125,1114.6729736328125,0.28708624839782715,-0.035938609093427665
58,75,133,train,True,0.016359,1.0012075543403625,1110.5520151019095,1110.52734375,1111.55322265625,1.025819182395935,-0.0246116280555726
59,74,133,train,True,0.012502,1.5331793689727784,1105.2004632091523,1105.264404296875,1106.733642578125,1.4692786931991577,0.06390067577362069
60,73,133,train,True,0.0465766,1.8132489269971848,1098.8077227526903,1098.8768310546875,1100.6209716796875,1.7440640926361084,0.06918483436107636
61,72,133,train,True,0.0503006,1.8885781455039978,1090.967378885746,1091.1697998046875,1092.85595703125,1.6861872673034668,0.20239087820053103
50,84,134,train,True,0.0031624,-8.154995002746581,1109.6430321121215,1108.873046875,1101.488037109375,-7.384937286376953,-0.770057716369628
51,83,134,train,True,0.0030686,-9.011980814933777,1116.0605647993088,1115.6759033203125,1107.048583984375,-8.62734603881836,-0.3846347761154174
52,82,134,train,True,0.002747,-8.268514924049377,1123.6042082834244,1123.4083251953125,1115.335693359375,-8.072611808776855,-0.1959031152725217
53,81,134,train,True,0.0048508,-6.257755215167999,1124.2095374417304,1124.1356201171875,1117.9517822265625,-6.183880805969238,-0.07387440919876109
54,80,134,train,True,4.02e-05,-4.232496473789215,1127.5121595597268,1127.4356689453125,1123.2796630859375,-4.156097888946533,-0.07639858484268203
55,79,134,train,True,4.02e-05,-2.4958443415164946,1125.4460396540164,1125.418701171875,1122.9501953125,-2.468488931655884,-0.027355409860610802
56,78,134,train,True,0.0002546,-1.304107921719551,1126.6239321404696,1126.6951904296875,1125.31982421875,-1.3753641843795776,0.0712562626600266
57,77,134,train,True,0.0199258,-0.14456959338858724,1122.188392835576,1122.1815185546875,1122.0438232421875,-0.137619286775589,-0.006950306612998253
58,76,134,train,True,0.0203814,0.46441198632121083,1120.9918868418038,1121.013427734375,1121.456298828125,0.44294458627700806,0.021467400044202778
59,75,134,train,True,0.0203144,1.4153430676460266,1113.8174450182914,1113.9261474609375,1115.2327880859375,1.3066984415054321,0.10864462614059445
60,74,134,train,True,0.0118188,1.472574068903923,1110.2165128451586,1110.26220703125,1111.6890869140625,1.4269055128097534,0.04566855609416964
61,73,134,train,True,0.0419152,2.026770244240761,1100.4903195995093,1100.597412109375,1102.51708984375,1.9197834730148315,0.10698677122592937
50,85,135,train,True,0.003078,-6.457979893684387,1111.2079798936843,1111.142822265625,1104.75,-6.392784118652344,-0.0651957750320431
51,84,135,train,True,0.002646,-7.402004835605621,1120.1061063981056,1119.4185791015625,1112.7041015625,-6.714506149291992,-0.6874986863136288
52,83,135,train,True,0.001728,-7.580725319385529,1127.1756960225105,1126.6746826171875,1119.594970703125,-7.079679489135742,-0.5010458302497867
53,82,135,train,True,0.0020655,-7.017442214488983,1131.656114089489,1131.9427490234375,1124.638671875,-7.304005146026611,0.28656293153762835
54,81,135,train,True,0.003672,-5.323121390342712,1133.8927014684677,1133.7945556640625,1128.569580078125,-5.2249436378479,-0.09817775249481198
55,80,135,train,True,0.0003645,-3.4727552008628844,1134.1752698493003,1134.1807861328125,1130.7025146484375,-3.478281259536743,0.0055260586738588025
56,79,135,train,True,0.000243,-1.904007332921028,1133.5779575282336,1133.6671142578125,1131.6739501953125,-1.9932513236999512,0.08924399077892309
57,78,135,train,True,0.0094365,-0.7500951555371285,1131.645602968037,1131.6776123046875,1130.8955078125,-0.7820695638656616,0.031974408328533155
58,77,135,train,True,0.01026,0.1503849164955318,1128.757451997567,1128.8681640625,1128.9078369140625,0.039701059460639954,0.11068385703489184
59,76,135,train,True,0.0118125,0.9027703523635864,1124.3151251554489,1124.4052734375,1125.2178955078125,0.8125255107879639,0.09024484157562251
60,75,135,train,True,0.0191295,1.4277146524190902,1118.8436476522684,1118.9007568359375,1120.2713623046875,1.3706270456314087,0.057087606787681544
61,74,135,train,True,0.0829035,1.7469961994886398,1111.9225594645739,1111.967041015625,1113.6695556640625,1.7024017572402954,0.04459444224834441
62,73,135,train,False,0.154629,1.8920904821157456,1103.8724358850718,1103.9796142578125,1105.7645263671875,1.7848554849624634,0.10723499715328222
51,85,136,train,True,0.0058344,-5.798111462593079,1122.3232579469682,1122.306396484375,1116.525146484375,-5.7812933921813965,-0.016818070411682484
52,84,136,train,True,0.0022848,-6.043041725158691,1131.8571286392212,1131.4425048828125,1125.8140869140625,-5.628361701965332,-0.41468002319335895
53,83,136,train,True,0.0141848,-6.319927110671997,1135.781108751297,1135.7801513671875,1129.461181640625,-6.318893909454346,-0.0010332012176510474
54,82,136,train,True,4.08e-05,-6.026363825798034,1141.850338435173,1141.8817138671875,1135.823974609375,-6.0576558113098145,0.03129198551178014
55,81,136,train,True,0.0018768,-4.511744315624237,1141.0710704874991,1141.009033203125,1136.559326171875,-4.449701309204102,-0.062043006420135605
56,80,136,train,True,0.0002448,-2.7908225190639495,1142.787892831564,1142.77490234375,1139.9970703125,-2.7777934074401855,-0.013029111623763967
57,79,136,train,True,0.053176,-1.2911633813381196,1139.110743459463,1139.1429443359375,1137.819580078125,-1.3233546018600464,0.0321912205219268
58,78,136,train,True,0.0003264,-0.4242050302028656,1138.7575790536403,1138.8316650390625,1138.3333740234375,-0.4983457922935486,0.07414076209068299
59,77,136,train,True,0.0114512,0.5834155629575253,1132.65864986673,1132.8812255859375,1133.2420654296875,0.3608582317829132,0.22255733117461207
60,76,136,train,True,0.0118184,0.916325051188469,1129.9164386206864,1129.957763671875,1130.832763671875,0.8750166893005371,0.041308361887931855
61,75,136,train,True,0.0690744,1.7481034034490586,1121.0786788231135,1121.14599609375,1122.8267822265625,1.6807295083999634,0.06737389504909519
62,74,136,train,True,0.0124984,1.6122810959815979,1115.8830802321434,1116.004638671875,1117.495361328125,1.4906699657440186,0.1216111302375793
51,86,137,train,True,0.0521696,-4.272077761888504,1126.080061160326,1125.9312744140625,1121.8079833984375,-4.12332820892334,-0.1487495529651639
52,85,137,train,True,0.0020961,-4.702648944854737,1134.4054077339172,1134.392333984375,1129.7027587890625,-4.689528942108154,-0.013120002746582315
53,84,137,train,True,0.0083844,-5.003269944190979,1140.7531478738786,1140.6624755859375,1135.7498779296875,-4.912602424621582,-0.09066751956939711
54,83,137,train,True,0.0001096,-5.337779324054718,1146.0556748318672,1145.9072265625,1140.7178955078125,-5.189328670501709,-0.14845065355300946
55,82,137,train,True,0.0003014,-5.246754791736603,1149.1337176823615,1149.2872314453125,1143.886962890625,-5.4003400802612305,0.15358528852462783
56,81,137,train,True,0.0002466,-3.8010827696323393,1149.7297937071323,1149.6805419921875,1145.9287109375,-3.751786708831787,-0.049296060800552155
57,80,137,train,True,0.001644,-2.152203997373581,1148.3714422786236,1148.317626953125,1146.21923828125,-2.0984418392181396,-0.0537621581554415
58,79,137,train,True,0.0003562,-0.8880049672722816,1146.2232100453973,1146.313232421875,1145.335205078125,-0.97795170545578,0.08994673818349841
59,78,137,train,True,0.0081378,0.01878201877232641,1142.7280441531027,1142.81396484375,1142.746826171875,-0.06712239235639572,0.08590441112872213
60,77,137,train,True,0.0117272,0.7123041540384293,1138.225073775649,1138.4136962890625,1138.9373779296875,0.5236786007881165,0.18862555325031283
61,76,137,train,True,0.0130424,1.2701443576812743,1132.1995822048186,1132.1202392578125,1133.4697265625,1.3494346141815186,-0.07929025650024424
62,75,137,train,True,0.0286193,1.644447603225708,1125.0906598186493,1125.2567138671875,1126.735107421875,1.478445053100586,0.1660025501251221
63,74,137,train,True,0.004384,1.8317570888996124,1116.5561823642254,1116.628662109375,1118.387939453125,1.7593871355056763,0.07236995339393615
52,86,138,train,True,0.0037812,-3.3840881049633027,1138.9254699409007,1138.8558349609375,1135.5413818359375,-3.3144872188568115,-0.06960088610649118
53,85,138,train,True,0.0059616,-3.902157109975815,1144.0961268365384,1144.357421875,1140.1939697265625,-4.163489818572998,0.26133270859718305
54,84,138,train,True,0.0028014,-4.116705425977707,1151.6829896056652,1151.5673828125,1147.5662841796875,-4.001108169555664,-0.11559725642204288
55,83,138,train,True,0.0091632,-4.553007214069367,1153.8929730343818,1153.6998291015625,1149.3399658203125,-4.359890937805176,-0.19311627626419092
56,82,138,train,True,0.0002484,-4.535321569442749,1158.3549016475677,1158.292236328125,1153.819580078125,-4.47271728515625,-0.06260428428649867
57,81,138,train,True,0.000414,-3.084961622953415,1155.798218458891,1155.761474609375,1152.7132568359375,-3.048248291015625,-0.03671333193778992
58,80,138,train,True,0.0004968,-1.6625184071063996,1155.9636658680438,1156.0316162109375,1154.3011474609375,-1.7305047512054443,0.0679863440990447
59,79,138,train,True,0.0100188,-0.43269778102636336,1150.7466626247763,1150.812255859375,1150.31396484375,-0.4983232617378235,0.06562548071146013
60,78,138,train,True,0.0116058,0.15053422888740897,1148.8604520992376,1148.918212890625,1149.010986328125,0.09277377277612686,0.05776045611128211
61,77,138,train,True,0.0116058,1.0605601397156716,1141.0815297040344,1141.0330810546875,1142.14208984375,1.1089524030685425,-0.048392263352870835
62,76,138,train,True,0.0118128,1.1621000629663467,1136.7871186870336,1136.8341064453125,1137.94921875,1.1151084899902344,0.04699157297611234
63,75,138,train,True,0.027945,1.8929070848226548,1126.3046026808024,1126.3037109375,1128.197509765625,1.8938454389572144,-0.0009383541345595603
52,87,139,train,True,0.0035445,-2.350809335708618,1141.4239294528961,1141.436279296875,1139.0731201171875,-2.363093137741089,0.012283802032470703
53,86,139,train,True,0.0040032,-2.7944219982624054,1148.8935430920124,1148.9197998046875,1146.09912109375,-2.820681571960449,0.02625957369804377
54,85,139,train,True,0.0021406,-3.1557082033157347,1155.2345656251907,1155.31103515625,1152.078857421875,-3.232198476791382,0.07649027347564719
55,84,139,train,True,0.0031275,-3.4645317697525027,1159.72319876194,1159.585205078125,1156.2586669921875,-3.3265912532806396,-0.137940516471863
56,83,139,train,True,0.0002502,-3.8180625188350676,1163.1626670110227,1163.0157470703125,1159.3446044921875,-3.67110276222229,-0.1469597566127776
57,82,139,train,True,0.0006116,-3.894714066982269,1164.5724484419823,1164.5418701171875,1160.677734375,-3.8641228675842285,-0.03059119939804056
58,81,139,train,True,0.002085,-2.5302068519592287,1163.4005681800843,1163.494873046875,1160.870361328125,-2.6245052814483643,0.09429842948913558
59,80,139,train,True,0.0036557,-1.2014272701740265,1160.5577505123615,1160.5833740234375,1159.3563232421875,-1.2270160913467407,0.025588821172714216
60,79,139,train,True,0.027522,-0.2292505518347025,1156.8852564112096,1156.9893798828125,1156.656005859375,-0.3332816958427429,0.10403114400804042
61,78,139,train,True,0.0135942,0.5182490855455398,1151.7764286488296,1151.6910400390625,1152.294677734375,0.6036403775215149,-0.08539129197597506
62,77,139,train,True,0.0108837,1.03952935308218,1145.6622528734804,1145.7879638671875,1146.7017822265625,0.9138042330741882,0.12572512000799185
63,76,139,train,True,0.0131494,1.4595493000745774,1138.033248551488,1138.0234375,1139.4927978515625,1.4693634510040283,-0.009814150929450927
52,88,140,train,True,0.014378,-1.1656066298484802,1145.7107726454735,1145.669921875,1144.545166015625,-1.1247152090072632,-0.040891420841217
53,87,140,train,True,0.01211,-1.8840466350317002,1152.062879642844,1152.1263427734375,1150.1788330078125,-1.947587251663208,0.06354061663150778
54,86,140,train,True,0.002324,-2.1746766430139544,1160.710809455514,1160.7242431640625,1158.5361328125,-2.1880786418914795,0.013401998877525134
55,85,140,train,True,0.008204,-2.6045204722881317,1163.9273964488507,1164.005126953125,1161.3228759765625,-2.6823501586914062,0.07782968640327459
56,84,140,train,True,0.007896,-2.751260813474655,1169.570230540037,1169.4410400390625,1166.8189697265625,-2.622044563293457,-0.12921625018119798
57,83,140,train,True,0.000602,-3.1209941494464872,1169.878684579134,1169.7027587890625,1166.7576904296875,-2.9450886249542236,-0.1759055244922636
58,82,140,train,True,0.001316,-3.3800558269023897,1172.7736105144024,1172.6826171875,1169.3935546875,-3.2890546321868896,-0.09100119471550006
59,81,140,train,True,0.006146,-2.0297937017679213,1168.5133142095804,1168.5123291015625,1166.4835205078125,-2.028773307800293,-0.0010203939676283191
60,80,140,train,True,0.003262,-0.9718928149342537,1167.2319025805593,1167.3009033203125,1166.260009765625,-1.0409291982650757,0.06903638333082196
61,79,140,train,True,0.02422,0.10424468982033432,1160.3959994508048,1160.473388671875,1160.500244140625,0.02680186927318573,0.07744282054714859
62,78,140,train,True,0.012502,0.4727584911882877,1156.9455764697493,1156.9349365234375,1157.4183349609375,0.483367919921875,-0.010609428733587278
63,77,140,train,True,0.051534,1.3325577968358993,1147.475303531289,1147.6826171875,1148.807861328125,1.1252493858337402,0.20730841100215902
64,76,140,train,True,0.027944,1.2777524906396867,1141.5906557124854,1141.6966552734375,1142.868408203125,1.1718506813049316,0.10590180933475501
65,75,140,train,False,0.800492,1.8693252623081207,1129.5371688783168,1129.6142578125,1131.406494140625,1.7922496795654297,0.077075582742691
53,88,141,train,True,0.0158343,-0.7965286153554917,1156.5111282247306,1156.51806640625,1155.714599609375,-0.8035754561424255,0.00704684078693385
54,87,141,train,True,0.0028905,-1.3855530846118926,1164.0670716392995,1164.0064697265625,1162.6815185546875,-1.3249300718307495,-0.060623012781143126
55,86,141,train,True,0.0091932,-1.736067606806755,1169.5837238568067,1169.504150390625,1167.84765625,-1.656476616859436,-0.07959098994731906
56,85,141,train,True,0.0053157,-1.9641434651613237,1173.9165360432862,1173.9769287109375,1171.952392578125,-2.0245072841644287,0.06036381900310506
57,84,141,train,True,0.0041313,-2.154990717768669,1176.4579692333937,1176.391845703125,1174.302978515625,-2.0889201164245605,-0.06607060134410858
58,83,141,train,True,0.0013113,-2.5575586438179014,1178.1035791516304,1178.11083984375,1175.5460205078125,-2.564728260040283,0.007169616222381769
59,82,141,train,True,0.0014946,-2.957358258962631,1178.038046735525,1177.911865234375,1175.0806884765625,-2.8312559127807617,-0.12610234618186933
60,81,141,train,True,0.0031866,-1.7627742630243302,1175.2251766067743,1175.3065185546875,1173.46240234375,-1.8441298007965088,0.08135553777217863
61,80,141,train,True,0.0139731,-0.6651682683825493,1170.8458323308826,1170.8555908203125,1170.1806640625,-0.6749061942100525,0.009737925827503213
62,79,141,train,True,0.0085305,0.15362745486199855,1165.547788560763,1165.4842529296875,1165.701416015625,0.21719026565551758,-0.06356281079351903
63,78,141,train,True,0.0126336,0.7890874952077865,1158.8140619188548,1158.693603515625,1159.6031494140625,0.9095448851585388,-0.12045738995075228
64,77,141,train,True,0.0197541,1.1974750411510469,1151.065708552599,1151.2098388671875,1152.26318359375,1.053352952003479,0.14412208914756786
65,76,141,train,False,0.1052565,1.4956120187044144,1141.8525325125456,1141.744140625,1143.34814453125,1.6039724349975586,-0.10836041629314419
53,89,142,train,True,0.0049416,0.04177396588493139,1159.4013412684901,1159.4656982421875,1159.443115234375,-0.022635290399193764,0.06440925628412515
54,88,142,train,True,0.002698,-0.41443967759609224,1169.1764025682212,1169.110107421875,1168.761962890625,-0.34812089800834656,-0.06631877958774568
55,87,142,train,True,0.0070716,-1.0318665155768394,1173.5690979608894,1173.6126708984375,1172.5372314453125,-1.0754032135009766,0.04353669792413717
56,86,142,train,True,0.0059214,-1.1623979830741882,1180.1879106783867,1180.157958984375,1179.0255126953125,-1.13247811794281,-0.02991986513137812
57,85,142,train,True,0.0062906,-1.442558919787407,1181.4266897791624,1181.557373046875,1179.984130859375,-1.5731940269470215,0.13063510715961457
58,84,142,train,True,0.0024424,-1.6033679163455963,1185.2461901819706,1185.283935546875,1183.642822265625,-1.641087532043457,0.03771961569786075
59,83,142,train,True,0.0015052,-2.091236895918846,1183.8751724427939,1183.7550048828125,1181.783935546875,-1.971172571182251,-0.12006432473659512
60,82,142,train,True,0.0012496,-2.712800362110138,1185.326814033985,1185.1363525390625,1182.614013671875,-2.522449016571045,-0.19035134553909305
61,81,142,train,True,0.0236004,-1.5586244225502015,1179.49514786005,1179.5455322265625,1177.9365234375,-1.6090444326400757,0.05042001008987418
62,80,142,train,True,0.0018602,-0.6530771592259407,1176.5919199326634,1176.6036376953125,1175.9388427734375,-0.6647603511810303,0.0116831919550896
63,79,142,train,True,0.0300614,0.40560845136642454,1168.0364081501962,1168.148193359375,1168.4420166015625,0.29376599192619324,0.1118424594402313
64,78,142,train,True,0.0279456,0.614856268465519,1163.0025753721595,1163.0164794921875,1163.617431640625,0.6009709239006042,0.013885344564914748
65,77,142,train,False,0.700557,1.4132412827014924,1151.887173756361,1151.8341064453125,1153.3004150390625,1.4662909507751465,-0.05304966807365408
54,89,143,train,True,0.0046618,0.36197918467223644,1172.1913655418903,1172.1546630859375,1172.5533447265625,0.3987402021884918,-0.03676101751625538
55,88,143,train,True,0.007579,-0.17875244388356804,1178.8611254907585,1178.844970703125,1178.682373046875,-0.16248804330825806,-0.01626440057530998
56,87,143,train,True,0.0067496,-0.5243499551713466,1184.3059661661089,1184.32421875,1183.7816162109375,-0.5426260232925415,0.018276068121194866
57,86,143,train,True,0.0073359,-0.7060663363337517,1187.8315546175838,1187.776123046875,1187.12548828125,-0.6507219672203064,-0.05534436911344531
58,85,143,train,True,0.0024453,-0.9203805860877037,1190.3141794142127,1190.4287109375,1189.393798828125,-1.0349401235580444,0.11455953747034076
59,84,143,train,True,0.0018161,-1.1944157069921493,1191.1464420741797,1191.108154296875,1189.9520263671875,-1.1562352180480957,-0.03818048894405357
60,83,143,train,True,0.0012584,-1.818916130065918,1191.2088087081909,1191.260009765625,1189.389892578125,-1.8701069355010986,0.05119080543518062
61,82,143,train,True,0.0029458,-2.490820631980896,1189.6528079366683,1189.43603515625,1187.1619873046875,-2.273956060409546,-0.21686457157134997
62,81,143,train,True,0.0027456,-1.4882381272315979,1185.2580135178566,1185.2100830078125,1183.769775390625,-1.4402925968170166,-0.04794553041458127
63,80,143,train,True,0.0109824,-0.4083105164766312,1179.1639257508516,1179.1519775390625,1178.755615234375,-0.39627689123153687,-0.012033625245094326
64,79,143,train,False,0.2003001,0.3449962438642979,1172.1885730920733,1172.359619140625,1172.5335693359375,0.1740206480026245,0.17097559586167338
65,78,143,train,True,0.0512369,0.8741455331444741,1163.8587646231056,1163.76513671875,1164.73291015625,0.9677955508232117,-0.0936500176787376
66,77,143,train,True,0.0130416,1.15124771296978,1154.5300267010928,1154.7325439453125,1155.6812744140625,0.9487216472625732,0.20252606570720677
54,90,144,train,True,0.0053136,1.3467870837450027,1176.923720728755,1176.8953857421875,1178.2705078125,1.3751134872436523,-0.028326403498649677
55,89,144,train,True,0.0201312,0.5342241388559341,1182.4766401189565,1182.5120849609375,1183.0108642578125,0.4988462030887604,0.03537793576717374
56,88,144,train,True,0.0071424,0.24847482327371836,1190.2194206845388,1190.2254638671875,1190.4678955078125,0.24240341782569885,0.006071405448019512
57,87,144,train,True,0.0129312,-0.071473360999953,1192.493592501625,1192.525634765625,1192.422119140625,-0.10353408753871918,0.03206072653876618
58,86,144,train,True,0.0028368,-0.20833148449659347,1197.287799257934,1197.3255615234375,1197.0794677734375,-0.2461027354001999,0.03777125090360642
59,85,144,train,True,0.0027072,-0.5285689605772496,1196.7751509918273,1196.8619384765625,1196.24658203125,-0.6153033375740051,0.08673437699675557
60,84,144,train,True,0.0012528,-0.9187782239913941,1199.0240028333665,1199.0770263671875,1198.105224609375,-0.9717282056808472,0.052949981689453085
61,83,144,train,True,0.0029088,-1.587424982190132,1196.0717999821902,1195.9627685546875,1194.484375,-1.4783738851547241,-0.10905109703540794
62,82,144,train,True,0.0014544,-2.4133388066291808,1195.9586268925666,1195.72998046875,1193.5452880859375,-2.184687376022339,-0.2286514306068419
63,81,144,train,True,0.0107856,-1.398242928981781,1188.5337409758567,1188.60107421875,1187.135498046875,-1.4656469821929932,0.06740405321121212
64,80,144,train,True,0.0279504,-0.54345827922225,1183.9428723417222,1183.9591064453125,1183.3994140625,-0.5597468018531799,0.016288522630929947
65,79,144,train,True,0.0279504,0.5423499020934105,1173.6576012697815,1173.785400390625,1174.199951171875,0.41447219252586365,0.12787770956754685
66,78,144,train,True,0.0071712,0.5745990335941314,1167.0930035054685,1167.2049560546875,1167.6676025390625,0.46266016364097595,0.1119388699531555
67,77,144,train,True,0.0084816,1.2376178604364396,1154.4401165145637,1154.4620361328125,1155.677734375,1.2156338691711426,0.021983991265297043
54,91,145,train,True,0.0111795,2.202832252383232,1179.5178708726169,1179.5877685546875,1181.720703125,2.1329731941223145,0.06985905826091754
55,90,145,train,True,0.0090625,1.465943643450737,1187.3240954190492,1187.366455078125,1188.7900390625,1.4235953092575073,0.042348334193229586
56,89,145,train,True,0.0084825,0.9027693232893944,1193.957460168898,1194.0458984375,1194.8602294921875,0.8143660426139832,0.08840328067541126
57,88,145,train,True,0.012267,0.6423981201648712,1198.5315520751476,1198.5826416015625,1199.1739501953125,0.5913085341453552,0.051089586019515965
58,87,145,train,True,0.033901,0.4476627925038338,1201.995696582496,1202.0321044921875,1202.443359375,0.4113210439682007,0.0363417485356331
59,86,145,train,True,0.0071485,0.18713667590171099,1203.8138398865983,1203.80859375,1204.0009765625,0.1923997849225998,-0.0052631090208888065
60,85,145,train,True,0.001276,-0.24502729788422584,1204.7151200713217,1204.832275390625,1204.4700927734375,-0.36222320795059204,0.1171959100663662
61,84,145,train,True,0.0027985,-0.7001476293802261,1203.9715099340676,1203.885498046875,1203.2713623046875,-0.6141514182090759,-0.0859962111711502
62,83,145,train,True,0.001479,-1.5148572981357575,1202.4551649153232,1202.487060546875,1200.9403076171875,-1.5466630458831787,0.031805747747421176
63,82,145,train,True,0.0030595,-2.280791248679161,1199.2656545299292,1199.0447998046875,1196.98486328125,-2.059965133666992,-0.22082611501216887
64,81,145,train,True,0.01972,-1.374464856982231,1193.2285908335448,1193.197509765625,1191.8541259765625,-1.3433610200881958,-0.031103836894035286
65,80,145,train,False,0.110896,-0.3121361608058214,1185.4537377233057,1185.8883056640625,1185.1416015625,-0.7466204166412354,0.43448425583541395
66,79,145,train,True,0.006525,0.34136715784668925,1176.8701806937158,1176.9488525390625,1177.2115478515625,0.26270318031311035,0.0786639775335789
67,78,145,train,True,0.007453,0.7093247920274734,1167.032496497035,1167.0439453125,1167.7418212890625,0.6977953314781189,0.011529460549354553
54,92,146,train,True,0.0242214,3.1436933863162992,1183.9435868871212,1184.12060546875,1187.0872802734375,2.9666593074798584,0.17703407883644084
55,91,146,train,True,0.0028908,2.2666579842567445,1190.5036056876183,1190.6937255859375,1192.770263671875,2.076570510864258,0.19008747339248666
56,90,146,train,True,0.0017666,1.7586999130249024,1199.4146399307251,1199.46728515625,1201.17333984375,1.7061141729354858,0.05258574008941652
57,89,146,train,True,0.001679,1.2752271682024001,1202.8246263474225,1203.039794921875,1204.099853515625,1.0600600242614746,0.2151671439409255
58,88,146,train,True,0.0146584,1.1479772144556046,1208.584566730857,1208.6622314453125,1209.7325439453125,1.0704100131988525,0.0775672012567521
59,87,146,train,True,0.0343538,0.8983766859769822,1209.0033567124606,1208.927490234375,1209.9017333984375,0.97422856092453,-0.07585187494754786
60,86,146,train,True,0.0012702,0.47229258105158806,1212.2925999970735,1212.3975830078125,1212.764892578125,0.36737534403800964,0.10491723701357841
61,85,146,train,True,0.0042778,0.0004448503395542502,1210.175214329348,1210.1436767578125,1210.1756591796875,0.03208969905972481,-0.03164484872017056
62,84,146,train,True,0.0030514,-0.6151212829351426,1210.8855070251227,1210.9033203125,1210.2703857421875,-0.632939875125885,0.017818592190742444
63,83,146,train,True,0.0060152,-1.380178789496422,1206.3021758598088,1206.2421875,1204.9219970703125,-1.3201333284378052,-0.060045461058616745
64,82,146,train,True,0.0040734,-2.2372159391641615,1204.4861173063516,1204.4281005859375,1202.2489013671875,-2.179158926010132,-0.05805701315402967
65,81,146,train,True,0.0448658,-1.273776758313179,1195.4144017583133,1195.323486328125,1194.140625,-1.182851791381836,-0.090924966931343
66,80,146,train,True,0.0067014,-0.5866979813575744,1189.287259504795,1189.33251953125,1188.7005615234375,-0.6319108009338379,0.04521281957626344
67,79,146,train,True,0.0065846,0.4239887320995331,1177.407676306963,1177.2333984375,1177.8316650390625,0.5982045531272888,-0.17421582102775574
68,78,146,train,True,0.0067014,0.2865570805966854,1169.338809130341,1169.534912109375,1169.6253662109375,0.09048587828874588,0.1960712023079395
55,92,147,train,True,0.008379,3.0944745922088623,1195.1018144702912,1195.374755859375,1198.1962890625,2.8215243816375732,0.2729502105712891
56,91,147,train,True,0.0197421,2.4104168903827667,1202.8044268596173,1202.9364013671875,1205.21484375,2.2784719467163086,0.13194494366645815
57,90,147,train,True,0.0107163,1.9677227741479875,1208.5082293742896,1208.568359375,1210.4759521484375,1.907596468925476,0.06012630522251139
58,89,147,train,True,0.0085848,1.7563869959115983,1212.9667575353385,1213.12158203125,1214.72314453125,1.6015750169754028,0.15481197893619547
59,88,147,train,True,0.0158613,1.5779896813631058,1215.679090396762,1215.7694091796875,1217.257080078125,1.4876834154129028,0.09030626595020297
60,87,147,train,True,0.0012789,1.2307284134626388,1217.5024258834123,1217.689697265625,1218.733154296875,1.0434705018997192,0.1872579115629196
61,86,147,train,True,0.0012936,0.746707655787468,1217.7928431254625,1217.8026123046875,1218.53955078125,0.7370198965072632,0.009687759280204822
62,85,147,train,True,0.0012642,0.07971901520155371,1217.1653981722984,1217.2442626953125,1217.2451171875,0.0008131900103762746,0.07890582519117743
63,84,147,train,True,0.0025725,-0.46192118801176546,1214.7855295864492,1214.740478515625,1214.3236083984375,-0.4169214367866516,-0.04499975122511385
64,83,147,train,True,0.0018816,-1.360413183569908,1211.61920224607,1211.7705078125,1210.2587890625,-1.511681318283081,0.15126813471317302
65,82,147,train,True,0.0080997,-2.069568691253662,1206.6786995506286,1206.3739013671875,1204.609130859375,-1.7647563219070435,-0.3048123693466187
66,81,147,train,True,0.0088494,-1.3160475784540175,1199.0903395706416,1199.044921875,1197.7742919921875,-1.2706234455108643,-0.045424132943153284
67,80,147,train,True,0.004998,-0.43365893095731733,1189.8298991653323,1189.8236083984375,1189.396240234375,-0.42739337682724,-0.006265554130077344
68,79,147,train,True,0.0381906,0.06801182973431423,1179.7234920765156,1179.8919677734375,1179.79150390625,-0.10046456754207611,0.16847639727639036
69,78,147,train,True,0.0068355,0.34362148858606817,1168.3413150348515,1168.4761962890625,1168.6849365234375,0.20867380499839783,0.13494768358767034
55,93,148,train,True,0.0130388,3.641780337095261,1198.1986737644672,1198.4368896484375,1201.8404541015625,3.40354585647583,0.23823448061943076
56,92,148,train,True,0.0014948,3.06329993724823,1208.1045467424392,1208.28857421875,1211.1678466796875,2.879354953765869,0.18394498348236077
57,91,148,train,True,0.019462,2.369030553102493,1212.6751589000226,1212.6700439453125,1215.044189453125,2.3741161823272705,-0.005085629224777399
58,90,148,train,True,0.0111888,2.2211599957942965,1219.4086007463932,1219.577392578125,1221.6297607421875,2.0523645877838135,0.16879540801048298
59,89,148,train,True,0.0150368,2.098162636756897,1220.6794252538682,1220.9320068359375,1222.777587890625,1.8455281257629395,0.2526345109939574
60,88,148,train,True,0.0020572,1.867717251777649,1224.754475131035,1225.0223388671875,1226.6221923828125,1.5998914241790771,0.2678258275985719
61,87,148,train,True,0.0056832,1.5656516027450562,1223.47511988163,1223.69775390625,1225.040771484375,1.3430081605911255,0.22264344215393073
62,86,148,train,True,0.0012432,0.815970495045185,1225.3294152471424,1225.3856201171875,1226.1453857421875,0.7597054243087769,0.056265070736408185
63,85,148,train,True,0.0099604,0.259416410587728,1221.5744458940999,1221.564697265625,1221.8338623046875,0.2691434621810913,-0.00972705159336329
64,84,148,train,True,0.0014652,-0.45171154394745827,1220.650808223635,1220.7542724609375,1220.1990966796875,-0.5551877021789551,0.1034761582314968
65,83,148,train,True,0.0124616,-1.1917319411039353,1214.3484702223539,1214.239501953125,1213.15673828125,-1.08273184299469,-0.10900009810924538
66,82,148,train,True,0.0087172,-2.075756447315216,1210.8593257832526,1210.779541015625,1208.7835693359375,-1.99604070186615,-0.07971574544906623
67,81,148,train,True,0.0838272,-1.2881841218471528,1200.297705606222,1200.1290283203125,1199.009521484375,-1.1194936037063599,-0.16869051814079294
68,80,148,train,True,0.0102416,-0.823757706284523,1192.722317276597,1192.83447265625,1191.8985595703125,-0.9358832240104675,0.11212551772594448
69,79,148,train,True,0.0102416,0.06094291023910046,1179.3312690038233,1179.338134765625,1179.3922119140625,0.054002709686756134,0.006940200552344324
56,93,149,train,True,0.0025181,3.434608063697815,1211.4361194753646,1211.6456298828125,1214.8707275390625,3.225137233734131,0.20947082996368405
57,92,149,train,False,0.200256,2.7376687157154085,1218.3199484717845,1218.2525634765625,1221.0576171875,2.805067539215088,-0.0673988234996794
58,91,149,train,True,0.0102512,2.3583469665050507,1223.90166279912,1223.920166015625,1226.260009765625,2.339784622192383,0.0185623443126679
59,90,149,train,True,0.0098787,2.3064267694950105,1227.44137596488,1227.50732421875,1229.747802734375,2.2405667304992676,0.06586003899574289
60,89,149,train,True,0.0020562,2.3279680645465852,1229.8799176776408,1230.0611572265625,1232.2078857421875,2.1467835903167725,0.18118447422981276
61,88,149,train,True,0.0021903,2.1652179163694383,1230.8312420445682,1230.9676513671875,1232.9964599609375,2.028778076171875,0.13643984019756328
62,87,149,train,True,0.0011622,1.6799728238582612,1231.0345047152043,1231.2568359375,1232.7144775390625,1.4577127695083618,0.22226005434989937
63,86,149,train,True,0.0039038,1.0235896012187005,1229.7796330550314,1229.77978515625,1230.80322265625,1.0234311819076538,0.00015841931104665363
64,85,149,train,True,0.0033078,0.2664265065640211,1227.5133586496859,1227.683349609375,1227.77978515625,0.09638196229934692,0.1700445442646742
65,84,149,train,True,0.0036356,-0.26091993354260923,1223.4293769647927,1223.262451171875,1223.16845703125,-0.09396550804376602,-0.1669544254988432
66,83,149,train,True,0.0091784,-1.2301318740844727,1218.6336963272095,1218.6854248046875,1217.403564453125,-1.2818611860275269,0.05172931194305419
67,82,149,train,True,0.0119796,-2.043921946287155,1212.1360850322246,1211.85498046875,1210.0921630859375,-1.7628353834152222,-0.2810865628719328
68,81,149,train,True,0.0279375,-1.474930973649025,1203.061112614274,1203.16845703125,1201.586181640625,-1.5822840929031372,0.10735311925411217
56,94,150,train,True,0.005685,3.8868498182296753,1216.5892244005204,1216.776123046875,1220.47607421875,3.7000505924224854,0.18679922580719
57,93,150,train,True,0.00252,2.8618306386470795,1222.418686939478,1222.4150390625,1225.280517578125,2.8653743267059326,-0.0035436880588530784
58,92,150,train,True,0.0117,2.551373597383499,1230.245867613554,1230.16845703125,1232.7972412109375,2.6287713050842285,-0.07739770770072951
59,91,150,train,True,0.009015,2.1602692294120787,1232.7412200284004,1232.8397216796875,1234.9014892578125,2.061720371246338,0.09854885816574077
60,90,150,train,True,0.001125,2.404451513290405,1237.3006266117095,1237.4368896484375,1239.705078125,2.2683024406433105,0.13614907264709464
61,89,150,train,True,0.020025,2.5248495256900787,1236.5835489118099,1236.5718994140625,1239.1083984375,2.536562442779541,-0.011712917089462316
62,88,150,train,True,0.00111,2.212121002674103,1238.9877080988883,1239.2435302734375,1241.1998291015625,1.9563488960266113,0.2557721066474916
63,87,150,train,True,0.006225,1.937859918475151,1235.9635072690248,1236.2022705078125,1237.9013671875,1.6992101669311523,0.2386497515439987
64,86,150,train,True,0.00606,0.9739719051122665,1236.3074001652003,1236.3916015625,1237.2813720703125,0.8898854851722717,0.08408641993999477
65,85,150,train,True,0.007365,0.49299527615308764,1230.7874002316594,1230.950927734375,1231.2803955078125,0.3295123875141144,0.16348288863897326
66,84,150,train,True,0.00432,-0.3873437871783972,1228.337172888741,1228.3724365234375,1227.9498291015625,-0.4226176142692566,0.03527382709085941
67,83,150,train,True,0.014175,-1.150084383189678,1220.3955677816273,1220.226318359375,1219.2454833984375,-0.9808023571968079,-0.16928202599287023
68,82,150,train,True,0.01719,-2.2285065507888793,1215.4334626054763,1215.3294677734375,1213.2049560546875,-2.1244254112243652,-0.10408113956451404
57,94,151,train,False,0.4354689,3.2211211585998534,1227.7226044273377,1227.485595703125,1230.9437255859375,3.4581336975097656,-0.23701253890991225
58,93,151,train,True,0.0176972,2.50682678937912,1234.5727630543709,1234.617919921875,1237.07958984375,2.4616732597351074,0.04515352964401265
59,92,151,train,True,0.0116572,2.1302634006738663,1239.3696145290137,1239.3902587890625,1241.4998779296875,2.1096596717834473,0.02060372889041906
60,91,151,train,True,0.0011325,2.1611687362194063,1242.760340052843,1242.7713623046875,1244.9215087890625,2.1500790119171143,0.011089724302292048
61,90,151,train,True,0.0046055,2.4644853579998016,1244.2054365170002,1244.43212890625,1246.669921875,2.2377612590789795,0.22672409892082213
62,89,151,train,True,0.0011174,2.6188406014442442,1244.7586008048058,1244.8399658203125,1247.37744140625,2.537489652633667,0.08135094881057725
63,88,151,train,True,0.0011627,2.404801754951477,1244.048933596611,1244.13427734375,1246.4537353515625,2.3194236755371094,0.08537807941436748
64,87,151,train,True,0.0029898,1.8902062386274339,1242.5574255973102,1242.8876953125,1244.4476318359375,1.559949517250061,0.33025672137737283
65,86,151,train,True,0.0040921,1.2195365184545517,1239.631903911233,1239.5400390625,1240.8514404296875,1.311368703842163,-0.0918321853876114
66,85,151,train,True,0.0032465,0.41317748084664346,1235.7189025972784,1235.886474609375,1236.132080078125,0.2455291599035263,0.16764832094311716
67,84,151,train,True,0.008305,-0.254225120395422,1230.1172622297704,1229.9744873046875,1229.863037109375,-0.11153171211481094,-0.14269340828061106
68,83,151,train,True,0.0164741,-1.364762905240059,1223.7953048974275,1223.835693359375,1222.4305419921875,-1.4051660299301147,0.0404031246900558
69,82,151,train,True,0.0193733,-2.2814691424369813,1215.769994533062,1215.5587158203125,1213.488525390625,-2.0701346397399902,-0.21133450269699106
70,81,151,train,False,0.30049,-1.781166467666626,1205.1243061161042,1205.547119140625,1203.3431396484375,-2.203902006149292,0.4227355384826661
59,93,152,train,True,0.018544,1.8931353664398194,1244.4060589694977,1244.43994140625,1246.2991943359375,1.8592185974121094,0.033916769027710014
60,92,152,train,True,0.024472,2.088554948568344,1249.9517282545567,1250.0491943359375,1252.040283203125,1.9911543130874634,0.09740063548088074
61,91,152,train,True,0.0259008,2.103962669968605,1250.302165259719,1250.3717041015625,1252.4061279296875,2.03444504737854,0.06951762259006511
62,90,152,train,True,0.0010184,2.5447801673412322,1252.9175001060962,1253.0977783203125,1255.4622802734375,2.3644371032714844,0.18034306406974787
63,89,152,train,True,0.0011704,2.7482191133499145,1250.4057115507126,1250.4410400390625,1253.1539306640625,2.712937355041504,0.03528175830841063
64,88,152,train,True,0.0010032,2.2626709616184235,1251.2632079446316,1251.4774169921875,1253.52587890625,2.0483858585357666,0.2142851030826569
65,87,152,train,True,0.0400064,2.1038042360544207,1246.438798303008,1246.705078125,1248.5426025390625,1.8375569581985474,0.2662472778558733
66,86,152,train,True,0.0045904,1.0042792403697967,1245.2267998611926,1245.3233642578125,1246.2310791015625,0.9076898694038391,0.09658937096595754
67,85,152,train,True,0.0125248,0.542635863572359,1238.0296297614277,1238.0277099609375,1238.572265625,0.5445893406867981,-0.0019534771144390506
68,84,152,train,True,0.0088312,-0.5761731049418449,1234.1541760346292,1234.1409912109375,1233.5780029296875,-0.5629363656044006,-0.013236739337444292
69,83,152,train,True,0.0540208,-1.3775600773096084,1224.6204799991847,1224.5787353515625,1223.242919921875,-1.3357295989990234,-0.04183047831058495
70,82,152,train,False,0.1497048,-2.5113074052333832,1218.0779577958583,1218.346435546875,1215.566650390625,-2.779775381088257,0.2684679758548736
59,94,153,train,True,0.0118881,2.0973717725276946,1250.44108037591,1250.3216552734375,1252.5384521484375,2.2167277336120605,-0.11935596108436597
60,93,153,train,True,0.002754,1.7648571509122848,1255.1350451928377,1255.30126953125,1256.89990234375,1.598703145980835,0.16615400493144983
61,92,153,train,True,0.0090576,1.8898246973752975,1257.696967294812,1257.8365478515625,1259.5867919921875,1.7502970695495605,0.1395276278257369
62,91,153,train,True,0.0010251,2.2386780333518983,1259.0230407166482,1258.9661865234375,1261.26171875,2.295498847961426,-0.05682081460952748
63,90,153,train,True,0.0011781,2.606386135816574,1258.6968365204334,1258.9912109375,1261.30322265625,2.3119852542877197,0.29440088152885435
64,89,153,train,True,0.0010098,2.6652541899681093,1257.6266159272193,1257.724365234375,1260.2918701171875,2.567492723464966,0.09776146650314343
65,88,153,train,True,0.0039474,2.390561625957489,1255.29730458498,1255.3726806640625,1257.6878662109375,2.3151016235351562,0.07546000242233264
66,87,153,train,True,0.0040086,1.897194596529007,1252.093283919096,1252.419921875,1253.990478515625,1.5705105066299438,0.32668408989906306
67,86,153,train,True,0.0050643,1.1572613769769668,1247.583217138648,1247.5064697265625,1248.740478515625,1.2340216636657715,-0.07676028668880464
68,85,153,train,True,0.0092871,0.2545558683201671,1242.1028660066797,1242.1787109375,1242.357421875,0.178689643740654,0.07586622457951309
69,84,153,train,True,0.0119799,-0.5683249634504318,1235.0297507447003,1234.90234375,1234.46142578125,-0.44094789028167725,-0.12737707316875457
71,82,153,train,False,0.1500165,-2.624250168800354,1217.4747140359877,1217.740478515625,1214.8504638671875,-2.8900256156921387,0.26577544689178456
60,94,154,train,True,0.0010318,1.971155080795288,1261.6820431613921,1261.6217041015625,1263.6531982421875,2.031437635421753,-0.060282554626464924
61,93,154,train,True,0.025025,1.4902846843004227,1263.4696762531996,1263.5263671875,1264.9599609375,1.433530569076538,0.05675411522388463
62,92,154,train,True,0.001309,2.0251701712608337,1266.9341804146766,1266.9329833984375,1268.9593505859375,2.026336431503296,-0.001166260242462247
63,91,154,train,True,0.0011858,2.2796804344654085,1265.339338120222,1265.4334716796875,1267.6190185546875,2.18557071685791,0.09410971760749831
64,90,154,train,True,0.001001,2.543126405477524,1266.41768902421,1266.619140625,1268.9608154296875,2.3416874408721924,0.20143896460533162
65,89,154,train,True,0.0453068,2.702743397951126,1262.269912852049,1262.287109375,1264.97265625,2.6855671405792236,0.017176257371902537
66,88,154,train,True,0.0074382,2.122688176035881,1261.5349045974017,1261.7420654296875,1263.6575927734375,1.9154608249664307,0.20722735106945045
67,87,154,train,True,0.0082236,1.9827399200201035,1255.0381341034174,1255.205078125,1257.0208740234375,1.815782070159912,0.16695784986019135
68,86,154,train,True,0.0049588,0.7164283213019371,1252.333132225573,1252.3883056640625,1253.049560546875,0.6612163186073303,0.0552120026946068
69,85,154,train,True,0.0144144,0.25982003793120384,1243.5038518370689,1243.42822265625,1243.763671875,0.3354567587375641,-0.07563672080636025
70,84,154,train,True,0.0172788,-0.9664554059505462,1238.103296226263,1238.1507568359375,1237.1368408203125,-1.0139317512512207,0.04747634530067446
59,96,155,train,True,0.017205,2.436337574720383,1260.4511135971545,1260.3111572265625,1262.887451171875,2.576247453689575,-0.13990987896919238
60,95,155,train,True,0.0091605,1.7451995509862899,1266.422891269326,1266.397216796875,1268.1680908203125,1.7708138227462769,-0.025614271759986984
61,94,155,train,True,0.004712,1.50051114320755,1270.2721939349174,1270.2711181640625,1271.772705078125,1.5015619993209839,-0.0010508561134339178
62,93,155,train,True,0.001333,1.616324970126152,1272.7771076470613,1272.739990234375,1274.3934326171875,1.6534620523452759,-0.03713708221912393
63,92,155,train,True,0.0012555,1.9732480257749558,1273.4057802945376,1273.5848388671875,1275.3790283203125,1.79425847530365,0.17898955047130594
64,91,155,train,True,0.0009765,2.336289075613022,1273.0039208853245,1273.054443359375,1275.3402099609375,2.2858526706695557,0.05043640494346624
65,90,155,train,True,0.009827,2.5496734094619753,1271.1567474889755,1271.4521484375,1273.7064208984375,2.2542757987976074,0.29539761066436787
66,89,155,train,True,0.009641,2.517991980314255,1268.4904308712482,1268.5753173828125,1271.0084228515625,2.4330737590789795,0.08491822123527548
67,88,155,train,True,0.0174685,2.1959364306926727,1264.5590684521198,1264.6768798828125,1266.7550048828125,2.078146457672119,0.1177899730205536
68,87,155,train,True,0.006076,1.562136237025261,1259.8358129817248,1260.0638427734375,1261.39794921875,1.3340790271759033,0.22805720984935762
69,86,155,train,True,0.00992,0.76237893730402,1253.762279265821,1253.6982421875,1254.524658203125,0.8264174461364746,-0.06403850883245465
70,85,155,train,True,0.0166005,-0.16002833496779204,1246.6689394677803,1246.7926025390625,1246.5089111328125,-0.2837449312210083,0.12371659625321627
71,84,155,train,True,0.019251,-1.0816569763422013,1238.0972819763422,1238.052734375,1237.015625,-1.037136197090149,-0.044520779252052334
59,97,156,train,True,0.0010296,2.466632717847824,1264.546795016527,1264.41650390625,1267.013427734375,2.596987009048462,-0.1303542912006379
60,96,156,train,True,0.0013104,2.197757592201233,1272.3701135015488,1272.386962890625,1274.56787109375,2.1809911727905273,0.01676641941070578
61,95,156,train,True,0.0011856,1.2336390322446824,1275.5612828427554,1275.5693359375,1276.794921875,1.2256391048431396,0.007999927401542761
62,94,156,train,True,0.0085176,1.6292408907413483,1280.0876780545711,1279.9808349609375,1281.7169189453125,1.7361184358596802,-0.10687754511833192
63,93,156,train,True,0.0035256,1.5422538769245149,1279.781110380888,1279.920654296875,1281.3233642578125,1.4027247428894043,0.13952913403511058
64,92,156,train,True,0.0009828,2.0696735095977785,1281.5439739513397,1281.5906982421875,1283.6136474609375,2.0229063034057617,0.0467672061920168
65,91,156,train,True,0.0037752,2.3602154302597045,1278.2384173822402,1278.364013671875,1280.5986328125,2.2345356941223145,0.12567973613739003
66,90,156,train,True,0.0009828,2.390760315656662,1277.8672963249683,1278.0201416015625,1280.258056640625,2.2378921508789062,0.15286816477775567
67,89,156,train,True,0.0384228,2.57077494263649,1272.0500746667385,1272.246826171875,1274.620849609375,2.3740692138671875,0.19670572876930237
68,88,156,train,True,0.0246324,1.7440528470277785,1269.9059715670346,1270.1376953125,1271.6500244140625,1.5122967958450317,0.23175605118274678
69,87,156,train,True,0.014274,1.489348505139351,1261.9006661432982,1261.9781494140625,1263.3900146484375,1.4119256734848022,0.07742283165454866
70,86,156,train,True,0.0093132,0.22725851386785506,1257.5624143376947,1257.6268310546875,1257.7896728515625,0.16279995441436768,0.06445855945348739
71,85,156,train,True,0.0541164,-0.2753210797160864,1247.1815710797162,1247.278564453125,1246.90625,-0.3723410964012146,0.09702001668512822
72,84,156,train,False,0.1497444,-1.5708338230848313,1240.2478357762097,1240.6160888671875,1238.677001953125,-1.9391578435897827,0.3683240205049514
59,98,157,train,True,0.0031714,2.9920822477340696,1269.577741971016,1269.4732666015625,1272.56982421875,3.0966110229492188,-0.10452877521514914
60,97,157,train,True,0.0021352,2.0905288648605347,1276.659104924202,1276.750244140625,1278.7496337890625,1.999360203742981,0.09116866111755373
61,96,157,train,True,0.0070022,1.5049185311794282,1281.7470345938207,1281.7708740234375,1283.251953125,1.4810768365859985,0.023841694593429663
62,95,157,train,True,0.0044274,1.2864828193187714,1285.5113687431813,1285.3690185546875,1286.7978515625,1.4287806749343872,-0.1422978556156158
63,94,157,train,True,0.004239,1.3958347767591477,1287.3110744029284,1287.3681640625,1288.7069091796875,1.3386750221252441,0.05715975463390355
64,93,157,train,True,0.0009734,1.703477182984352,1287.9159075826406,1287.95068359375,1289.619384765625,1.6686934232711792,0.034783759713172824
65,92,157,train,True,0.0010205,2.056864910721779,1286.8778274720908,1287.1082763671875,1288.9346923828125,1.8264356851577759,0.23042922556400303
66,91,157,train,True,0.0051496,2.3332716286182404,1284.8807176291944,1284.9866943359375,1287.2139892578125,2.2272701263427734,0.10600150227546701
67,90,157,train,True,0.0234715,2.4500840520858764,1281.485218682289,1281.612548828125,1283.935302734375,2.3228018283843994,0.12728222370147702
68,89,157,train,True,0.0265016,2.2713870716094973,1277.3104000377655,1277.4110107421875,1279.581787109375,2.170820474624634,0.10056659698486348
69,88,157,train,True,0.027946,1.7177768629789352,1271.991207512021,1271.92431640625,1273.708984375,1.784714937210083,-0.06693807423114784
70,87,157,train,True,0.0109115,0.9795824599266052,1265.7431958603859,1265.8525390625,1266.7227783203125,0.870249330997467,0.10933312892913816
71,86,157,train,True,0.0120733,0.15900566384196282,1258.096609570533,1258.090087890625,1258.255615234375,0.16548244655132294,-0.006476782709360113
73,84,157,train,False,0.1500449,-1.8924788117408753,1239.4676741242408,1239.6815185546875,1237.5751953125,-2.1063520908355713,0.213873279094696
60,98,158,train,True,0.0013114,2.647902400493622,1282.1597147870064,1282.16259765625,1284.8076171875,2.6450626850128174,0.0028397154808046388
61,97,158,train,True,0.0008848,1.3688461488485337,1286.566090374589,1286.6512451171875,1287.9349365234375,1.2836636304855347,0.08518251836299906
62,96,158,train,True,0.0047874,1.5603714948892593,1292.1991499894857,1292.0145263671875,1293.759521484375,1.7449352741241455,-0.1845637792348862
63,95,158,train,True,0.0020382,1.044765183031559,1293.2472270044684,1293.2508544921875,1294.2919921875,1.0410796403884888,0.0036855426430701943
64,94,158,train,True,0.0009796,1.5600033938884734,1295.9502505123614,1295.8880615234375,1297.51025390625,1.6222580671310425,-0.06225467324256906
65,93,158,train,True,0.001264,1.7071231341361999,1293.7400204205512,1293.8865966796875,1295.4471435546875,1.5605173110961914,0.14660582304000846
66,92,158,train,True,0.0023384,2.0833323544263838,1293.9766041690111,1294.04052734375,1296.0599365234375,2.019380569458008,0.06395178496837595
67,91,158,train,True,0.0271128,2.4341956102848052,1288.9661950147151,1289.0384521484375,1291.400390625,2.36201548576355,0.07218012452125544
68,90,158,train,True,0.0252168,2.192997875213623,1287.2153273200988,1287.3724365234375,1289.4083251953125,2.0358922481536865,0.15710562705993647
69,89,158,train,True,0.0252168,2.2440043115615844,1279.9078511571884,1279.989501953125,1282.15185546875,2.162400007247925,0.08160430431365961
70,88,158,train,True,0.007979,1.1417627292871475,1276.4139013332128,1276.5135498046875,1277.5556640625,1.0420998334884644,0.09966289579868315
71,87,158,train,True,0.0151206,0.804866440296173,1266.8966716456414,1266.933837890625,1267.7015380859375,0.7677600383758545,0.037106401920318555
72,86,158,train,True,0.0174906,-0.4043602107465267,1260.906191265434,1261.0416259765625,1260.5018310546875,-0.5398045182228088,0.1354443074762821
60,99,159,train,True,0.0298125,2.661197121143341,1286.0057950663568,1286.122802734375,1288.6669921875,2.544271945953369,0.11692517518997203
61,98,159,train,True,0.0100329,1.8491535580158234,1292.1986980044842,1292.1707763671875,1294.0478515625,1.87708580493927,-0.027932246923446646
62,97,159,train,True,0.0059307,1.307490753531456,1297.191410613656,1297.0418701171875,1298.4989013671875,1.4569542407989502,-0.14946348726749425
63,96,159,train,True,0.0043248,1.1042403391003608,1300.207161028087,1300.0950927734375,1301.3114013671875,1.2163509130477905,-0.11211057394742974
64,95,159,train,True,0.0009858,1.204241513609886,1301.950299502015,1301.8311767578125,1303.154541015625,1.3233188390731812,-0.11907732546329508
65,94,159,train,True,0.0010971,1.4740584045648575,1301.9245011657476,1302.0196533203125,1303.3985595703125,1.3789451122283936,0.09511329233646393
66,93,159,train,True,0.0014469,1.8303391242027283,1300.8036940789223,1300.8719482421875,1302.634033203125,1.7621376514434814,0.06820147275924682
67,92,159,train,True,0.0030528,2.18074408531189,1298.1284600162505,1298.251953125,1300.3092041015625,2.057224750518799,0.12351933479309096
68,91,159,train,True,0.0036411,2.3417018210887908,1294.5956761085988,1294.7010498046875,1296.9373779296875,2.2362349033355713,0.10546691775321948
69,90,159,train,True,0.0279522,2.2122889482975006,1289.83104601264,1289.927978515625,1292.0433349609375,2.1153438091278076,0.09694513916969294
70,89,159,train,True,0.0175854,1.7344200009107589,1284.3300331240891,1284.4088134765625,1286.064453125,1.6556384563446045,0.07878154456615438
71,88,159,train,True,0.0376671,1.054065603017807,1277.5471306860447,1277.5015869140625,1278.6011962890625,1.0996259450912476,-0.04556034207344051
72,87,159,train,True,0.0168063,0.260979423224926,1269.7544014361501,1269.8631591796875,1270.015380859375,0.1521475613117218,0.10883186191320421
73,86,159,train,True,0.0196842,-0.6098123267292976,1260.5923562720418,1260.6673583984375,1259.9825439453125,-0.6848115921020508,0.07499926537275314
60,100,160,train,True,0.046576,3.189745644330978,1291.204541465044,1291.194580078125,1294.394287109375,3.1997530460357666,-0.010007401704788421
61,99,160,train,True,0.002048,1.841260403394699,1296.5613274872303,1296.5823974609375,1298.402587890625,1.8201647996902466,0.021095603704452515
62,98,160,train,True,0.001952,1.7978052413463592,1303.312668391466,1303.1385498046875,1305.1104736328125,1.971914291381836,-0.17410905003547672
63,97,160,train,True,0.000912,0.8528222066164016,1305.6962500590087,1305.616455078125,1306.549072265625,0.9325354695320129,-0.07971326291561132
64,96,160,train,True,0.00112,1.2497080010175705,1309.4258291083574,1309.28271484375,1310.675537109375,1.3927550315856934,-0.14304703056812285
65,95,160,train,True,0.001104,1.1196245962381364,1308.424076575637,1308.394775390625,1309.543701171875,1.148876667022705,-0.029252070784568707
66,94,160,train,True,0.000704,1.6261712622642517,1309.4633062767982,1309.4483642578125,1311.0894775390625,1.6410272121429443,-0.014855949878692654
67,93,160,train,True,0.015024,1.9589632070064544,1305.427633472681,1305.3760986328125,1307.3865966796875,2.010528326034546,-0.051565119028091466
68,92,160,train,True,0.02424,2.1413740372657775,1304.2109208846093,1304.2755126953125,1306.352294921875,2.076843023300171,0.06453101396560657
69,91,160,train,True,0.032688,2.414314888715744,1297.6634439003467,1297.72998046875,1300.0777587890625,2.3477537631988525,0.06656112551689164
70,90,160,train,True,0.005488,1.746024217605591,1294.7180871105195,1294.809814453125,1296.464111328125,1.6542824506759644,0.09174176692962654
71,89,160,train,True,0.056816,1.5875955390930176,1286.029591960907,1286.1341552734375,1287.6171875,1.4829565286636353,0.1046390104293824
72,88,160,train,True,0.009536,0.45764630258083344,1280.9671583849192,1281.0206298828125,1281.4248046875,0.40416133403778076,0.05348496854305268
73,87,160,train,True,0.05432,0.01682949248002842,1269.98805332002,1270.123291015625,1270.0048828125,-0.11842358857393265,0.13525308105396106
74,86,160,train,False,0.149808,-1.1917069211602211,1262.4262039914727,1262.8463134765625,1261.2344970703125,-1.6118402481079102,0.420133326947689
61,100,161,train,True,0.0090321,2.3900413596630097,1301.7924537575245,1301.8455810546875,1304.1824951171875,2.33691143989563,0.053129919767379796
62,99,161,train,True,0.0068103,1.6508384412527084,1307.8685707384348,1307.648681640625,1309.5194091796875,1.8706351518630981,-0.21979671061038974
63,98,161,train,True,0.0104006,1.1505020141601563,1312.06580657959,1311.9859619140625,1313.21630859375,1.230332374572754,-0.07983036041259761
64,97,161,train,True,0.0014973,0.9401610961556435,1315.0299316772819,1314.9180908203125,1315.9700927734375,1.0519717931747437,-0.11181069701910018
65,96,161,train,True,0.0012236,1.0104639387130738,1316.112582936287,1316.0914306640625,1317.123046875,1.031585454940796,-0.02112151622772207
66,95,161,train,True,0.0006923,1.3090011698007584,1315.9851882833243,1315.90283203125,1317.294189453125,1.39139986038208,-0.08239869058132165
67,94,161,train,True,0.0021574,1.7086980938911438,1314.1941339373589,1314.26123046875,1315.90283203125,1.6415319442749023,0.06716614961624146
68,93,161,train,True,0.0087745,2.0633448433876036,1311.42823230505,1311.48388671875,1313.4915771484375,2.0077083110809326,0.05563653230667098
69,92,161,train,True,0.0279496,2.2378957366943357,1307.3177683258057,1307.39892578125,1309.5556640625,2.1566574573516846,0.08123827934265115
70,91,161,train,True,0.0151018,2.1011197292804717,1302.461258200407,1302.5521240234375,1304.5623779296875,2.010202646255493,0.09091708302497858
71,90,161,train,True,0.0279496,1.663496617078781,1296.4181684219836,1296.4979248046875,1298.0816650390625,1.5836873054504395,0.0798093116283416
72,89,161,train,True,0.0234577,1.0392121401429177,1289.4672575864197,1289.468994140625,1290.5064697265625,1.0373785495758057,0.0018335905671120756
73,88,161,train,True,0.0243754,0.2990164912492037,1281.1816963993758,1281.1494140625,1281.480712890625,0.3312509059906006,-0.03223441474139688
75,86,161,train,False,0.1499071,-1.5751655673980713,1261.328095254898,1261.6490478515625,1259.7529296875,-1.8960453271865845,0.32087975978851313
62,100,162,train,True,0.0035316,2.2245426309108733,1313.5675716269016,1313.4271240234375,1315.7921142578125,2.3650667667388916,-0.14052413582801826
63,99,162,train,True,0.0013122,1.0106094908714294,1317.106944220066,1316.9886474609375,1318.1175537109375,1.1289801597595215,-0.11837066888809211
64,98,162,train,True,0.003969,1.2115270668268203,1321.9214075034856,1321.7640380859375,1323.1329345703125,1.368941307067871,-0.15741424024105077
65,97,162,train,True,0.0020574,0.6974200338125229,1322.21529969275,1322.58056640625,1322.9127197265625,0.3322318494319916,0.36518818438053136
66,96,162,train,True,0.0006966,1.2069330143928527,1324.1647710871696,1324.0997314453125,1325.3717041015625,1.2719247341156006,-0.06499171972274786
67,95,162,train,True,0.0031104,1.3929027074575424,1321.212199831605,1321.1768798828125,1322.6051025390625,1.4282771348953247,-0.035374427437782296
68,94,162,train,True,0.0007614,1.8509881740808487,1320.6573126071692,1320.6881103515625,1322.50830078125,1.8201954364776611,0.03079273760318757
69,93,162,train,True,0.0260658,2.2159394919872284,1314.9787626564503,1315.049072265625,1317.1947021484375,2.1456408500671387,0.07029864192008972
70,92,162,train,True,0.0150984,1.9893211007118226,1312.5535255789757,1312.6103515625,1314.5428466796875,1.9324358701705933,0.05688523054122929
71,91,162,train,True,0.0750384,2.051999199986458,1304.629519354701,1304.838623046875,1306.6815185546875,1.8428720235824585,0.20912717640399947
72,90,162,train,True,0.0089586,1.111421431005001,1300.3637982955574,1300.3929443359375,1301.4752197265625,1.0822433233261108,0.029178107678890175
73,89,162,train,True,0.0633258,0.8369933107495308,1290.228558447063,1290.2236328125,1291.0655517578125,0.8420108556747437,-0.005017544925212891
74,88,162,train,True,0.017658,-0.27649088434875013,1283.5819108062237,1283.6590576171875,1283.305419921875,-0.3535865247249603,0.0770956403762102
62,101,163,train,True,0.0073513,2.1557219207286833,1317.7255036652089,1317.718994140625,1319.8812255859375,2.1622824668884277,-0.00656054615974444
63,100,163,train,True,0.0009128,1.4798836278915406,1322.9639640283585,1322.9107666015625,1324.44384765625,1.5330698490142822,-0.05318622112274163
64,99,163,train,True,0.0007987,0.9866418790817261,1327.1025915193559,1326.9432373046875,1328.0892333984375,1.1459897756576538,-0.15934789657592774
65,98,163,train,True,0.0040587,0.7666569352149963,1329.365179002285,1329.3680419921875,1330.1318359375,0.7638391852378845,0.0028177499771118164
66,97,163,train,True,0.0007009,0.8698279732465743,1330.3491661673784,1330.370849609375,1331.218994140625,0.848198413848877,0.021629559397697395
67,96,163,train,True,0.0007009,1.1966699314117433,1329.5446630764009,1329.5855712890625,1330.7413330078125,1.1557519435882568,0.040917987823486435
68,95,163,train,True,0.0046292,1.6265041774511337,1327.6440036350489,1327.5926513671875,1329.2705078125,1.6778665781021118,-0.05136240065097808
69,94,163,train,True,0.0055094,1.99609749853611,1324.2762413686514,1324.371337890625,1326.2723388671875,1.9010465145111084,0.09505098402500156
70,93,163,train,True,0.0151101,2.123558506965637,1320.1203379774095,1320.1544189453125,1322.243896484375,2.089418649673462,0.03413985729217517
71,92,163,train,True,0.0279382,1.9839787149429322,1314.7408748006821,1314.86962890625,1316.724853515625,1.8552651405334473,0.12871357440948494
72,91,163,train,True,0.0256888,1.578212484717369,1308.5607035309076,1308.565185546875,1310.138916015625,1.5737299919128418,0.004482492804527283
73,90,163,train,True,0.0380605,1.0077355661988259,1301.0912634572387,1301.048095703125,1302.0989990234375,1.0508238077163696,-0.04308824151754376
74,89,163,train,True,0.0584192,0.3143913782387972,1292.6412970983238,1292.6396484375,1292.9556884765625,0.31610438227653503,-0.0017130040377378308
75,88,163,train,True,0.0185331,-0.5129638554155826,1282.907617175728,1282.9510498046875,1282.3946533203125,-0.556425154209137,0.043461298793554315
62,102,164,train,True,0.0041,2.691822741031647,1323.1341049933433,1323.115966796875,1325.825927734375,2.709958076477051,-0.01813533544540391
63,101,164,train,True,0.0020664,1.4159401977062225,1327.6037131226062,1327.6405029296875,1329.0196533203125,1.3792095184326172,0.03673067927360529
64,100,164,train,True,0.0010004,1.4383704489469529,1333.4670250588656,1333.319580078125,1334.9053955078125,1.5857561826705933,-0.1473857337236404
65,99,164,train,True,0.0018696,0.5300151054561139,1335.0476216132938,1334.9486083984375,1335.57763671875,0.628997266292572,-0.09898216083645817
66,98,164,train,True,0.0006888,0.9211799827218056,1338.0094840797783,1338.0289306640625,1338.9306640625,0.9017338752746582,0.019446107447147365
67,97,164,train,True,0.001394,0.8364847803115845,1336.2440816259384,1336.2593994140625,1337.08056640625,0.8211755752563477,0.015309205055236808
68,96,164,train,True,0.0007052,1.4398233926296233,1336.4619100058078,1336.4390869140625,1337.9017333984375,1.4625571966171265,-0.02273380398750313
69,95,164,train,True,0.02501,1.8090279507637024,1331.7197806429863,1331.6231689453125,1333.52880859375,1.9056180715560913,-0.09659012079238893
70,94,164,train,True,0.0151044,1.958067951798439,1329.860413493514,1329.944091796875,1331.8184814453125,1.8744722604751587,0.08359569132328026
71,93,164,train,True,0.0279456,2.170422387123108,1322.7516967535018,1322.7918701171875,1324.922119140625,2.1301863193511963,0.0402360677719118
72,92,164,train,True,0.0158096,1.5676576906442643,1319.1134946531058,1319.185546875,1320.68115234375,1.4955991506576538,0.07205853998661049
73,91,164,train,True,0.0279456,1.466765243411064,1309.7938548737764,1309.86767578125,1311.2606201171875,1.3929386138916016,0.0738266295194625
74,90,164,train,True,0.009676,0.4715092594921589,1304.0179926936328,1304.0380859375,1304.489501953125,0.4514801502227783,0.020029109269380563
75,89,164,train,True,0.0545464,0.08761145482771099,1292.4565779982972,1292.4925537109375,1292.544189453125,0.05167172849178314,0.035939726335927846
76,88,164,train,False,0.149896,-1.0938008692860604,1284.337453213036,1284.6624755859375,1283.24365234375,-1.4188016653060913,0.32500079602003096
63,102,165,train,True,0.005214,1.9359674084186553,1333.0797796618938,1333.208740234375,1335.0157470703125,1.8070318698883057,0.12893553853034967
64,101,165,train,True,0.0013035,1.270269045829773,1338.2637885713577,1338.2230224609375,1339.5340576171875,1.3109447956085205,-0.04067574977874755
65,100,165,train,True,0.0015345,0.8014502397179604,1341.646547807157,1341.5037841796875,1342.447998046875,0.9441731572151184,-0.14272291749715804
66,99,165,train,True,0.000693,0.6179120823740959,1343.813972683251,1343.744873046875,1344.431884765625,0.6869582533836365,-0.06904617100954058
67,98,165,train,True,0.000792,0.7398103520274162,1344.10918867141,1344.248291015625,1344.8489990234375,0.6007368564605713,0.1390734955668449
68,97,165,train,True,0.000924,1.1050909173488617,1343.193737207651,1343.0892333984375,1344.298828125,1.209572672843933,-0.10448175549507144
69,96,165,train,True,0.0016665,1.575458591580391,1340.643413478732,1340.715576171875,1342.2188720703125,1.5033506155014038,0.07210797607898711
70,95,165,train,True,0.026532,1.9196511006355286,1337.2153586649895,1337.298583984375,1339.135009765625,1.8363749980926514,0.0832761025428772
71,94,165,train,True,0.026532,2.0207634991407395,1332.5369757586718,1332.6630859375,1334.5577392578125,1.8946796655654907,0.12608383357524877
72,93,165,train,True,0.027951,1.8675407987833024,1327.0727668184043,1327.073974609375,1328.9403076171875,1.8662376403808594,0.0013031584024429943
73,92,165,train,True,0.0135795,1.505488656759262,1320.3601119291782,1320.5040283203125,1321.8656005859375,1.3615422248840332,0.14394643187522882
74,91,165,train,True,0.0257565,0.9991219717264176,1312.715599707961,1312.735107421875,1313.7147216796875,0.9795617461204529,0.01956022560596471
75,90,165,train,True,0.023595,0.3537332072854042,1303.7886007770896,1303.7508544921875,1304.142333984375,0.39152196049690247,-0.03778875321149827
64,102,166,train,True,0.001577,1.806120302081108,1344.2082839947939,1344.1395263671875,1346.014404296875,1.874861240386963,-0.06874093830585482
65,101,166,train,True,0.0014608,0.628622731268406,1346.931802073419,1346.7950439453125,1347.5604248046875,0.7654379606246948,-0.13681522935628887
66,100,166,train,True,0.0007968,0.8443016022443771,1350.9448829680682,1350.788330078125,1351.7891845703125,1.0007781982421875,-0.15647659599781039
67,99,166,train,True,0.0007802,0.4078782033920288,1350.428791718483,1350.491943359375,1350.836669921875,0.34473079442977905,0.06314740896224974
68,98,166,train,True,0.000332,1.0008622884750367,1351.5556562662125,1351.5633544921875,1352.5565185546875,0.9932166934013367,0.007645595073699996
69,97,166,train,True,0.0115536,1.2345679938793181,1347.870290404558,1347.7432861328125,1349.1048583984375,1.3614716529846191,-0.126903659105301
70,96,166,train,True,0.0070052,1.7218869519233704,1346.5947634387016,1346.668212890625,1348.316650390625,1.6484450101852417,0.07344194173812868
71,95,166,train,True,0.0298136,2.0340032452344894,1340.3309869891405,1340.3131103515625,1342.364990234375,2.051865577697754,-0.01786233246326452
72,94,166,train,True,0.0279378,1.7708249938488008,1337.2986330139638,1337.3687744140625,1339.0694580078125,1.7005970478057861,0.07022794604301463
73,93,166,train,True,0.0279378,1.8408374273777008,1328.7764721429348,1328.8251953125,1330.6173095703125,1.7920366525650024,0.0488007748126984
74,92,166,train,True,0.009462,1.056011525094509,1323.7588078108429,1323.8326416015625,1324.8148193359375,0.9822283983230591,0.07378312677144994
75,91,166,train,True,0.0882456,0.872837312221527,1312.988857023716,1313.0001220703125,1313.8616943359375,0.8615269660949707,0.011310346126556348
76,90,166,train,True,0.0179612,-0.17288285151124,1305.7257392968238,1305.81201171875,1305.5528564453125,-0.2590717375278473,0.08618888601660729
64,103,167,train,True,0.0052104,1.7018879145383834,1348.6237956792115,1348.6156005859375,1350.32568359375,1.7100155353546143,-0.008127620816230863
65,102,167,train,True,0.0019372,1.0514829578995704,1353.0415346202253,1352.940673828125,1354.093017578125,1.152322769165039,-0.1008398112654687
66,101,167,train,True,0.004008,0.600292958766222,1356.3547851662338,1356.1866455078125,1356.955078125,0.7684548497200012,-0.1681618909537792
67,100,167,train,True,0.0051937,0.4664138726890087,1357.7822433538736,1357.7723388671875,1358.2486572265625,0.47632884979248047,-0.009914977103471778
68,99,167,train,True,0.0002839,0.6345968861877919,1357.9655007700621,1357.999755859375,1358.60009765625,0.6003358960151672,0.03426099017262463
69,98,167,train,True,0.0012525,1.0292220735549926,1356.3903335905075,1356.4713134765625,1357.4195556640625,0.9483063817024231,0.08091569185256953
70,97,167,train,True,0.0039579,1.4943039208650588,1353.7663161963224,1353.7357177734375,1355.2606201171875,1.52492094039917,-0.030617019534111112
71,96,167,train,True,0.0372577,1.833917608857155,1349.7719173520804,1349.8897705078125,1351.6058349609375,1.7160849571228027,0.1178326517343522
72,95,167,train,True,0.0279391,1.9046659910678863,1345.032101587057,1345.0489501953125,1346.936767578125,1.8878322839736938,0.016833707094192407
73,94,167,train,True,0.0279391,1.7634023416042328,1339.0439707052708,1339.14990234375,1340.807373046875,1.6575524806976318,0.10584986090660098
74,93,167,train,True,0.018704,1.4646844869852067,1332.1636114114524,1332.109619140625,1333.6282958984375,1.5186700820922852,-0.053985595107078455
76,91,167,train,True,0.0808948,0.4118202115595341,1314.9236290071904,1314.9505615234375,1315.33544921875,0.3848257064819336,0.026994505077600484
77,90,167,train,True,0.0183533,-0.3820497389137745,1304.6386415357888,1304.7418212890625,1304.256591796875,-0.4852423667907715,0.10319262787699701
65,103,168,train,True,0.0042,0.9482588189840316,1357.9344316107035,1357.9100341796875,1358.8826904296875,0.9726261496543884,-0.02436733067035679
66,102,168,train,False,0.1400112,0.96138212621212,1363.0077340847254,1362.9049072265625,1363.9691162109375,1.0641793012619019,-0.10279717504978181
67,101,168,train,True,0.0300048,0.18838782828301193,1363.7072420545294,1363.6234130859375,1363.8956298828125,0.2722342014312744,-0.08384637314826249
68,100,168,train,True,0.0002688,0.6867348796129227,1365.809358870387,1365.7711181640625,1366.49609375,0.7250299453735352,-0.03829506576061248
69,99,168,train,True,0.00168,0.628860637396574,1363.3176725657283,1363.3118896484375,1363.946533203125,0.6346662044525146,-0.005805567055940597
70,98,168,train,True,0.0001008,1.2967217719554902,1362.764923735857,1362.7969970703125,1364.0616455078125,1.2646249532699585,0.032096818685531714
71,97,168,train,True,0.037968,1.6605170798301696,1357.3748833107948,1357.5076904296875,1359.035400390625,1.5277036428451538,0.1328134369850158
72,96,168,train,True,0.0279384,1.7552361696958543,1354.9105353146792,1355.0130615234375,1356.665771484375,1.6527211666107178,0.1025150030851365
73,95,168,train,True,0.0279384,1.9319176858663558,1347.2301916891336,1347.2640380859375,1349.162109375,1.898072361946106,0.03384532392024986
74,94,168,train,True,0.0132552,1.428158821463585,1342.8801907879115,1342.980712890625,1344.308349609375,1.3276610374450684,0.10049778401851661
75,93,168,train,True,0.030828,1.4456224203109742,1332.8811598062516,1333.100341796875,1334.3267822265625,1.226516842842102,0.21910557746887216
76,92,168,train,True,0.0098952,0.5701909112930298,1326.4193110418319,1326.51806640625,1326.989501953125,0.4714723527431488,0.09871855854988099
77,91,168,train,True,0.0552216,0.23009628683328628,1314.2994447287917,1314.406982421875,1314.529541015625,0.12255384773015976,0.10754243910312652
78,90,168,train,False,0.14994,-0.9706510436534882,1305.6798795592786,1305.968505859375,1304.709228515625,-1.2592030763626099,0.28855203270912166
66,103,169,train,False,0.3006679,0.8010410469770431,1368.009261687398,1368.013916015625,1368.810302734375,0.7964274883270264,0.00461355865001678
67,102,169,train,True,0.0200434,0.4109369868040085,1370.551465356946,1370.4315185546875,1370.96240234375,0.5308852791786194,-0.11994829237461091
68,101,169,train,True,0.0003042,0.3480500841885805,1371.8489714001864,1371.7742919921875,1372.197021484375,0.42275744676589966,-0.07470736257731914
69,100,169,train,True,0.0007436,0.5531209646165371,1371.3445841135085,1371.345458984375,1371.897705078125,0.5521865487098694,0.0009344159066677626
70,99,169,train,True,0.0001859,0.954839523434639,1369.6899358671903,1369.6639404296875,1370.644775390625,0.9808236360549927,-0.025984112620353716
71,98,169,train,True,0.0030082,1.4259981775283814,1366.4675565099717,1366.588623046875,1367.8935546875,1.3049578666687012,0.12104031085968026
72,97,169,train,True,0.0279526,1.7305172717571258,1362.4229251110553,1362.440673828125,1364.1534423828125,1.7128047943115234,0.017712477445602337
73,96,169,train,True,0.0279526,1.7853643637895584,1357.164953019023,1357.2318115234375,1358.9503173828125,1.7184094190597534,0.06695494472980501
74,95,169,train,True,0.0154297,1.6763559252023696,1351.046666535735,1351.076904296875,1352.7230224609375,1.6461308002471924,0.030225124955177263
75,94,169,train,True,0.0113737,1.44622621178627,1343.6214007413387,1343.7860107421875,1345.067626953125,1.2816962003707886,0.16453001141548151
76,93,169,train,True,0.0259415,1.072691865861416,1335.2809458294512,1335.3173828125,1336.3536376953125,1.0362184047698975,0.0364734610915185
77,92,169,train,True,0.0233051,0.49853501543402673,1325.747314593941,1325.9053955078125,1326.245849609375,0.34039559960365295,0.15813941583037378
67,103,170,train,True,0.050014,0.22131481643766165,1376.0579820585624,1375.9443359375,1376.279296875,0.3349630832672119,-0.11364826682955026
68,102,170,train,True,0.001394,0.542577360123396,1379.1998542805015,1379.031982421875,1379.742431640625,0.710436224937439,-0.167858864814043
69,101,170,train,True,0.000731,0.18650281209498643,1377.8902794144676,1377.9375,1378.0767822265625,0.13929013907909393,0.04721267301589249
70,100,170,train,True,5.1e-05,0.8672208109498024,1378.2095614156126,1378.1236572265625,1379.0767822265625,0.9531035423278809,-0.08588273137807845
71,99,170,train,True,0.016847,1.1173595312237738,1373.8396717187761,1373.8836669921875,1374.95703125,1.073375940322876,0.04398359090089787
72,98,170,train,True,0.027948,1.5432151252031325,1371.9514137810468,1372.0489501953125,1373.49462890625,1.4457224607467651,0.0974926644563674
73,97,170,train,True,0.027948,1.80593226313591,1365.114233752489,1365.150390625,1366.920166015625,1.7698107957839966,0.03612146735191346
74,96,170,train,True,0.013192,1.5628338718414307,1361.4331378078462,1361.521240234375,1362.9959716796875,1.474802851676941,0.08803102016448983
75,95,170,train,True,0.011424,1.7278836262226105,1352.2384249675274,1352.35205078125,1353.96630859375,1.6142480373382568,0.11363558888435366
76,94,170,train,True,0.009758,1.113407222032547,1346.4674033248425,1346.5914306640625,1347.580810546875,0.9893958568572998,0.12401136517524725
78,92,170,train,True,0.018241,-0.011282370828557759,1327.2603058083287,1327.400146484375,1327.2490234375,-0.1511736363172531,0.13989126548869535
67,104,171,train,False,0.6000048,0.5916923460364342,1382.4196601930262,1382.2958984375,1383.0113525390625,0.7153549790382385,-0.12366263300180436
68,103,171,train,True,0.0014022,0.2764955575019121,1384.834832567498,1384.713623046875,1385.111328125,0.39776986837387085,-0.12127431087195872
69,102,171,train,True,0.0009747,0.2701691457629204,1385.405123822987,1385.4237060546875,1385.67529296875,0.25160422921180725,0.018564916551113142
70,101,171,train,True,5.13e-05,0.5064887860417366,1384.8038139483333,1384.7379150390625,1385.310302734375,0.5723417401313782,-0.06585295408964154
71,100,171,train,True,0.0018639,0.9401743507385254,1382.504283657074,1382.4771728515625,1383.4444580078125,0.9672595262527466,-0.027085175514221183
72,99,171,train,True,0.0288819,1.3652278864383698,1379.2492740666867,1379.2977294921875,1380.614501953125,1.316805362701416,0.04842252373695377
73,98,171,train,True,0.0279414,1.6141607069969177,1374.704686949253,1374.8043212890625,1376.31884765625,1.5144753456115723,0.09968536138534545
74,97,171,train,True,0.0279414,1.6693998205661773,1369.3547701013088,1369.3878173828125,1371.024169921875,1.6364282369613647,0.03297158360481256
75,96,171,train,True,0.0279414,1.6182030588388443,1362.6801367849112,1362.7696533203125,1364.29833984375,1.528687834739685,0.08951522409915924
76,95,171,train,True,0.0182457,1.4838799899816513,1355.0554266506433,1355.0343017578125,1356.539306640625,1.5050382614135742,-0.021158271431922948
77,94,171,train,True,0.0384579,1.1451997673511505,1346.2378568732738,1346.36669921875,1347.383056640625,1.016366720199585,0.12883304715156552
78,93,171,train,True,0.0809514,0.5688287658989429,1336.5908392028512,1336.638916015625,1337.15966796875,0.5208272933959961,0.04800147250294684
79,92,171,train,True,0.0207081,-0.25058351796120404,1325.823581564836,1325.9522705078125,1325.572998046875,-0.37922418117523193,0.1286406632140279
68,104,172,train,True,0.003956,0.6124731244146824,1391.7042993365228,1391.5496826171875,1392.3167724609375,0.7670727372169495,-0.15459961280226708
69,103,172,train,True,0.0054868,-0.019379719072021545,1391.5365916331345,1391.6583251953125,1391.5172119140625,-0.14111565053462982,0.12173593146260828
70,102,172,train,True,5.16e-05,0.5688676415383815,1392.8156538428366,1392.7579345703125,1393.384521484375,0.6266824007034302,-0.057814759165048635
71,101,172,train,True,0.0023392,0.5987698276340961,1389.554306344241,1389.4561767578125,1390.153076171875,0.6969205737113953,-0.09815074607729912
72,100,172,train,True,0.024424,1.195154202580452,1388.3846797817946,1388.3399658203125,1389.579833984375,1.2398499250411987,-0.04469572246074671
73,99,172,train,True,0.02795,1.4940248262882232,1382.4217466580867,1382.4853515625,1383.915771484375,1.4304478168487549,0.06357700943946831
74,98,172,train,True,0.02795,1.5177285599708557,1379.3847372603416,1379.47021484375,1380.9024658203125,1.4322798252105713,0.08544873476028436
75,97,172,train,True,0.0355696,1.7515427285432816,1371.0538771933318,1371.157470703125,1372.805419921875,1.6479384899139404,0.1036042386293412
76,96,172,train,True,0.0127624,1.4142499005794524,1365.938411232233,1366.052001953125,1367.3526611328125,1.3006874322891235,0.1135624682903289
77,95,172,train,True,0.0324048,1.5659858363866805,1355.2560356479883,1355.4053955078125,1356.822021484375,1.4166414737701416,0.14934436261653894
78,94,172,train,True,0.0103716,0.7182130816578866,1348.2120847699045,1348.350341796875,1348.9302978515625,0.5799521803855896,0.13826090127229695
79,93,172,train,True,0.056158,0.3583229143172503,1335.6071311872452,1335.779296875,1335.9654541015625,0.18616828322410583,0.17215463109314444
80,92,172,train,False,0.15007,-0.9006004264950752,1326.5359764030575,1326.7403564453125,1325.6353759765625,-1.104972004890442,0.20437157839536668
69,104,173,train,True,0.0043942,0.22021431189030408,1398.5537114693598,1398.6121826171875,1398.77392578125,0.16179299354553223,0.05842131834477185
70,103,173,train,True,5.19e-05,0.2532086326181889,1399.0257220314443,1399.125,1399.2789306640625,0.153961181640625,0.09924745097756388
71,102,173,train,True,0.0015743,0.5546958847343921,1397.7263099746406,1397.67236328125,1398.281005859375,0.6085575222969055,-0.05386163756251339
72,101,173,train,True,0.0279395,0.9512836056947708,1395.3917339724303,1395.4207763671875,1396.343017578125,0.9221861958503723,0.02909740984439846
73,100,173,train,True,0.0279395,1.2971652746200562,1391.6394802331924,1391.623291015625,1392.9366455078125,1.3134294748306274,-0.01626420021057129
74,99,173,train,True,0.0279395,1.5010541182756425,1387.054976155162,1387.1717529296875,1388.5560302734375,1.3843157291412354,0.11673838913440715
75,98,173,train,True,0.0279395,1.5913341015577316,1381.1497547656297,1381.2158203125,1382.7410888671875,1.5252509117126465,0.0660831898450851
76,97,173,train,True,0.0149645,1.6259417992830276,1374.292026950717,1374.31787109375,1375.91796875,1.600095510482788,0.025846288800239536
77,96,173,train,True,0.0105357,1.5380727136135102,1366.1562632238865,1366.36572265625,1367.6943359375,1.3285726308822632,0.20950008273124698
78,95,173,train,True,0.0634391,1.2155564677715303,1357.213276540041,1357.251708984375,1358.4288330078125,1.1771526336669922,0.03840383410453807
79,94,173,train,True,0.0227841,0.6118944805860519,1347.1843701678515,1347.3646240234375,1347.7962646484375,0.4317030608654022,0.18019141972064967
69,105,174,train,True,0.044718,0.01987530000973493,1404.2689430593653,1404.2918701171875,1404.288818359375,-0.003126430092379451,0.02300173010211438
70,104,174,train,True,5.22e-05,0.4516986405849457,1406.5545269453526,1406.589599609375,1407.0062255859375,0.41670721769332886,0.03499142289161683
71,103,174,train,True,0.001566,0.24905356269329787,1404.3963321794943,1404.4329833984375,1404.6453857421875,0.2124248743057251,0.03662868838757277
72,102,174,train,True,0.002262,0.8746755635738372,1404.0689279520511,1403.9249267578125,1404.943603515625,1.0187263488769531,-0.14405078530311588
73,101,174,train,True,0.0279444,1.1009292954206467,1399.0710677748918,1399.038818359375,1400.1719970703125,1.133238434791565,-0.03230913937091828
74,100,174,train,True,0.0279444,1.3395681381225586,1396.712067604065,1396.7427978515625,1398.0516357421875,1.3088346719741821,0.030733466148376465
75,99,174,train,True,0.0279444,1.6101421719789506,1389.2585101717711,1389.4063720703125,1390.86865234375,1.4621964693069458,0.1479457026720048
76,98,174,train,True,0.0102486,1.4910549318790436,1384.839023193121,1384.9464111328125,1386.330078125,1.3837064504623413,0.10734848141670228
77,97,174,train,True,0.011223,1.7971240288019181,1374.9381054633857,1374.95458984375,1376.7352294921875,1.7806651592254639,0.01645886957645426
78,96,174,train,True,0.0103356,1.233345993757248,1368.5457067406178,1368.703857421875,1369.779052734375,1.0751880407333374,0.15815795302391056
80,94,174,train,True,0.0192096,0.028863600834738462,1348.3698180397903,1348.462646484375,1348.398681640625,-0.06397002935409546,0.09283363018883392
69,106,175,train,True,0.0499975,0.3706053110957146,1410.8433839467168,1410.809326171875,1411.2139892578125,0.4046674370765686,-0.03406212598085401
70,105,175,train,True,8.75e-05,0.21155679013580084,1412.3602205536142,1412.4119873046875,1412.57177734375,0.15987375378608704,0.0516830363497138
71,104,175,train,True,0.0012075,0.33171804301440716,1412.0928425038605,1412.0997314453125,1412.424560546875,0.32484525442123413,0.006872788593173029
72,103,175,train,True,0.002275,0.619578772187233,1410.7413831418753,1410.6334228515625,1411.3609619140625,0.7275428175926208,-0.10796404540538784
73,102,175,train,True,0.0279475,0.9641123843193055,1407.8624257016181,1407.7779541015625,1408.8265380859375,1.0485432147979736,-0.08443083047866817
74,101,175,train,True,0.0279475,1.2314915359020233,1404.110305339098,1404.2197265625,1405.341796875,1.1219767332077026,0.10951480269432068
75,100,175,train,True,0.0279475,1.4249655044078826,1398.994956370592,1399.0928955078125,1400.419921875,1.3269342184066772,0.09803128600120536
76,99,175,train,True,0.0117775,1.5793694084882737,1392.9347907477618,1393.127685546875,1394.51416015625,1.386462688446045,0.19290672004222875
77,98,175,train,True,0.01239,1.66665522813797,1385.5379346156121,1385.6343994140625,1387.20458984375,1.5701712369918823,0.09648399114608774
78,97,175,train,True,0.01862,1.594948531985283,1377.2831032258273,1377.166259765625,1378.8780517578125,1.7117596864700317,-0.11681115448474877
79,96,175,train,True,0.03857,1.2384462624788284,1367.9423398703336,1368.0789794921875,1369.1807861328125,1.101882815361023,0.13656344711780544
80,95,175,train,True,0.0810775,0.5876401916146279,1357.8459535583854,1357.8623046875,1358.43359375,0.5711939334869385,0.016446258127689406
69,107,176,train,False,0.1000032,0.21949644090607762,1416.1920025825314,1415.94140625,1416.4114990234375,0.47016969323158264,-0.250673252325505
70,106,176,train,True,5.28e-05,0.5288065077364444,1419.4337179063261,1419.279052734375,1419.9625244140625,0.6835111379623413,-0.15470463022589687
71,105,176,train,True,0.0012144,0.06493974284036085,1418.3902604524721,1418.3876953125,1418.4552001953125,0.06751488149166107,-0.0025751386513002267
72,104,176,train,True,0.0014784,0.6404595029354095,1418.9674506533147,1418.7994384765625,1419.60791015625,0.808451235294342,-0.1679917323589325
73,103,176,train,True,0.0307472,0.738308833539486,1414.972750736773,1414.8060302734375,1415.7110595703125,0.9050229787826538,-0.16671414524316785
74,102,176,train,True,0.0279488,1.1004268634319305,1413.3655155193806,1413.2999267578125,1414.4659423828125,1.1660946607589722,-0.06566779732704164
75,101,176,train,True,0.0279488,1.3460318690538406,1406.8330452793837,1406.9388427734375,1408.1790771484375,1.2402766942977905,0.10575517475605012
76,100,176,train,True,0.0109472,1.411791262626648,1403.1250739717484,1403.2247314453125,1404.536865234375,1.3120944499969482,0.09969681262969976
77,99,176,train,True,0.0080784,1.7883335942029952,1394.071041405797,1394.1932373046875,1395.859375,1.666235327720642,0.12209826648235311
78,98,176,train,True,0.0127072,1.498795492053032,1388.321761148572,1388.462890625,1389.820556640625,1.3576823472976685,0.14111314475536352
79,97,176,train,True,0.033176,1.6537383699417114,1377.0982147550583,1377.267578125,1378.751953125,1.4844379425048828,0.1693004274368286
80,96,176,train,True,0.0111232,0.681637080013752,1369.6352574512362,1369.7489013671875,1370.31689453125,0.5680583715438843,0.11357870846986773
81,95,176,train,True,0.0830544,0.34366520754992963,1356.5131463158875,1356.59716796875,1356.8568115234375,0.25962918996810913,0.0840360175818205
70,107,177,train,True,0.0002301,0.34516763426363467,1424.8638167407364,1424.845458984375,1425.208984375,0.36357149481773376,-0.018403860554099094
71,106,177,train,True,0.0012213,0.2467093612253666,1425.6491646622121,1425.4605712890625,1425.8958740234375,0.4353630244731903,-0.1886536632478237
72,105,177,train,True,0.001416,0.3672547645866871,1425.3223204307258,1425.175048828125,1425.6895751953125,0.5145513415336609,-0.1472965769469738
73,104,177,train,True,0.0033099,0.6553046652674674,1423.35482717067,1423.2266845703125,1424.0101318359375,0.783357560634613,-0.1280528953671456
74,103,177,train,True,0.0279483,0.9385322675108909,1420.4651542559266,1420.431396484375,1421.4036865234375,0.9722722172737122,-0.03373994976282124
75,102,177,train,True,0.0279483,1.1756053721904756,1416.1818165028096,1416.2164306640625,1417.357421875,1.1409411430358887,0.03466422915458689
76,101,177,train,True,0.0146202,1.394014357328415,1410.9570598614216,1411.121337890625,1412.35107421875,1.2296570539474487,0.1643573033809662
77,100,177,train,True,0.0197532,1.5989034593105316,1404.338962751627,1404.4300537109375,1405.9378662109375,1.5079066753387451,0.09099678397178645
78,99,177,train,True,0.0149919,1.708045281767845,1396.823692999482,1396.970703125,1398.53173828125,1.5611366033554077,0.14690867841243738
79,98,177,train,True,0.0099651,1.6048599100112915,1388.1467270040512,1388.3636474609375,1389.7515869140625,1.3880202770233154,0.21683963298797604
80,97,177,train,True,0.0847299,1.1535139685869218,1378.7924088829757,1378.8114013671875,1379.9459228515625,1.1345722675323486,0.018941701054573157
81,96,177,train,True,0.0216294,0.48799514278769496,1368.3105888415873,1368.59326171875,1368.798583984375,0.20532579720020294,0.282669345587492
70,108,178,train,True,0.006586,0.7831495341658592,1431.489799684584,1431.607421875,1432.27294921875,0.6655311584472656,0.11761837571859357
71,107,178,train,True,0.0022606,0.023932294769911096,1431.5787288380425,1431.48583984375,1431.6026611328125,0.11674822121858597,-0.09281592644867487
72,106,178,train,True,0.001424,0.4700277817249298,1433.1232339370251,1432.801025390625,1433.59326171875,0.7922138571739197,-0.32218607544898986
74,104,178,train,True,0.0152012,0.8256855535507203,1429.3419169855117,1429.2080078125,1430.1676025390625,0.9595549702644348,-0.13386941671371455
75,103,178,train,True,0.027946,1.035002416074276,1423.7242749276757,1423.6719970703125,1424.75927734375,1.0872538089752197,-0.05225139290094383
76,102,178,train,True,0.0136348,1.2320870453119277,1420.7638846343755,1420.780517578125,1421.9959716796875,1.2155431509017944,0.016543894410133264
77,101,178,train,True,0.0188146,1.6069115906953813,1412.6111059874297,1412.708251953125,1414.218017578125,1.5098479986190796,0.09706359207630166
78,100,178,train,True,0.0101282,1.538545201420784,1407.5400680798293,1407.6690673828125,1409.07861328125,1.4095906019210815,0.12895459949970256
79,99,178,train,True,0.0102528,1.8597137290239334,1397.070706192851,1397.1922607421875,1398.930419921875,1.738201379776001,0.12151234924793242
80,98,178,train,True,0.0107512,1.0970220097899437,1390.3183832636475,1390.4222412109375,1391.4154052734375,0.9931546449661255,0.1038673648238182
82,96,178,train,True,0.0231756,0.13792718546465038,1368.868298400473,1368.96875,1369.0062255859375,0.037435200065374374,0.10049198539927601
71,108,179,train,True,0.0051552,0.3559228677302599,1438.3589208822698,1438.2783203125,1438.71484375,0.4365517795085907,-0.08062891177833081
72,107,179,train,True,0.0014141,0.21702123172581195,1439.1322219323367,1438.9000244140625,1439.3492431640625,0.4492599666118622,-0.23223873488605024
73,106,179,train,True,0.0014678,0.31921475894749163,1438.18896395199,1438.0120849609375,1438.5081787109375,0.49610674381256104,-0.1768919848650694
74,105,179,train,True,0.0145706,0.5685473474860191,1436.1945141759516,1436.16748046875,1436.7630615234375,0.595546543598175,-0.026999196112155954
75,104,179,train,True,0.0246304,0.8703806918859481,1432.7051808315516,1432.6741943359375,1433.5755615234375,0.9013634920120239,-0.030982800126075793
76,103,179,train,True,0.0155014,1.146726634502411,1428.3044452404977,1428.3277587890625,1429.451171875,1.1234800815582275,0.02324655294418343
77,102,179,train,True,0.0097734,1.4060831779241563,1422.5110310798884,1422.60693359375,1423.9171142578125,1.3102223873138428,0.0958607906103135
78,101,179,train,True,0.0079834,1.6185416996479034,1415.7951545894146,1416.010986328125,1417.4136962890625,1.4026867151260376,0.2158549845218658
79,100,179,train,True,0.0116887,1.704882366657257,1407.8280766177177,1407.9490966796875,1409.532958984375,1.5838184356689453,0.1210639309883117
80,99,179,train,True,0.0281209,1.4554333066940308,1399.1950793886185,1399.111083984375,1400.6505126953125,1.5393953323364258,-0.08396202564239497
81,98,179,train,True,0.0386461,0.9790205284953117,1389.4438310340047,1389.6654052734375,1390.4228515625,0.7573966979980469,0.22162383049726486
82,97,179,train,True,0.0812302,0.6511841714382172,1378.5104369223118,1378.5618896484375,1379.16162109375,0.5997543334960938,0.05142983794212341
71,109,180,train,True,0.070722,0.22087575007230043,1443.8861799139902,1443.967041015625,1444.1070556640625,0.13998645544052124,0.08088929463177918
72,108,180,train,True,0.001422,0.4792632803320885,1446.4402923837304,1446.2877197265625,1446.9195556640625,0.6318089365959167,-0.15254565626382827
73,107,180,train,True,0.00207,0.03695833187084645,1444.6848434259416,1444.6595458984375,1444.7218017578125,0.06223136931657791,-0.025273037445731464
74,106,180,train,True,0.00144,0.4562351432442665,1444.7208888801933,1444.579833984375,1445.1771240234375,0.5973538756370544,-0.14111873239278794
75,105,180,train,True,0.021384,0.6225110638141632,1440.0081041705607,1439.99853515625,1440.630615234375,0.632043719291687,-0.0095326554775238
76,104,180,train,True,0.015714,0.9842224591970443,1437.745269728303,1437.735107421875,1438.7294921875,0.9943848848342896,-0.010162425637245232
77,103,180,train,True,0.021708,1.3467351418733597,1430.4868830221892,1430.5740966796875,1431.8336181640625,1.2595975399017334,0.08713760197162634
78,102,180,train,True,0.010044,1.428922530412674,1426.1474934852124,1426.2440185546875,1427.576416015625,1.3323839902877808,0.09653854012489327
79,101,180,train,True,0.004752,1.8156451857089997,1416.515165361166,1416.657470703125,1418.330810546875,1.6733766794204712,0.1422685062885285
80,100,180,train,True,0.012636,1.3003059792518616,1410.4178336691857,1410.5,1411.7181396484375,1.2181051969528198,0.08220078229904182
81,99,180,train,True,0.069912,1.4254108399152756,1398.6969036132098,1398.8575439453125,1400.122314453125,1.2646867036819458,0.16072413623332982
82,98,180,train,True,0.012402,0.6563138164579868,1390.4981051288546,1390.6258544921875,1391.1544189453125,0.5285724401473999,0.1277413763105869
71,110,181,train,False,0.1257588,0.7087408912181854,1450.1916497337818,1450.1593017578125,1450.900390625,0.7410518527030945,-0.032310961484909084
72,109,181,train,True,0.0014299,0.31715475760400297,1452.042220242396,1451.9825439453125,1452.359375,0.3768443465232849,-0.059689588919281944
73,108,181,train,True,0.0015747,0.11226628414355218,1452.2285540283565,1452.236328125,1452.3408203125,0.10448531061410904,0.007780973529443139
74,107,181,train,True,0.001448,0.15750536002218724,1451.2830463977903,1451.2489013671875,1451.4405517578125,0.19167013466358185,-0.03416477464139461
75,106,181,train,True,0.0125433,0.4209866830706596,1448.6744723013044,1448.75,1449.095458984375,0.3455057144165039,0.07548096865415571
76,105,181,train,True,0.02534,0.7911423656344414,1445.0450392749906,1445.0001220703125,1445.836181640625,0.8359795212745667,-0.04483715564012525
77,104,181,train,True,0.005249,1.1498813354969024,1440.0145473754405,1440.130859375,1441.1644287109375,1.0335551500320435,0.11632618546485896
78,103,181,train,True,0.0136836,1.4298398727178574,1434.1164247757197,1434.2669677734375,1435.5462646484375,1.2792601585388184,0.15057971417903904
79,102,181,train,True,0.0199824,1.6111748719215393,1426.936554620266,1426.9742431640625,1428.5477294921875,1.5734363794326782,0.037738492488861075
80,101,181,train,True,0.015385,1.5449073600769043,1419.0260154914856,1418.98193359375,1420.5709228515625,1.5889453887939453,-0.04403802871704099
81,100,181,train,True,0.0091043,1.2701794552803038,1409.9751818728446,1410.337158203125,1411.245361328125,0.9081646800041199,0.362014775276184
82,99,181,train,True,0.0850338,1.1117670366168022,1399.7982671430707,1399.86669921875,1400.9100341796875,1.0432355403900146,0.06853149622678756
72,110,182,train,True,0.0061698,0.754572594165802,1458.851384437084,1458.7005615234375,1459.60595703125,0.9054785966873169,-0.15090600252151487
73,109,182,train,True,0.0015834,-0.06938648026203736,1458.3029069880745,1458.2991943359375,1458.2335205078125,-0.06572368741035461,-0.00366279285168275
74,108,182,train,True,0.0007462,0.15586453646421433,1459.3590280416608,1459.3323974609375,1459.514892578125,0.18259163200855255,-0.02672709554433822
75,107,182,train,False,0.1019746,0.1241666613984853,1455.6895540417265,1455.75,1455.813720703125,0.063712477684021,0.0604541837144643
76,106,182,train,True,0.021749,0.584074177145958,1454.174226604104,1454.130615234375,1454.75830078125,0.6276788115501404,-0.043604634404182385
77,105,182,train,True,0.0209664,1.0013827192783356,1447.7265225541591,1447.7908935546875,1448.7279052734375,0.9369919896125793,0.06439072966575621
78,104,182,train,True,0.0130858,1.2372825425863265,1444.098777027726,1444.125244140625,1445.3360595703125,1.2108567953109741,0.026425747275352407
79,103,182,train,True,0.0187642,1.6319987720251083,1435.3439533764124,1435.4783935546875,1436.9759521484375,1.4974733591079712,0.13452541291713715
80,102,182,train,True,0.0097916,1.3482265079021454,1429.9000645077228,1429.968994140625,1431.248291015625,1.2793278694152832,0.06889863848686217
81,101,182,train,True,0.0119756,1.6187694013118743,1418.9392139971255,1418.93701171875,1420.5579833984375,1.6209536790847778,-0.002184277772903531
82,100,182,train,True,0.0120848,1.0047007688879968,1411.4902943482996,1411.6519775390625,1412.4949951171875,0.843029260635376,0.16167150825262078
71,112,183,train,True,0.0801174,1.1840180188417435,1461.2868071764708,1461.220703125,1462.4708251953125,1.2500828504562378,-0.06606483161449428
72,111,183,train,True,0.0300486,0.6861584942042828,1464.0526110370456,1464.0057373046875,1464.73876953125,0.7330083250999451,-0.0468498308956623
73,110,183,train,True,0.0015921,0.19254493227228522,1465.3346767474152,1465.2333984375,1465.5272216796875,0.2937425374984741,-0.1011976052261889
74,109,183,train,True,0.0007503,-0.06494809815194458,1465.5206365747144,1465.523193359375,1465.4556884765625,-0.06745307892560959,0.002504980773665011
75,108,183,train,True,0.0080337,0.00011304342187941074,1463.9371428159532,1464.184814453125,1463.937255859375,-0.24764655530452728,0.24775959872640668
76,107,183,train,True,0.049776,0.31219704829156397,1461.2144142798334,1461.256591796875,1461.526611328125,0.26997053623199463,0.04222651205956934
77,106,183,train,True,0.0246684,0.7640118190646171,1456.9369159153105,1457.0125732421875,1457.700927734375,0.6882902383804321,0.075721580684185
78,105,183,train,True,0.0142191,1.157156569957733,1451.7941373753547,1451.80126953125,1452.9512939453125,1.1499370336532593,0.007219536304473806
79,104,183,train,True,0.0094245,1.4138369888067246,1445.4045223861933,1445.437255859375,1446.818359375,1.3810263872146606,0.03281060159206395
80,103,183,train,True,0.0070821,1.4839816880226135,1438.245876710415,1438.26806640625,1439.7298583984375,1.461739420890808,0.022242267131805438
81,102,183,train,True,0.009333,1.4028619354963303,1429.8865667754412,1430.268310546875,1431.2894287109375,1.0210623741149902,0.3817995613813401
82,101,183,train,True,0.0289872,1.3941028672456741,1420.4682018202543,1420.478759765625,1421.8623046875,1.38350248336792,0.010600383877754194
72,112,184,train,True,0.0397072,1.2047657358646393,1470.4661327016354,1470.29296875,1471.6708984375,1.3779534101486206,-0.1731876742839813
73,111,184,train,True,0.0260176,0.12004471190273762,1470.9881095849723,1470.8505859375,1471.108154296875,0.2575501501560211,-0.13750543825328349
74,110,184,train,True,0.000736,0.09788742599077523,1473.1023078865092,1472.934326171875,1473.2001953125,0.2658679783344269,-0.16798055234365167
75,109,184,train,True,0.0042688,-0.22211984947323798,1470.5504889900983,1470.666259765625,1470.328369140625,-0.3379911482334137,0.11587129876017571
76,108,184,train,True,0.000828,0.1594987913221121,1469.9432844118028,1469.916748046875,1470.102783203125,0.18608681857585907,-0.026588027253746982
77,107,184,train,True,0.0279496,0.5379159243404865,1464.3834707944095,1464.49267578125,1464.92138671875,0.42871642112731934,0.10919950321316718
78,106,184,train,True,0.0147384,0.9289075261354447,1461.4499987238646,1461.431884765625,1462.37890625,0.9469188451766968,-0.018011319041252083
79,105,184,train,True,0.0222824,1.3670288604497909,1453.5203002411126,1453.6358642578125,1454.8873291015625,1.2515265941619873,0.11550226628780358
80,104,184,train,True,0.0095312,1.2506005072593689,1448.7777198052406,1448.8795166015625,1450.0283203125,1.1487864255905151,0.10181408166885375
81,103,184,train,True,0.0100096,1.6254713881015777,1438.6008469712733,1438.6357421875,1440.226318359375,1.5905038118362427,0.034967576265334976
82,102,184,train,True,0.0128064,1.224088551402092,1431.827180979848,1432.0216064453125,1433.05126953125,1.0295830965042114,0.19450545489788063
72,113,185,train,True,0.064269,1.161987614929676,1475.3433834788202,1475.1846923828125,1476.50537109375,1.3207427263259888,-0.15875511139631282
73,112,185,train,True,0.0141525,0.5345975297689438,1477.551095829606,1477.4769287109375,1478.085693359375,0.6088491678237915,-0.07425163805484769
74,111,185,train,True,0.00074,-0.029021230288781227,1478.856657949039,1478.68798828125,1478.82763671875,0.13957923650741577,-0.168600466796197
75,110,185,train,True,0.000814,-0.20832522116601468,1478.3285644789785,1478.3369140625,1478.1202392578125,-0.2166779339313507,0.008352712765336029
76,109,185,train,True,0.0008325,-0.06933491930831223,1476.611693317746,1476.5413818359375,1476.5423583984375,0.0009537800215184689,-0.0702886993298307
77,108,185,train,True,0.0279535,0.32001570247113703,1473.2268592975288,1473.2886962890625,1473.546875,0.25825023651123047,0.06176546595990656
78,107,185,train,True,0.025826,0.7718730449676514,1468.877663087845,1468.85888671875,1469.6495361328125,0.7906042337417603,-0.018731188774108842
79,106,185,train,True,0.0026085,1.1176601487398148,1463.2483066481352,1463.24658203125,1464.365966796875,1.1193848848342896,-0.0017247360944747658
80,105,185,train,True,0.0136345,1.2776409816741943,1456.8715289402007,1456.7896728515625,1458.149169921875,1.3594521284103394,-0.08181114673614509
81,104,185,train,True,0.020683,1.3476914179325103,1449.22957908988,1449.58154296875,1450.5772705078125,0.9958397150039673,0.35185170292854306
82,103,185,train,True,0.016169,1.518906034231186,1440.5224758017064,1440.5826416015625,1442.0413818359375,1.4587211608886719,0.0601848733425141
72,114,186,train,True,0.0512244,1.6013001519441605,1481.5306578558684,1481.3603515625,1483.1319580078125,1.7715978622436523,-0.1702977102994918
73,113,186,train,True,0.0600036,0.517302893102169,1482.8465887084603,1482.761474609375,1483.3638916015625,0.6024590134620667,-0.08515612035989761
74,112,186,train,True,0.001209,0.2585024543851614,1485.9928403190524,1485.880126953125,1486.2513427734375,0.3712999224662781,-0.11279746808111668
75,111,186,train,True,0.0008184,-0.34469940297305585,1484.5381808482855,1484.5164794921875,1484.1934814453125,-0.3230021297931671,-0.021697273179888732
76,110,186,train,True,0.0007626,-0.12624598670750856,1484.9087166898325,1484.806884765625,1484.782470703125,-0.024395989254117012,-0.10184999745339154
77,109,186,train,True,0.0165168,0.11153192115947604,1480.322672180403,1480.19677734375,1480.4342041015625,0.2373836487531662,-0.12585172759369018
78,108,186,train,True,0.0217434,0.5307748410105705,1478.1943228152395,1478.1065673828125,1478.72509765625,0.6185852289199829,-0.08781038790941242
79,107,186,train,True,0.0209622,0.9955501174926757,1471.0905094528198,1471.174560546875,1472.0860595703125,0.9114721417427063,0.08407797574996945
80,106,186,train,True,0.0116436,0.9853470340371132,1467.0941207394003,1467.2164306640625,1468.0794677734375,0.8630402684211731,0.12230676561594012
81,105,186,train,True,0.0207576,1.4355289882421494,1457.7136409336329,1457.7779541015625,1459.149169921875,1.371172308921814,0.0643566793203354
82,104,186,train,True,0.0110112,1.2448743784427643,1451.6005846059322,1451.7935791015625,1452.845458984375,1.0518971681594849,0.1929772102832794
83,103,186,train,True,0.0169446,2.000715157389641,1439.622697928548,1439.475830078125,1441.6234130859375,2.147599220275879,-0.146884062886238
84,102,186,train,True,0.0182838,1.7454524791240693,1431.277740880251,1431.446533203125,1433.023193359375,1.576704740524292,0.16874773859977732
73,114,187,train,True,0.0558943,0.9239225357770919,1489.1102571517229,1489.1207275390625,1490.0341796875,0.9135120511054993,0.010410484671592668
74,113,187,train,True,0.0012155,0.15942722017876804,1491.4149136001338,1491.3468017578125,1491.5743408203125,0.22750882804393768,-0.06808160786516965
75,112,187,train,True,0.0007293,-0.24454032953828572,1491.9076262670383,1491.876953125,1491.6630859375,-0.21394971013069153,-0.030590619407594194
76,111,187,train,True,0.0007293,-0.3114430385828018,1491.2139088588954,1491.09716796875,1490.9024658203125,-0.19460776448249817,-0.11683527410030364
77,110,187,train,True,0.0279378,-0.053741275747306645,1488.7757871741849,1488.6451416015625,1488.7220458984375,0.07690463960170746,-0.1306459153490141
78,109,187,train,True,0.0240669,0.33077734142541887,1485.3302334007622,1484.998779296875,1485.6610107421875,0.6622655987739563,-0.33148825734853743
79,108,187,train,True,0.0224961,0.7003943234682083,1480.5107873171569,1480.559814453125,1481.211181640625,0.6513615250587463,0.04903279840946195
80,107,187,train,True,0.0128656,0.9147285330295563,1474.9351249825954,1474.8671875,1475.849853515625,0.982689380645752,-0.0679608476161957
81,106,187,train,True,0.008041,1.0656788769364356,1468.064814287126,1468.4110107421875,1469.1304931640625,0.7195896506309509,0.34608922630548467
82,105,187,train,True,0.0050864,1.3858920150995255,1460.083224195838,1460.1710205078125,1461.4691162109375,1.298148512840271,0.08774350225925454
83,104,187,train,True,0.0100045,1.7125844717025758,1450.76751806736,1450.784912109375,1452.4801025390625,1.6951398849487305,0.017444586753845304
84,103,187,train,True,0.0326315,2.0172311794757842,1440.5014455783366,1440.7955322265625,1442.5186767578125,1.7231736183166504,0.29405756115913384
74,114,188,train,True,0.0030832,0.42803525775671003,1498.2583661094309,1498.1820068359375,1498.6864013671875,0.5044146180152893,-0.07637936025857928
75,113,188,train,True,0.0007332,-0.37274750605225565,1497.8001156701148,1497.7486572265625,1497.4273681640625,-0.3212418854236603,-0.05150562062859537
76,112,188,train,True,0.0007332,-0.34475719183683395,1499.1606751605868,1499.0867919921875,1498.81591796875,-0.27083247900009155,-0.0739247128367424
77,111,188,train,True,0.0094188,-0.27101218201220034,1495.556412572637,1495.5120849609375,1495.285400390625,-0.2265704721212387,-0.044441709890961634
78,110,188,train,True,0.0053016,0.07408203615341336,1494.3204492138466,1494.2056884765625,1494.39453125,0.1888417750597,-0.11475973890628666
79,109,188,train,True,0.0027072,0.4907556350529194,1488.1014074508846,1487.9737548828125,1488.5921630859375,0.6185047626495361,-0.12774912759661672
80,108,188,train,True,0.0067868,0.5480794410407543,1484.8742838402093,1485.0184326171875,1485.42236328125,0.4039713740348816,0.14410806700587275
81,107,188,train,True,0.0299108,1.0313476487994193,1476.3163086012005,1476.3741455078125,1477.34765625,0.973554253578186,0.05779339522123328
82,106,188,train,True,0.0101332,0.9780759111046791,1470.9212160810828,1471.06640625,1471.8992919921875,0.8329755067825317,0.14510040432214732
83,105,188,train,True,0.011186,1.8998112469911574,1459.6519465655088,1459.6678466796875,1461.5517578125,1.8840197324752808,0.01579151451587668
84,104,188,train,True,0.0199656,1.7806818288564683,1452.0447576242686,1452.2349853515625,1453.825439453125,1.5904589891433716,0.19022283971309673
75,114,189,train,True,0.0081837,-0.30613572284579277,1504.8898759572207,1504.7822265625,1504.583740234375,-0.19847820699214935,-0.10765751585364342
76,113,189,train,True,0.0006615,-0.5630166301131249,1505.1885049113632,1505.007568359375,1504.62548828125,-0.3820578157901764,-0.18095881432294847
77,112,189,train,True,0.0125685,-0.4595876194536686,1503.7045827366412,1503.68798828125,1503.2449951171875,-0.44299763441085815,-0.01658998504281045
78,111,189,train,True,0.0100926,-0.19523640979081391,1501.2003633629158,1500.9254150390625,1501.005126953125,0.07963132113218307,-0.274867730922997
79,110,189,train,True,0.0200907,0.1168226760160178,1497.2568345505465,1497.255615234375,1497.3736572265625,0.11805155128240585,-0.0012288752663880548
80,109,189,train,True,0.0315441,0.34787435583770276,1492.5042984957247,1492.5177001953125,1492.8521728515625,0.33445703983306885,0.013417316004633917
81,108,189,train,True,0.0083727,0.5640770982205868,1486.4056494642793,1486.72509765625,1486.9697265625,0.2446030229330063,0.31947407528758054
82,107,189,train,True,0.0140616,0.9801292702555656,1479.1866187766195,1479.170654296875,1480.166748046875,0.9961151480674744,-0.015985877811908744
83,106,189,train,True,0.0208467,1.4848342442512512,1470.5482468104362,1470.6090087890625,1472.0330810546875,1.4240856170654297,0.060748627185821524
84,105,189,train,True,0.0220563,1.9312065488100052,1461.0176459902525,1461.1839599609375,1462.9488525390625,1.764939546585083,0.1662670022249222
74,116,190,train,True,0.035397,0.443116704672575,1510.0793442328275,1510.025634765625,1510.5224609375,0.4968111515045166,-0.05369444683194158
75,115,190,train,True,0.004864,-0.484073700606823,1510.5318031927943,1510.4573974609375,1510.0477294921875,-0.4097071886062622,-0.07436651200056077
76,114,190,train,True,0.000646,-0.6695307114720345,1512.8907221177221,1512.7999267578125,1512.22119140625,-0.5786866545677185,-0.09084405690431596
77,113,190,train,True,0.001368,-0.7496822476387024,1510.2433345913887,1510.0633544921875,1509.49365234375,-0.569696307182312,-0.17998594045639038
78,112,190,train,True,0.000665,-0.5143762381374836,1509.9203820975124,1509.8338623046875,1509.406005859375,-0.4278985261917114,-0.08647771194577214
79,111,190,train,True,0.003439,-0.21073457799851894,1504.6357834061234,1504.57861328125,1504.425048828125,-0.15351559221744537,-0.05721898578107357
80,110,190,train,True,0.015903,-0.12096770095638931,1502.197749927519,1502.333251953125,1502.0767822265625,-0.25658345222473145,0.13561575126834213
81,109,190,train,True,0.007258,0.3745205173641443,1494.4673984279484,1494.5465087890625,1494.8419189453125,0.29541051387786865,0.07911000348627567
82,108,190,train,True,0.012521,0.48980377957224847,1489.7435946579278,1489.8145751953125,1490.2333984375,0.41884660720825195,0.07095717236399651
83,107,190,train,True,0.020976,1.5797797119617463,1479.1646050536633,1479.2115478515625,1480.744384765625,1.532875657081604,0.046904054880142265
84,106,190,train,True,0.013167,1.583025666475296,1472.2930729663371,1472.39599609375,1473.8760986328125,1.480116605758667,0.10290906071662898
74,117,191,train,True,0.0419245,0.250719764046371,1515.0108769156411,1514.904296875,1515.2615966796875,0.3573707938194275,-0.10665102977305652
75,116,191,train,True,0.0102567,-0.4892843337357044,1517.3886983962357,1517.296142578125,1516.8994140625,-0.3967624306678772,-0.0925219030678272
76,115,191,train,True,0.0006685,-0.9498308458924294,1518.67871268183,1518.55859375,1517.7288818359375,-0.8297154307365417,-0.12011541515588764
77,114,191,train,True,0.0013179,-1.0223143610358238,1518.1563475641608,1518.08984375,1517.134033203125,-0.9558368921279907,-0.06647746890783313
78,113,191,train,True,0.0041256,-0.8750285002589225,1516.5752238127588,1516.2969970703125,1515.7001953125,-0.5968624949455261,-0.2781660053133964
79,112,191,train,True,0.0049278,-0.6720746344327927,1513.5445111578704,1513.6142578125,1512.8724365234375,-0.7418060302734375,0.0697313958406448
80,111,191,train,True,0.0222897,-0.4727115507423878,1509.6481265898049,1509.6258544921875,1509.1754150390625,-0.4504355788230896,-0.0222759719192982
81,110,191,train,True,0.0073535,-0.19162924811244011,1504.3062532715498,1504.5345458984375,1504.1146240234375,-0.4199416935443878,0.2283124454319477
82,109,191,train,True,0.0066086,0.33188820995390417,1497.8227748759837,1497.760498046875,1498.1546630859375,0.3940730392932892,-0.06218482933938502
83,108,191,train,True,0.0074872,1.048145668208599,1489.8125721052288,1489.92626953125,1490.8607177734375,0.9343858361244202,0.11375983208417884
84,107,191,train,True,0.0071052,1.6646260392665864,1480.973191343546,1480.973388671875,1482.6378173828125,1.6644439697265625,0.00018206954002386588
85,106,191,train,True,0.0161013,1.9777323520183563,1471.1328633511066,1471.25830078125,1473.110595703125,1.8522119522094727,0.12552039980888363
75,117,192,train,True,0.0707904,-0.6817376610636711,1522.7530267235636,1522.6058349609375,1522.0712890625,-0.5345695614814758,-0.14716809958219523
76,116,192,train,True,0.0023232,-1.1156392294168471,1526.131264229417,1526.116943359375,1525.015625,-1.1013327836990356,-0.014306445717811478
77,115,192,train,True,0.0013056,-1.4080761921405793,1524.4844922077655,1524.2879638671875,1523.076416015625,-1.2115490436553955,-0.19652714848518382
78,114,192,train,True,0.0025728,-1.2699288183450699,1525.04751670897,1524.95849609375,1523.777587890625,-1.1809394359588623,-0.08898938238620757
79,113,192,train,True,0.0158208,-1.1059189513325691,1520.709068365395,1520.6597900390625,1519.6031494140625,-1.0566462278366089,-0.049272723495960236
80,112,192,train,True,0.0155328,-1.0081386831402779,1519.0697841909528,1519.1168212890625,1518.0616455078125,-1.0551964044570923,0.047057721316814405
81,111,192,train,True,0.03168,-0.5570587514340878,1512.2086700795592,1512.1951904296875,1511.651611328125,-0.5436266660690308,-0.013432085365057023
82,110,192,train,True,0.0057216,-0.21844951286911965,1508.086125294119,1508.0924072265625,1507.86767578125,-0.2247692048549652,0.00631969198584556
83,109,192,train,True,0.0301056,1.0023985183238984,1498.2192811691762,1498.2928466796875,1499.2216796875,0.9288082718849182,0.07359024643898016
84,108,192,train,True,0.0106368,1.2412918561697006,1491.9546309953928,1492.0423583984375,1493.1959228515625,1.153458833694458,0.0878330224752426
85,107,192,train,True,0.0278784,2.0717002427577973,1480.2416542494298,1480.267822265625,1482.3133544921875,2.045488119125366,0.026212123632431084
75,118,193,train,True,0.0391211,-0.7882243368029594,1529.4148112508656,1529.3199462890625,1528.6265869140625,-0.6933789253234863,-0.09484541147947312
76,117,193,train,True,0.002316,-1.4033770889043808,1531.6331134170293,1531.700439453125,1530.229736328125,-1.4706699848175049,0.06729289591312404
77,116,193,train,True,0.0013317,-1.7223548620939255,1532.1287269324064,1532.0599365234375,1530.4063720703125,-1.6536401510238647,-0.06871471107006077
78,115,193,train,True,0.001351,-1.731822436451912,1531.495982592702,1531.220947265625,1529.76416015625,-1.4568816423416138,-0.27494079411029815
79,114,193,train,True,0.0086657,-1.6298377925157548,1529.3554237300157,1529.36376953125,1527.7255859375,-1.6381869316101074,0.008349139094352642
80,113,193,train,True,0.0154979,-1.4767618280649186,1526.3150186640023,1526.23876953125,1524.8382568359375,-1.400562047958374,-0.0761997801065446
81,112,193,train,True,0.0067164,-1.1819927525520324,1521.766465408802,1521.8714599609375,1520.58447265625,-1.287007212638855,0.10501446008682258
82,111,193,train,True,0.0102869,-0.5443768924474717,1515.9965253299474,1515.8411865234375,1515.4521484375,-0.3890776038169861,-0.1552992886304856
83,110,193,train,True,0.0075849,0.3696973103284836,1508.6132128459215,1508.714111328125,1508.98291015625,0.2687836289405823,0.1009136813879013
84,109,193,train,True,0.0145329,1.25629354596138,1500.3494193446636,1500.37255859375,1501.605712890625,1.2331961393356323,0.023097406625747663
85,108,193,train,True,0.0216353,1.7234508776664734,1491.197569630146,1491.3321533203125,1492.9210205078125,1.5888042449951172,0.13464663267135624
86,107,193,train,True,0.0251093,1.9367754173278808,1481.362296848297,1481.4395751953125,1483.299072265625,1.8594893217086792,0.07728609561920163
76,118,194,train,True,0.0024056,-1.5689968681335449,1538.784939250946,1538.8125,1537.2159423828125,-1.5965819358825684,0.027585067749023473
77,117,194,train,True,0.0013386,-2.137827274799347,1538.1887305951118,1538.126708984375,1536.0509033203125,-2.0758304595947266,-0.061996815204620415
78,116,194,train,True,0.0005044,-2.145379314422607,1539.6722347831726,1539.57275390625,1537.52685546875,-2.0459213256835938,-0.09945798873901346
79,115,194,train,True,0.0021146,-2.1653153568506243,1536.3098466068507,1536.2421875,1534.14453125,-2.097698926925659,-0.06761642992496508
80,114,194,train,True,0.0028906,-2.050428324341774,1535.4456919962167,1535.431884765625,1533.395263671875,-2.036623477935791,-0.013804846405983007
81,113,194,train,True,0.013968,-1.6712946718931199,1529.466460687518,1529.403076171875,1527.795166015625,-1.6078683137893677,-0.06342635810375219
82,112,194,train,True,0.0174406,-1.1366195738315583,1525.9579086363315,1525.89111328125,1524.8212890625,-1.0698561668395996,-0.06676340699195871
83,111,194,train,True,0.0052574,0.1172418280132115,1516.8858099297993,1516.9239501953125,1517.0030517578125,0.0790950283408165,0.038146799672394996
84,110,194,train,True,0.0129204,0.7245577561855316,1511.080251814127,1511.1231689453125,1511.8048095703125,0.681604266166687,0.04295349001884463
85,109,194,train,True,0.0234934,1.785206948518753,1499.9827373874186,1500.052734375,1501.7679443359375,1.7152386903762817,0.0699682581424712
86,108,194,train,True,0.0166646,1.6452560502290725,1492.7005691450834,1492.8292236328125,1494.3458251953125,1.516591191291809,0.12866485893726343
76,119,195,train,True,0.055887,-1.8713175296783446,1544.015726709366,1543.960205078125,1542.1444091796875,-1.8158867359161377,-0.05543079376220694
77,118,195,train,True,0.001326,-2.411280242204666,1545.490015593767,1545.358642578125,1543.0787353515625,-2.2798588275909424,-0.1314214146137238
78,117,195,train,True,0.000507,-2.6572964715957643,1545.8712857294083,1545.6778564453125,1543.2139892578125,-2.4637866020202637,-0.19350986957550065
79,116,195,train,True,0.0011115,-2.694120215177536,1544.64492587924,1544.668701171875,1541.9508056640625,-2.717867136001587,0.023746920824050832
80,115,195,train,True,0.0231465,-2.612695109844208,1542.4713376879693,1542.3326416015625,1539.858642578125,-2.473986864089966,-0.13870824575424212
81,114,195,train,True,0.0111345,-2.3162007236480715,1538.7137837314606,1538.6922607421875,1536.3975830078125,-2.2946605682373047,-0.021540155410766815
82,113,195,train,True,0.0050895,-1.5743663573265076,1533.6524913573264,1533.49267578125,1532.078125,-1.4145283699035645,-0.1598379874229432
83,112,195,train,True,0.0052845,-0.5265509898960591,1526.9456183727086,1526.997802734375,1526.4190673828125,-0.5787646770477295,0.05221368715167041
84,111,195,train,True,0.006045,0.5601948921382427,1519.3122416312992,1519.3065185546875,1519.8724365234375,0.5659152865409851,-0.0057203944027424125
85,110,195,train,True,0.0095745,1.2936765003204345,1510.721582288742,1510.8778076171875,1512.0152587890625,1.137416124343872,0.1562603759765624
86,109,195,train,True,0.0516945,1.7205726933479308,1501.521126525402,1501.574951171875,1503.24169921875,1.666766881942749,0.053805811405181814
76,120,196,train,True,0.0400624,-2.0551139521598816,1550.8931266474724,1550.797119140625,1548.8380126953125,-1.959074854850769,-0.09603909730911253
77,119,196,train,True,0.038416,-2.821730031967163,1551.2553237819673,1551.173095703125,1548.43359375,-2.73956561088562,-0.0821644210815431
78,118,196,train,True,0.0005096,-3.039412293434143,1553.7099445199967,1553.599853515625,1550.6705322265625,-2.929286003112793,-0.11012629032135024
79,117,196,train,True,0.0029596,-3.293010469675064,1551.3592946493625,1551.3116455078125,1548.0662841796875,-3.245333433151245,-0.04767703652381883
80,116,196,train,True,0.00294,-3.1773741066455843,1551.2727110207081,1551.216552734375,1548.0953369140625,-3.1211318969726562,-0.056242209672928034
81,115,196,train,True,0.0121128,-2.889043697118759,1546.1799372518062,1546.1048583984375,1543.2908935546875,-2.8139045238494873,-0.07513917326927189
82,114,196,train,True,0.0077028,-2.1917616832256317,1543.3043105113506,1543.174072265625,1541.112548828125,-2.061546802520752,-0.13021488070487974
83,113,196,train,True,0.0244216,-0.9243343043327331,1535.0317561793327,1535.0526123046875,1534.107421875,-0.9450940489768982,0.02075974464416508
84,112,196,train,True,0.00539,-0.030817544013261797,1529.7529855127632,1529.72998046875,1529.72216796875,-0.0078003001399338245,-0.023017243873327972
85,111,196,train,True,0.0302428,1.2113650649785996,1519.304626145959,1519.3919677734375,1520.5159912109375,1.123937726020813,0.08742733895778665
86,110,196,train,True,0.0140532,1.3243586325645447,1512.599591562748,1512.7213134765625,1513.9239501953125,1.2026664018630981,0.12169223070144652
77,120,197,train,True,0.0201137,-3.0574367463588716,1558.2247951447964,1558.0731201171875,1555.1673583984375,-2.905653476715088,-0.15178326964378375
78,119,197,train,True,0.0005319,-3.562354966402054,1559.6288832867147,1559.4464111328125,1556.0665283203125,-3.379859685897827,-0.1824952805042268
79,118,197,train,True,0.0005516,-3.8039321184158323,1559.3688735246658,1559.384033203125,1555.56494140625,-3.8191077709198,0.015175652503967463
80,117,197,train,True,0.0032111,-3.813433414697647,1558.0673396646976,1558.0020751953125,1554.25390625,-3.748230218887329,-0.06520319581031808
81,116,197,train,True,0.0135733,-3.521970410346985,1555.093503613472,1555.0338134765625,1551.571533203125,-3.4622178077697754,-0.05975260257720949
82,115,197,train,True,0.0048068,-2.7275641667842865,1550.7782233464718,1550.642578125,1548.0506591796875,-2.591937780380249,-0.13562638640403746
83,114,197,train,True,0.0083331,-1.5499745297431946,1544.7374745297432,1544.802001953125,1543.1875,-1.6146022081375122,0.0646276783943176
84,113,197,train,True,0.0098697,-0.39678280882537365,1537.8535699182003,1537.7255859375,1537.456787109375,-0.2687786817550659,-0.12800412707030773
85,112,197,train,True,0.0079785,0.5874896909296513,1529.8251079653203,1529.9053955078125,1530.41259765625,0.5071430206298828,0.0803466702997685
86,111,197,train,True,0.0161934,1.3000028002262116,1521.1722872388364,1521.2574462890625,1522.4722900390625,1.214875340461731,0.08512745976448066
87,110,197,train,True,0.0564405,1.696703888773918,1511.5502443534135,1511.7315673828125,1513.2469482421875,1.5154238939285278,0.18127999484539026
78,120,198,train,True,0.0020988,-3.8783829796314238,1567.1032364952564,1567.001953125,1563.224853515625,-3.777029514312744,-0.10135346531867961
79,119,198,train,True,0.0005346,-4.441927559375763,1565.8270593953132,1565.8963623046875,1561.3851318359375,-4.511277675628662,0.06935011625289889
80,118,198,train,True,0.0004554,-4.37639107465744,1566.5553461527825,1566.487548828125,1562.178955078125,-4.308623790740967,-0.06776728391647335
81,117,198,train,True,0.0075438,-4.1884075081348415,1562.3445354378223,1562.2796630859375,1558.1561279296875,-4.123538970947266,-0.0648685371875759
82,116,198,train,True,0.0087516,-3.345110207796097,1560.1045096218586,1560.0360107421875,1556.7593994140625,-3.2765309810638428,-0.06857922673225403
83,115,198,train,True,0.0275616,-2.0622326487302782,1552.6154553049803,1552.56005859375,1550.55322265625,-2.0068671703338623,-0.055365478396415924
84,114,198,train,True,0.017424,-0.9723534622788429,1547.9387841263413,1547.8770751953125,1546.9664306640625,-0.9106292128562927,-0.06172424942255017
85,113,198,train,True,0.0049104,0.28284284502267837,1538.2935731706023,1538.3302001953125,1538.576416015625,0.24613593518733978,0.036706909835338586
86,112,198,train,True,0.0134244,0.778807701766491,1532.0212411263585,1532.0694580078125,1532.800048828125,0.7305748462677002,0.04823285549879075
87,111,198,train,True,0.0311256,1.7195193481445312,1520.506188659668,1520.4791259765625,1522.2257080078125,1.7465989589691162,-0.027079610824584988
77,122,199,train,True,0.0410537,-3.7254740166664124,1570.4132181572913,1570.35009765625,1566.687744140625,-3.6623122692108154,-0.063161747455597
78,121,199,train,True,0.0021691,-4.372156543731689,1572.7095588874818,1572.557861328125,1568.33740234375,-4.22053337097168,-0.1516231727600097
79,120,199,train,True,0.0005373,-4.898001565933227,1573.4821080112458,1573.4805908203125,1568.5841064453125,-4.896493434906006,-0.00150813102722136
80,119,199,train,True,0.0005373,-5.082808480262757,1573.1234578943252,1573.150634765625,1568.0406494140625,-5.109912872314453,0.027104392051696458
81,118,199,train,True,0.0279396,-4.847867329120636,1570.9714024853706,1570.881591796875,1566.12353515625,-4.758024215698242,-0.08984311342239337
82,117,199,train,True,0.0068257,-3.9867774522304535,1567.3739844834804,1567.2716064453125,1563.38720703125,-3.8843374252319336,-0.10244002699851995
83,116,199,train,True,0.0106067,-2.7092861235141754,1562.0153163969517,1562.05517578125,1559.3060302734375,-2.749068021774292,0.03978189826011658
84,115,199,train,True,0.0054327,-1.4279204827547074,1555.8049956780671,1555.7139892578125,1554.3770751953125,-1.3369258642196655,-0.09099461853504187
85,114,199,train,True,0.0053929,-0.35928857199847697,1548.4908803688734,1548.51611328125,1548.131591796875,-0.3845362365245819,0.02524766452610494
86,113,199,train,True,0.0073033,0.6010743841528893,1540.4090574517845,1540.4703369140625,1541.0101318359375,0.5398089289665222,0.06126545518636706
87,112,199,train,True,0.013731,1.2742882460355758,1531.3260535508393,1531.356689453125,1532.600341796875,1.2436137199401855,0.03067452609539023
78,122,200,train,True,0.02012,-4.651785428524017,1579.857351834774,1579.8397216796875,1575.20556640625,-4.634165287017822,-0.017620141506195175
79,121,200,train,True,0.02672,-5.504412472248077,1579.6212337613106,1579.6982421875,1574.1168212890625,-5.581436634063721,0.07702416181564331
80,120,200,train,True,0.00054,-5.627413902282715,1581.2896453475953,1581.1790771484375,1575.6622314453125,-5.516931533813477,-0.11048236846923842
81,119,200,train,True,0.00576,-5.616623425483704,1578.0239720582963,1577.9407958984375,1572.4073486328125,-5.533351421356201,-0.0832720041275028
82,118,200,train,True,0.01,-4.639170076847076,1576.4181007409095,1576.362060546875,1571.7789306640625,-4.583115100860596,-0.05605497598648057
83,117,200,train,True,0.0227,-3.3262607991695403,1569.6838047444821,1569.6993408203125,1566.3575439453125,-3.341799259185791,0.0155384600162507
84,116,200,train,True,0.00758,-2.018176859021187,1565.5738409215212,1565.4881591796875,1563.5556640625,-1.9324359893798828,-0.08574086964130423
85,115,200,train,True,0.02446,-0.7708957290649414,1556.7383029556274,1556.7520751953125,1555.9674072265625,-0.7845681309700012,0.013672401905059806
86,114,200,train,True,0.0058,0.025794428451918067,1550.9667592824856,1550.982177734375,1550.9925537109375,0.010366150178015232,0.015428278273902835
87,113,200,train,True,0.03052,1.149330703318119,1540.0877298435569,1540.0657958984375,1541.237060546875,1.1711716651916504,-0.02184096187353135
78,123,201,train,True,0.0501093,-5.208748915195465,1585.2507411026954,1585.0526123046875,1580.0419921875,-5.01055908203125,-0.19818983316421512
79,122,201,train,True,0.003216,-5.9025837683677675,1586.9268757605553,1586.93017578125,1581.0242919921875,-5.905943393707275,0.0033596253395078435
80,121,201,train,True,0.0007236,-6.3340944576263425,1587.5692018795014,1587.40966796875,1581.235107421875,-6.174625396728516,-0.15946906089782686
81,120,201,train,True,0.0141906,-6.295097692012787,1586.3650439810754,1586.1456298828125,1580.0699462890625,-6.07565450668335,-0.21944318532943718
82,119,201,train,True,0.0137484,-5.404022989273071,1583.5086372470855,1583.4534912109375,1578.1046142578125,-5.3488569259643555,-0.05516606330871543
83,118,201,train,True,0.0121806,-3.9869434344768524,1578.7789356219769,1578.8291015625,1574.7919921875,-4.037143230438232,0.05019979596138002
84,117,201,train,True,0.0049446,-2.5735383832454684,1573.224295219183,1573.138916015625,1570.6507568359375,-2.488173007965088,-0.08536537528038046
85,116,201,train,True,0.0081807,-1.3708060276508331,1566.5612357151508,1566.6248779296875,1565.1904296875,-1.4344936609268188,0.0636876332759857
86,115,201,train,True,0.0101304,-0.32364999987185,1559.1970630858093,1559.1605224609375,1558.8734130859375,-0.28710487484931946,-0.036545125022530545
87,114,201,train,True,0.0090852,0.5979763355851173,1550.6671603831649,1550.68212890625,1551.26513671875,0.5829717516899109,0.015004583895206425
88,113,201,train,True,0.020301,1.2418490260839463,1541.5307339817286,1541.551513671875,1542.7725830078125,1.220956563949585,0.020892462134361356
78,124,202,train,True,0.025149,-5.604519667625428,1592.232083144188,1592.0753173828125,1586.6275634765625,-5.447782039642334,-0.15673762798309365
79,123,202,train,True,0.0232906,-6.546464374065399,1592.823441913128,1592.953857421875,1586.2769775390625,-6.676783561706543,0.13031918764114359
80,122,202,train,True,0.000707,-6.8427796459198,1595.4038148021698,1595.163818359375,1588.56103515625,-6.602818012237549,-0.23996163368225076
81,121,202,train,True,0.0018382,-7.094388148784637,1593.1554233050347,1593.0166015625,1586.06103515625,-6.955569744110107,-0.13881840467453
82,120,202,train,True,0.0037976,-6.104702470302581,1592.2922024703025,1592.1944580078125,1586.1875,-6.006901741027832,-0.09780072927474937
83,119,202,train,True,0.0139986,-4.720967862606049,1586.2585655188561,1586.2222900390625,1581.53759765625,-4.684723377227783,-0.03624448537826552
84,118,202,train,True,0.0086658,-3.1691389417648317,1582.67621901989,1582.630615234375,1579.507080078125,-3.123603343963623,-0.04553559780120864
85,117,202,train,True,0.0275932,-1.8817399334907532,1574.5885270428657,1574.5018310546875,1572.706787109375,-1.7950302362442017,-0.08670969724655153
86,116,202,train,True,0.0175134,-0.8756779301166534,1569.395331250429,1569.39892578125,1568.5196533203125,-0.8792759776115417,0.0035980474948883456
87,115,202,train,True,0.0060398,0.301209230273962,1559.2675163556635,1559.240478515625,1559.5687255859375,0.32822468876838684,-0.027015458494424827
88,114,202,train,True,0.0150086,0.7625656527280807,1552.462776144147,1552.48486328125,1553.225341796875,0.74054354429245,0.022022108435630794
79,124,203,train,True,0.0030856,-7.051735699176788,1599.9521263241768,1599.8155517578125,1592.900390625,-6.915217399597168,-0.13651829957962036
80,123,203,train,True,0.001624,-7.5878788232803345,1601.4404178857803,1601.1590576171875,1593.8525390625,-7.306478023529053,-0.28140079975128174
81,122,203,train,True,0.0011774,-7.7497295475006105,1601.1763652896882,1600.8687744140625,1593.4266357421875,-7.44216775894165,-0.3075617885589601
82,121,203,train,True,0.0065569,-6.951145052909851,1599.1702612638474,1599.111572265625,1592.2191162109375,-6.892492294311523,-0.05865275859832764
83,120,203,train,True,0.0127687,-5.401522395610809,1595.0633876299858,1595.067626953125,1589.661865234375,-5.4058403968811035,0.00431800127029458
84,119,203,train,True,0.0046487,-3.820314220190048,1590.11523609519,1590.0712890625,1586.294921875,-3.7763586044311523,-0.04395561575889584
85,118,203,train,True,0.0106169,-2.483716286420822,1584.0897953879833,1584.1407470703125,1581.6060791015625,-2.5345818996429443,0.05086561322212235
86,117,203,train,True,0.0058058,-1.320809059739113,1577.400643044114,1577.3797607421875,1576.079833984375,-1.2999287843704224,-0.020880275368690526
87,116,203,train,True,0.0062321,-0.2942222435772419,1569.5536216576397,1569.5369873046875,1569.2593994140625,-0.277532696723938,-0.016689546853303927
88,115,203,train,True,0.0096831,0.5943733866512776,1560.9796012227237,1561.0296630859375,1561.573974609375,0.5443036556243896,0.05006973102688794
80,124,204,train,True,0.00051,-8.212659475803376,1609.1031624054908,1608.6512451171875,1600.8905029296875,-7.760793209075928,-0.451866266727448
81,123,204,train,True,0.0011628,-8.581392903327941,1607.7138391923904,1607.52490234375,1599.1324462890625,-8.392417907714844,-0.18897499561309772
82,122,204,train,True,0.0011424,-7.675208842754364,1607.6763074755668,1607.5062255859375,1600.0010986328125,-7.505137920379639,-0.170070922374725
83,121,204,train,True,0.00918,-6.2085263895988465,1602.3180234599113,1602.260009765625,1596.1094970703125,-6.150550842285156,-0.05797554731369026
84,120,204,train,True,0.0100776,-4.407538423538208,1599.2446966266632,1599.1727294921875,1594.837158203125,-4.335610389709473,-0.07192803382873514
85,119,204,train,True,0.0226644,-3.0865688097476958,1591.8980922472476,1591.9246826171875,1588.8115234375,-3.1131341457366943,0.026565335988998573
86,118,204,train,True,0.007446,-1.8648208612203598,1587.2635025018453,1587.2371826171875,1585.398681640625,-1.8384687900543213,-0.02635207116603855
87,117,204,train,True,0.024582,-0.6917483764886856,1577.9303958374262,1577.87744140625,1577.2386474609375,-0.638756275177002,-0.05299210131168364
88,116,204,train,True,0.0089148,0.059046185286715624,1571.6266227600258,1571.6412353515625,1571.6856689453125,0.044385530054569244,0.01466065523214638
80,125,205,train,True,0.003649,-8.862645092010498,1614.7706040763856,1614.3201904296875,1605.907958984375,-8.41218376159668,-0.45046133041381786
81,124,205,train,True,0.00123,-9.328781552314759,1615.5375217866897,1615.0709228515625,1606.208740234375,-8.862166404724121,-0.4666151475906375
82,123,205,train,True,0.001148,-8.600023274421693,1614.3462390947343,1614.2379150390625,1605.7462158203125,-8.491740226745605,-0.10828304767608721
83,122,205,train,True,0.0048175,-6.914069149494171,1610.8455877041818,1610.7509765625,1603.9315185546875,-6.819433689117432,-0.09463546037673964
84,121,205,train,True,0.0100655,-5.11142322063446,1606.4371068143844,1606.4244384765625,1601.32568359375,-5.0987548828125,-0.012668337821960307
85,120,205,train,True,0.012054,-3.647244417667389,1601.0427522301675,1601.105224609375,1597.3955078125,-3.7097368240356445,0.062492406368255704
86,119,205,train,True,0.005084,-2.396773188114166,1595.0432575631141,1595.048095703125,1592.646484375,-2.401620388031006,0.004847199916839795
87,118,205,train,True,0.007831,-1.2651645344495774,1587.8657504719495,1587.8658447265625,1586.6005859375,-1.265228033065796,6.349861621846031e-05
88,117,205,train,True,0.0227755,-0.25292648758739233,1579.96154465165,1579.9698486328125,1579.7086181640625,-0.26116636395454407,0.008239876367151733
89,116,205,train,True,0.059327,0.599427020251751,1570.9474479797482,1570.8846435546875,1571.546875,0.6622599363327026,-0.06283291608095165
80,126,206,train,True,0.0204352,-8.565639996528626,1621.2310452699662,1621.0494384765625,1612.6654052734375,-8.384132385253906,-0.1815076112747196
81,125,206,train,True,0.0012772,-10.074541144371032,1621.711259894371,1621.57470703125,1611.63671875,-9.93798828125,-0.13655286312103243
82,124,206,train,True,0.0011536,-9.454520363807678,1622.6896277856827,1622.3245849609375,1613.235107421875,-9.089491844177246,-0.3650285196304317
83,123,206,train,True,0.0076426,-7.836586730480194,1617.9254539179801,1617.784912109375,1610.0888671875,-7.696071624755859,-0.1405151057243348
84,122,206,train,True,0.004017,-5.70415408372879,1615.2661658024788,1615.1630859375,1609.56201171875,-5.600974082946777,-0.10318000078201273
85,121,206,train,True,0.0135342,-4.270610486268997,1608.568462048769,1608.6314697265625,1604.2978515625,-4.333549976348877,0.06293949007987987
86,120,206,train,True,0.0085902,-2.9016696214675903,1604.548031926155,1604.5426025390625,1601.6463623046875,-2.896260976791382,-0.005408644676208496
87,119,206,train,True,0.02781,-1.7453775006532668,1596.0091714459659,1595.8741455078125,1594.2637939453125,-1.610414981842041,-0.13496251881122578
88,118,206,train,True,0.0180044,-0.7810258573293686,1590.2689408963918,1590.2794189453125,1589.4879150390625,-0.7915173172950745,0.010491459965705885
89,117,206,train,True,0.065096,0.33431603118777276,1579.6522562344371,1579.577880859375,1579.986572265625,0.4087003469467163,-0.07438431575894355
80,127,207,train,True,0.029808,-7.447793908119202,1624.8635653924941,1624.6624755859375,1617.415771484375,-7.24669885635376,-0.20109505176544218
81,126,207,train,True,0.0054441,-10.040932536125183,1628.4719628095627,1628.4271240234375,1618.4310302734375,-9.996074676513672,-0.04485785961151123
82,125,207,train,True,0.0011385,-10.341320910453796,1629.0422486448288,1629.0623779296875,1618.700927734375,-10.361384391784668,0.020063481330872435
83,124,207,train,True,0.0024012,-8.711688570976257,1626.3281436491013,1625.882568359375,1617.616455078125,-8.266085624694824,-0.4456029462814328
84,123,207,train,True,0.0066654,-6.5419566702842715,1622.3009898734092,1622.19140625,1615.759033203125,-6.4324212074279785,-0.10953546285629301
85,122,207,train,True,0.0123993,-4.800312139987946,1617.3748971009254,1617.4908447265625,1612.5745849609375,-4.916186809539795,0.11587466955184933
86,121,207,train,True,0.0047403,-3.44368226647377,1612.0335260164738,1612.11572265625,1608.58984375,-3.5258798599243164,0.08219759345054634
87,120,207,train,True,0.0175536,-2.2712586450576784,1605.5766785669327,1605.547607421875,1603.305419921875,-2.2422001361846924,-0.029058508872986
88,119,207,train,True,0.0582912,-1.179832873046398,1598.3734363886715,1598.40234375,1597.193603515625,-1.208720088005066,0.02888721495866786
89,118,207,train,True,0.0562419,-0.19809756062924863,1590.0071795918793,1589.9876708984375,1589.80908203125,-0.17869912087917328,-0.019398439750075352
80,128,208,train,True,0.0307424,-5.8197213292121885,1629.7195016026496,1629.5118408203125,1623.8997802734375,-5.612071990966797,-0.20764933824539167
81,127,208,train,True,0.0018512,-9.08312530517578,1632.6715042114258,1632.214111328125,1623.58837890625,-8.625849723815918,-0.45727558135986257
82,126,208,train,True,0.001144,-10.443294134140015,1636.3474689388274,1636.43017578125,1625.9041748046875,-10.526026725769043,0.08273259162902846
83,125,208,train,True,0.0023088,-9.623078136444091,1633.114044933319,1632.76953125,1623.490966796875,-9.278569221496582,-0.3445089149475091
84,124,208,train,True,0.001664,-7.340450894832611,1631.0377165198327,1630.586181640625,1623.697265625,-6.889009475708008,-0.45144141912460345
85,123,208,train,True,0.0089232,-5.52922226190567,1624.7109849572182,1624.8045654296875,1619.1817626953125,-5.622842311859131,0.09362004995346052
86,122,208,train,True,0.0101712,-3.9052210104465486,1621.1840296041964,1621.2076416015625,1617.27880859375,-3.928940534591675,0.023719524145126236
87,121,208,train,True,0.011648,-2.764622266292572,1613.4252667975425,1613.4349365234375,1610.66064453125,-2.77420973777771,0.009587471485137833
88,120,208,train,True,0.0090272,-1.6556965231895446,1608.3046223044396,1608.2596435546875,1606.64892578125,-1.6108131408691406,-0.04488338232040401
89,119,208,train,True,0.06448,-0.5366950914263725,1598.4645515367388,1598.4444580078125,1597.9278564453125,-0.5165916085243225,-0.020103482902049996
90,118,208,train,True,0.0318656,0.1277418447798118,1591.6797532724077,1591.73486328125,1591.8074951171875,0.0726318284869194,0.05511001629289239
81,128,209,train,True,0.0061028,-7.400573604106903,1637.508483760357,1637.18017578125,1630.10791015625,-7.072268486022949,-0.3283051180839536
82,127,209,train,True,0.0017556,-9.568208179473878,1640.6662306404114,1640.3675537109375,1631.0980224609375,-9.269608497619629,-0.2985996818542489
83,126,209,train,True,0.0013585,-9.699621415138244,1640.4311887979507,1640.229248046875,1630.7315673828125,-9.497644424438477,-0.2019769906997677
84,125,209,train,True,0.0017765,-8.238329985141753,1637.8481932663917,1637.5543212890625,1629.60986328125,-7.9444146156311035,-0.2939153695106498
85,124,209,train,True,0.0047443,-6.234506826400757,1633.3935644435883,1633.289794921875,1627.1590576171875,-6.130699634552002,-0.10380719184875531
86,123,209,train,True,0.0099693,-4.53035920381546,1628.4561404538154,1628.564697265625,1623.92578125,-4.638950824737549,0.10859162092208852
87,122,209,train,True,0.011495,-3.2173426246643064,1622.6076014137268,1622.6234130859375,1619.3902587890625,-3.233227014541626,0.01588438987731955
88,121,209,train,True,0.0057475,-2.080748946070671,1616.1261591023206,1616.20068359375,1614.04541015625,-2.1552836894989014,0.07453474342823041
89,120,209,train,True,0.0558448,-1.0376201352477075,1608.4626689633726,1608.4317626953125,1607.425048828125,-1.0066050291061401,-0.031015106141567328
81,129,210,train,True,0.011613,-6.003225061893463,1641.0044457650185,1640.8536376953125,1635.001220703125,-5.852502822875977,-0.15072223901748671
82,128,210,train,True,0.001449,-7.8716770458221434,1645.8943821239473,1645.552734375,1638.022705078125,-7.530031681060791,-0.34164536476135243
83,127,210,train,True,0.001365,-8.745588846206665,1645.0759111118316,1644.8338623046875,1636.330322265625,-8.503606796264648,-0.24198204994201689
84,126,210,train,True,0.001155,-8.234811062812804,1645.4923794221877,1645.212646484375,1637.257568359375,-7.955190181732178,-0.27962088108062666
85,125,210,train,True,0.007686,-7.014084665775299,1640.4923561501503,1640.4493408203125,1633.478271484375,-6.971077919006348,-0.043006746768951665
86,124,210,train,True,0.004557,-5.144344532489777,1637.4558679699899,1637.2996826171875,1632.3115234375,-4.9881391525268555,-0.1562053799629215
87,123,210,train,True,0.013419,-3.769984607696533,1630.2152971076966,1630.256103515625,1626.4453125,-3.8108367919921875,0.0408521842956544
88,122,210,train,True,0.009198,-2.502217017412186,1625.6871535408497,1625.6873779296875,1623.1849365234375,-2.502495527267456,0.00027850985527022587
89,121,210,train,True,0.062202,-1.3990770334005356,1616.6302782052755,1616.5838623046875,1615.231201171875,-1.3526757955551147,-0.04640123784542083
90,120,210,train,True,0.0189,-0.5741479063034057,1610.4517113828658,1610.506103515625,1609.8775634765625,-0.6284604072570801,0.05431250095367435
81,130,211,train,True,0.0419257,-4.63803302526474,1645.8908406424523,1645.7559814453125,1641.2528076171875,-4.5031538009643555,-0.13487922430038424
82,129,211,train,True,0.0022577,-6.345061819553376,1649.296355764866,1649.388671875,1642.9512939453125,-6.4373650550842285,0.09230323553085285
83,128,211,train,True,0.0054438,-7.069747505187988,1650.361007270813,1649.972412109375,1643.291259765625,-6.681217193603516,-0.38853031158447227
84,127,211,train,True,0.001266,-7.266097223758697,1650.159285700321,1649.763427734375,1642.8931884765625,-6.870266914367676,-0.3958303093910214
85,126,211,train,True,0.0027219,-6.950244462490081,1648.1139407515525,1648.19580078125,1641.1636962890625,-7.032054901123047,0.08181043863296544
86,125,211,train,True,0.0068153,-5.827163996696473,1644.4965975904465,1644.5216064453125,1638.66943359375,-5.852127552032471,0.024963555335998144
87,124,211,train,True,0.0119848,-4.340497411489487,1639.210980809927,1639.124267578125,1634.8704833984375,-4.253740310668945,-0.08675710082054167
88,123,211,train,True,0.0049585,-2.986149677038193,1633.2663010442257,1633.3697509765625,1630.2801513671875,-3.089618444442749,0.10346876740455624
89,122,211,train,True,0.0537628,-1.8437828600406647,1626.2552818834781,1626.2757568359375,1624.4114990234375,-1.8642830848693848,0.02050022482872005
90,121,211,train,True,0.0860669,-0.8576029843091965,1618.582700640559,1618.760498046875,1617.72509765625,-1.0353870391845703,0.17778405487537385
91,120,211,train,True,0.0694823,-0.027232380188070237,1609.813853473938,1609.80224609375,1609.78662109375,-0.015632860362529755,-0.011599519825540482
82,130,212,train,True,0.0018444,-4.872259249687195,1654.4767514371872,1654.515869140625,1649.6044921875,-4.911396026611328,0.03913677692413309
83,129,212,train,True,0.0018444,-5.645243566036225,1654.2663373160362,1654.3026123046875,1648.62109375,-5.681530475616455,0.03628690958023029
84,128,212,train,True,0.0011448,-5.690602827072143,1655.9480491161346,1655.771728515625,1650.2574462890625,-5.514284133911133,-0.17631869316101056
85,127,212,train,True,0.0023956,-6.029099495410919,1653.231492073536,1653.248046875,1647.202392578125,-6.04567813873291,0.016578643321991215
86,126,212,train,True,0.0031164,-5.724916574954986,1652.484682199955,1652.496826171875,1646.759765625,-5.737000465393066,0.012083890438080225
87,125,212,train,True,0.0087768,-4.906223351955414,1646.5391579222678,1646.5712890625,1641.6329345703125,-4.938326835632324,0.032103483676910294
88,124,212,train,True,0.0102608,-3.510240099430084,1642.6219344353676,1642.4716796875,1639.1116943359375,-3.3599040508270264,-0.15033604860305783
89,123,212,train,True,0.0218784,-2.2763513350486755,1634.1889489912987,1634.19091796875,1631.91259765625,-2.278355121612549,0.0020037865638733443
90,122,212,train,True,0.0101124,-1.2652647131681443,1628.578497135043,1628.5972900390625,1627.313232421875,-1.284109354019165,0.018844640851020777
91,121,212,train,True,0.0875984,-0.2635482583940029,1618.305052164644,1618.329345703125,1618.04150390625,-0.2878747284412384,0.024326470047235482
81,132,213,train,True,0.0270084,-2.3876243662834167,1654.266896827221,1654.036865234375,1651.8792724609375,-2.157607078552246,-0.23001728773117058
82,131,213,train,True,0.0069438,-3.719205242395401,1657.9936193048954,1658.241943359375,1654.2744140625,-3.9674460887908936,0.24824084639549238
83,130,213,train,True,0.0050907,-4.249208033084869,1659.5582900643349,1659.4876708984375,1655.30908203125,-4.17850399017334,-0.07070404291152954
84,129,213,train,True,0.0030459,-4.454966673851013,1660.0778914785385,1660.1270751953125,1655.6229248046875,-4.504133224487305,0.04916655063629172
85,128,213,train,True,0.004899,-4.637726340293884,1659.2408757543565,1659.270751953125,1654.6031494140625,-4.6675848960876465,0.029858555793762065
86,127,213,train,True,0.0033654,-4.859824590682983,1657.6956400203705,1657.6048583984375,1652.8358154296875,-4.768996238708496,-0.09082835197448702
87,126,213,train,True,0.0047073,-4.780084297657013,1654.541558907032,1654.6807861328125,1649.761474609375,-4.919342041015625,0.13925774335861174
88,125,213,train,True,0.0098193,-3.99659992814064,1649.9096858656405,1649.9986572265625,1645.9130859375,-4.085592746734619,0.088992818593979
89,124,213,train,True,0.0116724,-2.7957830309867857,1643.5795965075492,1643.4208984375,1640.7838134765625,-2.6369829177856445,-0.15880011320114118
90,123,213,train,True,0.0092229,-1.6278418505191803,1636.4824561083317,1636.659423828125,1634.8546142578125,-1.8047888278961182,0.17694697737693788
91,122,213,train,True,0.0571692,-0.6814966857433319,1628.3520289123057,1628.343017578125,1627.6705322265625,-0.6724790930747986,-0.009017592668533303
82,132,214,train,True,0.0019688,-2.511764371395111,1663.1746061682702,1663.2926025390625,1660.662841796875,-2.629833698272705,0.11806932687759408
83,131,214,train,True,0.0112136,-3.0985435533523558,1663.4753746080398,1663.528076171875,1660.3768310546875,-3.1512610912323,0.05271753787994404
84,130,214,train,True,0.0014552,-3.2310102474689484,1665.9418256771564,1666.014892578125,1662.7108154296875,-3.3040966987609863,0.07308645129203795
85,129,214,train,True,0.0039804,-3.545783804655075,1663.913947867155,1664.1417236328125,1660.3681640625,-3.773531198501587,0.22774739384651177
86,128,214,train,True,0.0091806,-3.6161180508136748,1664.254179574251,1664.2999267578125,1660.6380615234375,-3.6618728637695312,0.04575481295585648
87,127,214,train,True,0.0085172,-3.9241540777683257,1660.1626794683934,1660.15625,1656.238525390625,-3.9177229404449463,-0.00643113732337941
88,126,214,train,True,0.005243,-3.855903376340866,1658.3003613841533,1658.32275390625,1654.4444580078125,-3.878300189971924,0.02239681363105772
89,125,214,train,True,0.0135462,-3.191758805513382,1651.179429703951,1651.199951171875,1647.9876708984375,-3.2122368812561035,0.020478075742721646
90,124,214,train,True,0.0106572,-2.1076858407258987,1646.2379348641634,1646.1558837890625,1644.1302490234375,-2.0257091522216797,-0.08197668850421902
91,123,214,train,True,0.081213,-0.9876972246170044,1636.603419880867,1636.608642578125,1635.61572265625,-0.9928502440452576,0.005153019428253192
82,133,215,train,True,0.052675,-1.4549102014303208,1666.5354766076803,1666.8387451171875,1665.08056640625,-1.7581788301467896,0.30326862871646876
83,132,215,train,True,0.005633,-1.91307898581028,1668.7117850404977,1668.769287109375,1666.7987060546875,-1.9705588817596436,0.057479895949363646
84,131,215,train,True,0.0021285,-2.215064190030098,1670.02805247128,1670.157958984375,1667.81298828125,-2.345071792602539,0.13000760257244126
85,130,215,train,True,0.006622,-2.4653523707389833,1669.9566853785516,1670.0904541015625,1667.4913330078125,-2.5991361141204834,0.13378374338150012
86,129,215,train,True,0.0060845,-2.6447164642810823,1669.0839254486561,1669.2205810546875,1666.439208984375,-2.781341075897217,0.13662461161613448
87,128,215,train,True,0.0070735,-2.8033211958408355,1666.880957914591,1666.9510498046875,1664.07763671875,-2.873459815979004,0.0701386201381684
88,127,215,train,True,0.0072025,-3.003116310834885,1663.96234482646,1663.954833984375,1660.959228515625,-2.995609998703003,-0.007506312131881909
89,126,215,train,True,0.0124055,-3.0263609409332277,1659.5838560581208,1659.6739501953125,1656.5574951171875,-3.116445779800415,0.09008483886718732
90,125,215,train,True,0.0063425,-2.4373700261116027,1653.8105389714242,1654.000732421875,1651.3731689453125,-2.6276066303253174,0.1902366042137147
91,124,215,train,True,0.0824525,-1.4648973792791367,1646.3959276527166,1646.335205078125,1644.9310302734375,-1.4041751623153687,-0.060722216963768005
92,123,215,train,False,0.104146,-0.5589173312485218,1638.239703464061,1638.4681396484375,1637.6807861328125,-0.7873639464378357,0.22844661518931386
83,133,216,train,True,0.0111888,-0.867879421710968,1672.4785971951485,1672.595947265625,1671.6107177734375,-0.9852442145347595,0.11736479282379153
84,132,216,train,True,0.0018144,-1.1678313371539115,1675.798934852779,1675.9052734375,1674.631103515625,-1.274099349975586,0.10626801282167442
85,131,216,train,True,0.0035856,-1.5602233636379241,1674.549725316763,1674.6485595703125,1672.989501953125,-1.659077525138855,0.09885416150093085
86,130,216,train,True,0.0057672,-1.7217950147390366,1675.682000092864,1675.8695068359375,1673.960205078125,-1.9093176126480103,0.18752259790897363
87,129,216,train,True,0.0041688,-1.9079590260982513,1672.1843262135983,1672.3695068359375,1670.2763671875,-2.09316349029541,0.18520446419715886
88,128,216,train,True,0.0080136,-1.9948478454351426,1671.192601751685,1671.2667236328125,1669.19775390625,-2.068902015686035,0.07405417025089256
89,127,216,train,True,0.0092232,-2.1447667491436007,1665.6160802257061,1665.6260986328125,1663.4713134765625,-2.1547813415527344,0.010014592409133716
90,126,216,train,True,0.0111024,-2.268331612944603,1662.6122036832571,1662.6949462890625,1660.3438720703125,-2.3511078357696533,0.08277622282505037
91,125,216,train,True,0.0246456,-1.7023299187421799,1654.2767928093672,1654.3873291015625,1652.574462890625,-1.8129042387008667,0.11057431995868683
92,124,216,train,True,0.0281016,-0.9957416453957557,1648.3940570750833,1648.3623046875,1647.3983154296875,-0.9640423655509949,-0.03169927984476084
83,134,217,train,True,0.0177072,0.18242903163656593,1677.590642257426,1677.811279296875,1677.7730712890625,-0.03823649883270264,0.22066553046926857
84,133,217,train,True,0.0065534,-0.18622286009602249,1679.662541219471,1679.8753662109375,1679.476318359375,-0.3991188108921051,0.21289595079608262
85,132,217,train,True,0.004991,-0.6247945502400398,1680.46659142524,1680.5819091796875,1679.841796875,-0.740192174911499,0.1153976246714592
86,131,217,train,True,0.0041881,-0.9526275953650475,1680.4459137281776,1680.53564453125,1679.4932861328125,-1.0423412322998047,0.0897136369347572
87,130,217,train,True,0.0065317,-1.108168751001358,1678.9412986338139,1679.09716796875,1677.8331298828125,-1.26408052444458,0.15591177344322205
88,129,217,train,True,0.0070525,-1.1962434291839599,1676.6292268276216,1676.739990234375,1675.4329833984375,-1.306928277015686,0.11068484783172616
89,128,217,train,True,0.0112189,-1.258274880349636,1673.0053451928497,1673.144775390625,1671.7470703125,-1.3977266550064087,0.13945177465677272
90,127,217,train,True,0.0106113,-1.409831644296646,1668.7053638708592,1668.8590087890625,1667.2955322265625,-1.5634323358535767,0.15360069155693057
91,126,217,train,True,0.0124992,-1.517341514825821,1663.1010817492008,1663.2276611328125,1661.583740234375,-1.64395010471344,0.12660858988761903
83,135,218,train,True,0.0270102,1.191683228313923,1681.1437659904361,1681.396484375,1682.33544921875,0.938928484916687,0.2527547433972359
84,134,218,train,True,0.001962,0.7685299962759018,1685.2628420740366,1685.4735107421875,1686.0313720703125,0.557866632938385,0.21066336333751678
85,133,218,train,True,0.0115104,0.23549295861274003,1684.8439748148248,1684.9476318359375,1685.0794677734375,0.13181160390377045,0.10368135470896958
86,132,218,train,True,0.0023108,-0.17831470862962306,1686.9183049430046,1687.048095703125,1686.739990234375,-0.30808085203170776,0.1297661434020847
87,131,218,train,True,0.0042292,-0.440058703944087,1684.200312610194,1684.4237060546875,1683.76025390625,-0.6634438037872314,0.22338509984314442
88,130,218,train,True,0.00981,-0.5091818372905255,1683.895046095103,1684.0552978515625,1683.3858642578125,-0.6694353222846985,0.16025348499417302
89,129,218,train,True,0.0576174,-0.5109428855776786,1678.8888725730776,1679.067626953125,1678.3779296875,-0.6896259784698486,0.17868309289217
90,128,218,train,True,0.0105076,-0.6417267026007175,1676.6105987729131,1676.7694091796875,1675.9688720703125,-0.8005279302597046,0.15880122765898708
91,127,218,train,True,0.0178542,-0.6915789532661438,1669.6241961407661,1669.7042236328125,1668.9326171875,-0.7716155648231506,0.08003661155700681
92,126,218,train,True,0.0137122,-1.0021806895732879,1665.4911943614484,1665.6767578125,1664.489013671875,-1.1876949071884155,0.18551421761512765
84,135,219,train,True,0.0158337,1.6962400060892104,1688.9296144860982,1689.2200927734375,1690.6258544921875,1.4057061672210693,0.2905338388681411
85,134,219,train,True,0.0032412,1.0962509307265282,1690.5712295380235,1690.72314453125,1691.66748046875,0.9442828893661499,0.15196804136037834
86,133,219,train,True,0.0021024,0.5300898946821689,1691.481384714693,1691.5074462890625,1692.011474609375,0.5039592385292053,0.026130656152963616
87,132,219,train,True,0.0068766,0.18767756961286067,1690.8538263366372,1690.9375,1691.04150390625,0.10404013842344284,0.08363743118941783
88,131,219,train,True,0.0068109,0.0664887678809464,1689.2817778336816,1689.3782958984375,1689.3482666015625,-0.029945360496640205,0.09643412837758661
89,130,219,train,True,0.0514869,0.07853900941088796,1686.2882822796516,1686.420166015625,1686.3668212890625,-0.053355488926172256,0.1318944983370602
90,129,219,train,True,0.0564582,0.08709865164011717,1682.5493759577348,1682.74462890625,1682.636474609375,-0.10812637209892273,0.19522502373903988
91,128,219,train,True,0.0697077,0.002189723856281489,1677.6411208230188,1677.841796875,1677.643310546875,-0.1985348016023636,0.20072452545864508
92,127,219,train,True,0.0133371,-0.24202048011124133,1672.1179970426113,1672.3468017578125,1671.8759765625,-0.4707634747028351,0.22874299459159375
93,126,219,train,True,0.0919581,-0.4621165805310011,1665.3330882602186,1665.4234619140625,1664.8709716796875,-0.5524786710739136,0.0903620905429125
84,136,220,train,True,0.017688,2.5861871004104615,1694.3380072355271,1694.7093505859375,1696.9241943359375,2.2148191928863525,0.371367907524109
85,135,220,train,True,0.01397,1.9248928499221802,1694.7261081266404,1694.814697265625,1696.6510009765625,1.8362650871276855,0.08862776279449469
86,134,220,train,True,0.001804,1.2594090712070465,1697.731069444418,1697.796142578125,1698.990478515625,1.1943336725234985,0.06507539868354795
87,133,220,train,True,0.004026,0.7209211614727974,1695.9828141900898,1696.1434326171875,1696.7037353515625,0.5602978467941284,0.16062331467866897
88,132,220,train,True,0.00759,0.5694390392303467,1696.4527777576448,1696.5712890625,1697.022216796875,0.4509156346321106,0.11852340459823607
89,131,220,train,True,0.006138,0.5464217935502529,1692.1752578939497,1692.3173828125,1692.7216796875,0.40433722734451294,0.14208456620573995
90,130,220,train,True,0.013684,0.6063614118099213,1690.41316983819,1690.5892333984375,1691.01953125,0.43030714988708496,0.17605426192283635
91,129,220,train,True,0.014652,0.6999731770157814,1684.0047387370466,1684.218017578125,1684.7047119140625,0.48672088980674744,0.213252287209034
93,127,220,train,True,0.030712,0.2607841556891799,1672.3921699458733,1672.4566650390625,1672.6529541015625,0.19627530872821808,0.06450884696096182
84,137,221,train,True,0.0195585,3.4288481211662294,1697.8450776600837,1698.2703857421875,1701.27392578125,3.003547191619873,0.42530092954635634
85,136,221,train,True,0.0139672,2.7545349955558778,1700.2265441060067,1700.47900390625,1702.9810791015625,2.5019612312316895,0.2525737643241883
86,135,221,train,True,0.0057239,1.964425362944603,1702.0421664339303,1702.008056640625,1704.006591796875,1.9984917640686035,-0.03406640112400061
87,134,221,train,True,0.0048841,1.3337183284759522,1702.3824681949616,1702.4197998046875,1703.7161865234375,1.296328067779541,0.03739026069641116
88,133,221,train,True,0.004641,1.0016545861959458,1701.7169733434916,1701.950927734375,1702.7186279296875,0.767721951007843,0.2339326351881028
89,132,221,train,True,0.0569075,0.9523346424102783,1699.4782073497772,1699.601318359375,1700.4305419921875,0.8291528224945068,0.12318181991577148
90,131,221,train,True,0.0080002,1.0461440497636796,1696.363890129924,1696.41015625,1697.4100341796875,0.9998292922973633,0.0463147574663163
91,130,221,train,True,0.0593827,1.1491528862714768,1691.9748705512286,1692.1927490234375,1693.1240234375,0.9312950372695923,0.21785784900188454
92,129,221,train,True,0.0721344,1.136382876932621,1686.9443055996298,1687.265380859375,1688.0806884765625,0.8153381943702698,0.3210446825623512
84,138,222,train,True,0.0400488,4.100020564794541,1703.221634708643,1703.629150390625,1707.3216552734375,3.692418098449707,0.40760246634483366
85,137,222,train,True,0.0158286,3.500458815097809,1704.2160939192772,1704.380126953125,1707.716552734375,3.3364593982696533,0.16399941682815555
86,136,222,train,True,0.0019536,2.7082474887371064,1708.016117745638,1708.1788330078125,1710.724365234375,2.545520305633545,0.1627271831035615
87,135,222,train,True,0.0074592,1.915898500084877,1707.2038524764776,1707.390380859375,1709.1197509765625,1.7294065952301025,0.1864919048547744
88,134,222,train,True,0.0044622,1.499793637394905,1708.62056769073,1708.6658935546875,1710.120361328125,1.4544599056243896,0.04533373177051536
89,133,222,train,True,0.0047064,1.2895774972438812,1705.226291643381,1705.5819091796875,1706.515869140625,0.9339392781257629,0.3556382191181182
90,132,222,train,True,0.010212,1.3806195843219757,1704.1290239703656,1704.2183837890625,1705.5096435546875,1.2912977933883667,0.08932179093360904
91,131,222,train,True,0.0866022,1.531716252565384,1698.3733130443097,1698.57470703125,1699.905029296875,1.3303089141845703,0.2014073383808137
92,130,222,train,True,0.0519924,1.5288518679141998,1695.3633600461483,1695.5838623046875,1696.8922119140625,1.3084042072296143,0.22044766068458554
93,129,222,train,True,0.0380508,1.5503284287452699,1687.7367809462548,1687.7996826171875,1689.287109375,1.4874011278152466,0.0629273009300233
85,138,223,train,True,0.0139821,4.1338811647892,1709.6609186398982,1709.9764404296875,1713.7947998046875,3.818324327468872,0.3155568373203277
86,137,223,train,True,0.0078273,3.3718044090270998,1712.1194065284728,1712.2322998046875,1715.4912109375,3.258859395980835,0.11294501304626481
87,136,223,train,True,0.0019401,2.574898955821991,1713.294729950428,1713.4573974609375,1715.86962890625,2.4122509956359863,0.1626479601860047
88,135,223,train,True,0.0020962,1.945941407084465,1713.6109433585405,1713.8240966796875,1715.556884765625,1.7327306270599365,0.21321078002452842
89,134,223,train,True,0.0069576,1.6586965483427047,1712.2927194672823,1712.449951171875,1713.951416015625,1.5013834238052368,0.15731312453746793
90,133,223,train,True,0.0079388,1.6532575035095214,1709.9762590980529,1710.1072998046875,1711.6295166015625,1.5222070217132568,0.13105048179626455
91,132,223,train,True,0.0756416,1.7793862217664718,1706.260530770421,1706.3726806640625,1708.0399169921875,1.6671398878097534,0.11224633395671835
92,131,223,train,True,0.0590504,1.9013232398033142,1701.8077832055092,1701.8826904296875,1703.7091064453125,1.8263589143753052,0.07496432542800902
93,130,223,train,True,0.0828668,1.8967422568798065,1696.2385116493701,1696.487060546875,1698.13525390625,1.6481328010559082,0.24860945582389826
85,139,224,train,True,0.0223552,4.676285479068756,1713.6118004584312,1713.7647705078125,1718.2880859375,4.5233869552612305,0.15289852380752578
86,138,224,train,True,0.0098112,3.9651532518863677,1717.9887041699885,1718.248291015625,1721.953857421875,3.705490827560425,0.2596624243259429
87,137,224,train,True,0.0111776,3.131249179840088,1717.889502773285,1718.1624755859375,1721.020751953125,2.858290910720825,0.2729582691192629
88,136,224,train,True,0.0018144,2.476901000738144,1720.215970093012,1720.3028564453125,1722.69287109375,2.3899543285369873,0.0869466722011567
89,135,224,train,True,0.0040992,1.9685514575242997,1717.8051301831008,1718.1121826171875,1719.773681640625,1.6614588499069214,0.30709260761737833
90,134,224,train,True,0.0096096,1.9076884365081788,1717.5448262119294,1717.5684814453125,1719.4525146484375,1.8841252326965332,0.02356320381164556
91,133,224,train,True,0.0075936,1.9739562523365022,1712.573040817976,1712.9193115234375,1714.5469970703125,1.6276586055755615,0.34629764676094066
92,132,224,train,True,0.0152544,2.0745229583978655,1710.158387197852,1710.256591796875,1712.23291015625,1.9763237237930298,0.0981992346048357
93,131,224,train,True,0.0289184,2.216525443792343,1703.1240507280827,1703.1846923828125,1705.340576171875,2.155907392501831,0.06061805129051212
86,139,225,train,True,0.0111375,4.454220292568206,1722.0231966996193,1722.2305908203125,1726.4774169921875,4.246809482574463,0.2074108099937435
87,138,225,train,True,0.01197,3.672548454999924,1723.841855841875,1724.1617431640625,1727.514404296875,3.352583646774292,0.3199648082256319
88,137,225,train,True,0.0025875,2.906767295598984,1724.968965126276,1725.20703125,1727.875732421875,2.6687707901000977,0.23799650549888618
89,136,225,train,True,0.0047475,2.345073251724243,1724.5971874904633,1724.7803955078125,1726.9422607421875,2.1618735790252686,0.18319967269897441
90,135,225,train,True,0.005085,2.0950094836950304,1723.2132180553674,1723.3251953125,1725.3082275390625,1.983090877532959,0.11191860616207139
91,134,225,train,True,0.0818775,2.102857189774513,1720.301317614913,1720.496337890625,1722.4041748046875,1.9077856540679932,0.19507153570652003
92,133,225,train,True,0.009945,2.220381964445114,1716.554520379305,1716.6986083984375,1718.77490234375,2.07620906829834,0.1441728961467743
93,132,225,train,True,0.09162,2.3219729709625243,1711.5780514430999,1711.670166015625,1713.9000244140625,2.229769706726074,0.09220326423645009
86,140,226,train,True,0.0104864,4.862212834358215,1727.8285830640793,1728.0888671875,1732.6907958984375,4.601959228515625,0.26025360584258994
87,139,226,train,True,0.0062376,4.072593261003494,1728.346229981184,1728.533203125,1732.4188232421875,3.8857100009918213,0.18688326001167255
88,138,226,train,True,0.001921,3.364953305721283,1731.3872439599038,1731.603759765625,1734.752197265625,3.1484005451202393,0.21655276060104356
89,137,226,train,True,0.0030962,2.6100066709518432,1729.8976837587356,1730.1798095703125,1732.5076904296875,2.327913999557495,0.2820926713943481
90,136,226,train,True,0.0044748,2.3311463236808776,1730.5300597310065,1730.509033203125,1732.8612060546875,2.352156639099121,-0.021010315418243497
91,135,226,train,True,0.0112096,2.156016838550568,1726.4877819895744,1726.8907470703125,1728.643798828125,1.7531367540359497,0.4028800845146181
92,134,226,train,True,0.011074,2.2640739524364473,1724.7537483131885,1724.8131103515625,1727.017822265625,2.2046165466308594,0.05945740580558789
93,133,226,train,False,0.1020616,2.3901403653621673,1718.4371301424503,1718.542724609375,1720.8272705078125,2.284534215927124,0.10560614943504332
86,141,227,train,True,0.0140967,5.176423420906067,1731.800383219719,1732.021484375,1736.976806640625,4.955236434936523,0.22118698596954367
87,140,227,train,True,0.005902,4.4599538421630855,1734.2022776031495,1734.442626953125,1738.6622314453125,4.219608783721924,0.24034505844116172
88,139,227,train,True,0.0019522,3.683933870792389,1736.0034440588952,1736.1651611328125,1739.6873779296875,3.5222151279449463,0.1617187428474427
89,138,227,train,True,0.0019295,2.957306069135666,1736.4583433449268,1736.7108154296875,1739.4156494140625,2.7048258781433105,0.2524801909923555
90,137,227,train,True,0.0020884,2.462425929307938,1735.9964363753795,1735.9732666015625,1738.4588623046875,2.4856669902801514,-0.023241060972213567
91,136,227,train,True,0.007264,2.247356290817261,1733.9823800373078,1734.165283203125,1736.229736328125,2.0645148754119873,0.18284141540527354
92,135,227,train,True,0.0085125,2.244590678215027,1731.04666908741,1731.168212890625,1733.291259765625,2.122960329055786,0.12163034915924076
93,134,227,train,True,0.0769984,2.3466775894165037,1726.757936668396,1726.8519287109375,1729.1046142578125,2.252697467803955,0.09398012161254865
86,142,228,train,True,0.01767,5.448027200698853,1737.4987501430512,1737.7352294921875,1742.94677734375,5.211576461791992,0.23645073890686064
87,141,228,train,True,0.006726,4.714793965816498,1738.6111337685586,1738.8121337890625,1743.325927734375,4.513789176940918,0.20100478887558015
88,140,228,train,True,0.0020064,4.034021998643875,1742.2762807357312,1742.4737548828125,1746.310302734375,3.836524248123169,0.19749775052070628
89,139,228,train,True,0.0020976,3.1455935931205747,1741.5846310162544,1741.7369384765625,1744.730224609375,2.9932377338409424,0.15235585927963236
90,138,228,train,True,0.0018012,2.701446945667267,1743.0464778590203,1743.078369140625,1745.7479248046875,2.669560432434082,0.03188651323318492
91,137,228,train,True,0.004332,2.2149750030040742,1739.9933990204333,1740.143310546875,1742.2083740234375,2.065021276473999,0.14995372653007522
92,136,228,train,True,0.0134748,2.251239401102066,1739.008526223898,1739.0645751953125,1741.259765625,2.195139169692993,0.056100231409073054
94,134,228,train,True,0.0233472,2.3614792788028716,1730.4841017758847,1730.612060546875,1732.8455810546875,2.233551025390625,0.12792825341224656
86,143,229,train,True,0.0130301,5.663717551231384,1741.3370148706435,1741.6876220703125,1747.000732421875,5.31308126449585,0.3506362867355346
87,142,229,train,True,0.0049922,4.99926283121109,1744.3254442000389,1744.599365234375,1749.32470703125,4.7252984046936035,0.27396442651748654
88,141,229,train,True,0.0154346,4.2482959127426145,1746.7553661966324,1746.92333984375,1751.003662109375,4.080284118652344,0.16801179409027078
89,140,229,train,True,0.0121141,3.4526591897010803,1747.930885732174,1748.0130615234375,1751.383544921875,3.370513677597046,0.08214551210403442
90,139,229,train,True,0.0024045,2.7876836824417115,1748.3060663175584,1748.3350830078125,1751.09375,2.758638858795166,0.02904482364654548
91,138,229,train,True,0.0032747,2.3358666598796844,1747.1934302151203,1747.241455078125,1749.529296875,2.2879254817962646,0.0479411780834198
92,137,229,train,True,0.0059311,2.142876822948456,1745.1281192708016,1745.145263671875,1747.27099609375,2.125666379928589,0.01721044301986696
93,136,229,train,False,0.1011722,2.133118953704834,1741.6290880775452,1741.772216796875,1743.76220703125,1.9899790287017822,0.14313992500305162
94,135,229,train,True,0.0606392,2.220073611736298,1737.3153267788887,1737.396240234375,1739.535400390625,2.1390445232391357,0.08102908849716206
95,134,229,train,False,0.1063476,2.3432825326919557,1731.738748717308,1731.8284912109375,1734.08203125,2.2535479068756104,0.08973462581634539
87,143,230,train,True,0.006532,5.194340615272522,1748.5588332128525,1748.8521728515625,1753.753173828125,4.900985240936279,0.2933553743362429
88,142,230,train,True,0.010304,4.533944826126099,1752.8449614238739,1753.040283203125,1757.37890625,4.33854866027832,0.19539616584777875
89,141,230,train,True,0.015847,3.5960938942432406,1752.8570311057567,1752.9359130859375,1756.453125,3.517172336578369,0.07892155766487141
90,140,230,train,True,0.001219,3.0390200638771057,1755.0859799361228,1755.12939453125,1758.125,2.995633840560913,0.043386223316192574
91,139,230,train,True,0.003036,2.27336315870285,1752.9794444584847,1753.0360107421875,1755.2528076171875,2.2168240547180176,0.05653910398483264
92,138,230,train,True,0.004508,2.1945612943172454,1752.7768742525577,1752.812255859375,1754.971435546875,2.1592187881469727,0.03534250617027279
93,137,230,train,True,0.055016,1.9086706161499023,1748.243917274475,1748.4083251953125,1750.152587890625,1.7442989349365234,0.16437168121337886
94,136,230,train,True,0.014444,2.1005737841129304,1745.8175170361997,1745.930419921875,1747.9180908203125,1.9877046346664429,0.11286914944648752
87,144,231,train,True,0.0077385,5.444087131023407,1754.068974392414,1754.3297119140625,1759.5130615234375,5.183369159698486,0.2607179713249206
88,143,231,train,True,0.0113652,4.722411324977875,1757.1134041047096,1757.4114990234375,1761.8358154296875,4.42437744140625,0.29803388357162497
89,142,231,train,True,0.0130515,3.895767104625702,1758.9617768406868,1759.082763671875,1762.8575439453125,3.774857759475708,0.12090934514999407
90,141,231,train,True,0.0012243,3.1201357209682463,1760.1044736540318,1760.2474365234375,1763.224609375,2.977208137512207,0.1429275834560393
91,140,231,train,True,0.0017787,2.4618542182445524,1759.853209258318,1759.8565673828125,1762.3150634765625,2.4584414958953857,0.0034127223491666747
92,139,231,train,True,0.0026796,2.057236888408661,1758.6693256115914,1758.692626953125,1760.7265625,2.033909797668457,0.023327090740203893
93,138,231,train,True,0.0511434,1.874509659409523,1756.010866317153,1756.092529296875,1757.8853759765625,1.792805790901184,0.08170386850833888
94,137,231,train,True,0.0220605,1.8604132837057115,1752.481017380357,1752.625244140625,1754.3414306640625,1.7161473035812378,0.14426598012447367
87,145,232,train,True,0.0139664,5.613244380950928,1758.0984255409242,1758.4088134765625,1763.711669921875,5.30295991897583,0.3102844619750975
88,144,232,train,True,0.0091408,4.995779612064362,1762.9732145285607,1763.2022705078125,1767.968994140625,4.766754627227783,0.2290249848365784
89,143,232,train,True,0.0130384,4.059533957242966,1763.628210183382,1763.762451171875,1767.687744140625,3.9252231121063232,0.1343108451366426
90,142,232,train,True,0.0014152,3.4088391506671907,1766.5953112399577,1766.6878662109375,1770.004150390625,3.3162596225738525,0.09257952809333814
91,141,232,train,True,0.007656,2.4308439254760743,1765.358462715149,1765.4056396484375,1767.789306640625,2.383633613586426,0.047210311889648526
92,140,232,train,True,0.0018096,2.1976473116874695,1765.9673917508126,1765.96044921875,1768.1650390625,2.204646587371826,-0.006999275684356654
94,138,232,train,True,0.0168896,1.8015349465608597,1760.6504914206266,1760.644287109375,1762.4520263671875,1.8077093362808228,-0.0061743897199630915
87,146,233,train,True,0.019572,5.820013909339905,1763.4181452703476,1763.6328125,1769.2381591796875,5.605268955230713,0.21474495410919214
88,145,233,train,True,0.0085977,5.171599688529969,1767.023468670845,1767.4365234375,1772.195068359375,4.758586883544922,0.4130128049850468
89,144,233,train,True,0.013048,4.378212013244629,1769.4709090805054,1769.68017578125,1773.84912109375,4.168957710266113,0.20925430297851566
90,143,233,train,True,0.0014213,3.5384939348697664,1771.3246652448177,1771.4742431640625,1774.8631591796875,3.388976812362671,0.14951712250709548
91,142,233,train,True,0.0013281,2.71103018283844,1771.8874805593491,1771.93408203125,1774.5985107421875,2.664389133453369,0.046641049385070854
92,141,233,train,True,0.0022601,2.0843723863363266,1771.5855494886637,1771.7220458984375,1773.669921875,1.9477972984313965,0.13657508790493011
93,140,233,train,True,0.0509804,1.6921606308221817,1769.7941674941778,1769.9102783203125,1771.486328125,1.5759823322296143,0.11617829859256745
94,139,233,train,True,0.0541725,1.533359526991844,1767.0817527776956,1767.024658203125,1768.6151123046875,1.5904226303100586,-0.057063103318214514
96,137,233,train,True,0.081084,1.6432832467556,1758.055569292307,1758.218505859375,1759.6988525390625,1.4803568124771118,0.16292643427848819
88,146,234,train,True,0.0083772,5.404632794857025,1772.687164080143,1772.9112548828125,1778.091796875,5.180495262145996,0.22413753271102888
89,145,234,train,True,0.0139698,4.549653217792511,1773.8956592822076,1774.2183837890625,1778.4453125,4.226914882659912,0.3227383351325992
90,144,234,train,True,0.0025974,3.8687257039546967,1777.5277586710454,1777.6641845703125,1781.396484375,3.732264280319214,0.13646142363548286
91,143,234,train,True,0.004095,2.7697517704963683,1777.059471862316,1777.156005859375,1779.8292236328125,2.6732845306396484,0.0964672398567199
92,142,234,train,True,0.0011232,2.3435773611068726,1778.5088396310807,1778.5675048828125,1780.8524169921875,2.284909725189209,0.05866763591766366
93,141,234,train,True,0.0084006,1.4834983736276626,1775.8807594388722,1775.975341796875,1777.3642578125,1.3888591527938843,0.09463922083377829
94,140,234,train,True,0.0068094,1.578182126879692,1774.8814125996828,1774.7978515625,1776.4595947265625,1.6618071794509888,-0.08362505257129671
96,138,234,train,True,0.017082,1.5124794459342956,1766.7055381321907,1766.8607177734375,1768.218017578125,1.3573298454284668,0.15514960050582882
89,146,235,train,True,0.0139825,4.836236464977264,1779.5327820897103,1779.773681640625,1784.3690185546875,4.59537935256958,0.24085711240768415
90,145,235,train,True,0.0130425,4.026492314338684,1781.9940154981614,1782.330810546875,1786.0205078125,3.6898016929626465,0.33669062137603767
91,144,235,train,True,0.0139825,3.130117733478546,1783.261117618084,1783.2772216796875,1786.3912353515625,3.1139962673187256,0.016121466159820574
92,143,235,train,True,0.001128,2.3203849840164184,1783.792285914421,1783.864990234375,1786.1126708984375,2.2476086616516113,0.07277632236480702
93,142,235,train,True,0.0013865,1.6784973084926604,1782.8984069883822,1782.9583740234375,1784.576904296875,1.6185342073440552,0.05996310114860526
94,141,235,train,True,0.0205155,1.3158107584714889,1781.0525974446534,1781.0367431640625,1782.368408203125,1.331632137298584,-0.01582137882709511
95,140,235,train,True,0.052781,1.1892141449451445,1777.7369333159922,1777.8121337890625,1778.9261474609375,1.1139823198318481,0.0752318251132964
89,147,236,train,True,0.0381848,4.992232394218445,1783.744217801094,1783.981201171875,1788.7364501953125,4.755321025848389,0.23691136837005633
90,146,236,train,True,0.0139712,4.34206536769867,1787.9711670541762,1788.1646728515625,1792.313232421875,4.148579120635986,0.19348624706268325
91,145,236,train,True,0.0139712,3.253095517158508,1788.1309376859665,1788.303466796875,1791.384033203125,3.080451250076294,0.17264426708221414
92,144,236,train,True,0.0011092,2.6838926327228547,1790.3611513125898,1790.4105224609375,1793.0450439453125,2.6344637870788574,0.0494288456439973
93,143,236,train,True,0.0504096,1.5773115968704223,1788.6299637937545,1788.6947021484375,1790.207275390625,1.5125914812088013,0.06472011566162106
94,142,236,train,True,0.0018172,1.4923648887872696,1788.4606380409002,1788.388916015625,1789.9530029296875,1.5640302896499634,-0.0716654008626938
96,140,236,train,True,0.0176292,1.16972385764122,1781.8672634470463,1781.8729248046875,1783.0369873046875,1.1641221046447754,0.00560175299644472
90,147,237,train,True,0.0158316,4.504142289161682,1792.2033772420882,1792.5360107421875,1796.70751953125,4.1714582443237305,0.33268404483795155
91,146,237,train,True,0.013035,3.6240667974948884,1794.0802789056302,1794.18115234375,1797.704345703125,3.523113489151001,0.10095330834388738
92,145,237,train,True,0.0012087,2.744391087293625,1795.3217710220813,1795.536376953125,1798.066162109375,2.5298233032226562,0.21456778407096877
93,144,237,train,True,0.0011139,1.9209854876995087,1795.247837754488,1795.2724609375,1797.1688232421875,1.896274447441101,0.024711040258407646
94,143,237,train,True,0.0017064,1.3078766459226607,1794.3052825337647,1794.2701416015625,1795.6131591796875,1.343044400215149,-0.035167754292488196
96,141,237,train,True,0.0743943,0.870019363462925,1788.4784913787246,1788.5499267578125,1789.3485107421875,0.7986095547676086,0.07140980869531632
98,139,237,train,False,0.0973359,1.0975659164786338,1778.1747729507088,1778.2940673828125,1779.2723388671875,0.9781626462936401,0.11940327018499364
91,147,238,train,True,0.015827,3.7838667964935304,1798.680366601944,1798.8861083984375,1802.4642333984375,3.5782008171081543,0.20566597938537612
92,146,238,train,True,0.0014994,3.1385963559150696,1801.615309894085,1801.6900634765625,1804.75390625,3.063823938369751,0.0747724175453186
93,145,238,train,True,0.0011424,1.9245599865913392,1800.6325689196588,1800.7608642578125,1802.55712890625,1.7962584495544434,0.12830153703689584
94,144,238,train,True,0.0011424,1.6360875988006591,1801.3073938465118,1801.2698974609375,1802.9434814453125,1.6735525131225586,-0.03746491432189947
95,143,238,train,True,0.058905,0.7633482432365417,1798.0869935536384,1798.229248046875,1798.850341796875,0.6209912896156311,0.1423569536209106
96,142,238,train,True,0.0122332,0.924032601416111,1796.4098297032715,1796.4232177734375,1797.3338623046875,0.9106189012527466,0.013413700163364406
92,147,239,train,True,0.0015057,3.2661861860752106,1806.2750735795498,1806.4964599609375,1809.541259765625,3.0448267459869385,0.22135944008827213
93,146,239,train,True,0.0013145,2.3380335962772367,1806.9349156224728,1806.9757080078125,1809.27294921875,2.2971816062927246,0.040851989984512116
94,145,239,train,True,0.0011233,1.5399867808818817,1806.820608922243,1806.9161376953125,1808.360595703125,1.4444676637649536,0.09551911711692807
95,144,239,train,True,0.0019837,0.9780122575163841,1805.2321928206086,1805.3316650390625,1806.210205078125,0.8784774541854858,0.09953480333089826
96,143,239,train,False,0.1500681,0.6758935564756393,1802.7169287091494,1802.792724609375,1803.392822265625,0.6000199913978577,0.07587356507778165
92,148,240,train,True,0.002544,3.6658731973171235,1812.323872896433,1812.4249267578125,1815.98974609375,3.5648083686828613,0.10106482863426214
93,147,240,train,True,0.01704,2.4279279279708863,1811.9966326189042,1812.0418701171875,1814.424560546875,2.382766008377075,0.045161919593811106
94,146,240,train,True,0.001104,1.963797326683998,1813.478585485816,1813.450439453125,1815.4423828125,1.9920268058776855,-0.028229479193687457
95,145,240,train,True,0.013824,0.8484470555186272,1811.144594936669,1811.283203125,1811.9930419921875,0.7097493410110474,0.13869771450757984
96,144,240,train,True,0.001896,0.8603607577085495,1810.259634359479,1810.286865234375,1811.1199951171875,0.8331537842750549,0.02720697343349454
98,142,240,train,True,0.018024,0.626103089004755,1802.3962357781827,1802.4576416015625,1803.0223388671875,0.564757227897644,0.06134586110711093
93,148,241,train,False,0.100015,2.876341949701309,1818.0238045346737,1818.1142578125,1820.900146484375,2.7859280109405518,0.09041393876075743
94,147,241,train,True,0.0011086,1.9516135692596435,1818.6703346729278,1818.69189453125,1820.6219482421875,1.9299947023391724,0.021618866920471103
95,146,241,train,True,0.0011086,1.179480972290039,1817.923790512085,1817.930419921875,1819.103271484375,1.1729663610458374,0.006514611244201607
96,145,241,train,True,0.0016147,0.6676524317264557,1816.264354404211,1816.380615234375,1816.9320068359375,0.5514500737190247,0.11620235800743106
93,149,242,train,False,0.200013,3.039679571390152,1822.7807549989222,1823.0838623046875,1825.8204345703125,2.73661470413208,0.303064867258072
94,148,242,train,True,0.0012584,2.4275084578990938,1825.0330628311633,1825.00146484375,1827.4605712890625,2.459108352661133,-0.03159989476203906
95,147,242,train,True,0.0011132,1.1366787803173066,1823.5089511024953,1823.468017578125,1824.6456298828125,1.1776763200759888,-0.040997539758682144
96,146,242,train,True,0.0011374,0.9488040983676911,1823.4579341828824,1823.3499755859375,1824.40673828125,1.0568106174468994,-0.10800651907920833
98,144,242,train,True,0.0128986,0.4299625127017498,1817.1717220576109,1817.2020263671875,1817.6016845703125,0.39965900778770447,0.03030350491404532
94,149,243,train,True,0.0025515,2.5123715770244597,1829.8953432667256,1830.03515625,1832.40771484375,2.372541666030884,0.1398299109935759
95,148,243,train,True,0.0013851,1.581408599615097,1829.9304322206974,1829.832275390625,1831.5118408203125,1.6795493364334106,-0.09814073681831359
96,147,243,train,True,0.0015066,0.8248939639329911,1829.152400957942,1829.0430908203125,1829.977294921875,0.9343084096908569,-0.10941444575786585
97,146,243,train,True,0.0045198,0.3930543649196625,1826.8298460257054,1826.7530517578125,1827.222900390625,0.4699433147907257,-0.0768889498710632
94,150,244,train,True,0.0023424,2.9918630969524385,1836.0166818249227,1836.054931640625,1839.008544921875,2.953543186187744,0.03831991076469432
95,149,244,train,True,0.0014884,1.642821140885353,1835.176148585677,1835.199462890625,1836.8189697265625,1.6194665431976318,0.02335459768772119
96,148,244,train,True,0.001098,1.2243911015987397,1835.9808090937138,1835.844482421875,1837.2052001953125,1.360737681388855,-0.13634657979011533
97,147,244,train,True,0.014396,0.23490800954401492,1832.9199992170186,1832.8001708984375,1833.1549072265625,0.354792058467865,-0.11988404892385007
98,146,244,train,True,0.0026108,0.3297797155380249,1831.344292550087,1831.2535400390625,1831.674072265625,0.42051804065704346,-0.09073832511901858
94,151,245,train,True,0.013622,3.1645313692092896,1840.5637401151657,1840.754150390625,1843.728271484375,2.974085569381714,0.1904457998275757
95,150,245,train,True,0.0018865,2.1454084664583206,1841.3010026663542,1841.24951171875,1843.4464111328125,2.196845531463623,-0.05143706500530243
96,149,245,train,True,0.0011515,1.2083548563718796,1841.331195924878,1841.363037109375,1842.53955078125,1.1764767169952393,0.0318781393766403
97,148,245,train,True,0.0017885,0.511570443212986,1839.899074088037,1839.771484375,1840.41064453125,0.6391973495483398,-0.1276269063353539
98,147,245,train,True,0.0024255,0.10705231855623425,1837.5274691658187,1837.417724609375,1837.634521484375,0.2167815864086151,-0.10972926785238087
94,152,246,train,True,0.0149814,3.624016239643097,1846.4724193072318,1846.60888671875,1850.096435546875,3.4875173568725586,0.13649888277053845
96,150,246,train,True,0.0015252,1.7145899385213852,1847.8112889677286,1847.822021484375,1849.52587890625,1.7038110494613647,0.010778889060020447
97,149,246,train,True,0.060024,0.4592783144116402,1845.6443593809008,1845.689697265625,1846.1036376953125,0.4140150249004364,0.045263289511203786
98,148,246,train,True,0.0015252,0.3316498339921236,1844.918838447258,1844.7840576171875,1845.25048828125,0.4665009379386902,-0.13485110394656658
99,147,246,train,True,0.089913,-0.3145057716220617,1840.293509677872,1840.2730712890625,1839.97900390625,-0.2941247820854187,-0.020380989536643024
100,146,246,train,True,0.0136776,-0.036290044278721324,1837.3066757864663,1837.118408203125,1837.2703857421875,0.1520899534225464,-0.1883799977012677
96,151,247,train,True,0.0038038,1.8030400824546815,1852.8261103081704,1852.9771728515625,1854.629150390625,1.6519461870193481,0.15109389543533336
97,150,247,train,True,0.005187,0.8816329455375671,1852.2353104138374,1852.2384033203125,1853.116943359375,0.8785413503646851,0.0030915951728820446
98,149,247,train,True,0.014326,0.18710324209183454,1850.7840881641582,1850.836181640625,1850.97119140625,0.1349785178899765,0.05212472420185804
99,148,247,train,True,0.0194389,-0.18754283878952266,1847.810711784102,1847.5848388671875,1847.6231689453125,0.03836502879858017,-0.22590786758810283
96,152,248,train,True,0.002356,2.3627031588554384,1859.0162030911445,1859.1888427734375,1861.37890625,2.190140724182129,0.17256243467330945
97,151,248,train,True,0.0500464,0.9748609867691994,1857.6011888179182,1857.668212890625,1858.5760498046875,0.9079009890556335,0.06695999771356587
98,150,248,train,True,0.0051336,0.5401390720903874,1857.8016578029096,1857.7789306640625,1858.341796875,0.5629047155380249,-0.02276564344763754
100,148,248,train,True,0.0085064,-0.24602690823376178,1851.8687075722962,1851.554443359375,1851.6226806640625,0.06831999868154526,-0.31434690691530703
96,153,249,train,True,0.0023655,2.560416078567505,1863.6956874370576,1863.9022216796875,1866.256103515625,2.3539083003997803,0.2065077781677247
97,152,249,train,True,0.001245,1.5434121078252792,1863.8085166031121,1864.024169921875,1865.3519287109375,1.327768087387085,0.2156440204381942
98,151,249,train,True,0.0011952,0.5637054799497128,1863.2639312388003,1863.365478515625,1863.82763671875,0.46222764253616333,0.10147783741354943
100,149,249,train,True,0.0062001,-0.4784101790934801,1858.2069258040935,1858.00439453125,1857.728515625,-0.2758745551109314,-0.2025356239825487
101,148,249,train,False,0.1644147,-0.5921058939397335,1853.7672767923773,1853.5601806640625,1853.1751708984375,-0.38502177596092224,-0.2070841179788112
96,154,250,train,True,0.010275,3.102142059803009,1869.6723940730094,1869.734619140625,1872.7745361328125,3.039961338043213,0.062180721759796054
97,153,250,train,True,0.0029,1.7619998610019685,1868.8202755296231,1868.9898681640625,1870.582275390625,1.5924628973007202,0.16953696370124827
98,152,250,train,True,0.00155,1.110481300354004,1869.847770652771,1869.9891357421875,1870.958251953125,0.9691351056098938,0.14134619474411014
100,150,250,train,True,0.0079,-0.2703209265647456,1865.7528648718771,1865.5225830078125,1865.4825439453125,-0.04010695964097977,-0.23021396692376583
101,149,250,train,True,0.090925,-0.8250361859798432,1860.4617549359798,1860.413330078125,1859.63671875,-0.7766239047050476,-0.04841228127479558
96,155,251,train,True,0.0226904,3.3312669587135315,1874.0991529631615,1874.1475830078125,1877.430419921875,3.2828805446624756,0.048386414051055926
97,154,251,train,True,0.0107428,2.3591721761226654,1874.7666823160648,1874.78515625,1877.1258544921875,2.340710401535034,0.018461774587631208
98,153,251,train,True,0.0038905,1.3343215292692185,1874.8801560097934,1875.0958251953125,1876.2144775390625,1.1185721158981323,0.21574941337108622
99,152,251,train,True,0.0052961,0.3438070696592331,1873.7526284772157,1873.9368896484375,1874.096435546875,0.15951374173164368,0.1842933279275894
100,151,251,train,True,0.0142819,-0.3713847764208913,1871.7213603623584,1871.707275390625,1871.3499755859375,-0.3573834002017975,-0.014001376219093808
101,150,251,train,True,0.0189254,-0.7229931543767453,1868.1414501856268,1867.9169921875,1867.41845703125,-0.4986226260662079,-0.2243705283105374
98,154,252,train,True,0.0023688,1.9507090538740157,1881.159398368001,1881.267578125,1883.110107421875,1.842524528503418,0.10818452537059775
99,153,252,train,True,0.0500472,0.5733355568349361,1879.1311322166025,1879.2252197265625,1879.7044677734375,0.4792226254940033,0.09411293134093279
100,152,252,train,True,0.0052164,0.04785364944953471,1878.8124979130505,1878.9208984375,1878.8603515625,-0.06049862876534462,0.10835227821487933
101,151,252,train,True,0.0912744,-0.8465459993481637,1874.485462014973,1874.488037109375,1873.638916015625,-0.849065899848938,0.0025199005007743303
102,150,252,train,True,0.0092988,-0.7116563640534878,1871.684922965616,1871.3013916015625,1870.9732666015625,-0.32815560698509216,-0.3835007570683956
98,155,253,train,True,0.0042504,2.1640816462039947,1885.9771537053584,1886.0718994140625,1888.1412353515625,2.069377899169922,0.0947037470340728
99,154,253,train,True,0.0012397,1.2151172810792923,1885.4104930704832,1885.5806884765625,1886.6256103515625,1.0449333190917969,0.1701839619874954
100,153,253,train,True,0.0015433,0.19855021145194768,1884.2959566244856,1884.4632568359375,1884.4945068359375,0.031248789280653,0.16730142217129468
102,151,253,train,True,0.0069069,-0.8818611964583397,1878.1030526027084,1877.8853759765625,1877.22119140625,-0.66425621509552,-0.2176049813628197
103,150,253,train,False,0.1645259,-0.9725324794650078,1873.0725080654024,1872.938232421875,1872.0999755859375,-0.8382346630096436,-0.1342978164553642
98,156,254,train,True,0.0114554,2.6634280359745026,1892.1434567296506,1892.1033935546875,1894.806884765625,2.7034997940063477,-0.04007175803184504
99,155,254,train,True,0.0029464,1.4551830506324768,1890.55079839468,1890.6683349609375,1892.0059814453125,1.3377408981323242,0.11744215250015255
100,154,254,train,True,0.0018542,0.8144452023506165,1890.9519122195243,1890.9775390625,1891.766357421875,0.788772702217102,0.02567250013351441
102,152,254,train,True,0.009652,-0.6407415336370468,1885.7509710258246,1885.592041015625,1885.1102294921875,-0.4818328320980072,-0.15890870153903958
103,151,254,train,True,0.091313,-1.1617385205626487,1879.8613234815002,1879.88720703125,1878.6995849609375,-1.1875898838043213,0.025851363241672587
99,156,255,train,True,0.010812,1.9811295849084853,1896.715037407279,1896.64453125,1898.6961669921875,2.0517148971557617,-0.07058531224727638
100,155,255,train,True,0.003927,1.080481150150299,1896.0915159201622,1896.15087890625,1897.1719970703125,1.021125316619873,0.05935583353042606
101,154,255,train,True,0.005559,0.14252147869206966,1894.315974615058,1894.3270263671875,1894.45849609375,0.13148139417171478,0.011040084520354876
102,153,255,train,True,0.0140505,-0.5982550571858883,1891.719592947811,1891.5748291015625,1891.121337890625,-0.45342692732810974,-0.1448281298577786
103,152,255,train,True,0.017697,-1.0294116619229317,1887.645134318173,1887.6571044921875,1886.61572265625,-1.041277289390564,0.011865627467632311
100,156,256,train,True,0.0030208,1.6092791843414307,1902.601047964096,1902.5379638671875,1904.2103271484375,1.6724512577056885,-0.06317207336425779
102,154,256,train,True,0.007552,-0.09858473429863807,1898.867017351486,1898.635009765625,1898.7684326171875,0.13349972665309906,-0.23208446095173713
103,153,256,train,True,0.0828928,-1.0338110554218292,1894.0097632038594,1893.9290771484375,1892.9759521484375,-0.9531046748161316,-0.08070638060569757
104,152,256,train,True,0.0178432,-1.0990480959415436,1890.831592041254,1890.67138671875,1889.7325439453125,-0.9387999176979065,-0.16024817824363713
100,157,257,train,True,0.0043433,1.7410639488697053,1907.6513921058179,1907.50390625,1909.3924560546875,1.8885365724563599,-0.14747262358665458
101,156,257,train,True,0.0015677,0.9563672375679017,1906.319023387432,1906.3192138671875,1907.275390625,0.9562082290649414,0.00015900850296024505
102,155,257,train,True,0.0061937,0.10809854761697352,1904.4396309445706,1904.2822265625,1904.5477294921875,0.2654317319393158,-0.15733318432234228
104,153,257,train,True,0.0108197,-1.1511290514469146,1897.2706358873845,1897.0982666015625,1896.1195068359375,-0.9787390828132629,-0.17238996863365164
105,152,257,train,False,0.1646342,-1.4178097867965698,1891.8575070524216,1892.0279541015625,1890.439697265625,-1.588352084159851,0.1705422973632813
101,157,258,train,True,0.003483,1.104042409658432,1911.698814035654,1911.692626953125,1912.8028564453125,1.1101813316345215,-0.006138921976089451
104,154,258,train,True,0.0160992,-0.8125301249325275,1904.9533992655574,1904.691650390625,1904.140869140625,-0.5507774949073792,-0.26175263002514837
105,153,258,train,True,0.091848,-1.495850157737732,1898.6701665639878,1898.7459716796875,1897.17431640625,-1.5715564489364624,0.07570629119873051
102,157,259,train,True,0.0063714,0.7712216797471046,1916.7387880858778,1916.5926513671875,1917.510009765625,0.9174464344978333,-0.1462247547507286
105,154,259,train,True,0.0566951,-1.262083171904087,1906.4842511406541,1906.3338623046875,1905.22216796875,-1.11172354221344,-0.1503596296906471
106,154,260,train,True,0.02054,-1.364913724064827,1909.2721402865648,1909.06640625,1907.9072265625,-1.1592525243759155,-0.2056611996889115
104,157,261,train,True,0.0656676,-0.18872251879191027,1924.183595565667,1923.931640625,1923.994873046875,0.06321638077497482,-0.2519388995668851
106,155,261,train,True,0.0185049,-1.3568467459082603,1915.7872666677833,1915.68017578125,1914.430419921875,-1.2498704195022583,-0.10697632640600196
107,154,261,train,False,0.1798029,-1.613486537337303,1909.8139259904624,1909.823486328125,1908.200439453125,-1.6230037212371826,0.009517183899879544
106,156,262,train,True,0.0221652,-1.0548575165867806,1923.6360342743992,1923.387451171875,1922.5811767578125,-0.8063586354255676,-0.248498881161213
107,155,262,train,True,0.0930624,-1.6296610885858536,1916.6971659713984,1916.7220458984375,1915.0675048828125,-1.6545720100402832,0.024910921454429635
108,156,264,train,True,0.0288816,-1.361329990029335,1926.864870029092,1926.7713623046875,1925.5035400390625,-1.2678214311599731,-0.09350855886936182
108,157,265,train,True,0.023956,-1.4032435154914855,1933.563277695179,1933.505615234375,1932.1600341796875,-1.3454917669296265,-0.05775174856185905
108,158,266,train,True,0.0271054,-1.1755812203884124,1941.613203290701,1941.33740234375,1940.4376220703125,-0.8998605012893677,-0.2757207190990447
109,157,266,train,False,0.0964782,-1.4603862357139588,1933.8455180716514,1934.0220947265625,1932.3851318359375,-1.6369155645370483,0.17652932882308958
110,159,269,train,True,0.0313923,-1.16517933011055,1950.479998666048,1950.291748046875,1949.3148193359375,-0.976919412612915,-0.18825991749763493
110,160,270,train,True,0.039285,-1.0186811032891274,1958.735233837664,1958.51611328125,1957.716552734375,-0.7996136546134949,-0.21906744867563255
9,21,30,test,False,nan,1.5026723271608353,187.47727762401104,186.3990020751953,188.97994995117188,2.5809531211853027,-1.0782807940244674
14,9,23,test,False,nan,0.3484491576720029,150.3916173706483,151.1479949951172,150.7400665283203,-0.4079297184944153,0.7563788761664182
15,11,26,test,False,nan,0.15697521765716374,186.8972850362491,187.1179962158203,187.05426025390625,-0.06373538076877594,0.22071059842593968
16,11,27,test,False,nan,0.2020023369905539,188.24350852726727,187.98699951171875,188.4455108642578,0.45850443840026855,-0.25650210140971463
18,13,31,test,False,nan,-0.29387596167623997,225.79845359839499,224.8350067138672,225.50457763671875,0.6695832014083862,-0.9634591630846262
19,15,34,test,False,nan,-0.3496262937784195,260.72621320784094,261.0429992675781,260.3765869140625,-0.6664251089096069,0.31679881513118746
20,15,35,test,False,nan,0.18563469426706433,261.7517737529986,262.0679931640625,261.9374084472656,-0.13060398399829865,0.316238678265363
21,16,37,test,False,nan,1.4407657170295716,278.63290371656416,278.7049865722656,280.07366943359375,1.3686814308166504,0.07208428621292118
21,17,38,test,False,nan,1.6906263345479966,294.53779773771765,294.9320068359375,296.2284240722656,1.2964129447937012,0.39421338975429543
24,41,65,test,False,nan,2.903189381361008,534.3045132553577,534.0549926757812,537.2077026367188,3.152693271636963,-0.249503890275955
39,65,104,test,False,nan,4.898360712528229,862.2311558890343,864.0989990234375,867.1295166015625,3.0305168628692627,1.867843849658966
40,40,80,test,False,nan,2.6414965808391573,668.7940502941608,669.5280151367188,671.435546875,1.9075262546539307,0.7339703261852266
40,66,106,test,False,nan,5.012611730098724,882.7873150277138,882.3560180664062,887.7999267578125,5.443902969360352,-0.43129123926162727
42,70,112,test,False,nan,4.77750324010849,928.515831720829,927.6619873046875,933.2933349609375,5.631345272064209,-0.8538420319557192
43,72,115,test,False,nan,4.106405973434448,950.3826687335968,949.6380004882812,954.4890747070312,4.851046562194824,-0.744640588760376
47,48,95,test,False,nan,-3.9006008851528167,789.8941921937466,789.7343139648438,785.9935913085938,-3.7407379150390625,-0.15986297011375417
49,50,99,test,False,nan,-7.548287291526794,821.7623375844955,822.1400146484375,814.2140502929688,-7.9259538650512695,0.3776665735244755
57,95,152,test,False,nan,3.355929924249649,1231.4771999585628,1231.4127197265625,1234.8331298828125,3.420376777648926,-0.0644468533992768
58,94,152,test,False,nan,2.830981366634369,1240.429150469303,1240.3289794921875,1243.2601318359375,2.9311203956604004,-0.10013902902603133
58,95,153,test,False,nan,2.856255248785019,1244.350287719965,1244.3470458984375,1247.20654296875,2.8595824241638184,-0.003327175378799563
58,97,155,test,False,nan,3.404404011964798,1253.2597805583478,1253.2650146484375,1256.6641845703125,3.3991315364837646,0.0052724754810333785
59,95,154,test,False,nan,2.0023679620027544,1254.9929933661222,1254.8070068359375,1256.995361328125,2.188326597213745,-0.18595863521099076
64,104,168,test,False,nan,2.2601938891410827,1354.2203969311713,1354.0511474609375,1356.4805908203125,2.4294474124908447,-0.16925352334976207
22,37,59,unlabeled,False,nan,2.6510919713974,485.3395391321182,nan,487.9906311035156,nan,nan
73,105,178,unlabeled,False,nan,0.3715981483459473,1430.182601070404,nan,1430.55419921875,nan,nan
75,92,167,unlabeled,False,nan,1.015829665660858,1324.0084623265266,nan,1325.0242919921875,nan,nan
77,93,170,unlabeled,False,nan,1.0204150068759918,1335.074799836874,nan,1336.09521484375,nan,nan
79,95,174,unlabeled,False,nan,1.1389460742473603,1356.6329045116902,nan,1357.7718505859375,nan,nan
81,97,178,unlabeled,False,nan,1.0045147997140884,1377.8919695752859,nan,1378.896484375,nan,nan
93,135,228,unlabeled,False,nan,2.220629003047943,1733.5396249032021,nan,1735.76025390625,nan,nan
93,139,232,unlabeled,False,nan,1.6319111287593842,1762.3845683634281,nan,1764.0164794921875,nan,nan
101,155,256,unlabeled,False,nan,0.4131783353537321,1899.7988577974588,nan,1900.2120361328125,nan,nan
8,19,27,unlabeled,False,nan,0.21697605139575898,165.50658046715893,nan,165.7235565185547,nan,nan
8,20,28,unlabeled,False,nan,0.7522293890267611,166.94978171937169,nan,167.70201110839844,nan,nan
8,21,29,unlabeled,False,nan,1.236154913753271,164.5440117122233,nan,165.78016662597656,nan,nan
8,22,30,unlabeled,False,nan,1.5174405865371228,165.3323213763535,nan,166.84976196289062,nan,nan
8,23,31,unlabeled,False,nan,1.8392901611328125,162.34827087402343,nan,164.18756103515625,nan,nan
9,22,31,unlabeled,False,nan,1.7034989041090012,188.63733666718005,nan,190.34083557128906,nan,nan
9,23,32,unlabeled,False,nan,2.0043647208809854,187.24790883868934,nan,189.2522735595703,nan,nan
9,24,33,unlabeled,False,nan,2.226577551960945,187.56057759940623,nan,189.7871551513672,nan,nan
9,25,34,unlabeled,False,nan,2.5284778732061386,185.43873098909856,nan,187.9672088623047,nan,nan
10,22,32,unlabeled,False,nan,1.8282520830631257,214.49473070502282,nan,216.32298278808594,nan,nan
10,23,33,unlabeled,False,nan,2.098558534383774,213.42205608963965,nan,215.52061462402344,nan,nan
10,24,34,unlabeled,False,nan,2.2739843130111694,215.3249078989029,nan,217.59889221191406,nan,nan
10,25,35,unlabeled,False,nan,2.485467863082886,213.5446987628937,nan,216.03016662597656,nan,nan
10,26,36,unlabeled,False,nan,2.5435567766427996,214.7586587995291,nan,217.30221557617188,nan,nan
10,27,37,unlabeled,False,nan,2.5920013976097107,212.4673552918434,nan,215.05935668945312,nan,nan
11,24,35,unlabeled,False,nan,2.312782854437828,236.77396336138247,nan,239.0867462158203,nan,nan
11,25,36,unlabeled,False,nan,2.47698324739933,236.50708657681943,nan,238.98406982421875,nan,nan
11,26,37,unlabeled,False,nan,2.478379348516464,238.02593888878823,nan,240.5043182373047,nan,nan
11,27,38,unlabeled,False,nan,2.450567616224289,237.20311890721322,nan,239.6536865234375,nan,nan
12,26,38,unlabeled,False,nan,2.1510046368837354,263.97909179866315,nan,266.1300964355469,nan,nan
12,27,39,unlabeled,False,nan,2.103152170777321,263.42062102258205,nan,265.5237731933594,nan,nan
12,28,40,unlabeled,False,nan,1.900807160139084,265.77015231251715,nan,267.67095947265625,nan,nan
13,8,21,unlabeled,False,nan,0.6723658478260041,131.3023198211193,nan,131.9746856689453,nan,nan
13,9,22,unlabeled,False,nan,0.7801210701465606,148.8310239493847,nan,149.61114501953125,nan,nan
13,25,38,unlabeled,False,nan,1.8767627793550492,280.7920909804106,nan,282.6688537597656,nan,nan
13,26,39,unlabeled,False,nan,1.810817334651947,284.0840801262855,nan,285.8948974609375,nan,nan
13,27,40,unlabeled,False,nan,1.8261821246147156,284.8350727581978,nan,286.6612548828125,nan,nan
13,28,41,unlabeled,False,nan,1.6707264575362206,287.3774913159013,nan,289.0482177734375,nan,nan
13,29,42,unlabeled,False,nan,1.6300061190128325,287.4308154141903,nan,289.0608215332031,nan,nan
14,8,22,unlabeled,False,nan,0.08178529141005128,132.525651842379,nan,132.60743713378906,nan,nan
14,27,41,unlabeled,False,nan,1.2298100632429123,307.83238476097586,nan,309.06219482421875,nan,nan
14,28,42,unlabeled,False,nan,1.167556530237198,311.62986778616903,nan,312.79742431640625,nan,nan
14,29,43,unlabeled,False,nan,1.2145222195982932,311.8303996554017,nan,313.044921875,nan,nan
14,30,44,unlabeled,False,nan,1.129110518246889,314.8417146770656,nan,315.9708251953125,nan,nan
15,8,23,unlabeled,False,nan,-0.27018544930033384,128.5384654785972,nan,128.26828002929688,nan,nan
15,9,24,unlabeled,False,nan,0.21530193474143744,148.239394720532,nan,148.45469665527344,nan,nan
15,10,25,unlabeled,False,nan,0.22914095132611692,169.708633706877,nan,169.93777465820312,nan,nan
15,28,43,unlabeled,False,nan,0.6454210178554058,330.4103956325352,nan,331.0558166503906,nan,nan
15,29,44,unlabeled,False,nan,0.8191053447127342,331.77510241895914,nan,332.5942077636719,nan,nan
15,30,45,unlabeled,False,nan,0.8139881383627653,334.93582875616846,nan,335.74981689453125,nan,nan
15,31,46,unlabeled,False,nan,0.8771533477306366,335.6587048065662,nan,336.5358581542969,nan,nan
16,8,24,unlabeled,False,nan,-0.6878713044337929,127.4677785309963,nan,126.7799072265625,nan,nan
16,9,25,unlabeled,False,nan,-0.03995715369703248,147.45221911658766,nan,147.41226196289062,nan,nan
16,10,26,unlabeled,False,nan,0.14117958794347943,170.74146506537684,nan,170.8826446533203,nan,nan
16,29,45,unlabeled,False,nan,-0.033641310504171996,353.46772334175415,nan,353.43408203125,nan,nan
16,30,46,unlabeled,False,nan,0.12467953118495644,357.7339935645182,nan,357.8586730957031,nan,nan
16,31,47,unlabeled,False,nan,0.2889422984188423,358.58016780900306,nan,358.8691101074219,nan,nan
16,32,48,unlabeled,False,nan,0.32166959283873436,362.1707315302081,nan,362.4924011230469,nan,nan
17,9,26,unlabeled,False,nan,0.3895824289508164,142.78500863550232,nan,143.17459106445312,nan,nan
17,10,27,unlabeled,False,nan,0.6051145833730698,166.46542679846286,nan,167.07054138183594,nan,nan
17,11,28,unlabeled,False,nan,0.7121463296562434,185.7728237631172,nan,186.48497009277344,nan,nan
17,12,29,unlabeled,False,nan,0.06378213779069483,207.20320089443587,nan,207.26698303222656,nan,nan
17,30,47,unlabeled,False,nan,-0.7026340351626277,375.483487306647,nan,374.7808532714844,nan,nan
17,31,48,unlabeled,False,nan,-0.39661093983799217,377.40668174061926,nan,377.01007080078125,nan,nan
17,32,49,unlabeled,False,nan,-0.23199416955932975,381.0843501265906,nan,380.85235595703125,nan,nan
17,33,50,unlabeled,False,nan,0.20652323447633536,382.1289565018518,nan,382.3354797363281,nan,nan
17,34,51,unlabeled,False,nan,0.8891350144776515,384.54284130388174,nan,385.4319763183594,nan,nan
17,35,52,unlabeled,False,nan,1.7677677807211876,384.46849930912254,nan,386.23626708984375,nan,nan
17,36,53,unlabeled,False,nan,2.2930271553993227,386.3599879813194,nan,388.65301513671875,nan,nan
18,9,27,unlabeled,False,nan,0.6855411004647612,139.5391598272696,nan,140.22470092773438,nan,nan
18,10,28,unlabeled,False,nan,0.6662032061628997,165.31942301454023,nan,165.98562622070312,nan,nan
18,11,29,unlabeled,False,nan,0.7631820503622293,185.04321443401278,nan,185.806396484375,nan,nan
18,12,30,unlabeled,False,nan,0.09774037815164775,208.2885511257546,nan,208.38629150390625,nan,nan
18,31,49,unlabeled,False,nan,-1.8315665292739869,398.29592199802397,nan,396.46435546875,nan,nan
18,32,50,unlabeled,False,nan,-1.5536873602867127,403.05936362981794,nan,401.50567626953125,nan,nan
18,33,51,unlabeled,False,nan,-1.0229371874034405,404.22532976552844,nan,403.202392578125,nan,nan
18,34,52,unlabeled,False,nan,-0.15161810941761358,407.6055976016051,nan,407.4539794921875,nan,nan
18,35,53,unlabeled,False,nan,0.8640166196972132,407.5903290834278,nan,408.454345703125,nan,nan
18,36,54,unlabeled,False,nan,1.4788580232858657,410.50600525796415,nan,411.98486328125,nan,nan
18,37,55,unlabeled,False,nan,1.959182193875313,410.38978631198404,nan,412.3489685058594,nan,nan
18,38,56,unlabeled,False,nan,2.004747024178505,413.2141860812902,nan,415.21893310546875,nan,nan
19,11,30,unlabeled,False,nan,1.1285637862235307,180.83962163858115,nan,181.9681854248047,nan,nan
19,12,31,unlabeled,False,nan,0.47965023774653676,204.45670535307377,nan,204.9363555908203,nan,nan
19,13,32,unlabeled,False,nan,0.22499592133797705,223.5188700454589,nan,223.74386596679688,nan,nan
19,14,33,unlabeled,False,nan,-0.34146772265434266,244.31648908495902,nan,243.9750213623047,nan,nan
19,35,54,unlabeled,False,nan,-0.17450781300663948,426.82822485402227,nan,426.6537170410156,nan,nan
19,36,55,unlabeled,False,nan,0.8898751816898585,429.48619293354454,nan,430.3760681152344,nan,nan
19,37,56,unlabeled,False,nan,1.6690156787633896,430.1475431591272,nan,431.8165588378906,nan,nan
19,38,57,unlabeled,False,nan,1.9198227035999298,432.9430313003063,nan,434.86285400390625,nan,nan
19,39,58,unlabeled,False,nan,2.0543522626161574,433.630004426837,nan,435.6843566894531,nan,nan
19,40,59,unlabeled,False,nan,1.9434267860651016,436.16555148541926,nan,438.1089782714844,nan,nan
20,11,31,unlabeled,False,nan,1.0200046682357788,178.4250331735611,nan,179.44503784179688,nan,nan
20,12,32,unlabeled,False,nan,0.5999925174005329,203.51431107146666,nan,204.1143035888672,nan,nan
20,13,33,unlabeled,False,nan,0.4951819447241724,222.79789361679926,nan,223.29307556152344,nan,nan
20,14,34,unlabeled,False,nan,0.1651837748847902,245.00391412550584,nan,245.16909790039062,nan,nan
20,37,57,unlabeled,False,nan,1.354466603398323,451.29653437316415,nan,452.6510009765625,nan,nan
20,38,58,unlabeled,False,nan,1.7853159609436988,454.97402241796254,nan,456.75933837890625,nan,nan
20,39,59,unlabeled,False,nan,2.0684926974773408,455.68538303494455,nan,457.7538757324219,nan,nan
20,40,60,unlabeled,False,nan,2.1930577766895296,459.0130884635448,nan,461.2061462402344,nan,nan
21,13,34,unlabeled,False,nan,1.3353492033481598,218.3928154695034,nan,219.72816467285156,nan,nan
21,14,35,unlabeled,False,nan,1.2043889530003071,240.75508370324968,nan,241.95947265625,nan,nan
21,15,36,unlabeled,False,nan,1.4325311431288719,258.850885604918,nan,260.2834167480469,nan,nan
21,39,60,unlabeled,False,nan,2.581150169968605,473.373836402297,nan,475.9549865722656,nan,nan
21,40,61,unlabeled,False,nan,2.67305116891861,476.9038836455345,nan,479.5769348144531,nan,nan
21,41,62,unlabeled,False,nan,2.8282088631391527,478.15604406654836,nan,480.9842529296875,nan,nan
21,42,63,unlabeled,False,nan,2.918255499601364,481.06917125821116,nan,483.9874267578125,nan,nan
22,13,35,unlabeled,False,nan,1.6791703905165196,215.81875441417097,nan,217.4979248046875,nan,nan
22,14,36,unlabeled,False,nan,1.7042999717593192,239.5913085487485,nan,241.2956085205078,nan,nan
22,15,37,unlabeled,False,nan,2.030848708152771,257.92899015903475,nan,259.9598388671875,nan,nan
22,16,38,unlabeled,False,nan,2.1723424381017686,279.09612069666383,nan,281.2684631347656,nan,nan
22,17,39,unlabeled,False,nan,2.5065087139606477,295.25170051455495,nan,297.7582092285156,nan,nan
22,39,61,unlabeled,False,nan,2.964181948900223,492.5676784026623,nan,495.5318603515625,nan,nan
22,40,62,unlabeled,False,nan,2.9362357914447785,497.2327400386333,nan,500.1689758300781,nan,nan
22,41,63,unlabeled,False,nan,2.9484419775009156,498.79408121585845,nan,501.7425231933594,nan,nan
22,42,64,unlabeled,False,nan,2.9059367311000823,502.8242573606968,nan,505.7301940917969,nan,nan
22,43,65,unlabeled,False,nan,2.9158735263347624,503.80626392483714,nan,506.7221374511719,nan,nan
23,14,37,unlabeled,False,nan,1.9984803268313407,234.42275380402805,nan,236.42123413085938,nan,nan
23,15,38,unlabeled,False,nan,2.3217956548929215,254.25010375916958,nan,256.5718994140625,nan,nan
23,16,39,unlabeled,False,nan,2.4900061684846877,275.7167809408903,nan,278.206787109375,nan,nan
23,17,40,unlabeled,False,nan,2.7832967877388,293.3568094134331,nan,296.1401062011719,nan,nan
23,18,41,unlabeled,False,nan,2.7185254418849945,312.85331293702126,nan,315.57183837890625,nan,nan
23,19,42,unlabeled,False,nan,2.791556712388992,328.7385641372204,nan,331.5301208496094,nan,nan
23,41,64,unlabeled,False,nan,3.0427798318862913,515.74097260952,nan,518.7837524414062,nan,nan
23,42,65,unlabeled,False,nan,2.925169357061386,520.0090957796574,nan,522.9342651367188,nan,nan
23,43,66,unlabeled,False,nan,2.889045157432556,521.9932180261612,nan,524.8822631835938,nan,nan
24,16,40,unlabeled,False,nan,2.4566884249448777,275.1645273953676,nan,277.6212158203125,nan,nan
24,17,41,unlabeled,False,nan,2.7477505695819855,293.1198641765118,nan,295.86761474609375,nan,nan
24,18,42,unlabeled,False,nan,2.6783220839500426,314.03282903909684,nan,316.7111511230469,nan,nan
24,19,43,unlabeled,False,nan,2.75854007601738,330.218358117342,nan,332.9768981933594,nan,nan
24,42,66,unlabeled,False,nan,2.764572023153305,539.5661164534092,nan,542.3306884765625,nan,nan
24,43,67,unlabeled,False,nan,2.5973747259378435,541.8407356256247,nan,544.4381103515625,nan,nan
25,18,43,unlabeled,False,nan,2.7203814125061037,311.00554021835325,nan,313.7259216308594,nan,nan
25,19,44,unlabeled,False,nan,2.761120283603668,328.57869294881823,nan,331.3398132324219,nan,nan
25,20,45,unlabeled,False,nan,2.576126135587692,347.8999175655842,nan,350.4760437011719,nan,nan
25,42,67,unlabeled,False,nan,2.5510982096195223,554.8058353841304,nan,557.35693359375,nan,nan
25,43,68,unlabeled,False,nan,2.297946575880051,558.1111720764637,nan,560.4091186523438,nan,nan
25,44,69,unlabeled,False,nan,1.7831704801321029,563.2636434847117,nan,565.0468139648438,nan,nan
25,45,70,unlabeled,False,nan,1.1309194588661193,566.3646249747276,nan,567.4955444335938,nan,nan
25,46,71,unlabeled,False,nan,0.6129106391221285,570.9129682671279,nan,571.52587890625,nan,nan
26,18,44,unlabeled,False,nan,2.3103405839204787,310.84621459186076,nan,313.15655517578125,nan,nan
26,19,45,unlabeled,False,nan,2.357877545952797,328.70166224896906,nan,331.0595397949219,nan,nan
26,20,46,unlabeled,False,nan,2.109308453798294,349.4071405208111,nan,351.5164489746094,nan,nan
26,21,47,unlabeled,False,nan,2.1061980867385866,365.49441836833955,nan,367.6006164550781,nan,nan
26,42,68,unlabeled,False,nan,2.032715557813644,572.5200798523426,nan,574.5527954101562,nan,nan
26,43,69,unlabeled,False,nan,1.780669949054718,575.9873964571952,nan,577.76806640625,nan,nan
26,44,70,unlabeled,False,nan,1.318140777349472,582.0211536562442,nan,583.3392944335938,nan,nan
26,45,71,unlabeled,False,nan,0.8239418862760067,585.1168540121615,nan,585.9407958984375,nan,nan
26,46,72,unlabeled,False,nan,0.2591267319303006,590.6205729751009,nan,590.8796997070312,nan,nan
26,47,73,unlabeled,False,nan,-0.3107380223460495,593.2195514989086,nan,592.9088134765625,nan,nan
27,19,46,unlabeled,False,nan,2.0870042991638185,325.7293103981018,nan,327.8163146972656,nan,nan
27,20,47,unlabeled,False,nan,1.810764279961586,346.74065783917905,nan,348.5514221191406,nan,nan
27,21,48,unlabeled,False,nan,1.8163620269298553,364.08494412541387,nan,365.90130615234375,nan,nan
27,22,49,unlabeled,False,nan,1.3146456372737885,383.47652257561685,nan,384.7911682128906,nan,nan
27,45,72,unlabeled,False,nan,0.28051898448728024,600.6372056248878,nan,600.917724609375,nan,nan
27,46,73,unlabeled,False,nan,-0.2913285100087524,606.29749306079,nan,606.0061645507812,nan,nan
27,47,74,unlabeled,False,nan,-0.8437007206678391,609.7638057011366,nan,608.9201049804688,nan,nan
27,48,75,unlabeled,False,nan,-1.484548361301422,614.8931787323952,nan,613.4086303710938,nan,nan
27,49,76,unlabeled,False,nan,-2.3523679625988008,618.1177488219738,nan,615.765380859375,nan,nan
27,50,77,unlabeled,False,nan,-2.680805653333664,622.3730053603649,nan,619.6921997070312,nan,nan
27,51,78,unlabeled,False,nan,-2.2657513296604157,623.7927288687229,nan,621.5269775390625,nan,nan
27,52,79,unlabeled,False,nan,-1.6338700097799301,626.5608719629049,nan,624.927001953125,nan,nan
28,20,48,unlabeled,False,nan,1.2536520326137544,346.69565827012065,nan,347.9493103027344,nan,nan
28,21,49,unlabeled,False,nan,1.293465194404125,364.27364295989275,nan,365.5671081542969,nan,nan
28,22,50,unlabeled,False,nan,0.9035828766226769,384.79520862728356,nan,385.69879150390625,nan,nan
28,23,51,unlabeled,False,nan,0.5183173410594464,401.11632621362804,nan,401.6346435546875,nan,nan
28,46,74,unlabeled,False,nan,-0.6841444499790669,623.9567274577915,nan,623.2725830078125,nan,nan
28,47,75,unlabeled,False,nan,-1.1841343003511429,627.5169590073824,nan,626.3328247070312,nan,nan
28,48,76,unlabeled,False,nan,-1.723832797408104,633.4203660005331,nan,631.696533203125,nan,nan
28,49,77,unlabeled,False,nan,-2.327816917896271,636.5185517811775,nan,634.1907348632812,nan,nan
28,50,78,unlabeled,False,nan,-2.6698343753814697,641.6409647464752,nan,638.9711303710938,nan,nan
28,51,79,unlabeled,False,nan,-2.2314666372537615,643.1662200552225,nan,640.9347534179688,nan,nan
28,52,80,unlabeled,False,nan,-1.470673434138298,646.6383370083571,nan,645.1676635742188,nan,nan
28,53,81,unlabeled,False,nan,-0.7712668740749359,647.4044455850125,nan,646.6331787109375,nan,nan
28,54,82,unlabeled,False,nan,0.13138963830424472,650.2200507913833,nan,650.3514404296875,nan,nan
29,21,50,unlabeled,False,nan,1.1004755089432001,361.21864680550993,nan,362.3191223144531,nan,nan
29,22,51,unlabeled,False,nan,0.8019933865591884,381.9070520235971,nan,382.70904541015625,nan,nan
29,23,52,unlabeled,False,nan,0.5344956200197339,399.30428001474587,nan,399.8387756347656,nan,nan
29,24,53,unlabeled,False,nan,-0.1641671684011817,418.6854074027762,nan,418.521240234375,nan,nan
29,25,54,unlabeled,False,nan,-0.8849995437264443,434.9763996902108,nan,434.0914001464844,nan,nan
29,51,80,unlabeled,False,nan,-2.1758798348903654,659.1229623544216,nan,656.9470825195312,nan,nan
29,52,81,unlabeled,False,nan,-1.3245892268419266,662.6311077815294,nan,661.3065185546875,nan,nan
29,53,82,unlabeled,False,nan,-0.6763516341149807,664.2616787825525,nan,663.5853271484375,nan,nan
29,54,83,unlabeled,False,nan,0.15459905262105167,667.2675811231602,nan,667.4221801757812,nan,nan
29,55,84,unlabeled,False,nan,1.032903557419777,668.1810246652365,nan,669.2139282226562,nan,nan
29,56,85,unlabeled,False,nan,1.950775943994522,670.6078178060055,nan,672.55859375,nan,nan
30,22,52,unlabeled,False,nan,0.594782804613933,381.44022085749543,nan,382.0350036621094,nan,nan
30,23,53,unlabeled,False,nan,0.3452818136062706,399.068597580925,nan,399.41387939453125,nan,nan
30,24,54,unlabeled,False,nan,-0.2678037791792303,419.53699933581987,nan,419.2691955566406,nan,nan
30,25,55,unlabeled,False,nan,-0.795897803902626,435.879241309762,nan,435.0833435058594,nan,nan
30,26,56,unlabeled,False,nan,-1.5723412066698075,454.92665028870107,nan,453.35430908203125,nan,nan
30,27,57,unlabeled,False,nan,-2.3135729390382767,470.05011468708517,nan,467.7365417480469,nan,nan
30,53,83,unlabeled,False,nan,-0.5951304659247398,682.5531382784247,nan,681.9580078125,nan,nan
30,54,84,unlabeled,False,nan,0.2962004208937287,686.3042634462938,nan,686.6004638671875,nan,nan
30,55,85,unlabeled,False,nan,1.2006055581569672,687.3082445394992,nan,688.5088500976562,nan,nan
30,56,86,unlabeled,False,nan,1.956014285683632,690.6848548549414,nan,692.640869140625,nan,nan
31,24,55,unlabeled,False,nan,-0.19778174339793622,416.41622656761666,nan,416.21844482421875,nan,nan
31,25,56,unlabeled,False,nan,-0.7130741302669048,433.87628213807943,nan,433.1632080078125,nan,nan
31,26,57,unlabeled,False,nan,-1.3562091994285583,453.0258869338036,nan,451.669677734375,nan,nan
31,27,58,unlabeled,False,nan,-1.808732876777649,468.964830288887,nan,467.1560974121094,nan,nan
31,28,59,unlabeled,False,nan,-2.184440546631813,486.3903426462412,nan,484.2059020996094,nan,nan
31,29,60,unlabeled,False,nan,-1.853774687051773,500.2058559858799,nan,498.3520812988281,nan,nan
31,55,86,unlabeled,False,nan,1.0985986292362213,703.3918798863888,nan,704.490478515625,nan,nan
31,56,87,unlabeled,False,nan,2.027234514951706,706.710009137392,nan,708.7372436523438,nan,nan
32,26,58,unlabeled,False,nan,-1.325435656607151,453.5619163694978,nan,452.2364807128906,nan,nan
32,27,59,unlabeled,False,nan,-1.538500971198082,469.48894042432306,nan,467.950439453125,nan,nan
32,28,60,unlabeled,False,nan,-1.571044666171074,487.6576535528898,nan,486.08660888671875,nan,nan
32,29,61,unlabeled,False,nan,-1.1219503855705262,501.5763571238518,nan,500.45440673828125,nan,nan
32,30,62,unlabeled,False,nan,-0.6638252086937427,517.8900825329125,nan,517.2262573242188,nan,nan
32,55,87,unlabeled,False,nan,1.104697590470314,720.7862325853109,nan,721.8909301757812,nan,nan
32,56,88,unlabeled,False,nan,2.124239701628685,724.7936069780588,nan,726.9178466796875,nan,nan
32,57,89,unlabeled,False,nan,3.1455974018573762,726.0973835551739,nan,729.2429809570312,nan,nan
32,58,90,unlabeled,False,nan,4.42037023305893,729.3439730286598,nan,733.7643432617188,nan,nan
32,59,91,unlabeled,False,nan,5.095753057003021,730.530223505497,nan,735.6259765625,nan,nan
33,28,61,unlabeled,False,nan,-0.9977210319042206,485.2373145377636,nan,484.2395935058594,nan,nan
33,29,62,unlabeled,False,nan,-0.5196634893864394,500.17771402649583,nan,499.6580505371094,nan,nan
33,30,63,unlabeled,False,nan,-0.044343386003747584,516.6886304953788,nan,516.644287109375,nan,nan
33,31,64,unlabeled,False,nan,0.5239287243783474,530.2737397326529,nan,530.7976684570312,nan,nan
33,55,88,unlabeled,False,nan,1.0948736405372619,734.9820306563378,nan,736.076904296875,nan,nan
33,56,89,unlabeled,False,nan,2.1545402139425276,739.0668342977763,nan,741.2213745117188,nan,nan
33,57,90,unlabeled,False,nan,3.231218365430832,741.0784129822255,nan,744.3096313476562,nan,nan
33,58,91,unlabeled,False,nan,4.320818310976028,744.6211372554302,nan,748.9419555664062,nan,nan
33,59,92,unlabeled,False,nan,4.998884620666504,746.5518966293334,nan,751.55078125,nan,nan
33,60,93,unlabeled,False,nan,5.434073843955994,750.264412484169,nan,755.698486328125,nan,nan
34,29,63,unlabeled,False,nan,-0.009354629064910113,500.2486124415649,nan,500.2392578125,nan,nan
34,30,64,unlabeled,False,nan,0.49678847268223764,517.7634043984115,nan,518.2601928710938,nan,nan
34,31,65,unlabeled,False,nan,1.1332618841528892,531.4877708306908,nan,532.6210327148438,nan,nan
34,32,66,unlabeled,False,nan,1.5230372071266174,547.8307225584983,nan,549.353759765625,nan,nan
34,58,92,unlabeled,False,nan,4.142119498252868,762.0397042322159,nan,766.1818237304688,nan,nan
34,59,93,unlabeled,False,nan,4.880953123569489,764.0187661147118,nan,768.8997192382812,nan,nan
34,60,94,unlabeled,False,nan,5.35614844083786,768.4320595669747,nan,773.7882080078125,nan,nan
34,61,95,unlabeled,False,nan,5.66012684583664,770.3859546971321,nan,776.0460815429688,nan,nan
34,62,96,unlabeled,False,nan,5.988058998584747,774.4723902201653,nan,780.46044921875,nan,nan
34,63,97,unlabeled,False,nan,6.142352373600006,776.1399352240562,nan,782.2822875976562,nan,nan
35,30,65,unlabeled,False,nan,1.2070746836066246,515.0268730702996,nan,516.2339477539062,nan,nan
35,31,66,unlabeled,False,nan,1.8492733401060104,529.7481998044252,nan,531.5974731445312,nan,nan
35,32,67,unlabeled,False,nan,2.2066503340005874,546.3244165605306,nan,548.5310668945312,nan,nan
35,33,68,unlabeled,False,nan,2.52106387257576,560.1752862250805,nan,562.6963500976562,nan,nan
35,59,94,unlabeled,False,nan,4.605281176567078,778.4953047609329,nan,783.1005859375,nan,nan
35,60,95,unlabeled,False,nan,5.137112009525299,782.9592014670372,nan,788.0963134765625,nan,nan
35,61,96,unlabeled,False,nan,5.464198191165924,785.6156968283653,nan,791.0798950195312,nan,nan
35,62,97,unlabeled,False,nan,5.81688110113144,789.778699953556,nan,795.5955810546875,nan,nan
35,63,98,unlabeled,False,nan,5.978968727588653,792.1498154520989,nan,798.1287841796875,nan,nan
35,64,99,unlabeled,False,nan,6.197264487743378,795.9914562153816,nan,802.188720703125,nan,nan
35,65,100,unlabeled,False,nan,6.318762173652649,797.9754272794723,nan,804.294189453125,nan,nan
35,66,101,unlabeled,False,nan,6.4869354677200315,801.4341460752487,nan,807.9210815429688,nan,nan
35,67,102,unlabeled,False,nan,6.518492794036865,803.1015023231506,nan,809.6199951171875,nan,nan
36,31,67,unlabeled,False,nan,2.124474925994873,529.8285280036927,nan,531.9530029296875,nan,nan
36,32,68,unlabeled,False,nan,2.3670573902130125,547.5078815746307,nan,549.8749389648438,nan,nan
36,33,69,unlabeled,False,nan,2.583612868785858,561.6512504124642,nan,564.23486328125,nan,nan
36,34,70,unlabeled,False,nan,2.6092821085453033,578.3270582234859,nan,580.9363403320312,nan,nan
36,62,98,unlabeled,False,nan,5.557263422012329,807.212573003769,nan,812.7698364257812,nan,nan
36,63,99,unlabeled,False,nan,5.772779498100281,809.6299914979935,nan,815.4027709960938,nan,nan
36,64,100,unlabeled,False,nan,6.037367746829987,814.1310282492637,nan,820.1683959960938,nan,nan
36,65,101,unlabeled,False,nan,6.191988797187805,816.1761142301559,nan,822.3681030273438,nan,nan
36,66,102,unlabeled,False,nan,6.379140100479126,820.3081157588958,nan,826.687255859375,nan,nan
36,67,103,unlabeled,False,nan,6.42193388223648,822.0531027388573,nan,828.4750366210938,nan,nan
37,32,69,unlabeled,False,nan,2.5307586121559145,545.1248810362816,nan,547.6556396484375,nan,nan
37,33,70,unlabeled,False,nan,2.639107201099396,560.3358683848381,nan,562.9749755859375,nan,nan
37,34,71,unlabeled,False,nan,2.6505003929138184,577.2147950172424,nan,579.8652954101562,nan,nan
37,35,72,unlabeled,False,nan,2.8651355004310606,591.181007077694,nan,594.046142578125,nan,nan
37,66,103,unlabeled,False,nan,6.050227372646332,835.707890303135,nan,841.7581176757812,nan,nan
37,67,104,unlabeled,False,nan,6.056189901828766,838.1689687895774,nan,844.2251586914062,nan,nan
38,33,71,unlabeled,False,nan,2.473479211330414,560.6211863160133,nan,563.0946655273438,nan,nan
38,34,72,unlabeled,False,nan,2.450619829893112,578.4807766544819,nan,580.931396484375,nan,nan
38,35,73,unlabeled,False,nan,2.601690365076065,592.6937808263302,nan,595.2954711914062,nan,nan
38,36,74,unlabeled,False,nan,2.692666347026825,609.2796236920357,nan,611.9722900390625,nan,nan
38,65,103,unlabeled,False,nan,5.400168597698212,848.3473899960518,nan,853.74755859375,nan,nan
38,66,104,unlabeled,False,nan,5.717170300483704,853.1291431760787,nan,858.8463134765625,nan,nan
38,67,105,unlabeled,False,nan,5.792897925376892,855.6119482660293,nan,861.4048461914062,nan,nan
38,68,106,unlabeled,False,nan,5.889882755279541,860.1709692955017,nan,866.0608520507812,nan,nan
39,34,73,unlabeled,False,nan,2.3716250443458557,576.1359433150292,nan,578.507568359375,nan,nan
39,35,74,unlabeled,False,nan,2.5020834386348723,591.2896646082402,nan,593.791748046875,nan,nan
39,36,75,unlabeled,False,nan,2.5833267045021056,608.0631576704978,nan,610.646484375,nan,nan
39,37,76,unlabeled,False,nan,2.8416009652614593,622.0044073355198,nan,624.8460083007812,nan,nan
39,38,77,unlabeled,False,nan,2.8808049726486207,637.7319269609451,nan,640.6127319335938,nan,nan
39,39,78,unlabeled,False,nan,3.0602651953697206,650.7369149804115,nan,653.7971801757812,nan,nan
39,66,105,unlabeled,False,nan,5.299846932888031,867.023395254612,nan,872.3232421875,nan,nan
39,67,106,unlabeled,False,nan,5.484433009624481,870.071353123188,nan,875.5557861328125,nan,nan
39,68,107,unlabeled,False,nan,5.67449747800827,874.6273824048043,nan,880.3018798828125,nan,nan
39,69,108,unlabeled,False,nan,5.687199032306671,877.4256549715996,nan,883.1128540039062,nan,nan
39,70,109,unlabeled,False,nan,5.789227471351624,881.6429014348984,nan,887.43212890625,nan,nan
39,71,110,unlabeled,False,nan,5.735733554363251,884.105391933918,nan,889.8411254882812,nan,nan
40,35,75,unlabeled,False,nan,2.355522223711014,591.3118361747265,nan,593.6673583984375,nan,nan
40,36,76,unlabeled,False,nan,2.4435822051763534,608.9868987518549,nan,611.4304809570312,nan,nan
40,37,77,unlabeled,False,nan,2.648497551679611,623.1542978584766,nan,625.8027954101562,nan,nan
40,38,78,unlabeled,False,nan,2.6047803843021393,639.8558519399166,nan,642.4606323242188,nan,nan
40,39,79,unlabeled,False,nan,2.722234194278717,653.0909982275963,nan,655.813232421875,nan,nan
40,67,107,unlabeled,False,nan,5.234006476402283,885.8918480157852,nan,891.1258544921875,nan,nan
40,68,108,unlabeled,False,nan,5.48415501832962,891.0567385363579,nan,896.5408935546875,nan,nan
40,69,109,unlabeled,False,nan,5.55169379234314,893.8889190006256,nan,899.4406127929688,nan,nan
40,70,110,unlabeled,False,nan,5.669372344017029,898.7476808786392,nan,904.4170532226562,nan,nan
40,71,111,unlabeled,False,nan,5.61670729637146,901.2933879184723,nan,906.9100952148438,nan,nan
40,72,112,unlabeled,False,nan,5.536751463413238,905.9309609389305,nan,911.4677124023438,nan,nan
41,38,79,unlabeled,False,nan,2.448299800157547,638.4267612349987,nan,640.8750610351562,nan,nan
41,39,80,unlabeled,False,nan,2.5479398202896117,652.5478243398667,nan,655.0957641601562,nan,nan
41,40,81,unlabeled,False,nan,2.5156819474697114,668.3659098494053,nan,670.881591796875,nan,nan
41,41,82,unlabeled,False,nan,2.6913412058353425,681.4384805715084,nan,684.1298217773438,nan,nan
41,70,111,unlabeled,False,nan,5.281524510383606,912.5838929700851,nan,917.8654174804688,nan,nan
41,71,112,unlabeled,False,nan,5.256093006134034,915.7479963493347,nan,921.0040893554688,nan,nan
41,72,113,unlabeled,False,nan,5.184711549282074,920.4599417710305,nan,925.6446533203125,nan,nan
41,73,114,unlabeled,False,nan,4.865703608989715,923.5183906292915,nan,928.3840942382812,nan,nan
41,74,115,unlabeled,False,nan,4.453474161624908,928.1666430258751,nan,932.6201171875,nan,nan
42,38,80,unlabeled,False,nan,2.2097418451309205,639.1637322759628,nan,641.3734741210938,nan,nan
42,39,81,unlabeled,False,nan,2.3114742386341094,653.4460330855846,nan,655.7575073242188,nan,nan
42,40,82,unlabeled,False,nan,2.1867573994398115,670.2143656474352,nan,672.401123046875,nan,nan
42,41,83,unlabeled,False,nan,2.3054592126607893,683.5029514318704,nan,685.8084106445312,nan,nan
42,42,84,unlabeled,False,nan,2.129699418544769,699.3302615189552,nan,701.4599609375,nan,nan
42,71,113,unlabeled,False,nan,4.772988977432251,931.7450774288177,nan,936.51806640625,nan,nan
42,72,114,unlabeled,False,nan,4.744564456939697,937.0550571250916,nan,941.7996215820312,nan,nan
42,73,115,unlabeled,False,nan,4.491976422071457,940.1288121521472,nan,944.6207885742188,nan,nan
42,74,116,unlabeled,False,nan,4.122361272573471,945.3646992743015,nan,949.487060546875,nan,nan
42,75,117,unlabeled,False,nan,3.5477131462097167,948.3746501350403,nan,951.92236328125,nan,nan
43,40,83,unlabeled,False,nan,2.0742169427871704,668.4775408697128,nan,670.5517578125,nan,nan
43,41,84,unlabeled,False,nan,2.14911970615387,682.6465956258774,nan,684.7957153320312,nan,nan
43,42,85,unlabeled,False,nan,2.0021111023426057,698.6000007140636,nan,700.6021118164062,nan,nan
43,43,86,unlabeled,False,nan,2.090507423877716,711.822029197216,nan,713.9125366210938,nan,nan
43,73,116,unlabeled,False,nan,3.9009893357753755,954.0393182814121,nan,957.9403076171875,nan,nan
43,74,117,unlabeled,False,nan,3.578835393190384,959.3083106029034,nan,962.8871459960938,nan,nan
43,75,118,unlabeled,False,nan,3.014389044046402,962.9278716981411,nan,965.9422607421875,nan,nan
43,76,119,unlabeled,False,nan,2.2817269659042356,968.2059439325333,nan,970.4876708984375,nan,nan
43,77,120,unlabeled,False,nan,1.3943264749646187,971.7691256734729,nan,973.1634521484375,nan,nan
43,78,121,unlabeled,False,nan,0.7886732902377844,976.5356675300748,nan,977.3243408203125,nan,nan
44,41,85,unlabeled,False,nan,1.8614822804927826,683.2991622507573,nan,685.16064453125,nan,nan
44,42,86,unlabeled,False,nan,1.6195567560195923,700.1745716619491,nan,701.7941284179688,nan,nan
44,43,87,unlabeled,False,nan,1.5807571578025819,713.6746749711036,nan,715.2554321289062,nan,nan
44,44,88,unlabeled,False,nan,0.9645512214303017,729.9719722160697,nan,730.9365234375,nan,nan
44,74,118,unlabeled,False,nan,2.9345319640636442,975.31296559453,nan,978.2474975585938,nan,nan
44,75,119,unlabeled,False,nan,2.4429060792922974,978.9390519285203,nan,981.3819580078125,nan,nan
44,76,120,unlabeled,False,nan,1.838111662864685,984.7049181222916,nan,986.5430297851562,nan,nan
44,77,121,unlabeled,False,nan,1.1522964704036713,988.1419540178775,nan,989.2942504882812,nan,nan
44,78,122,unlabeled,False,nan,0.498440291211009,993.5625338298828,nan,994.0609741210938,nan,nan
44,79,123,unlabeled,False,nan,-0.19193096356932074,996.6369993229443,nan,996.445068359375,nan,nan
45,42,87,unlabeled,False,nan,1.4257469335198403,698.2520484766364,nan,699.6777954101562,nan,nan
45,43,88,unlabeled,False,nan,1.2183316746354103,712.728323598802,nan,713.9466552734375,nan,nan
45,44,89,unlabeled,False,nan,0.5932673601806164,729.1814518781007,nan,729.7747192382812,nan,nan
45,45,90,unlabeled,False,nan,0.13677586154080928,743.0091591970529,nan,743.1459350585938,nan,nan
45,46,91,unlabeled,False,nan,-0.6688906264305114,757.891424806118,nan,757.2225341796875,nan,nan
45,75,120,unlabeled,False,nan,1.8388491922616959,992.1194637960195,nan,993.9583129882812,nan,nan
45,77,122,unlabeled,False,nan,0.6479878170788288,1001.9065776126087,nan,1002.5545654296875,nan,nan
45,78,123,unlabeled,False,nan,-0.07486212491290643,1007.4706140780379,nan,1007.395751953125,nan,nan
45,79,124,unlabeled,False,nan,-0.869566617757082,1011.2455431802571,nan,1010.3759765625,nan,nan
45,80,125,unlabeled,False,nan,-1.6448695105314255,1016.4802576941252,nan,1014.8353881835938,nan,nan
46,43,89,unlabeled,False,nan,0.5167899813503027,713.4968818936497,nan,714.013671875,nan,nan
46,44,90,unlabeled,False,nan,-0.1550820184056647,730.7956459832494,nan,730.6405639648438,nan,nan
46,45,91,unlabeled,False,nan,-0.6855197180807591,744.8405490149557,nan,744.155029296875,nan,nan
46,78,124,unlabeled,False,nan,-0.8766879956424236,1023.5489292065799,nan,1022.6722412109375,nan,nan
46,79,125,unlabeled,False,nan,-1.7158392035961152,1027.4417913520335,nan,1025.7259521484375,nan,nan
46,80,126,unlabeled,False,nan,-2.5012746918201447,1033.27910672307,nan,1030.77783203125,nan,nan
46,81,127,unlabeled,False,nan,-3.4436563384532928,1036.9103311431409,nan,1033.4666748046875,nan,nan
46,82,128,unlabeled,False,nan,-4.1377490818500515,1042.2806934177875,nan,1038.1429443359375,nan,nan
46,83,129,unlabeled,False,nan,-3.487487345933914,1043.9690547287464,nan,1040.4815673828125,nan,nan
46,84,130,unlabeled,False,nan,-2.298814033865929,1047.095933174491,nan,1044.797119140625,nan,nan
46,85,131,unlabeled,False,nan,-1.5105584996938706,1048.3097528356313,nan,1046.7991943359375,nan,nan
46,86,132,unlabeled,False,nan,-1.1133054269850253,1051.8812497629226,nan,1050.7679443359375,nan,nan
47,44,91,unlabeled,False,nan,-0.773590665012598,729.0282293368876,nan,728.254638671875,nan,nan
47,45,92,unlabeled,False,nan,-1.31839738458395,743.8683241423964,nan,742.5499267578125,nan,nan
47,46,93,unlabeled,False,nan,-2.085504825115204,760.4861395907402,nan,758.400634765625,nan,nan
47,47,94,unlabeled,False,nan,-2.815357540845871,774.6465953338146,nan,771.8312377929688,nan,nan
47,79,126,unlabeled,False,nan,-2.740342744588852,1040.9963241899013,nan,1038.2559814453125,nan,nan
47,80,127,unlabeled,False,nan,-3.573825773000717,1046.9539527261256,nan,1043.380126953125,nan,nan
47,81,128,unlabeled,False,nan,-4.46163645029068,1051.1139802002906,nan,1046.65234375,nan,nan
47,82,129,unlabeled,False,nan,-4.729387135505676,1056.1269701433182,nan,1051.3975830078125,nan,nan
47,83,130,unlabeled,False,nan,-4.038754644393921,1058.3494235897065,nan,1054.3106689453125,nan,nan
47,84,131,unlabeled,False,nan,-2.795506967306137,1061.4874014985562,nan,1058.69189453125,nan,nan
47,85,132,unlabeled,False,nan,-1.9648074048757553,1063.2248171705007,nan,1061.260009765625,nan,nan
47,86,133,unlabeled,False,nan,-1.5804928666353226,1066.8716305619478,nan,1065.2911376953125,nan,nan
48,44,92,unlabeled,False,nan,-1.5255948820710181,729.4089566984773,nan,727.8833618164062,nan,nan
48,45,93,unlabeled,False,nan,-2.0211521583795546,744.3393284279108,nan,742.3181762695312,nan,nan
48,46,94,unlabeled,False,nan,-2.9633561778068542,761.9049455332756,nan,758.9415893554688,nan,nan
48,47,95,unlabeled,False,nan,-3.8356940150260925,776.3441168665886,nan,772.5084228515625,nan,nan
48,48,96,unlabeled,False,nan,-4.9554864382743835,793.2051812624932,nan,788.2496948242188,nan,nan
48,85,133,unlabeled,False,nan,-3.045656467676163,1080.188478733301,nan,1077.142822265625,nan,nan
48,86,134,unlabeled,False,nan,-2.6017343997955322,1084.3385508060455,nan,1081.73681640625,nan,nan
48,87,135,unlabeled,False,nan,-2.619445850849152,1086.6542358899117,nan,1084.0347900390625,nan,nan
49,46,95,unlabeled,False,nan,-3.770987560749054,760.0551062130928,nan,756.2841186523438,nan,nan
49,47,96,unlabeled,False,nan,-4.776373288631439,775.3832458472252,nan,770.6068725585938,nan,nan
49,48,97,unlabeled,False,nan,-5.959232702255249,792.4403118038177,nan,786.4810791015625,nan,nan
49,49,98,unlabeled,False,nan,-6.918585743904114,806.8883123064041,nan,799.9697265625,nan,nan
49,84,133,unlabeled,False,nan,-6.226431140899658,1093.2713530158996,nan,1087.044921875,nan,nan
49,85,134,unlabeled,False,nan,-4.880906789302826,1095.1213853049278,nan,1090.240478515625,nan,nan
49,86,135,unlabeled,False,nan,-3.778909910917282,1098.6773474109173,nan,1094.8984375,nan,nan
49,87,136,unlabeled,False,nan,-3.3565041184425355,1101.107602751255,nan,1097.7510986328125,nan,nan
49,88,137,unlabeled,False,nan,-2.8269267964363096,1104.8880840229988,nan,1102.0611572265625,nan,nan
50,47,97,unlabeled,False,nan,-5.8684985947608945,775.9445483994484,nan,770.0760498046875,nan,nan
50,48,98,unlabeled,False,nan,-6.880640914440155,793.5793103480339,nan,786.6986694335938,nan,nan
50,49,99,unlabeled,False,nan,-7.673524377346038,807.9906020140647,nan,800.3170776367188,nan,nan
50,53,103,unlabeled,False,nan,-5.510459980964661,859.1623154497147,nan,853.65185546875,nan,nan
50,86,136,unlabeled,False,nan,-4.900756726264953,1114.8681639528274,nan,1109.9674072265625,nan,nan
50,87,137,unlabeled,False,nan,-3.7427701926231385,1116.626070973873,nan,1112.88330078125,nan,nan
50,88,138,unlabeled,False,nan,-2.5883746445178986,1120.3331256210804,nan,1117.7447509765625,nan,nan
50,89,139,unlabeled,False,nan,-1.4563577961921692,1121.7838724446297,nan,1120.3275146484375,nan,nan
50,90,140,unlabeled,False,nan,-0.3221754361502826,1125.1682447720877,nan,1124.8460693359375,nan,nan
51,48,99,unlabeled,False,nan,-7.1908019208908085,790.9588683271409,nan,783.76806640625,nan,nan
51,49,100,unlabeled,False,nan,-7.601073768138885,805.7204585337639,nan,798.119384765625,nan,nan
51,50,101,unlabeled,False,nan,-7.856314966678619,821.8740151619911,nan,814.0177001953125,nan,nan
51,51,102,unlabeled,False,nan,-7.055933122634888,834.6191045093536,nan,827.5631713867188,nan,nan
51,52,103,unlabeled,False,nan,-6.050065267086029,847.9361126303672,nan,841.8860473632812,nan,nan
51,53,104,unlabeled,False,nan,-4.938692381381989,858.8525717759132,nan,853.9138793945312,nan,nan
51,87,138,unlabeled,False,nan,-3.088843786716461,1128.3639902710916,nan,1125.275146484375,nan,nan
51,88,139,unlabeled,False,nan,-1.8536530965566635,1132.0527497762441,nan,1130.1990966796875,nan,nan
51,89,140,unlabeled,False,nan,-0.8635672670602799,1134.1891287904978,nan,1133.3255615234375,nan,nan
51,90,141,unlabeled,False,nan,0.0986657701479271,1137.8050207532897,nan,1137.9036865234375,nan,nan
51,91,142,unlabeled,False,nan,0.953978531062603,1139.7476816251874,nan,1140.70166015625,nan,nan
52,48,100,unlabeled,False,nan,-7.296049857139588,790.1074512243271,nan,782.8114013671875,nan,nan
52,49,101,unlabeled,False,nan,-7.285901868343354,804.5752695441246,nan,797.2893676757812,nan,nan
52,50,102,unlabeled,False,nan,-7.128520488739014,821.042094707489,nan,813.91357421875,nan,nan
52,51,103,unlabeled,False,nan,-6.157577683925629,833.7404023909569,nan,827.5828247070312,nan,nan
52,55,107,unlabeled,False,nan,-2.559730976819992,883.8138203322887,nan,881.2540893554688,nan,nan
52,89,141,unlabeled,False,nan,-0.27578017737716437,1148.0090565445646,nan,1147.7332763671875,nan,nan
52,90,142,unlabeled,False,nan,0.7046596467494964,1152.147513204813,nan,1152.8521728515625,nan,nan
52,91,143,unlabeled,False,nan,1.5740776002407073,1154.1349067747592,nan,1155.708984375,nan,nan
52,92,144,unlabeled,False,nan,2.620317176580429,1157.8668654406072,nan,1160.4871826171875,nan,nan
52,93,145,unlabeled,False,nan,3.768889620304108,1159.2558906531333,nan,1163.0247802734375,nan,nan
52,94,146,unlabeled,False,nan,4.354871697425843,1163.1194935369492,nan,1167.474365234375,nan,nan
53,50,103,unlabeled,False,nan,-6.115861876010895,816.8245410752296,nan,810.7086791992188,nan,nan
53,51,104,unlabeled,False,nan,-5.064572253227234,830.153866686821,nan,825.0892944335938,nan,nan
53,52,105,unlabeled,False,nan,-3.9954323351383207,845.0077614367008,nan,841.0123291015625,nan,nan
53,53,106,unlabeled,False,nan,-2.9358368277549745,857.5493011832237,nan,854.6134643554688,nan,nan
53,54,107,unlabeled,False,nan,-2.2763760435581206,871.2881558287144,nan,869.0117797851562,nan,nan
53,55,108,unlabeled,False,nan,-1.5710256850719453,882.7136648452282,nan,881.1426391601562,nan,nan
53,90,143,unlabeled,False,nan,1.05209753125906,1163.570705203116,nan,1164.622802734375,nan,nan
53,91,144,unlabeled,False,nan,1.9870100331306457,1166.0259294199943,nan,1168.012939453125,nan,nan
53,92,145,unlabeled,False,nan,2.9833344233036043,1169.8659087407589,nan,1172.8492431640625,nan,nan
53,93,146,unlabeled,False,nan,3.7825589311122894,1172.1302828657626,nan,1175.912841796875,nan,nan
53,94,147,unlabeled,False,nan,4.376821275949478,1176.041025403738,nan,1180.4178466796875,nan,nan
53,95,148,unlabeled,False,nan,4.686146810054779,1178.4803570961951,nan,1183.16650390625,nan,nan
54,50,104,unlabeled,False,nan,-5.497494587898254,814.9562958574295,nan,809.4588012695312,nan,nan
54,51,105,unlabeled,False,nan,-4.131609953641892,828.0919371020794,nan,823.9603271484375,nan,nan
54,52,106,unlabeled,False,nan,-3.0471810913085937,843.6353768920899,nan,840.5881958007812,nan,nan
54,53,107,unlabeled,False,nan,-2.1488206911087038,856.4563158082962,nan,854.3074951171875,nan,nan
54,57,111,unlabeled,False,nan,-0.03854184963507578,908.3411541543226,nan,908.3026123046875,nan,nan
54,93,147,unlabeled,False,nan,3.8318265771865843,1186.376547446251,nan,1190.2083740234375,nan,nan
54,94,148,unlabeled,False,nan,4.411884278059006,1190.8248100578785,nan,1195.2366943359375,nan,nan
54,95,149,unlabeled,False,nan,4.715571987628937,1193.3245891451836,nan,1198.0401611328125,nan,nan
54,96,150,unlabeled,False,nan,4.946741759777069,1197.7950795292854,nan,1202.7418212890625,nan,nan
55,52,107,unlabeled,False,nan,-2.0846098029613493,839.1928251349926,nan,837.1082153320312,nan,nan
55,53,108,unlabeled,False,nan,-1.4126140356063843,852.9313518285751,nan,851.5187377929688,nan,nan
55,54,109,unlabeled,False,nan,-0.9378449800610542,868.4048249605298,nan,867.4669799804688,nan,nan
55,55,110,unlabeled,False,nan,-0.3301222983747721,881.4527419272811,nan,881.1226196289062,nan,nan
55,56,111,unlabeled,False,nan,0.010683887545019389,895.5828830069862,nan,895.5935668945312,nan,nan
55,57,112,unlabeled,False,nan,0.6248778988420963,907.1985473941266,nan,907.8234252929688,nan,nan
55,60,115,unlabeled,False,nan,1.5866992062330245,944.6619580203295,nan,946.2486572265625,nan,nan
55,61,116,unlabeled,False,nan,2.023400416970253,955.152197727561,nan,957.1755981445312,nan,nan
55,94,149,unlabeled,False,nan,4.167705833911896,1202.757831275463,nan,1206.925537109375,nan,nan
55,95,150,unlabeled,False,nan,4.4618004083633425,1205.7835609197616,nan,1210.245361328125,nan,nan
55,96,151,unlabeled,False,nan,4.73003431558609,1210.2711863875388,nan,1215.001220703125,nan,nan
55,97,152,unlabeled,False,nan,4.761560997962952,1213.246251502037,nan,1218.0078125,nan,nan
56,52,108,unlabeled,False,nan,-1.5661900001764297,837.131253476739,nan,835.5650634765625,nan,nan
56,53,109,unlabeled,False,nan,-1.1849601352214814,851.276146658659,nan,850.0911865234375,nan,nan
56,54,110,unlabeled,False,nan,-0.7557088747620583,867.4801961794495,nan,866.7244873046875,nan,nan
56,55,111,unlabeled,False,nan,-0.0200779728917405,880.5132420353917,nan,880.4931640625,nan,nan
56,56,112,unlabeled,False,nan,0.298009135723114,896.0583751416207,nan,896.3563842773438,nan,nan
56,57,113,unlabeled,False,nan,0.8294006806612014,907.8671325224637,nan,908.696533203125,nan,nan
56,59,115,unlabeled,False,nan,1.5091594803333281,933.2913776290417,nan,934.800537109375,nan,nan
56,60,116,unlabeled,False,nan,1.5118977361917496,947.0399821466208,nan,948.5518798828125,nan,nan
56,62,118,unlabeled,False,nan,1.8575123012065888,970.8252879917621,nan,972.6828002929688,nan,nan
56,95,151,unlabeled,False,nan,4.11977786898613,1219.7322729122639,nan,1223.85205078125,nan,nan
56,96,152,unlabeled,False,nan,4.473056042194367,1224.6485259890555,nan,1229.12158203125,nan,nan
56,97,153,unlabeled,False,nan,4.553768599033356,1227.6278720259666,nan,1232.181640625,nan,nan
56,98,154,unlabeled,False,nan,4.737355713844299,1232.3893532705306,nan,1237.126708984375,nan,nan
56,99,155,unlabeled,False,nan,4.718764615058899,1235.162827181816,nan,1239.881591796875,nan,nan
57,56,113,unlabeled,False,nan,0.8349141855537892,892.54881384179,nan,893.3837280273438,nan,nan
57,57,114,unlabeled,False,nan,1.2297791358828545,905.8630553367734,nan,907.0928344726562,nan,nan
57,58,115,unlabeled,False,nan,1.3566802966594695,920.2771087658406,nan,921.6337890625,nan,nan
57,59,116,unlabeled,False,nan,1.7676308679580688,932.1911704015732,nan,933.9588012695312,nan,nan
57,60,117,unlabeled,False,nan,1.7574750471115113,946.0577715349198,nan,947.8152465820312,nan,nan
57,61,118,unlabeled,False,nan,2.0991103893518446,957.3925277942419,nan,959.4916381835938,nan,nan
57,62,119,unlabeled,False,nan,2.040154869556427,970.6533265757561,nan,972.6934814453125,nan,nan
57,63,120,unlabeled,False,nan,2.301042923927307,981.4481025838852,nan,983.7491455078125,nan,nan
57,64,121,unlabeled,False,nan,2.177438049316406,994.1469638061524,nan,996.3244018554688,nan,nan
57,65,122,unlabeled,False,nan,2.3312253952026367,1004.4545412063599,nan,1006.7857666015625,nan,nan
57,66,123,unlabeled,False,nan,2.1407005512714385,1016.620163706541,nan,1018.7608642578125,nan,nan
57,96,153,unlabeled,False,nan,3.7719716835021972,1236.3861093711853,nan,1240.1580810546875,nan,nan
57,97,154,unlabeled,False,nan,3.91550337433815,1239.8097163522243,nan,1243.7252197265625,nan,nan
57,98,155,unlabeled,False,nan,4.280774071216583,1244.4423704600333,nan,1248.72314453125,nan,nan
57,99,156,unlabeled,False,nan,4.3234472548961635,1247.655312510729,nan,1251.978759765625,nan,nan
57,100,157,unlabeled,False,nan,4.479786113500595,1252.180736347437,nan,1256.6605224609375,nan,nan
58,56,114,unlabeled,False,nan,0.9949218139052391,891.329846252501,nan,892.3247680664062,nan,nan
58,57,115,unlabeled,False,nan,1.2101771357655524,904.9319127079845,nan,906.14208984375,nan,nan
58,58,116,unlabeled,False,nan,1.2757823804020882,920.7601062914729,nan,922.035888671875,nan,nan
58,59,117,unlabeled,False,nan,1.672778804898262,932.7937739294767,nan,934.466552734375,nan,nan
58,60,118,unlabeled,False,nan,1.6277824282646178,947.3438972592354,nan,948.9716796875,nan,nan
58,61,119,unlabeled,False,nan,1.9811636573076248,958.7698129051923,nan,960.7509765625,nan,nan
58,62,120,unlabeled,False,nan,1.9115365946292877,972.681053737402,nan,974.5925903320312,nan,nan
58,63,121,unlabeled,False,nan,2.1928743642568587,983.5555997568368,nan,985.7484741210938,nan,nan
58,64,122,unlabeled,False,nan,1.9887618046998978,996.9660111445188,nan,998.9547729492188,nan,nan
58,65,123,unlabeled,False,nan,2.11954681456089,1007.3940029901266,nan,1009.5135498046875,nan,nan
58,66,124,unlabeled,False,nan,1.9399222815036774,1020.1712227380276,nan,1022.1111450195312,nan,nan
58,67,125,unlabeled,False,nan,2.060308960080147,1030.0372252196073,nan,1032.0975341796875,nan,nan
58,96,154,unlabeled,False,nan,3.3050401282310484,1249.7373182702065,nan,1253.0423583984375,nan,nan
58,98,156,unlabeled,False,nan,3.851769542694092,1258.314734363556,nan,1262.16650390625,nan,nan
58,99,157,unlabeled,False,nan,3.9589154362678527,1261.5155718684196,nan,1265.4744873046875,nan,nan
58,100,158,unlabeled,False,nan,4.2315891063213344,1266.4229519093037,nan,1270.654541015625,nan,nan
58,101,159,unlabeled,False,nan,4.209257868528366,1269.4497997486592,nan,1273.6590576171875,nan,nan
58,102,160,unlabeled,False,nan,4.29431224822998,1274.232787361145,nan,1278.527099609375,nan,nan
59,65,124,unlabeled,False,nan,2.1823849195241927,1007.580127287507,nan,1009.7625122070312,nan,nan
59,66,125,unlabeled,False,nan,2.0151876997947693,1020.4403787064552,nan,1022.45556640625,nan,nan
59,67,126,unlabeled,False,nan,2.1215185445547102,1030.9326806741954,nan,1033.05419921875,nan,nan
59,68,127,unlabeled,False,nan,1.9779227221012115,1043.1828438794612,nan,1045.1607666015625,nan,nan
59,99,158,unlabeled,False,nan,3.093150761127472,1273.2828258013726,nan,1276.3759765625,nan,nan
59,100,159,unlabeled,False,nan,3.5760169517993927,1278.0316490638256,nan,1281.607666015625,nan,nan
59,101,160,unlabeled,False,nan,3.6380590856075288,1281.4661889612676,nan,1285.104248046875,nan,nan
59,102,161,unlabeled,False,nan,3.843605535030365,1286.1781229805947,nan,1290.021728515625,nan,nan
60,66,126,unlabeled,False,nan,1.814372876882553,1022.85518278718,nan,1024.6695556640625,nan,nan
60,67,127,unlabeled,False,nan,1.9303008478879928,1033.431515558362,nan,1035.36181640625,nan,nan
60,68,128,unlabeled,False,nan,1.79596320271492,1046.27996453166,nan,1048.075927734375,nan,nan
60,69,129,unlabeled,False,nan,1.9169718259572983,1056.2915242677927,nan,1058.20849609375,nan,nan
60,101,161,unlabeled,False,nan,3.232561173439026,1294.7094554281234,nan,1297.9420166015625,nan,nan
60,102,162,unlabeled,False,nan,3.5490204775333405,1299.8001006162167,nan,1303.34912109375,nan,nan
60,103,163,unlabeled,False,nan,3.50861425280571,1303.0863564503193,nan,1306.594970703125,nan,nan
60,104,164,unlabeled,False,nan,3.6413715255260466,1308.0508892166615,nan,1311.6922607421875,nan,nan
61,67,128,unlabeled,False,nan,1.97893845975399,1033.2409101730584,nan,1035.2198486328125,nan,nan
61,68,129,unlabeled,False,nan,1.8565399187803269,1046.1693389874697,nan,1048.02587890625,nan,nan
61,69,130,unlabeled,False,nan,1.971800080537796,1056.7844255053997,nan,1058.7562255859375,nan,nan
61,70,131,unlabeled,False,nan,1.8684629529714585,1069.120428648591,nan,1070.9888916015625,nan,nan
61,71,132,unlabeled,False,nan,2.021892039179802,1079.1521802264451,nan,1081.174072265625,nan,nan
61,101,162,unlabeled,False,nan,2.432891216278076,1305.7867132759095,nan,1308.2196044921875,nan,nan
61,102,163,unlabeled,False,nan,2.9280145943164824,1310.7492314994336,nan,1313.67724609375,nan,nan
61,103,164,unlabeled,False,nan,2.9955887281894684,1314.411271623373,nan,1317.4068603515625,nan,nan
61,104,165,unlabeled,False,nan,3.2871555638313295,1319.2652126002313,nan,1322.5523681640625,nan,nan
62,68,130,unlabeled,False,nan,1.7463455873727798,1048.0848311704397,nan,1049.8311767578125,nan,nan
62,69,131,unlabeled,False,nan,1.8769517827033997,1058.7745374751091,nan,1060.6514892578125,nan,nan
62,70,132,unlabeled,False,nan,1.755585938692093,1071.722197264433,nan,1073.477783203125,nan,nan
62,71,133,unlabeled,False,nan,1.8811082279682159,1081.8693800532817,nan,1083.75048828125,nan,nan
62,72,134,unlabeled,False,nan,1.7482383799552919,1094.2699500966073,nan,1096.0181884765625,nan,nan
62,103,165,unlabeled,False,nan,2.7199754869937895,1326.8853711926938,nan,1329.6053466796875,nan,nan
62,104,166,unlabeled,False,nan,3.115674741268158,1332.1166250634194,nan,1335.2322998046875,nan,nan
62,105,167,unlabeled,False,nan,3.1128070557117464,1335.5989849364757,nan,1338.7117919921875,nan,nan
62,106,168,unlabeled,False,nan,3.3021658384799957,1340.72859588027,nan,1344.03076171875,nan,nan
63,70,133,unlabeled,False,nan,1.843030619621277,1071.1968863725663,nan,1073.0399169921875,nan,nan
63,71,134,unlabeled,False,nan,1.9671144968271255,1081.9296140187978,nan,1083.896728515625,nan,nan
63,72,135,unlabeled,False,nan,1.8904643315076828,1094.3600239497423,nan,1096.25048828125,nan,nan
63,73,136,unlabeled,False,nan,2.0503964185714723,1104.5232119798661,nan,1106.5736083984375,nan,nan
63,103,166,unlabeled,False,nan,1.95715425491333,1337.3190908622742,nan,1339.2762451171875,nan,nan
63,104,167,unlabeled,False,nan,2.486079957485199,1342.4664346909524,nan,1344.9525146484375,nan,nan
63,105,168,unlabeled,False,nan,2.5449924647808073,1346.3626003086567,nan,1348.9075927734375,nan,nan
63,106,169,unlabeled,False,nan,2.8224218249320985,1351.4513818860055,nan,1354.2738037109375,nan,nan
64,71,135,unlabeled,False,nan,1.8785416704416276,1083.5086653608084,nan,1085.38720703125,nan,nan
64,72,136,unlabeled,False,nan,1.7788262659311294,1096.5422186559438,nan,1098.321044921875,nan,nan
64,73,137,unlabeled,False,nan,1.8920432889461518,1106.836472336054,nan,1108.728515625,nan,nan
64,74,138,unlabeled,False,nan,1.6611581313610078,1119.4546865952016,nan,1121.1158447265625,nan,nan
64,75,139,unlabeled,False,nan,1.7188108092546464,1129.2885134094954,nan,1131.00732421875,nan,nan
64,105,169,unlabeled,False,nan,2.2115781623125077,1358.272918908,nan,1360.4844970703125,nan,nan
64,106,170,unlabeled,False,nan,2.5102627229690553,1363.8138339567186,nan,1366.3240966796875,nan,nan
65,72,137,unlabeled,False,nan,1.8861139386892318,1095.6155950456857,nan,1097.501708984375,nan,nan
65,73,138,unlabeled,False,nan,1.9811163365840911,1106.4993524134159,nan,1108.48046875,nan,nan
65,74,139,unlabeled,False,nan,1.8144084650278092,1119.1361530584097,nan,1120.9505615234375,nan,nan
65,104,169,unlabeled,False,nan,1.4507135099172592,1363.6370550447702,nan,1365.0877685546875,nan,nan
65,105,170,unlabeled,False,nan,1.3473773711919785,1368.217319894433,nan,1369.564697265625,nan,nan
65,106,171,unlabeled,False,nan,1.6073206132650375,1373.84507196486,nan,1375.452392578125,nan,nan
66,73,139,unlabeled,False,nan,1.8206183218955994,1107.752257654667,nan,1109.5728759765625,nan,nan
66,74,140,unlabeled,False,nan,1.6282999694347382,1120.9820515930653,nan,1122.6103515625,nan,nan
66,75,141,unlabeled,False,nan,1.6388178884983062,1131.5087651193141,nan,1133.1475830078125,nan,nan
66,76,142,unlabeled,False,nan,1.227366607785225,1144.4225357359649,nan,1145.64990234375,nan,nan
66,104,170,unlabeled,False,nan,1.2670783030986785,1374.2243767750263,nan,1375.491455078125,nan,nan
66,105,171,unlabeled,False,nan,1.1171313378214835,1378.900812998116,nan,1380.0179443359375,nan,nan
66,106,172,unlabeled,False,nan,1.4176132160425186,1384.9588516277074,nan,1386.37646484375,nan,nan
67,73,140,unlabeled,False,nan,1.8698143720626832,1106.4263282060624,nan,1108.296142578125,nan,nan
67,74,141,unlabeled,False,nan,1.666882826089859,1119.74864451766,nan,1121.41552734375,nan,nan
67,75,142,unlabeled,False,nan,1.675296637415886,1130.8365441828967,nan,1132.5118408203125,nan,nan
67,76,143,unlabeled,False,nan,1.3258255404233932,1143.768046529889,nan,1145.0938720703125,nan,nan
67,105,172,unlabeled,False,nan,0.44612757325172425,1387.5620511376858,nan,1388.0081787109375,nan,nan
67,106,173,unlabeled,False,nan,0.768600889146328,1393.6470485249163,nan,1394.4156494140625,nan,nan
67,107,174,unlabeled,False,nan,0.5571853734552861,1398.5449874781073,nan,1399.1021728515625,nan,nan
67,108,175,unlabeled,False,nan,0.9784503689408303,1404.2162517794966,nan,1405.1947021484375,nan,nan
67,109,176,unlabeled,False,nan,0.7259998494386672,1408.8540782755613,nan,1409.580078125,nan,nan
68,75,143,unlabeled,False,nan,1.298160616159439,1131.914607938528,nan,1133.2127685546875,nan,nan
68,76,144,unlabeled,False,nan,0.9450626492500305,1145.405035007,nan,1146.35009765625,nan,nan
68,77,145,unlabeled,False,nan,0.8719063293933869,1156.1404227721691,nan,1157.0123291015625,nan,nan
68,105,173,unlabeled,False,nan,0.426295767724514,1396.9374737635255,nan,1397.36376953125,nan,nan
68,106,174,unlabeled,False,nan,0.8207404926419258,1403.4186393901705,nan,1404.2393798828125,nan,nan
68,107,175,unlabeled,False,nan,0.6402020514011383,1408.3340411126615,nan,1408.9742431640625,nan,nan
68,108,176,unlabeled,False,nan,1.068142567873001,1414.4617646586894,nan,1415.5299072265625,nan,nan
68,109,177,unlabeled,False,nan,0.8816659507155419,1419.0801260414719,nan,1419.9617919921875,nan,nan
68,110,178,unlabeled,False,nan,1.3026427334547044,1424.904266446233,nan,1426.2069091796875,nan,nan
69,75,144,unlabeled,False,nan,1.2635526603460312,1130.305294995904,nan,1131.56884765625,nan,nan
69,76,145,unlabeled,False,nan,0.9597595018148423,1143.8255188184976,nan,1144.7852783203125,nan,nan
69,77,146,unlabeled,False,nan,0.8804543393850327,1155.11441870749,nan,1155.994873046875,nan,nan
69,80,149,unlabeled,False,nan,-0.7865062963962555,1192.3607250463963,nan,1191.57421875,nan,nan
69,81,150,unlabeled,False,nan,-1.5205100804567337,1203.3172630101442,nan,1201.7967529296875,nan,nan
69,108,177,unlabeled,False,nan,0.6565817737579346,1422.358310804367,nan,1423.014892578125,nan,nan
69,109,178,unlabeled,False,nan,0.5207876439392567,1427.3838754419983,nan,1427.9046630859375,nan,nan
69,110,179,unlabeled,False,nan,0.9534117403626442,1433.2422669705747,nan,1434.1956787109375,nan,nan
69,111,180,unlabeled,False,nan,0.8298952925205231,1437.9566037309169,nan,1438.7864990234375,nan,nan
69,112,181,unlabeled,False,nan,1.440856853723526,1443.333435138464,nan,1444.7742919921875,nan,nan
69,113,182,unlabeled,False,nan,1.3861847013235091,1447.688644400239,nan,1449.0748291015625,nan,nan
69,114,183,unlabeled,False,nan,1.7783311808109283,1452.9896131551266,nan,1454.7679443359375,nan,nan
70,76,146,unlabeled,False,nan,0.6135213135182858,1144.4096720458567,nan,1145.023193359375,nan,nan
70,77,147,unlabeled,False,nan,0.5342450606822967,1155.7763018143178,nan,1156.310546875,nan,nan
70,78,148,unlabeled,False,nan,-0.06276284626452253,1169.607074369702,nan,1169.5443115234375,nan,nan
70,79,149,unlabeled,False,nan,-0.345732606947422,1180.67300311476,nan,1180.3272705078125,nan,nan
70,80,150,unlabeled,False,nan,-1.1883154872059822,1194.2353125575185,nan,1193.0469970703125,nan,nan
70,83,153,unlabeled,False,nan,-1.6746559423208236,1227.067478207946,nan,1225.392822265625,nan,nan
70,109,179,unlabeled,False,nan,0.6598035833239555,1436.5500352838635,nan,1437.2098388671875,nan,nan
70,110,180,unlabeled,False,nan,1.1619041594862938,1442.7947608795762,nan,1443.9566650390625,nan,nan
70,111,181,unlabeled,False,nan,1.0525776422023774,1447.5401957952977,nan,1448.5927734375,nan,nan
70,112,182,unlabeled,False,nan,1.5591139328479766,1453.472380207777,nan,1455.031494140625,nan,nan
70,113,183,unlabeled,False,nan,1.495588157773018,1457.880144264102,nan,1459.375732421875,nan,nan
70,114,184,unlabeled,False,nan,1.9032756447792054,1463.6118610739709,nan,1465.51513671875,nan,nan
70,115,185,unlabeled,False,nan,1.8261094641685487,1467.7495741295816,nan,1469.57568359375,nan,nan
70,116,186,unlabeled,False,nan,2.0615742725133894,1473.3627421337367,nan,1475.42431640625,nan,nan
71,76,147,unlabeled,False,nan,0.639871823489666,1141.835347903073,nan,1142.4752197265625,nan,nan
71,77,148,unlabeled,False,nan,0.5601410910487175,1153.7445464089512,nan,1154.3046875,nan,nan
71,78,149,unlabeled,False,nan,-0.13872430220711976,1167.753470395957,nan,1167.61474609375,nan,nan
71,79,150,unlabeled,False,nan,-0.5232254858314991,1179.457185446769,nan,1178.9339599609375,nan,nan
71,80,151,unlabeled,False,nan,-1.3105692011117935,1193.0387186151743,nan,1191.7281494140625,nan,nan
71,81,152,unlabeled,False,nan,-1.932162781357765,1204.4867282110454,nan,1202.5545654296875,nan,nan
71,83,154,unlabeled,False,nan,-1.782508156299591,1226.9834358906746,nan,1225.200927734375,nan,nan
71,111,182,unlabeled,False,nan,0.6425013296306133,1455.3446812875568,nan,1455.9871826171875,nan,nan
71,113,184,unlabeled,False,nan,1.1468703100085258,1466.1141160181164,nan,1467.260986328125,nan,nan
71,114,185,unlabeled,False,nan,1.6328059428930282,1471.8106755024194,nan,1473.4434814453125,nan,nan
71,115,186,unlabeled,False,nan,1.589750754237175,1476.3556838160753,nan,1477.9454345703125,nan,nan
71,116,187,unlabeled,False,nan,1.8198315411806107,1482.0156176775695,nan,1483.83544921875,nan,nan
72,79,151,unlabeled,False,nan,-1.0367611092329025,1179.9067562264204,nan,1178.8699951171875,nan,nan
72,80,152,unlabeled,False,nan,-1.7392753225564956,1193.9362968069315,nan,1192.197021484375,nan,nan
72,81,153,unlabeled,False,nan,-2.30999650657177,1205.4064320534467,nan,1203.096435546875,nan,nan
72,82,154,unlabeled,False,nan,-2.9852087783813475,1218.9046423721313,nan,1215.91943359375,nan,nan
72,83,155,unlabeled,False,nan,-2.2389770275354386,1228.5801635509729,nan,1226.3411865234375,nan,nan
72,85,157,unlabeled,False,nan,-0.7774359107017517,1249.4143988013268,nan,1248.636962890625,nan,nan
72,115,187,unlabeled,False,nan,1.5102660107612609,1486.1662476611136,nan,1487.676513671875,nan,nan
72,116,188,unlabeled,False,nan,1.7047569966316223,1492.3013465189933,nan,1494.006103515625,nan,nan
72,117,189,unlabeled,False,nan,1.450433606505394,1496.8184872919321,nan,1498.2689208984375,nan,nan
72,118,190,unlabeled,False,nan,1.3326622933149337,1502.976908019185,nan,1504.3095703125,nan,nan
72,119,191,unlabeled,False,nan,1.0025838455557823,1507.2957559981942,nan,1508.29833984375,nan,nan
73,80,153,unlabeled,False,nan,-1.8870236319303513,1191.7948605459928,nan,1189.9078369140625,nan,nan
73,81,154,unlabeled,False,nan,-2.5679413783550262,1203.9008271205425,nan,1201.3328857421875,nan,nan
73,82,155,unlabeled,False,nan,-3.2438697814941406,1217.4715309143066,nan,1214.2276611328125,nan,nan
73,83,156,unlabeled,False,nan,-2.5719616401195524,1227.741273163557,nan,1225.1693115234375,nan,nan
73,85,158,unlabeled,False,nan,-1.0570400959253312,1249.1064785724877,nan,1248.0494384765625,nan,nan
73,115,188,unlabeled,False,nan,0.8300339981913567,1494.1880324080587,nan,1495.01806640625,nan,nan
73,116,189,unlabeled,False,nan,1.081881883442402,1500.3077665540577,nan,1501.3896484375,nan,nan
73,117,190,unlabeled,False,nan,0.8875046795606614,1505.199775593877,nan,1506.0872802734375,nan,nan
73,118,191,unlabeled,False,nan,0.894033682346344,1511.2744233489036,nan,1512.16845703125,nan,nan
73,119,192,unlabeled,False,nan,0.5099357327818871,1516.0778328219055,nan,1516.5877685546875,nan,nan
73,120,193,unlabeled,False,nan,0.1916406690282747,1522.1948339403468,nan,1522.386474609375,nan,nan
74,82,156,unlabeled,False,nan,-3.740058035850525,1218.0520697546006,nan,1214.31201171875,nan,nan
74,83,157,unlabeled,False,nan,-3.189393060207367,1228.5136118102073,nan,1225.32421875,nan,nan
74,84,158,unlabeled,False,nan,-2.493686773777008,1240.7406350159645,nan,1238.2469482421875,nan,nan
74,85,159,unlabeled,False,nan,-1.6748963296413422,1250.4649353921413,nan,1248.7900390625,nan,nan
74,87,161,unlabeled,False,nan,-0.5514925092458725,1271.875222977996,nan,1271.32373046875,nan,nan
74,115,189,unlabeled,False,nan,0.2800365881249309,1503.4333423181251,nan,1503.71337890625,nan,nan
74,118,192,unlabeled,False,nan,0.22591223817318679,1521.5499666680769,nan,1521.77587890625,nan,nan
74,119,193,unlabeled,False,nan,-0.10777528252918273,1526.3428827044042,nan,1526.235107421875,nan,nan
74,120,194,unlabeled,False,nan,-0.4385349572822452,1532.9010593713447,nan,1532.4625244140625,nan,nan
74,121,195,unlabeled,False,nan,-1.047421545088291,1537.6969576779009,nan,1536.6495361328125,nan,nan
74,122,196,unlabeled,False,nan,-1.6407028251886369,1544.2386032158136,nan,1542.597900390625,nan,nan
75,82,157,unlabeled,False,nan,-3.997967236042023,1215.6658139157296,nan,1211.6678466796875,nan,nan
75,83,158,unlabeled,False,nan,-3.4114229571819306,1226.606979597807,nan,1223.195556640625,nan,nan
75,84,159,unlabeled,False,nan,-2.8291603088378907,1239.0167823791503,nan,1236.1876220703125,nan,nan
75,85,160,unlabeled,False,nan,-2.109286636710167,1249.3501313632726,nan,1247.2408447265625,nan,nan
75,87,162,unlabeled,False,nan,-0.8782054322957993,1271.2251292604208,nan,1270.346923828125,nan,nan
75,119,194,unlabeled,False,nan,-1.0588831275701522,1534.5732874244452,nan,1533.514404296875,nan,nan
75,120,195,unlabeled,False,nan,-1.2859741455316545,1541.067346215844,nan,1539.7813720703125,nan,nan
75,121,196,unlabeled,False,nan,-1.7100474917888642,1546.1027476871013,nan,1544.3927001953125,nan,nan
75,122,197,unlabeled,False,nan,-2.0586507445573807,1552.4378011351823,nan,1550.379150390625,nan,nan
75,123,198,unlabeled,False,nan,-2.7082250714302063,1557.4295385479927,nan,1554.7213134765625,nan,nan
75,124,199,unlabeled,False,nan,-3.29464178442955,1563.729090026617,nan,1560.4344482421875,nan,nan
76,84,160,unlabeled,False,nan,-3.2370522844791414,1239.1299966204167,nan,1235.8929443359375,nan,nan
76,85,161,unlabeled,False,nan,-2.7099648547172546,1249.7243691515923,nan,1247.014404296875,nan,nan
76,86,162,unlabeled,False,nan,-2.1699555373191832,1262.203646943569,nan,1260.03369140625,nan,nan
76,87,163,unlabeled,False,nan,-1.5043261063098907,1272.1985399734974,nan,1270.6942138671875,nan,nan
76,89,165,unlabeled,False,nan,-0.45946651935577393,1293.9177184724808,nan,1293.458251953125,nan,nan
76,121,197,unlabeled,False,nan,-2.431934849023819,1555.9204602396487,nan,1553.488525390625,nan,nan
76,122,198,unlabeled,False,nan,-2.698674591779709,1562.5961355292798,nan,1559.8974609375,nan,nan
76,123,199,unlabeled,False,nan,-3.2348804914951326,1567.5122242414952,nan,1564.27734375,nan,nan
76,124,200,unlabeled,False,nan,-3.656243704557419,1574.065301321745,nan,1570.4090576171875,nan,nan
76,125,201,unlabeled,False,nan,-4.4010176026821135,1578.9265302979945,nan,1574.5255126953125,nan,nan
76,126,202,unlabeled,False,nan,-4.874707806110382,1585.2617927670478,nan,1580.3870849609375,nan,nan
77,84,161,unlabeled,False,nan,-3.360754562616348,1236.2591920626164,nan,1232.8984375,nan,nan
77,85,162,unlabeled,False,nan,-2.8938471662998198,1247.4194819319248,nan,1244.525634765625,nan,nan
77,86,163,unlabeled,False,nan,-2.4461367827653886,1260.0580752593278,nan,1257.6119384765625,nan,nan
77,87,164,unlabeled,False,nan,-1.8711924612522126,1270.6442637503146,nan,1268.7730712890625,nan,nan
77,88,165,unlabeled,False,nan,-1.4375903296470642,1282.8256518530845,nan,1281.3880615234375,nan,nan
77,89,166,unlabeled,False,nan,-0.7603919151425361,1292.85841437608,nan,1292.0980224609375,nan,nan
77,121,198,unlabeled,False,nan,-3.48386012673378,1563.7240945017338,nan,1560.240234375,nan,nan
77,123,200,unlabeled,False,nan,-4.2315469026565555,1575.7175088167191,nan,1571.4859619140625,nan,nan
77,124,201,unlabeled,False,nan,-4.58477648973465,1582.2396837162971,nan,1577.6549072265625,nan,nan
77,125,202,unlabeled,False,nan,-5.160965096950531,1587.346634042263,nan,1582.1856689453125,nan,nan
77,126,203,unlabeled,False,nan,-5.404701766967773,1593.4878316497802,nan,1588.0831298828125,nan,nan
78,86,164,unlabeled,False,nan,-2.6696586751937867,1259.6133842611314,nan,1256.9437255859375,nan,nan
78,87,165,unlabeled,False,nan,-2.237485946416855,1270.4083843839169,nan,1268.1708984375,nan,nan
78,88,166,unlabeled,False,nan,-1.9117895185947418,1283.1953588545323,nan,1281.2835693359375,nan,nan
78,89,167,unlabeled,False,nan,-1.3814491140842438,1293.4394325125218,nan,1292.0579833984375,nan,nan
78,91,169,unlabeled,False,nan,-0.3076881907135248,1315.3527321360261,nan,1315.0450439453125,nan,nan
78,125,203,unlabeled,False,nan,-6.165751760005951,1597.3609421896936,nan,1591.1951904296875,nan,nan
78,126,204,unlabeled,False,nan,-6.225371980667115,1603.7306210041047,nan,1597.5052490234375,nan,nan
78,127,205,unlabeled,False,nan,-5.710886652469635,1607.522043879032,nan,1601.8111572265625,nan,nan
78,128,206,unlabeled,False,nan,-4.37834392786026,1612.2312492012977,nan,1607.8529052734375,nan,nan
78,129,207,unlabeled,False,nan,-3.5379213190078733,1615.4414857721329,nan,1611.903564453125,nan,nan
78,130,208,unlabeled,False,nan,-2.876482331752777,1620.5603202223779,nan,1617.683837890625,nan,nan
79,88,167,unlabeled,False,nan,-2.1954865860939026,1280.6997590470314,nan,1278.5042724609375,nan,nan
79,89,168,unlabeled,False,nan,-1.764739003777504,1291.53488060534,nan,1289.7701416015625,nan,nan
79,90,169,unlabeled,False,nan,-1.3398347747325898,1303.8246980559825,nan,1302.48486328125,nan,nan
79,91,170,unlabeled,False,nan,-0.6383006885647774,1313.9454295948149,nan,1313.30712890625,nan,nan
79,125,204,unlabeled,False,nan,-7.621879992485046,1605.5023731565475,nan,1597.8804931640625,nan,nan
79,126,205,unlabeled,False,nan,-7.305829212665558,1611.5328799939155,nan,1604.22705078125,nan,nan
79,127,206,unlabeled,False,nan,-6.323775944709777,1615.2651821947097,nan,1608.94140625,nan,nan
79,128,207,unlabeled,False,nan,-4.870674676895142,1619.88898522377,nan,1615.018310546875,nan,nan
79,129,208,unlabeled,False,nan,-3.951200658082962,1623.425077611208,nan,1619.473876953125,nan,nan
79,130,209,unlabeled,False,nan,-3.1809896636009216,1628.468831460476,nan,1625.287841796875,nan,nan
79,131,210,unlabeled,False,nan,-2.4767048525810242,1631.967671649456,nan,1629.490966796875,nan,nan
79,132,211,unlabeled,False,nan,-1.4465053191781043,1636.4952113738657,nan,1635.0487060546875,nan,nan
79,133,212,unlabeled,False,nan,-0.563980126157403,1639.569717430845,nan,1639.0057373046875,nan,nan
79,134,213,unlabeled,False,nan,0.10014320739544928,1644.2133333551046,nan,1644.3134765625,nan,nan
80,88,168,unlabeled,False,nan,-2.4710046362876894,1279.9385339331627,nan,1277.467529296875,nan,nan
80,89,169,unlabeled,False,nan,-2.1874621677398682,1290.9848254489898,nan,1288.79736328125,nan,nan
80,90,170,unlabeled,False,nan,-1.881977304816246,1303.8827097266912,nan,1302.000732421875,nan,nan
80,91,171,unlabeled,False,nan,-1.3171979716420175,1314.202696018517,nan,1312.885498046875,nan,nan
80,93,173,unlabeled,False,nan,-0.24442495293915273,1336.3330479998142,nan,1336.088623046875,nan,nan
80,129,209,unlabeled,False,nan,-4.754698548316956,1633.144591126442,nan,1628.389892578125,nan,nan
80,130,210,unlabeled,False,nan,-3.6766380405426027,1638.2839378452302,nan,1634.6072998046875,nan,nan
80,131,211,unlabeled,False,nan,-2.8130961668491365,1641.6568461668492,nan,1638.84375,nan,nan
80,132,212,unlabeled,False,nan,-1.8234717798233033,1646.6246192407607,nan,1644.8011474609375,nan,nan
80,133,213,unlabeled,False,nan,-0.934798830524087,1649.7250820336492,nan,1648.790283203125,nan,nan
80,134,214,unlabeled,False,nan,-0.1886489117797464,1654.6826674664671,nan,1654.4940185546875,nan,nan
80,135,215,unlabeled,False,nan,0.39200216000899674,1657.849941199366,nan,1658.241943359375,nan,nan
81,90,171,unlabeled,False,nan,-2.2243214243650438,1301.0926075571776,nan,1298.8682861328125,nan,nan
81,91,172,unlabeled,False,nan,-1.7269862216711045,1311.962826065421,nan,1310.23583984375,nan,nan
81,92,173,unlabeled,False,nan,-1.2756176134943962,1324.3227367541194,nan,1323.047119140625,nan,nan
81,93,174,unlabeled,False,nan,-0.5646912372112274,1334.5432068622113,nan,1333.978515625,nan,nan
81,94,175,unlabeled,False,nan,-0.23767735589295624,1346.5860660277679,nan,1346.348388671875,nan,nan
81,131,212,unlabeled,False,nan,-3.5545316123962403,1649.4433255577087,nan,1645.8887939453125,nan,nan
81,133,214,unlabeled,False,nan,-1.4149752479791642,1657.6792574745416,nan,1656.2642822265625,nan,nan
81,134,215,unlabeled,False,nan,-0.4424483677372336,1662.4422042271121,nan,1661.999755859375,nan,nan
81,135,216,unlabeled,False,nan,0.40393737303093075,1665.7360772754066,nan,1666.1400146484375,nan,nan
81,136,217,unlabeled,False,nan,1.3244272989034653,1670.3025258260966,nan,1671.626953125,nan,nan
81,137,218,unlabeled,False,nan,2.318862657546997,1673.209457654953,nan,1675.5283203125,nan,nan
82,90,172,unlabeled,False,nan,-2.596148942708969,1300.0640444505216,nan,1297.4678955078125,nan,nan
82,91,173,unlabeled,False,nan,-2.143196591734886,1311.0405354589225,nan,1308.8973388671875,nan,nan
82,92,174,unlabeled,False,nan,-1.628402526974678,1323.8171232300997,nan,1322.188720703125,nan,nan
82,93,175,unlabeled,False,nan,-0.8956400457024575,1334.07618203789,nan,1333.1805419921875,nan,nan
82,94,176,unlabeled,False,nan,-0.6148310267925262,1346.6409540736674,nan,1346.026123046875,nan,nan
82,95,177,unlabeled,False,nan,-0.022745890866499394,1356.616129679929,nan,1356.5933837890625,nan,nan
82,134,216,unlabeled,False,nan,-0.386550212725997,1671.596999431476,nan,1671.21044921875,nan,nan
82,135,217,unlabeled,False,nan,0.6830099472403526,1674.699192201197,nan,1675.3822021484375,nan,nan
82,136,218,unlabeled,False,nan,1.6843905824422836,1679.5756191831827,nan,1681.260009765625,nan,nan
82,137,219,unlabeled,False,nan,2.6165517210960387,1682.5750986695289,nan,1685.191650390625,nan,nan
82,138,220,unlabeled,False,nan,3.493749977350235,1687.3296142804622,nan,1690.8233642578125,nan,nan
82,139,221,unlabeled,False,nan,4.5341822469234465,1689.9864476358891,nan,1694.5206298828125,nan,nan
82,140,222,unlabeled,False,nan,4.980569865703583,1694.931661579609,nan,1699.9122314453125,nan,nan
83,93,176,unlabeled,False,nan,-0.5340231144428254,1330.7078512394428,nan,1330.173828125,nan,nan
83,94,177,unlabeled,False,nan,-0.2666206450294703,1343.3454780669044,nan,1343.078857421875,nan,nan
83,95,178,unlabeled,False,nan,0.2954849521070719,1353.8206039150805,nan,1354.1160888671875,nan,nan
83,96,179,unlabeled,False,nan,0.433867891728878,1366.1531682410837,nan,1366.5870361328125,nan,nan
83,97,180,unlabeled,False,nan,0.9725297486782074,1376.2353559935093,nan,1377.2078857421875,nan,nan
83,98,181,unlabeled,False,nan,0.9901939004659652,1388.267130318284,nan,1389.25732421875,nan,nan
83,99,182,unlabeled,False,nan,1.5109310817718506,1397.9630679416657,nan,1399.4739990234375,nan,nan
83,100,183,unlabeled,False,nan,1.418444728255272,1409.6958130842447,nan,1411.1142578125,nan,nan
83,101,184,unlabeled,False,nan,1.8716247195005418,1419.066485632062,nan,1420.9381103515625,nan,nan
83,102,185,unlabeled,False,nan,1.678618339896202,1430.5024119335412,nan,1432.1810302734375,nan,nan
83,136,219,unlabeled,False,nan,2.1875243306159975,1686.056860435009,nan,1688.244384765625,nan,nan
83,137,220,unlabeled,False,nan,3.149331455230713,1689.4140230369567,nan,1692.5633544921875,nan,nan
83,138,221,unlabeled,False,nan,3.9195279705524446,1694.3055696856975,nan,1698.22509765625,nan,nan
83,139,222,unlabeled,False,nan,4.636946330070495,1697.669328083992,nan,1702.3062744140625,nan,nan
83,140,223,unlabeled,False,nan,5.089463346004486,1702.6370991539955,nan,1707.7265625,nan,nan
83,141,224,unlabeled,False,nan,5.457883870601654,1706.117921793461,nan,1711.5758056640625,nan,nan
84,94,178,unlabeled,False,nan,-0.1619099950697273,1342.0131062841322,nan,1341.8511962890625,nan,nan
84,95,179,unlabeled,False,nan,0.36300718650221825,1352.5841363681852,nan,1352.9471435546875,nan,nan
84,96,180,unlabeled,False,nan,0.46676366657018664,1365.4187343803048,nan,1365.885498046875,nan,nan
84,97,181,unlabeled,False,nan,0.992884404361248,1375.5707142284512,nan,1376.5635986328125,nan,nan
84,98,182,unlabeled,False,nan,0.9931635299324989,1388.0830083450676,nan,1389.076171875,nan,nan
84,99,183,unlabeled,False,nan,1.5788643115758896,1397.7696464306116,nan,1399.3485107421875,nan,nan
84,100,184,unlabeled,False,nan,1.5135208225250245,1409.9339889431,nan,1411.447509765625,nan,nan
84,101,185,unlabeled,False,nan,1.8844769859313966,1419.4414507484437,nan,1421.325927734375,nan,nan
84,139,223,unlabeled,False,nan,4.7202255916595455,1706.712269525528,nan,1711.4324951171875,nan,nan
84,140,224,unlabeled,False,nan,5.1588299012184144,1712.076643731594,nan,1717.2354736328125,nan,nan
84,141,225,unlabeled,False,nan,5.516845819950103,1715.5963133597375,nan,1721.1131591796875,nan,nan
84,142,226,unlabeled,False,nan,5.783328995704651,1720.8936729574204,nan,1726.677001953125,nan,nan
84,143,227,unlabeled,False,nan,6.089408550262451,1724.237617816925,nan,1730.3270263671875,nan,nan
84,144,228,unlabeled,False,nan,6.272275023460388,1729.385073609352,nan,1735.6573486328125,nan,nan
84,145,229,unlabeled,False,nan,6.395318193435669,1732.6895206737518,nan,1739.0848388671875,nan,nan
85,100,185,unlabeled,False,nan,2.0510859555006027,1407.1259159976244,nan,1409.177001953125,nan,nan
85,101,186,unlabeled,False,nan,2.255466195344925,1417.2534449374675,nan,1419.5089111328125,nan,nan
85,102,187,unlabeled,False,nan,2.134273145198822,1429.1256145501136,nan,1431.2598876953125,nan,nan
85,103,188,unlabeled,False,nan,2.3208211839199064,1438.8838907301426,nan,1441.2047119140625,nan,nan
85,104,189,unlabeled,False,nan,2.124146963953972,1450.4396958094835,nan,1452.5638427734375,nan,nan
85,105,190,unlabeled,False,nan,2.2480849158763885,1459.884361373186,nan,1462.1324462890625,nan,nan
85,140,225,unlabeled,False,nan,5.103321080207825,1719.017040247917,nan,1724.120361328125,nan,nan
85,141,226,unlabeled,False,nan,5.448673474788666,1722.9286458611489,nan,1728.3773193359375,nan,nan
85,142,227,unlabeled,False,nan,5.718997557163238,1728.2503627943993,nan,1733.9693603515625,nan,nan
85,143,228,unlabeled,False,nan,5.947671768665313,1732.0476895594597,nan,1737.995361328125,nan,nan
85,144,229,unlabeled,False,nan,6.14462215423584,1737.2082831192017,nan,1743.3529052734375,nan,nan
85,145,230,unlabeled,False,nan,6.268203365802765,1740.8849948763848,nan,1747.1531982421875,nan,nan
85,146,231,unlabeled,False,nan,6.380123922824859,1745.9012481474876,nan,1752.2813720703125,nan,nan
85,147,232,unlabeled,False,nan,6.4566751265525815,1749.4046529984473,nan,1755.861328125,nan,nan
85,148,233,unlabeled,False,nan,6.50886752128601,1754.2566354084015,nan,1760.7655029296875,nan,nan
86,100,186,unlabeled,False,nan,2.060060452222824,1406.5524883759022,nan,1408.612548828125,nan,nan
86,101,187,unlabeled,False,nan,2.179660559296608,1416.8188745969535,nan,1418.99853515625,nan,nan
86,102,188,unlabeled,False,nan,2.0587546110153196,1429.1420510530472,nan,1431.2008056640625,nan,nan
86,103,189,unlabeled,False,nan,2.2422313606739044,1438.956254967451,nan,1441.198486328125,nan,nan
86,104,190,unlabeled,False,nan,2.0363306647539137,1450.9684300774336,nan,1453.0047607421875,nan,nan
86,105,191,unlabeled,False,nan,2.1192672771215437,1460.505610652566,nan,1462.6248779296875,nan,nan
86,106,192,unlabeled,False,nan,1.8641757863759993,1472.181966791749,nan,1474.046142578125,nan,nan
86,144,230,unlabeled,False,nan,5.87361001253128,1746.8593001437187,nan,1752.73291015625,nan,nan
86,145,231,unlabeled,False,nan,6.037779567241668,1750.5222790265084,nan,1756.56005859375,nan,nan
86,146,232,unlabeled,False,nan,6.197738807201386,1755.862197716236,nan,1762.0599365234375,nan,nan
86,147,233,unlabeled,False,nan,6.303191001415253,1759.3623363423349,nan,1765.66552734375,nan,nan
86,148,234,unlabeled,False,nan,6.3380860376358035,1764.6001463842392,nan,1770.938232421875,nan,nan
87,104,191,unlabeled,False,nan,2.162712946534157,1448.7015448659658,nan,1450.8642578125,nan,nan
87,105,192,unlabeled,False,nan,2.2180084347724915,1458.708627307415,nan,1460.9266357421875,nan,nan
87,106,193,unlabeled,False,nan,2.0357273918390275,1470.362954248786,nan,1472.398681640625,nan,nan
87,107,194,unlabeled,False,nan,2.1060692113637924,1479.9838966089487,nan,1482.0899658203125,nan,nan
87,108,195,unlabeled,False,nan,1.8935345202684402,1491.292622706294,nan,1493.1861572265625,nan,nan
87,109,196,unlabeled,False,nan,1.9932711857557297,1500.5230862361193,nan,1502.516357421875,nan,nan
87,147,234,unlabeled,False,nan,5.943677730560303,1767.2684804725648,nan,1773.212158203125,nan,nan
87,148,235,unlabeled,False,nan,6.026778419017791,1772.4835975575447,nan,1778.5103759765625,nan,nan
87,149,236,unlabeled,False,nan,6.036114964485169,1776.2287776136397,nan,1782.264892578125,nan,nan
88,105,193,unlabeled,False,nan,2.1125256979465483,1458.4197008645535,nan,1460.5322265625,nan,nan
88,106,194,unlabeled,False,nan,1.9472897464036942,1470.497168261409,nan,1472.4444580078125,nan,nan
88,107,195,unlabeled,False,nan,2.007060105204582,1480.1787309104204,nan,1482.185791015625,nan,nan
88,108,196,unlabeled,False,nan,1.7984888762235642,1491.9197728425265,nan,1493.71826171875,nan,nan
88,109,197,unlabeled,False,nan,1.8869902098178863,1501.210177758932,nan,1503.09716796875,nan,nan
88,110,198,unlabeled,False,nan,1.6254655665159226,1512.6346662694216,nan,1514.2601318359375,nan,nan
88,111,199,unlabeled,False,nan,1.6707447361946106,1521.6156322169304,nan,1523.286376953125,nan,nan
88,112,200,unlabeled,False,nan,1.2875098037719725,1532.802089805603,nan,1534.089599609375,nan,nan
88,147,235,unlabeled,False,nan,5.54759352684021,1776.5445695590972,nan,1782.0921630859375,nan,nan
88,148,236,unlabeled,False,nan,5.709136765003205,1782.0484315943718,nan,1787.757568359375,nan,nan
88,149,237,unlabeled,False,nan,5.754738216400146,1785.7824932289122,nan,1791.5372314453125,nan,nan
89,108,197,unlabeled,False,nan,1.9376856261491775,1489.7528661316633,nan,1491.6905517578125,nan,nan
89,109,198,unlabeled,False,nan,2.0029563337564467,1499.498142299056,nan,1501.5010986328125,nan,nan
89,110,199,unlabeled,False,nan,1.7977767610549926,1510.91438144207,nan,1512.712158203125,nan,nan
89,111,200,unlabeled,False,nan,1.8729889184236526,1520.2932708472013,nan,1522.166259765625,nan,nan
89,112,201,unlabeled,False,nan,1.6054727280139922,1531.410884693861,nan,1533.016357421875,nan,nan
89,113,202,unlabeled,False,nan,1.5941347777843475,1540.5291562378407,nan,1542.123291015625,nan,nan
89,114,203,unlabeled,False,nan,1.2049546140432357,1551.4168715578317,nan,1552.621826171875,nan,nan
89,115,204,unlabeled,False,nan,1.078622997701168,1560.3122461429239,nan,1561.390869140625,nan,nan
89,148,237,unlabeled,False,nan,5.219761598110199,1789.2082169175148,nan,1794.427978515625,nan,nan
89,149,238,unlabeled,False,nan,5.213836181163788,1793.3580632328988,nan,1798.5718994140625,nan,nan
90,111,201,unlabeled,False,nan,1.7824768722057343,1520.5656676590443,nan,1522.34814453125,nan,nan
90,112,202,unlabeled,False,nan,1.54594613134861,1532.078199376464,nan,1533.6241455078125,nan,nan
90,113,203,unlabeled,False,nan,1.5641816860437394,1541.2131620639564,nan,1542.77734375,nan,nan
90,114,204,unlabeled,False,nan,1.2080234563350678,1552.48997459054,nan,1553.697998046875,nan,nan
90,115,205,unlabeled,False,nan,1.171072368323803,1561.3410125926137,nan,1562.5120849609375,nan,nan
90,116,206,unlabeled,False,nan,0.751002691090107,1572.3356672307848,nan,1573.086669921875,nan,nan
90,117,207,unlabeled,False,nan,0.6051973254978656,1580.9649931041897,nan,1581.5701904296875,nan,nan
90,119,209,unlabeled,False,nan,-0.11509329658932983,1600.0840874372143,nan,1599.968994140625,nan,nan
90,148,238,unlabeled,False,nan,4.7839522290229795,1797.980940349102,nan,1802.764892578125,nan,nan
90,149,239,unlabeled,False,nan,4.837171573638916,1802.097398738861,nan,1806.9345703125,nan,nan
90,150,240,unlabeled,False,nan,4.922853412628174,1807.8389874076843,nan,1812.7618408203125,nan,nan
91,114,205,unlabeled,False,nan,1.4233680164813995,1550.8110069835186,nan,1552.234375,nan,nan
91,115,206,unlabeled,False,nan,1.419471190571785,1560.0468374031782,nan,1561.46630859375,nan,nan
91,116,207,unlabeled,False,nan,1.0867577216029167,1570.9985694268346,nan,1572.0853271484375,nan,nan
91,117,208,unlabeled,False,nan,0.9970139968395233,1579.9861403000355,nan,1580.983154296875,nan,nan
91,118,209,unlabeled,False,nan,0.5960000596940518,1590.6677938856185,nan,1591.2637939453125,nan,nan
91,119,210,unlabeled,False,nan,0.39631275795400145,1599.439624742046,nan,1599.8359375,nan,nan
91,148,239,unlabeled,False,nan,4.146520613431931,1804.401819230318,nan,1808.54833984375,nan,nan
91,149,240,unlabeled,False,nan,4.304351587295532,1808.776336889267,nan,1813.0806884765625,nan,nan
91,150,241,unlabeled,False,nan,4.52227082490921,1814.4113229250909,nan,1818.93359375,nan,nan
91,151,242,unlabeled,False,nan,4.5187843537330625,1818.7247459197044,nan,1823.2435302734375,nan,nan
92,116,208,unlabeled,False,nan,1.0479688423871993,1571.7067918998002,nan,1572.7547607421875,nan,nan
92,117,209,unlabeled,False,nan,1.0405771717429162,1580.6558339610697,nan,1581.6964111328125,nan,nan
92,118,210,unlabeled,False,nan,0.690782368928194,1591.6987439982593,nan,1592.3895263671875,nan,nan
92,119,211,unlabeled,False,nan,0.6008748364448547,1600.4035196948053,nan,1601.00439453125,nan,nan
92,120,212,unlabeled,False,nan,0.22191263983026147,1611.1422231023573,nan,1611.3641357421875,nan,nan
92,121,213,unlabeled,False,nan,0.06763395921327174,1619.5928885017242,nan,1619.6605224609375,nan,nan
92,122,214,unlabeled,False,nan,-0.32125598266720773,1630.0164464123548,nan,1629.6951904296875,nan,nan
92,125,217,unlabeled,False,nan,-1.1617477360367774,1656.2426803532244,nan,1655.0809326171875,nan,nan
92,128,220,unlabeled,False,nan,0.4148226349055767,1680.567477169782,nan,1680.9822998046875,nan,nan
92,149,241,unlabeled,False,nan,3.832864977121353,1816.7157190072537,nan,1820.548583984375,nan,nan
92,150,242,unlabeled,False,nan,4.179801578521729,1822.5832599449159,nan,1826.7630615234375,nan,nan
92,151,243,unlabeled,False,nan,4.270077637434006,1826.828311034441,nan,1831.098388671875,nan,nan
92,152,244,unlabeled,False,nan,4.511791014671326,1832.5721933603286,nan,1837.083984375,nan,nan
92,153,245,unlabeled,False,nan,4.622538108825683,1836.5780234146118,nan,1841.2005615234375,nan,nan
92,154,246,unlabeled,False,nan,4.790179777145386,1842.1719784259797,nan,1846.962158203125,nan,nan
93,118,211,unlabeled,False,nan,0.8882567071914673,1590.1078370428086,nan,1590.99609375,nan,nan
93,119,212,unlabeled,False,nan,0.7908146032691001,1599.2287166467308,nan,1600.01953125,nan,nan
93,120,213,unlabeled,False,nan,0.46190629914402964,1609.959480419606,nan,1610.42138671875,nan,nan
93,121,214,unlabeled,False,nan,0.34330749901011587,1618.7793731650524,nan,1619.1226806640625,nan,nan
93,122,215,unlabeled,False,nan,0.0583002891484648,1629.140063968664,nan,1629.1983642578125,nan,nan
93,123,216,unlabeled,False,nan,-0.1664698527706787,1637.7521632121457,nan,1637.585693359375,nan,nan
93,124,217,unlabeled,False,nan,-0.5738242828845977,1647.916963931322,nan,1647.3431396484375,nan,nan
93,125,218,unlabeled,False,nan,-0.6538073615729809,1656.077879627198,nan,1655.424072265625,nan,nan
93,128,221,unlabeled,False,nan,0.8988538172841072,1680.8980211827159,nan,1681.796875,nan,nan
93,150,243,unlabeled,False,nan,3.4801007199287413,1828.5809344363213,nan,1832.06103515625,nan,nan
93,151,244,unlabeled,False,nan,3.6758854258060456,1833.078997386694,nan,1836.7548828125,nan,nan
93,152,245,unlabeled,False,nan,4.078047713041306,1838.6875772869587,nan,1842.765625,nan,nan
93,153,246,unlabeled,False,nan,4.27129311800003,1842.9667439913749,nan,1847.238037109375,nan,nan
93,154,247,unlabeled,False,nan,4.475220787525177,1848.5485829234124,nan,1853.0238037109375,nan,nan
94,121,215,unlabeled,False,nan,0.38731334269046785,1619.4950108760595,nan,1619.88232421875,nan,nan
94,122,216,unlabeled,False,nan,0.1440349183208309,1630.2172932066792,nan,1630.361328125,nan,nan
94,123,217,unlabeled,False,nan,-0.07017897610552609,1638.8592414761056,nan,1638.7890625,nan,nan
94,124,218,unlabeled,False,nan,-0.41960165530443194,1649.3661348584294,nan,1648.946533203125,nan,nan
94,125,219,unlabeled,False,nan,-0.40009785801172254,1657.4668703189493,nan,1657.0667724609375,nan,nan
94,126,220,unlabeled,False,nan,-0.22401644058525563,1667.1345389015228,nan,1666.9105224609375,nan,nan
94,127,221,unlabeled,False,nan,0.4685045783221722,1674.2623303826153,nan,1674.7308349609375,nan,nan
94,128,222,unlabeled,False,nan,1.065838178396225,1683.2023502981663,nan,1684.2681884765625,nan,nan
94,129,223,unlabeled,False,nan,1.7294186890125274,1690.0662356078624,nan,1691.795654296875,nan,nan
94,130,224,unlabeled,False,nan,2.032357917428017,1699.0016996997595,nan,1701.0340576171875,nan,nan
94,131,225,unlabeled,False,nan,2.339140249490738,1705.9363724458217,nan,1708.2755126953125,nan,nan
94,132,226,unlabeled,False,nan,2.3965934789180756,1714.8254524195195,nan,1717.2220458984375,nan,nan
94,133,227,unlabeled,False,nan,2.4414975321292878,1721.7428286397458,nan,1724.184326171875,nan,nan
94,153,247,unlabeled,False,nan,3.8349202728271483,1850.7587076568605,nan,1854.5936279296875,nan,nan
94,154,248,unlabeled,False,nan,4.1415411150455474,1856.5925897443294,nan,1860.734130859375,nan,nan
94,155,249,unlabeled,False,nan,4.249271686077118,1860.7645222592355,nan,1865.0137939453125,nan,nan
94,156,250,unlabeled,False,nan,4.454580907821655,1866.4768155765532,nan,1870.931396484375,nan,nan
94,157,251,unlabeled,False,nan,4.5074848508834835,1870.490439953804,nan,1874.9979248046875,nan,nan
95,124,219,unlabeled,False,nan,-0.28814593429211527,1648.337950621792,nan,1648.0498046875,nan,nan
95,125,220,unlabeled,False,nan,-0.23968004012014718,1656.8059642198077,nan,1656.5662841796875,nan,nan
95,126,221,unlabeled,False,nan,-0.025890487835276872,1666.4747430268978,nan,1666.4488525390625,nan,nan
95,127,222,unlabeled,False,nan,0.6537331348657608,1674.0084983104468,nan,1674.6622314453125,nan,nan
95,128,223,unlabeled,False,nan,1.245515249967575,1682.9919115078449,nan,1684.2374267578125,nan,nan
95,129,224,unlabeled,False,nan,1.8744000333547592,1690.2802630525828,nan,1692.1546630859375,nan,nan
95,130,225,unlabeled,False,nan,2.1592055517435074,1699.270604018569,nan,1701.4298095703125,nan,nan
95,131,226,unlabeled,False,nan,2.458741314411163,1706.5992420840264,nan,1709.0579833984375,nan,nan
95,132,227,unlabeled,False,nan,2.4812177908420563,1715.5589433419705,nan,1718.0401611328125,nan,nan
95,133,228,unlabeled,False,nan,2.471730057001114,1722.9143783414363,nan,1725.3861083984375,nan,nan
95,135,230,unlabeled,False,nan,2.1394334173202516,1739.0127882623672,nan,1741.1522216796875,nan,nan
95,136,231,unlabeled,False,nan,1.9621157175302506,1747.6064877980948,nan,1749.568603515625,nan,nan
95,137,232,unlabeled,False,nan,1.6644104772806168,1754.7049742883444,nan,1756.369384765625,nan,nan
95,138,233,unlabeled,False,nan,1.5394145500659944,1762.9730366218091,nan,1764.512451171875,nan,nan
95,139,234,unlabeled,False,nan,1.2319910216331482,1769.8180578064919,nan,1771.050048828125,nan,nan
95,141,236,unlabeled,False,nan,0.9013368499279022,1784.3050840485096,nan,1785.2064208984375,nan,nan
95,142,237,unlabeled,False,nan,0.9710181203484535,1791.8505150827766,nan,1792.821533203125,nan,nan
95,151,246,unlabeled,False,nan,2.305618027448654,1846.2176974022389,nan,1848.5233154296875,nan,nan
95,152,247,unlabeled,False,nan,2.8287052607536314,1852.0884089970589,nan,1854.9171142578125,nan,nan
95,153,248,unlabeled,False,nan,3.06921839594841,1856.6997025024891,nan,1859.7689208984375,nan,nan
95,154,249,unlabeled,False,nan,3.5583762300014494,1862.3757058012486,nan,1865.93408203125,nan,nan
95,155,250,unlabeled,False,nan,3.7826290202140807,1866.782800667286,nan,1870.5654296875,nan,nan
95,156,251,unlabeled,False,nan,4.119846202135086,1872.3868676650525,nan,1876.5067138671875,nan,nan
95,157,252,unlabeled,False,nan,4.118252637386322,1876.8042327141761,nan,1880.9224853515625,nan,nan
96,132,228,unlabeled,False,nan,2.446658902168274,1718.0589563322067,nan,1720.505615234375,nan,nan
96,133,229,unlabeled,False,nan,2.4236512565612793,1725.4631895637513,nan,1727.8868408203125,nan,nan
96,134,230,unlabeled,False,nan,2.2869610768556594,1734.6780047434568,nan,1736.9649658203125,nan,nan
96,135,231,unlabeled,False,nan,2.097263058423996,1741.972072879076,nan,1744.0693359375,nan,nan
96,136,232,unlabeled,False,nan,1.916783471107483,1750.9479626226425,nan,1752.86474609375,nan,nan
96,139,235,unlabeled,False,nan,1.218739818930626,1773.5691019779445,nan,1774.787841796875,nan,nan
96,156,252,unlabeled,False,nan,3.728350920677185,1879.9940611886977,nan,1883.722412109375,nan,nan
96,157,253,unlabeled,False,nan,3.777902005910873,1884.3837190878392,nan,1888.16162109375,nan,nan
96,158,254,unlabeled,False,nan,3.8905847442150114,1890.3412267792226,nan,1894.2318115234375,nan,nan
97,132,229,unlabeled,False,nan,2.4751264572143556,1718.013765144348,nan,1720.4888916015625,nan,nan
97,133,230,unlabeled,False,nan,2.4167388224601747,1725.8350922322272,nan,1728.2518310546875,nan,nan
97,134,231,unlabeled,False,nan,2.2269385695457458,1735.1378075242042,nan,1737.36474609375,nan,nan
97,135,232,unlabeled,False,nan,1.9961055719852447,1742.8516727483272,nan,1744.8477783203125,nan,nan
97,136,233,unlabeled,False,nan,1.8084913301467895,1751.8686326932907,nan,1753.6771240234375,nan,nan
97,137,234,unlabeled,False,nan,1.5220423078536987,1759.3647985124587,nan,1760.8868408203125,nan,nan
97,138,235,unlabeled,False,nan,1.3523998391628265,1768.0864429342746,nan,1769.4388427734375,nan,nan
97,139,236,unlabeled,False,nan,1.0551688787341118,1775.3263008478284,nan,1776.3814697265625,nan,nan
97,140,237,unlabeled,False,nan,0.9354018947482109,1783.7270736911894,nan,1784.6624755859375,nan,nan
97,141,238,unlabeled,False,nan,0.6296150808036327,1790.7142569895088,nan,1791.3438720703125,nan,nan
97,142,239,unlabeled,False,nan,0.5932377123832703,1798.7667476391791,nan,1799.3599853515625,nan,nan
97,143,240,unlabeled,False,nan,0.34279363084584474,1805.4432171113417,nan,1805.7860107421875,nan,nan
97,144,241,unlabeled,False,nan,0.4299931226670742,1813.1130976976453,nan,1813.5430908203125,nan,nan
97,145,242,unlabeled,False,nan,0.22529670909047128,1819.4939415721594,nan,1819.71923828125,nan,nan
97,155,252,unlabeled,False,nan,2.604222596883774,1879.5279795515537,nan,1882.1322021484375,nan,nan
97,156,253,unlabeled,False,nan,3.0708016562461853,1885.3776846718788,nan,1888.448486328125,nan,nan
97,157,254,unlabeled,False,nan,3.2046164882183077,1890.0308571445942,nan,1893.2354736328125,nan,nan
97,158,255,unlabeled,False,nan,3.350300278663635,1895.978679213524,nan,1899.3289794921875,nan,nan
98,135,233,unlabeled,False,nan,1.9583488428592681,1744.9627937352657,nan,1746.921142578125,nan,nan
98,136,234,unlabeled,False,nan,1.758969908952713,1754.3687156379224,nan,1756.127685546875,nan,nan
98,137,235,unlabeled,False,nan,1.5032787328958512,1761.8675708764792,nan,1763.370849609375,nan,nan
98,138,236,unlabeled,False,nan,1.3686239594221115,1770.9286172515153,nan,1772.2972412109375,nan,nan
98,140,238,unlabeled,False,nan,0.9748170363903046,1786.9499876511097,nan,1787.9248046875,nan,nan
98,141,239,unlabeled,False,nan,0.6718786127865315,1793.9658166997135,nan,1794.6376953125,nan,nan
98,143,241,unlabeled,False,nan,0.35772578589618204,1809.1211560500412,nan,1809.4788818359375,nan,nan
98,145,243,unlabeled,False,nan,0.1906278482824564,1823.6167451985925,nan,1823.807373046875,nan,nan
98,157,255,unlabeled,False,nan,2.789789273738861,1896.828130648136,nan,1899.617919921875,nan,nan
98,158,256,unlabeled,False,nan,3.0144406747817993,1903.0437868642807,nan,1906.0582275390625,nan,nan
98,159,257,unlabeled,False,nan,2.979305955171585,1907.6743805682659,nan,1910.6536865234375,nan,nan
99,137,236,unlabeled,False,nan,1.4122881698608398,1762.3200116348266,nan,1763.7322998046875,nan,nan
99,138,237,unlabeled,False,nan,1.2989161121845245,1771.392856348753,nan,1772.6917724609375,nan,nan
99,139,238,unlabeled,False,nan,1.0362699818611145,1779.001571815014,nan,1780.037841796875,nan,nan
99,140,239,unlabeled,False,nan,0.8674604883790016,1787.8550736913085,nan,1788.7225341796875,nan,nan
99,141,240,unlabeled,False,nan,0.5580418425798416,1795.2455470246077,nan,1795.8035888671875,nan,nan
99,142,241,unlabeled,False,nan,0.446374120041728,1803.7729862315207,nan,1804.2193603515625,nan,nan
99,143,242,unlabeled,False,nan,0.17046019638888538,1810.8707995692362,nan,1811.041259765625,nan,nan
99,144,243,unlabeled,False,nan,0.15863336929120123,1819.0355804978963,nan,1819.1942138671875,nan,nan
99,145,244,unlabeled,False,nan,-0.10012721553444863,1825.8628225280345,nan,1825.7626953125,nan,nan
99,146,245,unlabeled,False,nan,-0.05824931340757757,1833.716818649345,nan,1833.6585693359375,nan,nan
99,149,248,unlabeled,False,nan,-0.37761912688612936,1854.0786689315737,nan,1853.7010498046875,nan,nan
99,150,249,unlabeled,False,nan,-0.1104758456768468,1861.2094748691143,nan,1861.0989990234375,nan,nan
99,151,250,unlabeled,False,nan,-0.14293939737137407,1867.0822704520588,nan,1866.9393310546875,nan,nan
99,157,256,unlabeled,False,nan,2.109773660302162,1901.7441081756353,nan,1903.8538818359375,nan,nan
99,158,257,unlabeled,False,nan,2.43723443031311,1907.8807587337494,nan,1910.3179931640625,nan,nan
99,159,258,unlabeled,False,nan,2.439741505384445,1912.817704783678,nan,1915.2574462890625,nan,nan
100,137,237,unlabeled,False,nan,1.3878861629962922,1763.9965132510663,nan,1765.3843994140625,nan,nan
100,138,238,unlabeled,False,nan,1.321744202375412,1773.3946864616871,nan,1774.7164306640625,nan,nan
100,139,239,unlabeled,False,nan,1.0753226751089096,1781.019892168641,nan,1782.09521484375,nan,nan
100,140,240,unlabeled,False,nan,0.9102831116318703,1790.2393750914932,nan,1791.149658203125,nan,nan
100,141,241,unlabeled,False,nan,0.6047590404748917,1797.6575700610877,nan,1798.2623291015625,nan,nan
100,142,242,unlabeled,False,nan,0.4953835827112198,1806.5497824329138,nan,1807.045166015625,nan,nan
100,143,243,unlabeled,False,nan,0.19692053345032037,1813.7009066149872,nan,1813.8978271484375,nan,nan
100,144,244,unlabeled,False,nan,0.19280240030959248,1822.222114591878,nan,1822.4149169921875,nan,nan
100,145,245,unlabeled,False,nan,-0.040612772989552466,1829.0537963667396,nan,1829.01318359375,nan,nan
100,147,247,unlabeled,False,nan,-0.3310088630765676,1843.950759839639,nan,1843.6197509765625,nan,nan
100,158,258,unlabeled,False,nan,2.0726606786251067,1914.1293656885623,nan,1916.2020263671875,nan,nan
100,159,259,unlabeled,False,nan,2.06527636051178,1919.0997627019883,nan,1921.1650390625,nan,nan
101,144,245,unlabeled,False,nan,0.02980054389219731,1823.1601408623578,nan,1823.18994140625,nan,nan
101,145,246,unlabeled,False,nan,-0.16410303982906044,1830.3133950320166,nan,1830.1492919921875,nan,nan
101,146,247,unlabeled,False,nan,-0.2572626330703497,1838.6931757190077,nan,1838.4359130859375,nan,nan
101,147,248,unlabeled,False,nan,-0.5767365136742592,1845.7204132714867,nan,1845.1436767578125,nan,nan
101,152,253,unlabeled,False,nan,-0.540193372964859,1881.7163408339024,nan,1881.1761474609375,nan,nan
101,153,254,unlabeled,False,nan,-0.4341405482590199,1887.594785079509,nan,1887.16064453125,nan,nan
101,158,259,unlabeled,False,nan,1.43363529920578,1918.2029613804816,nan,1919.6365966796875,nan,nan
101,159,260,unlabeled,False,nan,1.4280070847272872,1923.5144977980851,nan,1924.9425048828125,nan,nan
102,144,246,unlabeled,False,nan,0.07245505781844258,1825.513116231244,nan,1825.5855712890625,nan,nan
102,145,247,unlabeled,False,nan,-0.11869311004411429,1832.6937663522317,nan,1832.5750732421875,nan,nan
102,146,248,unlabeled,False,nan,-0.21479910127818586,1841.4364787887782,nan,1841.2216796875,nan,nan
102,147,249,unlabeled,False,nan,-0.49375052340328696,1848.4522466171534,nan,1847.95849609375,nan,nan
102,148,250,unlabeled,False,nan,-0.5283359395712615,1856.8755039083212,nan,1856.34716796875,nan,nan
102,149,251,unlabeled,False,nan,-0.7791466373205185,1863.616182770133,nan,1862.8370361328125,nan,nan
102,156,258,unlabeled,False,nan,0.6244663165509701,1911.3334194256365,nan,1911.9578857421875,nan,nan
102,158,260,unlabeled,False,nan,1.0791162413358688,1923.6089941102266,nan,1924.6881103515625,nan,nan
102,159,261,unlabeled,False,nan,1.0790241545438766,1928.938798111081,nan,1930.017822265625,nan,nan
103,146,249,unlabeled,False,nan,-0.33359137546271084,1841.9140357114002,nan,1841.5804443359375,nan,nan
103,147,250,unlabeled,False,nan,-0.6292941398918629,1849.3034884758295,nan,1848.6741943359375,nan,nan
103,148,251,unlabeled,False,nan,-0.7235102234780788,1857.8153070984781,nan,1857.091796875,nan,nan
103,149,252,unlabeled,False,nan,-0.9631163972616196,1864.8989074128867,nan,1863.935791015625,nan,nan
103,154,257,unlabeled,False,nan,-0.6370481298863888,1901.2863401220739,nan,1900.6492919921875,nan,nan
103,155,258,unlabeled,False,nan,-0.4806529612466693,1907.2557994456217,nan,1906.775146484375,nan,nan
103,156,259,unlabeled,False,nan,0.004178139604628086,1914.2065152197704,nan,1914.210693359375,nan,nan
103,157,260,unlabeled,False,nan,0.13372125975321977,1919.9732123339968,nan,1920.10693359375,nan,nan
103,158,261,unlabeled,False,nan,0.43756229542195796,1926.8718859467656,nan,1927.3094482421875,nan,nan
103,159,262,unlabeled,False,nan,0.4377319119870663,1932.5431030489503,nan,1932.9808349609375,nan,nan
104,148,252,unlabeled,False,nan,-0.7122346436977387,1860.1609651124477,nan,1859.44873046875,nan,nan
104,149,253,unlabeled,False,nan,-0.9373332718014717,1867.2586223343014,nan,1866.3212890625,nan,nan
104,150,254,unlabeled,False,nan,-0.9670846939086915,1875.8057077407836,nan,1874.838623046875,nan,nan
104,151,255,unlabeled,False,nan,-1.1980439710617066,1882.6638642835617,nan,1881.4658203125,nan,nan
104,155,259,unlabeled,False,nan,-0.7156696248054505,1911.008272163868,nan,1910.2926025390625,nan,nan
104,156,260,unlabeled,False,nan,-0.28265968708321454,1918.3562680855207,nan,1918.0736083984375,nan,nan
104,158,262,unlabeled,False,nan,0.10763225582661107,1931.432773017611,nan,1931.5404052734375,nan,nan
104,159,263,unlabeled,False,nan,0.10296204196289181,1937.1331219424121,nan,1937.236083984375,nan,nan
105,148,253,unlabeled,False,nan,-0.9123596888780594,1860.3096985560655,nan,1859.3973388671875,nan,nan
105,149,254,unlabeled,False,nan,-1.1170499357581138,1867.7397305998206,nan,1866.6226806640625,nan,nan
105,150,255,unlabeled,False,nan,-1.2156689709424973,1876.3838818615675,nan,1875.168212890625,nan,nan
105,151,256,unlabeled,False,nan,-1.4475115340948106,1883.5931414169072,nan,1882.1456298828125,nan,nan
105,155,260,unlabeled,False,nan,-1.2096151489019393,1912.9287313598395,nan,1911.7191162109375,nan,nan
105,156,261,unlabeled,False,nan,-0.8652555756270885,1920.3910124115646,nan,1919.5257568359375,nan,nan
105,157,262,unlabeled,False,nan,-0.8104077064990998,1926.6003246986866,nan,1925.7899169921875,nan,nan
105,158,263,unlabeled,False,nan,-0.5238602379895747,1933.884089730177,nan,1933.3602294921875,nan,nan
105,159,264,unlabeled,False,nan,-0.6145927839353681,1940.0108330183104,nan,1939.396240234375,nan,nan
106,150,256,unlabeled,False,nan,-1.2691912576556206,1878.3717303201556,nan,1877.1025390625,nan,nan
106,151,257,unlabeled,False,nan,-1.4777664935588837,1885.5856766498089,nan,1884.10791015625,nan,nan
106,152,258,unlabeled,False,nan,-1.4494718891382217,1894.2004484516383,nan,1892.7509765625,nan,nan
106,153,259,unlabeled,False,nan,-1.5630802005529403,1901.0758975833655,nan,1899.5128173828125,nan,nan
106,157,263,unlabeled,False,nan,-1.0354583215713502,1929.9060637903212,nan,1928.87060546875,nan,nan
106,158,264,unlabeled,False,nan,-0.7445788638293743,1937.527171637267,nan,1936.7825927734375,nan,nan
106,159,265,unlabeled,False,nan,-0.824636881351471,1943.667776529789,nan,1942.8431396484375,nan,nan
106,160,266,unlabeled,False,nan,-0.699033512994647,1951.2202737473697,nan,1950.521240234375,nan,nan
107,150,257,unlabeled,False,nan,-1.4889959663152694,1878.1354803413153,nan,1876.646484375,nan,nan
107,151,258,unlabeled,False,nan,-1.6284396517276765,1885.6289279329776,nan,1884.00048828125,nan,nan
107,152,259,unlabeled,False,nan,-1.634663752913475,1894.305928401351,nan,1892.6712646484375,nan,nan
107,153,260,unlabeled,False,nan,-1.746487140059471,1901.5257840150596,nan,1899.779296875,nan,nan
107,156,263,unlabeled,False,nan,-1.4164640372991562,1924.6606046622992,nan,1923.244140625,nan,nan
107,157,264,unlabeled,False,nan,-1.4236292934417725,1931.2987513637543,nan,1929.8751220703125,nan,nan
107,158,265,unlabeled,False,nan,-1.183472200334072,1938.995728059709,nan,1937.812255859375,nan,nan
107,159,266,unlabeled,False,nan,-1.2006136286258697,1945.4124056208134,nan,1944.2117919921875,nan,nan
107,160,267,unlabeled,False,nan,-1.0742898780107497,1952.9885965186359,nan,1951.914306640625,nan,nan
108,152,260,unlabeled,False,nan,-1.5891836154460908,1895.7780263888835,nan,1894.1888427734375,nan,nan
108,153,261,unlabeled,False,nan,-1.6751187944412231,1902.9993375444412,nan,1901.32421875,nan,nan
108,154,262,unlabeled,False,nan,-1.5272176766395569,1911.6177938485146,nan,1910.090576171875,nan,nan
108,155,263,unlabeled,False,nan,-1.5605931550264358,1918.544601944089,nan,1916.9840087890625,nan,nan
108,159,267,unlabeled,False,nan,-1.2196007147431374,1948.0816612616181,nan,1946.862060546875,nan,nan
108,160,268,unlabeled,False,nan,-1.0547872930765152,1955.957253113389,nan,1954.9024658203125,nan,nan
108,161,269,unlabeled,False,nan,-1.1598967772722244,1962.2592620116473,nan,1961.099365234375,nan,nan
108,162,270,unlabeled,False,nan,-1.0750053641200066,1969.9823539969325,nan,1968.9073486328125,nan,nan
109,152,261,unlabeled,False,nan,-1.6777556878328324,1895.0111297112703,nan,1893.3333740234375,nan,nan
109,153,262,unlabeled,False,nan,-1.6968061983585359,1902.510404831171,nan,1900.8135986328125,nan,nan
109,154,263,unlabeled,False,nan,-1.5402746456861496,1911.1472082394362,nan,1909.60693359375,nan,nan
109,155,264,unlabeled,False,nan,-1.5561652797460557,1918.3990607875585,nan,1916.8428955078125,nan,nan
109,156,265,unlabeled,False,nan,-1.3979837769269943,1926.7865335816145,nan,1925.3885498046875,nan,nan
109,158,267,unlabeled,False,nan,-1.3054380023479462,1941.9935483539105,nan,1940.6881103515625,nan,nan
109,159,268,unlabeled,False,nan,-1.384501634836197,1948.8346969473362,nan,1947.4501953125,nan,nan
109,160,269,unlabeled,False,nan,-1.2081373152136803,1956.7233961042762,nan,1955.5152587890625,nan,nan
109,161,270,unlabeled,False,nan,-1.2727362591028213,1963.3203436809779,nan,1962.047607421875,nan,nan
109,162,271,unlabeled,False,nan,-1.1685038596391677,1971.0478983908893,nan,1969.87939453125,nan,nan
110,154,264,unlabeled,False,nan,-1.3321895611286163,1912.0455684673786,nan,1910.71337890625,nan,nan
110,155,265,unlabeled,False,nan,-1.3389425367116927,1919.3150167554618,nan,1917.97607421875,nan,nan
110,156,266,unlabeled,False,nan,-1.1605311769247055,1928.0235682862997,nan,1926.863037109375,nan,nan
110,157,267,unlabeled,False,nan,-1.2155442228913307,1935.1011643400789,nan,1933.8856201171875,nan,nan
110,158,268,unlabeled,False,nan,-1.0579568722844124,1943.5855447629094,nan,1942.527587890625,nan,nan
110,161,271,unlabeled,False,nan,-1.1190140700340272,1965.392207429409,nan,1964.273193359375,nan,nan
110,162,272,unlabeled,False,nan,-1.023818118572235,1973.4631491732598,nan,1972.4393310546875,nan,nan
111,155,266,unlabeled,False,nan,-1.2942077016830444,1918.3617125844955,nan,1917.0675048828125,nan,nan
111,156,267,unlabeled,False,nan,-1.0946354791522026,1927.0754704400897,nan,1925.9808349609375,nan,nan
111,157,268,unlabeled,False,nan,-1.1315279659628867,1934.4736910519005,nan,1933.3421630859375,nan,nan
111,158,269,unlabeled,False,nan,-1.0035252648591995,1943.0131688195468,nan,1942.0096435546875,nan,nan
111,159,270,unlabeled,False,nan,-1.1111758801341056,1950.2445987316967,nan,1949.1334228515625,nan,nan
111,160,271,unlabeled,False,nan,-1.0038349238038062,1958.5637714472414,nan,1957.5599365234375,nan,nan
111,161,272,unlabeled,False,nan,-1.1129413628578186,1965.5636249566078,nan,1964.45068359375,nan,nan
111,162,273,unlabeled,False,nan,-1.0339368239045144,1973.674928034842,nan,1972.6409912109375,nan,nan
112,157,269,unlabeled,False,nan,-0.9690325865149498,1935.0380023130774,nan,1934.0689697265625,nan,nan
112,158,270,unlabeled,False,nan,-0.853965170532465,1943.9281839205325,nan,1943.07421875,nan,nan
112,159,271,unlabeled,False,nan,-0.9534312719106675,1951.1765758031606,nan,1950.22314453125,nan,nan
112,160,272,unlabeled,False,nan,-0.8483784562349319,1959.83348587811,nan,1958.985107421875,nan,nan
112,161,273,unlabeled,False,nan,-0.9586713272333145,1966.8591840225458,nan,1965.9005126953125,nan,nan
112,162,274,unlabeled,False,nan,-0.8800861927866935,1975.3039143177866,nan,1974.423828125,nan,nan
