Z,N,A,pred_residual,pred_binding_energy,actual_binding_energy,theory_binding_energy,actual_residual,pred_minus_actual_residual
8,8,16,1.2991500310599804,126.73324437811971,127.61931610107422,128.0323944091797,0.41308480501174927,0.8860652260482311
8,9,17,1.4483357286453247,131.42036239147185,131.76239013671875,132.8686981201172,1.1063052415847778,0.34203048706054684
9,8,17,1.2837738782167434,127.75562431514263,128.21958923339844,129.03939819335938,0.8198171854019165,0.4639566928148269
8,10,18,1.5194186472892761,139.65558440446853,139.80776977539062,141.1750030517578,1.367234230041504,0.1521844172477722
9,9,18,1.4372560918331145,138.09144569039344,137.36949157714844,139.52870178222656,2.159210681915283,-0.7219545900821687
10,8,18,1.1310443022847176,131.99535950630903,132.14263916015625,133.12640380859375,0.9837614297866821,0.1472828724980355
8,11,19,0.8804954007267952,143.58379903286695,143.76341247558594,144.46429443359375,0.7008911967277527,0.17960420399904253
9,10,19,1.4709889250993728,148.19701034247876,147.80136108398438,149.66799926757812,1.8666352033615112,-0.3956462782621384
10,9,19,1.3399903327226639,144.1317046135664,143.77952575683594,145.47169494628906,1.69218111038208,-0.3521907776594162
11,8,19,0.1015096578001976,131.70288792520762,131.81983947753906,131.8043975830078,-0.015441600233316422,0.11695125803351403
8,12,20,0.15811857156921177,151.21848360128234,151.3714141845703,151.37660217285156,0.005185999907553196,0.15293257166165858
9,11,20,0.5721315023303032,154.16117538243532,154.40269470214844,154.73330688476562,0.33059799671173096,0.24153350561857223
10,10,20,0.33326733035035433,160.62973010617307,160.6448211669922,160.96299743652344,0.3181760013103485,0.015091329040005819
11,9,20,0.018035058120731265,145.94966208543394,145.97006225585938,145.9676971435547,-0.0023560000117868185,0.020391058132518083
12,8,20,-0.4610331963002682,134.17143663868308,134.5605010986328,133.7104034423828,-0.8501039743423462,0.389070778042078
8,13,21,-0.5552424480766058,154.95413771174847,155.17686462402344,154.39889526367188,-0.77796870470047,0.22272625662386414
9,12,21,0.41807712413370607,162.5935195555538,162.50416564941406,163.0115966796875,0.507438600063324,-0.0893614759296179
10,11,21,-0.31362666506320236,167.5719274463132,167.40599060058594,167.25830078125,-0.14768560230731964,-0.16594106275588272
11,10,21,-0.4279791070520878,163.13697874084116,163.07672119140625,162.70899963378906,-0.3677200973033905,-0.0602590097486973
12,9,21,-0.3641335781663656,149.66383145414292,149.20567321777344,149.29969787597656,0.09403429925441742,-0.458167877420783
8,14,22,-0.6939307799935341,161.8321296325326,162.02719116210938,161.13819885253906,-0.8889883756637573,0.19505759567022318
9,13,22,0.06350187235046179,167.68840547628236,167.7344970703125,167.7519073486328,0.01740119978785515,0.04610067256260664
10,12,22,-0.6581044887006283,177.9577108119428,177.77024841308594,177.2996063232422,-0.47064319252967834,-0.18746129617094998
11,11,22,-0.6787748242914676,174.61908244147898,174.1445770263672,173.9403076171875,-0.2042728066444397,-0.47450201764702793
12,10,22,-0.9082720789313317,168.74927549690008,168.58082580566406,167.84100341796875,-0.7398189902305603,-0.16845308870077136
8,15,23,-2.741125771999359,164.8896243071556,164.76016235351562,162.14849853515625,-2.611668825149536,-0.12945694684982278
9,14,23,0.08508293834747746,175.31611640247283,175.31393432617188,175.4011993408203,0.08727189898490906,-0.0021889606374315973
10,13,23,-0.08098916769493371,182.99288491964805,182.97088623046875,182.91189575195312,-0.058990299701690674,-0.021998867993243035
11,12,23,-1.1071989300847054,186.6397917035222,186.56434631347656,185.5325927734375,-1.0317528247833252,-0.07544610530138018
12,11,23,-1.2157772278785706,181.8570736145973,181.725830078125,180.64129638671875,-1.0845266580581665,-0.13125056982040406
13,10,23,-0.49956866875290873,168.6805684246123,168.7217254638672,168.18099975585938,-0.5407325029373169,0.041163834184408166
8,16,24,-3.854655501842499,169.24245762586594,168.95245361328125,165.38780212402344,-3.5646519660949707,-0.29000353574752813
9,15,24,-0.9311467313766479,179.0796452665329,179.12599182128906,178.14849853515625,-0.9774944186210632,0.04634768724441529
10,14,24,0.43737309128046037,191.85782344192268,191.8397979736328,192.29519653320312,0.4553951919078827,-0.01802210062742232
11,13,24,-0.8816384783387184,193.53154082208872,193.52371215820312,192.64990234375,-0.8738167881965637,-0.007821690142154725
12,12,24,-1.330371430516243,198.25796847641467,198.25704956054688,196.92759704589844,-1.3294471502304077,-0.0009242802858353549
13,11,24,-1.152954876124859,183.67324906557798,183.58993530273438,182.52029418945312,-1.0696344375610352,-0.08332043856382376
14,10,24,-0.015125637867022305,171.94212759099202,172.0135955810547,171.927001953125,-0.08658959716558456,0.07146395929856225
8,17,25,-3.7009596490859984,168.4590620660782,168.1951446533203,164.7581024169922,-3.437045097351074,-0.2639145517349242
9,16,25,-1.1217754244804383,183.26557425260543,183.4076690673828,182.143798828125,-1.2638624906539917,0.14208706617355338
10,15,25,-0.12456130864098668,195.74406814457848,195.99497985839844,195.6195068359375,-0.37548500299453735,0.25092369435355066
11,14,25,0.3837668481748551,202.82443932858297,202.53494262695312,203.2082061767578,0.673252522945404,-0.28948567477054893
12,13,25,-0.6838284675776959,205.79773532792925,205.5875701904297,205.11390686035156,-0.47367000579833984,-0.21015846177935604
13,12,25,-0.8172970308363438,200.70889859333636,200.52841186523438,199.8916015625,-0.6368150115013123,-0.1804820193350315
14,11,25,0.09652918817941099,187.39176732060966,187.00277709960938,187.48829650878906,0.48552748560905457,-0.3889982974296436
8,18,26,-2.87948425412178,169.31687744259835,168.9344482421875,166.43739318847656,-2.497054100036621,-0.3824301540851591
9,17,26,-0.7134898388385773,184.06958419919013,184.13848876953125,183.35609436035156,-0.7823922038078308,0.0689023649692535
10,16,26,-0.0523717842111364,201.49516658401583,201.5496826171875,201.4427947998047,-0.10688599944114685,0.05451421523001045
11,15,26,-0.2649157639965415,208.2884142991528,208.10923767089844,208.02349853515625,-0.0857338011264801,-0.17918196287006138
12,14,26,0.6751297973096371,216.47606954351068,216.68064880371094,217.1511993408203,0.47055140137672424,0.20457839593291283
13,13,26,0.5951217657327652,211.833772277236,211.89389038085938,212.42889404296875,0.5350021719932556,0.06011959373950959
14,12,26,0.5696174125373363,205.79998097613455,206.04241943359375,206.36959838867188,0.32718420028686523,0.2424332122504711
9,18,27,0.006385723438579589,185.62902077070206,185.75099182128906,185.63540649414062,-0.11558739840984344,0.12197312184842303
10,17,27,-0.0019534749910235403,203.0970462484285,203.05120849609375,203.0950927734375,0.04389230161905289,-0.045845776610076425
11,16,27,-0.24140507843345405,215.0282092776522,214.83755493164062,214.78680419921875,-0.0507608987390995,-0.19064417969435454
12,15,27,-0.2219804983958602,222.96047537144273,223.1240234375,222.73849487304688,-0.38551750779151917,0.16353700939565896
13,14,27,0.8837630793452262,224.89944004565479,224.95193481445312,225.783203125,0.8312609195709229,0.05250215977430339
14,13,27,0.9362364420294762,219.30166333824397,219.35723876953125,220.23789978027344,0.8806660175323486,0.05557042449712757
15,12,27,-0.7234837701916694,206.7800786188245,206.8494110107422,206.0565948486328,-0.792813777923584,0.06933000773191456
9,19,28,0.4248003152012825,185.51489695042372,185.55198669433594,185.939697265625,0.38771238923072815,0.037087925970554325
10,18,28,0.34899174064397814,206.94940913826227,206.8737030029297,207.29840087890625,0.42470359802246094,-0.0757118573784828
11,17,28,-0.3011981109529734,218.32829772032798,218.37940979003906,218.027099609375,-0.3523032069206238,0.051105095967650394
12,16,28,-0.385933191627264,231.42372921213507,231.62869262695312,231.0377960205078,-0.5908867716789246,0.20495358005166053
13,15,28,0.06850170565303415,232.5559947543079,232.67710876464844,232.62449645996094,-0.05261319875717163,0.12111490441020578
14,14,28,1.4866936522722245,236.25849982917308,236.53684997558594,237.7451934814453,1.2083539962768555,0.27833965599536903
15,13,28,-0.13390408908948304,221.34180509006603,221.40956115722656,221.20790100097656,-0.20165759325027466,0.06775350416079162
16,12,28,-1.259028216600418,209.37262990117074,209.40614318847656,208.1136016845703,-1.292550802230835,0.03352258563041688
9,20,29,0.4283528982102871,186.72064917698503,186.8769073486328,187.1490020751953,0.2720893919467926,0.1562635062634945
10,19,29,0.2669811795651913,207.64372438684106,207.84495544433594,207.91070556640625,0.06574829667806625,0.20123288288712504
11,18,29,0.2270075346902013,222.7843907807395,222.78240966796875,223.0113983154297,0.2289862036705017,-0.001978668980300413
12,17,29,-0.3793498110771179,235.28744612455367,235.29241943359375,234.90809631347656,-0.3843193054199219,0.004969494342803971
13,16,29,-0.34252400673925876,242.31531758584083,242.10546875,241.97279357910156,-0.13267630338668823,-0.20984770335257052
14,15,29,0.6118258640170098,244.84567840844392,245.0104522705078,245.45750427246094,0.44705310463905334,0.16477275937795643
15,14,29,0.4656945741921663,239.1325109922141,239.28587341308594,239.59820556640625,0.31233280897140503,0.15336176522076128
16,13,29,-0.4529669516533613,224.80587222509087,224.6450958251953,224.3529052734375,-0.2921954095363617,-0.16077154211699962
10,20,30,0.0284878787654452,211.07251004603924,211.03594970703125,211.1009979248047,0.06504900008440018,-0.036561121318954976
11,19,30,0.33809765554964544,224.94359484933318,225.05905151367188,225.2816925048828,0.22264499962329865,0.11545265592634679
12,18,30,-0.09317684406414628,241.61757564777508,241.63275146484375,241.52439880371094,-0.1083500012755394,0.015173157211393118
13,17,30,-0.6732967412471771,247.8683956182003,247.83314514160156,247.19509887695312,-0.6380469799041748,-0.035249761343002284
14,16,30,0.39238549672067163,255.67341040171684,255.61964416503906,256.0657958984375,0.44615301489830017,-0.05376751817762854
15,15,30,0.5941952092945576,250.63329807683826,250.60519409179688,251.2274932861328,0.6223080158233643,-0.028112806528806655
16,14,30,0.34442053593695166,243.68478478632866,243.68124389648438,244.02920532226562,0.34795698523521423,-0.0035364492982625784
17,13,30,-1.156762993335724,224.19565764665603,224.16510009765625,223.0388946533203,-1.1261940002441406,-0.03056899309158334
10,21,31,-0.9847829845547676,211.3760793712735,211.20579528808594,210.39129638671875,-0.8144962191581726,-0.17028676539659504
11,20,31,-0.23357282975688576,229.33457075456158,229.3590087890625,229.1009979248047,-0.2580117881298065,0.02443895837292076
12,19,31,0.280430116802454,244.01327105507255,243.94483947753906,244.293701171875,0.3488534092903137,-0.06842329248785972
13,18,31,-0.4405631648004055,255.14596172437072,254.99105834960938,254.7053985595703,-0.28565800189971924,-0.1549051629006863
14,17,31,-0.4184134029597044,262.44450593225656,262.20703125,262.0260925292969,-0.18093959987163544,-0.23747380308806898
15,16,31,0.20436144679784773,262.82945202976464,262.91619873046875,263.0338134765625,0.11760129779577255,0.08676014900207518
16,15,31,0.19441188767552375,256.67408786818385,256.73583984375,256.8684997558594,0.1326597034931183,0.06175218418240547
17,14,31,-0.49305662348866464,243.9822534008324,243.9455108642578,243.48919677734375,-0.4563131034374237,-0.03674352005124093
11,21,32,-1.1243071946501733,231.18160394757987,231.0362091064453,230.0572967529297,-0.9789080023765564,-0.14539919227361686
12,20,32,0.07292297988431529,249.73907348007663,249.72291564941406,249.81199645996094,0.08908479660749435,-0.016161816723179068
13,19,32,-0.33394869431853297,259.237635217756,259.2110290527344,258.9036865234375,-0.30733680725097656,-0.026611887067556406
14,18,32,-0.6045716235041618,271.50798348873855,271.4070129394531,270.9034118652344,-0.503607988357544,-0.10096363514661788
15,17,32,-0.6130195817351342,270.8131233415008,270.8518371582031,270.2001037597656,-0.6517496109008789,0.03873002916574475
16,16,32,0.687810235619545,271.78399152219293,271.7801513671875,272.4718017578125,0.6916368007659912,-0.0038265651464461925
17,15,32,-0.669641028791666,258.22612906590103,258.3169860839844,257.5564880371094,-0.7604855895042419,0.09084456071257596
18,14,32,-0.9712436699867248,246.5134494805336,246.40028381347656,245.54220581054688,-0.8580847978591919,-0.11315887212753295
11,22,33,-1.6661611962318421,233.86376251459123,233.96755981445312,232.19760131835938,-1.769964575767517,0.10380337953567498
12,21,33,-1.1307159551978112,252.23201905578375,252.00245666503906,251.10130310058594,-0.9011605978012085,-0.2295553573966027
13,20,33,0.39210893426090476,264.77988813605157,264.68035888671875,265.1719970703125,0.4916324019432068,-0.09952346768230202
14,19,33,-0.5494925799965859,276.2661979022622,275.91497802734375,275.7167053222656,-0.19826680421829224,-0.3512257757782936
15,18,33,-0.7471302080154419,280.8435352373123,280.95562744140625,280.0964050292969,-0.8592408895492554,0.11211068153381343
16,17,33,0.1425231686537154,280.40358889189315,280.42181396484375,280.5461120605469,0.12429679930210114,0.018226369351614258
17,16,33,0.09476629792246967,273.9860442489525,274.05694580078125,274.080810546875,0.023861899971961975,0.0709043979505077
18,15,33,-0.8419678118824959,261.50447391539814,261.6555480957031,260.6625061035156,-0.9930446743965149,0.15107686251401897
11,23,34,-1.623350681066513,234.38024765372276,234.13888549804688,232.75689697265625,-1.3819818496704102,-0.24136883139610288
12,22,34,-1.7575451231002808,256.7171398496628,256.71331787109375,254.9595947265625,-1.7537245750427246,-0.0038205480575561612
13,21,34,0.5451682615280151,267.3551308107376,267.2519226074219,267.9002990722656,0.6483796238899231,-0.10321136236190798
14,20,34,-0.1666588095203042,283.5996727255359,283.4636535644531,283.4330139160156,-0.030640600249171257,-0.13601820927113295
15,19,34,-0.9940042266249657,287.1637124785781,287.2383117675781,286.1697082519531,-1.068610429763794,0.07460620313882826
16,18,34,-0.24260897548869254,291.9030093661137,291.8389587402344,291.660400390625,-0.17855240404605865,-0.06405657144263388
17,17,34,-0.07281809988897293,285.82791453543587,285.56500244140625,285.7550964355469,0.1900995969772339,-0.2629176968662068
18,16,34,-0.2561929440498352,278.6809976315498,278.7208557128906,278.4248046875,-0.29606160521507263,0.03986866116523741
12,23,35,-1.7716414189338685,257.50253741502763,257.4681701660156,255.73089599609375,-1.7372829914093018,-0.03435842752456675
13,22,35,-0.153409027364105,272.5080232851766,272.5493469238281,272.3546142578125,-0.19475050270557404,0.041341475341469036
14,21,35,0.6315840482711792,285.9797135591507,285.93475341796875,286.6112976074219,0.6765459775924683,-0.04496192932128906
15,20,35,-0.7290934583544731,295.47109785288575,295.6187438964844,294.74200439453125,-0.8767359852790833,0.1476425269246101
16,19,35,-0.6112786361575127,299.1049920150638,298.8247985839844,298.49371337890625,-0.33108851313591003,-0.2801901230216026
17,18,35,-0.14187904790160247,298.12127968266725,298.20977783203125,297.9794006347656,-0.23036499321460724,0.08848594531300477
18,17,35,-0.12104404048062861,291.3411368139181,291.461181640625,291.2200927734375,-0.24107350409030914,0.12002946360968053
19,16,35,-0.7261736568808556,278.9079668697715,278.804443359375,278.1817932128906,-0.6226314902305603,-0.10354216665029525
12,24,36,-1.7719194078445435,260.9001237535477,260.79913330078125,259.1282043457031,-1.6709271669387817,-0.10099224090576175
13,23,36,0.16891240073833613,274.4509911637148,274.4465637207031,274.6199035644531,0.17334559559822083,-0.004433194859884693
14,22,36,0.685936589539051,291.8696664378047,292.05072021484375,292.55560302734375,0.5048835873603821,0.18105300217866893
15,21,36,0.11625011770054698,299.1280430951901,299.0832824707031,299.2442932128906,0.1610088050365448,-0.04475868733599782
16,20,36,-0.44248987950384616,308.78147913731635,308.71405029296875,308.3389892578125,-0.3750399947166443,-0.06744988478720187
17,19,36,-0.7621897318959237,306.68690286666157,306.78955078125,305.9247131347656,-0.8648592233657837,0.10266949146986004
18,18,36,0.08405093277338892,306.84935971175787,306.71673583984375,306.93341064453125,0.21665440499782562,-0.1326034722244367
19,17,36,-0.8888267141580581,292.99691997587684,293.1200256347656,292.10809326171875,-1.0119388103485107,0.1231120961904526
20,16,36,-0.7553563693165779,281.39616447478534,281.3716735839844,280.64080810546875,-0.7308763861656189,-0.024479983150959006
12,25,37,-1.396303945183754,261.1848171287775,261.03912353515625,259.78851318359375,-1.250625491142273,-0.14567845404148105
13,24,37,-0.1346256178431213,278.603833381515,278.65869140625,278.4692077636719,-0.18949200212955475,0.05486638428643345
14,23,37,0.6977536478638648,294.49014308065176,294.2574157714844,295.1878967285156,0.9304779171943665,-0.2327242693305016
15,22,37,0.315999248623848,305.5626018255949,305.8995666503906,305.87860107421875,-0.02097569964826107,0.33697494827210905
16,21,37,0.2786337653151713,313.2036660393723,313.01763916015625,313.4822998046875,0.46465688943862915,-0.18602312412345784
17,20,37,-0.39017428278923033,317.106177700758,317.1004333496094,316.71600341796875,-0.38441920280456543,-0.0057550799846649014
18,19,37,0.1780379222612828,315.5566727710981,315.50421142578125,315.7347106933594,0.230497807264328,-0.052459885003045215
19,18,37,0.08358324600383639,308.60382520126177,308.5743713378906,308.6874084472656,0.11302399635314941,-0.029440750349313025
20,17,37,-0.5192359372973442,296.06232675760987,296.1278991699219,295.5430908203125,-0.5847979187965393,0.06556198149919512
14,24,38,0.8558313390612602,299.70337276250126,299.9275207519531,300.5592041015625,0.6316714286804199,0.22415991038084027
15,23,38,0.18054017255082727,309.6303729133867,309.596435546875,309.8109130859375,0.2144538015127182,-0.03391362896189093
16,22,38,0.4213352546095848,320.9962672844529,321.0537414550781,321.4176025390625,0.36384978890419006,0.057485465705394756
17,21,38,-0.15711493658833206,323.1834210889321,323.20831298828125,323.02630615234375,-0.18200460076332092,0.024889664174988863
18,20,38,0.2844872457534075,327.3565039651841,327.3426513671875,327.6409912109375,0.29833340644836426,-0.013846160694956755
19,19,38,-0.02809552092803642,320.83278302092805,320.646240234375,320.8046875,0.15844659507274628,-0.1865421160007827
20,18,38,0.15870097450912,313.09569355674086,313.12164306640625,313.25439453125,0.13275079429149628,0.025950180217623714
14,25,39,1.4813355004787445,301.4791747534275,301.5081787109375,302.96051025390625,1.4523073434829712,0.029028156995773324
15,24,39,-0.07522381857037544,315.792417422086,315.8208312988281,315.7171936035156,-0.10363390296697617,0.028410084396600727
16,23,39,0.23039153035730123,325.5915078837052,325.426513671875,325.8218994140625,0.3953778147697449,-0.16498628441244365
17,22,39,0.4982741692662239,331.2523361822963,331.28173828125,331.7506103515625,0.4688751995563507,0.029398969709873213
18,21,39,0.7245422501862049,333.95575560137627,333.94134521484375,334.6802978515625,0.738946795463562,-0.014404545277357128
19,20,39,0.1630683762006811,333.56791917262746,333.7239990234375,333.7309875488281,0.006993799936026335,0.15607457626465476
20,19,39,0.20209878766909242,326.19960409319026,326.41717529296875,326.4017028808594,-0.015472900122404099,0.21757168779149652
21,18,39,0.1647116718813777,312.49669579882175,312.52484130859375,312.6614074707031,0.13655750453472137,0.028154167346656322
14,26,40,2.160074702501297,305.91673804163935,306.2330017089844,308.0768127441406,1.8438119888305664,0.31626271367073056
15,25,40,-0.029506714593153446,319.4380150153744,319.2567138671875,319.40850830078125,0.1517920047044754,-0.18129871929762886
16,24,40,-0.1253051267657429,333.1665038572345,333.17303466796875,333.04119873046875,-0.13181999325752258,0.006514866491779681
17,23,40,0.1897714992519468,337.1281301120762,337.1106262207031,337.3179016113281,0.20725999772548676,-0.01748849847353995
18,22,40,0.8739173141121864,343.6796715530753,343.81036376953125,344.5535888671875,0.743224024772644,0.13069328933954238
19,21,40,0.312858340293169,341.4864275483787,341.52362060546875,341.7992858886719,0.27567198872566223,0.03718635156750677
20,20,40,0.7305956864356995,341.8164013838768,342.05218505859375,342.5469970703125,0.49481600522994995,0.23577968120574955
21,19,40,-0.02235367674176814,326.8760524072105,326.94677734375,326.85369873046875,-0.09308800101280212,0.07073432427103399
22,18,40,0.056035494180396196,314.54836514058525,314.634521484375,314.6044006347656,-0.030128000304102898,0.08616349448449909
15,26,41,0.5267666020989418,324.3720371088386,324.1686096191406,324.8988037109375,0.7301967144012451,-0.20343011230230335
16,25,41,-0.33967720620334146,337.4031842862815,337.4150695800781,337.0635070800781,-0.351567804813385,0.011890598610043546
17,24,41,0.10287740584462882,345.07632181290535,344.93133544921875,345.17919921875,0.24786870181560516,-0.14499129597097635
18,23,41,0.8650786083936691,349.8338349658251,349.9093017578125,350.69891357421875,0.7895947098731995,0.07548389852046966
19,22,41,1.0940067026019096,351.44758875638246,351.6189880371094,352.5415954589844,0.9226028919219971,0.1714038106799125
20,21,41,1.260077663064003,350.1552360576391,350.4150085449219,351.4153137207031,1.0002925395965576,0.2597851234674453
21,20,41,0.9426411712169647,342.86436566472054,343.1371154785156,343.8070068359375,0.6698861122131348,0.2727550590038299
22,19,41,0.39340627238154413,329.2972980733216,329.4099426269531,329.6907043457031,0.28075510263442993,0.1126511697471142
15,27,42,2.4824919688701628,326.1236176502705,326.1683044433594,328.6061096191406,2.4377875328063965,0.044704436063766284
16,26,42,-0.398187987357378,344.2589973135293,344.1155700683594,343.8608093261719,-0.2547549903392792,-0.1434329970180988
17,25,42,-0.2615353830903768,350.6310422190279,350.5272216796875,350.3695068359375,-0.15772880613803864,-0.10380657695233819
18,24,42,0.49047263905405997,359.2407285328209,359.3357849121094,359.731201171875,0.3954077959060669,0.09506484314799307
19,23,42,0.691435486972332,359.0394605091214,359.1528015136719,359.73089599609375,0.5781018137931824,0.11333367317914966
20,22,42,1.4757709991931915,361.6958293426037,361.8957214355469,363.1716003417969,1.2758867740631104,0.1998842251300812
21,21,42,1.1833023399114608,354.5869918495417,354.68707275390625,355.7702941894531,1.0832273960113525,0.10007494390010829
22,20,42,0.857708800137043,346.8172789928317,346.8880920410156,347.67498779296875,0.7869200110435486,0.0707887890934944
16,27,43,0.9930863040685654,346.76100305140017,346.7445983886719,347.75408935546875,1.009513258934021,-0.016426954865455645
17,26,43,-0.25285954494029284,357.91664738673717,357.9263000488281,357.6637878417969,-0.26248958706855774,0.009630042128264904
18,25,43,0.38723966136574745,364.98226717457175,364.9942321777344,365.3695068359375,0.3752574026584625,0.01198225870728492
19,24,43,0.7978057181835174,368.6943817818165,368.7774658203125,369.4921875,0.7147228121757507,0.08308290600776669
20,23,43,1.3468840032815934,369.6790254205465,369.82861328125,371.0259094238281,1.1972920894622803,0.14959191381931314
21,22,43,1.446493131518364,367.00712014973163,366.8255310058594,368.45361328125,1.6280604600906372,-0.1815673285722732
22,21,43,1.2495432251691818,359.32375999748706,359.1706237792969,360.57330322265625,1.402667760848999,-0.1531245356798172
23,20,43,0.5571298933029175,346.7998647356033,346.9890441894531,347.35699462890625,0.3679453134536743,0.1891845798492432
16,28,44,2.6703491485118866,351.71704098820686,351.8246765136719,354.38739013671875,2.5627224445343018,0.10762670397758489
17,27,44,0.3582858205586672,362.3538113474101,362.31707763671875,362.71209716796875,0.3950327932834625,-0.036746972724795324
18,26,44,0.12491311706602573,373.716883757934,373.72900390625,373.841796875,0.11279159784317017,0.012121519222855565
19,25,44,0.26458912927657363,375.9219037906453,376.0549011230469,376.1864929199219,0.1315988004207611,0.13299032885581252
20,24,44,1.1668516051769258,380.6653627502918,380.95977783203125,381.83221435546875,0.8724163770675659,0.29443522810935985
21,23,44,0.9731560063362121,376.25474926710126,376.5247497558594,377.2279052734375,0.7031580209732056,0.26999798536300657
22,22,44,0.9160402855277061,375.31555761486294,375.4749450683594,376.2315979003906,0.7566540241241455,0.1593862614035606
23,21,44,0.3850176119059324,360.80529000528156,360.95208740234375,361.1903076171875,0.2382051944732666,0.14681241743266582
24,20,44,0.05554842058569193,349.6514523118362,349.7835693359375,349.7070007324219,-0.07656600326299667,0.1321144238486886
17,28,45,1.648401727080345,368.0449881654978,368.1719665527344,369.6933898925781,1.5214405059814453,0.12696122109889973
18,27,45,0.2425987789966166,378.9644935061596,378.8978576660156,379.20709228515625,0.30923300981521606,-0.06663423081859945
19,26,45,0.3163921608775854,384.93742253638806,384.9603576660156,385.2538146972656,0.29343849420547485,0.022953666672110573
20,25,45,0.850398817062378,388.22009678840635,388.3746032714844,389.07049560546875,0.6958984732627869,0.1545003437995911
21,24,45,1.0408512726426125,387.77735551446676,387.85235595703125,388.8182067871094,0.9658550024032593,0.07499627023935318
22,23,45,0.8300761777162552,384.9108295840025,385.0079345703125,385.74090576171875,0.7329555153846741,0.09712066233158112
23,22,45,0.6435697337985039,376.9480440357327,377.1017761230469,377.59161376953125,0.4898270070552826,0.15374272674322131
24,21,45,0.41557463087141516,363.929731765613,363.9477844238281,364.3453063964844,0.3975130021572113,0.01806162871420386
17,29,46,0.6564089299738407,371.6232846735418,371.7156677246094,372.2796936035156,0.5640177726745605,0.09239115729928016
18,28,46,0.43698837488889697,386.92141006261113,386.9696350097656,387.3583984375,0.38875898718833923,0.048229387700557735
19,27,46,-0.06537645749747753,391.7404863207787,391.8299560546875,391.67510986328125,-0.15486879646778107,0.08949233897030354
20,26,46,0.539325044900179,398.65946645900607,398.7733154296875,399.19879150390625,0.42549920082092285,0.11382584407925611
21,25,46,0.38658511310815813,396.5989190372825,396.61297607421875,396.9855041503906,0.37251099944114685,0.014074113667011279
22,24,46,0.1028473424911499,398.15835260868073,398.197265625,398.2611999511719,0.06393419951200485,0.038913142979145054
23,23,46,-0.5891487745940686,390.5320503859222,390.362548828125,389.9429016113281,-0.4196457862854004,-0.16950298830866817
24,22,46,-0.23794405456632375,381.9275497674569,381.9758605957031,381.6896057128906,-0.2862718105316162,0.04832775596529246
25,21,46,-0.45218722641468045,364.24948947250846,364.13970947265625,363.79730224609375,-0.34240299463272095,-0.10978423178195951
18,29,47,-0.4560197075456381,390.66671306692064,390.636962890625,390.210693359375,-0.42627501487731934,-0.02974469266831875
19,28,47,0.03159038174664602,400.2548170889565,400.1993408203125,400.2864074707031,0.0870634987950325,-0.055473117048386485
20,27,47,0.0694701144634746,405.97462778592717,406.0496826171875,406.0440979003906,-0.005575600080192089,0.0750457145436667
21,26,47,0.49257022857666016,407.2672259140015,407.2594909667969,407.7597961425781,0.5002974271774292,-0.007727198600769036
22,25,47,0.07710436075925826,406.97138807088135,407.07794189453125,407.0484924316406,-0.029427500441670418,0.10653186120092868
23,24,47,-0.12319664624053984,403.44738487866243,403.3650207519531,403.3241882324219,-0.04083560034632683,-0.08236104589421302
24,23,47,-0.34010191425681113,395.2500140236318,395.1387023925781,394.909912109375,-0.22881489992141724,-0.1112870143353939
25,22,47,-0.5220243503153325,382.30461712375285,382.3596496582031,381.7825927734375,-0.5770499110221863,0.05502556070685383
18,30,48,-0.4426157857477665,395.6726267720759,395.6959533691406,395.2300109863281,-0.46594879031181335,0.023333004564046855
19,29,48,-0.5328428469598293,404.7805540286005,404.8431701660156,404.2477111816406,-0.5954552292823792,0.06261238232254984
20,28,48,-0.1610610366240144,415.8824660659209,416.0011901855469,415.7214050292969,-0.2797968089580536,0.1187357723340392
21,27,48,0.04196189775597304,415.49114967450964,415.4980773925781,415.5331115722656,0.03503439947962761,0.00692749827634543
22,26,48,0.1013655587658286,418.67744303498415,418.70458984375,418.77880859375,0.0742143988609314,0.027151159904897207
23,25,48,-0.9177804642915726,413.89028412640096,413.90728759765625,412.9725036621094,-0.9347928166389465,0.01701235234737397
24,24,48,-0.5453551705181598,411.6075499947369,411.46826171875,411.06219482421875,-0.40605440735816956,-0.1393007631599903
25,23,48,-1.208121817111969,397.08501390695574,397.1612243652344,395.87689208984375,-1.2843352556228638,0.0762134385108948
26,22,48,-0.5642587503790856,385.1058542093635,385.0908203125,384.5415954589844,-0.5492191910743713,-0.015039559304714234
19,30,49,-0.4773050928860903,410.17029825694857,410.2414855957031,409.6929931640625,-0.5484896898269653,0.07118459694087503
20,29,49,-0.9299520629644394,420.95964566648007,421.14764404296875,420.0296936035156,-1.1179499626159668,0.18799789965152736
21,28,49,0.0873283788189292,425.6330695703998,425.62774658203125,425.72039794921875,0.09265550225973129,-0.005327123440802092
22,27,49,0.35715853817760945,426.7049447333068,426.8469543457031,427.0621032714844,0.21513749659061432,0.14202104158699513
23,26,49,-0.06920218988321722,425.51601005121137,425.4627685546875,425.4468078613281,-0.015961499884724617,-0.0532406899984926
24,25,49,-0.6312356477975846,422.02872710287573,422.05059814453125,421.3974914550781,-0.6531072854995728,0.02187163770198819
25,24,49,-0.9114283177256585,413.6336268040538,413.55584716796875,412.7221984863281,-0.8336349725723267,-0.0777933451533318
26,23,49,-0.6467301318049431,400.0456253954768,399.904296875,399.3988952636719,-0.5053929090499878,-0.1413372227549553
19,31,50,-1.7808512699604035,414.4611491215229,414.4291687011719,412.6802978515625,-1.748865008354187,-0.03198626160621654
20,30,50,-0.9291991168260574,427.5401915484667,427.5082092285156,426.6109924316406,-0.8971949815750122,-0.032004135251045174
21,29,50,-0.5233447639644146,431.5870349495113,431.6737365722656,431.0636901855469,-0.6100350022315979,0.08669023826718325
22,28,50,0.5480280573666095,437.67236989185216,437.7861328125,438.22039794921875,0.43426498770713806,0.11376306965947147
23,27,50,-0.19960261828266085,434.8107171202358,434.795166015625,434.6111145019531,-0.1840600073337555,-0.015542610948905355
24,26,50,-0.3670169296115637,435.09882845304907,435.0509338378906,434.7318115234375,-0.3191399872303009,-0.04787694238126278
25,25,50,-1.1789956229925156,426.89451075971124,426.6341247558594,425.71551513671875,-0.9186149835586548,-0.2603806394338608
26,24,50,-0.6455098429322242,417.7637044230103,417.70135498046875,417.1181945800781,-0.5831400156021118,-0.062369827330112426
27,23,50,-0.7653078472614289,400.10621971249583,400.03192138671875,399.3409118652344,-0.6910349726676941,-0.07427287459373477
19,32,51,-2.365154628753662,419.38676107406616,419.2880859375,417.0216064453125,-2.2664849758148193,-0.09866965293884267
20,31,51,-2.7202177119255064,432.608523375988,432.3226013183594,429.8883056640625,-2.434288501739502,-0.2859292101860045
21,30,51,-0.36231536280363796,438.5313217104599,438.4582824707031,438.16900634765625,-0.2892862856388092,-0.07302907716482876
22,29,51,0.05374350719153881,443.92095742054283,444.1585388183594,443.9747009277344,-0.1838511973619461,0.23759470455348491
23,28,51,0.5142983636260032,445.886092261374,445.8463439941406,446.400390625,0.5540547966957092,-0.039756433069706
24,27,51,0.2889776224642992,444.1931085591763,444.3116149902344,444.4820861816406,0.17049269378185272,0.11848492868244648
25,26,51,-0.5706753468513489,440.4224819874764,440.32177734375,439.851806640625,-0.4699701964855194,-0.1007051503658295
26,25,51,-0.5992956006526947,431.51879022955893,431.4853820800781,430.91949462890625,-0.565882682800293,-0.03341291785240175
27,24,51,-0.09156319989822805,417.75675485028887,417.8559875488281,417.6651916503906,-0.19079990684986115,0.0992367069516331
19,33,52,-2.784986572265625,422.01087768554686,421.9815673828125,419.22589111328125,-2.7556755542755127,-0.029311017990112376
20,32,52,-3.3061608815193178,438.7187585377693,438.327880859375,435.41259765625,-2.915269136428833,-0.39089174509048474
21,31,52,-1.3469561320543288,443.86725032150747,443.8028259277344,442.5202941894531,-1.282513976097107,-0.06444215595722191
22,30,52,0.07772708604577928,452.0122692518448,451.974609375,452.0899963378906,0.1153964027762413,-0.03766931673046202
23,29,52,-0.07758360324427485,453.1142962497286,453.1575927734375,453.0367126464844,-0.12088800221681595,0.0433043989725411
24,28,52,0.8021420505642891,456.3562441799045,456.3517150878906,457.15838623046875,0.8066807985305786,-0.0045387479662895025
25,27,52,-0.4282832518219948,450.83337358385324,450.86126708984375,450.40509033203125,-0.45615240931510925,0.02786915749311447
26,26,52,-0.18606203267350793,447.8388635463454,447.6996154785156,447.6528015136719,-0.04681079834699631,-0.13925123432651162
27,25,52,-0.6769265344738961,432.9574135950208,432.92913818359375,432.2804870605469,-0.6486511826515198,-0.028275351822376282
28,24,52,0.6024241621792317,420.26677749797705,420.3626708984375,420.86920166015625,0.506519615650177,0.09590454652905467
19,34,53,-2.6520788717269896,425.3122656393051,425.21099853515625,422.6601867675781,-2.5507864952087402,-0.1012923765182494
20,33,53,-3.602656680345535,441.45556195378305,441.5206298828125,437.8529052734375,-3.6677234172821045,0.06506673693656939
21,32,53,-1.6292785400152205,450.12787473142146,450.1201171875,448.49859619140625,-1.6215225458145142,-0.007755994200706384
22,31,53,-0.5891610065102577,457.38347252994777,457.44964599609375,456.7943115234375,-0.6553568243980408,0.06619581788778306
23,30,53,-0.03486941644223407,461.7208740551141,461.6375427246094,461.6860046386719,0.04844750091433525,-0.08331691735656932
24,29,53,0.1223390385042876,464.13034650837074,464.2911376953125,464.252685546875,-0.03844590112566948,0.16078493962995707
25,28,53,0.8125914072990418,462.9667970204353,462.9115295410156,463.7793884277344,0.8678706288337708,-0.05527922153472897
26,27,53,0.6864121635258198,458.1686903755367,458.3863220214844,458.8551025390625,0.4687795042991638,0.21763265922665598
27,26,53,0.48844591811299326,449.1803468064964,449.31585693359375,449.6687927246094,0.35293659567832947,0.1355093224346638
28,25,53,0.6239648935198784,435.5775426748395,435.5049743652344,436.2015075683594,0.696530282497406,-0.07256538897752762
20,34,54,-3.2408673095703127,445.75005310058594,445.36480712890625,442.5091857910156,-2.855621814727783,-0.38524549484252946
21,33,54,-1.7353821343183518,453.7802734917402,453.8598327636719,452.0448913574219,-1.8149210214614868,0.07953888714313506
22,32,54,-0.4551215428113937,464.2847113865614,464.38336181640625,463.82958984375,-0.5537518262863159,0.0986302834749222
23,31,54,-0.4893596844375134,467.80765802428124,467.7554626464844,467.31829833984375,-0.4371627867221832,-0.05219689771533015
24,30,54,-0.17658511101268232,473.97059145866893,474.0102233886719,473.79400634765625,-0.21622879803180695,0.03964368701912463
25,29,54,-0.2575106544792652,471.9071993751824,471.8507385253906,471.6496887207031,-0.20104719698429108,-0.05646345749497411
26,28,54,1.4877284806966782,471.54767190992834,471.7647705078125,473.035400390625,1.2706315517425537,0.21709692895412447
27,27,54,0.7160305513441563,462.6530795560777,462.7378845214844,463.3691101074219,0.6312254071235657,0.0848051442205906
28,26,54,1.3272872644662856,453.07951205193996,453.2237854003906,454.40679931640625,1.1830288171768188,0.1442584472894668
20,35,55,-2.7878128492832186,447.0643021070957,446.9259338378906,444.2764892578125,-2.6494300365448,-0.1383828127384188
21,34,55,-1.3112092971801759,458.4014192581177,458.3353271484375,457.0902099609375,-1.245116949081421,-0.06609234809875497
22,33,55,-0.8151025450229645,468.48999878525734,468.5433349609375,467.6748962402344,-0.8684279918670654,0.0533254468441009
23,32,55,-0.4085087676346302,475.23611496880653,475.05364990234375,474.8276062011719,-0.2260504961013794,-0.18245827153325078
24,31,55,-0.4114245691895485,480.2397326746583,480.2565002441406,479.82830810546875,-0.42819100618362427,0.016766436994075762
25,30,55,-0.3677130772173405,482.12970648542046,482.07635498046875,481.7619934082031,-0.31435850262641907,-0.05335457459092141
26,29,55,0.3708158854395151,481.0288728352636,481.0628967285156,481.3996887207031,0.33680450916290283,0.03401137627661227
27,28,55,1.686786281466484,476.6176265603304,476.8291320800781,478.3044128417969,1.4752780199050903,0.21150826156139368
28,27,55,1.5602751523256302,467.3078278750181,467.3527526855469,468.86810302734375,1.5153625011444092,0.04491265118122101
29,26,55,0.41425384134054183,452.6575540199876,452.8698425292969,453.0718078613281,0.20196500420570374,0.2122888371348381
20,36,56,-1.8535340809822083,450.0793336415291,449.8572692871094,448.2257995605469,-1.6314624547958374,-0.22207162618637089
21,35,56,-1.027262182533741,461.0167641356587,461.08038330078125,459.989501953125,-1.0908735990524292,0.06361141651868829
22,34,56,-0.28043585196137427,474.09864263907076,474.2051696777344,473.8182067871094,-0.38697201013565063,0.10653615817427636
23,33,56,-0.5513335657119751,480.19623102664946,480.1832275390625,479.6448974609375,-0.5383335947990417,-0.012999970912933367
24,32,56,-0.4472508105635643,488.7268528613448,488.50262451171875,488.27960205078125,-0.22301040589809418,-0.22424040466547013
25,31,56,-0.6931279814243316,489.3144353544712,489.3468017578125,488.6213073730469,-0.7255048155784607,0.032376834154129064
26,30,56,-0.11416395584354178,492.4081703034998,492.25994873046875,492.29400634765625,0.0340472012758255,-0.14821115711936728
27,29,56,0.6112725515663624,486.7324164132774,486.91094970703125,487.34368896484375,0.43273839354515076,0.17853415802121164
28,28,56,2.250887472629547,484.00152341604235,483.9957275390625,486.2524108886719,2.2566583156585693,-0.005770843029022199
29,27,56,0.40120308168232444,467.8169060491771,467.93548583984375,468.2181091308594,0.28262078762054443,0.11858229406178
21,36,57,-0.6503988507390023,464.9131857159734,465.0155029296875,464.2627868652344,-0.7526962161064148,0.10229736536741252
22,35,57,-0.161119488440454,477.1266346251592,477.2553405761719,476.96551513671875,-0.2898455858230591,0.12872609738260507
23,34,57,-0.2490241827070713,486.4532172979414,486.5062255859375,486.2041931152344,-0.3020119071006775,0.05298772439360619
24,33,57,-0.5109555275738239,493.9568478615582,493.81378173828125,493.4458923339844,-0.36788859963417053,-0.14306692793965337
25,32,57,-0.5995004005730152,498.18308804705737,497.99273681640625,497.5835876464844,-0.4091322124004364,-0.19036818817257883
26,31,57,-0.42872083097696306,500.02201306730507,499.9061279296875,499.5932922363281,-0.3128252923488617,-0.11589553862810137
27,30,57,0.6214080172777176,498.2135834378004,498.28741455078125,498.8349914550781,0.5475835204124451,0.07382449686527248
28,29,57,1.7830249440670014,494.02767451882363,494.2433776855469,495.8106994628906,1.567325234413147,0.21569970965385443
29,28,57,1.6367589670419693,484.49065192162993,484.68609619140625,486.1274108886719,1.4413177967071533,0.195441170334816
21,37,58,-0.5464835178852081,467.196568967104,467.1867370605469,466.65008544921875,-0.536628782749176,-0.009854735136032078
22,36,58,0.3226104013621807,482.0491852529347,481.84246826171875,482.3717956542969,0.5293179750442505,-0.20670757368206977
23,35,58,-0.09336991068907081,490.4528669810016,490.57305908203125,490.3594970703125,-0.21354800462722778,0.12017809393815697
24,34,58,-0.39444893553853033,501.3846527929604,501.3519287109375,500.9902038574219,-0.3617245852947235,-0.03272435024380682
25,33,58,-0.7793045675754547,504.3982010519505,504.40533447265625,503.618896484375,-0.786440372467041,0.007135804891586273
26,32,58,-0.4986206774413586,509.8872315172851,509.95068359375,509.38861083984375,-0.5620971918106079,0.06347651436924934
27,31,58,-0.10357042911928147,506.96486803654113,506.8603820800781,506.8612976074219,0.000929799978621304,-0.10450022909790277
28,30,58,1.6922191685438157,506.28678473770617,506.4595947265625,507.97900390625,1.5193982124328613,0.17282095611095438
29,29,58,1.0136247655749322,497.05006541997193,497.1162414550781,498.0636901855469,0.9474632143974304,0.06616155117750178
30,28,58,1.5779380881786347,486.7834510719776,486.96490478515625,488.36138916015625,1.3964914083480835,0.18144667983055118
21,38,59,-0.31259553007781504,470.60498444609345,470.6080322265625,470.2923889160156,-0.315630704164505,0.0030351740866899624
23,36,59,0.23721435882151126,495.890593258366,495.82440185546875,496.1278076171875,0.3033994138240814,-0.06618505500257016
24,35,59,-0.248833871409297,505.69332239679994,505.54736328125,505.4444885253906,-0.10287050157785416,-0.14596336983144284
25,34,59,-0.5951007740199565,512.2153095142544,512.1744384765625,511.6202087402344,-0.5542215704917908,-0.040879203528165764
26,33,59,-0.5772125323116779,516.3920929034055,516.5316772460938,515.8148803710938,-0.7168014049530029,0.13958887264132502
27,32,59,-0.03750430698506534,517.2340985452663,517.314208984375,517.1965942382812,-0.11763609945774078,0.08013179247267543
28,31,59,0.9105075782537461,515.562820058465,515.4588623046875,516.4733276367188,1.0144191980361938,-0.10391161978244778
29,30,59,1.2890625089406966,509.6729431062937,509.878173828125,510.9620056152344,1.0838407278060913,0.20522178113460532
30,29,59,1.2287727576494216,499.80491864860056,499.9530334472656,501.03369140625,1.0806682109832764,0.14810454666614525
22,38,60,0.5801600593328476,489.1772251945734,489.1671447753906,489.75738525390625,0.5902519822120667,-0.010091922879219006
23,37,60,0.38000016279518606,499.3700913899392,499.37249755859375,499.7500915527344,0.377593994140625,0.0024061686545610583
24,36,60,-0.14084856690838932,512.3756508130022,512.4112548828125,512.2348022460938,-0.1764560043811798,0.03560743747279049
25,35,60,-0.6316788798570633,517.6151993876696,517.6883544921875,516.9835205078125,-0.7048519849777222,0.07317310512065889
26,34,60,-0.5438810053467751,525.2390714350342,525.3512573242188,524.6951904296875,-0.656033992767334,0.1121529874205589
27,33,60,-0.4682941338419914,524.8641681572794,524.80615234375,524.3958740234375,-0.41025200486183167,-0.05804212898015976
28,32,60,0.6831145736575127,526.8574738052488,526.8466186523438,527.5405883789062,0.6939859986305237,-0.010871424973010968
29,31,60,0.3326390780508518,519.8586451016366,519.936279296875,520.1912841796875,0.2550179958343506,0.07762108221650121
30,30,60,1.3910344290733336,514.8719660592079,514.983154296875,516.2630004882812,1.2798559665679932,0.11117846250534047
23,38,61,0.4714180125296116,504.3899711476266,504.5335388183594,504.86138916015625,0.32785630226135254,0.14356171026825904
24,37,61,0.011421088832430542,516.0966721728863,516.070556640625,516.1080932617188,0.03752259910106659,-0.026101510268636045
25,36,61,-0.3933152061700821,524.5711106163263,524.5338745117188,524.1777954101562,-0.35605770349502563,-0.03725750267505645
26,35,61,-0.5360753434896469,530.9375646013021,530.9298706054688,530.4014892578125,-0.5283846259117126,-0.00769071757793427
27,34,61,-0.35870478555560115,534.1229259769618,534.1251831054688,533.7642211914062,-0.36101099848747253,0.0023062129318713875
28,33,61,0.17575905265286565,534.9861672168784,534.6666870117188,535.1619262695312,0.495185911655426,-0.3194268590025604
29,32,61,0.5372865712642669,531.3743345224857,531.6464233398438,531.91162109375,0.26519718766212463,0.2720893836021423
30,31,61,0.7979842269420624,525.2993058121205,525.2288818359375,526.0972900390625,0.8684021830558777,-0.0704179561138153
31,30,61,0.7744027164578438,515.1525992366671,515.2322998046875,515.927001953125,0.6946907043457031,0.07971201211214063
23,39,62,0.44901304200291636,507.613700581044,507.6408996582031,508.0627136230469,0.4217970073223114,0.02721603468060496
24,38,62,-0.011607658416614867,522.2869982834167,522.4979858398438,522.275390625,-0.22260020673274994,0.21099254831613506
25,37,62,-0.37461140781641006,529.3697285953164,529.3870239257812,528.9951171875,-0.39191240072250366,0.017300992906093604
26,36,62,-0.4253348599374294,538.9421195279061,538.958740234375,538.5167846679688,-0.4419521987438202,0.01661733880639077
27,35,62,-0.6159309569001198,540.9034065428376,540.7227783203125,540.2874755859375,-0.4352514147758484,-0.1806795421242714
28,34,62,-0.06354110220447183,545.3747593639232,545.262451171875,545.3112182617188,0.04875899851322174,-0.11230010071769357
29,33,62,-0.22123529974371195,540.5151195770875,540.5211791992188,540.2938842773438,-0.22730180621147156,0.006066506467759608
30,32,62,0.5642974145710469,537.9903290502727,538.119384765625,538.5546264648438,0.43520379066467285,0.12909362390637402
31,31,62,-0.11609016405884176,528.1293958281213,528.156005859375,528.0133056640625,-0.14268380403518677,0.026593639976345007
23,40,63,0.3317469970881939,512.3042393310368,512.2391967773438,512.635986328125,0.3968032896518707,-0.06505629256367684
24,39,63,0.0006557036913000048,525.6780552338087,525.89501953125,525.6787109375,-0.2163074016571045,0.2169631053484045
25,38,63,-0.1909103449806571,535.7062912043557,535.8214111328125,535.515380859375,-0.30602601170539856,0.11511566672474147
26,37,63,-0.33153469547629355,543.9616616486013,543.7876586914062,543.630126953125,-0.15754370391368866,-0.1739909915626049
27,36,63,-0.3981072387099266,549.2399041137099,549.2212524414062,548.841796875,-0.379423588514328,-0.01868365019559859
28,35,63,-0.2685425954312086,552.4800294118374,552.1002197265625,552.2114868164062,0.11128350347280502,-0.37982609890401364
29,34,63,-0.02627772751962766,551.0494710868946,551.3848266601562,551.023193359375,-0.3616451919078827,0.33536746438825504
30,33,63,0.21195541732013226,547.2589308131486,547.236083984375,547.4708862304688,0.23484419286251068,-0.02288877554237842
31,32,63,0.3377924994379282,540.8248051568121,540.787353515625,541.16259765625,0.37521791458129883,-0.03742541514337061
32,31,63,0.3781427438557148,530.3751531545818,530.379150390625,530.7532958984375,0.374147891998291,0.003994851857423765
24,40,64,-0.08909604515880347,531.4221038576588,531.427978515625,531.3330078125,-0.09500639885663986,0.005910353697836393
25,39,64,-0.1642140629189089,540.0569142582314,539.9946899414062,539.8927001953125,-0.10202000290155411,-0.06219406001735478
26,38,64,-0.17692648820579052,551.2843483632058,551.19287109375,551.107421875,-0.08548320084810257,-0.09144328735768795
27,37,64,-0.4859560725092888,555.2960757014156,555.2333984375,554.8101196289062,-0.4233272075653076,-0.06262886494398118
28,36,64,-0.28988051377236845,561.8816773887723,561.7576904296875,561.591796875,-0.16587680578231812,-0.12400370799005034
29,35,64,-0.5127774541079998,559.2192593877018,559.3007202148438,558.7064819335938,-0.5942103862762451,0.08143293216824532
30,34,64,-0.047963931881822644,559.0131738928193,559.0979614257812,558.9652099609375,-0.1327648013830185,0.08480086950119585
31,33,64,-0.47083980590105057,551.245742149651,551.1444091796875,550.77490234375,-0.36952880024909973,-0.10131100565195084
32,32,64,0.21047471448779106,545.9010975511372,545.8447265625,546.111572265625,0.26684480905532837,-0.056370094567537304
25,40,65,-0.11772306584753096,545.9687362494412,546.0443725585938,545.8510131835938,-0.19334299862384796,0.075619932776317
26,39,65,0.0023026838316582143,555.7334150896058,555.5125732421875,555.7357177734375,0.223144993185997,-0.2208423093543388
27,38,65,-0.1661254083737731,562.8445311700925,562.697509765625,562.6784057617188,-0.01911200024187565,-0.14701340813189745
28,37,65,-0.299720580726862,568.1948011471331,567.8557739257812,567.8950805664062,0.039344001561403275,-0.33906458228826525
29,36,65,-0.274977430999279,568.873793348968,569.2113037109375,568.5988159179688,-0.6124855279922485,0.3375080969929695
30,35,65,-0.185366094596684,567.302858770378,567.0772705078125,567.1174926757812,0.04021000117063522,-0.2255760957673192
31,34,65,-0.07416364670731128,562.9613706779573,563.0404052734375,562.88720703125,-0.1532064974308014,0.07904285072349011
32,33,65,0.03195876917860005,556.2669303909777,556.0787963867188,556.2988891601562,0.22010399401187897,-0.18814522483327892
33,32,65,0.03894689973909408,545.6146785885421,545.7553100585938,545.6536254882812,-0.10168150067329407,0.14062840041238814
25,41,66,-0.24848587160930038,549.6858027661406,549.898681640625,549.4373168945312,-0.4614076018333435,0.21292173022404312
26,40,66,0.13271223709452898,562.549294598843,562.433837890625,562.6820068359375,0.2481829971075058,-0.11547076001297682
27,39,66,-0.02707684170687571,568.2227555526443,567.9921875,568.1956787109375,0.20353460311889648,-0.2306114448257722
28,38,66,-0.17133188545703887,576.799749854207,576.8075561523438,576.62841796875,-0.17916759848594666,0.007835713028907787
29,37,66,-0.5095842644572258,576.2136858269572,576.2772216796875,575.7041015625,-0.5731179714202881,0.06353370696306226
30,36,66,-0.2655820746719837,578.0623960395158,578.1358032226562,577.7968139648438,-0.339011013507843,0.07342893883585933
31,35,66,-0.559509662091732,572.3170169863105,572.177978515625,571.7575073242188,-0.4204646050930023,-0.1390450569987297
32,34,66,-0.1547719781473279,569.2629873101786,569.2789306640625,569.1082153320312,-0.17072780430316925,0.015955826155841346
33,33,66,-0.6582843343913555,558.6361896078289,558.9146118164062,557.9779052734375,-0.9367244243621826,0.27844008997082714
26,41,67,0.17786186251789332,566.2504218288883,566.1456909179688,566.4282836914062,0.2825947105884552,-0.10473284807056188
27,40,67,0.3168243794888258,575.1701751322299,574.9767456054688,575.4869995117188,0.5102726221084595,-0.19344824261963367
28,39,67,0.03243617673404515,582.406284526391,582.6152954101562,582.438720703125,-0.17658349871635437,0.2090196754503995
29,38,67,-0.18496119491755963,585.0673464488239,585.4097900390625,584.8823852539062,-0.5273998975753784,0.3424387026578188
30,37,67,-0.24504429049789905,585.5531497592478,585.1882934570312,585.30810546875,0.119822196662426,-0.36486648716032505
31,36,67,-0.23977722972631454,583.2275701984763,583.4047241210938,582.98779296875,-0.4169110059738159,0.17713377624750137
32,35,67,-0.18661636045202612,578.675141751077,578.4169311523438,578.488525390625,0.07157719880342484,-0.25819355925545096
33,34,67,-0.1342878424562514,571.5764875494875,571.548095703125,571.4421997070312,-0.10588949918746948,-0.028398343268781906
34,33,67,-0.17438773967325688,560.7373149857671,560.7587890625,560.5629272460938,-0.19590480625629425,0.02151706658303737
27,41,68,0.4716535463929176,579.6246599301696,579.3688354492188,580.0963134765625,0.7274531722068787,-0.25579962581396104
28,40,68,0.3217319583147764,590.3082729244977,590.40771484375,590.6300048828125,0.2222643941640854,0.09946756415069102
29,39,68,-0.1493850358016789,591.6590896256454,591.7286376953125,591.5097045898438,-0.2189083993434906,0.06952336354181171
30,38,68,-0.15989289421588182,595.4542654528096,595.3863525390625,595.2943725585938,-0.09197600185871124,-0.06791689235717058
31,37,68,-0.4441141939163208,591.6812357759476,591.6829223632812,591.2371215820312,-0.44582599401474,0.0017118000984192028
32,36,68,-0.24458917535841465,590.6833709136397,590.7933349609375,590.4387817382812,-0.35452279448509216,0.10993361912667751
33,35,68,-0.567478243559599,582.0480080287158,581.9266967773438,581.4805297851562,-0.44620761275291443,-0.12127063080668454
34,34,68,-0.22488013662397863,576.3511008397489,576.4392700195312,576.126220703125,-0.3130775988101959,0.0881974621862173
27,42,69,0.3695108807086945,585.958064802885,586.1830444335938,586.3275756835938,0.1445721983909607,0.22493868231773378
28,41,69,0.5385893356800079,594.8917085158824,594.993896484375,595.4302978515625,0.43641379475593567,0.10217554092407222
29,40,69,0.353496653996408,599.7284735608473,599.9691162109375,600.0819702148438,0.1128963977098465,0.2406002562865615
30,39,69,0.10387027892284095,602.1628533538897,601.8684692382812,602.2667236328125,0.3982540965080261,-0.29438381758518517
31,38,69,-0.05927275100490079,601.7686843720986,601.9960327148438,601.7094116210938,-0.28660619258880615,0.22733344158390537
32,37,69,-0.11358437416143716,599.2496927725989,598.9865112304688,599.1361083984375,0.14958399534225464,-0.2631683695036918
33,36,69,-0.15129414707422256,594.1700929751992,594.2156982421875,594.018798828125,-0.19687660038471222,0.04558245331048966
34,35,69,-0.2175464291870594,586.9290332455934,586.755859375,586.7114868164062,-0.04436580091714859,-0.17318062826991082
35,34,69,-0.2880194430053234,575.8882391695678,575.7982788085938,575.6002197265625,-0.1980794072151184,-0.08994003579020499
27,43,70,0.3040822859853506,590.3368478897959,590.3938598632812,590.6409301757812,0.2470400035381317,0.05704228244721887
28,42,70,0.4068494284152985,602.1837267434597,602.3004150390625,602.590576171875,0.2901810109615326,0.11666841745376588
29,41,70,0.5613518130779266,605.2059211361408,605.2805786132812,605.7672729492188,0.4867149889469147,0.07463682413101191
30,40,70,0.3569414586573839,611.3050458460301,611.0866088867188,611.6619873046875,0.5753980278968811,-0.2184565692394972
31,39,70,0.02478080375585705,609.4119257392128,609.649658203125,609.4367065429688,-0.2129559963941574,0.23773680015001447
32,38,70,-0.035034505384974185,610.3854373374162,610.5192260742188,610.3504028320312,-0.16879600286483765,0.13376149747986346
33,37,70,-0.27849720381200316,603.6735777702182,603.5087890625,603.3950805664062,-0.11368700116872787,-0.16481020264327528
34,36,70,-0.2165113554894924,600.125324832052,600.3223876953125,599.9088134765625,-0.413565993309021,0.1970546378195286
35,35,70,-0.7578791186213494,588.9773615404963,589.0357666015625,588.219482421875,-0.8162479996681213,0.05836888104677196
27,44,71,0.31465480275452135,596.2065243964643,596.3101196289062,596.5211791992188,0.2110576033592224,0.10359719939529893
28,43,71,0.38582327619194984,606.7291059230269,606.5640869140625,607.1149291992188,0.5507956147193909,-0.16497233852744103
29,42,71,0.364563607275486,612.875060416162,613.086669921875,613.2396240234375,0.15294569730758667,0.2116179099678993
30,41,71,0.5679888245463371,617.1152997496724,616.9219360351562,617.6832885742188,0.7613393068313599,-0.19335048228502272
31,40,71,0.5281851363182067,618.7268197464942,618.949951171875,619.2550048828125,0.3050450086593628,0.22314012765884395
32,39,71,0.3720981915295124,618.093600050658,617.9351196289062,618.4656982421875,0.5305622220039368,-0.15846403047442437
33,38,71,0.1645932089909911,614.9677920449153,615.139404296875,615.1323852539062,-0.006984999869018793,0.1715782088600099
34,37,71,-0.022498471378348768,609.7936166354408,609.6102905273438,609.7711181640625,0.16079740226268768,-0.18329587364103644
35,36,71,-0.22201543960720302,602.2588196388259,602.183837890625,602.0368041992188,-0.1470658928155899,-0.07494954679161311
36,35,71,-0.42830078974366187,591.1247729577124,591.226318359375,590.6964721679688,-0.5298010110855103,0.10150022134184838
28,44,72,0.3871656949818134,613.5630296175182,613.4552612304688,613.9501953125,0.49495041370391846,-0.10778471872210504
29,43,72,0.2720192702114582,618.319899675101,618.2298583984375,618.5919189453125,0.36205679178237915,-0.09003752157092093
30,42,72,0.13407461008056998,625.8505445305444,625.8099975585938,625.984619140625,0.17461839318275452,-0.04054378310218454
31,41,72,0.6510450950264931,625.436235178411,625.470458984375,626.0872802734375,0.6168704032897949,0.03417469173669818
32,40,72,0.44199090138077735,628.6020154462755,628.6857299804688,629.0440063476562,0.358295202255249,0.08369569912552832
33,39,72,0.3504663110524416,623.5932592748851,623.5472412109375,623.9437255859375,0.3964408040046692,-0.04597449295222761
34,38,72,0.060736560404766354,622.128655529439,622.4033203125,622.1893920898438,-0.21389439702033997,0.27463095742510635
35,37,72,-0.4375593900680542,612.9606306791305,612.8145141601562,612.5230712890625,-0.29140719771385193,-0.1461521923542023
36,36,72,-0.44024768739938736,606.9530650702119,606.9110107421875,606.5128173828125,-0.39818960428237915,-0.042058083117008205
28,45,73,0.5763315109908581,617.6871572585404,617.40869140625,618.2634887695312,0.8548383116722107,-0.2785068006813526
29,44,73,0.19520502977073192,625.4780127436668,625.505615234375,625.6732177734375,0.16759729385375977,0.02760773591697216
30,43,73,0.07337335500633343,631.4835114106187,631.3292236328125,631.556884765625,0.22767849266529083,-0.1543051376589574
31,42,73,0.22849098164588214,634.5180910496041,634.65283203125,634.74658203125,0.09379799664020538,0.13469298500567675
32,41,73,0.611492241770029,635.6338080511987,635.4686279296875,636.2453002929688,0.7766500115394592,-0.1651577697694302
33,40,73,0.6218298053741456,634.3631555461884,634.341552734375,634.9849853515625,0.6434773206710815,-0.021647515296935982
34,39,73,0.45583346247673034,630.9748916351796,630.8338012695312,631.4307250976562,0.5968856811523438,-0.1410522186756134
35,38,73,0.09067433301825076,625.4097529130755,625.4698486328125,625.5004272460938,0.030538100749254227,0.06013623226899653
36,37,73,-0.2799100555479527,617.8010282196104,617.593505859375,617.5211181640625,-0.0723830983042717,-0.20752695724368098
37,36,73,-0.6277029898762703,606.581499376595,606.27099609375,605.9537963867188,-0.31719329953193665,-0.3105096903443336
29,45,74,0.2731533318758011,630.5413608282804,630.595703125,630.8145141601562,0.21881580352783203,0.054337528347969066
30,44,74,-0.09099414507858455,639.5641997114849,639.5638427734375,639.4732055664062,-0.09064780175685883,-0.00034634332172572835
31,43,74,0.0757822292856872,641.0141225558706,641.0744018554688,641.0899047851562,0.015497599728405476,0.06028462955728173
32,42,74,0.01084492431487888,645.6617624975602,645.6648559570312,645.672607421875,0.007718599867075682,0.003126324447803199
33,41,74,0.6576899828016758,642.2726078687608,642.3201293945312,642.9302978515625,0.610152006149292,0.047537976652383795
34,40,74,0.426190854460001,642.7448296533526,642.8909301757812,643.1710205078125,0.2800529897212982,0.14613786473870277
35,39,74,0.2007789528928697,635.1829490744509,635.1835327148438,635.3837280273438,0.20014899969100952,0.0006299532018601839
36,38,74,-0.27168239288032053,631.3950954788178,631.4448852539062,631.1234130859375,-0.3214859962463379,0.04980360336601736
37,37,74,-1.1412021553516387,620.0412876045704,620.2467041015625,618.9000854492188,-1.346610188484192,0.20540803313255318
29,46,75,0.5089824056625366,637.0658466959,637.1309814453125,637.5748291015625,0.4437924921512604,0.06518991351127623
30,45,75,0.012902433366980404,644.7615726642892,644.4373779296875,644.7744750976562,0.3371424973011017,-0.3242400639341213
31,44,75,-0.1226056516263634,649.4247907102201,649.5567626953125,649.3021850585938,-0.2545374929904938,0.1319318413641304
32,43,75,0.02281890092417598,652.2630697709508,652.1707153320312,652.285888671875,0.11518000066280365,-0.09236109973862767
33,42,75,0.2959867980331182,652.4616425964981,652.5656127929688,652.7576293945312,0.19199000298976898,0.10399679504334924
34,41,75,0.5742209270596504,650.9420754596591,650.9185180664062,651.5162963867188,0.5977575182914734,-0.023536591231822945
35,40,75,0.49870158821344374,647.1253218492866,647.07373046875,647.6240234375,0.550272524356842,-0.051570936143398305
36,39,75,0.0895465283188969,641.3821331591811,641.5079956054688,641.4716796875,-0.03629250079393387,0.12583902911283076
37,38,75,-0.45524171575903893,633.5476489423215,633.6207275390625,633.0924072265625,-0.528315007686615,0.07307329192757606
38,37,75,-0.8205497017502785,622.1206595650315,622.2383422851562,621.3001098632812,-0.9382699728012085,0.11772027105092997
29,47,76,0.8464728531241417,641.7136467757821,641.7137451171875,642.5601196289062,0.8463631868362427,0.00010966628789899069
30,46,76,0.11009482610505074,652.2597171856137,652.2528076171875,652.3698120117188,0.11701399832963943,-0.006919172224588696
31,45,76,-0.11294776698574424,655.490450208392,655.4640502929688,655.3775024414062,-0.08656720072031021,-0.02638056626543403
32,44,76,-0.24731253549456597,661.5214824573695,661.5979614257812,661.274169921875,-0.32376641035079956,0.07645387485623359
33,43,76,0.18886147860437633,659.9000667440519,659.8941040039062,660.0889282226562,0.19479280710220337,-0.005931328497827043
34,42,76,0.05764572877902538,661.9979572985648,662.0723266601562,662.0556030273438,-0.01673560030758381,0.07438132908660919
35,41,76,0.549758969694376,656.1005706201494,656.3270874023438,656.6503295898438,0.3231920003890991,0.22656696930527687
36,40,76,0.07161280087893829,654.2853818280273,654.2694091796875,654.3569946289062,0.08761479705572128,-0.016001996176782995
37,39,76,-0.7946797403693199,644.8283711466194,644.9524536132812,644.03369140625,-0.9187235832214355,0.12404384285211567
38,38,76,-0.6389781232178211,638.0383921857178,637.9386596679688,637.3994140625,-0.5392343997955322,-0.09974372342228888
29,48,77,1.4426539379358292,647.6157567065954,647.666259765625,649.0584106445312,1.3921422958374023,0.050511642098426845
30,47,77,0.4766847036778927,656.9774168588222,656.810302734375,657.4541015625,0.6438151001930237,-0.167130396515131
31,46,77,-0.06338422200642527,663.2701713313814,663.2310791015625,663.206787109375,-0.02428390085697174,-0.039100321149453526
32,45,77,-0.19404719959944486,667.7555706370995,667.6692504882812,667.5615234375,-0.1077561005949974,-0.08629109900444745
33,44,77,-0.06451860383618623,669.4827314944612,669.5903930664062,669.418212890625,-0.1721753031015396,0.10765669926535339
34,43,77,0.15128258224576713,669.5496451521292,669.4912109375,669.700927734375,0.20970839262008667,-0.05842581037431954
35,42,77,0.35589908316731456,667.2727019910515,667.3441772460938,667.6286010742188,0.284437894821167,0.07146118834614756
36,41,77,0.38157219633460043,663.4287305380404,663.4964599609375,663.810302734375,0.313850998878479,0.06772119745612143
37,40,77,-0.030670268770772963,657.4826966359583,657.3751220703125,657.4520263671875,0.07685080170631409,-0.10752107047708705
38,39,77,-0.5185280159115792,649.358249695599,649.5657348632812,648.8397216796875,-0.7260475754737854,0.20751955956220625
29,49,78,2.357755677700043,651.5789508652687,651.6642456054688,653.9367065429688,2.2724790573120117,0.08527662038803108
30,48,78,1.1118429020047187,663.6735574886203,663.5756225585938,664.785400390625,1.2097599506378174,-0.09791704863309869
31,47,78,0.12841088572517037,668.9376901884935,669.01416015625,669.0661010742188,0.05196459963917732,0.07644628608599305
32,46,78,-0.21210239186882973,676.3848929192126,676.3897705078125,676.1727905273438,-0.21696080267429352,0.0048584108054637865
33,45,78,-0.09931758345861454,676.5297985404899,676.5623168945312,676.4304809570312,-0.13182799518108368,0.03251041172246914
34,44,78,-0.18182741018943488,679.9360388359706,679.9889526367188,679.7542114257812,-0.23476159572601318,0.052934185536578304
35,43,78,0.3031051180511713,675.6408035733551,675.6328125,675.9439086914062,0.31106680631637573,-0.007961688265204436
36,42,78,0.03838677466614172,675.4111981862713,675.5765991210938,675.4495849609375,-0.1270029991865158,0.16538977385265752
37,41,78,-0.0772804855927825,667.6035866379366,667.5513916015625,667.5263061523438,-0.025093600153923035,-0.052186885438859465
38,40,78,-0.30133136741816996,663.1533211135119,663.007568359375,662.8519897460938,-0.1555738002061844,-0.14575756721198557
29,50,79,3.059404355287552,657.1666088283062,657.3541259765625,660.2260131835938,2.8718979358673096,0.1875064194202425
30,49,79,2.145618702173233,667.5540883290768,667.5960083007812,669.69970703125,2.103682518005371,0.041936184167862045
31,48,79,0.5632140062749386,676.0061829663813,675.9297485351562,676.5693969726562,0.6396725177764893,-0.0764585115015507
32,47,79,-0.01992051408626139,682.2060167054925,682.126220703125,682.1860961914062,0.05989690124988556,-0.07981741533614695
33,46,79,-0.17503532584756612,685.4998644274101,685.4527587890625,685.3248291015625,-0.12795880436897278,-0.04707652147859334
34,45,79,-0.09067962815752253,687.11716888597,686.9517822265625,687.0264892578125,0.07470829784870148,-0.165387926006224
35,44,79,0.0869466496258974,686.2932413386553,686.320068359375,686.3801879882812,0.06014759838581085,0.026799051240086552
36,43,79,0.22353938341140747,683.8973712611198,683.9119262695312,684.1209106445312,0.2089730054140091,0.014566377997398378
37,42,79,0.21038015831261872,679.4312214041873,679.4900512695312,679.6416015625,0.1515320986509323,0.05884805966168641
38,41,79,-0.038147589782020076,673.4164434882196,673.3845825195312,673.3782958984375,-0.006308199837803841,-0.031839389944216236
39,40,79,-0.3047402673214674,664.997733431384,664.925537109375,664.6929931640625,-0.23252519965171814,-0.07221506766974928
30,50,80,2.9350759840011595,673.8819406175613,673.8836669921875,676.8170166015625,2.9333438873291016,0.0017320966720579811
31,49,80,1.6613777285814286,680.5942985409498,680.6763305664062,682.2556762695312,1.5793399810791016,0.08203774750232706
32,48,80,0.1770476127974689,690.2953644965776,690.2056274414062,690.472412109375,0.2667439877986908,-0.0896963750012219
33,47,80,-0.050588168965186926,692.1166892431839,692.1026000976562,692.0661010742188,-0.0364920012652874,-0.014096167699899527
34,46,80,-0.2226214848086238,696.8744159184024,696.8651123046875,696.6517944335938,-0.2133360058069229,-0.009285479001700875
35,45,80,0.07465663043083623,694.2558487406629,694.2123413085938,694.3305053710938,0.11817199736833572,-0.043515366937499494
36,44,80,-0.11480490350164473,695.3460060753766,695.4343872070312,695.231201171875,-0.20320799946784973,0.088403095966205
37,43,80,0.2320064499974251,688.70488319844,688.93408203125,688.9368896484375,0.0028200000524520874,0.229186449944973
38,42,80,-0.06350883677136153,686.1690996570838,686.2877197265625,686.1055908203125,-0.18212799727916718,0.11861916050780565
39,41,80,-0.5345851716399193,676.3198634919524,676.3421020507812,675.7852783203125,-0.556771993637085,0.022186821997165707
30,51,81,2.670047254562378,676.3472256946563,676.5060424804688,679.0172729492188,2.511277914047241,0.15876934051513691
31,50,81,2.4406842517852785,687.042286939621,687.1519775390625,689.4829711914062,2.3310344219207764,0.10964982986450211
32,49,81,1.3515974777936934,694.9031022292376,695.0333251953125,696.2546997070312,1.22134530544281,0.13025217235088338
33,48,81,0.06287024102173745,700.5145223371032,700.4926147460938,700.577392578125,0.08477489650249481,-0.02190465548075736
34,47,81,-0.08421184145845473,703.6822953375522,703.5659790039062,703.5980834960938,0.032116200774908066,-0.1163280422333628
35,46,81,-0.052300726305693386,704.335076605212,704.3716430664062,704.2827758789062,-0.08886650204658508,0.0365657757408917
36,45,81,0.09053402783349157,703.394939604979,703.3084716796875,703.4854736328125,0.17703139781951904,-0.08649736998602747
37,44,81,0.19677130226045847,700.2704528188333,700.28662109375,700.4672241210938,0.18057410418987274,0.016197198070585728
38,43,81,0.19298453859984874,695.6008997387439,695.5757446289062,695.7938842773438,0.21818549931049347,-0.025200960710644732
39,42,81,0.10326320754131302,688.9173666752712,688.9781494140625,689.0206298828125,0.042448900640010834,0.060814306901302184
40,41,81,0.12103396696969866,680.3012682791241,680.00732421875,680.4223022460938,0.41499608755111694,-0.2939621205814183
30,52,82,2.524712073802948,680.6118846058846,680.691650390625,683.1365966796875,2.44496488571167,0.0797471880912779
31,51,82,2.1439618986845015,690.4243364411592,690.5260620117188,692.5682983398438,2.0422492027282715,0.10171269595623
32,50,82,2.0824523967504502,702.1805480915308,702.22802734375,704.2630004882812,2.0349504947662354,0.04750190198421489
33,49,82,1.0197597035765649,706.0689243784547,706.1360473632812,707.0886840820312,0.9526454210281372,0.06711428254842766
34,48,82,-0.0293969455990009,712.8757714573178,712.8421630859375,712.8463745117188,0.0042213997803628445,-0.03361834537936374
35,47,82,-0.003336043371236883,711.9194127035275,711.964599609375,711.9160766601562,-0.04851460084319115,0.04517855747195426
36,46,82,-0.12838256372138857,714.2511852980964,714.275390625,714.122802734375,-0.1525827944278717,0.02420023070648314
37,45,82,0.25929764240980147,709.0992228654027,709.0890502929688,709.3585205078125,0.26944500207901,-0.010147359669208544
38,44,82,-0.03245304982177913,707.9866766826343,708.1289672851562,707.9542236328125,-0.17475800216197968,0.14230495234020055
39,43,82,0.06363352060085163,699.2272600340866,699.400634765625,699.2908935546875,-0.10974840074777603,0.17338192134862768
40,42,82,0.07158118846360594,694.1530281865364,694.1682739257812,694.224609375,0.05633879825472832,0.015242390208877618
31,52,83,1.9703796595335006,694.9012023717165,694.9237670898438,696.87158203125,1.9478251934051514,0.022554466128349215
32,51,83,1.7892428296804428,705.704043303132,705.8607177734375,707.4932861328125,1.6325653791427612,0.15667745053768156
33,50,83,1.5295562225580215,713.7344208282233,713.7713012695312,715.2639770507812,1.492717981338501,0.03683824121952051
34,49,83,0.7980145624279976,718.7116900274158,718.66015625,719.5097045898438,0.8495519757270813,-0.05153741329908368
35,48,83,0.029297323760110884,721.4071040434274,721.5509643554688,721.4364013671875,-0.11457160115242004,0.14386892491253092
36,47,83,0.02950092882849276,721.9786167469528,721.7455444335938,722.0081176757812,0.262551486492157,-0.23305055766366423
37,46,83,0.17480168417096137,720.1900054447353,720.043212890625,720.3648071289062,0.3215981125831604,-0.14679642841219903
38,45,83,0.2942434269189835,716.8952707332372,716.9878540039062,717.1895141601562,0.20166920125484467,0.09257422566413881
39,44,83,0.34071728006005286,711.5665092824399,711.613525390625,711.9072265625,0.2936607003211975,0.04705657973885535
40,43,83,0.3030007676035166,704.6199118300527,704.5371704101562,704.9229125976562,0.38572490215301514,-0.08272413454949856
41,42,83,0.24486513484269382,695.4277422870323,695.4560546875,695.672607421875,0.21652129292488098,0.028343841917812834
31,53,84,1.646279412508011,697.7705907046795,697.8320922851562,699.4168701171875,1.5848000049591064,0.06147940754890446
32,52,84,1.6532977402210236,711.0382916152478,711.1040649414062,712.6915893554688,1.587550401687622,0.06574733853340153
33,51,84,1.294487208724022,718.0178296858072,718.02685546875,719.3123168945312,1.285465955734253,0.00902125298976908
34,50,84,1.1713953039050102,727.2515783289075,727.3386840820312,728.4229736328125,1.084346055984497,0.08704924792051316
35,49,84,0.46400241419672966,728.3256704373657,728.3916625976562,728.7896728515625,0.3980304002761841,0.06597201392054558
36,48,84,-0.0249676225008443,732.2473797318759,732.2655639648438,732.222412109375,-0.04317320138216019,0.01820557888131589
37,47,84,0.1791692701727152,728.7169488938898,728.8028564453125,728.8961181640625,0.09325040131807327,0.08591886885464192
38,46,84,0.046885756808333096,728.7909438330354,728.9111328125,728.8378295898438,-0.0733088031411171,0.12019455994945019
39,45,84,0.4277075964212418,721.3108177942038,721.3735961914062,721.738525390625,0.36487919092178345,0.06282840549945834
40,44,84,0.1292848527105525,717.9958982527583,718.1185302734375,718.1251831054688,0.006671600043773651,0.12261325266677886
41,43,84,-0.09032293232157826,706.9792389479466,707.1083374023438,706.888916015625,-0.21942919492721558,0.12910626260563732
31,54,85,1.5700046283006668,701.5272243756056,701.5533447265625,703.0972290039062,1.5438605546951294,0.026144073605537388
32,53,85,1.3431881046295167,714.0077030086518,714.1503295898438,715.3508911132812,1.2005435228347778,0.14264458179473882
33,52,85,1.1693983626365663,723.5552110123634,723.4337158203125,724.724609375,1.290866494178772,-0.1214681315422057
34,51,85,0.9531536731123924,731.6931475964188,731.8758544921875,732.6463012695312,0.7704175114631653,0.18273616164922712
35,50,85,0.6799914917349815,737.2420055785775,737.25537109375,737.9219970703125,0.6666290163993835,0.013362475335597979
36,49,85,0.19013192489743233,739.5865404383838,739.3778686523438,739.7766723632812,0.3988195061683655,-0.20868758127093315
37,48,85,0.07879728795727715,739.3475943136052,739.2825317382812,739.4263916015625,0.1438640058040619,-0.06506671784678474
38,47,85,0.27811226397752764,737.3860112711787,737.4361572265625,737.6641235351562,0.2279594987630844,0.05015276521444323
39,46,85,0.45705787479877474,733.3367653673887,733.3926391601562,733.7938232421875,0.4011690020561218,0.05588887274265292
40,45,85,0.44453243985772134,727.8929919742047,727.943359375,728.3375244140625,0.3941510021686554,0.050381437689065944
41,44,85,0.2981510454416275,720.2510432904959,720.2655029296875,720.5491943359375,0.2837055027484894,0.014445542693138136
42,43,85,0.06670054618269206,710.6822008210048,710.7131958007812,710.7489013671875,0.035679999738931656,0.0310205464437604
32,54,86,1.2883033108711244,718.6589012789726,718.4981689453125,719.9472045898438,1.4490200281143188,-0.16071671724319447
33,53,86,0.944044369161129,727.2788560214639,727.278076171875,728.222900390625,0.9448509812355042,-0.000806612074375157
34,52,86,0.8390152758359909,738.0466048413515,738.0367431640625,738.8856201171875,0.8488736152648926,-0.009858339428901686
35,51,86,0.48321147844195367,742.4171181114018,742.3834838867188,742.9003295898438,0.5168325901031494,-0.033621111661195746
36,50,86,0.28463086221367123,749.3233403291925,749.2345581054688,749.6079711914062,0.3734630048274994,-0.08883214261382816
37,49,86,-0.24090808399021627,747.875612673834,747.9335327148438,747.6347045898438,-0.2988204061985016,0.05791232220828532
38,48,86,0.06662617664784193,748.7817624952272,748.92724609375,748.848388671875,-0.0788675993680954,0.14549377601593733
39,47,86,0.4539217483252287,742.7752042282373,742.9049072265625,743.2291259765625,0.3241801857948303,0.12974156253039837
40,46,86,0.2726817087829113,740.7221303029359,740.8084716796875,740.9948120117188,0.18630219995975494,0.08637950882315637
41,45,86,0.1799696983024478,731.105552762635,731.191162109375,731.2855224609375,0.09431339800357819,0.08565630029886961
42,44,86,-0.2647541221231222,725.2199543174356,725.3856811523438,724.9552001953125,-0.43050500750541687,0.16575088538229465
33,54,87,0.9000580340623856,732.1021392315627,732.005126953125,733.002197265625,0.9970672726631165,-0.09700923860073085
34,53,87,0.6422666969895363,741.887640529573,742.031005859375,742.5299072265625,0.4988960027694702,0.1433706942200661
35,52,87,0.4276413331925869,748.9529739011824,748.7142333984375,749.380615234375,0.6663864850997925,-0.23874515190720558
36,51,87,0.10714530275203288,754.6821613378729,754.7496948242188,754.789306640625,0.03959200158715248,0.0675533011648804
37,50,87,-0.289308999851346,758.0213036287576,757.8556518554688,757.7319946289062,-0.12363409996032715,-0.16567489989101886
38,49,87,-0.15524890389293433,757.4599364038929,757.3555297851562,757.3046875,-0.05085809901356697,-0.10439080487936736
39,48,87,0.2976143491268158,754.473808990717,754.7115478515625,754.7714233398438,0.059876300394535065,0.23773804873228072
40,47,87,0.4923395996540785,750.2737736815959,750.2579345703125,750.76611328125,0.5081585049629211,-0.015818905308842668
41,46,87,0.3678910624235868,743.9739058125764,744.0029296875,744.341796875,0.33886268734931946,0.029028375074267365
42,45,87,-0.02951874419581145,736.137001654352,736.2308959960938,736.1074829101562,-0.12341409921646118,0.09389535502064973
43,44,87,-0.34492906101047993,726.3141063071042,726.2537841796875,725.9691772460938,-0.28460630774497986,-0.06032275326550007
34,54,88,0.6108547100424766,747.5463718524575,747.5604248046875,748.1572265625,0.5968040227890015,0.014050687253475136
35,53,88,0.2873557188361883,753.5145241639763,753.6098022460938,753.8018798828125,0.19208480417728424,0.09527091465890408
36,52,88,0.11212586106732488,761.9204669123702,761.8027954101562,762.0325927734375,0.22980880737304688,-0.117682946305722
37,51,88,-0.4618944968283176,764.0721850241721,763.9381713867188,763.6102905273438,-0.3278551995754242,-0.13403929725289343
38,50,88,-0.42108659163117407,768.4840748728811,768.4684448242188,768.06298828125,-0.405430406332016,-0.015656185299158076
39,49,88,-0.22156856002286077,764.0672716850229,764.0634765625,763.845703125,-0.2177848070859909,-0.003783752936869861
40,48,88,0.3061517621576786,762.6172491167486,762.6109619140625,762.9234008789062,0.31241679191589355,-0.006265029758214968
41,47,88,0.3378769199550152,754.3012222011388,754.371337890625,754.6390991210938,0.26778560876846313,0.07009131118655204
42,46,88,-0.3286078505218029,750.0574286513031,750.1039428710938,749.7288208007812,-0.3751656115055084,0.04655776098370551
43,45,88,-0.6771971261501313,738.3227049386501,738.3053588867188,737.6455078125,-0.6598743796348572,-0.0173227465152741
34,55,89,0.6067875269055366,750.6717158910632,750.7399291992188,751.2785034179688,0.5385888814926147,0.06819864541292187
35,54,89,0.3011838637292385,759.3380373276771,759.2394409179688,759.6392211914062,0.39976221323013306,-0.09857834950089456
36,53,89,-0.014031925162416883,766.6419616126624,766.7186279296875,766.6279296875,-0.09070619940757751,0.07667427424516063
37,52,89,-0.3101838122308254,771.4277985583245,771.1128540039062,771.1176147460938,0.004734499845653772,-0.3149183120764792
38,51,89,-0.6211807887256146,774.7904923121631,774.8271484375,774.1693115234375,-0.657846987247467,0.03666619852185249
39,50,89,-0.4655792689323425,775.379580733776,775.5469970703125,774.9140014648438,-0.6329789757728577,0.16739970684051514
40,49,89,0.2447954646125436,772.0439008244499,771.931396484375,772.2886962890625,0.3573015034198761,-0.11250603880733251
41,48,89,0.29637000907212496,766.8420577253029,766.8968505859375,767.138427734375,0.2415623962879181,0.05480761278420687
42,47,89,-0.021362246228381992,760.4214476954471,760.503662109375,760.4000854492188,-0.10357390344142914,0.08221165721304714
43,46,89,-0.41684914343059065,752.1596469949931,752.1012573242188,751.7427978515625,-0.3584462106227875,-0.058402932807803176
44,45,89,-0.8532659485936165,742.2577459290624,742.29345703125,741.4044799804688,-0.8889639973640442,0.035698048770427704
34,56,90,0.6809784916043281,755.6688139888644,755.6190185546875,756.3497924804688,0.7307519912719727,-0.04977349966764455
35,55,90,0.35728331431746485,763.1992352403701,763.0368041992188,763.5565185546875,0.5197150111198425,-0.16243169680237768
36,54,90,0.002433221017709002,773.2477498844511,773.21337890625,773.2501831054688,0.03680900111794472,-0.03437578010023572
37,53,90,-0.4250175306200981,776.8559257337452,776.8373413085938,776.430908203125,-0.4064579904079437,-0.01855954021215439
38,52,90,-0.41062737300992014,782.7902050097287,782.640380859375,782.3795776367188,-0.2607870101928711,-0.14984036281704904
39,51,90,-0.7135555917024612,782.3748715096713,782.4039916992188,781.6613159179688,-0.7427020072937012,0.029146415591239982
40,50,90,0.011178819935303182,783.9738065316272,783.8972778320312,783.9849853515625,0.08770900219678879,-0.07653018226148561
41,49,90,0.04119250116404146,776.9895081824297,777.00390625,777.0307006835938,0.02676999941468239,0.014422501749359072
42,48,90,-0.18636066179722546,773.667744939141,773.7325439453125,773.4813842773438,-0.2511650025844574,0.06480434078723193
43,47,90,-0.587867928147316,763.5439836508035,763.5023803710938,762.9561157226562,-0.5462999939918518,-0.041567934155464226
44,46,90,-0.8864810588955879,756.9182803753018,756.879150390625,756.0317993164062,-0.8473560214042664,-0.03912503749132157
34,57,91,0.8170762968063354,758.1770032930374,758.4702758789062,758.9940795898438,0.5238237977027893,0.2932524991035461
35,56,91,0.4655157664418221,768.3422845265269,768.215087890625,768.8078002929688,0.59269779920578,-0.12718203276395795
36,55,91,0.044213859350420534,777.2692627031496,777.2994384765625,777.3134765625,0.014077099971473217,0.030136759378947317
37,54,91,-0.33710790932178497,783.6253159171342,783.2881469726562,783.2882080078125,4.890000127488747e-05,-0.33715680932305986
38,53,91,-0.5470300197601319,788.4389367580413,788.4127197265625,787.8919067382812,-0.5208069086074829,-0.02622311115264897
39,52,91,-0.39067601807415486,790.5482687915116,790.3297119140625,790.1575927734375,-0.17213110625743866,-0.2185449118167162
40,51,91,-0.1711667483765632,791.1514523929078,791.0916748046875,790.9802856445312,-0.11135590076446533,-0.05981084761209787
41,50,91,-0.0164615364279598,789.027447864553,789.0517578125,789.010986328125,-0.04074529930949211,0.024283762881532313
42,49,91,-0.12288488565012813,783.8285733622126,783.8402099609375,783.7056884765625,-0.1345026046037674,0.011617718953639264
43,48,91,-0.3677241048961878,776.8381220541149,776.835693359375,776.4703979492188,-0.36527779698371887,-0.0024463079124689147
44,47,91,-0.7810185667872429,768.4351323363185,768.3065185546875,767.6541137695312,-0.652411699295044,-0.12860686749219896
35,57,92,0.6889581978321075,771.5791692435741,771.4119262695312,772.2681274414062,0.8561683893203735,-0.167210191488266
36,56,92,0.14634246078319849,783.2234695509355,783.1660766601562,783.3698120117188,0.2037000060081482,-0.05735754522494971
37,55,92,-0.34988522239029407,788.440400359109,788.3868408203125,788.0905151367188,-0.2963699996471405,-0.05351522274315357
38,54,92,-0.510414095968008,795.9845962248743,795.699462890625,795.4741821289062,-0.22524400055408478,-0.28517009541392324
39,53,92,-0.5693223050236702,796.9022080472112,796.8662109375,796.3328857421875,-0.5333247780799866,-0.03599752694368363
40,52,92,0.2913820306584239,799.8312375982479,799.7263793945312,800.1226196289062,0.3961963951587677,-0.10481436450034382
41,51,92,-0.2826468225568533,796.9419485803694,796.9383544921875,796.6593017578125,-0.27902519702911377,-0.003621625527739536
42,50,92,-0.18145137060433625,796.4644713901356,796.5112915039062,796.2830200195312,-0.22827039659023285,0.0468190259858966
43,49,92,-0.5977944445610046,787.8515175890923,787.8460693359375,787.2537231445312,-0.5923479795455933,-0.00544646501541135
44,48,92,-0.7117934671044349,782.430177256167,782.439208984375,781.7183837890625,-0.7208080291748047,0.00901456207036977
45,47,92,-1.1494268000125885,770.2795537531376,770.354736328125,769.130126953125,-1.22464120388031,0.0752144038677216
46,46,92,-1.1157063204050064,761.3514851289988,761.3524169921875,760.2357788085938,-1.1165939569473267,0.0008876365423202692
35,58,93,0.8661759179830552,776.116245957017,776.1406860351562,776.982421875,0.8417301774024963,0.024445740580558817
36,57,93,0.42740279108285906,786.5207173261047,786.6040649414062,786.9481201171875,0.34400948882102966,0.0833933022618294
37,56,93,-0.19019279841333628,794.5429760015384,794.3056640625,794.352783203125,0.04715630039572716,-0.23734909880906344
38,55,93,-0.5897265848517418,801.0382129129767,800.9892578125,800.448486328125,-0.540737509727478,-0.04898907512426376
39,54,93,-0.489809905141592,804.6619900809228,804.3482055664062,804.1721801757812,-0.17600220441818237,-0.31380770072340963
40,53,93,0.1816553978342563,806.3382420631033,806.4607543945312,806.5198974609375,0.05917489901185036,0.12248049882240594
41,52,93,0.3146505443751812,805.8519754321874,805.7692260742188,806.1666259765625,0.3974043130874634,-0.08275376871228218
42,51,93,-0.2666139579191804,804.4629030204192,804.5810546875,804.1962890625,-0.3847835063934326,0.1181695484742522
43,50,93,-0.40062555998563765,800.6236480209232,800.5977783203125,800.2230224609375,-0.3747726082801819,-0.025852951705455762
44,49,93,-0.6618292284011841,793.5345098924637,793.426025390625,792.8726806640625,-0.5533310770988464,-0.10849815130233764
45,48,93,-0.8969901970028877,784.5583671501279,784.4387817382812,783.661376953125,-0.7773715257644653,-0.1196186712384224
46,47,93,-1.0933265128731728,773.9053992667795,773.6264038085938,772.8120727539062,-0.8143240809440613,-0.27900243192911156
36,58,94,0.6721523097157478,791.8132602879405,791.88720703125,792.4854125976562,0.5982108116149902,0.07394149810075756
37,57,94,0.10903094220906497,798.5790794093534,798.31982421875,798.6881103515625,0.3682464063167572,-0.25921546410769225
38,56,94,-0.47763715729117395,807.9344242666662,807.8204345703125,807.456787109375,-0.3636336028575897,-0.11400355443358423
39,55,94,-0.6484654696285724,810.4789708407224,810.5438232421875,809.8305053710938,-0.7133392095565796,0.06487373992800716
40,54,94,0.21036839922890066,814.8178298429586,814.6793212890625,815.0281982421875,0.3488495945930481,-0.13848119536414744
41,53,94,0.27536003027111294,812.9555359658226,812.9967041015625,813.2308959960938,0.2341683954000473,0.04119163487106564
42,52,94,0.10471734682563692,814.1878851922369,814.2593994140625,814.2926025390625,0.03319460153579712,0.0715227452898398
43,51,94,-0.5975781062245369,809.2658520320058,809.2213134765625,808.6682739257812,-0.5530061721801758,-0.044571934044361106
44,50,94,-0.5445506167411804,806.9545237612724,806.8642578125,806.4099731445312,-0.454228013753891,-0.09032260298728945
45,49,94,-1.0426341345906258,796.3883372595906,796.4058837890625,795.345703125,-1.0602102279663086,0.017576093375682778
46,48,94,-0.9260689291357994,788.7884956869483,788.8182373046875,787.8624267578125,-0.9558207988739014,0.029751869738101955
36,59,95,0.9874078515172005,794.631305527389,794.7696533203125,795.6187133789062,0.8490514755249023,0.1383563759922981
37,58,95,0.5939955937862397,803.8093857538701,803.7186889648438,804.4033813476562,0.6847134828567505,-0.09071788907051082
38,57,95,-0.2931991999596357,812.2313095515221,812.163330078125,811.9381103515625,-0.22521249949932098,-0.06798670046031474
39,56,95,-0.5428133187443018,817.610623377338,817.4716186523438,817.0678100585938,-0.4038180112838745,-0.13899530746042732
40,55,95,-0.27447021294385193,821.1559399395063,821.1412963867188,820.8814697265625,-0.2597779929637909,-0.014692219980061039
41,54,95,0.4513370079547167,821.6158626990765,821.4852905273438,822.0671997070312,0.5819364786148071,-0.13059947066009042
42,53,95,0.22771090514957903,821.3671987628192,821.6285400390625,821.5949096679688,-0.03361399844288826,0.2613249035924673
43,52,95,-0.19789244771003722,819.2785198891163,819.1556396484375,819.0806274414062,-0.07505449652671814,-0.12283795118331908
44,51,95,-0.6145314222574234,815.7478322035074,815.8096923828125,815.13330078125,-0.676406979560852,0.06187555730342864
45,50,95,-0.7157073923945427,810.0277191111445,809.9102172851562,809.31201171875,-0.5982164740562439,-0.11749091833829883
46,49,95,-0.9088688272237778,800.86156658113,800.753173828125,799.9526977539062,-0.8004664778709412,-0.10840234935283666
36,60,96,1.0183955875039101,799.658606365621,799.7637329101562,800.677001953125,0.9132784008979797,0.10511718660593039
37,59,96,0.924309358894825,807.388373746574,807.2540283203125,808.3126831054688,1.0586551427841187,-0.13434578388929364
38,58,96,0.3334518638253212,818.0849441322684,818.0355834960938,818.4183959960938,0.3828063905239105,-0.04935452669858931
39,57,96,-0.4678100322932005,822.7209228252619,822.6649780273438,822.2531127929688,-0.4118824005126953,-0.055927631780505194
40,56,96,-0.25291126100346445,829.0627257141284,828.9915161132812,828.809814453125,-0.18171679973602295,-0.0711944612674415
41,55,96,0.23981954474002123,828.3607053576037,828.3731079101562,828.6005249023438,0.22736720740795135,0.01245233733206988
42,54,96,0.31876456052064894,830.7264624902606,830.7828369140625,831.0452270507812,0.26235198974609375,0.05641257077455519
43,53,96,-0.10359712477773428,827.0434774958715,827.0272827148438,826.9398803710938,-0.08736079931259155,-0.016236325465142726
44,52,96,-0.43494425117969515,826.5165482550859,826.503662109375,826.0816040039062,-0.42204800248146057,-0.01289624869823458
45,51,96,-0.8686272141337394,819.3849236008525,819.3286743164062,818.5162963867188,-0.8123559951782227,-0.05627121895551679
46,50,96,-0.6871414792537689,815.1451492917538,815.0419921875,814.4580078125,-0.5839871764183044,-0.10315430283546445
47,49,96,-1.1857890206575394,802.5794657784701,802.587890625,801.3936767578125,-1.1941688060760498,0.008379785418510366
36,61,97,0.948166908621788,802.4531392437219,802.1768798828125,803.4013061523438,1.2244435548782349,-0.2762766462564469
37,60,97,0.8457258927822113,812.6752702009678,812.4901733398438,813.52099609375,1.030841588973999,-0.1851156961917877
38,59,97,0.8502517655491829,821.5964645430446,821.7693481445312,822.4467163085938,0.6773567199707031,0.1728950455784798
39,58,97,0.26946465254761276,828.6659601521399,828.5217895507812,828.9354248046875,0.4136247932910919,-0.14416014074347916
40,57,97,-0.37110838167369364,834.53620847933,834.5606689453125,834.1651000976562,-0.395565390586853,0.024457008913159384
41,56,97,0.28659184779971836,836.5351854959503,836.4443969726562,836.82177734375,0.37737518548965454,-0.09078333768993618
42,55,97,0.44261114865541457,837.3488927575946,837.60400390625,837.79150390625,0.18751780688762665,0.2550933417677879
43,54,97,0.08657600691076368,836.5935997743393,836.5013427734375,836.68017578125,0.17883619666099548,-0.0922601897502318
44,53,97,-0.3726224035024643,834.5665310949087,834.6151733398438,834.1939086914062,-0.4212503135204315,0.048627910017967235
45,52,97,-0.6142314660549164,830.4068340051174,830.309814453125,829.7926025390625,-0.5172052979469299,-0.09702616810798648
46,51,97,-0.7532935008406639,824.7075781688094,824.7357177734375,823.9542846679688,-0.7814391255378723,0.028145624697208382
47,50,97,-0.8106637808680535,817.1726632925868,817.0515747070312,816.3619995117188,-0.6895737051963806,-0.12109007567167285
48,49,97,-0.9701653382182122,805.9938469788432,806.0992431640625,805.023681640625,-1.0755261182785034,0.10536078006029126
37,61,98,0.6264135339856147,816.4099023839831,816.4114990234375,817.0363159179688,0.6248188018798828,0.0015947321057319108
38,60,98,0.7352701991796493,827.7037556797266,827.682373046875,828.4390258789062,0.7566270232200623,-0.021356824040412947
39,59,98,0.9713402852416039,832.7153662577272,832.766357421875,833.6867065429688,0.9203124046325684,0.051027880609035514
40,58,98,0.605220808237791,840.9531898362934,840.97705078125,841.5584106445312,0.5813568234443665,0.023863984793424553
41,57,98,0.4106921288371086,842.4583874610066,842.4375610351562,842.8690795898438,0.4315432012081146,-0.02085107237100603
42,56,98,0.5097493647038936,846.1390543462336,846.24658203125,846.6488037109375,0.4022282063961029,0.10752115830779074
43,55,98,0.22704295061528681,843.7794267759472,843.7804565429688,844.0064697265625,0.22603939473628998,0.0010035558789968368
44,54,98,-0.33899410322308543,844.8331957633793,844.790771484375,844.4942016601562,-0.2965719997882843,-0.04242210343480113
45,53,98,-0.6472342419624328,839.0601370739937,838.9588012695312,838.4129028320312,-0.5458723902702332,-0.10136185169219969
46,52,98,-0.632858961224556,836.3464820080995,836.3222045898438,835.713623046875,-0.6085901856422424,-0.02426877558231355
47,51,98,-0.9671316277980805,827.255461705923,827.2852783203125,826.288330078125,-0.9969868063926697,0.029855178594589193
48,50,98,-0.6582287365198135,821.1632336193323,821.0729370117188,820.5050048828125,-0.5679394006729126,-0.09028933584690091
37,62,99,0.46241394862532614,821.3112066568434,821.2348022460938,821.7736206054688,0.5388010144233704,-0.07638706579804422
38,61,99,0.3199737410992384,831.7273285049945,831.849853515625,832.0473022460938,0.19747349619865417,0.1225002449005842
39,60,99,0.7436690604686738,839.1093582832814,839.1926879882812,839.85302734375,0.6603137850761414,0.0833552753925324
40,59,99,1.258799078464508,845.1948752379417,845.38330078125,846.4536743164062,1.070425033569336,0.18837404489517207
41,58,99,1.164061979353428,849.3553472003341,849.319580078125,850.5194091796875,1.1997958421707153,-0.03573386281728741
42,57,99,0.814406111240387,852.0696881270409,852.1719970703125,852.8840942382812,0.7120782136917114,0.10232789754867555
43,56,99,0.3580023069679737,852.7698053102196,852.7474365234375,853.1278076171875,0.38036051392555237,-0.022358206957578675
44,55,99,-0.1502204655483365,852.2017341374234,852.2626342773438,852.051513671875,-0.2111068069934845,0.060886341445147985
45,54,99,-0.5150480955839157,849.5322600096464,849.4393920898438,849.0172119140625,-0.42219409346580505,-0.09285400211811068
46,53,99,-0.6889402788877487,845.289831392169,845.25537109375,844.6008911132812,-0.6544867753982544,-0.034453503489494275
47,52,99,-0.7156046009063721,839.1031778430938,839.002685546875,838.3875732421875,-0.6150655746459961,-0.10053902626037603
48,51,99,-0.7113996213674545,831.443699426055,831.43896484375,830.7322998046875,-0.7066665887832642,-0.004733032584190333
37,63,100,0.34274150654673574,824.5801710911095,824.4508666992188,824.9229125976562,0.4720500111579895,-0.12930850461125376
38,62,100,0.21595848159864545,837.3686362449639,837.2200927734375,837.5845947265625,0.36447998881340027,-0.14852150721475482
39,61,100,0.2340017168968916,843.9682687909157,843.9415283203125,844.2022705078125,0.26078999042510986,-0.026788273528218276
40,60,100,1.14369127035141,852.2073219132424,852.2106323242188,853.3510131835938,1.140339970588684,0.0033512997627258567
41,59,100,1.5055533844232558,854.613159994483,854.8468017578125,856.1187133789062,1.2718700170516968,0.23368336737155904
42,58,100,0.939155847132206,860.2552411255241,860.4662475585938,861.1943969726562,0.7281399965286255,0.21101585060358052
43,57,100,0.567172909528017,859.3999291412532,859.5118408203125,859.9671020507812,0.4552600085735321,0.11191290095448492
44,56,100,-0.205564160682261,861.9643532231822,861.9359130859375,861.7587890625,-0.17712999880313873,-0.02843416187912226
45,55,100,-0.469906180202961,857.5754359653592,857.517333984375,857.1055297851562,-0.4118199944496155,-0.05808618575334551
46,54,100,-0.6640724444389343,856.3792824053764,856.3565063476562,855.7152099609375,-0.641319990158081,-0.022752454280853263
47,53,100,-0.8253802341222763,848.5582903903722,848.4994506835938,847.73291015625,-0.766569972038269,-0.0588102620840073
48,52,100,-0.5271198874711991,843.7907307273149,843.7737426757812,843.2636108398438,-0.5101500153541565,-0.016969872117042595
49,51,100,-0.9154831349849701,832.9647995412349,832.9749755859375,832.04931640625,-0.9256500005722046,0.010166865587234453
50,50,100,-0.6159358713030815,825.2229305002094,825.16259765625,824.6069946289062,-0.5555999875068665,-0.06033588379621502
37,64,101,0.31886249378323556,828.9013523499667,828.82373046875,829.22021484375,0.39649468660354614,-0.07763219282031059
38,63,101,0.009755121082998813,840.7931623593857,840.798828125,840.8029174804688,0.0040489002130925655,0.005706220869906247
39,62,101,0.03962044960586354,849.8479527925816,849.7463989257812,849.8875732421875,0.14121949672698975,-0.1015990471211262
40,61,101,0.7468105751276016,857.0735019248724,857.0702514648438,857.8203125,0.7500661015510559,-0.0032555264234542802
41,60,101,1.3535844057798385,861.8864058285951,862.0183715820312,863.239990234375,1.2216144800186157,0.1319699257612228
42,59,101,1.1901826411485672,865.7684965580702,865.864501953125,866.9586791992188,1.0941940546035767,0.09598858654499054
43,58,101,0.7249087217450142,867.7915097352862,867.9067993164062,868.5164184570312,0.6096034049987793,0.1153053167462349
44,57,101,0.11444257345050574,868.6896345749869,868.7379760742188,868.8040771484375,0.0661339983344078,0.04830857511609793
45,56,101,-0.35122413501143457,867.4430210100114,867.409912109375,867.091796875,-0.31813719868659973,-0.03308693632483484
46,55,101,-0.63582264482975,864.6843455940485,864.6472778320312,864.0485229492188,-0.5988044142723083,-0.03701823055744169
47,54,101,-0.7292685458064079,859.8914389559627,859.7672119140625,859.1621704101562,-0.6049965023994446,-0.1242720434069633
48,53,101,-0.5858174282312393,853.4736958462,853.4869384765625,852.8878784179688,-0.5990356802940369,0.013218252062797586
49,52,101,-0.5690644733607769,845.4976533405483,845.4130249023438,844.9285888671875,-0.48442599177360535,-0.08463848158717158
50,51,101,-0.7070819532871246,836.2324115431309,836.3914184570312,835.5253295898438,-0.8661029934883118,0.15902104020118712
37,65,102,0.3572222772985697,831.6712811406702,831.5798950195312,832.0285034179688,0.44858139753341675,-0.09135912023484705
38,64,102,0.10828551119193434,845.8058990591205,845.70458984375,845.9141845703125,0.2096274048089981,-0.10134189361706376
39,63,102,-0.17494949963176623,854.036826941038,853.935546875,853.8618774414062,-0.07365439832210541,-0.10129510130966082
40,62,102,0.5762361823022366,863.6773648919166,863.56201171875,864.2536010742188,0.6916120052337646,-0.11537582293152804
41,61,102,1.1063215678930283,867.3150041157007,867.4964599609375,868.4213256835938,0.9248149991035461,0.18150656878948213
42,60,102,0.8826313665509224,873.8753642389179,873.9767456054688,874.7579956054688,0.7812612056732178,0.10137016087770467
43,59,102,0.8545275631546975,874.0501965579391,874.2064208984375,874.9047241210938,0.6982572078704834,0.15627035528421407
44,58,102,-0.005364364320412278,877.9677667080704,877.9575805664062,877.96240234375,0.004794999957084656,-0.010159364277496934
45,57,102,-0.23845802888274192,874.9315732632577,874.8521728515625,874.693115234375,-0.1590435951948166,-0.07941443368792533
46,56,102,-0.6291459891200065,875.19994677037,875.189453125,874.57080078125,-0.6186473965644836,-0.010498592555522879
47,55,102,-0.7661555850505829,868.7466853702068,868.7508544921875,867.9805297851562,-0.770330011844635,0.004174426794052111
48,54,102,-0.5571205262839795,865.3362953309714,865.3814697265625,864.7791748046875,-0.6022843718528748,0.0451638455688953
49,53,102,-0.6808622300624847,855.6457670152188,855.6343383789062,854.9649047851562,-0.6694337725639343,-0.01142845749855037
50,52,102,-0.35301424473524096,849.1426260611415,849.0919799804688,848.7896118164062,-0.3023926019668579,-0.050621642768383046
39,64,103,-0.08562832583673298,859.1818197320868,859.291259765625,859.09619140625,-0.19506080448627472,0.10943247864954174
40,63,103,0.303853618837893,868.0190223577246,867.8609008789062,868.3228759765625,0.4620288908481598,-0.15817527201026677
41,62,103,0.8459664511680604,874.2006033730507,874.2982177734375,875.0465698242188,0.7484040260314941,0.09756242513656621
42,61,103,0.7513217496871948,879.3309536409378,879.4415283203125,880.082275390625,0.6407784223556519,0.11054332733154293
43,60,103,0.6436814904212952,882.2773390173912,882.3087768554688,882.9210205078125,0.612236499786377,0.031444990634918235
44,59,103,0.3624689619243145,884.173236604482,884.1896362304688,884.5357055664062,0.346043199300766,0.0164257626235485
45,58,103,-0.10067710509523749,884.2090755425952,884.171875,884.1083984375,-0.06344810128211975,-0.037229003813117736
46,57,103,-0.4867546145617962,882.8828727786243,882.8147583007812,882.3961181640625,-0.41868188977241516,-0.06807272478938103
47,56,103,-0.69601931899786,879.4928332838416,879.378173828125,878.7968139648438,-0.5813559889793396,-0.11466333001852036
48,55,103,-0.556465999931097,874.4119957850874,874.4447631835938,873.8555297851562,-0.5892341136932373,0.03276811376214028
49,54,103,-0.47903342768549917,867.6612233690918,867.6431274414062,867.1821899414062,-0.46094968914985657,-0.0180837385356426
40,64,104,0.4381206551194191,873.8840839347243,873.8408813476562,874.3222045898438,0.48134639859199524,-0.04322574347257613
41,63,104,0.7032712584733963,879.1336428040266,879.15185546875,879.8369140625,0.6850472092628479,0.018224049210548432
42,62,104,0.4837233778834343,886.9208786728979,886.9022827148438,887.4046020507812,0.5023447871208191,-0.01862140923738481
43,61,104,0.556384716629982,888.3328975099325,888.275146484375,888.8892822265625,0.6141719818115234,-0.057787265181541425
44,60,104,0.10088230280205607,893.0821010956355,893.089599609375,893.1829833984375,0.09342080354690552,0.00746149925515055
45,59,104,0.05179054100532085,891.2079140488385,891.1708374023438,891.2597045898438,0.08888959884643555,-0.037099057841114697
46,58,104,-0.4934223271906376,892.8657978154719,892.82421875,892.3723754882812,-0.4518440067768097,-0.04157832041382792
47,57,104,-0.6446119931340217,887.776692071259,887.7632446289062,887.132080078125,-0.6311399936676025,-0.013471999466419193
48,56,104,-0.5863540881872177,885.747181724906,885.8328247070312,885.1608276367188,-0.6720128059387207,0.08565871775150302
49,55,104,-0.5803048124909401,877.2778145781159,877.2647705078125,876.697509765625,-0.567251980304718,-0.013052832186222108
50,54,104,-0.25614320289343595,872.0013214255497,871.9267578125,871.7451782226562,-0.18158559501171112,-0.07455760788172483
52,52,104,-0.6515190225839614,848.3171074014903,848.3618774414062,847.6655883789062,-0.6962624192237854,0.04474339663982396
40,65,105,0.4278271280229092,877.5876758016645,877.6527709960938,878.0155029296875,0.36270999908447266,0.06511712893843652
41,64,105,0.6825883546471596,885.3116133055091,885.3276977539062,885.9942016601562,0.6664875149726868,0.016100839674472844
42,63,105,0.4445975810289383,891.8722969502211,891.9606323242188,892.31689453125,0.3562850058078766,0.08831257522106173
43,62,105,0.3262976486235857,896.0792809646576,896.1337890625,896.4055786132812,0.271822988986969,0.054474659636616685
44,61,105,0.23577628821134566,899.0795313289761,898.9996948242188,899.3153076171875,0.3156319856643677,-0.07985569745302201
45,60,105,0.07139877094421536,900.0695924399932,900.134033203125,900.1409912109375,0.006943500135093927,0.06445527080912143
46,59,105,-0.23367714628577232,899.9603617165983,899.9183349609375,899.7266845703125,-0.19164450466632843,-0.042032641619443895
47,58,105,-0.5504576519131661,897.9298521831631,897.7889404296875,897.37939453125,-0.4095340073108673,-0.14092364460229878
48,57,105,-0.530721313804388,894.2647911380232,894.2695922851562,893.7340698242188,-0.5354859828948975,0.0047646690905094324
49,56,105,-0.4527798430621624,888.759603573531,888.7939453125,888.3068237304688,-0.48717251420021057,0.03439267113804817
50,55,105,-0.315268080458045,881.845785658583,881.7090454101562,881.530517578125,-0.1785449981689453,-0.13672308228909968
51,54,105,-0.5306088650226592,871.597808572054,871.6041870117188,871.0671997070312,-0.5369914770126343,0.006382611989975029
52,53,105,-0.7313135647773743,859.6432398343086,859.6178588867188,858.9119262695312,-0.7059640288352966,-0.025349535942077672
41,65,106,0.7294956451654434,889.6870082610845,889.6861572265625,890.41650390625,0.7303357720375061,-0.0008401268720626964
42,64,106,0.3915803937613964,898.7976285906136,898.8291625976562,899.189208984375,0.36005881428718567,0.03152157947421075
43,63,106,0.29343586310744285,901.6864835704863,901.695068359375,901.9799194335938,0.28485798835754395,0.008577874749898906
44,62,106,0.016178427692502738,907.4654499902763,907.459716796875,907.4816284179688,0.021896399557590485,-0.005717971865087747
45,61,106,0.15477642212063075,906.7175380310043,906.7167358398438,906.872314453125,0.15553979575634003,-0.0007633736357092746
46,60,106,-0.2951819389313459,909.4871985404939,909.4793090820312,909.1920166015625,-0.2873004078865051,-0.007881531044840795
47,59,106,-0.4083170713484287,905.6760172666609,905.7318115234375,905.2677001953125,-0.4641081988811493,0.055791127532720586
48,58,106,-0.5742581912875175,905.0706571170688,905.1392211914062,904.4963989257812,-0.6428151726722717,0.06855698138475419
49,57,106,-0.5189340989291668,897.866041032523,897.8328857421875,897.3471069335938,-0.4857577979564667,-0.03317630097270008
50,56,106,-0.25877558141946794,893.8416002884508,893.7960815429688,893.5828247070312,-0.21325980126857758,-0.04551578015089036
51,55,106,-0.645866659283638,882.0003588467837,882.13330078125,881.3544921875,-0.7788143754005432,0.13294771611690526
52,54,106,-0.6457061061263084,873.1319121608138,873.097412109375,872.4862060546875,-0.6112291812896729,-0.03447692483663556
41,66,107,0.8534530726075172,895.2763687047362,895.2786254882812,896.1298217773438,0.8511914014816284,0.00226167112588882
42,65,107,0.4720652909576893,903.2374073652923,903.3174438476562,903.70947265625,0.39206698536872864,0.07999830558896065
43,64,107,0.22538873925805092,908.797804620117,908.7400512695312,909.023193359375,0.2831246852874756,-0.05773594602942467
44,63,107,0.06615550171816721,913.1327580725006,913.0703125,913.1989135742188,0.12856680154800415,-0.06241129982983694
45,62,107,0.05433703088900074,915.1982874808298,915.2891235351562,915.2526245117188,-0.03652799874544144,0.09086502963444218
46,61,107,-0.010262723785126581,916.1175625284726,916.0157470703125,916.1072998046875,0.09157779812812805,-0.10184052191325463
47,60,107,-0.2842794789373875,915.2682882679999,915.2674560546875,914.9840087890625,-0.2834284007549286,-0.0008510781824588864
48,59,107,-0.44098844423890116,913.0456637372076,913.0687255859375,912.6046752929688,-0.46400681138038635,0.023018367141485196
49,58,107,-0.4679750069975853,908.8613465890288,908.8626708984375,908.3933715820312,-0.46929728984832764,0.0013222828507423179
50,57,107,-0.3191543847322464,903.1932388573885,903.0259399414062,902.8740844726562,-0.15182219445705414,-0.16733219027519225
51,56,107,-0.48322157338261607,894.3040223546326,894.3845825195312,893.82080078125,-0.5637807846069336,0.08055921122431753
41,67,108,0.9964701712131501,899.2056172311306,899.1713256835938,900.2020874023438,1.030776858329773,-0.03430668711662288
42,66,108,0.541747914403677,909.6130372418463,909.5930786132812,910.15478515625,0.5617251992225647,-0.01997728481888772
43,65,108,0.2613325331360102,913.9621782090514,913.9842529296875,914.2235107421875,0.23924240469932556,0.02209012843668462
44,64,108,-0.035726388550829144,920.9478967987071,920.9404907226562,920.9121704101562,-0.028283599764108658,-0.007442788786720486
45,63,108,0.09878729155287147,921.4901409311034,921.5278930664062,921.5889282226562,0.0610044002532959,0.03778289129957557
46,62,108,-0.1338885090313852,925.2275164387189,925.2385864257812,925.0936279296875,-0.1450027972459793,0.01111428821459412
47,61,108,-0.08220359350671061,922.5385024216317,922.538818359375,922.456298828125,-0.08252959698438644,0.0003260034776758347
48,60,108,-0.4590714463591576,923.3200943955779,923.402099609375,922.8610229492188,-0.5411167740821838,0.08204532772302625
49,59,108,-0.4525003473460674,917.4462137262523,917.4871826171875,916.9937133789062,-0.4934728145599365,0.0409724672138691
50,58,108,-0.35806341364979744,914.750458433181,914.6549682617188,914.3923950195312,-0.26254838705062866,-0.09551502659916877
51,57,108,-0.5638727794587612,904.186980689615,904.2479858398438,903.6231079101562,-0.6248927712440491,0.06101999178528783
52,56,108,-0.6512820637226104,896.7840945637226,896.802001953125,896.1328125,-0.6691867709159851,0.01790470719337467
54,54,108,-1.108055186867714,872.1442490345239,872.0879516601562,871.0361938476562,-1.0517687797546387,-0.05628640711307531
41,68,109,1.1376323807239532,904.3547382247448,904.3872680664062,905.4923706054688,1.1051536798477173,0.032478700876235944
42,67,109,0.7148167195916176,913.5892604288459,913.5744018554688,914.3040771484375,0.7297232747077942,-0.014906555116176556
43,66,109,0.29596606314182283,920.5208063977957,920.4155883789062,920.8167724609375,0.4012235999107361,-0.10525753676891325
44,65,109,0.03963258361443877,926.1958410491981,926.0888671875,926.2354736328125,0.14664800465106964,-0.10701542103663086
45,64,109,-0.0016351385205052792,929.4968133611768,929.5673217773438,929.4951782226562,-0.0721035972237587,0.07046845870325341
46,63,109,0.09126267580315471,931.5026093945094,931.3922119140625,931.5938720703125,0.20170749723911285,-0.11044482143595814
47,62,109,-0.0068677561986260115,931.6794751780736,931.7227783203125,931.672607421875,-0.05018949881196022,0.043321742613334206
48,61,109,-0.2303056124597788,930.7636308077723,930.725341796875,930.5333251953125,-0.19204139709472656,-0.03826421536505223
49,60,109,-0.43170903459191323,927.9477002455294,927.92822265625,927.5159912109375,-0.41219431161880493,-0.0195147229731083
50,59,109,-0.37137714475393296,923.5960475549102,923.2864990234375,923.2246704101562,-0.0617946982383728,-0.30958244651556016
51,58,109,-0.4915848219394684,916.0089798414707,916.1249389648438,915.5173950195312,-0.6075549125671387,0.11597009062767027
52,57,109,-0.6096269932389259,906.8997270908952,906.8070068359375,906.2901000976562,-0.5169245004653931,-0.09270249277353282
53,56,109,-0.9001059889793396,896.1518760085106,895.9818115234375,895.2517700195312,-0.729987621307373,-0.17011836767196653
54,55,109,-1.1349600410461427,883.7274893379212,883.6964721679688,882.592529296875,-1.1039738655090332,-0.030986175537109473
41,69,110,1.290531373023987,907.9391439199447,908.0786743164062,909.2296752929688,1.151023030281067,0.13950834274292
42,68,110,0.8758084830641747,919.4645845833421,919.522216796875,920.3403930664062,0.8181700110435486,0.05763847202062611
43,67,110,0.4014285309612751,925.2606808440387,925.2386474609375,925.662109375,0.4234670102596283,-0.022038479298353175
44,66,110,0.01739727160136681,933.5004249940237,933.4943237304688,933.517822265625,0.023446999490261078,-0.0060497278888942685
45,65,110,0.052224594838917254,935.4042573387549,935.4680786132812,935.4564819335938,-0.011560999788343906,0.06378559462726116
46,64,110,-0.046493037012405695,940.1736903026374,940.1879272460938,940.127197265625,-0.06072999909520149,0.014236962082795797
47,63,110,0.19451890401542188,938.5573731858283,938.531982421875,938.7518920898438,0.21992099285125732,-0.025402088835835446
48,62,110,-0.2687867271155119,940.583361922428,940.6403198242188,940.3145751953125,-0.32570499181747437,0.056918264701962484
49,61,110,-0.311551091298461,936.0158357592672,935.97998046875,935.7042846679688,-0.2756569981575012,-0.03589409314095976
50,60,110,-0.4318993952870369,934.6768945124745,934.5696411132812,934.2449951171875,-0.3246249854564667,-0.10727440983057024
51,59,110,-0.49711144775152205,925.367838986814,925.39501953125,924.8707275390625,-0.5243309736251831,0.027219525873661055
52,58,110,-0.6563481652736664,919.35172170043,919.3927612304688,918.6953735351562,-0.6973599791526794,0.04101181387901309
53,57,110,-0.9256359085440635,906.8137584671379,906.8484497070312,905.8881225585938,-0.9603369832038879,0.034701074659824416
54,56,110,-1.156078805923462,897.6128659152985,897.5208740234375,896.456787109375,-1.064087986946106,-0.09199081897735595
42,69,111,1.1613554114103317,922.9713350182772,922.99755859375,924.1326904296875,1.1351548433303833,0.026200568079948416
43,68,111,0.5071530999243259,931.3182253180444,931.300048828125,931.8253784179688,0.5253434181213379,-0.018190318197012
44,67,111,0.13564898373559117,938.3294389068894,938.2783813476562,938.465087890625,0.18673980236053467,-0.051090818624943496
45,66,111,0.008960304160136729,942.9008297349023,943.0145874023438,942.9097900390625,-0.1047637015581131,0.11372400571824982
46,65,111,0.12479403449222445,946.1087264733203,945.9142456054688,946.2335205078125,0.3192721903324127,-0.19447815584018827
47,64,111,0.16492347232997417,947.3322689104825,947.3614501953125,947.4971923828125,0.13575419783592224,0.029169274494051933
48,63,111,0.030521899419254622,947.5463823974558,947.6159057617188,947.576904296875,-0.03899110108613968,0.0695130005053943
49,62,111,-0.2870163121819496,946.0196212926508,945.9733276367188,945.7326049804688,-0.2407463937997818,-0.04626991838216782
50,61,111,-0.3517540213465691,943.0020836111903,942.737548828125,942.6503295898438,-0.08724100142717361,-0.26451301991939546
51,60,111,-0.4744158644974232,936.7043963332475,936.8533325195312,936.22998046875,-0.6233533024787903,0.1489374379813671
52,59,111,-0.5479851999878883,928.9166985788942,928.82177734375,928.3687133789062,-0.4530484974384308,-0.09493670254945752
53,58,111,-0.816762869656086,919.5041407993435,919.4057006835938,918.6873779296875,-0.7183073163032532,-0.09845555335283285
43,69,112,0.7773155495524406,935.5513587668538,935.6056518554688,936.3286743164062,0.7230696082115173,0.05424594134092331
44,68,112,0.14755804289132357,945.1858159805462,945.1952514648438,945.3333740234375,0.13817280530929565,0.009385237582027917
45,67,112,0.0982673255354166,948.4148552330583,948.5130615234375,948.5131225585938,4.0800001443130895e-05,0.09822652553397347
46,66,112,0.02238053801469505,954.3114207315166,954.3206787109375,954.3338012695312,0.013104000128805637,0.009276537885889412
47,65,112,0.34800964266061785,953.8545050057769,953.801025390625,954.2025146484375,0.4014616012573242,-0.05345195859670637
48,64,112,-0.07141101830638945,956.9786375808064,957.0098266601562,956.9072265625,-0.10262720286846161,0.03121618456207216
49,63,112,-0.09481443625874818,953.6286889479775,953.6427612304688,953.5338745117188,-0.10884880274534225,0.014034366486594077
50,62,112,-0.40281746938824653,953.604416590482,953.5253295898438,953.2015991210938,-0.32371678948402405,-0.07910067990422248
51,61,112,-0.38798119992017743,945.5513112780452,945.6868896484375,945.163330078125,-0.5235959887504578,0.13561478883028033
52,60,112,-0.6030198377370835,940.8510056775808,940.8731079101562,940.2479858398438,-0.6251024007797241,0.02208256304264067
53,59,112,-0.7648409700393677,929.6135348176956,929.5865478515625,928.8486938476562,-0.7378712296485901,-0.026969740390777597
54,58,112,-1.1185348010063172,921.860905406475,921.7672119140625,920.7423706054688,-1.024835228919983,-0.09369957208633428
43,70,113,0.9617920413613319,941.1171874508261,941.2295532226562,942.0789794921875,0.8494324088096619,0.11235963255167003
44,69,113,0.35964043520390987,949.5600372991711,949.5034790039062,949.919677734375,0.4162158966064453,-0.05657546140253544
45,68,113,0.10929202191531658,955.4240942085535,955.6202392578125,955.5333862304688,-0.08686450123786926,0.19615652315318582
46,67,113,0.19892909403890371,959.8651578200236,959.6614990234375,960.0640869140625,0.4026165008544922,-0.20368740681558847
47,66,113,0.27914902605116365,962.2166395481676,962.3154296875,962.4957885742188,0.18034200370311737,0.09880702234804628
48,65,113,0.2515200769901276,963.5269833409786,963.549560546875,963.7785034179688,0.22892379760742188,0.022596279382705697
49,64,113,-0.0895619237050414,963.1837391697987,963.091064453125,963.0941772460938,0.0031439000740647316,-0.09270582377910613
50,63,113,-0.22698626674711705,961.4309047237783,961.2697143554688,961.2039184570312,-0.06582210212945938,-0.16116416461765767
51,62,113,-0.3754883746802807,956.3941040973365,956.5762329101562,956.0186157226562,-0.5576105713844299,0.18212219670414925
52,61,113,-0.41659252807497976,949.883877684325,949.7239379882812,949.46728515625,-0.25663578510284424,-0.15995674297213552
53,60,113,-0.6695626309514046,941.7555611661077,941.7140502929688,941.0859985351562,-0.6280664205551147,-0.04149621039628981
54,59,113,-0.9423389047384262,932.1850146859884,932.0158081054688,931.24267578125,-0.7731301188468933,-0.16920878589153288
55,58,113,-1.2653370434045792,920.9237232738733,920.7943725585938,919.6583862304688,-1.1359989643096924,-0.12933807909488682
43,71,114,1.2857427936792374,945.1175775188208,945.089599609375,946.4033203125,1.313671350479126,-0.027928556799888593
44,70,114,0.43023496568202974,955.9597796827554,955.92822265625,956.3900146484375,0.46179860830307007,-0.03156364262104033
45,69,114,0.28034811351448297,960.5113388982043,960.6349487304688,960.7916870117188,0.15678060054779053,0.12356751296669244
46,68,114,0.12700081011280417,967.6223888383247,967.6326293945312,967.7493896484375,0.11676160246133804,0.010239207651466131
47,67,114,0.501099888086319,968.341978725195,968.290771484375,968.8430786132812,0.5523396134376526,-0.05123972535133359
48,66,114,0.12751915872097017,972.5512528139353,972.592529296875,972.6787719726562,0.08626099675893784,0.04125816196203233
49,65,114,0.1815389028377831,970.3449503549747,970.3650512695312,970.5264892578125,0.16144120693206787,0.020097695905715224
50,64,114,-0.275445586591959,971.5866638483108,971.5726318359375,971.3112182617188,-0.26144939661026,-0.013996189981698992
51,63,114,-0.21312774758785963,964.7690359507128,964.7271728515625,964.555908203125,-0.17127740383148193,-0.041850343756377695
52,62,114,-0.4704429630935192,961.3210289005935,961.337890625,960.8505859375,-0.4872890114784241,0.016846048384904888
53,61,114,-0.5630527843534946,951.3643223156035,951.3048095703125,950.80126953125,-0.5035060048103333,-0.05954677954316134
54,60,114,-1.0305739924311639,944.9985915705562,944.9694213867188,943.968017578125,-1.0014156103134155,-0.02915838211774835
55,59,114,-1.2310330909490586,931.8457181495428,931.787109375,930.6146850585938,-1.1724053621292114,-0.058627728819847125
56,58,114,-1.6146907168626785,922.2600764590502,922.2242431640625,920.6453857421875,-1.5788609981536865,-0.03582971870899199
44,71,115,0.7566876864433288,959.9776262784004,959.8836059570312,960.7343139648438,0.8506900072097778,-0.09400232076644899
45,70,115,0.3475002754479647,967.0455050956458,967.2251586914062,967.3930053710938,0.1678130030632019,0.1796872723847628
46,69,115,0.35610874556005,972.75961391069,972.639404296875,973.11572265625,0.476267009973526,-0.12015826441347599
47,68,115,0.4420690241456032,976.2603235539794,976.4138793945312,976.702392578125,0.2885405123233795,0.15352851182222366
48,67,115,0.47374884992837907,978.7023375758529,978.7333984375,979.1760864257812,0.4427019953727722,0.03104685455560685
49,66,115,0.15600034765899182,979.4837701601535,979.4029541015625,979.6397705078125,0.23687200248241425,-0.08087165482342243
50,65,115,-0.005386263417312876,978.9339140954486,979.1181030273438,978.9285278320312,-0.1895730048418045,0.18418674142449162
51,64,115,-0.21377302519977093,975.1470005642623,975.3052978515625,974.9332275390625,-0.3720940053462982,0.1583209801465273
52,63,115,-0.21635063622146844,969.8562432143465,969.582275390625,969.639892578125,0.057603999972343445,-0.2739546361938119
53,62,115,-0.4756593741476536,962.9842653311789,963.0750122070312,962.5086059570312,-0.5663865208625793,0.09072714671492577
54,61,115,-0.7873514023423195,954.7756326523423,954.611572265625,953.98828125,-0.6232960224151611,-0.16405537992715835
44,72,116,0.7036745703220367,965.895934804678,965.9185180664062,966.599609375,0.681056022644043,0.02261854767799376
45,71,116,0.598234356045723,971.7780473822355,971.8030395507812,972.3762817382812,0.5732731819152832,0.024961174130439745
46,70,116,0.26197817601263523,980.1380462380498,980.115966796875,980.4000244140625,0.28404200077056885,-0.022063824757933614
47,69,116,0.6801113730669022,982.0255771034956,982.0452270507812,982.7056884765625,0.660453200340271,0.019658172726631173
48,68,116,0.33830943539738656,987.3241051153839,987.4327392578125,987.6624145507812,0.2296724021434784,0.10863703325390817
49,67,116,0.5414115099608898,986.1777047009766,986.1876831054688,986.7191162109375,0.5314468145370483,0.009964695423841485
50,66,116,-0.04441988046397455,988.6551986890577,988.6815185546875,988.6107788085938,-0.07072559744119644,0.026305716977221894
51,65,116,0.025823986870236695,983.0646911498485,983.1951904296875,983.0905151367188,-0.10471279919147491,0.1305367860617116
52,64,116,-0.29530035115778447,980.8485230074078,980.8546752929688,980.55322265625,-0.30144599080085754,0.006145639643073075
53,63,116,-0.33044489040970804,972.1323247732222,972.2291259765625,971.8018798828125,-0.42725279927253723,0.0968079088628292
54,62,116,-0.916167243719101,967.1087941968441,967.0730590820312,966.192626953125,-0.880433976650238,-0.03573326706886293
44,73,117,0.9219891211390495,969.4389117577672,969.4108276367188,970.3609008789062,0.9500874876976013,-0.0280983665585518
45,72,117,0.5588232596218586,977.7937768380344,978.0353393554688,978.3526000976562,0.3172377943992615,0.24158546522259716
46,71,117,0.47263720601797105,984.942645997107,984.7801513671875,985.415283203125,0.6351569294929504,-0.1625197234749794
47,70,117,0.5362104111909867,989.609785682559,989.7557983398438,990.14599609375,0.3901745080947876,0.14603590309619907
48,69,117,0.6632118791341781,993.1345176130533,993.2099609375,993.7977294921875,0.5877419710159302,0.07546990811824794
49,68,117,0.47130015477538106,994.9290904702247,994.9522705078125,995.400390625,0.4481599032878876,0.02314025148749349
50,67,117,0.3560002898424864,995.5030695343762,995.6246337890625,995.8590698242188,0.23449599742889404,0.12150429241359234
51,66,117,0.03330436647403985,992.9765222936823,993.0841064453125,993.0098266601562,-0.07427769899368286,0.10758206546772271
52,65,117,-0.0010614317492581905,988.9325799864367,988.7576904296875,988.9315185546875,0.17382490634918213,-0.1748863380984403
53,64,117,-0.2695861196517944,983.274774107933,983.3184204101562,983.0051879882812,-0.31319189071655273,0.043605771064758325
54,63,117,-0.6319597563147545,976.3908708891272,976.2828369140625,975.7589111328125,-0.5239192247390747,-0.10804053157567983
55,62,117,-1.1537246054410935,967.9032973593473,967.8082275390625,966.7495727539062,-1.0586284399032593,-0.09509616553783418
56,61,117,-1.684736533164978,958.0110304784774,957.9906616210938,956.3262939453125,-1.6643881797790527,-0.020348353385925222
45,73,118,0.7453852546215057,982.0685185539722,982.0967407226562,982.8139038085938,0.7171397805213928,0.02824547410011291
46,72,118,0.28952933371067047,991.8000702756643,991.81591796875,992.089599609375,0.27367541193962097,0.015853921771049495
47,71,118,0.6571145558357239,995.0922140574455,995.1990356445312,995.7493286132812,0.550279974937439,0.1068345808982849
48,70,118,0.4110141964256763,1001.4729579715431,1001.5645141601562,1001.8839721679688,0.31946998834609985,0.09154420807957647
49,69,118,0.8148341515660286,1001.3228611609339,1001.3087158203125,1002.1376953125,0.8289939761161804,-0.014159824550151856
50,68,118,0.3048796984553337,1004.8275055554509,1004.9510498046875,1005.1323852539062,0.18137620389461517,0.12350349456071852
51,67,118,0.3846845061331987,1000.4184160798043,1000.5120239257812,1000.8031005859375,0.2910591959953308,0.0936253101378679
52,66,118,-0.09391586496494711,999.4857005329337,999.4242553710938,999.3917846679688,-0.0324460007250309,-0.06146986423991621
53,65,118,-0.09802880881354213,991.9915224611573,991.9221801757812,991.8934936523438,-0.028695400804281235,-0.0693334080092609
54,64,118,-0.7835403808951378,988.2507645019889,988.2478637695312,987.4672241210938,-0.7806642055511475,-0.002876175343990317
55,63,118,-1.0951814544200897,977.8850984466076,977.7958374023438,976.7899169921875,-1.0059254169464111,-0.0892560374736786
45,74,119,0.6428129124641419,987.9223726344109,988.1040649414062,988.565185546875,0.46115928888320923,0.18165362358093262
46,73,119,0.4654176437854767,996.157507160902,995.9061889648438,996.6229248046875,0.7167314291000366,-0.25131378531455995
47,72,119,0.39308770015835764,1002.1684967724979,1002.3623046875,1002.5615844726562,0.1993006020784378,0.19378709807991984
48,71,119,0.5730072711408138,1006.9583037640155,1006.9111328125,1007.5313110351562,0.6201661229133606,-0.04715885177254675
49,70,119,0.5700392077863217,1009.8319383312762,1009.8505249023438,1010.4019775390625,0.5514947175979614,0.01854449018836024
50,69,119,0.6723007616400719,1011.351380878985,1011.4344482421875,1012.023681640625,0.5892214179039001,0.08307934373617176
51,68,119,0.39888573601841926,1009.8815097717941,1010.0626831054688,1010.2803955078125,0.21770580112934113,0.18117993488907813
52,67,119,0.25121097318828106,1007.1239110971242,1006.9873657226562,1007.3751220703125,0.3877584934234619,-0.13654752023518085
53,66,119,-0.09398677992634476,1002.7067797486764,1002.8001708984375,1002.61279296875,-0.1873956024646759,0.09340882253833115
54,65,119,-0.4955612100660801,997.0930343545973,997.0346069335938,996.5974731445312,-0.4370979964733124,-0.05846321359276774
55,64,119,-1.039159034192562,989.8473865732551,989.7628173828125,988.8082275390625,-0.9546293020248413,-0.08452973216772075
56,63,119,-1.661099105477333,981.3340117031336,981.2655029296875,979.6729125976562,-1.5926152467727661,-0.06848385870456686
46,74,120,0.29173372335731984,1002.7944479172677,1002.8497924804688,1003.086181640625,0.23639599978923798,0.055337723568081865
47,73,120,0.4440531197190285,1007.320839458406,1007.4393920898438,1007.764892578125,0.32552799582481384,0.11852512389421466
48,72,120,0.14188797601498662,1014.8667179810162,1014.962890625,1015.0086059570312,0.04571999981999397,0.09616797619499265
49,71,120,0.709543741941452,1015.8807272541522,1015.950927734375,1016.5902709960938,0.6394000053405762,0.0701437366008758
50,70,120,0.4349612562358379,1020.4650631578266,1020.53857421875,1020.9000244140625,0.3614400029182434,0.07352125331759451
51,69,120,0.7024502149224281,1017.0182529100775,1017.0756225585938,1017.720703125,0.6450999975204468,0.05735021740198132
52,68,120,0.17867302652448416,1017.2207410359755,1017.23828125,1017.3994140625,0.16111600399017334,0.017557022534310823
53,67,120,0.13013132840860636,1010.9809526559663,1010.8409423828125,1011.111083984375,0.2701599895954132,-0.14002866118680685
54,66,120,-0.6420444846153259,1008.4708408713341,1008.48388671875,1007.8287963867188,-0.6550639867782593,0.01301950216293335
55,65,120,-0.9792251926660538,999.3996963840723,999.417724609375,998.4204711914062,-0.9972320199012756,0.018006827235221845
56,64,120,-1.6511837661266326,993.8183590590954,993.6353759765625,992.1671752929688,-1.4681880474090576,-0.18299571871757503
45,76,121,0.7859204599261284,997.6218554189801,997.6740112304688,998.4077758789062,0.7337962985038757,0.052124161422252624
46,75,121,0.4932954543828964,1006.9572050338984,1006.8238525390625,1007.4505004882812,0.6266335844993591,-0.13333813011646273
47,74,121,0.23721233539283276,1014.1119697935134,1014.2620239257812,1014.3491821289062,0.08719740062952042,0.15001493476331235
48,73,121,0.2196078859269619,1020.0922817625105,1020.150634765625,1020.3118896484375,0.16123880445957184,0.05836908146739006
49,72,121,0.19976604659110309,1024.0318013362214,1024.1290283203125,1024.2315673828125,0.10251930356025696,0.09724674303084613
50,71,121,0.553884601444006,1026.588449382931,1026.708740234375,1027.142333984375,0.4335356056690216,0.12034899577498437
51,70,121,0.5280285009741783,1026.2410144677758,1026.3289794921875,1026.76904296875,0.44005459547042847,0.08797390550374984
52,69,121,0.4853810065984726,1024.511323094964,1024.4906005859375,1024.9967041015625,0.5061439275741577,-0.020762920975685106
53,68,121,0.11901967141777277,1021.2434070863948,1021.4107666015625,1021.3624267578125,-0.048343099653720856,0.1673627710714936
54,67,121,-0.3200016662478447,1016.8580876037479,1016.86376953125,1016.5380859375,-0.3256446123123169,0.005642946064472187
55,66,121,-0.8875116282701492,1010.8182977610827,1010.7027587890625,1009.9307861328125,-0.771939218044281,-0.11557241022586817
56,65,121,-1.5326514798402786,1003.5741553860903,1003.5629272460938,1002.04150390625,-1.5214042663574219,-0.011247213482856733
46,76,122,0.38862782463431356,1013.3191968823969,1013.3290405273438,1013.7078247070312,0.3787890076637268,0.00983881697058675
47,75,122,0.33146674029529094,1019.066055232361,1019.03662109375,1019.3975219726562,0.3608897924423218,-0.029423052147030837
48,74,122,-0.12427164289169014,1027.7014200803917,1027.760498046875,1027.5771484375,-0.18333740532398224,0.0590657624322921
49,73,122,0.2769664633274078,1029.897960294485,1029.9371337890625,1030.1749267578125,0.23773619532585144,0.03923026800155638
50,72,122,0.03729098905576393,1035.3783584250068,1035.5234375,1035.4156494140625,-0.10780960321426392,0.14510059227002786
51,71,122,0.5898132003843785,1033.0564270339905,1033.13525390625,1033.646240234375,0.5109915733337402,0.07882162705063822
52,70,122,0.28822389610111715,1034.3088220023365,1034.33203125,1034.5970458984375,0.2649570107460022,0.023266885355114952
53,69,122,0.3072406831383705,1029.1744487699866,1029.315673828125,1029.481689453125,0.16600419580936432,0.14123648732900618
54,68,122,-0.46648824378848075,1027.7738612906635,1027.80908203125,1027.307373046875,-0.5016567707061768,0.03516852691769601
55,67,122,-0.7782175618410111,1019.9073069173097,1019.8164672851562,1019.1290893554688,-0.6873829960823059,-0.09083456575870519
56,66,122,-1.5092206567525863,1015.5440106958151,1015.498291015625,1014.0347900390625,-1.463517427444458,-0.04570322930812831
46,77,123,0.5784487068653107,1017.3286557853222,1017.2139282226562,1017.9071044921875,0.6931886076927185,-0.11473990082740781
47,76,123,0.20823135271668433,1025.5486045847833,1025.5704345703125,1025.7568359375,0.18640390038490295,0.021827452331781377
48,75,123,0.003134279811056331,1032.707314938939,1032.6336669921875,1032.71044921875,0.07685349881649017,-0.07371921900543384
49,74,123,-0.19769267816096545,1037.784850881286,1037.8662109375,1037.587158203125,-0.27895259857177734,0.0812599204108119
50,73,123,0.054580208472907545,1041.4323582680895,1041.469482421875,1041.4869384765625,0.01745009981095791,0.037130108661949636
51,72,123,0.13808327089995145,1041.9155055962876,1042.0953369140625,1042.0535888671875,-0.04171080142259598,0.17979407232254743
52,71,123,0.360494299903512,1041.3178504266589,1041.2611083984375,1041.6783447265625,0.41724899411201477,-0.056754694208502765
53,70,123,0.19165363166481256,1039.0843473448977,1039.2503662109375,1039.2760009765625,0.025679200887680054,0.1659744307771325
54,69,123,-0.15311384050175547,1035.7607798561266,1035.773681640625,1035.607666015625,-0.16593970358371735,0.012825863081961875
55,68,123,-0.6330782675743103,1030.7794405722618,1030.7867431640625,1030.1463623046875,-0.6402907967567444,0.007212529182434091
56,67,123,-1.310422994494438,1024.7765484827758,1024.6156005859375,1023.4661254882812,-1.1495578289031982,-0.16086516559123987
47,77,124,0.3200404962152243,1030.3330356756599,1030.3031005859375,1030.653076171875,0.35002079606056213,-0.029980299845337843
48,76,124,-0.19634889550507068,1039.9620959658175,1039.990234375,1039.7657470703125,-0.22441959381103516,0.02807069830596448
49,75,124,-0.08553671322995797,1043.4620015569799,1043.376220703125,1043.37646484375,0.0002868000010494143,-0.08582351323100738
50,74,124,-0.3702046582847834,1049.9203755567223,1049.95751953125,1049.5501708984375,-0.40736278891563416,0.03715813063085077
51,73,124,0.11306580575183034,1048.5568560692482,1048.5628662109375,1048.669921875,0.10708919912576675,0.005976606626063585
52,72,124,-0.049159836787730456,1050.6847799539753,1050.685546875,1050.6356201171875,-0.049942001700401306,0.0007821649126708505
53,71,124,0.20745735395699738,1046.747864911668,1046.74365234375,1046.955322265625,0.2116931974887848,-0.004235843531787409
54,70,124,-0.31991698265075685,1046.2459423732757,1046.26416015625,1045.926025390625,-0.33811119198799133,0.01819420933723448
55,69,124,-0.4972803561389446,1039.4389307467638,1039.555419921875,1038.941650390625,-0.6137136220932007,0.11643326595425607
56,68,124,-1.2508508974313737,1036.2252161318063,1036.121826171875,1034.974365234375,-1.1473915576934814,-0.10345933973789223
57,67,124,-1.7071847301721572,1026.6693429332972,1026.50830078125,1024.962158203125,-1.54618239402771,-0.16100233614444726
47,78,125,0.27177917793393136,1036.521677853316,1036.6644287109375,1036.79345703125,0.12901249527931213,0.14276668265461923
48,77,125,-0.04540454061236233,1044.7755070796748,1044.710205078125,1044.7301025390625,0.01991249993443489,-0.06531704054679721
49,76,125,-0.36735418245196344,1050.9331500808894,1050.9920654296875,1050.5657958984375,-0.4262624979019165,0.058908315449953064
50,75,125,-0.3227762044966221,1055.7762674154342,1055.6910400390625,1055.4534912109375,-0.23756250739097595,-0.08521369710564614
51,74,125,-0.277501465305686,1057.1117299809307,1057.2701416015625,1056.834228515625,-0.43595001101493835,0.15844854570925238
52,73,125,-0.066296422239393,1057.408215367552,1057.2545166015625,1057.3419189453125,0.08738750219345093,-0.15368392443284393
53,72,125,-0.0748456841893494,1056.1454023248143,1056.286376953125,1056.070556640625,-0.21578750014305115,0.14094181595370175
54,71,125,-0.18048815716058017,1054.0027537821607,1053.867431640625,1053.822265625,-0.04507499933242798,-0.1354131578281522
55,70,125,-0.41759678050875665,1049.8956241242588,1049.9754638671875,1049.47802734375,-0.4974125027656555,0.07981572225689887
56,69,125,-0.8560292065143585,1044.8286854565144,1044.7723388671875,1043.97265625,-0.7996000051498413,-0.056429201364517234
57,68,125,-1.5163348186016083,1038.254738138914,1038.0804443359375,1036.7384033203125,-1.342074990272522,-0.17425982832908637
48,78,126,-0.09815866300836205,1051.679579561446,1051.689208984375,1051.5814208984375,-0.10775180160999298,0.009593138601630927
49,77,126,-0.2902793139964342,1056.491329118684,1056.46044921875,1056.2010498046875,-0.2593441903591156,-0.030935123637318596
50,76,126,-0.536815845221281,1063.8476068608463,1063.8839111328125,1063.310791015625,-0.5730602145195007,0.036244369298219725
51,75,126,-0.25280680172145364,1063.5343009423464,1063.4794921875,1063.281494140625,-0.19801360368728638,-0.05479319803416727
52,74,126,-0.38205442324280736,1066.4372302044928,1066.3681640625,1066.05517578125,-0.31300219893455505,-0.06905222430825231
53,73,126,-0.12855212887749076,1063.42750232419,1063.43212890625,1063.2989501953125,-0.13327540457248688,0.004723275694996115
54,72,126,-0.4297783729434013,1063.891326224506,1063.8857421875,1063.4615478515625,-0.42412498593330383,-0.005653387010097488
55,71,126,-0.34435558401048183,1058.2786817558854,1058.3077392578125,1057.934326171875,-0.37337979674339294,0.029024212732911114
56,70,126,-0.8364185100793838,1055.8444751507043,1055.8446044921875,1055.008056640625,-0.8365561962127686,0.0001376861333847179
57,69,126,-1.1729381334781648,1047.3805797350406,1047.36572265625,1046.2076416015625,-1.1580767631530762,-0.014861370325088608
58,68,126,-1.8603121387958526,1042.355673466921,1042.4305419921875,1040.495361328125,-1.9351205825805664,0.07480844378471385
48,79,127,0.0793122810870409,1056.2973967032879,1056.2459716796875,1056.376708984375,0.1307682991027832,-0.0514560180157423
49,78,127,-0.396361326277256,1063.5648183575272,1063.602294921875,1063.16845703125,-0.4338923990726471,0.037531072795391085
50,77,127,-0.49106892868876456,1069.5372115068137,1069.40966796875,1069.046142578125,-0.36352139711380005,-0.1275475315749645
51,76,127,-0.4549341920018196,1071.659768176377,1071.85595703125,1071.204833984375,-0.6511970162391663,0.19626282423734664
52,75,127,-0.323828214854002,1072.884375089854,1072.6558837890625,1072.560546875,-0.09534300118684769,-0.2284852136671543
53,74,127,-0.33550259217619893,1072.4746627484262,1072.576171875,1072.13916015625,-0.43701401352882385,0.10151142135262492
54,73,127,-0.3822177128493786,1071.1891024784743,1071.131591796875,1070.806884765625,-0.3246381878852844,-0.057579524964094186
55,72,127,-0.4357812044024467,1068.1923730012775,1068.268310546875,1067.756591796875,-0.5117359161376953,0.07595471173524859
56,71,127,-0.5605369932949543,1064.253896368295,1064.06396484375,1063.693359375,-0.3706119954586029,-0.18992499783635142
57,70,127,-0.8951492050290107,1058.376106236279,1058.3597412109375,1057.48095703125,-0.8787323832511902,-0.016416821777820556
58,69,127,-1.50724074780941,1051.6969380134344,1051.66064453125,1050.189697265625,-1.4709093570709229,-0.036331390738487235
48,80,128,0.24330449044704439,1062.7796447283029,1062.8143310546875,1063.02294921875,0.20870240032672882,0.034602090120315565
49,79,128,-0.3403582039475441,1068.9900164070725,1068.9837646484375,1068.649658203125,-0.33412081003189087,-0.006237393915653255
50,78,128,-0.5690306808054447,1077.267394938618,1077.372802734375,1076.6983642578125,-0.6743872165679932,0.10535653576254844
51,77,128,-0.4049916113913059,1077.8870472754538,1077.85888671875,1077.4820556640625,-0.37676718831062317,-0.028224423080682737
52,76,128,-0.45155700758099554,1081.4843939216435,1081.4404296875,1081.0328369140625,-0.4076608121395111,-0.04389619544148443
53,75,128,-0.2798063810169697,1079.446310287267,1079.40234375,1079.16650390625,-0.23585520684719086,-0.04395117416977884
54,74,128,-0.5481241737306118,1080.7203653846682,1080.7425537109375,1080.1722412109375,-0.570302426815033,0.022178253084421118
55,73,128,-0.4209855093061924,1076.0219376577436,1076.0313720703125,1075.6009521484375,-0.4304983913898468,0.009512882083654417
56,72,128,-0.6772993791103363,1074.6919478166103,1074.6864013671875,1074.0146484375,-0.6718384027481079,-0.00546097636222842
57,71,128,-0.6707780963182449,1067.3620622760056,1067.160400390625,1066.6912841796875,-0.4690712094306946,-0.20170688688755034
58,70,128,-1.312673458456993,1063.248708614707,1063.2864990234375,1061.93603515625,-1.3505152463912964,0.03784178793430337
59,69,128,-1.6778528755903244,1053.3985560005904,1053.301025390625,1051.720703125,-1.580304741859436,-0.09754813373088833
48,81,129,0.8512659624218941,1066.7970494672657,1066.76953125,1067.6483154296875,0.8787881135940552,-0.027522151172161058
49,80,129,-0.2894001407176256,1075.6863727969676,1075.699951171875,1075.39697265625,-0.30291101336479187,0.013510872647166272
50,79,129,-0.5628533758223057,1082.8275018133222,1082.6732177734375,1082.2646484375,-0.4085769057273865,-0.15427647009491918
51,78,129,-0.49068967506289485,1085.6580480735004,1085.9296875,1085.1673583984375,-0.7623142004013062,0.2716245253384113
52,77,129,-0.3710845859348774,1087.7071441562473,1087.5228271484375,1087.3360595703125,-0.186764195561409,-0.18432039037346842
53,76,129,-0.3652917382121086,1088.0990563866496,1088.2427978515625,1087.7337646484375,-0.5090131759643555,0.14372143775224688
54,75,129,-0.430547666400671,1087.716070127338,1087.6494140625,1087.2855224609375,-0.3638615906238556,-0.0666860757768154
55,74,129,-0.5153770187497139,1085.6345176437496,1085.6700439453125,1085.119140625,-0.5507984757423401,0.03542145699262622
56,73,129,-0.5650275677442551,1082.5658820599317,1082.449462890625,1082.0008544921875,-0.4485619068145752,-0.11646566092967992
57,72,129,-0.6452939495444298,1077.8658750042318,1077.9298095703125,1077.2205810546875,-0.7091920971870422,0.06389814764261248
58,71,129,-0.9054603138566018,1072.292789415419,1072.1114501953125,1071.3873291015625,-0.7241019010543823,-0.18135841280221943
59,70,129,-1.3636463516950608,1065.0056141251325,1064.8150634765625,1063.6419677734375,-1.1731232404708862,-0.19052311122417454
48,82,130,1.2689388817548752,1072.8206607276202,1072.8363037109375,1074.089599609375,1.253316044807434,0.015622836947441154
49,81,130,-0.1322898712195456,1080.8536033477822,1080.8428955078125,1080.7213134765625,-0.12157999724149704,-0.010709873978048567
50,80,130,-0.5597029621899128,1090.2717390950024,1090.2862548828125,1089.7120361328125,-0.574209988117218,0.01450702592730524
51,79,130,-0.48426555186510084,1091.75794719249,1091.6573486328125,1091.273681640625,-0.38363298773765564,-0.1006325641274452
52,78,130,-0.41045705795288084,1095.978816432953,1095.9422607421875,1095.568359375,-0.37386301159858704,-0.03659404635429381
53,77,130,-0.27563316717743874,1094.8337386359274,1094.7431640625,1094.55810546875,-0.18504300713539124,-0.09059016004204751
54,76,130,-0.4806663405895233,1096.859450520277,1096.905029296875,1096.3787841796875,-0.526282012462616,0.04561567187309268
55,75,130,-0.4150615544617176,1093.1476054997743,1093.1419677734375,1092.7325439453125,-0.40952399373054504,-0.005537560731172564
56,74,130,-0.6875183713436127,1092.7087586057187,1092.7166748046875,1092.021240234375,-0.6954900026321411,0.007971631288528402
57,73,130,-0.5820140063762664,1086.2648753345013,1086.304931640625,1085.682861328125,-0.6220470070838928,0.04003300070762639
58,72,130,-0.932497173845768,1083.3240987363458,1083.318115234375,1082.3916015625,-0.926531970500946,-0.005965203344821979
59,71,130,-1.0786813819408416,1074.3930124366284,1074.288330078125,1073.3143310546875,-0.9740449786186218,-0.1046364033222198
60,70,130,-1.5045419424772262,1069.1125741690398,1068.9267578125,1067.6080322265625,-1.31876802444458,-0.1857739180326461
48,83,131,1.0867701277136803,1074.9111546769739,1075.0018310546875,1075.9979248046875,0.9961276054382324,0.09064252227544789
49,82,131,0.1882412628084421,1087.0593173309417,1087.031982421875,1087.24755859375,0.21557359397411346,-0.027332331165671353
50,81,131,-0.5930225440859794,1095.7003223487734,1095.4898681640625,1095.1072998046875,-0.38259729743003845,-0.21042524665594098
51,80,131,-0.525484399497509,1099.2444785401226,1099.4244384765625,1098.718994140625,-0.7053775191307068,0.17989311963319776
52,79,131,-0.3658795750141144,1102.033604184389,1101.87158203125,1101.667724609375,-0.20394089818000793,-0.16193867683410645
53,78,131,-0.30856830678880215,1103.1619618614764,1103.321044921875,1102.8533935546875,-0.46759870648384094,0.1590303996950388
54,77,131,-0.33261288225650787,1103.5906695228814,1103.509521484375,1103.258056640625,-0.2514077126979828,-0.08120516955852508
55,76,131,-0.42081151723861693,1102.3685654234887,1102.369140625,1101.94775390625,-0.42135271430015564,0.0005411970615387118
56,75,131,-0.5352453249692917,1100.2828039187193,1100.210205078125,1099.74755859375,-0.46269410848617554,-0.07255121648311613
57,74,131,-0.6324827927350998,1096.5137083786726,1096.5181884765625,1095.8812255859375,-0.6369556188583374,0.004472826123237628
58,73,131,-0.7304709109663964,1091.751344934404,1091.675048828125,1091.0208740234375,-0.6540939211845398,-0.07637698978185659
59,72,131,-0.9625219410657883,1085.5111059254407,1085.48486328125,1084.548583984375,-0.9362509250640869,-0.02627101600170134
60,71,131,-1.3149497592449189,1078.2972495639324,1078.169921875,1076.9822998046875,-1.1875895261764526,-0.12736023306846622
48,84,132,1.3037168806791306,1078.3365419083834,1078.3267822265625,1079.6402587890625,1.3134428262710571,-0.009725945591926521
49,83,132,0.2082696485519409,1089.5296453905105,1089.490478515625,1089.7379150390625,0.24736160039901733,-0.03909195184707642
50,82,132,-0.45352285489439964,1102.8021556673943,1102.8431396484375,1102.3486328125,-0.4945831894874573,0.041060334593057635
51,81,132,-0.602175908088684,1105.252444462776,1105.1495361328125,1104.6502685546875,-0.4992663860321045,-0.10290952205657955
52,80,132,-0.3454678526520729,1110.0045254698396,1109.920166015625,1109.6590576171875,-0.26113879680633545,-0.08432905584573747
53,79,132,-0.2530660469084978,1109.7257222969085,1109.653076171875,1109.47265625,-0.18038959801197052,-0.0726764488965273
54,78,132,-0.3397777469456196,1112.4202220828831,1112.4461669921875,1112.0804443359375,-0.36582279205322266,0.026045045107603082
55,77,132,-0.2771153052151203,1109.6062168677151,1109.53759765625,1109.3291015625,-0.20848959684371948,-0.0686257083714008
56,76,132,-0.559061671346426,1110.0268351088464,1110.0374755859375,1109.4677734375,-0.5696604251861572,0.01059875383973119
57,75,132,-0.5218531826138496,1104.6093775966763,1104.5438232421875,1104.0875244140625,-0.45627880096435547,-0.06557438164949414
58,74,132,-0.8294021281599998,1102.52959744066,1102.506591796875,1101.7001953125,-0.8063436150550842,-0.02305851310491558
59,73,132,-0.8232994458079338,1094.4572105786203,1094.4830322265625,1093.6339111328125,-0.8490763902664185,0.025776944458484663
60,72,132,-1.2735475373268128,1089.9451783967017,1089.89892578125,1088.671630859375,-1.2273727655410767,-0.046174771785736146
50,83,133,-0.4729974412918091,1105.224950566292,1105.2418212890625,1104.751953125,-0.4899370074272156,0.01693956613540648
51,82,133,-0.5650412607192993,1112.4216086435317,1112.5091552734375,1111.8565673828125,-0.6525166034698486,0.08747534275054936
52,81,133,-0.35304841324687003,1115.9043179444968,1115.7403564453125,1115.55126953125,-0.1890915036201477,-0.16395690962672232
53,80,133,-0.24816878639161588,1117.7431639035792,1117.878173828125,1117.4949951171875,-0.38320690393447876,0.13503811754286288
54,79,133,-0.23043052636086941,1118.9551619716733,1118.8822021484375,1118.7247314453125,-0.15744410455226898,-0.07298642180860043
55,78,133,-0.2545812739431858,1118.4970129145681,1118.527099609375,1118.242431640625,-0.28475379943847656,0.03017252549529076
56,77,133,-0.3542940141260624,1117.287399482876,1117.2274169921875,1116.93310546875,-0.2942847013473511,-0.0600093127787113
57,76,133,-0.49563698515295984,1114.451447532028,1114.3858642578125,1113.955810546875,-0.43011951446533203,-0.06551747068762781
58,75,133,-0.6348715701699257,1110.6794272342324,1110.52734375,1110.0445556640625,-0.48290330171585083,-0.15196826845407485
59,74,133,-0.7971843817830085,1105.311344538033,1105.264404296875,1104.51416015625,-0.7502204179763794,-0.04696396380662915
60,73,133,-1.058355228304863,1099.0052546423674,1098.8768310546875,1097.9468994140625,-0.9299560189247131,-0.12839920938014981
61,72,133,-1.329492480158806,1091.1411379879712,1091.1697998046875,1089.8116455078125,-1.3581852912902832,0.028692811131477258
50,84,134,-0.07701385613996535,1109.00523651239,1108.873046875,1108.92822265625,0.05516539886593819,-0.13217925500590355
51,83,134,-0.6139296720921993,1115.5708388517796,1115.6759033203125,1114.9569091796875,-0.7190331816673279,0.1051035095751286
52,82,134,-0.234769391939044,1123.5343299388142,1123.4083251953125,1123.299560546875,-0.10872279852628708,-0.12604659341275692
53,81,134,-0.25560454875230787,1124.1608779862522,1124.1356201171875,1123.9052734375,-0.2303747981786728,-0.02522975057363508
54,80,134,-0.18758485648781062,1127.4595575127378,1127.4356689453125,1127.27197265625,-0.16371959447860718,-0.023865262009203442
55,79,134,-0.14816361177712678,1125.5358589242771,1125.418701171875,1125.3876953125,-0.030998000875115395,-0.11716561090201139
56,78,134,-0.3308834098279476,1126.6833004020154,1126.6951904296875,1126.3524169921875,-0.34279540181159973,0.011911991983652115
57,77,134,-0.3218922528624535,1122.2249684247374,1122.1815185546875,1121.903076171875,-0.27839919924736023,-0.04349305361509326
58,76,134,-0.651888081729412,1121.0497152301668,1121.013427734375,1120.3978271484375,-0.6155943870544434,-0.03629369467496868
59,75,134,-0.6451232957839966,1113.9645813035966,1113.9261474609375,1113.3194580078125,-0.606647789478302,-0.03847550630569463
60,74,134,-1.0588049456477164,1110.3450598284603,1110.26220703125,1109.2862548828125,-0.9760394096374512,-0.08276553601026526
61,73,134,-1.1445672738552093,1100.6675164926053,1100.597412109375,1099.52294921875,-1.0744553804397583,-0.07011189341545099
50,85,135,-0.06005402131704614,1111.143550115067,1111.142822265625,1111.08349609375,-0.0593395009636879,-0.0007145203533582417
51,84,135,-0.26717707470059393,1119.505336254388,1119.4185791015625,1119.2381591796875,-0.18036900460720062,-0.08680807009339331
52,83,135,-0.2978157329559326,1126.781702451706,1126.6746826171875,1126.48388671875,-0.1907840073108673,-0.1070317256450653
53,82,135,-0.18737148460000752,1131.839959375225,1131.9427490234375,1131.652587890625,-0.29012149572372437,0.10275001112371684
54,81,135,-0.13223627250641584,1133.8094823662564,1133.7945556640625,1133.67724609375,-0.11727049946784973,-0.01496577303856611
55,80,135,-0.11851607808843255,1134.115464320276,1134.1807861328125,1133.9969482421875,-0.18380549550056458,0.06528941741213203
56,79,135,-0.1578928590938449,1133.7106272340939,1133.6671142578125,1133.552734375,-0.11445750296115875,-0.04343535613268615
57,78,135,-0.2428395663946867,1131.6852223788947,1131.6776123046875,1131.4423828125,-0.2352219969034195,-0.007617569491267212
58,77,135,-0.4059579189121723,1128.8620126064122,1128.8681640625,1128.4560546875,-0.41202351450920105,0.006065595597028739
59,76,135,-0.5747920519113541,1124.4206172472238,1124.4052734375,1123.8458251953125,-0.5595340132713318,-0.015258038640022287
60,75,135,-0.7687223547697067,1119.0242155188323,1118.9007568359375,1118.2554931640625,-0.6452360153198242,-0.12348633944988252
61,74,135,-1.032618790268898,1112.119776993394,1111.967041015625,1111.087158203125,-0.8798955082893372,-0.15272328197956075
62,73,135,-1.282512155175209,1104.1223559051753,1103.9796142578125,1102.83984375,-1.1397449970245361,-0.14276715815067287
51,85,136,-0.20678220078349113,1122.303339817971,1122.306396484375,1122.0965576171875,-0.20994879305362701,0.0031665922701358817
52,84,136,-0.012701495361106936,1131.4748596984862,1131.4425048828125,1131.462158203125,0.019706400111317635,-0.03240789547242457
53,83,136,-0.24797312162816523,1135.741869606003,1135.7801513671875,1135.493896484375,-0.2861911952495575,0.03821807362139226
54,82,136,-0.013261082511162385,1141.9618694809487,1141.8817138671875,1141.9486083984375,0.06690959632396698,-0.08017067883512936
55,81,136,-0.07973374277353287,1140.9830540552734,1141.009033203125,1140.9033203125,-0.10573279857635498,0.025999055802822107
56,80,136,-0.10700217256322503,1142.7770461178757,1142.77490234375,1142.6700439453125,-0.10489760339260101,-0.0021045691706240155
57,79,136,-0.09075417241081596,1139.218439719286,1139.1429443359375,1139.127685546875,-0.015263199806213379,-0.07549097260460258
58,78,136,-0.35474706813693047,1138.838145505637,1138.8316650390625,1138.4833984375,-0.34828639030456543,-0.006460677832365036
59,77,136,-0.37874883741140364,1132.7478894624114,1132.8812255859375,1132.369140625,-0.5121104121208191,0.13336157470941545
60,76,136,-0.7486405229568481,1129.9964432573317,1129.957763671875,1129.247802734375,-0.7099272012710571,-0.038713321685791
61,75,136,-0.7596680825948715,1121.2582032388448,1121.14599609375,1120.49853515625,-0.6475151777267456,-0.1121529048681259
62,74,136,-1.2235780543088912,1116.067816335559,1116.004638671875,1114.84423828125,-1.1604440212249756,-0.06313403308391563
51,86,137,0.11312658716924488,1125.9686605222057,1125.9312744140625,1126.081787109375,0.15053319931030273,-0.03740661214105785
52,85,137,-0.016559779292438178,1134.4010812636675,1134.392333984375,1134.384521484375,-0.007790899835526943,-0.008768879456911235
53,84,137,-0.04552122588502243,1140.6347546243226,1140.6624755859375,1140.5892333984375,-0.07325209677219391,0.02773087088717148
54,83,137,-0.03776486428221688,1145.9236291220948,1145.9072265625,1145.8858642578125,-0.021350499242544174,-0.016414365039672703
55,82,137,-0.013896315403981134,1149.220439284154,1149.2872314453125,1149.20654296875,-0.08065970242023468,0.06676338701625355
56,81,137,-0.016039396957494317,1149.6183343188325,1149.6805419921875,1149.602294921875,-0.0782456025481224,0.06220620559062809
57,80,137,-0.039534785156138244,1148.374495722656,1148.317626953125,1148.3349609375,0.017344100400805473,-0.05687888555694372
58,79,137,-0.1255777894705534,1146.3772867738455,1146.313232421875,1146.251708984375,-0.0615089014172554,-0.064068888053298
59,78,137,-0.25273786306381224,1142.7941196990014,1142.81396484375,1142.5413818359375,-0.27251380681991577,0.01977594375610353
60,77,137,-0.4390423054993153,1138.3461467976867,1138.4136962890625,1137.9071044921875,-0.5066204071044922,0.06757810160517691
61,76,137,-0.6062934324145317,1132.2940375730395,1132.1202392578125,1131.687744140625,-0.4324691891670227,-0.173824243247509
62,75,137,-0.8494644409418106,1125.2919693237543,1125.2567138671875,1124.4425048828125,-0.8142198920249939,-0.03524454891681672
63,74,137,-1.108462579846382,1116.7656891423464,1116.628662109375,1115.6572265625,-0.9714105725288391,-0.13705200731754297
52,86,138,0.20364299934357405,1138.8711861022189,1138.8558349609375,1139.0748291015625,0.2189532071352005,-0.015310207791626451
53,85,138,-0.059153893180191514,1144.235667565055,1144.357421875,1144.176513671875,-0.18091000616550446,0.12175611298531294
54,84,138,0.06552808760665357,1151.5736320686433,1151.5673828125,1151.63916015625,0.071800597012043,-0.006272509405389426
55,83,138,-0.029134748534997926,1153.79305076416,1153.6998291015625,1153.763916015625,0.06406939774751663,-0.09320414628251456
56,82,138,0.08177536396309733,1158.330822292287,1158.292236328125,1158.41259765625,0.12033639848232269,-0.038561034519225365
57,81,138,0.016532173552550374,1155.735787162385,1155.761474609375,1155.7523193359375,-0.009223000146448612,0.025755173698998986
58,80,138,-0.07160329818725586,1156.0205779075623,1156.0316162109375,1155.948974609375,-0.08263040333986282,0.011027105152606964
59,79,138,-0.07249523404054344,1150.8502051949781,1150.812255859375,1150.7777099609375,-0.03459100052714348,-0.03790423351339996
60,78,138,-0.3731773990392685,1148.9235924381019,1148.918212890625,1148.5504150390625,-0.3678548038005829,-0.005322595238685612
61,77,138,-0.36963031530380247,1141.1657728934288,1141.0330810546875,1140.796142578125,-0.23700040578842163,-0.13262990951538084
62,76,138,-0.7984594416618347,1136.8773168635369,1136.8341064453125,1136.078857421875,-0.7553467750549316,-0.04311266660690305
63,75,138,-0.7734177935123444,1126.4528611528874,1126.3037109375,1125.679443359375,-0.6242117881774902,-0.14920600533485417
52,87,139,0.2950513929128647,1141.450065794587,1141.436279296875,1141.7451171875,0.3088476061820984,-0.013796213269233693
53,86,139,0.09891300827264786,1148.863855546415,1148.9197998046875,1148.9627685546875,0.04301000013947487,0.05590300813317299
54,85,139,-0.007371792159974575,1155.310838589035,1155.31103515625,1155.303466796875,-0.007565599866211414,0.00019380770623683968
55,84,139,0.02195475247921422,1159.6222102865834,1159.585205078125,1159.6441650390625,0.058981701731681824,-0.037026949252467606
56,83,139,0.07759115013293921,1162.999313146742,1163.0157470703125,1163.076904296875,0.061203401535749435,0.016387748597189777
57,82,139,0.07113843779079616,1164.5534953512717,1164.5418701171875,1164.6246337890625,0.08278069645166397,-0.011642258660867807
58,81,139,0.021924453731626273,1163.4014153900184,1163.494873046875,1163.42333984375,-0.07152959704399109,0.09345405077561736
59,80,139,-0.025126982722431423,1160.6200976858474,1160.5833740234375,1160.594970703125,0.011608799919486046,-0.03673578264191747
60,79,139,-0.11290943605825304,1157.0106145141833,1156.9893798828125,1156.897705078125,-0.09162379801273346,-0.021285638045519584
61,78,139,-0.21365694500505925,1151.8240085075051,1151.6910400390625,1151.6103515625,-0.08067470043897629,-0.13298224456608296
62,77,139,-0.3916072404384613,1145.7397517716884,1145.7879638671875,1145.34814453125,-0.4398253858089447,0.04821814537048341
63,76,139,-0.5591740417480469,1138.097015838623,1138.0234375,1137.537841796875,-0.4855993092060089,-0.07357473254203795
52,88,140,0.4762075611948967,1145.6801645091175,1145.669921875,1146.1563720703125,0.4864619970321655,-0.010254435837268816
53,87,140,0.16417137891054154,1152.1408823320269,1152.1263427734375,1152.3050537109375,0.178739994764328,-0.014568615853786465
54,86,140,0.04704668359365314,1160.7088126914064,1160.7242431640625,1160.755859375,0.031550001353025436,0.015496682240627703
55,85,140,-0.054000612352974715,1163.9905240498529,1164.005126953125,1163.9365234375,-0.06867799907922745,0.014677386726252732
56,84,140,0.08033710842952133,1169.497909961883,1169.4410400390625,1169.5782470703125,0.1371999979019165,-0.05686288947239518
57,83,140,0.07239057494327426,1169.8005342297442,1169.7027587890625,1169.8729248046875,0.17008599638938904,-0.09769542144611477
58,82,140,0.08597250366583467,1172.7016251525843,1172.6826171875,1172.78759765625,0.10497000068426132,-0.01899749701842665
59,81,140,0.0006781355501152574,1168.537651942575,1168.5123291015625,1168.538330078125,0.02601799927651882,-0.025339863726403563
60,80,140,-0.10583068829029799,1167.2938189695403,1167.3009033203125,1167.18798828125,-0.11296000331640244,0.007129315026104449
61,79,140,-0.055994627247564495,1160.4646860334976,1160.473388671875,1160.40869140625,-0.06471200287342072,0.00871737562585622
62,78,140,-0.34952335387468336,1156.9659784319997,1156.9349365234375,1156.616455078125,-0.31855401396751404,-0.030969339907169324
63,77,140,-0.2864195606857538,1147.5245787403733,1147.6826171875,1147.2381591796875,-0.4445199966430664,0.1581004359573126
64,76,140,-0.755571355521679,1141.6963672539591,1141.6966552734375,1140.9407958984375,-0.7557979822158813,0.0002266266942023698
65,75,140,-0.6813214546442032,1129.5878155952691,1129.6142578125,1128.906494140625,-0.7077479958534241,0.026426541209220833
53,88,141,0.31997282825410367,1156.473484202996,1156.51806640625,1156.79345703125,0.2752757966518402,0.04469703160226346
54,87,141,0.0625803310982883,1164.093547598589,1164.0064697265625,1164.1561279296875,0.1496773064136505,-0.08709697531536222
55,86,141,-0.04321239391341805,1169.5400385657883,1169.504150390625,1169.496826171875,-0.0073114000260829926,-0.03590099388733506
56,85,141,-0.016520683902781455,1173.9759933401529,1173.9769287109375,1173.95947265625,-0.01741340011358261,0.000892716210801156
57,84,141,0.07331531977280975,1176.4388917114773,1176.391845703125,1176.51220703125,0.12029500305652618,-0.046979683283716434
58,83,141,0.09783164132386446,1178.0551224602386,1178.11083984375,1178.1529541015625,0.042120400816202164,0.055711240507662296
59,82,141,0.02194510624278337,1177.9726838000072,1177.911865234375,1177.99462890625,0.08268679678440094,-0.06074169054161757
60,81,141,-0.06892082810401917,1175.285229421854,1175.3065185546875,1175.21630859375,-0.090243399143219,0.021322571039199822
61,80,141,-0.08957955610007047,1170.934550259225,1170.8555908203125,1170.844970703125,-0.01061050035059452,-0.07896905574947595
62,79,141,-0.10316653165966272,1165.6559009066596,1165.4842529296875,1165.552734375,0.06841400265693665,-0.17158053431659936
63,78,141,-0.13275456856936216,1158.8341705841945,1158.693603515625,1158.701416015625,0.0077726999297738075,-0.14052726849913597
64,77,141,-0.29252064250409604,1151.120645642504,1151.2098388671875,1150.828125,-0.38176900148391724,0.0892483589798212
65,76,141,-0.46855591297149657,1141.9053234910964,1141.744140625,1141.436767578125,-0.30733010172843933,-0.16122581124305724
53,89,142,0.4445189720392227,1159.4531861060857,1159.4656982421875,1159.897705078125,0.4319585859775543,0.012560386061668372
54,88,142,0.15369620975106954,1169.1646631652488,1169.110107421875,1169.318359375,0.20833100378513336,-0.05463479403406382
55,87,142,-0.050099324863404036,1173.5831803795509,1173.6126708984375,1173.5330810546875,-0.0795333981513977,0.02943407328799367
56,86,142,-0.044830870813457296,1180.193634581751,1180.157958984375,1180.1488037109375,-0.00919559970498085,-0.035635271108476446
57,85,142,0.0161387474485673,1181.4693348853639,1181.557373046875,1181.4854736328125,-0.07183460146188736,0.08797334891045466
58,84,142,0.09054600747302174,1185.286651258152,1185.283935546875,1185.377197265625,0.09325999766588211,-0.002713990192860366
59,83,142,0.04265502408146858,1183.8662805227934,1183.7550048828125,1183.908935546875,0.15384559333324432,-0.11119056925177574
60,82,142,-0.060273713394999505,1185.20993191652,1185.1363525390625,1185.149658203125,0.013198000378906727,-0.07347171377390624
61,81,142,-0.16528303530067207,1179.4956053009257,1179.5455322265625,1179.330322265625,-0.2152353972196579,0.04995236191898583
62,80,142,-0.19822655886411666,1176.645248043239,1176.6036376953125,1176.447021484375,-0.1565794050693512,-0.04164715379476547
63,79,142,-0.03876994388643652,1168.1144535376363,1168.148193359375,1168.07568359375,-0.07253199815750122,0.0337620542710647
64,78,142,-0.31588080786168576,1163.0442743625492,1163.0164794921875,1162.7283935546875,-0.28807979822158813,-0.02780100964009763
65,77,142,-0.15962992992252112,1151.8987656721101,1151.8341064453125,1151.7391357421875,-0.09503600001335144,-0.06459392990916968
54,89,143,0.266425097361207,1172.1952448245138,1172.1546630859375,1172.461669921875,0.3070735037326813,-0.040648406371474266
55,88,143,0.005891463255975396,1178.778532364869,1178.844970703125,1178.784423828125,-0.060510098934173584,0.06640156219014898
56,87,143,-0.06711054886691273,1184.3222375019918,1184.32421875,1184.255126953125,-0.06915540248155594,0.0020448536146432106
57,86,143,-0.006961711230687797,1187.801761515918,1187.776123046875,1187.7947998046875,0.018624700605869293,-0.02558641183655709
58,85,143,0.05368320340290666,1190.395779687222,1190.4287109375,1190.449462890625,0.02076050080358982,0.03292270259931684
59,84,143,0.08298953128047287,1191.197161835907,1191.108154296875,1191.2801513671875,0.17199599742889404,-0.08900646614842117
60,83,143,-0.034079382161144166,1191.225973913411,1191.260009765625,1191.19189453125,-0.06806989759206772,0.03399051543092355
61,82,143,-0.17959086906164884,1189.5631357909367,1189.43603515625,1189.383544921875,-0.05237630009651184,-0.127214568965137
62,81,143,-0.25289543218910693,1185.2972069556265,1185.2100830078125,1185.0443115234375,-0.16579750180244446,-0.08709793038666247
63,80,143,-0.17924700308591127,1179.3212147765234,1179.1519775390625,1179.1419677734375,-0.009931099601089954,-0.1693159034848213
64,79,143,-0.0724961965251714,1172.3371446340252,1172.359619140625,1172.2646484375,-0.09488839656114578,0.022392200035974377
65,78,143,-0.0266618323745206,1163.8860368323744,1163.76513671875,1163.859375,0.09428320080041885,-0.12094503317493946
66,77,143,-0.21340347565710543,1154.596460116282,1154.7325439453125,1154.383056640625,-0.34943610429763794,0.1360326286405325
54,90,144,0.4212846496701241,1176.9186811706425,1176.8953857421875,1177.3399658203125,0.44463199377059937,-0.023347344100475287
55,89,144,0.10680966155603527,1182.4628924868814,1182.5120849609375,1182.5697021484375,0.057626400142908096,0.04918326141312718
56,88,144,-0.05075031416490674,1190.1941829313523,1190.2254638671875,1190.1434326171875,-0.0821055993437767,0.031355285178869964
57,87,144,0.002026342530734837,1192.5000488527817,1192.525634765625,1192.5020751953125,-0.023575199767947197,0.025601542298682035
58,86,144,0.026103922958718613,1197.3266792801662,1197.3255615234375,1197.352783203125,0.027187200263142586,-0.0010832773044239727
59,85,144,0.11158969147130847,1196.799909331966,1196.8619384765625,1196.9114990234375,0.04958159849047661,0.06200809298083186
60,84,144,0.02911277283215895,1199.0840464068554,1199.0770263671875,1199.1131591796875,0.036187201738357544,-0.0070744289061985925
61,83,144,-0.14273643277585507,1196.0836544015258,1195.9627685546875,1195.94091796875,-0.021853599697351456,-0.12088283307850362
62,82,144,-0.2869700752943754,1195.8475169502944,1195.72998046875,1195.560546875,-0.1693200021982193,-0.1176500730961561
63,81,144,-0.32044114753603936,1188.5017155615985,1188.60107421875,1188.1812744140625,-0.4198136031627655,0.09937245562672614
64,80,144,-0.24405347362160681,1184.018101325184,1183.9591064453125,1183.7740478515625,-0.18510079383850098,-0.05895267978310584
65,79,144,0.0783158338163048,1173.7404097521212,1173.785400390625,1173.8187255859375,0.03327120095491409,0.04504463286139071
66,78,144,-0.26975824885070326,1167.1941967254131,1167.2049560546875,1166.9244384765625,-0.2805888056755066,0.010830556824803328
67,77,144,-0.10137082763016224,1154.4324255151303,1154.4620361328125,1154.3310546875,-0.13096879422664642,0.029597966596484185
54,91,145,0.5936267831921578,1179.6406261464954,1179.5877685546875,1180.2342529296875,0.6465834975242615,-0.052956714332103694
55,90,145,0.23993053346872328,1187.2800889977814,1187.366455078125,1187.52001953125,0.15354099869728088,0.0863895347714424
56,89,145,0.011185999549925328,1193.971480016075,1194.0458984375,1193.982666015625,-0.06316950172185898,0.07435550127178431
57,88,145,-0.006302786984015256,1198.497757865109,1198.5826416015625,1198.491455078125,-0.09125850349664688,0.08495571651263162
58,87,145,0.07468067026697099,1202.067409173483,1202.0321044921875,1202.14208984375,0.1100509986281395,-0.035370328361168504
59,86,145,0.12984746113419532,1203.8149767576158,1203.80859375,1203.94482421875,0.1361674964427948,-0.006320035308599481
60,85,145,0.08955351611599326,1204.764938671384,1204.832275390625,1204.8544921875,0.02219649963080883,0.06735701648518443
61,84,145,-0.016325105460127817,1204.0354901445226,1203.885498046875,1204.0191650390625,0.13374650478363037,-0.1500716102437582
62,83,145,-0.24003740705549717,1202.4949202195555,1202.487060546875,1202.2548828125,-0.2321155071258545,-0.007921899929642678
63,82,145,-0.34498502731323244,1199.1905660820007,1199.0447998046875,1198.8455810546875,-0.1991879940032959,-0.14579703330993654
64,81,145,-0.31831732131540774,1193.2726630244404,1193.197509765625,1192.954345703125,-0.24323250353336334,-0.0750848177820444
65,80,145,-0.1099513564631343,1185.6349757705257,1185.8883056640625,1185.5250244140625,-0.3632565140724182,0.2533051576092839
66,79,145,0.07652589107863605,1176.9951293823588,1176.9488525390625,1177.0716552734375,0.12288200110197067,-0.04635611002333462
67,78,145,0.06063171750865877,1167.054724727804,1167.0439453125,1167.1153564453125,0.07141599804162979,-0.010784280532971022
54,92,146,0.6955157420039177,1184.1381024220586,1184.12060546875,1184.8336181640625,0.7129516005516052,-0.017435858547687477
55,91,146,0.39855653025209903,1190.662722766623,1190.6937255859375,1191.061279296875,0.36757099628448486,0.030985533967614165
56,90,146,0.09140279697719961,1199.4856235702102,1199.46728515625,1199.5770263671875,0.10972219705581665,-0.018319400078617043
57,89,146,0.024948768592439594,1202.9137719345326,1203.039794921875,1202.938720703125,-0.10112480074167252,0.12607356933411212
58,88,146,0.04823290522675961,1208.6861420947732,1208.6622314453125,1208.734375,0.07221739739179611,-0.0239844921650365
59,87,146,0.24001361519098283,1209.0611338457466,1208.927490234375,1209.3011474609375,0.3736500144004822,-0.13363639920949935
60,86,146,0.11046175891533494,1212.3372921473347,1212.3975830078125,1212.44775390625,0.05026580020785332,0.06019595870748162
61,85,146,0.10643704513087869,1210.1800619783066,1210.1436767578125,1210.2864990234375,0.1428699940443039,-0.0364329489134252
62,84,146,-0.10856946152634919,1210.9578126255888,1210.9033203125,1210.8492431640625,-0.05408259853720665,-0.05448686298914254
63,83,146,-0.2745128969848156,1206.2974621157348,1206.2421875,1206.02294921875,-0.21927419304847717,-0.05523870393633845
64,82,146,-0.3488928134739399,1204.4165197665989,1204.4281005859375,1204.067626953125,-0.36045119166374207,0.011558378189802154
65,81,146,-0.23043319515883923,1195.3647105389089,1195.323486328125,1195.13427734375,-0.1892203986644745,-0.04121279649436474
66,80,146,-0.1235187721438706,1189.3305500221438,1189.33251953125,1189.20703125,-0.12546880543231964,0.0019500332884490462
67,79,146,0.2688157681375742,1177.4018385287375,1177.2333984375,1177.670654296875,0.4372803866863251,-0.1684646185487509
68,78,146,-0.24472730405628682,1169.4761726165564,1169.534912109375,1169.2314453125,-0.30345419049263,0.05872688643634319
55,92,147,0.4904166229069233,1195.2241829864681,1195.374755859375,1195.714599609375,0.3398529887199402,0.1505636341869831
56,91,147,0.18388858310878275,1202.9704082918913,1202.9364013671875,1203.154296875,0.21794649958610535,-0.03405791647732259
57,90,147,0.014315061972883996,1208.6016517349021,1208.568359375,1208.615966796875,0.04762079939246178,-0.03330573741957778
58,89,147,0.0656911136978306,1213.1810129878647,1213.12158203125,1213.2467041015625,0.1251721978187561,-0.05948108412092551
59,88,147,0.22353905115276576,1215.7818320425972,1215.7694091796875,1216.00537109375,0.23601999878883362,-0.012480947636067857
60,87,147,0.28907357037067416,1217.6080211561919,1217.689697265625,1217.8970947265625,0.2073708027601242,0.08170276761054995
61,86,147,0.21855190046131612,1217.7992703651637,1217.8026123046875,1218.017822265625,0.21523359417915344,0.003318306282162675
62,85,147,0.03490085716592148,1217.2015493381466,1217.2442626953125,1217.2364501953125,-0.007789799943566322,0.0426906571094878
63,84,147,-0.10387477605137974,1214.8861013385513,1214.740478515625,1214.7822265625,0.041687700897455215,-0.14556247694883495
64,83,147,-0.25784055173397064,1211.647733129859,1211.7705078125,1211.389892578125,-0.38058018684387207,0.12273963510990143
65,82,147,-0.2279296836256981,1206.6495605430007,1206.3739013671875,1206.421630859375,0.047724999487400055,-0.27565468311309815
66,81,147,-0.1251962966658175,1199.1065195388533,1199.044921875,1198.9813232421875,-0.06359600275754929,-0.06160029390826821
67,80,147,0.11662221737205983,1189.9103553216905,1189.8236083984375,1190.0269775390625,0.20339930057525635,-0.08677708320319652
68,79,147,0.1845494006574154,1179.813131263405,1179.8919677734375,1179.9976806640625,0.10572800040245056,0.07882140025496484
69,78,147,0.04889353314880282,1168.4414629121636,1168.4761962890625,1168.4903564453125,0.014183400198817253,0.03471013294998557
55,93,148,0.524701698422432,1198.4911674422026,1198.4368896484375,1199.015869140625,0.5789588093757629,-0.05425711095333097
56,92,148,0.20815819883719086,1208.2504599652252,1208.28857421875,1208.4586181640625,0.1700536012649536,0.03810459757223725
57,91,148,-0.0014445401984266937,1212.8107707120735,1212.6700439453125,1212.809326171875,0.1392579972743988,-0.1407025374728255
58,90,148,-0.06273462455254047,1219.59776880424,1219.577392578125,1219.5350341796875,-0.04236479848623276,-0.020369826066307717
59,89,148,0.21839760899543761,1220.8753523910045,1220.9320068359375,1221.09375,0.1616467982530594,0.05675081074237823
60,88,148,0.23998063914477824,1224.9304295171053,1225.0223388671875,1225.17041015625,0.1480855941772461,0.09189504496753215
61,87,148,0.4470277442038059,1223.5560240136087,1223.69775390625,1224.0030517578125,0.3053115904331207,0.1417161537706852
62,86,148,0.12502474715933204,1225.3708248622156,1225.3856201171875,1225.495849609375,0.11017519980669022,0.014849547352641823
63,85,148,0.07772629998158663,1221.585725848456,1221.564697265625,1221.6634521484375,0.0988060012459755,-0.021079701264388864
64,84,148,-0.1029465618217364,1220.7361252727592,1220.7542724609375,1220.6331787109375,-0.12109039723873138,0.01814383541699499
65,83,148,-0.11495707385707647,1214.3118564879196,1214.239501953125,1214.1968994140625,-0.04256359860301018,-0.0723934752540663
66,82,148,-0.1389561786316335,1210.8435460223816,1210.779541015625,1210.70458984375,-0.0749640017747879,-0.0639921768568456
67,81,148,0.05339496476575732,1200.1659653867966,1200.1290283203125,1200.2193603515625,0.09030439704656601,-0.03690943228080869
68,80,148,0.0062097342073684555,1192.7638097970425,1192.83447265625,1192.77001953125,-0.06447520107030869,0.07068493527767714
69,79,148,0.28573279954493047,1179.3679537238925,1179.338134765625,1179.6536865234375,0.3155372142791748,-0.029804414734244333
56,93,149,0.1848644413612783,1211.5930896602013,1211.6456298828125,1211.7779541015625,0.13232450187206268,0.05253993948921562
57,92,149,-0.08714126543141902,1218.265730132619,1218.2525634765625,1218.1785888671875,-0.07393349707126617,-0.013207768360152847
58,91,149,-0.2615618067607284,1224.0378069239482,1223.920166015625,1223.7762451171875,-0.14388060569763184,-0.11768120106309654
59,90,149,-0.09256026027258485,1227.5685124087101,1227.50732421875,1227.4759521484375,-0.03129599988460541,-0.06126426038797944
60,89,149,0.2568623995780945,1230.079807522297,1230.0611572265625,1230.336669921875,0.2755886912345886,-0.018726291656494143
61,88,149,0.4623920093476772,1230.9370220531523,1230.9676513671875,1231.3994140625,0.43177270889282227,0.030619300454854947
62,87,149,0.42964550733566287,1231.1554375004769,1231.2568359375,1231.5850830078125,0.3283233046531677,0.10132220268249514
63,86,149,0.273725564032793,1229.7970752172173,1229.77978515625,1230.07080078125,0.2909559905529022,-0.0172304265201092
64,85,149,0.10259175574406981,1227.540962931756,1227.683349609375,1227.6435546875,-0.03985439985990524,0.14244615560397506
65,84,149,0.08585191351361572,1223.526330703674,1223.262451171875,1223.6121826171875,0.349720299243927,-0.2638683857303113
66,83,149,0.014468002512585372,1218.6174900053,1218.6854248046875,1218.6319580078125,-0.053582798689603806,0.06805080120218918
67,82,149,0.06713723154272884,1212.0744643309572,1211.85498046875,1212.1416015625,0.28660500049591064,-0.21946776895318182
68,81,149,0.11704603316262364,1203.0352977168375,1203.16845703125,1203.15234375,-0.01611419953405857,0.1331602326966822
56,94,150,0.07658010296989232,1216.7206611079675,1216.776123046875,1216.7972412109375,0.021124999970197678,0.05545510299969464
57,93,150,-0.27686680607497693,1222.39771641545,1222.4150390625,1222.120849609375,-0.29418501257896423,0.0173182065039873
58,92,150,-0.5275012071430684,1230.2921496446431,1230.16845703125,1229.7646484375,-0.4038499891757965,-0.12365121796727185
59,91,150,-0.6278051966428757,1232.9300512903928,1232.8397216796875,1232.30224609375,-0.5374400019645691,-0.09036519467830662
60,90,150,-0.19810252908617257,1237.4950995993986,1237.4368896484375,1237.2969970703125,-0.13983500003814697,-0.058267529048025596
61,89,150,0.4686466211080551,1236.6410945898294,1236.5718994140625,1237.1097412109375,0.5378249883651733,-0.06917836725711823
62,88,150,0.37217835143208505,1239.1452777032555,1239.2435302734375,1239.5174560546875,0.27387499809265137,0.09830335333943369
63,87,150,0.5795102645456791,1236.0855287979543,1236.2022705078125,1236.6650390625,0.4628849923610687,0.11662527218461038
64,86,150,0.20421507369726896,1236.3425378559903,1236.3916015625,1236.5467529296875,0.1552550047636032,0.04896006893366575
65,85,150,0.3015411237627268,1230.7850067277998,1230.950927734375,1231.0865478515625,0.13556000590324402,0.16598111785948277
66,84,150,0.16775826325640084,1228.3344390023685,1228.3724365234375,1228.502197265625,0.1297750025987625,0.037983260657638324
67,83,150,0.2220645986497402,1220.2698787607253,1220.226318359375,1220.491943359375,0.2655549943447113,-0.043490395694971096
68,82,150,0.10901507277041673,1215.389642153792,1215.3294677734375,1215.4986572265625,0.16917000710964203,-0.060154934339225294
57,94,151,-0.36243410646915436,1227.5506665283442,1227.485595703125,1227.188232421875,-0.2973836064338684,-0.06505050003528595
58,93,151,-0.8653641891479492,1234.6032792282103,1234.617919921875,1233.7379150390625,-0.8800628781318665,0.01469868898391724
59,92,151,-0.9761652117967605,1239.4388116961718,1239.3902587890625,1238.462646484375,-0.9276424050331116,-0.04852280676364895
60,91,151,-0.670923844575882,1242.8672129070758,1242.7713623046875,1242.1962890625,-0.5750890970230103,-0.09583474755287169
61,90,151,-0.21048970926553012,1244.3865150998906,1244.43212890625,1244.176025390625,-0.2561173141002655,0.04562760483473538
62,89,151,0.4340152005851269,1244.8816586275398,1244.8399658203125,1245.315673828125,0.4757015109062195,-0.0416863103210926
63,88,151,0.6203802469372749,1244.1089898702503,1244.13427734375,1244.7293701171875,0.595130205154419,0.025250041782855948
64,87,151,0.5635411946475506,1242.6906091959775,1242.8876953125,1243.254150390625,0.3663654029369354,0.19717579171061517
65,86,151,0.4965798556804657,1239.6491720974445,1239.5400390625,1240.145751953125,0.6057807207107544,-0.1092008650302887
66,85,151,0.4314219580590725,1235.682103432566,1235.886474609375,1236.113525390625,0.2269860953092575,0.204435862749815
67,84,151,0.44608646601438523,1230.0940746667982,1229.9744873046875,1230.5401611328125,0.5656682848930359,-0.11958181887865066
68,83,151,0.3195119027048349,1223.6884226676077,1223.835693359375,1224.0079345703125,0.17218269407749176,0.14732920862734317
69,82,151,0.2654994095116854,1215.7620884811133,1215.5587158203125,1216.027587890625,0.4689024090766907,-0.2034029995650053
70,81,151,0.09947365237399936,1205.3828261523136,1205.547119140625,1205.4822998046875,-0.0647955983877182,0.16426925076171756
59,93,152,-1.2692597848176956,1244.5511201363802,1244.43994140625,1243.2818603515625,-1.1580448150634766,-0.11121496975421907
60,92,152,-0.9379233264923096,1250.146541490555,1250.0491943359375,1249.2086181640625,-0.8405855894088745,-0.09733773708343507
61,91,152,-0.673882954120636,1250.4751524853707,1250.3717041015625,1249.80126953125,-0.570353627204895,-0.10352932691574102
62,90,152,-0.22803677540272474,1253.1580904863401,1253.0977783203125,1252.9300537109375,-0.16780400276184082,-0.06023277264088392
63,89,152,0.6615029472112656,1250.3812216621636,1250.4410400390625,1251.042724609375,0.6017192006111145,0.059783746600151066
64,88,152,0.4339868085086346,1251.3914526446163,1251.4774169921875,1251.825439453125,0.3479616045951843,0.08602520391345025
65,87,152,0.753630412220955,1246.574494587779,1246.705078125,1247.328125,0.6230056285858154,0.13062478363513952
66,86,152,0.40968776926398276,1245.2291061760486,1245.3233642578125,1245.6387939453125,0.3154008090496063,0.09428696021437644
67,85,152,0.6691361305117607,1237.9174117210507,1238.0277099609375,1238.5865478515625,0.5587664246559143,0.11036970585584638
68,84,152,0.44292425468564034,1234.0382769171893,1234.1409912109375,1234.481201171875,0.34022799134254456,0.10269626334309578
69,83,152,0.46369893923401834,1224.466232701391,1224.5787353515625,1224.929931640625,0.3512175977230072,0.11248134151101113
70,82,152,0.12662522558122874,1218.3389509462938,1218.346435546875,1218.465576171875,0.11916080117225647,0.00746442440897227
59,94,153,-1.2434608066082,1250.4856483066083,1250.3216552734375,1249.2421875,-1.0794763565063477,-0.16398445010185236
60,93,153,-1.252661355137825,1255.3746095973254,1255.30126953125,1254.1219482421875,-1.1793296337127686,-0.0733317214250564
61,92,153,-0.9505338254570961,1257.9001187863946,1257.8365478515625,1256.9495849609375,-0.886900782585144,-0.06363304287195204
62,91,153,-0.46785243079066274,1259.2171200089156,1258.9661865234375,1258.749267578125,-0.21690690517425537,-0.25094552561640737
63,90,153,-0.10572132036089897,1258.877693976611,1258.9912109375,1258.77197265625,-0.2192683070898056,0.11354698672890663
64,89,153,0.5229978615045547,1257.713696474433,1257.724365234375,1258.2366943359375,0.5123022794723511,0.010695582032203665
65,88,153,0.6759090667963028,1255.3654727691412,1255.3726806640625,1256.0413818359375,0.6686887741088867,0.0072202926874160855
66,87,153,0.7087421026825905,1252.2343731316923,1252.419921875,1252.943115234375,0.523135781288147,0.18560632139444355
67,86,153,0.7229232284426689,1247.552833607495,1247.5064697265625,1248.2757568359375,0.7693083882331848,-0.04638515979051594
68,85,153,0.6973341941833496,1241.974174594879,1242.1787109375,1242.6715087890625,0.4927437901496887,0.2045904040336609
69,84,153,0.6709344041347504,1234.9173224318029,1234.90234375,1235.5882568359375,0.6858636736869812,-0.01492926955223084
71,82,153,0.06426843484863638,1217.698304807339,1217.740478515625,1217.7625732421875,0.022105399519205093,0.04216303532943129
60,94,154,-1.13967234313488,1261.8598871868849,1261.6217041015625,1260.72021484375,-0.9015613794326782,-0.23811096370220186
61,93,154,-1.2492502629756927,1263.7161692082882,1263.5263671875,1262.4669189453125,-1.0595179796218872,-0.18973228335380554
62,92,154,-0.6316977855563164,1267.1263266918063,1266.9329833984375,1266.49462890625,-0.4384365975856781,-0.1932611879706383
63,91,154,-0.33489007972180845,1265.5271508219093,1265.4334716796875,1265.1922607421875,-0.24119240045547485,-0.0936976792663336
64,90,154,-0.09876227900851518,1266.582771068071,1266.619140625,1266.4840087890625,-0.1351384073495865,0.036376128341071304
65,89,154,0.6641560849547387,1262.2735880556702,1262.287109375,1262.937744140625,0.6505662202835083,0.013589864671230356
66,88,154,0.4127317255735397,1261.7197145634889,1261.7420654296875,1262.1324462890625,0.39030298590660095,0.022428739666938757
67,87,154,0.8935810697078704,1255.1335185396672,1255.205078125,1256.027099609375,0.8219950199127197,0.07158604979515071
68,86,154,0.5274468618631363,1252.2693060678243,1252.3883056640625,1252.7967529296875,0.40844741463661194,0.11899944722652434
69,85,154,0.8624025309085845,1243.3231443440914,1243.42822265625,1244.185546875,0.7573140263557434,0.10508850455284113
70,84,154,0.48560226798057554,1238.1015559351445,1238.1507568359375,1238.587158203125,0.43640920519828796,0.04919306278228758
59,96,155,-1.158596106171608,1260.4273949342967,1260.3111572265625,1259.268798828125,-1.04236900806427,-0.11622709810733789
60,95,155,-1.313002611398697,1266.567519212961,1266.397216796875,1265.2545166015625,-1.142775058746338,-0.17022755265235912
61,94,155,-1.2164197480678558,1270.394642404318,1270.2711181640625,1269.17822265625,-1.092943549156189,-0.12347619891166683
62,93,155,-0.8752659919857979,1272.9812230232358,1272.739990234375,1272.10595703125,-0.634099006652832,-0.24116698533296588
63,92,155,-0.5035891383886337,1273.5762209743261,1273.5848388671875,1273.0726318359375,-0.512179970741272,0.008590832352638245
64,91,155,-0.206201983243227,1273.2285408504308,1273.054443359375,1273.0223388671875,-0.03208550065755844,-0.17411648258566856
65,90,155,0.07179876715294085,1271.239236389097,1271.4521484375,1271.31103515625,-0.14118149876594543,0.2129802659188863
66,89,155,0.48719535931944846,1268.6504999531805,1268.5753173828125,1269.1376953125,0.5623649954795837,-0.07516963616013528
67,88,155,0.6970548751950264,1264.6694002029299,1264.6768798828125,1265.366455078125,0.6895474791526794,0.007507396042346959
68,87,155,0.7982280680537224,1259.8808490803838,1260.0638427734375,1260.6790771484375,0.6152179837226868,0.1830100843310356
69,86,155,0.8218661236763001,1253.6609219622612,1253.6982421875,1254.4827880859375,0.7845199704170227,0.03734615325927737
70,85,155,0.742016681432724,1246.5945311701298,1246.7926025390625,1247.3365478515625,0.5438730120658875,0.19814366936683658
71,84,155,0.5064028680324555,1238.11481295228,1238.052734375,1238.6212158203125,0.5684804916381836,-0.062077623605728105
59,97,156,-1.18199824988842,1264.5721349686385,1264.41650390625,1263.39013671875,-1.0263571739196777,-0.15564107596874233
60,96,156,-1.0434894093871117,1272.4952716359496,1272.386962890625,1271.4517822265625,-0.9351339936256409,-0.10835541576147079
61,95,156,-1.4005450510978699,1275.7170733714104,1275.5693359375,1274.3165283203125,-1.252802848815918,-0.1477422022819519
62,94,156,-0.7174445736408234,1280.1316291439534,1279.9808349609375,1279.4141845703125,-0.5666424036026001,-0.15080217003822327
63,93,156,-0.7271111622452736,1279.9750359669329,1279.920654296875,1279.2479248046875,-0.6726952195167542,-0.05441594272851946
64,92,156,-0.27221598863601687,1281.728758957386,1281.5906982421875,1281.45654296875,-0.1341467946767807,-0.13806919395923617
65,91,156,-0.014211318208836018,1278.357473036959,1278.364013671875,1278.34326171875,-0.020773999392986298,0.006562681184150279
66,90,156,0.024471550041344017,1277.9745518874586,1278.0201416015625,1277.9990234375,-0.021109599620103836,0.045581149661447856
67,89,156,0.6924017897248268,1272.1363335618378,1272.246826171875,1272.8287353515625,0.581932008266449,0.11046978145837782
68,88,156,0.40340430855751036,1270.063026355505,1270.1376953125,1270.4664306640625,0.3286896049976349,0.07471470355987547
69,87,156,0.9681553852558136,1261.8149256694317,1261.9781494140625,1262.7830810546875,0.8050007820129395,0.16315460324287412
70,86,156,0.5151719725131989,1257.5255995118619,1257.6268310546875,1258.040771484375,0.4139308035373688,0.10124116897583013
71,85,156,0.688895713686943,1247.1436238175631,1247.278564453125,1247.83251953125,0.5539687871932983,0.13492692649364468
72,84,156,-0.026298056829255075,1240.4474406349543,1240.6160888671875,1240.421142578125,-0.19494560360908508,0.16864754677983002
59,98,157,-0.9596314844489098,1269.5229859766364,1269.4732666015625,1268.5633544921875,-0.9098690152168274,-0.049762469232082385
60,97,157,-1.1537579151988029,1276.7728985401989,1276.750244140625,1275.619140625,-1.1311347484588623,-0.02262316673994058
61,96,157,-1.185687837600708,1281.7884710407257,1281.7708740234375,1280.602783203125,-1.168090581893921,-0.017597255706787163
62,95,157,-0.9652944087982178,1285.5898061275482,1285.3690185546875,1284.62451171875,-0.7445793747901917,-0.22071503400802617
63,94,157,-0.6718668133020401,1287.3420328289271,1287.3681640625,1286.670166015625,-0.6980075240135193,0.026140710711479165
64,93,157,-0.3636267404258251,1288.0905554513633,1287.95068359375,1287.7269287109375,-0.2237304002046585,-0.1398963402211666
65,92,157,-0.1198487907089293,1287.0314698844588,1287.1082763671875,1286.91162109375,-0.19663119316101074,0.07678240245208144
66,91,157,0.05349060875363648,1285.0387945474963,1284.9866943359375,1285.09228515625,0.10559409856796265,-0.052103489814326165
67,90,157,0.26891334138810635,1281.556037830487,1281.612548828125,1281.824951171875,0.21244390308856964,0.05646943829953671
68,89,157,0.5951692022383213,1277.4515837274491,1277.4110107421875,1278.0467529296875,0.635715126991272,-0.04054592475295071
69,88,157,0.7624602222442627,1271.9659333324432,1271.92431640625,1272.7283935546875,0.8041254878044128,-0.041665265560150155
70,87,157,0.817404345870018,1265.6626981931925,1265.8525390625,1266.4801025390625,0.6275492906570435,0.18985505521297452
71,86,157,0.6886023789644241,1258.1052208632232,1258.090087890625,1258.7938232421875,0.7036904096603394,-0.015088030695915244
73,84,157,-0.1774680795520544,1239.669655579552,1239.6815185546875,1239.4921875,-0.1893455982208252,0.011877518668770792
60,98,158,-0.7986275905370712,1282.2269723170996,1282.16259765625,1281.4283447265625,-0.7341582179069519,-0.06446937263011931
61,97,158,-1.288096393942833,1286.6622419017554,1286.6512451171875,1285.3741455078125,-1.2771276235580444,-0.010968770384788495
62,96,158,-0.6190482521057129,1292.1297904396058,1292.0145263671875,1291.5107421875,-0.5037850141525269,-0.11526323795318605
63,95,158,-0.9275357809662819,1293.3750455465913,1293.2508544921875,1292.447509765625,-0.8033559918403625,-0.12417978912591932
64,94,158,-0.25956814400851724,1295.9678200971334,1295.8880615234375,1295.708251953125,-0.17981819808483124,-0.079749945923686
65,93,158,-0.18070578403770923,1293.8876149637251,1293.8865966796875,1293.7069091796875,-0.1796848028898239,-0.0010209811478853192
66,92,158,0.0565419084043242,1294.1191172712831,1294.04052734375,1294.1756591796875,0.1350916028022766,-0.07854969439795241
67,91,158,0.31534525521099566,1289.0129018151015,1289.0384521484375,1289.3282470703125,0.2898977994918823,0.025447455719113332
68,90,158,0.18237075991928578,1287.3206809978933,1287.3724365234375,1287.5030517578125,0.13053399324417114,0.05183676667511464
69,89,158,0.8164728212356568,1279.9221746397018,1279.989501953125,1280.7386474609375,0.7491948008537292,0.06727802038192754
70,88,158,0.4255295343697071,1276.4209060125054,1276.5135498046875,1276.846435546875,0.3328157961368561,0.092713738232851
71,87,158,0.8477694988250732,1266.8513271808624,1266.933837890625,1267.6990966796875,0.7652770280838013,0.08249247074127197
72,86,158,0.08025163280544803,1261.0425511015696,1261.0416259765625,1261.122802734375,0.0811287984251976,-0.0008771656197495703
60,99,159,-0.8900551354885101,1286.1298012292384,1286.122802734375,1285.23974609375,-0.8830615878105164,-0.006993547677993761
61,98,159,-0.9529882788658142,1292.2023779273034,1292.1707763671875,1291.2493896484375,-0.9213559031486511,-0.03163237571716304
62,97,159,-0.8550929400324822,1297.187246260345,1297.0418701171875,1296.3321533203125,-0.7098116874694824,-0.14528125256299973
63,96,159,-0.6947436210513115,1300.1205248710512,1300.0950927734375,1299.42578125,-0.6692932844161987,-0.025450336635112758
64,95,159,-0.45580137059092524,1302.016348245591,1301.8311767578125,1301.560546875,-0.27071431279182434,-0.1850870577991009
65,94,159,-0.1580572649091482,1301.961279921159,1302.0196533203125,1301.80322265625,-0.2163974940776825,0.05834022916853429
66,93,159,0.14482200995087624,1300.921095958799,1300.8719482421875,1301.06591796875,0.19401219487190247,-0.049190184921026225
67,92,159,0.3223552697151899,1298.2212238318473,1298.251953125,1298.5435791015625,0.29165059328079224,0.03070467643439767
68,91,159,0.3855964374542236,1294.6456535625457,1294.7010498046875,1295.03125,0.3302021920681,0.05539424538612364
69,90,159,0.526351868212223,1289.8136139521002,1289.927978515625,1290.3399658203125,0.41197091341018677,0.11438095480203625
70,89,159,0.7073045599460602,1284.2753614556789,1284.4088134765625,1284.982666015625,0.5738947987556458,0.13340976119041448
71,88,159,0.7283634600043297,1277.572051579058,1277.5015869140625,1278.3004150390625,0.7988569140434265,-0.07049345403909679
72,87,159,0.47724628150463105,1269.6927976638078,1269.8631591796875,1270.1700439453125,0.3069010078907013,0.17034527361392976
73,86,159,0.019171889706049116,1260.7006767431064,1260.6673583984375,1260.7198486328125,0.052397798746824265,-0.033225909040775145
60,100,160,-0.5514811588823796,1291.2225016666948,1291.194580078125,1290.6710205078125,-0.5235919952392578,-0.027889163643121773
61,99,160,-1.0009969127178193,1296.6646932017802,1296.5823974609375,1295.6636962890625,-0.9186679720878601,-0.08232894062995921
62,98,160,-0.3793588303029537,1303.1867318771779,1303.1385498046875,1302.807373046875,-0.3311440050601959,-0.048214825242757775
63,97,160,-0.9220832860469819,1305.7381233251094,1305.616455078125,1304.8160400390625,-0.8003799915313721,-0.1217032945156098
64,96,160,-0.23020341850817203,1309.3320100591332,1309.28271484375,1309.101806640625,-0.18093599379062653,-0.0492674247175455
65,95,160,-0.35872485995292663,1308.5442717349529,1308.394775390625,1308.185546875,-0.20931600034236908,-0.14940885961055755
66,94,160,0.22552646890282632,1309.4577010701596,1309.4483642578125,1309.6832275390625,0.23478400707244873,-0.009257538169622409
67,93,160,0.5080603756010532,1305.413814624399,1305.3760986328125,1305.921875,0.5458359718322754,-0.037775596231222175
68,92,160,0.45083137884736063,1304.2718248711526,1304.2755126953125,1304.72265625,0.4471279978752136,0.003703380972147008
69,91,160,0.6412823438644409,1297.5750262498855,1297.72998046875,1298.21630859375,0.4863159954547882,0.15496634840965273
70,90,160,0.31433523185551165,1294.701655979082,1294.809814453125,1295.0159912109375,0.2061759978532791,0.10815923400223254
71,89,160,0.8160530918836594,1286.0906851893662,1286.1341552734375,1286.90673828125,0.7725080251693726,0.04354506671428682
72,88,160,0.15962198380380868,1281.0007784068212,1281.0206298828125,1281.160400390625,0.13974399864673615,0.019877985157072536
73,87,160,0.129852991476655,1269.997222203836,1270.123291015625,1270.1270751953125,0.003836000105366111,0.12601699137128888
74,86,160,-0.5312429060041904,1262.769035874754,1262.8463134765625,1262.23779296875,-0.6084880232810974,0.07724511727690697
61,100,161,-0.6577973306179047,1301.7978119790555,1301.8455810546875,1301.1400146484375,-0.7056297063827515,0.04783237576484678
62,99,161,-0.5787666244804859,1307.8304756088555,1307.648681640625,1307.251708984375,-0.3970297873020172,-0.18173683717846867
63,98,161,-0.5482197827100754,1311.9125996655225,1311.9859619140625,1311.3643798828125,-0.6215410232543945,0.0733212405443191
64,97,161,-0.47641529873013494,1315.0245110018552,1314.9180908203125,1314.548095703125,-0.37003740668296814,-0.1063778920471668
65,96,161,-0.2806927788257599,1316.1034466850758,1316.0914306640625,1315.82275390625,-0.2686249017715454,-0.012067877054214471
66,95,161,0.10982077034190298,1316.0326352843456,1315.90283203125,1316.1424560546875,0.23970270156860352,-0.12988193122670055
67,94,161,0.5329029947519303,1314.1212718099355,1314.26123046875,1314.6541748046875,0.3929426074028015,0.13996038734912875
68,93,161,0.7681625267863273,1311.4277603247763,1311.48388671875,1312.1959228515625,0.7119892239570618,0.05617330282926558
69,92,161,0.7264299964904786,1307.3121442222596,1307.39892578125,1308.03857421875,0.6396133899688721,0.0868166065216065
70,91,161,0.5947743946313858,1302.3104990428685,1302.5521240234375,1302.9052734375,0.35313791036605835,0.24163648426532747
71,90,161,0.6285711151361465,1296.5243829864264,1296.4979248046875,1297.1529541015625,0.6550819277763367,-0.026510812640190173
72,89,161,0.49818682968616484,1289.3995182484389,1289.468994140625,1289.897705078125,0.4286555051803589,0.06953132450580596
73,88,161,0.17107736362144352,1281.1143230270036,1281.1494140625,1281.285400390625,0.1359499990940094,0.03512736452743412
75,86,161,-0.6126234301924706,1261.645460344255,1261.6490478515625,1261.0328369140625,-0.6162012219429016,0.0035777917504310475
62,100,162,-0.13351876237429677,1313.4624982545618,1313.4271240234375,1313.3289794921875,-0.09806899726390839,-0.03544976511038839
63,99,162,-0.6707226511836052,1317.0493847605585,1316.9886474609375,1316.378662109375,-0.6099066138267517,-0.06081603735685348
64,98,162,-0.11750154792331159,1321.7788785010482,1321.7640380859375,1321.661376953125,-0.10264260321855545,-0.014858944704756141
65,97,162,-0.5309169524908066,1322.3349941009283,1322.58056640625,1321.8040771484375,-0.7764226198196411,0.2455056673288345
66,96,162,0.16726595658808946,1324.1394967387243,1324.0997314453125,1324.3067626953125,0.20700900256633759,-0.039743045978248126
67,95,162,0.4965380923449993,1321.1129589779675,1321.1768798828125,1321.6094970703125,0.4326587915420532,0.06387930080294607
68,94,162,0.8939862608909607,1320.5192217469216,1320.6881103515625,1321.4132080078125,0.725064218044281,0.16892204284667967
69,93,162,1.0533510750532151,1314.9105161124469,1315.049072265625,1315.9638671875,0.9148383736610413,0.13851270139217386
70,92,162,0.5897497141361236,1312.5768762624264,1312.6103515625,1313.1666259765625,0.5562053918838501,0.03354432225227355
71,91,162,0.6948154273629189,1304.770516603887,1304.838623046875,1305.46533203125,0.6266447901725769,0.068170637190342
72,90,162,0.14421634456142784,1300.402780725751,1300.3929443359375,1300.5469970703125,0.15402980148792267,-0.009813456926494823
73,89,162,0.23798375472426414,1290.1577681984008,1290.2236328125,1290.395751953125,0.17210160195827484,0.0658821527659893
74,88,162,-0.3948030422627926,1283.7062044094503,1283.6590576171875,1283.3114013671875,-0.34766680002212524,-0.04713624224066737
62,101,163,-0.33644853845238687,1317.7426985384525,1317.718994140625,1317.40625,-0.3126438856124878,-0.023804652839899076
63,100,163,-0.3095775034278631,1322.8186107065528,1322.9107666015625,1322.509033203125,-0.4018036127090454,0.0922261092811823
64,99,163,-0.32770432278513906,1327.0414494399727,1326.9432373046875,1326.7137451171875,-0.22952799499034882,-0.09817632779479024
65,98,163,-0.3079987907409668,1329.303360118866,1329.3680419921875,1328.995361328125,-0.37264859676361084,0.06464980602264403
66,97,163,-0.0982389541529119,1330.447360047903,1330.370849609375,1330.34912109375,-0.021692000329494476,-0.07654695382341742
67,96,163,0.3697643907368183,1329.504014906138,1329.5855712890625,1329.873779296875,0.2881790101528168,0.08158538058400155
68,95,163,0.9615900388360024,1327.486896289289,1327.5926513671875,1328.448486328125,0.8558310866355896,0.10575895220041276
69,94,163,1.1986225974559783,1324.0986186134814,1324.371337890625,1325.2972412109375,0.9258838295936584,0.2727387678623199
70,93,163,1.0304916825890542,1320.1554214033486,1320.1544189453125,1321.1859130859375,1.031475305557251,-0.0009836229681967623
71,92,163,0.5671891969442368,1314.7953596311809,1314.86962890625,1315.362548828125,0.4929775893688202,0.07421160757541656
72,91,163,0.39645222693681714,1308.5818192574382,1308.565185546875,1308.978271484375,0.4131264090538025,-0.016674182116985348
73,90,163,0.18474622800946236,1301.017280139178,1301.048095703125,1301.2020263671875,0.15384849905967712,0.030897728949785236
74,89,163,-0.0577746809925884,1292.6174670638052,1292.6396484375,1292.5596923828125,-0.07990089803934097,0.02212621704675257
75,88,163,-0.398183463960886,1283.0115867842733,1282.9510498046875,1282.6134033203125,-0.3376764953136444,-0.06050696864724159
62,102,164,0.0006697652605362237,1323.0969864847395,1323.115966796875,1323.09765625,-0.018369199708104134,0.019038964968640357
63,101,164,-0.40646261602640155,1327.5647878113389,1327.6405029296875,1327.1583251953125,-0.4821504056453705,0.07568778961896894
64,100,164,0.05843789905775339,1333.3545259681298,1333.319580078125,1333.4129638671875,0.0933607965707779,-0.034922897513024506
65,99,164,-0.4699444794654846,1335.0575909638405,1334.9486083984375,1334.587646484375,-0.3608855903148651,-0.10905888915061951
66,98,164,0.09099210908170789,1337.9833487112307,1338.0289306640625,1338.0743408203125,0.045484401285648346,0.045507707796059546
67,97,164,0.12914917029440404,1336.2889416500182,1336.2593994140625,1336.4180908203125,0.15866239368915558,-0.029513223394751542
68,96,164,0.9421552115678787,1336.263655335307,1336.4390869140625,1337.205810546875,0.7666676044464111,0.1754876071214676
69,95,164,1.3274629044532775,1331.4659941267967,1331.6231689453125,1332.79345703125,1.1703424453735352,0.15712045907974237
70,94,164,1.2299228030443192,1329.7393154782058,1329.944091796875,1330.96923828125,1.0251563787460327,0.2047664242982865
71,93,164,0.6320602571964264,1322.7498977506161,1322.7918701171875,1323.3819580078125,0.5899947881698608,0.042065469026565605
72,92,164,0.11342425203882157,1319.1791782870237,1319.185546875,1319.2926025390625,0.10707119852304459,0.006353053515776988
73,91,164,0.21503283485770225,1309.8052308370172,1309.86767578125,1310.020263671875,0.1526608020067215,0.06237203285098075
74,90,164,-0.2957590833306313,1304.0377024427057,1304.0380859375,1303.741943359375,-0.2960459887981415,0.0002869054675102012
75,89,164,-0.2938041766732931,1292.5025444110483,1292.4925537109375,1292.208740234375,-0.2838771939277649,-0.009926982745528223
76,88,164,-0.8332176327705383,1284.635585796833,1284.6624755859375,1283.8023681640625,-0.8601120114326477,0.02689437866210942
63,102,165,-0.12982127537950874,1333.0123896347545,1333.208740234375,1332.882568359375,-0.3261285126209259,0.19630723724141716
64,101,165,-0.1306987418420613,1338.212974132467,1338.2230224609375,1338.082275390625,-0.14076200127601624,0.010063259433954946
65,100,165,-0.17986809685826302,1341.5269139952957,1341.5037841796875,1341.3470458984375,-0.15677349269390106,-0.02309460416436196
66,99,165,-0.14063508760184049,1343.8523050094768,1343.744873046875,1343.711669921875,-0.03316950052976608,-0.1074655870720744
67,98,165,0.08600459412671625,1344.1404358355608,1344.248291015625,1344.2264404296875,-0.021851500496268272,0.10785609462298452
68,97,165,0.6990621545910836,1343.1169778844715,1343.0892333984375,1343.8160400390625,0.7268580198287964,-0.027795865237712825
69,96,165,1.2976879662275314,1340.3551440650224,1340.715576171875,1341.65283203125,0.9372314810752869,0.3604564851522445
70,95,165,1.430561997294426,1337.116923354268,1337.298583984375,1338.5474853515625,1.248916506767273,0.18164549052715295
71,94,165,0.40274973943829534,1332.5314543621241,1332.6630859375,1332.9342041015625,0.27110999822616577,0.13163974121212957
72,93,165,0.28532541066408157,1327.134596464336,1327.073974609375,1327.419921875,0.3458879888057709,-0.060562578141689305
73,92,165,0.10718506641685963,1320.3724291913957,1320.5040283203125,1320.4796142578125,-0.024425499141216278,0.1316105655580759
74,91,165,-0.04090612608939409,1312.7271854229643,1312.735107421875,1312.686279296875,-0.048815999180078506,0.007909873090684416
75,90,165,-0.24863204948604106,1303.801610565111,1303.7508544921875,1303.552978515625,-0.19781650602817535,-0.05081554345786571
64,102,166,0.18100672259926795,1344.1975333164633,1344.1395263671875,1344.3785400390625,0.23908400535583496,-0.05807728275656701
65,101,166,-0.2905935440957546,1346.8508962784708,1346.7950439453125,1346.560302734375,-0.23471799492835999,-0.05587554916739462
66,100,166,0.1568819449469447,1350.853127820678,1350.788330078125,1351.010009765625,0.22163620591163635,-0.06475426096469164
67,99,166,-0.11936050292104483,1350.4910646044837,1350.491943359375,1350.3717041015625,-0.12018779665231705,0.0008272937312722162
68,98,166,0.6541769728064537,1351.472165800631,1351.5633544921875,1352.1263427734375,0.5630486011505127,0.09112837165594101
69,97,166,1.1478095442056655,1347.5853447526692,1347.7432861328125,1348.733154296875,0.9897738099098206,0.15803573429584494
70,96,166,1.4904591351747514,1346.3773387163878,1346.668212890625,1347.8677978515625,1.1995893716812134,0.290869763493538
71,95,166,0.22942309143021702,1340.4310993695074,1340.3131103515625,1340.6605224609375,0.3473503887653351,-0.11792729733511806
72,94,166,0.03977293695556,1337.3614721802319,1337.3687744140625,1337.4012451171875,0.03239240124821663,0.007380535707343372
73,93,166,0.1333035048097372,1328.8746310655029,1328.8251953125,1329.0079345703125,0.18264760076999664,-0.04934409596025943
74,92,166,-0.2632103082537651,1323.7998314020037,1323.8326416015625,1323.53662109375,-0.2959865927696228,0.03277628451585768
75,91,166,-0.16154783569276332,1313.0218993981928,1313.0001220703125,1312.8603515625,-0.13980719447135925,-0.021740641221404067
76,90,166,-0.6507231679558754,1305.8857085195184,1305.81201171875,1305.2349853515625,-0.5769585967063904,-0.07376457124948499
64,103,167,-0.008140858229016884,1348.6840441785416,1348.6156005859375,1348.6759033203125,0.06025239825248718,-0.06839325648150407
65,102,167,-0.03285203720908612,1352.933486802834,1352.940673828125,1352.900634765625,-0.04004700109362602,0.007194963884539905
66,101,167,-0.0445752130181063,1356.2968945489556,1356.1866455078125,1356.2523193359375,0.06564059853553772,-0.11021581155364402
67,100,167,0.014760084878071211,1357.7242535869968,1357.7723388671875,1357.739013671875,-0.03332440182566643,0.04808448670373764
68,99,167,0.32674267306923865,1357.9969877956808,1357.999755859375,1358.32373046875,0.3239215910434723,0.002821082025766364
69,98,167,0.9693711757659912,1356.1630751132966,1356.4713134765625,1357.1324462890625,0.6611058115959167,0.30826536417007444
70,97,167,1.422511004805565,1353.5965319639445,1353.7357177734375,1355.01904296875,1.2833659648895264,0.13914503991603855
71,96,167,-0.004413292757235467,1349.8722111443196,1349.8897705078125,1349.8677978515625,-0.02195739932358265,0.01754410656634718
72,95,167,0.06237719691824168,1345.1630866702692,1345.0489501953125,1345.2254638671875,0.1766050010919571,-0.11422780417371542
73,94,167,0.027402984857326375,1339.095765960455,1339.14990234375,1339.1231689453125,-0.026653800159692764,0.05405678501701914
74,93,167,-0.06941686470061541,1332.2503250678255,1332.109619140625,1332.180908203125,0.07124850153923035,-0.14066536623984577
76,91,167,-0.3420846824347973,1315.0173776511847,1314.9505615234375,1314.67529296875,-0.27530190348625183,-0.06678277894854545
77,90,167,-0.6166522604227066,1304.8136737447976,1304.7418212890625,1304.197021484375,-0.5448418259620667,-0.07181043446063995
65,103,168,-0.1571765247359872,1357.902049571611,1357.9100341796875,1357.744873046875,-0.16516399383544922,0.007987469099462019
66,102,168,0.2430412197113037,1362.8935554599761,1362.9049072265625,1363.1365966796875,0.2316776067018509,0.011363613009452822
67,101,168,-0.139620478823781,1363.6369349319489,1363.6234130859375,1363.497314453125,-0.1261247992515564,-0.013495679572224611
68,100,168,0.49875571072101593,1365.701195461154,1365.7711181640625,1366.199951171875,0.428930401802063,0.06982530891895294
69,99,168,0.6607568746805191,1363.148935508132,1363.3118896484375,1363.8096923828125,0.49783119559288025,0.16292567908763889
70,98,168,1.3695696383714675,1362.5188580960034,1362.7969970703125,1363.888427734375,1.0913840532302856,0.27818558514118186
71,97,168,-0.2635649751871824,1357.5647124361246,1357.5076904296875,1357.3011474609375,-0.20653679966926575,-0.05702817551791667
72,96,168,-0.13759021458216011,1355.0113695114571,1355.0130615234375,1354.873779296875,-0.13920480012893677,0.0016145855467766534
73,95,168,0.004500703431549482,1347.3569494918809,1347.2640380859375,1347.3614501953125,0.09747839719057083,-0.09297769375902135
74,94,168,-0.24094985209405423,1342.941145164594,1342.980712890625,1342.7001953125,-0.2804935872554779,0.039543735161423677
75,93,168,-0.08129397475160659,1332.964228545064,1333.100341796875,1332.8829345703125,-0.2173943966627121,0.1361004219111055
76,92,168,-0.47149118289351466,1326.513117159456,1326.51806640625,1326.0416259765625,-0.47645440697669983,0.004963224083185169
77,91,168,-0.4470539151132107,1314.4223957119882,1314.406982421875,1313.975341796875,-0.43165120482444763,-0.015402710288763055
78,90,168,-0.9225658544898033,1305.9366039404274,1305.968505859375,1305.0140380859375,-0.9544456005096436,0.03187974601984023
66,103,169,0.04365625559585169,1367.9512167912792,1368.013916015625,1367.994873046875,-0.018965400755405426,0.06262165635125712
67,102,169,0.05533707732567564,1370.3802097976743,1370.4315185546875,1370.435546875,0.0040882001630961895,0.05124887716257945
68,101,169,0.18525295969098807,1371.811084930934,1371.7742919921875,1371.996337890625,0.22198179364204407,-0.036728833951056
69,100,169,0.5547490182518959,1371.2072138723731,1371.345458984375,1371.761962890625,0.41653621196746826,0.13821280628442767
70,99,169,1.1147687995433808,1369.5099870598317,1369.6639404296875,1370.624755859375,0.96071857213974,0.15405022740364083
71,98,169,-0.44501332491636275,1366.6073668405413,1366.588623046875,1366.162353515625,-0.42623770236968994,-0.01877562254667281
72,97,169,-0.2329150687903166,1362.6269580375404,1362.440673828125,1362.39404296875,-0.046567898243665695,-0.1863471705466509
73,96,169,-0.1301088496297598,1357.2638979121298,1357.2318115234375,1357.1337890625,-0.09805130213499069,-0.032057547494769106
74,95,169,-0.11723068654537201,1351.1617863506078,1351.076904296875,1351.0445556640625,-0.03243890032172203,-0.08479178622364998
75,94,169,-0.12693901002407074,1343.671128463149,1343.7860107421875,1343.544189453125,-0.24177469313144684,0.1148356831073761
76,93,169,-0.18658805057406425,1335.3734776990116,1335.3173828125,1335.1868896484375,-0.13046780228614807,-0.056120248287916175
77,92,169,-0.3597759538888931,1325.8603863054514,1325.9053955078125,1325.5006103515625,-0.40485361218452454,0.04507765829563143
67,103,170,-0.10558745794929564,1375.9215054266992,1375.9443359375,1375.81591796875,-0.12843400239944458,0.022846544450148942
68,102,170,0.4439355033636093,1379.0077246528863,1379.031982421875,1379.45166015625,0.419607013463974,0.02432848989963532
69,101,170,0.24261685252189635,1377.8046243584156,1377.9375,1378.0472412109375,0.10985200107097626,0.1327648514509201
70,100,170,1.0567523363232612,1378.0012310621141,1378.1236572265625,1379.0579833984375,0.9342830181121826,0.12246931821107854
71,99,170,-0.678765339255333,1373.9774713939428,1373.8836669921875,1373.2987060546875,-0.584962010383606,-0.09380332887172704
72,98,170,-0.3733191905915737,1372.082669776529,1372.0489501953125,1371.7093505859375,-0.3395540118217468,-0.033765178769826876
73,97,170,-0.22656975280493497,1365.3066478778048,1365.150390625,1365.080078125,-0.0703049972653389,-0.15626475553959607
74,96,170,-0.2579077822342515,1361.4926489931718,1361.521240234375,1361.2347412109375,-0.28639400005340576,0.02848621781915428
75,95,170,-0.05201639109873213,1352.3315574067237,1352.35205078125,1352.279541015625,-0.07254000008106232,0.020523608982330188
76,94,170,-0.3266627897322178,1346.5548122037947,1346.5914306640625,1346.2281494140625,-0.3631860017776489,0.03652321204543113
78,92,170,-0.6762944146990776,1327.473901836574,1327.400146484375,1326.797607421875,-0.6026049852371216,-0.073689429461956
67,104,171,0.08165372279472649,1382.2545279178303,1382.2958984375,1382.336181640625,0.040240898728370667,0.041412824066355824
68,103,171,0.13822383246384562,1384.7196863237862,1384.713623046875,1384.85791015625,0.14429159462451935,-0.006067762160673729
69,102,171,0.2927554515749216,1385.2727963062375,1385.4237060546875,1385.5655517578125,0.14187990128993988,0.15087555028498173
70,101,171,0.6933500012755394,1384.696908787787,1384.7379150390625,1385.3902587890625,0.6523754000663757,0.04097460120916363
71,100,171,-0.7318395495414733,1382.5448278307915,1382.4771728515625,1381.81298828125,-0.664219081401825,-0.0676204681396484
72,99,171,-0.48839939534664156,1379.4111288875342,1379.2977294921875,1378.9227294921875,-0.3750477135181427,-0.11335168182849886
73,98,171,-0.3438891214132309,1374.8532885354757,1374.8043212890625,1374.5093994140625,-0.2949293851852417,-0.048959736227989215
74,97,171,-0.22986213579773904,1369.5079383076727,1369.3878173828125,1369.278076171875,-0.10970179736614227,-0.12016033843159676
75,96,171,-0.1391635337844491,1362.7409701744095,1362.7696533203125,1362.601806640625,-0.16784009337425232,0.028676559589803224
76,95,171,-0.08026801731437444,1355.158759228252,1355.0343017578125,1355.0784912109375,0.04425010085105896,-0.1245181181654334
77,94,171,-0.1270459258928895,1346.3152783477678,1346.36669921875,1346.188232421875,-0.17850449681282043,0.051458570919930946
78,93,171,-0.319238373413682,1336.7451416937263,1336.638916015625,1336.4259033203125,-0.21299070119857788,-0.10624767221510412
79,92,171,-0.6373022437095642,1326.0179174780847,1325.9522705078125,1325.380615234375,-0.5716798901557922,-0.065622353553772
68,104,172,0.38994398780167105,1391.5132542543859,1391.5496826171875,1391.9031982421875,0.35350561141967773,0.03643837638199332
69,103,172,-0.006682107341475785,1391.476530740154,1391.6583251953125,1391.4698486328125,-0.1884123980998993,0.1817302907584235
70,102,172,0.7376680412888527,1392.6629667243362,1392.7579345703125,1393.400634765625,0.6427260041236877,0.09494203716516492
71,101,172,-0.9522189232707023,1389.6015109154582,1389.4561767578125,1388.6492919921875,-0.8068447709083557,-0.14537415236234663
72,100,172,-0.497508097589016,1388.3994856366514,1388.3399658203125,1387.9019775390625,-0.4379507899284363,-0.059557307660579706
73,99,172,-0.44689296662807465,1382.6075374978782,1382.4853515625,1382.16064453125,-0.3246631920337677,-0.12222977459430695
74,98,172,-0.3322468461096287,1379.4696980179847,1379.47021484375,1379.137451171875,-0.3328203856945038,0.0005735395848751046
75,97,172,-0.11006944404914976,1371.1591417096743,1371.157470703125,1371.049072265625,-0.1084119975566864,-0.0016574464924633547
76,96,172,-0.22707860507071018,1366.0218784097583,1366.052001953125,1365.7947998046875,-0.25716719031333923,0.030088585242629057
77,95,172,0.04045414333930239,1355.3650634347857,1355.4053955078125,1355.405517578125,0.0001436000020476058,0.040310543337254784
78,94,172,-0.39808006048202516,1348.371224591732,1348.350341796875,1347.97314453125,-0.3771120011806488,-0.02096805930137635
79,93,172,-0.426488329321146,1335.765355516821,1335.779296875,1335.3388671875,-0.44039639830589294,0.013908068984746946
80,92,172,-0.8408036971092224,1326.6284013533593,1326.7403564453125,1325.78759765625,-0.9527007937431335,0.11189709663391112
69,104,173,0.16452673364430667,1398.4016353757306,1398.6121826171875,1398.566162109375,-0.04595090076327324,0.2104776344075799
70,103,173,0.31673931613564493,1399.0242030666768,1399.125,1399.3409423828125,0.2159252017736435,0.10081411436200144
71,102,173,-0.8884202298521996,1397.7010423001648,1397.67236328125,1396.8126220703125,-0.8597975969314575,-0.028622632920742075
72,101,173,-0.5815445645153523,1395.3868424160778,1395.4207763671875,1394.8052978515625,-0.6155372262001038,0.03399266168475146
73,100,173,-0.4648671743273735,1391.7088857290148,1391.623291015625,1391.2440185546875,-0.37924501299858093,-0.08562216132879258
74,99,173,-0.34619459226727484,1387.2238801391422,1387.1717529296875,1386.877685546875,-0.294030100107193,-0.05216449216008184
75,98,173,-0.20613623328506947,1381.2375083035977,1381.2158203125,1381.0313720703125,-0.18447640538215637,-0.021659827902913098
76,97,173,-0.04983961360063404,1374.3979841448506,1374.31787109375,1374.34814453125,0.030200699344277382,-0.08004031294491143
77,96,173,0.03936066777445376,1366.223456715038,1366.36572265625,1366.2628173828125,-0.10296399891376495,0.14232466668821872
78,95,173,-0.026776737263426185,1357.3402532997634,1357.251708984375,1357.3134765625,0.06179120019078255,-0.08856793745420874
79,94,173,-0.2879791846126318,1347.3302155127376,1347.3646240234375,1347.042236328125,-0.3224203884601593,0.034441203847527524
69,105,174,-0.07607247191481292,1404.1755597766023,1404.2918701171875,1404.0994873046875,-0.19241680204868317,0.11634433013387024
70,104,174,0.5170752525329589,1406.421157169342,1406.589599609375,1406.938232421875,0.3486306071281433,0.16844464540481563
71,103,174,-1.0986066380143165,1404.441502145827,1404.4329833984375,1403.3428955078125,-1.0900959968566895,-0.008510641157627008
72,102,174,-0.4998913860321045,1403.945448026657,1403.9249267578125,1403.445556640625,-0.47933340072631836,-0.02055798530578612
73,101,174,-0.539754788428545,1399.137044827491,1399.038818359375,1398.5972900390625,-0.441487193107605,-0.09826759532093998
74,100,174,-0.3646810258924961,1396.767635127455,1396.7427978515625,1396.4029541015625,-0.33975279331207275,-0.02492823258042337
75,99,174,-0.19716266136616467,1389.384906801991,1389.4063720703125,1389.187744140625,-0.21872560679912567,0.021562945432961
76,98,174,-0.17982960034161807,1384.9182329206542,1384.9464111328125,1384.7384033203125,-0.20795319974422455,0.028123599402606475
77,97,174,0.1838986736908555,1375.0142214434966,1374.95458984375,1375.1981201171875,0.2435401976108551,-0.059641523919999606
78,96,174,-0.1554945493862033,1368.6972425962613,1368.703857421875,1368.541748046875,-0.16208820044994354,0.006593651063740241
80,94,174,-0.5965116336941719,1348.5157010868193,1348.462646484375,1347.919189453125,-0.5434073805809021,-0.05310425311326983
69,106,175,0.09685188803821802,1410.6879381510244,1410.809326171875,1410.7847900390625,-0.024477500468492508,0.12132938850671053
70,105,175,0.1658866162225604,1412.3316719775275,1412.4119873046875,1412.49755859375,0.0855725035071373,0.0803141127154231
71,104,175,-0.9290149468183517,1412.0802600640059,1412.0997314453125,1411.1512451171875,-0.9485099911689758,0.019495044350624102
72,103,175,-0.6028891408443451,1410.6358481252194,1410.6334228515625,1410.032958984375,-0.6005374789237976,-0.0023516619205474765
73,102,175,-0.4797801433503628,1407.8103465496004,1407.7779541015625,1407.33056640625,-0.447380006313324,-0.03240013703703881
74,101,175,-0.3731402583420277,1404.2074908442796,1404.2197265625,1403.8343505859375,-0.3854750096797943,0.012334751337766625
75,100,175,-0.24250697135925292,1399.0695333385468,1399.0928955078125,1398.8270263671875,-0.26594001054763794,0.02343303918838502
76,99,175,-0.06502758285962046,1393.0577033641096,1393.127685546875,1392.99267578125,-0.13494500517845154,0.06991742231883108
77,98,175,0.11534047527238726,1385.6051185091026,1385.6343994140625,1385.720458984375,0.08594000339508057,0.029400471877306697
78,97,175,0.19487952932715416,1377.3971614862978,1377.166259765625,1377.592041015625,0.425819993019104,-0.23094046369194984
79,96,175,0.03886452358216047,1368.064895242043,1368.0789794921875,1368.103759765625,0.024867499247193336,0.013997024334967134
80,95,175,-0.24332451283931733,1357.9778215831518,1357.8623046875,1357.7344970703125,-0.12784500420093536,-0.11547950863838197
69,107,176,-0.11212576573714614,1416.0692790860496,1415.94140625,1415.9571533203125,0.01573359966278076,-0.1278593653999269
70,106,176,0.4123061491549015,1419.2815415070952,1419.279052734375,1419.69384765625,0.4147872030735016,-0.0024810539186000957
71,105,176,-1.108306309580803,1418.4778131455182,1418.3876953125,1417.3695068359375,-1.0181783437728882,-0.09012796580791482
72,104,176,-0.45962434500455857,1418.787871415317,1418.7994384765625,1418.3282470703125,-0.4712303876876831,0.01160604268312454
73,103,176,-0.5785958880186081,1414.9575021380185,1414.8060302734375,1414.37890625,-0.42712560296058655,-0.15147028505802151
74,102,176,-0.32002365089952944,1413.343583221212,1413.2999267578125,1413.0235595703125,-0.27630558609962463,-0.04371806479990481
75,101,176,-0.22432838641107083,1406.9126828785986,1406.9388427734375,1406.6883544921875,-0.2505432069301605,0.026214820519089688
76,100,176,-0.13664903216063976,1403.1906041102857,1403.2247314453125,1403.053955078125,-0.17078560590744019,0.03413657374680043
77,99,176,0.22653776954859495,1394.143213207014,1394.1932373046875,1394.3697509765625,0.17651279270648956,0.050024976842105384
78,98,176,0.040993998602498326,1388.459372212335,1388.462890625,1388.5003662109375,0.03756159916520119,0.0034323994372971386
79,97,176,0.26796385787427424,1377.2461962983757,1377.267578125,1377.51416015625,0.24656879901885986,0.021395058855414373
80,96,176,-0.29726018764078616,1369.7580756173284,1369.7489013671875,1369.4608154296875,-0.28806400299072266,-0.0091961846500635
81,95,176,-0.36499812379479407,1356.5904619909822,1356.59716796875,1356.2254638671875,-0.37164080142974854,0.006642677634954464
70,107,177,0.05158653704449535,1424.8304935410806,1424.845458984375,1424.882080078125,0.036684300750494,0.014902236294001343
71,106,177,-0.755728992074728,1425.5725014530121,1425.4605712890625,1424.8167724609375,-0.6437615156173706,-0.11196747645735738
72,105,177,-0.6309433791041374,1425.224449238479,1425.175048828125,1424.593505859375,-0.581560492515564,-0.04938288658857348
73,104,177,-0.4934006868302822,1423.2525559602677,1423.2266845703125,1422.7591552734375,-0.4675152897834778,-0.025885397046804426
74,103,177,-0.34368005439639093,1420.4855257575214,1420.431396484375,1420.141845703125,-0.28945431113243103,-0.0542257432639599
75,102,177,-0.20464213393628597,1416.1862095167487,1416.2164306640625,1415.9815673828125,-0.23485329747200012,0.030211163535714153
76,101,177,-0.05110981846228242,1411.0553822793997,1411.121337890625,1411.0042724609375,-0.11706669628620148,0.06595687782391906
77,100,177,0.1372314417734742,1404.417822269164,1404.4300537109375,1404.5550537109375,0.12499439716339111,0.012237044610083098
78,99,177,0.33277346946299075,1396.9249169602244,1396.970703125,1397.2576904296875,0.2870407998561859,0.04573266960680483
79,98,177,0.29428982257843017,1388.2690646696092,1388.3636474609375,1388.5633544921875,0.1997728943824768,0.09451692819595336
80,97,177,0.11717066233977676,1378.8779465251603,1378.8114013671875,1378.9951171875,0.1837380975484848,-0.06656743520870805
81,96,177,-0.3400330155342817,1368.4478211014718,1368.59326171875,1368.1077880859375,-0.4854935109615326,0.14546049542725087
70,108,178,0.22974220540374518,1431.4586122867838,1431.607421875,1431.6883544921875,0.08092919737100601,0.14881300803273917
71,107,178,-0.8856498265266418,1431.5997611546516,1431.48583984375,1430.714111328125,-0.7717611789703369,-0.1138886475563049
72,106,178,-0.3537171070277691,1432.8925354664027,1432.801025390625,1432.538818359375,-0.2621963918209076,-0.0915207152068615
74,104,178,-0.27813014924526214,1429.2662893289328,1429.2080078125,1428.9881591796875,-0.21979519724845886,-0.058334951996803275
75,103,178,-0.19548292975872755,1423.7363764844463,1423.6719970703125,1423.5408935546875,-0.13115279376506805,-0.0643301359936595
76,102,178,-0.04538278634892776,1420.7779267316614,1420.780517578125,1420.7325439453125,-0.04787839949131012,0.0024956131423823566
77,101,178,0.23027910791337491,1412.6850040952115,1412.708251953125,1412.915283203125,0.2070859968662262,0.023193111047148718
78,100,178,0.19265971541404725,1407.650357862711,1407.6690673828125,1407.843017578125,0.17396600544452667,0.018693709969520578
79,99,178,0.5198410739004612,1397.1758376370371,1397.1922607421875,1397.6956787109375,0.5034611821174622,0.016379891782999034
80,98,178,-0.01268222828861326,1390.4221060564137,1390.4222412109375,1390.409423828125,-0.012804600410163403,0.00012237212155014228
82,96,178,-0.47416630387306213,1369.0070032179356,1368.96875,1368.5328369140625,-0.43599021434783936,-0.03817608952522278
71,108,179,-0.41782240957021716,1438.2122560033201,1438.2783203125,1437.79443359375,-0.48391759395599365,0.0660951843857765
72,107,179,-0.591633238941431,1439.0657543326915,1438.9000244140625,1438.47412109375,-0.4258846044540405,-0.16574863448739052
73,106,179,-0.5630988967418671,1438.0788459670543,1438.0120849609375,1437.5157470703125,-0.496255099773407,-0.0668437969684601
74,105,179,-0.4049977420270443,1436.1914967654645,1436.16748046875,1435.7864990234375,-0.38099589943885803,-0.024001842588186273
75,104,179,-0.17550679128617047,1432.6597597209736,1432.6741943359375,1432.4842529296875,-0.19002139568328857,0.014514604397118103
76,103,179,0.02247875333763659,1428.3514226138498,1428.3277587890625,1428.3739013671875,0.04619240015745163,-0.02371364681981504
77,102,179,0.1898576056957245,1422.5697859489917,1422.60693359375,1422.7596435546875,0.1526608020067215,0.037196803689002994
78,101,179,0.41817844316363334,1415.8851662833988,1416.010986328125,1416.3033447265625,0.29231390357017517,0.12586453959345817
79,100,179,0.4863512250781059,1407.9286878374219,1407.9490966796875,1408.4150390625,0.46590539813041687,0.02044582694768904
80,99,179,0.42401093572378157,1399.2346804705262,1399.111083984375,1399.65869140625,0.5476050972938538,-0.12359416157007219
81,98,179,-0.09306430561468006,1389.6374978993647,1389.6654052734375,1389.54443359375,-0.12106180191040039,0.027997496295720334
82,97,179,-0.129295734167099,1378.666405109167,1378.5618896484375,1378.537109375,-0.0247770007699728,-0.1045187333971262
71,109,180,-0.566910275220871,1443.9316563689708,1443.967041015625,1443.36474609375,-0.6023920178413391,0.035481742620468104
72,108,180,-0.17579821050167083,1446.2381761401891,1446.2877197265625,1446.0623779296875,-0.2253420054912567,0.04954379498958589
73,107,180,-0.8009340798854828,1444.7359926736356,1444.6595458984375,1443.93505859375,-0.724452018737793,-0.07648206114768985
74,106,180,-0.3500078609585762,1444.634797900021,1444.579833984375,1444.2847900390625,-0.2950119972229004,-0.05499586373567583
75,105,180,-0.2685589247941971,1440.0050091201067,1439.99853515625,1439.7364501953125,-0.26209598779678345,-0.006462936997413626
76,104,180,0.05148997069336474,1437.7126701855566,1437.735107421875,1437.76416015625,0.02912200056016445,0.022367970133200285
77,103,180,0.27996724128723144,1430.5429087352752,1430.5740966796875,1430.8228759765625,0.24883399903774261,0.031133242249488824
78,102,180,0.3453660038858652,1426.2172560664267,1426.2440185546875,1426.5626220703125,0.3185420036315918,0.026824000254273395
79,101,180,0.6944289004802704,1416.5708298885822,1416.657470703125,1417.2652587890625,0.607807993888855,0.08662090659141541
80,100,180,0.26229198589921,1410.4957646547257,1410.5,1410.758056640625,0.25800201296806335,0.004289972931146635
81,99,180,0.3846802418678999,1398.764001398757,1398.8575439453125,1399.148681640625,0.2911199927330017,0.09356024913489819
82,98,180,-0.2157069169357419,1390.6601649247482,1390.6258544921875,1390.4444580078125,-0.1814740002155304,-0.034232916720211504
71,110,181,-0.12938717545941472,1450.199333464522,1450.1593017578125,1450.0699462890625,-0.08934810012578964,-0.04003907533362508
72,109,181,-0.39407899260520934,1452.0558221566678,1451.9825439453125,1451.6617431640625,-0.32084301114082336,-0.07323598146438598
73,108,181,-0.5624447405338288,1452.150823646784,1452.236328125,1451.58837890625,-0.6479049921035767,0.0854602515697479
74,107,181,-0.5703967121243477,1451.3265002277494,1451.2489013671875,1450.756103515625,-0.4927414059638977,-0.07765530616045002
75,106,181,-0.3193941494822502,1448.6411714932322,1448.75,1448.32177734375,-0.42815539240837097,0.10876124292612077
76,105,181,0.019863482243381442,1445.069614056819,1445.0001220703125,1445.0894775390625,0.08933970332145691,-0.06947622107807547
77,104,181,0.28369475580751896,1440.03747223638,1440.130859375,1440.3211669921875,0.19031980633735657,0.0933749494701624
78,103,181,0.5355078038573265,1434.183364266455,1434.2669677734375,1434.7188720703125,0.4518949091434479,0.08361289471387867
79,102,181,0.6556866562366486,1426.9939715468884,1426.9742431640625,1427.649658203125,0.6753020882606506,-0.019615432024002066
80,101,181,0.6985547056794167,1419.0187304505705,1418.98193359375,1419.71728515625,0.7353647947311401,-0.03681008905172345
81,100,181,0.20479669297114014,1410.1861945179664,1410.337158203125,1410.3909912109375,0.053787700831890106,0.15100899213925004
82,99,181,0.25903076287359,1399.9156518543139,1399.86669921875,1400.1746826171875,0.30795758962631226,-0.04892682675272225
72,110,182,0.11098202505148948,1458.7730511780735,1458.7005615234375,1458.884033203125,0.18346579372882843,-0.07248376867733895
73,109,182,-0.7016200199723244,1458.3813075199723,1458.2991943359375,1457.6796875,-0.6195424199104309,-0.08207760006189346
74,108,182,-0.4207073484361172,1459.319144848436,1459.3323974609375,1458.8984375,-0.43394720554351807,0.013239857107400888
75,107,182,-0.49544342249631884,1455.7535000631212,1455.75,1455.258056640625,-0.4919047951698303,-0.0035386273264885193
76,106,182,0.0029578600102104246,1454.1318077649898,1454.130615234375,1454.134765625,0.004176599904894829,-0.0012187398946844042
77,105,182,0.31222678773105145,1447.769316181019,1447.7908935546875,1448.08154296875,0.29064640402793884,0.021580383703112604
78,104,182,0.5298026636242866,1444.1153389379383,1444.125244140625,1444.6451416015625,0.5199537873268127,0.009848876297473885
79,103,182,0.8430453982949256,1435.3669155392051,1435.4783935546875,1436.2099609375,0.7314556241035461,0.1115897741913795
80,102,182,0.5684076318144798,1429.9291509619354,1429.968994140625,1430.49755859375,0.5285868048667908,0.03982082694768907
81,101,182,0.8014295026659966,1418.9198839738965,1418.93701171875,1419.7213134765625,0.7843077778816223,0.017121724784374237
82,100,182,0.09677232020767405,1411.6802052188548,1411.6519775390625,1411.7769775390625,0.12501280009746552,-0.02824047988979146
71,112,183,0.5134276169538498,1461.1131592971087,1461.220703125,1461.6265869140625,0.40591248869895935,0.1075151282548904
72,111,183,0.11339501276379452,1464.0229575262988,1464.0057373046875,1464.1363525390625,0.13053549826145172,-0.017140485497657204
73,110,183,-0.3132087948918343,1465.2721931698918,1465.2333984375,1464.958984375,-0.27441999316215515,-0.038788801729679134
74,109,183,-0.5718088424205781,1465.6055002486705,1465.523193359375,1465.03369140625,-0.48948219418525696,-0.0823266482353211
75,108,183,-0.4916563233733177,1463.9710264405608,1464.184814453125,1463.4793701171875,-0.7054483294487,0.21379200607538223
76,107,183,-0.12952564164996147,1461.2666106025874,1461.256591796875,1461.1370849609375,-0.11949209868907928,-0.010033542960882186
77,106,183,0.2929643426090479,1456.9348188605159,1457.0125732421875,1457.227783203125,0.2151792049407959,0.07778513766825201
78,105,183,0.6962670612335206,1451.796286649704,1451.80126953125,1452.4925537109375,0.6911702156066895,0.0050968456268311035
79,104,183,0.8332294252514839,1445.4229961606861,1445.437255859375,1446.2562255859375,0.8189147710800171,0.014314654171466823
80,103,183,0.9515089419484138,1438.2113328549267,1438.26806640625,1439.162841796875,0.8948044776916504,0.056704464256763454
81,102,183,0.6305064015090466,1430.0070668406784,1430.268310546875,1430.6375732421875,0.3692396879196167,0.2612667135894299
82,101,183,0.7149658665060997,1420.5133056178688,1420.478759765625,1421.228271484375,0.7495430111885071,-0.03457714468240736
72,112,184,0.7476293614506722,1470.2389429041743,1470.29296875,1470.986572265625,0.6936048269271851,0.0540245345234871
73,111,184,-0.19824940422549844,1470.9126048729754,1470.8505859375,1470.71435546875,-0.13634400069713593,-0.06190540352836252
74,110,184,-0.25731690108776095,1473.0703051823377,1472.934326171875,1472.81298828125,-0.12129680067300797,-0.136020100414753
75,109,184,-0.5797820036113263,1470.671456808299,1470.666259765625,1470.0916748046875,-0.5746127963066101,-0.00516920730471615
76,108,184,-0.10336836470291018,1469.9338127006404,1469.916748046875,1469.8304443359375,-0.08631519973278046,-0.017053164970129722
77,107,184,0.2773537182062864,1464.3997703052312,1464.49267578125,1464.6771240234375,0.18444719910621643,0.09290651910006997
78,106,184,0.6974896517395973,1461.3823443326355,1461.431884765625,1462.079833984375,0.6478583812713623,0.04963127046823501
79,105,184,1.0114485210180282,1453.509059291482,1453.6358642578125,1454.5205078125,0.8846752047538757,0.12677331626415245
80,104,184,0.8581732428073883,1448.7599908196926,1448.8795166015625,1449.6181640625,0.738646388053894,0.11952685475349423
81,103,184,1.1509577146172523,1438.5359319338202,1438.6357421875,1439.6868896484375,1.0511231422424316,0.09983457237482063
82,102,184,0.5440725123882294,1431.9765573704242,1432.0216064453125,1432.5206298828125,0.49894240498542786,0.045130107402801545
72,113,185,1.3718347245454787,1475.2761144942044,1475.1846923828125,1476.64794921875,1.463246464729309,-0.09141174018383036
73,112,185,0.35422585979104043,1477.256369843334,1477.4769287109375,1477.610595703125,0.13372249901294708,0.22050336077809335
74,111,185,-0.19788172107189894,1478.802129767947,1478.68798828125,1478.604248046875,-0.08373550325632095,-0.11414621781557799
75,110,185,-0.4122733162343502,1478.354289917797,1478.3369140625,1477.9420166015625,-0.39486849308013916,-0.017404823154211047
76,109,185,-0.19025991387665273,1476.6909923357516,1476.5413818359375,1476.500732421875,-0.04066950082778931,-0.14959041304886342
77,108,185,0.2778988889604807,1473.1854800172896,1473.2886962890625,1473.46337890625,0.17471900582313538,0.10317988313734533
78,107,185,0.838775854408741,1468.7693784424662,1468.85888671875,1469.608154296875,0.7491884827613831,0.08958737164735797
79,106,185,1.0084649315476417,1463.2113837012648,1463.24658203125,1464.2198486328125,0.9732149839401245,0.03524994760751721
80,105,185,1.1556650131940842,1456.824803736806,1456.7896728515625,1457.98046875,1.190766453742981,-0.035101440548896745
81,104,185,1.0237298506498336,1449.249463508725,1449.58154296875,1450.273193359375,0.6917139887809753,0.33201586186885823
82,103,185,1.1131904819607734,1440.5717460414767,1440.5826416015625,1441.6849365234375,1.1022950410842896,0.010895440876483864
72,114,186,1.7976563781499864,1481.3054930359126,1481.3603515625,1483.1031494140625,1.742804765701294,0.05485161244869241
73,113,186,1.0184924319386481,1482.7124645993113,1482.761474609375,1483.73095703125,0.9694597721099854,0.049032659828662783
74,112,186,0.18868756406009196,1485.8219325531275,1485.880126953125,1486.0106201171875,0.1305163949728012,0.05817116908729075
75,111,186,-0.29287407457828524,1484.5122344261408,1484.5164794921875,1484.2193603515625,-0.2971617877483368,0.004287713170051555
76,110,186,-0.059934511696919796,1484.8939188866968,1484.806884765625,1484.833984375,0.0271735992282629,-0.0871081109251827
77,109,186,0.3339625648409128,1480.2586888023466,1480.19677734375,1480.5926513671875,0.39590218663215637,-0.06193962179124357
78,108,186,0.7886837348341942,1478.0597049370408,1478.1065673828125,1478.848388671875,0.7418516278266907,0.04683210700750351
79,107,186,1.150577693581581,1471.0284994548558,1471.174560546875,1472.1790771484375,1.0044926404953003,0.14608505308628073
80,106,186,1.061660985648632,1467.0420987799764,1467.2164306640625,1468.103759765625,0.8873469829559326,0.17431400269269948
81,105,186,1.3756378430128098,1457.6598846179247,1457.7779541015625,1459.0355224609375,1.2575054168701172,0.11813242614269259
82,104,186,0.9802767759561539,1451.6819546693564,1451.7935791015625,1452.6622314453125,0.8685879707336426,0.11168880522251134
83,103,186,1.0921503594517707,1439.4397099921107,1439.475830078125,1440.5318603515625,1.0560450553894043,0.03610530406236645
84,102,186,-0.017380950169172137,1431.2959454032941,1431.446533203125,1431.278564453125,-0.16787679493427277,0.15049584476510064
73,114,187,1.356120069026947,1488.8690996575356,1489.1207275390625,1490.2252197265625,1.1044999361038208,0.25162013292312624
74,113,187,0.6359558252990246,1491.460968002826,1491.3468017578125,1492.096923828125,0.7500584125518799,-0.11410258725285527
75,112,187,0.015132758085383103,1491.673465874727,1491.876953125,1491.6885986328125,-0.18840530514717102,0.20353806323255413
76,111,187,0.018551097675226627,1491.1438024179497,1491.09716796875,1491.162353515625,0.06517820060253143,-0.046627102927304806
77,110,187,0.3815038096904755,1488.6304590809345,1488.6451416015625,1489.011962890625,0.3668596148490906,0.014644194841384905
78,109,187,0.8978886118531227,1485.1538692006468,1484.998779296875,1486.0517578125,1.0529286861419678,-0.15504007428884503
79,108,187,1.087369331419468,1480.4380212935805,1480.559814453125,1481.525390625,0.9655598998069763,0.12180943161249158
80,107,187,1.2847862112522126,1474.8703651559354,1474.8671875,1476.1551513671875,1.2878764867782593,-0.003090275526046682
81,106,187,1.243183097243309,1468.0396538168193,1468.4110107421875,1469.2828369140625,0.871845006942749,0.3713380903005601
82,105,187,1.3757635432481765,1460.1587823551893,1460.1710205078125,1461.5345458984375,1.3635129928588867,0.012250550389289794
83,104,187,0.99939090102911,1450.6547839036584,1450.784912109375,1451.6541748046875,0.8692479133605957,0.1301429876685143
84,103,187,0.3455672735720873,1440.614393663928,1440.7955322265625,1440.9599609375,0.1643756926059723,0.18119158096611498
74,114,188,0.9358775398135185,1498.176305077374,1498.1820068359375,1499.1121826171875,0.9301983714103699,0.005679168403148638
75,113,188,0.3808454130589962,1497.823012008816,1497.7486572265625,1498.203857421875,0.45525720715522766,-0.07441179409623144
76,112,188,0.21009413074702024,1498.9164927833156,1499.0867919921875,1499.1265869140625,0.03986719995737076,0.17022693078964948
77,111,188,0.4978246031701565,1495.313454693705,1495.5120849609375,1495.811279296875,0.29927441477775574,0.19855018839240074
78,110,188,0.765225125849247,1494.1717865929008,1494.2056884765625,1494.93701171875,0.7312924265861511,0.033932699263095834
79,109,188,1.1666538938879967,1488.0050990357995,1487.9737548828125,1489.1717529296875,1.1980043649673462,-0.03135047107934952
80,108,188,1.124693101644516,1484.8147600233556,1485.0184326171875,1485.939453125,0.9210079908370972,0.2036851108074189
81,107,188,1.5032164430618287,1476.2459290647507,1476.3741455078125,1477.7491455078125,1.3750044107437134,0.1282120323181153
82,106,188,1.2588639950752258,1470.9299787783623,1471.06640625,1472.1888427734375,1.1224331855773926,0.13643080949783326
83,105,188,1.352323707342148,1459.553193870783,1459.6678466796875,1460.905517578125,1.2377047538757324,0.11461895346641549
84,104,188,0.20255022655241192,1452.2586314140726,1452.2349853515625,1452.461181640625,0.2261728048324585,-0.023622578280046574
75,114,189,0.5588285480439663,1504.716317936331,1504.7822265625,1505.275146484375,0.49301549792289734,0.06581305012106897
76,113,189,0.3878763838112354,1505.2219868974387,1505.007568359375,1505.60986328125,0.6023519039154053,-0.21447552010416987
77,112,189,0.5137198612093925,1503.339917834103,1503.68798828125,1503.8536376953125,0.16555540263652802,0.3481644585728645
78,111,189,0.8310171401500702,1500.9712289535998,1500.9254150390625,1501.80224609375,0.8768494725227356,-0.045832332372665374
79,110,189,1.0107687017321587,1497.146213720143,1497.255615234375,1498.156982421875,0.901343584060669,0.10942511767148977
80,109,189,1.2630168306827545,1492.4087360990047,1492.5177001953125,1493.6717529296875,1.1539711952209473,0.10904563546180723
81,108,189,1.2993835073709488,1486.351983680129,1486.72509765625,1487.6513671875,0.9262943863868713,0.3730891209840774
82,107,189,1.5509621971845626,1479.2081930762529,1479.170654296875,1480.7591552734375,1.5884188413619995,-0.03745664417743688
83,106,189,1.2892565089464187,1470.3955579441786,1470.6090087890625,1471.684814453125,1.0758188962936401,0.2134376126527786
84,105,189,0.6479221846163273,1461.1836207841336,1461.1839599609375,1461.83154296875,0.647533118724823,0.00038906589150433657
74,116,190,1.1174938917160033,1509.9873645067214,1510.025634765625,1511.1048583984375,1.0792109966278076,0.03828289508819571
75,115,190,0.5837704192101956,1510.3647159089148,1510.4573974609375,1510.948486328125,0.4910790026187897,0.0926914165914059
76,114,190,0.38954551160335543,1512.7986869102717,1512.7999267578125,1513.188232421875,0.38830700516700745,0.0012385064363479859
77,113,190,0.5744727978110313,1510.1634422412515,1510.0633544921875,1510.7379150390625,0.674576997756958,-0.10010419994592668
78,112,190,0.6207743941247463,1509.7028340043128,1509.8338623046875,1510.3236083984375,0.48972100019454956,0.13105339393019677
79,111,190,1.007992791235447,1504.4702786931396,1504.57861328125,1505.478271484375,0.899744987487793,0.10824780374765397
80,110,190,1.0048211061954497,1502.102234557867,1502.333251953125,1503.1070556640625,0.7736939787864685,0.23112712740898123
81,109,190,1.4606556057929994,1494.3509899020196,1494.5465087890625,1495.8116455078125,1.265144944190979,0.19551066160202035
82,108,190,1.3751314330101012,1489.7082425904273,1489.8145751953125,1491.0833740234375,1.268813967704773,0.10631746530532826
83,107,190,1.5522015470266342,1479.0829302889108,1479.2115478515625,1480.6351318359375,1.4235589504241943,0.12864259660243982
84,106,190,0.5981546172499657,1472.3926901093125,1472.39599609375,1472.9908447265625,0.5948060154914856,0.003348601758480063
74,117,191,1.1448055362701417,1514.95333899498,1514.904296875,1516.09814453125,1.193843126296997,-0.04903759002685537
75,116,191,0.5512927934527397,1517.2735363081097,1517.296142578125,1517.8248291015625,0.5286691784858704,0.022623614966869376
76,115,191,0.3400186817348003,1518.5604940135777,1518.55859375,1518.9005126953125,0.3418782949447632,-0.0018596132099628626
77,114,191,0.4173795957863331,1517.9717805604637,1518.08984375,1518.38916015625,0.2993496060371399,0.11802998974919321
78,113,191,0.6154351085424423,1516.56242133677,1516.2969970703125,1517.1778564453125,0.8808711171150208,-0.26543600857257843
79,112,191,0.7473467415571213,1513.3453046256304,1513.6142578125,1514.0926513671875,0.47835710644721985,0.2689896351099015
80,111,191,1.0417656126618384,1509.468488293588,1509.6258544921875,1510.51025390625,0.8844618201255798,0.1573037925362586
81,110,191,1.149713518023491,1504.211248396039,1504.5345458984375,1505.3609619140625,0.8264005184173584,0.3233129996061326
82,109,191,1.5563921171426773,1497.7873578828573,1497.760498046875,1499.34375,1.583163857460022,-0.02677174031734464
83,108,191,1.4345040339231492,1489.629949091077,1489.92626953125,1491.064453125,1.1380916833877563,0.29641235053539283
84,107,191,1.0630749690532684,1480.9769640934467,1480.973388671875,1482.0400390625,1.0667638778686523,-0.0036889088153839733
85,106,191,0.4710011449456215,1471.239814284742,1471.25830078125,1471.7108154296875,0.4524497091770172,0.018551435768604296
75,117,192,0.6141644053161144,1522.7229937978088,1522.6058349609375,1523.337158203125,0.7312312126159668,-0.11706680729985242
76,116,192,0.2262701013684273,1526.067553140819,1526.116943359375,1526.2938232421875,0.17680799961090088,0.04946210175752641
77,115,192,0.296265359595418,1524.300292257592,1524.2879638671875,1524.5965576171875,0.3085192143917084,-0.012253854796290375
78,114,192,0.3161001796275377,1525.0071420078725,1524.95849609375,1525.3232421875,0.36467841267585754,-0.04857823304831982
79,113,192,0.6471751919388771,1520.6727710971236,1520.6597900390625,1521.3199462890625,0.6600664258003235,-0.012891233861446416
80,112,192,0.6714983013272285,1518.9171247455479,1519.1168212890625,1519.588623046875,0.47181281447410583,0.1996854868531227
81,111,192,1.1818481636047364,1512.0234741020204,1512.1951904296875,1513.205322265625,1.0100935697555542,0.17175459384918224
82,110,192,1.2903034937381745,1508.0376994359494,1508.0924072265625,1509.3280029296875,1.2355456352233887,0.05475785851478587
83,109,192,1.575067846775055,1498.1286675047875,1498.2928466796875,1499.7037353515625,1.4108872413635254,0.16418060541152957
84,108,192,0.9506459465622902,1491.8987192878128,1492.0423583984375,1492.849365234375,0.8069936037063599,0.14365234285593032
85,107,192,0.9242438116669655,1480.2008782586456,1480.267822265625,1481.1251220703125,0.8572664260864258,0.06697738558053967
75,118,193,0.6863682147860527,1529.3210780742766,1529.3199462890625,1530.0074462890625,0.6874045729637146,-0.0010363581776619002
76,117,193,0.21070740111172198,1531.6264508020133,1531.700439453125,1531.837158203125,0.1366811990737915,0.07402620203793048
77,116,193,0.09135978147387505,1531.9654029138387,1532.0599365234375,1532.0567626953125,-0.0031777999829500914,0.09453758145682514
78,115,193,0.2017493225634098,1531.384798528999,1531.220947265625,1531.5865478515625,0.365512490272522,-0.16376316770911217
79,114,193,0.30291735686361787,1529.2512818618864,1529.36376953125,1529.55419921875,0.1903935968875885,0.11252375997602937
80,113,193,0.5836218756437301,1526.2042199212312,1526.23876953125,1526.787841796875,0.549111008644104,0.03451086699962613
81,112,193,0.7513384595513344,1521.6392865404487,1521.8714599609375,1522.390625,0.5191115140914917,0.23222694545984268
82,111,193,1.344714434146881,1515.922619550228,1515.8411865234375,1517.267333984375,1.4261157512664795,-0.08140131711959842
83,110,193,1.3544006872177123,1508.4196471643447,1508.714111328125,1509.7740478515625,1.059842586517334,0.29455810070037836
84,109,193,1.2487254935503005,1500.320976654887,1500.37255859375,1501.5697021484375,1.1971570253372192,0.05156846821308125
85,108,193,0.8222835844755173,1491.231061142087,1491.3321533203125,1492.0533447265625,0.7211893200874329,0.10109426438808444
86,107,193,0.35025240026414395,1481.4128091231732,1481.4395751953125,1481.7630615234375,0.3234710097312927,0.026781390532851224
76,118,194,0.25192372769117355,1538.782500100434,1538.8125,1539.034423828125,0.22189919650554657,0.03002453118562698
77,117,194,0.004332260158844292,1538.1027234039036,1538.126708984375,1538.1070556640625,-0.019669000059366226,0.02400126021821052
78,116,194,-0.09070716657675802,1539.6424649790767,1539.57275390625,1539.5517578125,-0.020948000252246857,-0.06975916632451117
79,115,194,0.10275975349359215,1536.1987539183815,1536.2421875,1536.301513671875,0.05926639959216118,0.04349335390143097
80,114,194,0.16755600236356258,1535.3346412632613,1535.431884765625,1535.502197265625,0.07030440121889114,0.09725160114467143
81,113,194,0.6184343516826629,1529.3165021717548,1529.403076171875,1529.9349365234375,0.5318065881729126,0.08662776350975032
82,112,194,1.000727882683277,1525.9018600079417,1525.89111328125,1526.902587890625,1.0114885568618774,-0.010760674178600382
83,111,194,1.3652352464199067,1516.7270499098302,1516.9239501953125,1518.09228515625,1.1683729887008667,0.19686225771903998
84,110,194,1.051859590113163,1510.968159941137,1511.1231689453125,1512.02001953125,0.8968281745910645,0.15503141552209865
85,109,194,1.160994266271591,1499.9786541712283,1500.052734375,1501.1396484375,1.0870023965835571,0.07399186968803395
86,108,194,0.25979097284376623,1492.7985586365312,1492.8292236328125,1493.058349609375,0.22915659844875336,0.030634374395012876
76,119,195,0.36421369552612304,1544.0315382575989,1543.960205078125,1544.395751953125,0.43544450402259827,-0.07123080849647523
77,118,195,-0.005362635120400227,1545.368765955433,1545.358642578125,1545.3634033203125,0.004780000075697899,-0.010142635196098126
78,117,195,-0.19953224007040263,1545.8506552869453,1545.6778564453125,1545.651123046875,-0.02673500031232834,-0.1727972397580743
79,116,195,-0.23535709120333195,1544.5861871693282,1544.668701171875,1544.350830078125,-0.31787100434303284,0.08251391313970088
80,115,195,-0.024800804797559976,1542.3473105704225,1542.3326416015625,1542.322509765625,-0.010110000148415565,-0.01469080464914441
81,114,195,0.17397302474826573,1538.5822525611893,1538.6922607421875,1538.7562255859375,0.06398650258779526,0.10998652216047047
82,113,195,0.9212427505850792,1533.4986791244148,1533.49267578125,1534.419921875,0.927283525466919,-0.006040774881839739
83,112,195,1.0312574130296708,1526.763298251033,1526.997802734375,1527.7945556640625,0.7968094944953918,0.23444791853427893
84,111,195,1.1960331588983535,1519.204235395789,1519.3065185546875,1520.4002685546875,1.0937775373458862,0.10225562155246726
85,110,195,0.9980615124106407,1510.6929785266518,1510.8778076171875,1511.6910400390625,0.8131769895553589,0.18488452285528179
86,109,195,0.6540226525068283,1501.5846248084306,1501.574951171875,1502.2386474609375,0.6638004779815674,-0.009777825474739044
76,120,196,0.5157193081080913,1550.8683138950169,1550.797119140625,1551.384033203125,0.5869004130363464,-0.07118110492825513
77,119,196,0.03979065988212824,1551.201908558868,1551.173095703125,1551.24169921875,0.06855479627847672,-0.028764136396348478
78,118,196,-0.2896714821457863,1553.7141099587084,1553.599853515625,1553.4244384765625,-0.17542119324207306,-0.11425028890371325
79,117,196,-0.43327969893813134,1551.3793246208131,1551.3116455078125,1550.946044921875,-0.3655388057231903,-0.06774089321494103
80,116,196,-0.35996296085417273,1551.224709054604,1551.216552734375,1550.86474609375,-0.35172000527381897,-0.008242955580353761
81,115,196,-0.041972077945247294,1546.0894574295078,1546.1048583984375,1546.0474853515625,-0.057339999824762344,0.01536792187951505
82,114,196,0.5712296740710735,1543.137022279054,1543.174072265625,1543.708251953125,0.5340695977210999,0.03716007634997365
83,113,196,0.906944514811039,1534.8989636883139,1535.0526123046875,1535.805908203125,0.7533236145973206,0.15362090021371844
84,112,196,0.9142673271894455,1529.568276618123,1529.72998046875,1530.4825439453125,0.7526779770851135,0.16158935010433195
85,111,196,1.193425914645195,1519.24382994473,1519.3919677734375,1520.437255859375,1.0452804565429688,0.14814545810222635
86,110,196,0.5239882145822048,1512.6329942072928,1512.7213134765625,1513.156982421875,0.43566399812698364,0.08832421645522115
77,120,197,0.19222410555928945,1558.0907348788157,1558.0731201171875,1558.282958984375,0.20994089543819427,-0.01771678987890482
78,119,197,-0.2629662211984396,1559.6096459086984,1559.4464111328125,1559.3466796875,-0.0996657982468605,-0.1633004229515791
79,118,197,-0.610201065838337,1559.4075643470883,1559.384033203125,1558.79736328125,-0.5865955948829651,-0.02360547095537191
80,117,197,-0.539453713297844,1558.067529885173,1558.0020751953125,1557.528076171875,-0.4740194082260132,-0.06543430507183079
81,116,197,-0.3407957687973976,1555.0315916672348,1555.0338134765625,1554.6907958984375,-0.3429825007915497,0.0021867319941520913
82,115,197,0.4188986210525036,1550.67057891801,1550.642578125,1551.0894775390625,0.44690659642219543,-0.02800797536969185
83,114,197,0.5443904873728752,1544.5897647860647,1544.802001953125,1545.1341552734375,0.3321444094181061,0.21224607795476913
84,113,197,0.8854152393341065,1537.7604587841033,1537.7255859375,1538.6458740234375,0.9203208088874817,-0.034905569553375204
85,112,197,0.93765621393919,1529.6639062860609,1529.9053955078125,1530.6015625,0.6961721777915955,0.2414840361475945
86,111,197,0.8428911873698235,1521.1363568595052,1521.2574462890625,1521.979248046875,0.7218570113182068,0.1210341760516167
87,110,197,0.5214896178245545,1511.5424752259255,1511.7315673828125,1512.06396484375,0.33249199390411377,0.18899762392044073
78,120,198,-0.14773423593491317,1567.0627732984349,1567.001953125,1566.9150390625,-0.08693759888410568,-0.060796637050807484
79,119,198,-0.6936508896946907,1565.9193588975072,1565.8963623046875,1565.2257080078125,-0.6706650257110596,-0.022985863983631116
80,118,198,-0.6700528585910797,1566.5544522726536,1566.487548828125,1565.8843994140625,-0.6031336188316345,-0.06691923975944514
81,117,198,-0.5033918970823288,1562.3415266627073,1562.2796630859375,1561.838134765625,-0.44151780009269714,-0.061874096989631644
82,116,198,0.2020761715248227,1560.0116689456627,1560.0360107421875,1560.2137451171875,0.177838996052742,0.024237175472080708
83,115,198,0.3517569795250893,1552.5347176298499,1552.56005859375,1552.886474609375,0.32646459341049194,0.02529238611459733
84,114,198,0.5384989008307457,1547.8096456304193,1547.8770751953125,1548.34814453125,0.47110220789909363,0.06739669293165207
85,113,198,0.968775170147419,1538.2660881111026,1538.3302001953125,1539.23486328125,0.9046692252159119,0.06410594493150712
86,112,198,0.6454205057024955,1531.866176173985,1532.0694580078125,1532.5115966796875,0.44214901328086853,0.203271492421627
87,111,198,0.8697885772585869,1520.371544430554,1520.4791259765625,1521.2413330078125,0.7622146010398865,0.10757397621870046
77,122,199,0.481782658547163,1570.3058149977028,1570.35009765625,1570.78759765625,0.43748658895492554,0.044296069592237475
78,121,199,-0.0210388846375281,1572.6663025565126,1572.557861328125,1572.645263671875,0.08738110214471817,-0.10841998678224626
79,120,199,-0.6441457641124725,1573.5110891234874,1573.4805908203125,1572.866943359375,-0.6136420965194702,-0.03050366759300227
80,119,199,-0.7456835895776749,1573.1223925739528,1573.150634765625,1572.376708984375,-0.7739006280899048,0.028217038512229897
81,118,199,-0.6284649719297886,1570.9198468078673,1570.881591796875,1570.2913818359375,-0.5901827216148376,-0.038282250314950916
82,117,199,0.07641197619726882,1567.3717081409902,1567.2716064453125,1567.4481201171875,0.1765166074037552,-0.10010463120648637
83,116,199,0.11214187832549215,1561.9186198404245,1562.05517578125,1562.03076171875,-0.024316800758242607,0.13645867908373477
84,115,199,0.3832848277688026,1555.7342688831686,1555.7139892578125,1556.1175537109375,0.4035181999206543,-0.02023337215185167
85,114,199,0.6009951388835907,1548.3931454861165,1548.51611328125,1548.994140625,0.4780282974243164,0.12296684145927428
86,113,199,0.8050293797254562,1540.494897378087,1540.4703369140625,1541.2999267578125,0.8295968174934387,-0.024567437767982536
87,112,199,0.7609763905405998,1531.1076759532093,1531.356689453125,1531.86865234375,0.5118799209594727,0.2490964695811272
78,122,200,0.16181016616523267,1579.8328187400848,1579.8397216796875,1579.99462890625,0.15488000214099884,0.006930164024233826
79,121,200,-0.6313373219966888,1579.7466937673091,1579.6982421875,1579.1153564453125,-0.5830000042915344,-0.04833731770515437
80,120,200,-0.6788250866532326,1581.2128827038407,1581.1790771484375,1580.5340576171875,-0.6451200246810913,-0.03370506197214129
81,119,200,-0.7013904571533203,1577.9820301055909,1577.9407958984375,1577.2806396484375,-0.660040020942688,-0.04135043621063228
82,118,200,0.03645774301839992,1576.358927999169,1576.362060546875,1576.3953857421875,0.03338000178337097,0.0030777412350289496
83,117,200,-0.035697346841916444,1569.666800862467,1569.6993408203125,1569.631103515625,-0.06827999651432037,0.03258264967240393
84,116,200,0.1303419660963118,1565.5034470964038,1565.4881591796875,1565.6337890625,0.14565999805927277,-0.01531803196296097
85,115,200,0.47854034349322316,1556.6440182502567,1556.7520751953125,1557.12255859375,0.3704800009727478,0.10806034252047536
86,114,200,0.4777402466535568,1550.9445009642839,1550.982177734375,1551.4222412109375,0.43998000025749207,0.037760246396064734
87,113,200,0.9658950364589691,1540.1389633619785,1540.0657958984375,1541.1048583984375,1.0390599966049194,-0.07316496014595031
78,123,201,0.28527394592761995,1585.2346235150098,1585.0526123046875,1585.5198974609375,0.4673263132572174,-0.18205236732959745
79,122,201,-0.3979118099808693,1586.9295280209183,1586.93017578125,1586.5316162109375,-0.3986152112483978,0.0007034012675285473
80,121,201,-0.6738124707341194,1587.5151210644842,1587.40966796875,1586.84130859375,-0.5684006810188293,-0.10541178971529008
81,120,201,-0.6664251601696014,1586.1964544570446,1586.1456298828125,1585.530029296875,-0.6156116724014282,-0.05081348776817318
82,119,201,-0.051334145455621184,1583.5170323876432,1583.4534912109375,1583.4656982421875,0.012181799858808517,-0.0635159453144297
83,118,201,-0.12439956735819578,1578.7027687079833,1578.8291015625,1578.578369140625,-0.25073128938674927,0.12633172202855347
84,117,201,0.0027174239547457547,1573.2293382401078,1573.138916015625,1573.2320556640625,0.09315810352563858,-0.09044067957089283
85,116,201,0.16170495718717576,1566.514076292813,1566.6248779296875,1566.67578125,0.05092639848589897,0.11077855870127679
86,115,201,0.44151763707399366,1559.143931581676,1559.1605224609375,1559.58544921875,0.4250026047229767,0.01651503235101698
87,114,201,0.6985175064206124,1550.600676829517,1550.68212890625,1551.2991943359375,0.6170232892036438,0.08149421721696859
88,113,201,0.7433958795666694,1541.662487909496,1541.551513671875,1542.4058837890625,0.8543292284011841,-0.11093334883451467
78,124,202,0.5542549183964729,1592.0829521128535,1592.0753173828125,1592.63720703125,0.5618981719017029,-0.0076432535052299855
79,123,202,-0.35776576958596706,1592.943703269586,1592.953857421875,1592.5859375,-0.36792001128196716,0.0101542416960001
80,122,202,-0.46136381834745405,1595.2470083495975,1595.163818359375,1594.78564453125,-0.3782010078430176,-0.08316281050443647
81,121,202,-0.6981689611077309,1593.0444824376702,1593.0166015625,1592.3463134765625,-0.6702612042427063,-0.027907756865024558
82,120,202,0.049613523192238065,1592.1734089377453,1592.1944580078125,1592.2230224609375,0.028598999604582787,0.02101452358765528
83,119,202,-0.21545346662402154,1586.229125341624,1586.2222900390625,1586.013671875,-0.208611398935318,-0.006842067688703546
84,118,202,-0.09141392154851928,1582.6397537652986,1582.630615234375,1582.54833984375,-0.08227059990167618,-0.009143321646843103
85,117,202,0.04245272796135396,1574.5886507876637,1574.5018310546875,1574.631103515625,0.12923260033130646,-0.0867798723699525
86,116,202,0.12257402641698718,1569.377181832958,1569.39892578125,1569.499755859375,0.10083640366792679,0.021737622749060395
87,115,202,0.6824692615866661,1559.1290541759133,1559.240478515625,1559.8115234375,0.5709750056266785,0.11149425595998763
88,114,202,0.5104126106202602,1552.4428344596922,1552.48486328125,1552.9532470703125,0.46838319301605225,0.042029417604207975
79,124,203,0.005395529708475805,1599.7587646265415,1599.8155517578125,1599.76416015625,-0.0513949990272522,0.056790528735728
80,123,203,-0.4030488373339176,1601.2969697357714,1601.1590576171875,1600.8939208984375,-0.2651084065437317,-0.13794043079018592
81,122,203,-0.5517248922586441,1600.930264931321,1600.8687744140625,1600.3785400390625,-0.4901590049266815,-0.061565887331962554
82,121,203,-0.03500221738824621,1599.1523117877007,1599.111572265625,1599.1173095703125,0.005708999931812286,-0.040711217320058495
83,120,203,-0.17705874744802713,1594.926082184948,1595.067626953125,1594.7490234375,-0.3186686038970947,0.1416098564490676
84,119,203,-0.15864986076951026,1590.1193432201444,1590.0712890625,1589.960693359375,-0.11052960157394409,-0.04812025919556617
85,118,203,-0.1246622895821929,1584.0901163911446,1584.1407470703125,1583.9654541015625,-0.17528609931468964,0.050623809732496736
86,117,203,0.050802006889134645,1577.4192907665483,1577.3797607421875,1577.4700927734375,0.09032890200614929,-0.03952689511701465
87,116,203,0.33180503934621813,1569.4479801169039,1569.5369873046875,1569.77978515625,0.24283240735530853,0.0889726319909096
88,115,203,0.6124790868163109,1560.903023842871,1561.0296630859375,1561.5155029296875,0.4857954978942871,0.1266835889220238
80,124,204,-0.026958858000580222,1608.6391414751881,1608.6512451171875,1608.6121826171875,-0.03908199816942215,0.012123140168841928
81,123,204,-0.5664116384088993,1607.5733696462214,1607.52490234375,1607.0069580078125,-0.5179551839828491,-0.04845645442605018
82,122,204,0.16899200365878642,1607.5005636604037,1607.5062255859375,1607.6695556640625,0.16334959864616394,0.005642405012622476
83,121,204,-0.2553318414837122,1602.2596043024212,1602.260009765625,1602.0042724609375,-0.25570279359817505,0.0003709521144628636
84,120,204,-0.11847373997792601,1599.1814620212278,1599.1727294921875,1599.06298828125,-0.10978920012712479,-0.008684539850801226
85,119,204,-0.1842950103804469,1591.9169610260055,1591.9246826171875,1591.732666015625,-0.191948801279068,0.007653790898621088
86,118,204,-0.11559780055657029,1587.280026511494,1587.2371826171875,1587.1644287109375,-0.07275719940662384,-0.04284060114994645
87,117,204,0.23997251965105534,1577.858172011599,1577.87744140625,1578.09814453125,0.22070759534835815,0.01926492430269719
88,116,204,0.2712452690303326,1571.5645701606572,1571.6412353515625,1571.8358154296875,0.19454480707645416,0.07670046195387842
80,125,205,0.14015735723543912,1614.365335806827,1614.3201904296875,1614.5054931640625,0.18533749878406525,-0.045180141548626124
81,124,205,-0.31337895736098287,1615.1216064964235,1615.0709228515625,1614.8082275390625,-0.26269298791885376,-0.05068596944212911
82,123,205,0.06057807656703517,1614.3123467281205,1614.2379150390625,1614.3729248046875,0.13498349487781525,-0.07440541831078007
83,122,205,-0.12745103087276222,1610.6430760308729,1610.7509765625,1610.515625,-0.2353689968585968,0.10791796598583459
84,121,205,-0.17381255201995371,1606.4500576692074,1606.4244384765625,1606.2762451171875,-0.14814400672912598,-0.025668545290827738
85,120,205,-0.2133638196438551,1601.0473481946437,1601.105224609375,1600.833984375,-0.27122700214385986,0.05786318250000477
86,119,205,-0.1488634269312024,1595.0765978019313,1595.048095703125,1594.927734375,-0.12043300271034241,-0.028430424220860007
87,118,205,0.01474133289884776,1587.811674682726,1587.8658447265625,1587.826416015625,-0.039434999227523804,0.05417633212637156
88,117,205,0.25859630972146985,1579.927560916841,1579.9698486328125,1580.1861572265625,0.21629099547863007,0.04230531424283979
89,116,205,0.5231023259460926,1570.8387140803038,1570.8846435546875,1571.36181640625,0.4771605134010315,0.045941812545061134
80,126,206,0.9333005964756012,1621.0494874894619,1621.0494384765625,1621.9827880859375,0.9333062171936035,-5.620718002363745e-06
81,125,206,-0.27548168279230595,1621.5090021906049,1621.57470703125,1621.2335205078125,-0.3412114083766937,0.06572972558438778
82,124,206,0.42396999284625053,1622.2822067649663,1622.3245849609375,1622.7061767578125,0.38162800669670105,0.04234198614954948
83,123,206,-0.21129357285797595,1617.787221307233,1617.784912109375,1617.575927734375,-0.2090294063091278,-0.0022641665488481455
84,122,206,-0.034106404974590984,1615.1857177330996,1615.1630859375,1615.151611328125,-0.011443800292909145,-0.02266260468168184
85,121,206,-0.2508417922258377,1608.6511103469134,1608.6314697265625,1608.4002685546875,-0.23112240433692932,-0.01971938788890837
86,120,206,-0.1861626446992159,1604.5731255353242,1604.5426025390625,1604.386962890625,-0.1555902063846588,-0.030572438314557082
87,119,206,-0.02837594296783209,1595.9670966460928,1595.8741455078125,1595.938720703125,0.06450740247964859,-0.09288334544748068
88,118,206,0.0332882217457518,1590.2330692001292,1590.2794189453125,1590.266357421875,-0.012976800091564655,0.046265021837316456
89,117,206,0.4854412379860878,1579.5666827854513,1579.577880859375,1580.0521240234375,0.4742172062397003,0.011224031746387475
80,127,207,0.6393341790139675,1624.6027312506735,1624.6624755859375,1625.2420654296875,0.579581618309021,0.0597525607049465
81,126,207,0.504960537403822,1628.2838578219712,1628.4271240234375,1628.788818359375,0.3616347014904022,0.14332583591341974
82,125,207,0.2057736261561513,1628.9967410222814,1629.0623779296875,1629.2025146484375,0.14015519618988037,0.06561842996627093
83,124,207,-0.0008850870234891772,1625.8480530557736,1625.882568359375,1625.84716796875,-0.03539710119366646,0.03451201417017728
84,123,207,-0.08965347936376929,1622.2395558231137,1622.19140625,1622.14990234375,-0.04149379953742027,-0.048159679826349014
85,122,207,-0.19057334706187248,1617.4431368236244,1617.4908447265625,1617.2525634765625,-0.23821710050106049,0.047643753439188
86,121,207,-0.2050892433524132,1612.135387094915,1612.11572265625,1611.9302978515625,-0.18543089926242828,-0.019658344089984903
87,120,207,-0.12359599329531193,1605.5365598604828,1605.547607421875,1605.4129638671875,-0.13466230034828186,0.011066307052969931
88,119,207,0.029956200697924942,1598.3607908696147,1598.40234375,1598.3907470703125,-0.011612099595367908,0.04156830029329285
89,118,207,0.2405704738944769,1589.9427791354806,1589.9876708984375,1590.183349609375,0.19567930698394775,0.044891166910529134
80,128,208,0.6215793973207474,1629.5208766573667,1629.5118408203125,1630.1424560546875,0.6305888295173645,-0.009009432196617095
81,127,208,0.211807614043355,1632.215316409394,1632.214111328125,1632.4271240234375,0.21293200552463531,-0.0011243914812803235
82,126,208,0.8571553590893746,1636.4457010862232,1636.43017578125,1637.3028564453125,0.8725759983062744,-0.015420639216899845
83,125,208,-0.1003652155958116,1632.7978749812207,1632.76953125,1632.697509765625,-0.0720072016119957,-0.028358013983815905
84,124,208,0.20390640284866093,1630.5783201596514,1630.586181640625,1630.7822265625,0.1959856003522873,0.007920802496373641
85,123,208,-0.21727851778268814,1624.8192072287202,1624.8045654296875,1624.6019287109375,-0.20266319811344147,-0.014615319669246674
86,122,208,-0.15606016524136065,1621.2957086027413,1621.2076416015625,1621.1396484375,-0.0681023970246315,-0.08795776821672915
87,121,208,-0.14690768919885158,1613.4491537829488,1613.4349365234375,1613.30224609375,-0.1325879991054535,-0.01431969009339809
88,120,208,-0.06878448262810707,1608.2847268654407,1608.2596435546875,1608.2159423828125,-0.04368159919977188,-0.025102883428335193
89,119,208,0.21669412560760976,1598.4310109525175,1598.4444580078125,1598.647705078125,0.20328879356384277,0.013405332043766982
90,118,208,0.21684046767652035,1591.6535208604485,1591.73486328125,1591.870361328125,0.13550719618797302,0.08133327148854733
81,128,209,0.21020743433386088,1637.0281958859787,1637.18017578125,1637.2384033203125,0.05823890119791031,0.15196853313595057
82,127,209,0.48198702067136767,1640.3501662996412,1640.3675537109375,1640.8321533203125,0.4645008146762848,0.017486205995082882
83,126,209,0.5153393107652664,1640.2004810017347,1640.229248046875,1640.7158203125,0.486537903547287,0.028801407217979413
84,125,209,0.03661691783345304,1637.5148967540415,1637.5543212890625,1637.551513671875,-0.0028337999247014523,0.039450717758154494
85,124,209,-0.06998965983744711,1633.2642035270248,1633.289794921875,1633.1942138671875,-0.095551498234272,0.025561838396824896
86,123,209,-0.15947386812418698,1628.6063732821867,1628.564697265625,1628.4468994140625,-0.11777950078248978,-0.04169436734169721
87,122,209,-0.1583413051813841,1622.667984859869,1622.6234130859375,1622.5096435546875,-0.11383649706840515,-0.04450480811297894
88,121,209,-0.07098384299315512,1616.1723022023682,1616.20068359375,1616.101318359375,-0.09939929842948914,0.028415455436334017
89,120,209,0.07498181562870741,1608.4319761921838,1608.4317626953125,1608.5069580078125,0.0752905011177063,-0.00030868548899888604
81,129,210,-0.09225638534873724,1640.9100054087862,1640.8536376953125,1640.8177490234375,-0.035989999771118164,-0.05626638557761908
82,128,210,0.5387655755877495,1645.4866250494122,1645.552734375,1646.025390625,0.4726240038871765,0.066141571700573
83,127,210,0.12400539176538587,1644.659075662922,1644.8338623046875,1644.7830810546875,-0.05080400034785271,0.1748093921132386
84,126,210,0.719809601008892,1645.2069482114912,1645.212646484375,1645.9267578125,0.7140979766845703,0.005711624324321707
85,125,210,-0.12578712875023484,1640.4363340037503,1640.4493408203125,1640.310546875,-0.13889800012111664,0.013110871370881794
86,124,210,0.03193496944848448,1637.361253507114,1637.2996826171875,1637.3931884765625,0.09348700195550919,-0.061552032507024707
87,123,210,-0.17201980527490376,1630.3329084771499,1630.256103515625,1630.160888671875,-0.09520299732685089,-0.07681680794805287
88,122,210,-0.09131178945302963,1625.7489045628906,1625.6873779296875,1625.6575927734375,-0.029827000573277473,-0.06148478887975216
89,121,210,0.0660503968084231,1616.6652728453791,1616.5838623046875,1616.7313232421875,0.14747799932956696,-0.08142760252114385
90,120,210,0.1141047065705061,1610.453888457492,1610.506103515625,1610.5679931640625,0.061955999583005905,0.052148706987500196
81,130,211,-0.14270945554599165,1645.674691877421,1645.7559814453125,1645.531982421875,-0.2240065038204193,0.08129704827442766
82,129,211,0.10057166750077158,1649.3941793090617,1649.388671875,1649.4947509765625,0.10603310167789459,-0.005461434177123012
83,128,211,0.1207723375596106,1649.9466104749404,1649.972412109375,1650.0673828125,0.09498050063848495,0.025791836921125647
84,127,211,0.28135967314243315,1649.7917604440452,1649.763427734375,1650.0731201171875,0.3096337914466858,-0.028274118304252638
85,126,211,0.5000952331721783,1648.1257592590152,1648.19580078125,1648.6258544921875,0.43000051379203796,0.07009471938014034
86,125,211,-0.04357116215862334,1644.4930340527835,1644.5216064453125,1644.449462890625,-0.07209320366382599,0.02852204150520265
87,124,211,-0.07314793200232089,1639.1593295726273,1639.124267578125,1639.086181640625,-0.03803430125117302,-0.03511363075114787
88,123,211,-0.08851084040477872,1633.3753760747798,1633.3697509765625,1633.286865234375,-0.08281569927930832,-0.005695141125470399
89,122,211,-0.003855056609027088,1626.3074439237964,1626.2757568359375,1626.3035888671875,0.027852000668644905,-0.03170705727767199
90,121,211,0.13968093579635024,1618.6665934782661,1618.760498046875,1618.8062744140625,0.04582339897751808,0.09385753681883216
91,120,211,0.3109398300945759,1609.8190650527179,1609.80224609375,1610.1300048828125,0.32769718766212463,-0.01675735756754876
82,130,212,0.003972473847679794,1654.6010079949024,1654.515869140625,1654.60498046875,0.08909639716148376,-0.08512392331380397
83,129,212,-0.22691990926861763,1654.3016269405186,1654.3026123046875,1654.07470703125,-0.2278680056333542,0.0009480963647365559
84,128,212,0.17588604237884284,1655.7165700123087,1655.771728515625,1655.8924560546875,0.12071440368890762,0.055171638689935215
85,127,212,0.074288162633311,1653.2118446498666,1653.248046875,1653.2861328125,0.038019999861717224,0.03626816277159378
86,126,212,0.6114774553477764,1652.5053438337147,1652.496826171875,1653.1168212890625,0.6199843883514404,-0.008506933003664008
87,125,212,-0.0902618850208819,1646.5747589553334,1646.5712890625,1646.4844970703125,-0.08674599975347519,-0.0035158852674067043
88,124,212,0.027111687178257852,1642.5330689768844,1642.4716796875,1642.5601806640625,0.08854640275239944,-0.061434715574141596
89,123,212,-0.01631956435274333,1634.2871935877902,1634.19091796875,1634.2708740234375,0.07994519919157028,-0.09626476354431361
90,122,212,0.06086811656598002,1628.6597129381216,1628.5972900390625,1628.7205810546875,0.1232864037156105,-0.062418287149630484
91,121,212,0.3158308205753565,1618.383509999737,1618.329345703125,1618.6993408203125,0.36997321248054504,-0.05414239190518855
81,132,213,-0.375341565310955,1654.0339109012484,1654.036865234375,1653.6585693359375,-0.37822431325912476,0.0028827479481697282
82,131,213,-0.32247215308248994,1658.3297963718326,1658.241943359375,1658.00732421875,-0.23459160327911377,-0.08788054980337617
83,130,213,-0.29599938429892064,1659.556985712424,1659.4876708984375,1659.260986328125,-0.2266221046447754,-0.06937727965414525
84,129,213,-0.21402770180255173,1660.17874938149,1660.1270751953125,1659.9647216796875,-0.16241200268268585,-0.05161569911986588
85,128,213,-0.0901219323091209,1659.2884861901216,1659.270751953125,1659.1983642578125,-0.07236679643392563,-0.01775513587519527
86,127,213,0.19738441780209542,1657.6617464415729,1657.6048583984375,1657.859130859375,0.25424879789352417,-0.056864380091428746
87,126,213,0.5022120216488838,1654.6105809471012,1654.6807861328125,1655.11279296875,0.43203410506248474,0.07017791658639905
88,125,213,0.015197392418049276,1649.903259638832,1649.9986572265625,1649.91845703125,-0.08016379922628403,0.0953611916443333
89,124,213,0.03382095892215148,1643.5093919317028,1643.4208984375,1643.543212890625,0.12235960364341736,-0.08853864472126588
90,123,213,0.07062121855095028,1636.6152918673865,1636.659423828125,1636.6859130859375,0.026489000767469406,0.04413221778348088
91,122,213,0.19616945698857308,1628.4534887461364,1628.343017578125,1628.649658203125,0.3066248893737793,-0.11045543238520622
82,132,214,-0.4378696769475937,1663.4694858878852,1663.2926025390625,1663.0316162109375,-0.2610369920730591,-0.17683268487453463
83,131,214,-0.4783485732972622,1663.6815956436099,1663.528076171875,1663.2032470703125,-0.324737012386322,-0.1536115609109402
84,130,214,-0.3228974553197622,1666.0108857365697,1666.014892578125,1665.68798828125,-0.32688820362091064,0.003990748301148428
85,129,214,-0.36092016398906707,1664.146564695239,1664.1417236328125,1663.78564453125,-0.3560248017311096,-0.004895362257957447
86,128,214,-0.07103612886741757,1664.35338476168,1664.2999267578125,1664.2823486328125,-0.017492199316620827,-0.053543929550796746
87,127,214,0.11944894123822451,1660.2256438321992,1660.15625,1660.3450927734375,0.18888980150222778,-0.06944086026400327
88,126,214,0.588524651825428,1658.3052741762995,1658.32275390625,1658.893798828125,0.5710133910179138,0.017511260807514195
89,125,214,0.05524318197742104,1651.1832822086476,1651.199951171875,1651.238525390625,0.03859639912843704,0.016646782848984
90,124,214,0.1285216838121414,1646.1706726521254,1646.1558837890625,1646.2991943359375,0.14329780638217926,-0.014776122570037853
91,123,214,0.1856280903890729,1636.7602947611733,1636.608642578125,1636.9459228515625,0.33730819821357727,-0.15168010782450436
82,133,215,-0.6039341551065445,1666.9637974363566,1666.8387451171875,1666.35986328125,-0.4787915050983429,-0.12514265000820157
83,132,215,-0.5330251231789589,1668.821599341929,1668.769287109375,1668.28857421875,-0.48070549964904785,-0.05231962352991104
84,131,215,-0.4601635390520096,1670.1414379531145,1670.157958984375,1669.6812744140625,-0.4767119884490967,0.016548449397087106
85,130,215,-0.42456911474466325,1670.013558372557,1670.0904541015625,1669.5889892578125,-0.5014805197715759,0.07691140502691268
86,129,215,-0.3418932293355465,1669.2806139324605,1669.2205810546875,1668.938720703125,-0.281825989484787,-0.06006723985075951
87,128,215,-0.16513952139765023,1667.02951940421,1666.9510498046875,1666.8643798828125,-0.08665049821138382,-0.07848902318626641
88,127,215,0.22338529951870442,1663.9876742707938,1663.954833984375,1664.2110595703125,0.25624650716781616,-0.03286120764911174
89,126,215,0.5575863489508629,1659.636261307299,1659.6739501953125,1660.19384765625,0.5198544859886169,0.037731862962245954
90,125,215,0.17538964085280895,1653.7990976638348,1654.000732421875,1653.9744873046875,-0.026218999177217484,0.20160864003002643
91,124,215,0.19697995692491532,1646.380168480575,1646.335205078125,1646.5771484375,0.24194049835205078,-0.04496054142713546
92,123,215,0.2517905918508768,1638.4011635097115,1638.4681396484375,1638.6529541015625,0.18474850058555603,0.06704209126532079
83,133,216,-0.5709835292398929,1672.7289425136148,1672.595947265625,1672.157958984375,-0.43801361322402954,-0.1329699160158634
84,132,216,-0.46480440139770507,1675.7963473701477,1675.9052734375,1675.33154296875,-0.5736280083656311,0.10882360696792603
85,131,216,-0.4281170816719532,1674.7264569254219,1674.6485595703125,1674.29833984375,-0.35021838545799255,-0.07789869621396067
86,130,216,-0.38726273536682126,1675.7482246494294,1675.8695068359375,1675.3609619140625,-0.5085448026657104,0.12128206729888918
87,129,216,-0.351786952316761,1672.3654588273168,1672.3695068359375,1672.013671875,-0.35578081011772156,0.003993857800960565
88,128,216,-0.11736242964863777,1671.3357462187112,1671.2667236328125,1671.2183837890625,-0.04829280078411102,-0.06906962886452675
89,127,216,0.23077380694448948,1665.748352169618,1665.6260986328125,1665.9791259765625,0.3530096113681793,-0.12223580442368984
90,126,216,0.6215232978761196,1662.6503272880614,1662.6949462890625,1663.2718505859375,0.5768728256225586,0.044650472253561
91,125,216,0.2676858928799629,1654.3167867633701,1654.3873291015625,1654.58447265625,0.1971704065799713,0.0705154862999916
92,124,216,0.27564135551452634,1648.344597902298,1648.3623046875,1648.6202392578125,0.25784480571746826,0.01779654979705808
83,134,217,-0.615526077747345,1677.7507799839973,1677.811279296875,1677.13525390625,-0.6760547161102295,0.06052863836288447
84,133,217,-0.420934075564146,1679.8308461849392,1679.8753662109375,1679.409912109375,-0.4655238091945648,0.04458973363041879
85,132,217,-0.3406920711696148,1680.625237969607,1680.5819091796875,1680.2845458984375,-0.29733240604400635,-0.04335966512560846
86,131,217,-0.33361486941576,1680.6899381116032,1680.53564453125,1680.3563232421875,-0.1793029010295868,-0.15431196838617323
87,130,217,-0.3428418841958046,1679.0728223529459,1679.09716796875,1678.72998046875,-0.36717501282691956,0.024333128631114975
88,129,217,-0.2941884306818247,1676.7338856963067,1676.739990234375,1676.439697265625,-0.3002474009990692,0.006058970317244505
89,128,217,-0.11209656435996294,1673.19852234561,1673.144775390625,1673.08642578125,-0.058421600610017776,-0.05367496374994517
90,127,217,0.30594440281391144,1668.8391971987485,1668.8590087890625,1669.1451416015625,0.28609350323677063,0.019850899577140813
91,126,217,0.6271161785721779,1663.2556963214279,1663.2276611328125,1663.8828125,0.6550953984260559,-0.027979219853877968
83,135,218,-0.554913979768753,1681.4794745266438,1681.396484375,1680.924560546875,-0.4720039963722229,-0.08290998339653011
84,134,218,-0.4215845310688019,1685.4517358982564,1685.4735107421875,1685.0301513671875,-0.443340003490448,0.021755472421646105
85,133,218,-0.14870209673419596,1685.0846151826718,1684.9476318359375,1684.9359130859375,-0.011714999563992023,-0.13698709717020394
86,132,218,-0.21134498484432698,1687.1239426410943,1687.048095703125,1686.91259765625,-0.1354885995388031,-0.07585638530552388
87,131,218,-0.1963430531695485,1684.470635045357,1684.4237060546875,1684.2742919921875,-0.14941740036010742,-0.04692565280944108
88,130,218,-0.26685458287596703,1684.056893645376,1684.0552978515625,1683.7900390625,-0.26525381207466125,-0.001600770801305773
89,129,218,-0.2402295497059822,1679.0179395106434,1679.067626953125,1678.7777099609375,-0.2899099886417389,0.04968043893575669
90,128,218,-0.059307378156809136,1676.7767146047192,1676.7694091796875,1676.7174072265625,-0.05196680128574371,-0.007340576871065423
91,127,218,0.35484858103096484,1669.8462012236566,1669.7042236328125,1670.2010498046875,0.4969170093536377,-0.14206842832267286
92,126,218,0.6556516081094742,1665.606189212203,1665.6767578125,1666.2618408203125,0.5850362181663513,0.07061538994312289
84,135,219,-0.31835748575627804,1689.2028789701312,1689.2200927734375,1688.884521484375,-0.33564600348472595,0.017288517728447916
85,134,219,-0.03387033552629873,1690.6930500230262,1690.72314453125,1690.6591796875,-0.06394299864768982,0.03007266312139109
86,133,219,0.0022929374012164772,1691.6545674141612,1691.5074462890625,1691.6568603515625,0.14943039417266846,-0.14713745677145199
87,132,219,-0.028081378862261773,1690.9797415351122,1690.9375,1690.95166015625,0.014077899977564812,-0.042159278839826585
88,131,219,-0.08023930798284709,1689.5255518079828,1689.3782958984375,1689.4453125,0.06703600287437439,-0.14727531085722148
89,130,219,-0.1636641586571932,1686.4587081039697,1686.420166015625,1686.2950439453125,-0.12520909309387207,-0.03845506556332112
90,129,219,-0.1734944983199239,1682.657137076445,1682.74462890625,1682.483642578125,-0.2609444856643677,0.08744998734444379
91,128,219,0.0017804384464398027,1677.873585772491,1677.841796875,1677.8753662109375,0.033552300184965134,-0.03177186173852533
92,127,219,0.40380358189344406,1672.266240363419,1672.3468017578125,1672.6700439453125,0.3233126997947693,0.08049088209867478
93,126,219,0.6613313868641854,1665.5244596287607,1665.4234619140625,1666.185791015625,0.7623692154884338,-0.10103782862424848
84,136,220,-0.4298880502581596,1694.6967337533831,1694.7093505859375,1694.266845703125,-0.44256800413131714,0.012679953873157512
85,135,220,0.1512675527483225,1694.9312519785017,1694.814697265625,1695.08251953125,0.26777398586273193,-0.11650643311440945
86,134,220,0.11125807095319033,1697.8349089212343,1697.796142578125,1697.9461669921875,0.15005600452423096,-0.038797933571040624
87,133,220,0.15126311600208284,1696.0895816105603,1696.1434326171875,1696.2408447265625,0.09743999689817429,0.05382311910390855
88,132,220,0.08229672446846963,1696.5812774942815,1696.5712890625,1696.66357421875,0.09226199984550476,-0.009965275377035135
89,131,220,0.053879255019128325,1692.4164576590433,1692.3173828125,1692.4703369140625,0.15297000110149384,-0.09909074608236551
90,130,220,-0.09467486147303134,1690.584665095848,1690.5892333984375,1690.489990234375,-0.09920799732208252,0.004533135849051184
91,129,220,-0.08550735117634758,1684.1762055933639,1684.218017578125,1684.0906982421875,-0.12730799615383148,0.0418006449774839
93,127,220,0.4596863307058811,1672.5583800755442,1672.4566650390625,1673.01806640625,0.5614240169525146,-0.10173768624663354
84,137,221,-0.3222284143418074,1698.226281148717,1698.2703857421875,1697.904052734375,-0.3662894070148468,0.04406099267303942
85,136,221,0.16602329555898904,1700.383781391941,1700.47900390625,1700.5498046875,0.0707366019487381,0.09528669361025094
86,135,221,0.27538231037557126,1702.1701743302494,1702.008056640625,1702.445556640625,0.4374038875102997,-0.16202157713472842
87,134,221,0.2704258866608143,1702.3637293867766,1702.4197998046875,1702.6341552734375,0.21435880661010742,0.056067080050706875
88,133,221,0.2532003659009934,1701.793674634099,1701.950927734375,1702.046875,0.09602080285549164,0.15717956304550174
89,132,221,0.22881608821451663,1699.5807542242856,1699.601318359375,1699.8095703125,0.20823809504508972,0.020577993169426906
90,131,221,0.15190368538722396,1696.6223883068003,1696.41015625,1696.7742919921875,0.36415600776672363,-0.21225232237949967
91,130,221,0.01865777589613572,1692.1313666381664,1692.1927490234375,1692.1500244140625,-0.042778901755809784,0.06143667765194551
92,129,221,-0.01405553124146536,1687.095720570304,1687.265380859375,1687.0816650390625,-0.18366290628910065,0.1696073750476353
84,138,222,-0.4561373522877693,1703.5094820788502,1703.629150390625,1703.0533447265625,-0.5757988095283508,0.11966145724058153
85,137,222,0.2779173431545496,1704.474157852158,1704.380126953125,1704.7520751953125,0.37200841307640076,-0.09409106992185118
86,136,222,0.31476540982723233,1708.1610646682977,1708.1788330078125,1708.475830078125,0.29699981212615967,0.017765597701072666
87,135,222,0.3864805902540684,1707.289056519121,1707.390380859375,1707.675537109375,0.28517720103263855,0.10130338922142984
88,134,222,0.35566689804196355,1708.623581148833,1708.6658935546875,1708.979248046875,0.31333181262016296,0.04233508542180059
89,133,222,0.36996145695447924,1705.3419526055454,1705.5819091796875,1705.7119140625,0.12996700406074524,0.239994452893734
90,132,222,0.33157123275101186,1704.2969688063115,1704.2183837890625,1704.6285400390625,0.41025760769844055,-0.0786863749474287
91,131,222,0.2766905284672976,1698.6536073230952,1698.57470703125,1698.9302978515625,0.3556194007396698,-0.07892887227237222
92,130,222,0.07304768737405538,1695.4269523126259,1695.5838623046875,1695.5,-0.08385220170021057,0.15689988907426594
93,129,222,0.1176622754894197,1687.8430310838855,1687.7996826171875,1687.960693359375,0.16101139783859253,-0.04334912234917283
85,138,223,0.15116652568802239,1709.8181938258745,1709.9764404296875,1709.9693603515625,-0.007021099794656038,0.15818762548267842
86,137,223,0.39611340180039406,1712.3389940200746,1712.2322998046875,1712.735107421875,0.5027440190315247,-0.1066306172311306
87,136,223,0.4340070204436779,1713.3577410264313,1713.4573974609375,1713.791748046875,0.3343935012817383,0.09961351916193961
88,135,223,0.4327134695649147,1713.6648207101225,1713.8240966796875,1714.0975341796875,0.2733477056026459,0.1593657639622688
89,134,223,0.45248743519186974,1712.2956815101206,1712.449951171875,1712.7481689453125,0.298218309879303,0.15426912531256676
90,133,223,0.47598048239946367,1710.147920884788,1710.1072998046875,1710.6239013671875,0.5166001915931702,-0.0406197091937065
91,132,223,0.4616360042989254,1706.440951886326,1706.3726806640625,1706.902587890625,0.5298588871955872,-0.06822288289666179
92,131,223,0.35796032592654226,1702.029368775636,1701.8826904296875,1702.3873291015625,0.504574716091156,-0.14661439016461375
93,130,223,0.2127350139990449,1696.121249361001,1696.487060546875,1696.333984375,-0.15308420360088348,0.3658192175999284
85,139,224,0.1513138972595334,1713.803398016803,1713.7647705078125,1713.9547119140625,0.18997040390968323,-0.03865650665014983
86,138,224,0.31929991334676744,1718.1920526257156,1718.248291015625,1718.5113525390625,0.2630864083766937,0.05621350497007371
87,137,224,0.47874808967113497,1718.1132929259538,1718.1624755859375,1718.592041015625,0.42966800928115845,0.04908008038997652
88,136,224,0.4582538004219532,1720.2926006917655,1720.3028564453125,1720.7508544921875,0.44791358709335327,0.010340213328599912
89,135,224,0.48444748371839524,1717.8990974381566,1718.1121826171875,1718.383544921875,0.27128881216049194,0.2131586715579033
90,134,224,0.5405602630972862,1717.6336340728403,1717.5684814453125,1718.1741943359375,0.6057711839675903,-0.06521092087030411
91,133,224,0.5850666499137879,1712.8067790532111,1712.9193115234375,1713.391845703125,0.47259119153022766,0.11247545838356021
92,132,224,0.5361660063266754,1710.3134433686732,1710.256591796875,1710.849609375,0.5929791927337646,-0.05681318640708921
93,131,224,0.488318502753973,1703.2029656769334,1703.1846923828125,1703.6912841796875,0.5065832138061523,-0.01826471105217936
86,139,225,0.29424425199627874,1722.2444520370661,1722.2305908203125,1722.5386962890625,0.3081274926662445,-0.013883240669965768
87,138,225,0.4447412417829037,1723.9926366879047,1724.1617431640625,1724.4373779296875,0.27562999725341797,0.16911124452948573
88,137,225,0.4680007737874985,1725.1421066480875,1725.20703125,1725.610107421875,0.40311500430107117,0.06488576948642732
89,136,225,0.4890777799487114,1724.6347015169263,1724.7803955078125,1725.123779296875,0.3434149920940399,0.14566278785467146
90,135,225,0.5438062795996665,1723.3426683297753,1723.3251953125,1723.886474609375,0.561347484588623,-0.017541204988956505
91,134,225,0.6212575194239617,1720.423908496201,1720.496337890625,1721.045166015625,0.5488600134849548,0.07239750593900685
92,133,225,0.6628468361496925,1716.7680613669754,1716.6986083984375,1717.430908203125,0.7322674989700317,-0.06942066282033921
93,132,225,0.6339881721138955,1711.6366417106985,1711.670166015625,1712.2706298828125,0.6004024744033813,0.03358569771051412
86,140,226,0.03656179573619738,1728.0314313683264,1728.0888671875,1728.0679931640625,-0.020840799435973167,0.05740259517217055
87,139,226,0.4127169142663479,1728.5880155076086,1728.533203125,1729.000732421875,0.46754321455955505,-0.054826300293207175
88,138,226,0.44322631374001503,1731.5471301315724,1731.603759765625,1731.9903564453125,0.38662639260292053,0.0565999211370945
89,137,226,0.4573340091109276,1730.0418114987015,1730.1798095703125,1730.4991455078125,0.31930720806121826,0.13802680104970932
90,136,226,0.5398001649975777,1730.598993780315,1730.509033203125,1731.1387939453125,0.6297929883003235,-0.08999282330274583
91,135,226,0.5846966582536698,1726.6657916229963,1726.8907470703125,1727.25048828125,0.3597981929779053,0.22489846527576451
92,134,226,0.6857678493857384,1724.8874743381143,1724.8131103515625,1725.5732421875,0.7600483894348145,-0.07428054004907603
93,133,226,0.7260379731655121,1718.595861440897,1718.542724609375,1719.3218994140625,0.7791635990142822,-0.05312562584877012
86,141,227,-0.16112535186111926,1732.0274583596736,1732.021484375,1731.8663330078125,-0.15523159503936768,-0.0058937568217515834
87,140,227,0.26681035131216047,1734.3152208986878,1734.442626953125,1734.58203125,0.13942259550094604,0.12738775581121442
88,139,227,0.4016804656386375,1736.1959757843613,1736.1651611328125,1736.59765625,0.4325104057788849,-0.03082994014024737
89,138,227,0.4303130041062832,1736.5201264490188,1736.7108154296875,1736.950439453125,0.23959319293498993,0.19071981117129327
90,137,227,0.4748800204694271,1736.100193221718,1735.9732666015625,1736.5750732421875,0.6018843054771423,-0.1270042850077152
91,136,227,0.5553245118260384,1734.035495800674,1734.165283203125,1734.5908203125,0.4255484938621521,0.12977601796388627
92,135,227,0.6428970482945442,1731.2125717017054,1731.168212890625,1731.85546875,0.6872614026069641,-0.04436435431241992
93,134,227,0.7119238996505737,1726.8542382097244,1726.8519287109375,1727.566162109375,0.7142983078956604,-0.002374408245086723
86,142,228,-0.5796378879249096,1737.73320234105,1737.7352294921875,1737.153564453125,-0.5816196203231812,0.001981732398271596
87,141,228,0.10968738844618202,1738.8046192521788,1738.8121337890625,1738.914306640625,0.10219080001115799,0.007496588435024029
88,140,228,0.29639723360538484,1742.4146623367071,1742.4737548828125,1742.7110595703125,0.23721079528331757,0.05918643832206727
89,139,228,0.35514004319906234,1741.7155386677384,1741.7369384765625,1742.0706787109375,0.3337155878543854,0.021424455344676963
90,138,228,0.44380333870649336,1743.0935501769186,1743.078369140625,1743.537353515625,0.4590004086494446,-0.015197069942951225
91,137,228,0.4357115842401981,1740.0833313845098,1740.143310546875,1740.51904296875,0.37576720118522644,0.059944383054971684
92,136,228,0.6058763325214386,1739.0789381206037,1739.0645751953125,1739.684814453125,0.6202036142349243,-0.01432728171348574
94,134,228,0.6996029940247536,1730.5165835294129,1730.612060546875,1731.2161865234375,0.6041107773780823,0.09549221664667129
86,143,229,-0.8726839745044708,1741.601565810442,1741.6876220703125,1740.7288818359375,-0.9586982727050781,0.08601429820060735
87,142,229,-0.2631746502965689,1744.5007234784216,1744.599365234375,1744.237548828125,-0.36180201172828674,0.09862736143171785
88,141,229,0.15067355431616306,1746.9196389456838,1746.92333984375,1747.0703125,0.14696019887924194,0.003713355436921112
89,140,229,0.2739844509959221,1747.9650292208792,1748.0130615234375,1748.239013671875,0.22598659992218018,0.04799785107374194
90,139,229,0.32306557983160017,1748.380669771731,1748.3350830078125,1748.7037353515625,0.36862099170684814,-0.045555411875247975
91,138,229,0.3791302873194218,1747.174214439243,1747.241455078125,1747.5533447265625,0.311979204416275,0.06715108290314675
92,137,229,0.46059387758374215,1745.2144549505413,1745.145263671875,1745.675048828125,0.5298078060150146,-0.0692139284312725
93,136,229,0.557835282087326,1741.6780045616626,1741.772216796875,1742.23583984375,0.46360909938812256,0.09422618269920346
94,135,229,0.6246484792232514,1737.4218603098393,1737.396240234375,1738.0465087890625,0.6502013802528381,-0.02555290102958674
95,134,229,0.678709616959095,1731.6734632346033,1731.8284912109375,1732.3521728515625,0.52373868227005,0.154970934689045
87,143,230,-0.5605373606085777,1748.904409430921,1748.8521728515625,1748.3438720703125,-0.508296012878418,-0.05224134773015976
88,142,230,-0.09385711825452744,1753.0174411026296,1753.040283203125,1752.923583984375,-0.11671199649572372,0.02285487824119628
89,141,230,0.12688446812331677,1752.9823684615642,1752.9359130859375,1753.1092529296875,0.17340800166130066,-0.046523533537983885
90,140,230,0.2527320977300406,1755.1292259100824,1755.12939453125,1755.3819580078125,0.25259798765182495,0.00013411007821562126
91,139,230,0.19863309614360333,1753.0120602632314,1753.0360107421875,1753.210693359375,0.17466600239276886,0.023967093750834473
92,138,230,0.4041508273780346,1752.7942134304344,1752.812255859375,1753.1983642578125,0.38617900013923645,0.017971827238798144
93,137,230,0.36330600425601006,1748.332738917619,1748.4083251953125,1748.696044921875,0.2878269851207733,0.07547901913523675
94,136,230,0.5499955806136131,1745.878837427199,1745.930419921875,1746.4288330078125,0.4984320104122162,0.0515635702013969
87,144,231,-0.9253665950894355,1754.3405277279019,1754.3297119140625,1753.4151611328125,-0.9145079255104065,-0.010858669579029034
88,143,231,-0.35686647325754167,1757.397760027945,1757.4114990234375,1757.0408935546875,-0.3705557882785797,0.01368931502103804
89,142,231,-0.03254747895291075,1759.0341343930154,1759.082763671875,1759.0015869140625,-0.08114080131053925,0.0485933223576285
90,141,231,0.07444751182571054,1760.208877683487,1760.2474365234375,1760.2833251953125,0.035857200622558594,0.03859031120315194
91,140,231,0.11460392672568559,1759.8314409951493,1759.8565673828125,1759.946044921875,0.08943229913711548,0.02517162758857011
92,139,231,0.17620705116540195,1758.726502909772,1758.692626953125,1758.9027099609375,0.2100950926542282,-0.033888041488826265
93,138,231,0.2689002875238657,1756.0224815484137,1756.092529296875,1756.2913818359375,0.19888490438461304,0.07001538313925265
94,137,231,0.36488387152552604,1752.5872645659745,1752.625244140625,1752.9521484375,0.3268255889415741,0.03805828258395194
87,145,232,-1.1407772225141526,1758.441314331889,1758.4088134765625,1757.300537109375,-1.1082592010498047,-0.0325180214643479
88,144,232,-0.6375610759854317,1763.2767212322353,1763.2022705078125,1762.63916015625,-0.563096821308136,-0.07446425467729567
89,143,232,-0.23073064528405665,1763.859636895284,1763.762451171875,1763.62890625,-0.13358399271965027,-0.09714665256440638
90,142,232,-0.006158512036781758,1766.6897522620368,1766.6878662109375,1766.68359375,-0.004241600167006254,-0.0019169118697755037
91,141,232,-0.09610025081783533,1765.4333805242554,1765.4056396484375,1765.3372802734375,-0.06837040185928345,-0.027729848958551878
92,140,232,0.14179035454988478,1765.9841862079502,1765.96044921875,1766.1259765625,0.1655711978673935,-0.02378084331750871
94,138,232,0.30272720128297803,1760.710700533092,1760.644287109375,1761.013427734375,0.36913520097732544,-0.06640799969434741
87,146,233,-1.3408151173591614,1763.4655709767342,1763.6328125,1762.124755859375,-1.5080734491348267,0.1672583317756653
88,145,233,-0.8951027664542198,1767.4165871414543,1767.4365234375,1766.521484375,-0.9150052070617676,0.019902440607547756
89,144,233,-0.4209657835960388,1769.671209924221,1769.68017578125,1769.250244140625,-0.42997869849205017,0.00901291489601136
90,143,233,-0.18603078812360763,1771.5119585224986,1771.4742431640625,1771.325927734375,-0.14833210408687592,-0.03769868403673171
91,142,233,-0.14507191862910987,1771.9246129342541,1771.93408203125,1771.779541015625,-0.15452750027179718,0.00945558164268731
92,141,233,-0.12570685302838683,1771.6759998217783,1771.7220458984375,1771.55029296875,-0.17177419364452362,0.04606734061613679
93,140,233,-0.06282332263421267,1769.8108701976341,1769.9102783203125,1769.748046875,-0.1623128056526184,0.09948948301840574
94,139,233,0.04873527847230434,1767.1889356199652,1767.024658203125,1767.2376708984375,0.21304559707641602,-0.16431031860411166
96,137,233,0.2947143781930208,1758.150353981182,1758.218505859375,1758.445068359375,0.22663399577140808,0.06808038242161274
88,146,234,-1.0836349573731423,1772.9533859339356,1772.9112548828125,1771.8697509765625,-1.0414725542068481,-0.04216240316629416
89,145,234,-0.6260998728871345,1774.2656262400747,1774.2183837890625,1773.6395263671875,-0.5788497924804688,-0.047250080406665784
90,144,234,-0.2403502207249403,1777.6945738535373,1777.6641845703125,1777.4542236328125,-0.21003380417823792,-0.03031641654670239
91,143,234,-0.29938446044921874,1777.2102731323241,1777.156005859375,1776.910888671875,-0.24508580565452576,-0.05429865479469298
92,142,234,-0.07539011484012008,1778.5550043726525,1778.5675048828125,1778.4796142578125,-0.08794400095939636,0.012553886119276284
93,141,234,-0.32750335849821566,1775.9688607803732,1775.975341796875,1775.641357421875,-0.33403879404067993,0.006535435542464274
94,140,234,0.06036665044724941,1774.9255952636152,1774.7978515625,1774.9859619140625,0.1881725937128067,-0.12780594326555728
96,138,234,0.23839324370026588,1766.7869973812997,1766.8607177734375,1767.025390625,0.16468879580497742,0.07370444789528846
89,146,235,-0.8065478879213334,1779.8033740597964,1779.773681640625,1778.996826171875,-0.7768985033035278,-0.02964938461780553
90,145,235,-0.4128163120150566,1782.2563221713901,1782.330810546875,1781.843505859375,-0.4872570037841797,0.0744406917691231
91,144,235,-0.27907781332731246,1783.3463385555149,1783.2772216796875,1783.0672607421875,-0.21006649732589722,-0.06901131600141525
92,143,235,-0.2966015750914812,1783.9264843875915,1783.864990234375,1783.6298828125,-0.23514850437641144,-0.06145307071506978
93,142,235,-0.2989180463552475,1782.9154951947928,1782.9583740234375,1782.6165771484375,-0.34181851148605347,0.042900465130805976
94,141,235,-0.23397587798535824,1781.1502356436104,1781.0367431640625,1780.916259765625,-0.12047649919986725,-0.11349937878549099
95,140,235,-0.1153576095867902,1777.8023693283367,1777.8121337890625,1777.68701171875,-0.12517699599266052,0.009819386405870323
89,147,236,-0.972572218477726,1784.1246718278528,1783.981201171875,1783.152099609375,-0.8290827870368958,-0.14348943144083026
90,146,236,-0.47525888875126837,1788.1800928731263,1788.1646728515625,1787.704833984375,-0.45983681082725525,-0.015422077924013122
91,145,236,-0.3923743470013142,1788.3358557923139,1788.303466796875,1787.9434814453125,-0.36002281308174133,-0.03235153391957285
92,144,236,-0.17208975683897734,1790.444306553714,1790.4105224609375,1790.272216796875,-0.13835440576076508,-0.03373535107821227
93,143,236,-0.4952643646299839,1788.73110420838,1788.6947021484375,1788.23583984375,-0.4587928056716919,-0.036471558958292016
94,142,236,-0.11750061837956309,1788.474068001192,1788.388916015625,1788.3565673828125,-0.0323311984539032,-0.08516941992565989
96,140,236,0.053223399072885515,1781.9508049212395,1781.8729248046875,1782.0040283203125,0.13107599318027496,-0.07785259410738946
90,147,237,-0.6574548548460006,1792.5045007532835,1792.5360107421875,1791.8470458984375,-0.6889621019363403,0.031507247090339696
91,146,237,-0.37252354979515073,1794.1913712060452,1794.18115234375,1793.81884765625,-0.36237388849258423,-0.010149661302566504
92,145,237,-0.32382773473858834,1795.4783687503636,1795.536376953125,1795.154541015625,-0.38181620836257935,0.05798847362399101
93,144,237,-0.3674029640853405,1795.2765826515854,1795.2724609375,1794.9091796875,-0.3633114993572235,-0.004091464728117
94,143,237,-0.39034908965229986,1794.3892504568398,1794.2701416015625,1793.9989013671875,-0.27119630575180054,-0.11915278390049933
96,141,237,-0.18487570993602276,1788.6061403583735,1788.5499267578125,1788.4212646484375,-0.1286116987466812,-0.056264011189341545
98,139,237,0.16998095959424972,1778.3057270482182,1778.2940673828125,1778.4757080078125,0.18158410489559174,-0.011603145301342016
91,147,238,-0.4914919492602348,1798.9375368711353,1798.8861083984375,1798.446044921875,-0.4399861991405487,-0.05150575011968611
92,146,238,-0.19555731542408467,1801.7103278232366,1801.6900634765625,1801.5147705078125,-0.1752355992794037,-0.02032171614468098
93,145,238,-0.48416746824979784,1800.7446655151248,1800.7608642578125,1800.260498046875,-0.5003359913825989,0.016168523132801038
94,144,238,-0.18691784787923096,1801.3260780041292,1801.2698974609375,1801.13916015625,-0.13074180483818054,-0.05617604304105042
95,143,238,-0.5595363955199718,1798.2063869814574,1798.229248046875,1797.6468505859375,-0.5824013948440552,0.022864999324083368
96,142,238,-0.08101518526673317,1796.4385591305793,1796.4232177734375,1796.3575439453125,-0.06559079885482788,-0.015424386411905286
92,147,239,-0.31961620956659315,1806.4537714830042,1806.4964599609375,1806.1341552734375,-0.3623135983943939,0.042697388827800775
93,146,239,-0.3276565934717655,1806.9664505387843,1806.9757080078125,1806.6387939453125,-0.33695200085639954,0.009295407384634025
94,145,239,-0.398135312795639,1806.8986235940456,1806.9161376953125,1806.50048828125,-0.4156692922115326,0.017533979415893575
95,144,239,-0.41500140964984894,1805.2371449643374,1805.3316650390625,1804.8221435546875,-0.5094949007034302,0.09449349105358124
96,143,239,-0.3364483922719955,1802.8124005407094,1802.792724609375,1802.4759521484375,-0.31685009598731995,-0.019598296284675576
92,148,240,-0.22335260689258576,1812.442712958455,1812.4249267578125,1812.2193603515625,-0.20552000403404236,-0.017832602858543406
93,147,240,-0.4019919002056122,1812.1280661189555,1812.0418701171875,1811.72607421875,-0.3157320022583008,-0.08625989794731143
94,146,240,-0.16480241049081087,1813.5096510433034,1813.450439453125,1813.3448486328125,-0.10559199750423431,-0.05921041298657656
95,145,240,-0.5891579234600067,1811.2216042125226,1811.283203125,1810.6324462890625,-0.650763988494873,0.06160606503486632
96,144,240,-0.14484176954254507,1810.2429863007926,1810.286865234375,1810.09814453125,-0.18860800564289093,0.04376623610034586
98,142,240,0.10203238658607006,1802.4185974962265,1802.4576416015625,1802.5206298828125,0.06300000101327896,0.039032385572791095
93,148,241,-0.25835372067987916,1818.07378340818,1818.1142578125,1817.8154296875,-0.2988665997982025,0.04051287911832335
94,147,241,-0.324867427945137,1818.7549211388825,1818.69189453125,1818.4300537109375,-0.2618195116519928,-0.06304791629314421
95,146,241,-0.39687771782279013,1817.8977322100102,1817.930419921875,1817.5008544921875,-0.42955949902534485,0.032681781202554716
96,145,241,-0.3903429554402828,1816.3138048695027,1816.380615234375,1815.9234619140625,-0.4570608139038086,0.06671785846352579
93,149,242,-0.3192099736630917,1822.9628867314757,1823.0838623046875,1822.6436767578125,-0.44011640548706055,0.12090643182396887
94,148,242,-0.1058255903981626,1825.0911771528981,1825.00146484375,1824.9853515625,-0.016072800382971764,-0.08975279001519083
95,147,242,-0.5177312329411506,1823.552887482941,1823.468017578125,1823.03515625,-0.4328913986682892,-0.08483983427286146
96,146,242,-0.15320570357143878,1823.3929517973215,1823.3499755859375,1823.23974609375,-0.11016800254583359,-0.043037701025605196
98,144,242,0.04718712884932756,1817.1429984180256,1817.2020263671875,1817.190185546875,-0.011782200075685978,0.05896932892501354
94,149,243,-0.2193361496925354,1830.01804220438,1830.03515625,1829.7987060546875,-0.2364141047000885,0.017077955007553103
95,148,243,-0.31817208662629126,1829.9196125163137,1829.832275390625,1829.6014404296875,-0.23093059659004211,-0.08724149003624915
96,147,243,-0.38021405339241027,1829.1573136627674,1829.0430908203125,1828.777099609375,-0.2659423053264618,-0.11427174806594848
97,146,243,-0.3336594976484776,1826.7814134038986,1826.7530517578125,1826.44775390625,-0.30521029233932495,-0.028449205309152625
94,150,244,-0.034705807618447576,1836.1057507294934,1836.054931640625,1836.071044921875,0.016042400151491165,-0.05074820776993874
95,149,244,-0.3931742742657661,1835.2588969305157,1835.199462890625,1834.86572265625,-0.3338179886341095,-0.059356285631656625
96,148,244,-0.14316891610622406,1835.9355273145438,1835.844482421875,1835.7923583984375,-0.05205880105495453,-0.09111011505126954
97,147,244,-0.5365055878460407,1832.9536198456585,1832.8001708984375,1832.4171142578125,-0.3830195963382721,-0.15348599150776865
98,146,244,0.0003466818830929697,1831.239399411867,1831.2535400390625,1831.23974609375,-0.013701199553906918,0.014047881436999888
94,151,245,-0.09413001978769898,1840.7133927151,1840.754150390625,1840.6192626953125,-0.1348389983177185,0.04070897853001952
95,150,245,-0.20330148532986642,1841.3392878134548,1841.24951171875,1841.135986328125,-0.1135535016655922,-0.08974798366427422
96,149,245,-0.3326867572963238,1841.379439686984,1841.363037109375,1841.0467529296875,-0.31638649106025696,-0.01630026623606684
97,148,245,-0.37248917773365975,1839.8218299980463,1839.771484375,1839.4493408203125,-0.32209300994873047,-0.05039616778492928
98,147,245,-0.2731393647193909,1837.4901803803443,1837.417724609375,1837.217041015625,-0.2006780058145523,-0.07246135890483857
94,152,246,0.05602957963012159,1846.5576178813074,1846.60888671875,1846.6136474609375,0.004735399968922138,0.05129417966119945
96,150,246,-0.10757768826559186,1847.874545461703,1847.822021484375,1847.7669677734375,-0.05501360073685646,-0.0525640875287354
97,149,246,-0.5406128104031086,1845.6783081229032,1845.689697265625,1845.1376953125,-0.5519610047340393,0.011348194330930705
98,148,246,-0.0951314539834857,1844.7765279383584,1844.7840576171875,1844.681396484375,-0.10261200368404388,0.007480549700558184
99,147,246,-0.3652917969226837,1840.2783777344227,1840.2730712890625,1839.9130859375,-0.3599854111671448,-0.005306385755538934
100,146,246,0.23445691496133805,1837.1493321475386,1837.118408203125,1837.3837890625,0.26544320583343506,-0.030986290872097005
96,151,247,-0.2173850677162409,1852.9626243255289,1852.9771728515625,1852.7452392578125,-0.2318546026945114,0.014469534978270526
97,150,247,-0.37483731895685196,1852.237874428332,1852.2384033203125,1851.863037109375,-0.3753775954246521,0.0005402764678001382
98,149,247,-0.3915362374484539,1850.7582354561985,1850.836181640625,1850.36669921875,-0.46945860981941223,0.07792237237095834
99,148,247,-0.24721279077231884,1847.6456502907722,1847.5848388671875,1847.3984375,-0.18642349541187286,-0.06078929536044597
96,152,248,0.025335430221166463,1859.1513003119662,1859.1888427734375,1859.1766357421875,-0.012216799892485142,0.03755223011365161
97,151,248,-0.45192407339811325,1857.7271926280855,1857.668212890625,1857.2752685546875,-0.39287999272346497,-0.05904408067464828
98,150,248,-0.2197778557986021,1857.744802269861,1857.7789306640625,1857.5250244140625,-0.2539120018482208,0.03413414604961873
100,148,248,0.0845213787117973,1851.6068848712882,1851.554443359375,1851.69140625,0.1370151937007904,-0.05249381498899311
96,153,249,0.02631313549936749,1863.8556448723132,1863.9022216796875,1863.8819580078125,-0.020299000665545464,0.04661213616491296
97,152,249,-0.23823144003748895,1863.937816400975,1864.024169921875,1863.6995849609375,-0.32460901141166687,0.08637757137417792
98,151,249,-0.44393586337566376,1863.3682522696256,1863.365478515625,1862.92431640625,-0.4411545991897583,-0.002781264185905463
100,149,249,-0.27953929126262667,1858.07726878345,1858.00439453125,1857.7977294921875,-0.20666010677814484,-0.07287918448448183
101,148,249,-0.0813379595335573,1853.569741279846,1853.5601806640625,1853.4884033203125,-0.0718080997467041,-0.009529859786853195
96,154,250,0.2562318420410156,1869.7729429626465,1869.734619140625,1870.0291748046875,0.2945750057697296,-0.03834316372871399
97,153,250,-0.18117140416055919,1869.023090349473,1868.9898681640625,1868.8419189453125,-0.14794999361038208,-0.033221410550177105
98,152,250,-0.19885006632655858,1869.982419402264,1869.9891357421875,1869.7835693359375,-0.20557500422000885,0.006724937893450272
100,150,250,-0.17921515814960004,1865.5642249237746,1865.5225830078125,1865.385009765625,-0.13762499392032623,-0.04159016422927381
101,149,250,-0.45499802827835084,1860.451702129841,1860.413330078125,1859.9967041015625,-0.4166249930858612,-0.038373035192489635
96,155,251,0.3107546205073595,1874.1567746763676,1874.1475830078125,1874.467529296875,0.31995171308517456,-0.009197092577815036
97,154,251,0.10087298735976219,1874.8703184188903,1874.78515625,1874.97119140625,0.18601129949092865,-0.08513831213116646
98,153,251,-0.2310504937171936,1875.1329059624672,1875.0958251953125,1874.90185546875,-0.19395139813423157,-0.03709909558296204
99,152,251,-0.5000784641504288,1873.8506644016504,1873.9368896484375,1873.3505859375,-0.586334228515625,0.08625576436519622
100,151,251,-0.5513697008788586,1871.747658763379,1871.707275390625,1871.1962890625,-0.5110263228416443,-0.04034337803721433
101,150,251,-0.386584213078022,1867.988634994328,1867.9169921875,1867.60205078125,-0.3150255084037781,-0.07155870467424391
98,154,252,0.1153381285071373,1881.3528015199304,1881.267578125,1881.4681396484375,0.20065520703792572,-0.08531707853078842
99,153,252,-0.47569372490048406,1879.3655863030256,1879.2252197265625,1878.889892578125,-0.33528560400009155,-0.1404081209003925
100,152,252,-0.3708941189199686,1878.84843318142,1878.9208984375,1878.4775390625,-0.44324520230293274,0.07235108338296414
101,151,252,-0.735045046210289,1874.5534044212102,1874.488037109375,1873.818359375,-0.6696888208389282,-0.06535622537136077
102,150,252,-0.12656547687016428,1871.5115752424952,1871.3013916015625,1871.385009765625,0.08360160142183304,-0.21016707829199732
98,155,253,0.23090687017887832,1886.0785413720087,1886.0718994140625,1886.3094482421875,0.2375859022140503,-0.006679032035171978
99,154,253,-0.15149611029773952,1885.5976631024853,1885.5806884765625,1885.4461669921875,-0.13443869352340698,-0.017057416774332534
100,153,253,-0.4893243660032749,1884.4892022956908,1884.4632568359375,1883.9998779296875,-0.46331360936164856,-0.02601075664162633
102,151,253,-0.5454731868207454,1878.1467915461958,1877.8853759765625,1877.601318359375,-0.28409069776535034,-0.2613824890553951
103,150,253,-0.38992934294044973,1873.0798707491904,1872.938232421875,1872.68994140625,-0.24825400114059448,-0.14167534179985525
98,156,254,0.5599431663751602,1892.0428400367498,1892.1033935546875,1892.602783203125,0.4994213879108429,0.06052177846431728
99,155,254,0.05867893843445927,1890.652868913128,1890.6683349609375,1890.7115478515625,0.04322139918804169,0.01545753924641758
100,154,254,-0.10099819134455174,1891.0802462382196,1890.9775390625,1890.979248046875,0.0016256000380963087,-0.10262379138264804
102,152,254,-0.4204833100736141,1885.7161376069487,1885.592041015625,1885.295654296875,-0.29648861289024353,-0.12399469718337058
103,151,254,-0.7588033336400986,1880.0550679820776,1879.88720703125,1879.2962646484375,-0.5908724069595337,-0.16793092668056486
99,156,255,0.474668258279562,1896.5641501010955,1896.64453125,1897.038818359375,0.3942919969558716,0.08037626132369041
100,155,255,0.06408806244609877,1896.153441234429,1896.15087890625,1896.217529296875,0.06656999886035919,-0.0024819364142604217
101,154,255,-0.3654139570891857,1894.3785975508392,1894.3270263671875,1894.01318359375,-0.31379151344299316,-0.05162244364619256
102,153,255,-0.6027109830081463,1891.8186533658206,1891.5748291015625,1891.2159423828125,-0.358876496553421,-0.24383448645472527
103,152,255,-0.6817541646957398,1887.6863928365708,1887.6571044921875,1887.004638671875,-0.6524584889411926,-0.029295675754547168
100,156,256,0.5655348448455334,1902.5092942567169,1902.5379638671875,1903.0748291015625,0.5368672013282776,0.028667643517255814
102,154,256,-0.2231686656177044,1898.8253415171803,1898.635009765625,1898.6021728515625,-0.03278239816427231,-0.1903862674534321
103,153,256,-0.7936989659070969,1894.1136452549697,1893.9290771484375,1893.3199462890625,-0.6091880202293396,-0.18451094567775728
104,152,256,-0.5186839386820793,1890.793342141807,1890.67138671875,1890.274658203125,-0.3967343866825104,-0.12194955199956892
100,157,257,0.882603666484356,1907.5944471147657,1907.50390625,1908.47705078125,0.9731906056404114,-0.09058693915605542
101,156,257,0.49173175111413003,1906.1640299676358,1906.3192138671875,1906.65576171875,0.3365834951400757,0.15514825597405435
102,155,257,-0.03300079948268831,1904.328533026045,1904.2822265625,1904.2955322265625,0.013214100152254105,-0.046214899634942415
104,153,257,-0.71118926435709,1897.299079889357,1897.0982666015625,1896.587890625,-0.5103620886802673,-0.20082717567682262
105,152,257,-0.816778208911419,1891.8983211776615,1892.0279541015625,1891.08154296875,-0.9464119076728821,0.12963369876146313
101,157,258,0.8394353386759758,1911.633709192574,1911.692626953125,1912.47314453125,0.7804329991340637,0.05900233954191203
104,154,258,-0.3128441125154495,1904.766091182828,1904.691650390625,1904.4532470703125,-0.23843060433864594,-0.07441350817680359
105,153,258,-0.9207214143872261,1898.6966003206371,1898.7459716796875,1897.77587890625,-0.9700173735618591,0.04929595917463303
102,157,259,1.0020826253294945,1916.614982804358,1916.5926513671875,1917.6170654296875,1.0245074033737183,-0.022424778044223714
105,154,259,-0.55532136708498,1906.4685293748976,1906.3338623046875,1905.9132080078125,-0.4207133948802948,-0.13460797220468523
106,154,260,-0.27884997069835665,1909.2200120800733,1909.06640625,1908.941162109375,-0.12523199617862701,-0.15361797451972964
104,157,261,1.0446829190850258,1923.9783883699774,1923.931640625,1925.0230712890625,1.091406226158142,-0.04672330707311634
106,155,261,-0.06723337616305798,1915.8556855246006,1915.68017578125,1915.7884521484375,0.10826899856328964,-0.1755023747263476
107,154,261,-0.31009028051048515,1909.8423168430104,1909.823486328125,1909.5322265625,-0.29126930236816406,-0.018820978142321088
106,156,262,0.6604444473981858,1923.4563768416642,1923.387451171875,1924.1168212890625,0.729316771030426,-0.06887232363224027
107,155,262,-0.06286410419503227,1916.8173807057576,1916.7220458984375,1916.7545166015625,0.032427798956632614,-0.09529190315166489
108,156,264,0.9324515411257743,1926.7013375213742,1926.7713623046875,1927.6337890625,0.8624832034111023,0.06996833771467204
108,157,265,1.1530675512552262,1933.4329920190573,1933.505615234375,1934.5860595703125,1.0805389881134033,0.07252856314182288
108,158,266,1.7454140764474868,1941.264961900115,1941.33740234375,1943.0103759765625,1.6729474067687988,0.07246666967868798
109,157,266,1.1780231142044066,1933.8820354795455,1934.0220947265625,1935.06005859375,1.0379931926727295,0.14002992153167715
110,159,269,2.366109141111374,1950.2085978901387,1950.291748046875,1952.57470703125,2.282978057861328,0.08313108325004581
110,160,270,2.727388862371445,1958.3536658251285,1958.51611328125,1961.0810546875,2.5648820400238037,0.16250682234764113
9,21,30,-0.16380503989988937,186.46310618736084,186.3990020751953,186.29930114746094,-0.09969999641180038,-0.06410504348808899
14,9,23,-0.33350754223763945,150.9922142072767,151.1479949951172,150.65870666503906,-0.489300012588501,0.15579247035086152
15,11,26,-1.1461787354946136,187.50747634291648,187.1179962158203,186.36129760742188,-0.7566999793052673,-0.38947875618934624
16,11,27,-1.3671556875109672,188.1944567129016,187.98699951171875,186.82730102539062,-1.1597000360488892,-0.207455651462078
18,13,31,-1.386211033463478,225.06611215651034,224.8350067138672,223.67990112304688,-1.1550999879837036,-0.23111104547977446
19,15,34,-1.34960002720356,260.97810954868794,261.0429992675781,259.6285095214844,-1.4144999980926514,0.06489997088909139
20,15,35,-1.3079634922742844,262.08445275008677,262.0679931640625,260.7764892578125,-1.2914999723434448,-0.01646351993083961
21,16,37,-0.9984600216150283,279.08625909388064,278.7049865722656,278.0877990722656,-0.6172000169754028,-0.3812600046396255
21,17,38,-0.9358005672693253,295.1289158016443,294.9320068359375,294.193115234375,-0.7389000058174133,-0.19690056145191193
24,41,65,-0.23332116343080997,534.1936483118683,534.0549926757812,533.9603271484375,-0.09470000118017197,-0.138621162250638
39,65,104,-0.016113158334046602,862.7336424552091,864.0989990234375,862.717529296875,-1.381500005722046,1.3653868473879993
40,40,80,-0.22203246601857246,669.0790270949249,669.5280151367188,668.8569946289062,-0.6710000038146973,0.4489675377961248
40,66,106,0.6852106869220733,882.9175725162029,882.3560180664062,883.602783203125,1.2467999458312988,-0.5615892589092255
42,70,112,1.3235071843862534,928.4545079523325,927.6619873046875,929.7780151367188,2.115999937057495,-0.7924927526712418
43,72,115,1.3208123868703843,950.2147711092234,949.6380004882812,951.5355834960938,1.8976000547409058,-0.5767876678705215
47,48,95,-1.0482929891347885,789.846693868041,789.7343139648438,788.7984008789062,-0.9358999729156494,-0.11239301621913911
49,50,99,-0.7992242014408112,822.239226642847,822.1400146484375,821.4400024414062,-0.699999988079071,-0.09922421336174014
57,95,152,-0.4980784633755684,1231.377595064938,1231.4127197265625,1230.8795166015625,-0.5332000255584717,0.0351215621829033
58,94,152,-0.8067825263738633,1240.3459670966863,1240.3289794921875,1239.5391845703125,-0.7897999882698059,-0.016982538104057365
58,95,153,-0.9363990634679794,1244.2978492587804,1244.3470458984375,1243.3614501953125,-0.9854999780654907,0.049100914597511314
58,97,155,-0.8435708343982696,1253.1616860687732,1253.2650146484375,1252.318115234375,-0.9469000101089478,0.10332917571067812
59,95,154,-1.3386081320047378,1255.0461276632548,1254.8070068359375,1253.70751953125,-1.0994999408721924,-0.23910819113254544
64,104,168,0.22263480991125106,1354.3575653854014,1354.0511474609375,1354.5802001953125,0.5289999842643738,-0.3063651743531227
22,37,59,0.42495986714959144,484.5291416953504,nan,484.9541015625,nan,nan
73,105,178,-0.6837173458933831,1430.180177306831,nan,1429.4964599609375,nan,nan
75,92,167,-0.17228156879544257,1324.0338538344204,nan,1323.861572265625,nan,nan
77,93,170,-0.19104396529495715,1335.1889687699825,nan,1334.9979248046875,nan,nan
79,95,174,-0.06937207686714827,1356.7958125065547,nan,1356.7264404296875,nan,nan
81,97,178,-0.007182691532652825,1377.9882617930953,nan,1377.9810791015625,nan,nan
93,135,228,0.6300367537140846,1733.6884446915983,nan,1734.3184814453125,nan,nan
93,139,232,0.008879885801579803,1762.4568183563858,nan,1762.4656982421875,nan,nan
101,155,256,-0.10118089539930225,1899.7636564813367,nan,1899.6624755859375,nan,nan
8,19,27,-1.6069758876785636,166.44067034568639,nan,164.8336944580078,nan,nan
8,20,28,-0.7649827464204282,166.3679795725923,nan,165.60299682617188,nan,nan
8,21,29,-0.8402635629754514,163.6705705698114,nan,162.83030700683594,nan,nan
8,22,30,-1.2973301821947099,163.62792710602284,nan,162.33059692382812,nan,nan
8,23,31,-1.832765058875084,161.20066972196102,nan,159.36790466308594,nan,nan
9,22,31,-1.5102522709965707,187.53085163623095,nan,186.02059936523438,nan,nan
9,23,32,-1.9838246262073518,186.90672196507455,nan,184.9228973388672,nan,nan
9,24,33,-2.3435015469789504,186.71070430576802,nan,184.36720275878906,nan,nan
9,25,34,-2.572140498757362,186.08263854563236,nan,183.510498046875,nan,nan
10,22,32,-1.766246938109398,213.84785094201564,nan,212.08160400390625,nan,nan
10,23,33,-2.1308926820755003,213.09079258441926,nan,210.95989990234375,nan,nan
10,24,34,-2.393801124095917,214.74400559186935,nan,212.35020446777344,nan,nan
10,25,35,-2.4719513857364657,213.76444711327554,nan,211.29249572753906,nan,nan
10,26,36,-2.3914796030521392,215.16528331398965,nan,212.7738037109375,nan,nan
10,27,37,-2.315470535159111,214.44956477344036,nan,212.13409423828125,nan,nan
11,24,35,-1.7217105317115784,236.15090975046158,nan,234.42919921875,nan,nan
11,25,36,-1.6414755582809448,236.6679800748825,nan,235.02650451660156,nan,nan
11,26,37,-1.669951548576355,238.278746714592,nan,236.60879516601562,nan,nan
11,27,38,-1.446941705495119,239.01403460100292,nan,237.5670928955078,nan,nan
12,26,38,-1.1388928112387657,264.212684315145,nan,263.07379150390625,nan,nan
12,27,39,-0.27076678853482006,264.20487933736297,nan,263.9341125488281,nan,nan
12,28,40,0.4915224825032055,266.931878396403,nan,267.42340087890625,nan,nan
13,8,21,-0.5357820279896259,131.86718766763806,nan,131.33140563964844,nan,nan
13,9,22,-0.6669851090013981,149.38169152989983,nan,148.71470642089844,nan,nan
13,25,38,0.31870756749995055,280.3077877938282,nan,280.6264953613281,nan,nan
13,26,39,0.9566074080765248,283.2571987442672,nan,284.21380615234375,nan,nan
13,27,40,1.6109936052560807,284.93710209786894,nan,286.548095703125,nan,nan
13,28,41,1.9094053298234939,288.2690004318953,nan,290.17840576171875,nan,nan
13,29,42,1.8825423581153153,288.2081558840722,nan,290.0906982421875,nan,nan
14,8,22,-0.3290970918443054,132.60450297563338,nan,132.27540588378906,nan,nan
14,27,41,2.613443557024002,307.90764408946035,nan,310.5210876464844,nan,nan
14,28,42,2.7927354848384858,312.87065562844276,nan,315.66339111328125,nan,nan
14,29,43,2.5172590446472167,312.97444017410277,nan,315.49169921875,nan,nan
14,30,44,2.3225429457426072,314.90545388042926,nan,317.2279968261719,nan,nan
15,8,23,-0.7310972861945629,127.83050066754222,nan,127.09940338134766,nan,nan
15,9,24,-0.8804844163358212,148.20317728742958,nan,147.32269287109375,nan,nan
15,10,25,-0.7431724020838737,169.99117350071668,nan,169.2480010986328,nan,nan
15,28,43,2.904745589494705,331.0526518714428,nan,333.9573974609375,nan,nan
15,29,44,2.4483091711997984,332.70238662958144,nan,335.15069580078125,nan,nan
15,30,45,2.056752611398697,335.0772500741482,nan,337.1340026855469,nan,nan
15,31,46,1.235529945269227,336.12476058207454,nan,337.36029052734375,nan,nan
16,8,24,-0.9112779738008976,124.67467519059777,nan,123.76339721679688,nan,nan
16,9,25,-1.0779704073071479,145.93366803914307,nan,144.85569763183594,nan,nan
16,10,26,-1.2488231274485588,169.94982715576887,nan,168.7010040283203,nan,nan
16,29,45,2.1458389168977736,353.5958603018522,nan,355.74169921875,nan,nan
16,30,46,1.6719265416264535,357.4710788294673,nan,359.14300537109375,nan,nan
16,31,47,0.6971054817736149,358.7822036002576,nan,359.47930908203125,nan,nan
16,32,48,0.20511585040017963,361.64348644452167,nan,361.8486022949219,nan,nan
17,9,26,-1.4867105785012245,140.7164163890481,nan,139.22970581054688,nan,nan
17,10,27,-1.5198344933986663,165.1388377892971,nan,163.61900329589844,nan,nan
17,11,28,-1.7059511011838913,185.12124956309796,nan,183.41529846191406,nan,nan
17,12,29,-1.4109755945205689,206.80857386112214,nan,205.39759826660156,nan,nan
17,30,47,0.3636271616537124,375.66637161764316,nan,376.0299987792969,nan,nan
17,31,48,-0.25602732443250714,377.9043122365419,nan,377.6482849121094,nan,nan
17,32,49,-0.7450193256512284,381.0526059955731,nan,380.3075866699219,nan,nan
17,33,50,-1.3994740000367165,382.55538830667734,nan,381.1559143066406,nan,nan
17,34,51,-1.6130699980258942,384.5392784941196,nan,382.92620849609375,nan,nan
17,35,52,-1.6436964613199234,384.81819597303866,nan,383.17449951171875,nan,nan
17,36,53,-1.3240613251924516,385.5578564912081,nan,384.2337951660156,nan,nan
18,9,27,-1.5848785793781281,135.88257755398752,nan,134.29769897460938,nan,nan
18,10,28,-1.625161372423172,162.34816857457162,nan,160.72300720214844,nan,nan
18,11,29,-1.7708011031150819,183.16510347127914,nan,181.39430236816406,nan,nan
18,12,30,-1.6080619847774507,206.6916648900509,nan,205.08360290527344,nan,nan
18,31,49,-1.109042502939701,398.1693452373147,nan,397.060302734375,nan,nan
18,32,50,-1.6211572945117951,402.6577478706837,nan,401.0365905761719,nan,nan
18,33,51,-2.2114752036333085,404.25438291847706,nan,402.04290771484375,nan,nan
18,34,52,-2.1478428637981413,407.31803939700126,nan,405.1701965332031,nan,nan
18,35,53,-2.0953296291828156,407.6178210842609,nan,405.5224914550781,nan,nan
18,36,54,-1.6851334005594254,409.6549209982157,nan,407.96978759765625,nan,nan
18,37,55,-1.2720266176760198,409.0881276918948,nan,407.81610107421875,nan,nan
18,38,56,-0.8319122051075101,410.5633270000294,nan,409.7314147949219,nan,nan
19,11,30,-2.0191974782943727,178.3235035085678,nan,176.30430603027344,nan,nan
19,12,31,-1.8541858887672424,202.43278391122817,nan,200.57859802246094,nan,nan
19,13,32,-1.8356921464204787,222.5075976639986,nan,220.67190551757812,nan,nan
19,14,33,-1.3661312729120254,244.57233854830264,nan,243.20620727539062,nan,nan
19,35,54,-2.4937534868717193,426.7382603228092,nan,424.2445068359375,nan,nan
19,36,55,-1.881525263786316,428.8203375196457,nan,426.9388122558594,nan,nan
19,37,56,-1.3716574814915656,429.4147483018041,nan,428.0430908203125,nan,nan
19,38,57,-0.9089553284645081,431.05635523080826,nan,430.14739990234375,nan,nan
19,39,58,-0.5954766022693366,431.4921746003162,nan,430.8966979980469,nan,nan
19,40,59,-0.42708482943475246,432.96907701693476,nan,432.5419921875,nan,nan
20,11,31,-2.0051169884204865,174.41541056752206,nan,172.41029357910156,nan,nan
20,12,32,-1.8502068370580673,200.32780693471432,nan,198.47760009765625,nan,nan
20,13,33,-1.8354674404859543,221.23536978423596,nan,219.39990234375,nan,nan
20,14,34,-1.492692841887474,244.93789853036404,nan,243.44520568847656,nan,nan
20,37,57,-1.2725472298264504,450.73165367513894,nan,449.4591064453125,nan,nan
20,38,58,-0.7480732928216457,453.59048051938413,nan,452.8424072265625,nan,nan
20,39,59,-0.42812424901872875,454.09383469823746,nan,453.66571044921875,nan,nan
20,40,60,-0.1594249115511775,456.76742662053556,nan,456.6080017089844,nan,nan
21,13,34,-2.0216412538290025,216.2735486024618,nan,214.2519073486328,nan,nan
21,14,35,-1.7675055021047592,240.58771119058133,nan,238.82020568847656,nan,nan
21,15,36,-1.6621050339937211,259.195613334775,nan,257.53350830078125,nan,nan
21,39,60,-0.10393479339079931,472.3876261996408,nan,472.28369140625,nan,nan
21,40,61,0.16588599279522895,475.25312035486104,nan,475.41900634765625,nan,nan
21,41,62,0.315344774723053,476.4669428229332,nan,476.78228759765625,nan,nan
21,42,63,0.3473593633808196,478.6242287713848,nan,478.9715881347656,nan,nan
22,13,35,-1.9753110355138779,212.470214599967,nan,210.49490356445312,nan,nan
22,14,36,-1.7556144136190415,238.3888083833456,nan,236.63319396972656,nan,nan
22,15,37,-1.6185416400432586,257.72303382754325,nan,256.1044921875,nan,nan
22,16,38,-1.1296669474244119,279.14446797281505,nan,278.0148010253906,nan,nan
22,17,39,-0.6848937821388245,295.6379882645607,nan,294.9530944824219,nan,nan
22,39,61,0.5289050269126893,491.3637951683998,nan,491.8927001953125,nan,nan
22,40,62,0.47078977674245837,495.74121583849194,nan,496.2120056152344,nan,nan
22,41,63,0.32835790602490306,497.32395532639697,nan,497.6523132324219,nan,nan
22,42,64,0.1720869641122408,500.8615128894034,nan,501.0335998535156,nan,nan
22,43,65,0.08042970209149644,501.9614709326741,nan,502.0419006347656,nan,nan
23,14,37,-1.9100836116075515,232.71828063309192,nan,230.80819702148438,nan,nan
23,15,38,-1.8623688000440597,253.51587221801282,nan,251.65350341796875,nan,nan
23,16,39,-1.427249746322632,275.52505858421324,nan,274.0978088378906,nan,nan
23,17,40,-1.319215678870678,293.57132139176133,nan,292.2521057128906,nan,nan
23,18,41,-0.1736900746403262,312.69608997698407,nan,312.52239990234375,nan,nan
23,19,42,-0.2111439547361806,328.8958363375487,nan,328.6846923828125,nan,nan
23,41,64,0.1030903126206249,515.0372295115981,nan,515.1403198242188,nan,nan
23,42,65,-0.07124376657418907,518.7868199384492,nan,518.715576171875,nan,nan
23,43,66,-0.16361656896304339,520.981487662713,nan,520.81787109375,nan,nan
24,16,40,-1.4527323612570762,274.13653973430394,nan,272.6838073730469,nan,nan
24,17,41,-1.2501488307118416,292.78823476821185,nan,291.5380859375,nan,nan
24,18,42,-0.5363847094774247,313.5647965747118,nan,313.0284118652344,nan,nan
24,19,43,-0.07754949416033924,330.0362592109572,nan,329.9587097167969,nan,nan
24,42,66,-0.31186600469052794,538.9454719617218,nan,538.6336059570312,nan,nan
24,43,67,-0.36886072107590734,541.2027840609196,nan,540.8339233398438,nan,nan
25,18,43,-0.7512442331016064,310.5906302194297,nan,309.8393859863281,nan,nan
25,19,44,-0.7122514809668065,328.5839555825293,nan,327.8717041015625,nan,nan
25,20,45,-0.29616067849099637,348.49617288552224,nan,348.20001220703125,nan,nan
25,42,67,-0.2579733230732381,554.6185690261982,nan,554.360595703125,nan,nan
25,43,68,-0.27691282191313804,557.8528405562881,nan,557.575927734375,nan,nan
25,44,69,-0.14302484377287328,562.3162426172104,nan,562.1732177734375,nan,nan
25,45,70,0.05873509395401925,565.1847951794834,nan,565.2435302734375,nan,nan
25,46,71,0.28667589110322295,569.3060975463968,nan,569.5927734375,nan,nan
26,18,44,-0.6549858459085226,309.8393730529398,nan,309.18438720703125,nan,nan
26,19,45,-0.5428089784830809,328.4055103944987,nan,327.8627014160156,nan,nan
26,20,46,-0.3970400801301002,349.6930300703645,nan,349.2959899902344,nan,nan
26,21,47,-0.3937195238471031,365.96702274650335,nan,365.57330322265625,nan,nan
26,42,68,0.07398173619993031,572.2875905294251,nan,572.361572265625,nan,nan
26,43,69,0.01619833008851856,575.7197025488177,nan,575.7359008789062,nan,nan
26,44,70,0.07905976868700236,581.2851370086568,nan,581.3641967773438,nan,nan
26,45,71,0.2301346634561196,584.3173506881063,nan,584.5474853515625,nan,nan
26,46,72,0.4835719801671803,589.4592380784266,nan,589.9428100585938,nan,nan
26,47,73,0.7706409634649753,592.2294811068475,nan,593.0001220703125,nan,nan
27,19,46,-0.7490212333202362,325.6637246024609,nan,324.9147033691406,nan,nan
27,20,47,-0.39670600844547155,347.2167133326642,nan,346.82000732421875,nan,nan
27,21,48,-0.6110845379531383,364.67538507506254,nan,364.0643005371094,nan,nan
27,22,49,-0.2708779070153832,383.8484841081873,nan,383.5776062011719,nan,nan
27,45,72,0.4610770035535097,600.2024361800402,nan,600.6635131835938,nan,nan
27,46,73,0.7319773098826409,605.5348073580861,nan,606.2667846679688,nan,nan
27,47,74,1.016781381368637,609.2813143217563,nan,610.298095703125,nan,nan
27,48,75,1.5733869379758836,614.1139909917116,nan,615.6873779296875,nan,nan
27,49,76,2.495903559923172,617.1648020064831,nan,619.6607055664062,nan,nan
27,50,77,3.1165949833393096,621.7794011104107,nan,624.89599609375,nan,nan
27,51,78,2.9759438848495483,623.1183554315567,nan,626.0942993164062,nan,nan
27,52,79,2.955362869501114,625.2162069547177,nan,628.1715698242188,nan,nan
28,20,48,-0.1035173642449081,346.9885271298699,nan,346.885009765625,nan,nan
28,21,49,-0.1488984874635935,364.83520830191674,nan,364.6863098144531,nan,nan
28,22,50,0.16147071780636907,385.047116928678,nan,385.2085876464844,nan,nan
28,23,51,0.11216695804148913,401.522720737271,nan,401.6348876953125,nan,nan
28,46,74,0.8673380759358406,623.9754353615641,nan,624.8427734375,nan,nan
28,47,75,1.192273975610733,627.811815379858,nan,629.0040893554688,nan,nan
28,48,76,1.8288838845491409,633.5575296896696,nan,635.3864135742188,nan,nan
28,49,77,2.5428330731391906,636.9048597979546,nan,639.4476928710938,nan,nan
28,50,78,3.181606169939041,642.5063821113109,nan,645.68798828125,nan,nan
28,51,79,3.0229808926582336,643.801298892498,nan,646.8242797851562,nan,nan
28,52,80,2.9799054861068726,646.8446794748306,nan,649.8245849609375,nan,nan
28,53,81,2.72588907122612,647.6829854404926,nan,650.4088745117188,nan,nan
28,54,82,2.6400825572013855,650.1891410756111,nan,652.8292236328125,nan,nan
29,21,50,-0.34792406678199767,360.5282219183445,nan,360.1802978515625,nan,nan
29,22,51,0.15742346718907357,380.9991622261703,nan,381.1565856933594,nan,nan
29,23,52,-0.25113455879502,398.7520195685606,nan,398.5008850097656,nan,nan
29,24,53,0.3521207882836461,417.8710847781226,nan,418.22320556640625,nan,nan
29,25,54,-0.1994467244716361,434.5539389119716,nan,434.3544921875,nan,nan
29,51,80,2.839696352481842,659.4786019873619,nan,662.3182983398438,nan,nan
29,52,81,2.7392147052288056,662.7294132244587,nan,665.4686279296875,nan,nan
29,53,82,2.4485993146896363,664.5802703142166,nan,667.0288696289062,nan,nan
29,54,83,2.3548498487472536,667.2143640184403,nan,669.5692138671875,nan,nan
29,55,84,2.165232498049736,668.4912616425753,nan,670.656494140625,nan,nan
29,56,85,2.143364337682724,670.5024486505986,nan,672.6458129882812,nan,nan
30,22,52,0.3619214738532901,378.82267935622485,nan,379.1846008300781,nan,nan
30,23,53,0.11399996831081807,396.99088894770483,nan,397.1048889160156,nan,nan
30,24,54,0.6009132669866085,417.15329815879466,nan,417.75421142578125,nan,nan
30,25,55,0.3443743078038096,434.14012276250867,nan,434.4844970703125,nan,nan
30,26,56,0.9923723283410072,453.01241893142463,nan,454.0047912597656,nan,nan
30,27,57,0.6153984319418668,469.1487006891519,nan,469.76409912109375,nan,nan
30,53,83,2.17237453520298,682.6045419687033,nan,684.7769165039062,nan,nan
30,54,84,2.089887459874153,686.2143117588759,nan,688.30419921875,nan,nan
30,55,85,1.9148111909627914,687.5267171293497,nan,689.4415283203125,nan,nan
30,56,86,1.9306865799427033,690.5051044356823,nan,692.435791015625,nan,nan
31,24,55,0.2814143782760948,413.2257877701614,nan,413.5072021484375,nan,nan
31,25,56,-0.23731825141236185,431.3328077533655,nan,431.0954895019531,nan,nan
31,26,57,0.2859001945052296,450.7968939949479,nan,451.0827941894531,nan,nan
31,27,58,0.011320313815958797,467.578767576809,nan,467.590087890625,nan,nan
31,28,59,0.8606482967734337,485.80976185947657,nan,486.67041015625,nan,nan
31,29,60,0.35653396423906086,499.7311735552922,nan,500.08770751953125,nan,nan
31,55,86,1.4501714146137237,703.7072992885113,nan,705.157470703125,nan,nan
31,56,87,1.4158117878437042,706.8589684855938,nan,708.2747802734375,nan,nan
32,26,58,0.7503654330223799,449.64343339510265,nan,450.393798828125,nan,nan
32,27,59,0.2499457347393036,467.21715631604195,nan,467.46710205078125,nan,nan
32,28,60,0.9212016695737839,486.37820628941057,nan,487.2994079589844,nan,nan
32,29,61,0.5490074791014194,500.83569711074233,nan,501.38470458984375,nan,nan
32,30,62,0.7669291308522225,517.2030415722728,nan,517.969970703125,nan,nan
32,55,87,1.1662501522898674,720.9272557070851,nan,722.093505859375,nan,nan
32,56,88,1.1608402639627458,724.9829585641622,nan,726.143798828125,nan,nan
32,57,89,1.1412946310639382,726.6837786111236,nan,727.8250732421875,nan,nan
32,58,90,1.1907914066314698,730.1886031246186,nan,731.37939453125,nan,nan
32,59,91,1.2498375087976457,731.3888343662023,nan,732.638671875,nan,nan
33,28,61,0.4927606739476323,483.7346258006617,nan,484.2273864746094,nan,nan
33,29,62,-0.019994879828300328,499.11270728217204,nan,499.09271240234375,nan,nan
33,30,63,0.26202664025127886,515.9660007034987,nan,516.22802734375,nan,nan
33,31,64,-0.47669596537947656,530.1919669614732,nan,529.7152709960938,nan,nan
33,55,88,0.860470322072506,735.14502284199,nan,736.0054931640625,nan,nan
33,56,89,0.9207140183448792,739.2890638136864,nan,740.2097778320312,nan,nan
33,57,90,1.0084613692760467,741.757651911974,nan,742.76611328125,nan,nan
33,58,91,1.124577069580555,745.3188433405757,nan,746.4434204101562,nan,nan
33,59,92,1.2096367532014847,747.3840522116423,nan,748.5936889648438,nan,nan
33,60,93,1.2315750169754027,750.5564498853684,nan,751.7880249023438,nan,nan
34,29,63,0.16706690412480385,498.7306381740002,nan,498.897705078125,nan,nan
34,30,64,0.21372968883253635,516.6012727525737,nan,516.8150024414062,nan,nan
34,31,65,-0.03235527335898951,530.967658007734,nan,530.935302734375,nan,nan
34,32,66,-0.07277663284912705,547.6513899140991,nan,547.57861328125,nan,nan
34,58,92,0.970660739839077,762.5857357445359,nan,763.556396484375,nan,nan
34,59,93,1.1322105786204337,764.6354896166921,nan,765.7677001953125,nan,nan
34,60,94,1.1737867081165314,768.6891893661023,nan,769.8629760742188,nan,nan
34,61,95,1.1744770568609237,770.501792474389,nan,771.67626953125,nan,nan
34,62,96,1.1460211098194122,774.1945550620555,nan,775.340576171875,nan,nan
34,63,97,1.1080305945873261,775.6788956749439,nan,776.7869262695312,nan,nan
35,30,65,-0.1318327387003228,513.9438444574503,nan,513.81201171875,nan,nan
35,31,66,-0.6476901917159558,529.3159641174972,nan,528.6682739257812,nan,nan
35,32,67,-0.24819164112210274,546.0827863676845,nan,545.8345947265625,nan,nan
35,33,68,-0.8635727897286415,560.3484971061349,nan,559.4849243164062,nan,nan
35,59,94,1.0743853309750557,778.94929630965,nan,780.023681640625,nan,nan
35,60,95,1.1106895092129707,783.1313148853183,nan,784.2420043945312,nan,nan
35,61,96,1.0864185079932214,785.8148876443505,nan,786.9013061523438,nan,nan
35,62,97,1.0570504620671273,789.6035330340267,nan,790.6605834960938,nan,nan
35,63,98,0.9736582279205322,791.9922231197357,nan,792.9658813476562,nan,nan
35,64,99,0.9306938582658768,795.3685004776717,nan,796.2991943359375,nan,nan
35,65,100,0.8721503368020058,797.4053765186668,nan,798.2775268554688,nan,nan
35,66,101,0.9300538805127144,800.2827757093311,nan,801.2128295898438,nan,nan
35,67,102,0.9389437964558601,801.9481411644816,nan,802.8870849609375,nan,nan
36,31,67,-0.3079605828225613,528.8242569695414,nan,528.5162963867188,nan,nan
36,32,68,-0.3777729120105505,546.7973896112293,nan,546.4196166992188,nan,nan
36,33,69,-0.42740166187286377,561.0983000993729,nan,560.6708984375,nan,nan
36,34,70,-0.45957699000835417,577.9117864626646,nan,577.4522094726562,nan,nan
36,62,98,0.8897213190793991,807.1248660832644,nan,808.0145874023438,nan,nan
36,63,99,0.7714903602004051,809.5873963585495,nan,810.35888671875,nan,nan
36,64,100,0.759303180873394,813.8008774831891,nan,814.5601806640625,nan,nan
36,65,101,0.7373739925026893,815.813102081716,nan,816.5504760742188,nan,nan
36,66,102,0.8295946064591407,819.5341749247908,nan,820.36376953125,nan,nan
36,67,103,0.8410476750135422,821.1830612117052,nan,822.0241088867188,nan,nan
37,32,69,-0.6176869614422321,544.1262929184735,nan,543.5086059570312,nan,nan
37,33,70,-1.1254560187458993,559.5803510382772,nan,558.4548950195312,nan,nan
37,34,71,-0.6482189786434174,576.3834484708309,nan,575.7352294921875,nan,nan
37,35,72,-1.2374997079372405,590.849010938406,nan,589.6115112304688,nan,nan
37,66,103,0.47660692684352396,835.4361738348753,nan,835.9127807617188,nan,nan
37,67,104,0.4899398498982191,837.9111831969768,nan,838.401123046875,nan,nan
38,33,71,-0.756775117367506,559.1176759962738,nan,558.3609008789062,nan,nan
38,34,72,-0.7711076384782791,577.1093034392595,nan,576.3381958007812,nan,nan
38,35,73,-0.8792201372981071,591.6637050005794,nan,590.7844848632812,nan,nan
38,36,74,-0.7862039551138877,608.5449930176139,nan,607.7587890625,nan,nan
38,65,103,0.0847699763532728,848.6807329533342,nan,848.7655029296875,nan,nan
38,66,104,0.29834079299122096,853.1784658476338,nan,853.476806640625,nan,nan
38,67,105,0.312676233779639,855.6713935904392,nan,855.9840698242188,nan,nan
38,68,106,0.48620850645005703,859.8292211810499,nan,860.3154296875,nan,nan
39,34,73,-1.0656984612345695,574.5909059807658,nan,573.5252075195312,nan,nan
39,35,74,-1.3752668246626853,590.0047834262252,nan,588.6295166015625,nan,nan
39,36,75,-1.0220894867181778,607.1029000335932,nan,606.080810546875,nan,nan
39,37,76,-1.348294279873371,621.5704012134671,nan,620.2221069335938,nan,nan
39,38,77,-0.7986700156331062,637.6230718711018,nan,636.8244018554688,nan,nan
39,39,78,-1.0612817174196243,651.1789574986697,nan,650.11767578125,nan,nan
39,66,105,0.24825810353504493,867.2785363300587,nan,867.5267944335938,nan,nan
39,67,106,0.3588905694708228,870.4572105047479,nan,870.8161010742188,nan,nan
39,68,107,0.5745651989430189,874.6458327502758,nan,875.2203979492188,nan,nan
39,69,108,0.7495460924506188,877.4451560559869,nan,878.1947021484375,nan,nan
39,70,109,1.221451985538006,880.9935748699307,nan,882.2150268554688,nan,nan
39,71,110,1.4168597993254661,883.6244610014558,nan,885.0413208007812,nan,nan
40,35,75,-1.1012636828422546,589.6977602648735,nan,588.5964965820312,nan,nan
40,36,76,-0.9726295745372773,607.6804542815685,nan,606.7078247070312,nan,nan
40,37,77,-0.9936718958616256,622.3857617396117,nan,621.39208984375,nan,nan
40,38,78,-0.6330129905045032,639.2284109397233,nan,638.5953979492188,nan,nan
40,39,79,-0.432629823833704,652.8883183003962,nan,652.4556884765625,nan,nan
40,67,107,0.77446214646101,886.1656623652577,nan,886.9401245117188,nan,nan
40,68,108,0.9574849283695221,891.1789286458493,nan,892.1364135742188,nan,nan
40,69,109,1.0660400101542473,894.0696411421895,nan,895.1356811523438,nan,nan
40,70,110,1.3586279883980752,898.5993798241019,nan,899.9580078125,nan,nan
40,71,111,1.54438751578331,901.2319186365604,nan,902.7763061523438,nan,nan
40,72,112,1.7651518493890763,905.2674409240484,nan,907.0325927734375,nan,nan
41,38,79,-0.5718930055946112,637.2272885134071,nan,636.6553955078125,nan,nan
41,39,80,-0.7815998362004757,651.8702839182317,nan,651.0886840820312,nan,nan
41,40,81,-0.023197373738512397,667.9892007917073,nan,667.9660034179688,nan,nan
41,41,82,-0.38951425316743554,681.7388184523862,nan,681.3493041992188,nan,nan
41,70,111,1.4685787785053253,912.6464114558697,nan,914.114990234375,nan,nan
41,71,112,1.6520530343055726,916.0912330985069,nan,917.7432861328125,nan,nan
41,72,113,1.7828482794761658,920.2407723259926,nan,922.0236206054688,nan,nan
41,73,114,1.849925124645233,923.1499528050423,nan,924.9998779296875,nan,nan
41,74,115,1.8466860300302506,927.2285092824698,nan,929.0751953125,nan,nan
42,38,80,-0.3643743290565908,637.0537664189003,nan,636.6893920898438,nan,nan
42,39,81,-0.372607356775552,652.0132933919318,nan,651.6406860351562,nan,nan
42,40,82,-0.10357619629008695,669.1945796142588,nan,669.0910034179688,nan,nan
42,41,83,0.02013773745857179,682.9781532781665,nan,682.998291015625,nan,nan
42,42,84,-0.03746213593054563,699.1100329367118,nan,699.0725708007812,nan,nan
42,71,113,1.5519071865081786,931.8614228916168,nan,933.413330078125,nan,nan
42,72,114,1.6169303041696548,936.8456551450491,nan,938.4625854492188,nan,nan
42,73,115,1.7173954498767854,939.731518124342,nan,941.4489135742188,nan,nan
42,74,116,1.6779927152395249,944.6252299410105,nan,946.30322265625,nan,nan
42,75,117,1.702222494482994,947.434252114892,nan,949.136474609375,nan,nan
43,40,83,-0.236168573172763,667.1271597841103,nan,666.8909912109375,nan,nan
43,41,84,-0.522350733987987,681.8446773941442,nan,681.3223266601562,nan,nan
43,42,85,-0.23644779593218118,698.0960669365572,nan,697.859619140625,nan,nan
43,43,86,-0.6320065085589885,711.874926430434,nan,711.242919921875,nan,nan
43,73,116,1.4809663546085359,953.7749540555477,nan,955.2559204101562,nan,nan
43,74,117,1.445270266532898,958.7249567842483,nan,960.1702270507812,nan,nan
43,75,118,1.5209680342674254,962.2265295243263,nan,963.7474975585938,nan,nan
43,76,119,1.5235207104682922,966.9282615160942,nan,968.4517822265625,nan,nan
43,77,120,1.6271097964048387,970.2640034848451,nan,971.89111328125,nan,nan
43,78,121,1.6830041113495826,974.7103674706817,nan,976.3933715820312,nan,nan
44,41,85,-0.46427386650815605,682.3355507219769,nan,681.8712768554688,nan,nan
44,42,86,-0.642963305413723,699.6025580319762,nan,698.9595947265625,nan,nan
44,43,87,-0.694162385314703,713.5610447095335,nan,712.8668823242188,nan,nan
44,44,88,-0.8654763761162758,730.14568877846,nan,729.2802124023438,nan,nan
44,74,118,0.8484417629241944,975.1717608737946,nan,976.0202026367188,nan,nan
44,75,119,1.0440856635570526,978.5744446098804,nan,979.6185302734375,nan,nan
44,76,120,1.0874918064475059,983.9913045802713,nan,985.0787963867188,nan,nan
44,77,121,1.3278274777531625,987.190299963653,nan,988.5181274414062,nan,nan
44,78,122,1.4226628044247627,992.3627375862002,nan,993.785400390625,nan,nan
44,79,123,1.5304853376746177,995.5382402482629,nan,997.0687255859375,nan,nan
45,42,87,-0.9391229039430619,697.726720560193,nan,696.78759765625,nan,nan
45,43,88,-1.1403063479065896,712.3641833010316,nan,711.223876953125,nan,nan
45,44,89,-1.0822281911969185,729.1714005544782,nan,728.0891723632812,nan,nan
45,45,90,-1.2286698937416076,743.0911576867104,nan,741.8624877929688,nan,nan
45,46,91,-1.0574077770113945,758.0531963512301,nan,756.9957885742188,nan,nan
45,75,120,0.8199219545722007,992.056603924334,nan,992.8765258789062,nan,nan
45,77,122,0.9823706501722336,1001.588735306859,nan,1002.5711059570312,nan,nan
45,78,123,1.066760131418705,1006.8226441654563,nan,1007.889404296875,nan,nan
45,79,124,1.236412111222744,1010.670265134871,nan,1011.9066772460938,nan,nan
45,80,125,1.3719183865189553,1015.6430962619186,nan,1017.0150146484375,nan,nan
46,43,89,-1.1667537492513658,712.9536800187826,nan,711.7869262695312,nan,nan
46,44,90,-1.1756075686216354,730.3637789553404,nan,729.1881713867188,nan,nan
46,45,91,-1.1995956742763518,744.6701156938076,nan,743.4705200195312,nan,nan
46,78,124,0.6012585628032684,1023.3611437809467,nan,1023.96240234375,nan,nan
46,79,125,0.8499469462037087,1027.1457805928587,nan,1027.9957275390625,nan,nan
46,80,126,1.0912813606858254,1032.7607694205642,nan,1033.85205078125,nan,nan
46,81,127,1.4617573523521423,1036.2605326867103,nan,1037.7222900390625,nan,nan
46,82,128,1.9407602840662002,1041.4388783878087,nan,1043.379638671875,nan,nan
46,83,129,1.9218225705623626,1042.8340368044376,nan,1044.755859375,nan,nan
46,84,130,2.0086385053396225,1045.820585127473,nan,1047.8292236328125,nan,nan
46,85,131,1.9344916880130767,1046.9920219838618,nan,1048.926513671875,nan,nan
46,86,132,1.9794527411460876,1049.7163480401039,nan,1051.69580078125,nan,nan
47,44,91,-1.2781435960531236,728.3453433030844,nan,727.0671997070312,nan,nan
47,45,92,-1.350522466301918,743.2170385795831,nan,741.8665161132812,nan,nan
47,46,93,-1.197624546289444,760.274406772852,nan,759.0767822265625,nan,nan
47,47,94,-1.3026094442605973,774.5527315145731,nan,773.2501220703125,nan,nan
47,79,126,0.44702077329158785,1041.089722390771,nan,1041.5367431640625,nan,nan
47,80,127,0.709820551276207,1046.7491638237238,nan,1047.458984375,nan,nan
47,81,128,1.1384204930067063,1050.9108959132434,nan,1052.04931640625,nan,nan
47,82,129,1.5575970155000687,1056.198018218875,nan,1057.755615234375,nan,nan
47,83,130,1.5353702819347381,1058.2245174133777,nan,1059.7598876953125,nan,nan
47,84,131,1.6821847671270371,1061.0850271469355,nan,1062.7672119140625,nan,nan
47,85,132,1.6056581151485443,1062.907891689539,nan,1064.5135498046875,nan,nan
47,86,133,1.5996281772851944,1065.6102106899023,nan,1067.2098388671875,nan,nan
48,44,92,-1.252827622294426,728.4250077980756,nan,727.1721801757812,nan,nan
48,45,93,-1.2802434372901916,743.7277532029152,nan,742.447509765625,nan,nan
48,46,94,-1.1464173078536988,761.3282410383224,nan,760.1818237304688,nan,nan
48,47,95,-1.1568802788853645,776.0129593804479,nan,774.8560791015625,nan,nan
48,48,96,-0.9519212827086448,792.9413011655212,nan,791.9893798828125,nan,nan
48,85,133,1.158447418510914,1080.1260984799267,nan,1081.2845458984375,nan,nan
48,86,134,1.1899042627215386,1083.446936557591,nan,1084.6368408203125,nan,nan
48,87,135,0.9617561161518097,1085.0643669307233,nan,1086.026123046875,nan,nan
49,46,95,-1.2032393211126327,759.3190230125189,nan,758.1157836914062,nan,nan
49,47,96,-1.2729427087306977,774.573052572012,nan,773.3001098632812,nan,nan
49,48,97,-1.0727524164319038,791.9471420648694,nan,790.8743896484375,nan,nan
49,49,98,-1.163263638615608,806.6269477206469,nan,805.4636840820312,nan,nan
49,84,133,0.44969695180654523,1092.8754983606934,nan,1093.3251953125,nan,nan
49,85,134,0.40924844332039356,1095.1622847598046,nan,1095.571533203125,nan,nan
49,86,135,0.5981044948101044,1098.26371191144,nan,1098.86181640625,nan,nan
49,87,136,0.46422868363559244,1100.409916824177,nan,1100.8741455078125,nan,nan
49,88,137,0.4763860170543194,1103.4030085141958,nan,1103.87939453125,nan,nan
50,47,97,-1.1404333785176277,775.0475378707051,nan,773.9071044921875,nan,nan
50,48,98,-0.9275646096467972,792.9279918557405,nan,792.0004272460938,nan,nan
50,49,99,-0.9643170982599258,808.0509870201349,nan,807.086669921875,nan,nan
50,53,103,-0.4285079276561737,859.5423995292186,nan,859.1138916015625,nan,nan
50,86,136,0.23417463000863792,1114.7505665809288,nan,1114.9847412109375,nan,nan
50,87,137,0.2753088220581412,1116.6258142248168,nan,1116.901123046875,nan,nan
50,88,138,0.43487114898860457,1120.1015058041364,nan,1120.536376953125,nan,nan
50,89,139,0.42651986446231605,1121.7961363855377,nan,1122.22265625,nan,nan
50,90,140,0.5530588027089834,1125.048991978541,nan,1125.60205078125,nan,nan
51,48,99,-1.0806923773884773,788.7440834906697,nan,787.6633911132812,nan,nan
51,49,100,-1.1254553398489953,804.2621740898489,nan,803.13671875,nan,nan
51,50,101,-0.8582981991767883,821.8272923398018,nan,820.968994140625,nan,nan
51,51,102,-0.9441346079111099,834.3534363657236,nan,833.4093017578125,nan,nan
51,52,103,-0.6462575644254684,847.8118459433317,nan,847.1655883789062,nan,nan
51,53,104,-0.7517900252342224,858.7356767439842,nan,857.98388671875,nan,nan
51,87,138,0.21800989370793103,1128.4891434266046,nan,1128.7071533203125,nan,nan
51,88,139,0.45168498873710633,1131.9556636440755,nan,1132.4073486328125,nan,nan
51,89,140,0.5046451327204704,1134.304070687592,nan,1134.8087158203125,nan,nan
51,90,141,0.6442799980938435,1137.5877756659686,nan,1138.2320556640625,nan,nan
51,91,142,0.708101298213005,1139.705228779912,nan,1140.413330078125,nan,nan
52,48,100,-0.9518772393465043,786.3743015557527,nan,785.4224243164062,nan,nan
52,49,101,-1.007666395008564,802.2583377817273,nan,801.2506713867188,nan,nan
52,50,102,-0.749954077899456,820.2219389411807,nan,819.4719848632812,nan,nan
52,51,103,-0.8368864277005196,833.245211623013,nan,832.4083251953125,nan,nan
52,55,107,-0.6611390796303749,883.8266664233804,nan,883.16552734375,nan,nan
52,89,141,0.577377136349678,1148.0063630980253,nan,1148.583740234375,nan,nan
52,90,142,0.7079372385144234,1152.016061784923,nan,1152.7239990234375,nan,nan
52,91,143,0.7948513916134834,1154.1175021240115,nan,1154.912353515625,nan,nan
52,92,144,0.8479563051462173,1157.9396413511038,nan,1158.78759765625,nan,nan
52,93,145,0.8237301191687584,1159.9182132402063,nan,1160.741943359375,nan,nan
52,94,146,0.7010669043660164,1163.656110830009,nan,1164.357177734375,nan,nan
53,50,103,-0.9302562201023101,815.7602733099461,nan,814.8300170898438,nan,nan
53,51,104,-1.0324815768003464,829.2967638033629,nan,828.2642822265625,nan,nan
53,52,105,-0.9016494879126549,844.8552627691627,nan,843.95361328125,nan,nan
53,53,106,-1.058478892147541,857.7223582866787,nan,856.6638793945312,nan,nan
53,54,107,-0.9240024444460869,871.6301792022585,nan,870.7061767578125,nan,nan
53,55,108,-1.0266519248485566,882.8811441123486,nan,881.8544921875,nan,nan
53,90,143,0.6123226031661033,1163.4836246624589,nan,1164.095947265625,nan,nan
53,91,144,0.7565027439594268,1166.2117589747907,nan,1166.96826171875,nan,nan
53,92,145,0.8339395239949227,1170.04862883538,nan,1170.882568359375,nan,nan
53,93,146,0.8152632051706314,1172.7106157010794,nan,1173.52587890625,nan,nan
53,94,147,0.6957432025671005,1176.4655116802453,nan,1177.1612548828125,nan,nan
53,95,148,0.5496540220081806,1179.0278606264294,nan,1179.5775146484375,nan,nan
54,50,104,-0.8700623926520348,813.1600404199958,nan,812.2899780273438,nan,nan
54,51,105,-1.0020742300152778,827.184386241734,nan,826.1823120117188,nan,nan
54,52,106,-0.991124782860279,843.3577019312978,nan,842.3665771484375,nan,nan
54,53,107,-1.0972706162929535,856.6451832139492,nan,855.5479125976562,nan,nan
54,57,111,-1.0777697941660882,908.5438952824474,nan,907.4661254882812,nan,nan
54,93,147,0.7254163247346878,1186.7555407065154,nan,1187.48095703125,nan,nan
54,94,148,0.6003897760808468,1191.2068612004816,nan,1191.8072509765625,nan,nan
54,95,149,0.4432052520662546,1193.7662674041837,nan,1194.20947265625,nan,nan
54,96,150,0.24390488786622883,1198.0208656199463,nan,1198.2647705078125,nan,nan
55,52,107,-1.2080921104550362,838.890709297955,nan,837.6826171875,nan,nan
55,53,108,-1.3197833055257797,852.6576739305258,nan,851.337890625,nan,nan
55,54,109,-1.2941248589754104,868.530330913663,nan,867.2362060546875,nan,nan
55,55,110,-1.3646855038404464,881.5681767147779,nan,880.2034912109375,nan,nan
55,56,111,-1.3319427824020387,895.8467132902146,nan,894.5147705078125,nan,nan
55,57,112,-1.3143920183181763,907.2855223894119,nan,905.9711303710938,nan,nan
55,60,115,-1.2058802789449692,944.9218836969137,nan,943.7160034179688,nan,nan
55,61,116,-1.1762468242645263,955.3795549297333,nan,954.2033081054688,nan,nan
55,94,149,0.41686397925019264,1202.9613098488749,nan,1203.378173828125,nan,nan
55,95,150,0.2551090710703284,1206.1843440539296,nan,1206.439453125,nan,nan
55,96,151,0.06685945403994992,1210.4449813662725,nan,1210.5118408203125,nan,nan
55,97,152,-0.13397353561595082,1213.4690565434285,nan,1213.3350830078125,nan,nan
56,52,108,-1.2716152131557465,836.3552333772183,nan,835.0836181640625,nan,nan
56,53,109,-1.3096218699216842,850.4855251902342,nan,849.1759033203125,nan,nan
56,54,110,-1.3478670167922973,866.8930940675735,nan,865.5452270507812,nan,nan
56,55,111,-1.4375849175453186,880.3990717339516,nan,878.9614868164062,nan,nan
56,56,112,-1.5235419803857804,896.1893134647607,nan,894.665771484375,nan,nan
56,57,113,-1.5204160064458847,908.0325009673834,nan,906.5120849609375,nan,nan
56,59,115,-1.587312970161438,933.5459921693802,nan,931.9586791992188,nan,nan
56,60,116,-1.7035271859169006,947.2195183968544,nan,945.5159912109375,nan,nan
56,62,118,-1.7425435715913773,971.0821431809663,nan,969.339599609375,nan,nan
56,95,151,-0.05243740735400934,1219.9119344776666,nan,1219.8594970703125,nan,nan
56,96,152,-0.15738523474428803,1224.7532104300567,nan,1224.5958251953125,nan,nan
56,97,153,-0.3185858321562409,1227.7216620040313,nan,1227.403076171875,nan,nan
56,98,154,-0.4233845087885857,1232.278731188476,nan,1231.8553466796875,nan,nan
56,99,155,-0.6261946079134941,1235.0329328891635,nan,1234.40673828125,nan,nan
57,56,113,-1.6222979724407196,892.3860919177532,nan,890.7637939453125,nan,nan
57,57,114,-1.671167323589325,905.6422976946831,nan,903.9711303710938,nan,nan
57,58,115,-1.7476782989501953,920.2780738067627,nan,918.5303955078125,nan,nan
57,59,116,-1.8138804906606674,932.0856090062857,nan,930.271728515625,nan,nan
57,60,117,-1.9111194175481796,946.1331042808295,nan,944.2219848632812,nan,nan
57,61,118,-1.9631920164823533,957.4334678953886,nan,955.4702758789062,nan,nan
57,62,119,-2.000276509523392,970.8439044392109,nan,968.8436279296875,nan,nan
57,63,120,-1.9949749720096588,981.6188763391972,nan,979.6239013671875,nan,nan
57,64,121,-1.9595540994405747,994.4057821267843,nan,992.4462280273438,nan,nan
57,65,122,-1.9144783610105514,1004.690967618823,nan,1002.7764892578125,nan,nan
57,66,123,-1.8396156692504884,1016.9074257278443,nan,1015.0678100585938,nan,nan
57,96,153,-0.49516874432563784,1236.142019330263,nan,1235.6468505859375,nan,nan
57,97,154,-0.6178269793093204,1239.7059617449343,nan,1239.088134765625,nan,nan
57,98,155,-0.6174223582446575,1244.1738188426198,nan,1243.556396484375,nan,nan
57,99,156,-0.7308258149027824,1247.4775299164653,nan,1246.7467041015625,nan,nan
57,100,157,-0.7078328529000282,1251.6228719154,nan,1250.9150390625,nan,nan
58,56,114,-1.7583323907852173,890.7091380548477,nan,888.9508056640625,nan,nan
58,57,115,-1.783613185286522,904.3707103532553,nan,902.5870971679688,nan,nan
58,58,116,-1.8894783800840378,920.3818489855528,nan,918.4923706054688,nan,nan
58,59,117,-1.963909431695938,932.5705988848209,nan,930.606689453125,nan,nan
58,60,118,-2.050732596516609,947.0347413855791,nan,944.9840087890625,nan,nan
58,61,119,-2.1231290239095686,958.6964322465658,nan,956.5733032226562,nan,nan
58,62,120,-2.155141649842262,972.5397241693735,nan,970.3845825195312,nan,nan
58,63,121,-2.1893716049194336,983.6652627182007,nan,981.4758911132812,nan,nan
58,64,122,-2.1454115229845048,996.891627343297,nan,994.7462158203125,nan,nan
58,65,123,-2.1512518805265426,1007.5087347906828,nan,1005.3574829101562,nan,nan
58,66,124,-2.0962799227237703,1020.2030914461612,nan,1018.1068115234375,nan,nan
58,67,125,-2.0217686003446578,1030.2759189909696,nan,1028.254150390625,nan,nan
58,96,154,-0.769696144759655,1249.606488136947,nan,1248.8367919921875,nan,nan
58,98,156,-0.6930059915781022,1258.124402475953,nan,1257.431396484375,nan,nan
58,99,157,-0.7691363450884819,1261.3528765794636,nan,1260.583740234375,nan,nan
58,100,158,-0.6551741153001786,1266.0022200137378,nan,1265.3470458984375,nan,nan
58,101,159,-0.7401251584291458,1268.9194464474917,nan,1268.1793212890625,nan,nan
58,102,160,-0.6560171779990196,1273.258556240499,nan,1272.6025390625,nan,nan
59,65,124,-2.3028331208229065,1007.7633433747292,nan,1005.4605102539062,nan,nan
59,66,125,-2.2207771265506744,1020.782605739832,nan,1018.5618286132812,nan,nan
59,67,126,-2.193781606554985,1031.3398997706174,nan,1029.1461181640625,nan,nan
59,68,127,-1.9559177649021149,1043.5983738195896,nan,1041.6424560546875,nan,nan
59,99,158,-0.9770380884408951,1273.3296992212533,nan,1272.3526611328125,nan,nan
59,100,159,-0.7765485137701035,1277.9275494903327,nan,1277.1510009765625,nan,nan
59,101,160,-0.8232603713870048,1281.4415465041996,nan,1280.6182861328125,nan,nan
59,102,161,-0.6999370536208153,1285.7525493583082,nan,1285.0526123046875,nan,nan
60,66,126,-2.1270623141527176,1023.2588372164964,nan,1021.1317749023438,nan,nan
60,67,127,-2.0750160241127014,1034.0701332116128,nan,1031.9951171875,nan,nan
60,68,128,-1.8787278592586518,1046.8111009061336,nan,1044.932373046875,nan,nan
60,69,129,-1.6917853653430939,1056.941541224718,nan,1055.249755859375,nan,nan
60,101,161,-0.6730088952183724,1294.8103379967808,nan,1294.1373291015625,nan,nan
60,102,162,-0.4166906563937664,1299.6203039376437,nan,1299.20361328125,nan,nan
60,103,163,-0.5269287863373756,1302.8607910910248,nan,1302.3338623046875,nan,nan
60,104,164,-0.3365443733334541,1307.3817103889585,nan,1307.045166015625,nan,nan
61,67,128,-2.045213432312012,1033.935350151062,nan,1031.89013671875,nan,nan
61,68,129,-1.775010204911232,1046.9074564939738,nan,1045.1324462890625,nan,nan
61,69,130,-1.6999455410242081,1057.5676213222741,nan,1055.86767578125,nan,nan
61,70,131,-1.4991045606136322,1069.9921465528012,nan,1068.4930419921875,nan,nan
61,71,132,-1.4146418750286103,1079.2869563281536,nan,1077.872314453125,nan,nan
61,101,162,-0.7317488834261894,1305.9400008365512,nan,1305.208251953125,nan,nan
61,102,163,-0.445089750289917,1310.741720609665,nan,1310.296630859375,nan,nan
61,103,164,-0.5175956213474273,1314.54652628541,nan,1314.0289306640625,nan,nan
61,104,165,-0.3137178914248943,1319.0549288289249,nan,1318.7412109375,nan,nan
62,68,130,-1.6525695043802262,1048.8879210668802,nan,1047.2353515625,nan,nan
62,69,131,-1.5928663551807403,1059.8205274879933,nan,1058.2276611328125,nan,nan
62,70,132,-1.455141709446907,1072.724184678197,nan,1071.26904296875,nan,nan
62,71,133,-1.4333898627758026,1081.9757482612133,nan,1080.5423583984375,nan,nan
62,72,134,-1.4112615793943406,1094.3269109934567,nan,1092.9156494140625,nan,nan
62,103,165,-0.19121320813894271,1327.0100608643888,nan,1326.81884765625,nan,nan
62,104,166,0.04831231830874458,1332.0848663926288,nan,1332.1331787109375,nan,nan
62,105,167,-0.0833856808883138,1335.5919306027633,nan,1335.508544921875,nan,nan
62,106,168,0.06687977357767522,1340.3908838982973,nan,1340.457763671875,nan,nan
63,70,133,-1.4310965359210968,1072.4301199734211,nan,1070.9990234375,nan,nan
63,71,134,-1.4159630846977234,1081.8362511706353,nan,1080.4202880859375,nan,nan
63,72,135,-1.3675845980644226,1094.432159793377,nan,1093.0645751953125,nan,nan
63,73,136,-1.2331491816043854,1104.639032970667,nan,1103.4058837890625,nan,nan
63,103,166,-0.24938184633851052,1337.427238291651,nan,1337.1778564453125,nan,nan
63,104,167,-0.027952535061631353,1342.535154683499,nan,1342.5072021484375,nan,nan
63,105,168,-0.11402794062159956,1346.5725240343716,nan,1346.45849609375,nan,nan
63,106,169,-0.006037443352397531,1351.4088694746024,nan,1351.40283203125,nan,nan
64,71,135,-1.3355738165974618,1083.45093026191,nan,1082.1153564453125,nan,nan
64,72,136,-1.3130684220790863,1096.4866524064541,nan,1095.173583984375,nan,nan
64,73,137,-1.206525462269783,1106.9554268294573,nan,1105.7489013671875,nan,nan
64,74,138,-1.1552705958485603,1119.5764131739736,nan,1118.421142578125,nan,nan
64,75,139,-0.7892514458298683,1129.4426938286424,nan,1128.6534423828125,nan,nan
64,105,169,0.05973255765158683,1358.4567469345359,nan,1358.5164794921875,nan,nan
64,106,170,0.1754511825554073,1363.8633671768196,nan,1364.038818359375,nan,nan
65,72,137,-1.2235297060012817,1095.5741156435013,nan,1094.3505859375,nan,nan
65,73,138,-1.091119254231453,1106.4170469886064,nan,1105.325927734375,nan,nan
65,74,139,-0.9894986587762833,1119.2547574478388,nan,1118.2652587890625,nan,nan
65,104,169,0.042182251904159786,1363.6339652090332,nan,1363.6761474609375,nan,nan
65,105,170,-0.08905586542095989,1368.2525080138585,nan,1368.1634521484375,nan,nan
65,106,171,-0.0019378460664302112,1373.6996917523165,nan,1373.69775390625,nan,nan
66,73,139,-1.036314642727375,1107.7482287052273,nan,1106.7119140625,nan,nan
66,74,140,-0.9946639996767044,1121.0498397809267,nan,1120.05517578125,nan,nan
66,75,141,-0.7054414129257203,1131.6329316473007,nan,1130.927490234375,nan,nan
66,76,142,-0.6645503532886505,1144.5353999626636,nan,1143.870849609375,nan,nan
66,104,170,0.2718617042899132,1374.2043345847726,nan,1374.4761962890625,nan,nan
66,105,171,0.06942364459857345,1378.893100769464,nan,1378.9625244140625,nan,nan
66,106,172,0.2431774577498436,1384.8076037922501,nan,1385.05078125,nan,nan
67,73,140,-0.9530168041586876,1106.2679582104088,nan,1105.31494140625,nan,nan
67,74,141,-0.8887968280911446,1119.8339872577787,nan,1118.9451904296875,nan,nan
67,75,142,-0.6041477331519127,1130.8136203894019,nan,1130.20947265625,nan,nan
67,76,143,-0.43823223739862444,1143.856078917086,nan,1143.4178466796875,nan,nan
67,105,172,-0.09718406363856047,1387.447647930826,nan,1387.3504638671875,nan,nan
67,106,173,0.05123555502388626,1393.4136081949762,nan,1393.46484375,nan,nan
67,107,174,-0.14769292608834803,1398.2697632385884,nan,1398.1220703125,nan,nan
67,108,175,0.009560286032501608,1403.83089381553,nan,1403.8404541015625,nan,nan
67,109,176,-0.2359822303429246,1408.3856404334679,nan,1408.149658203125,nan,nan
68,75,143,-0.6436177895963192,1131.9341451333464,nan,1131.29052734375,nan,nan
68,76,144,-0.6298539370298386,1145.5256058901548,nan,1144.895751953125,nan,nan
68,77,145,-0.17271474551409483,1156.212753808014,nan,1156.0400390625,nan,nan
68,105,173,0.09976854464970529,1396.8307734475377,nan,1396.9305419921875,nan,nan
68,106,174,0.30582137502729895,1403.2709608515352,nan,1403.5767822265625,nan,nan
68,107,175,0.006394773810170591,1408.2287126480649,nan,1408.235107421875,nan,nan
68,108,176,0.15878022610209883,1414.3336514145228,nan,1414.492431640625,nan,nan
68,109,177,-0.11426792473997921,1418.9049173388025,nan,1418.7906494140625,nan,nan
68,110,178,0.1226081174146384,1424.548412390398,nan,1424.6710205078125,nan,nan
69,75,144,-0.4822049959003925,1130.0957303865255,nan,1129.613525390625,nan,nan
69,76,145,-0.4185357514023781,1143.92231993109,nan,1143.5037841796875,nan,nan
69,77,146,-0.1043099771020934,1155.139466227102,nan,1155.03515625,nan,nan
69,80,149,0.20126311652362347,1192.4676821959763,nan,1192.6689453125,nan,nan
69,81,150,0.2337555816024542,1203.2235198090225,nan,1203.457275390625,nan,nan
69,108,177,-0.02287656404543668,1422.2662847671704,nan,1422.243408203125,nan,nan
69,109,178,-0.2644040612131357,1427.328124764338,nan,1427.063720703125,nan,nan
69,110,179,-0.09766931767575443,1433.0587288879883,nan,1432.9610595703125,nan,nan
69,111,180,-0.11151215276680887,1437.5498666449544,nan,1437.4383544921875,nan,nan
69,112,181,0.43495366975665095,1442.5206127364934,nan,1442.95556640625,nan,nan
69,113,182,0.9198140794038773,1446.604111701846,nan,1447.52392578125,nan,nan
69,114,183,1.5566695779561996,1451.3644730001688,nan,1452.921142578125,nan,nan
70,76,146,-0.5831576704978942,1144.6159945845604,nan,1144.0328369140625,nan,nan
70,77,147,-0.22732452009804546,1156.0444631919731,nan,1155.817138671875,nan,nan
70,78,148,-0.29390818901360033,1169.959313462451,nan,1169.6654052734375,nan,nan
70,79,149,0.06528476793086156,1180.9963607398815,nan,1181.0616455078125,nan,nan
70,80,150,-0.06412163794506341,1194.5450786691952,nan,1194.48095703125,nan,nan
70,83,153,0.4117903070151806,1227.1221452398597,nan,1227.533935546875,nan,nan
70,109,179,-0.11235283385030925,1436.6280999041628,nan,1436.5157470703125,nan,nan
70,110,180,0.17432274466380476,1442.7676938568986,nan,1442.9420166015625,nan,nan
70,111,181,0.08486346000805498,1447.3313963056169,nan,1447.416259765625,nan,nan
70,112,182,0.607169501632452,1452.8654867483676,nan,1453.47265625,nan,nan
70,113,183,1.0533308085799218,1457.1955705586076,nan,1458.2489013671875,nan,nan
70,114,184,1.7126540732383728,1462.4844894814491,nan,1464.1971435546875,nan,nan
70,115,185,1.95200317800045,1466.384544673562,nan,1468.3365478515625,nan,nan
70,116,186,2.2292591243982316,1471.8795055240394,nan,1474.1087646484375,nan,nan
71,76,147,-0.41572400838136675,1142.2685072115064,nan,1141.852783203125,nan,nan
71,77,148,-0.210905031459406,1154.1559733908343,nan,1153.945068359375,nan,nan
71,78,149,-0.17237140369601547,1168.1807942552584,nan,1168.0084228515625,nan,nan
71,79,150,-0.009865124989300967,1179.7225116093643,nan,1179.712646484375,nan,nan
71,80,151,-0.063849794868147,1193.3798898339307,nan,1193.3160400390625,nan,nan
71,81,152,-0.010591904644388705,1204.6358360452693,nan,1204.625244140625,nan,nan
71,83,154,0.29599757738411425,1226.991844219491,nan,1227.287841796875,nan,nan
71,111,182,-0.03490505430061603,1455.3382497808632,nan,1455.3033447265625,nan,nan
71,113,184,1.2091506659984588,1466.1158005058765,nan,1467.324951171875,nan,nan
71,114,185,1.7694315135478973,1471.473732548952,nan,1473.2431640625,nan,nan
71,115,186,1.9805382585525513,1475.8849402570725,nan,1477.865478515625,nan,nan
71,116,187,2.144150130748749,1481.4456936192512,nan,1483.58984375,nan,nan
72,79,151,-0.24364173494279384,1180.1873673208802,nan,1179.9437255859375,nan,nan
72,80,152,-0.3100943374633789,1194.252110939026,nan,1193.9420166015625,nan,nan
72,81,153,-0.23447359677404164,1205.7258066045865,nan,1205.4913330078125,nan,nan
72,82,154,-0.1734163857717067,1219.2079622842093,nan,1219.0345458984375,nan,nan
72,83,155,0.006967227640561759,1228.7199614832969,nan,1228.7269287109375,nan,nan
72,85,157,0.2834382665157318,1249.5020841944217,nan,1249.7855224609375,nan,nan
72,115,187,1.9308703339099884,1485.7945935332775,nan,1487.7254638671875,nan,nan
72,116,188,2.0107280200719835,1491.9830463939904,nan,1493.9937744140625,nan,nan
72,117,189,1.923066395521164,1496.5220019638539,nan,1498.445068359375,nan,nan
72,118,190,1.8553853154182434,1502.6599955439567,nan,1504.515380859375,nan,nan
72,119,191,1.8020045787096024,1506.9807102650404,nan,1508.78271484375,nan,nan
73,80,153,-0.3244484177976847,1192.153427909985,nan,1191.8289794921875,nan,nan
73,81,154,-0.34706985898315906,1204.113427280858,nan,1203.766357421875,nan,nan
73,82,155,-0.27396115712821484,1217.8575793211908,nan,1217.5836181640625,nan,nan
73,83,156,-0.24153352657333016,1227.8484671203232,nan,1227.60693359375,nan,nan
73,85,158,-0.06553139128955081,1249.269022602227,nan,1249.2034912109375,nan,nan
73,115,188,1.4912727469205855,1493.8782340890168,nan,1495.3695068359375,nan,nan
73,116,189,1.6028771770000458,1500.063870869875,nan,1501.666748046875,nan,nan
73,117,190,1.5964996933937072,1505.0525481581687,nan,1506.6490478515625,nan,nan
73,118,191,1.6334587961435318,1511.105921086669,nan,1512.7393798828125,nan,nan
73,119,192,1.6018337249755858,1515.9438205718993,nan,1517.545654296875,nan,nan
73,120,193,1.6015849578380585,1521.814430667162,nan,1523.416015625,nan,nan
74,82,156,-0.38581275805830956,1218.4804172502459,nan,1218.0946044921875,nan,nan
74,83,157,-0.42613834924995897,1228.7139801461249,nan,1228.287841796875,nan,nan
74,84,158,-0.5107968981564045,1241.0149472887815,nan,1240.504150390625,nan,nan
74,85,159,-0.41670952156186103,1250.7902446778119,nan,1250.37353515625,nan,nan
74,87,161,-0.19997833639383317,1271.9920925942063,nan,1271.7921142578125,nan,nan
74,115,189,1.0040246260166168,1503.2724646317959,nan,1504.2764892578125,nan,nan
74,118,192,1.2556108009815217,1521.472782753706,nan,1522.7283935546875,nan,nan
74,119,193,1.2991986137628555,1526.2385211127996,nan,1527.5377197265625,nan,nan
74,120,194,1.3739085912704467,1532.5821460962295,nan,1533.9560546875,nan,nan
74,121,195,1.3624525398015976,1537.2068833976984,nan,1538.5693359375,nan,nan
74,122,196,1.371425501704216,1543.3921243029833,nan,1544.7635498046875,nan,nan
75,82,157,-0.4564553230255842,1216.3490334480257,nan,1215.892578125,nan,nan
75,83,158,-0.591531021296978,1226.979470474422,nan,1226.387939453125,nan,nan
75,84,159,-0.6470777507126332,1239.4462720866502,nan,1238.7991943359375,nan,nan
75,85,160,-0.66077607691288,1249.6472262722255,nan,1248.9864501953125,nan,nan
75,87,162,-0.488370024561882,1271.4095126026868,nan,1270.921142578125,nan,nan
75,119,194,0.8072461819648743,1534.536503818035,nan,1535.34375,nan,nan
75,120,195,0.9423413014411927,1540.8527026438712,nan,1541.7950439453125,nan,nan
75,121,196,1.035390577018261,1545.9089453604818,nan,1546.9443359375,nan,nan
75,122,197,1.1367381152510643,1552.026836103499,nan,1553.16357421875,nan,nan
75,123,198,1.160675548017025,1556.950164295733,nan,1558.11083984375,nan,nan
75,124,199,1.268581206202507,1562.8166238719225,nan,1564.085205078125,nan,nan
76,84,160,-0.8127888724207878,1239.8329304739832,nan,1239.0201416015625,nan,nan
76,85,161,-0.8609923046827316,1250.2304991406202,nan,1249.3695068359375,nan,nan
76,86,162,-0.9042674961686135,1262.6401073399186,nan,1261.73583984375,nan,nan
76,87,163,-0.788707889020443,1272.5638543733955,nan,1271.775146484375,nan,nan
76,89,165,-0.5564791589975357,1294.09615201056,nan,1293.5396728515625,nan,nan
76,121,197,0.6556454208493233,1555.8936709854006,nan,1556.54931640625,nan,nan
76,122,198,0.8470974946022034,1562.4684542632103,nan,1563.3155517578125,nan,nan
76,123,199,0.965185794532299,1567.3077634242177,nan,1568.27294921875,nan,nan
76,124,200,1.1641158413887025,1573.6391068148614,nan,1574.80322265625,nan,nan
76,125,201,1.2885937666893006,1578.2488818192483,nan,1579.5374755859375,nan,nan
76,126,202,1.6577904933691026,1584.1599585300685,nan,1585.8177490234375,nan,nan
77,84,161,-0.9163565078377723,1237.4485830703377,nan,1236.5322265625,nan,nan
77,85,162,-0.9425615516304969,1248.114070340693,nan,1247.1715087890625,nan,nan
77,86,163,-0.9523500794172287,1260.6772035950423,nan,1259.724853515625,nan,nan
77,87,164,-0.9038861399888992,1270.9739544993638,nan,1270.070068359375,nan,nan
77,88,165,-0.8592114782333374,1283.1336255407334,nan,1282.2744140625,nan,nan
77,89,166,-0.7041278594732284,1293.0388446563481,nan,1292.334716796875,nan,nan
77,121,198,0.27993915498256683,1563.6963792043925,nan,1563.976318359375,nan,nan
77,123,200,0.5674074396491051,1575.7144529119134,nan,1576.2818603515625,nan,nan
77,124,201,0.8324397054314613,1582.018756583631,nan,1582.8511962890625,nan,nan
77,125,202,0.9885724964737892,1587.1428972300887,nan,1588.1314697265625,nan,nan
77,126,203,1.4044563803076744,1593.0403678384423,nan,1594.44482421875,nan,nan
78,86,164,-1.0136275190114974,1260.618485917449,nan,1259.6048583984375,nan,nan
78,87,165,-1.0129571399092674,1271.1200128039718,nan,1270.1070556640625,nan,nan
78,88,166,-1.027165071964264,1283.6465498375892,nan,1282.619384765625,nan,nan
78,89,167,-0.9147459584474563,1293.7425047475099,nan,1292.8277587890625,nan,nan
78,91,169,-0.6447893035411835,1315.5760637176036,nan,1314.9312744140625,nan,nan
78,125,203,0.7392310647666455,1597.2042503805458,nan,1597.9434814453125,nan,nan
78,126,204,1.2663236221671104,1603.5484957137703,nan,1604.8148193359375,nan,nan
78,127,205,0.9323966178297997,1606.844702991545,nan,1607.777099609375,nan,nan
78,128,206,0.7234114539623261,1611.6359635460376,nan,1612.359375,nan,nan
78,129,207,0.42474153988063335,1614.8129293585569,nan,1615.2376708984375,nan,nan
78,130,208,0.3390655045583844,1619.375900315754,nan,1619.7149658203125,nan,nan
79,88,167,-1.0336081570386886,1281.2889792507888,nan,1280.25537109375,nan,nan
79,89,168,-0.9684541356563569,1291.7291963231564,nan,1290.7607421875,nan,nan
79,90,169,-0.9220792680978775,1304.0420743852853,nan,1303.1199951171875,nan,nan
79,91,170,-0.7479058203101158,1314.098247617185,nan,1313.350341796875,nan,nan
79,125,204,0.1529586311103776,1605.4565384392022,nan,1605.6094970703125,nan,nan
79,126,205,0.8990288680791855,1611.6367377334834,nan,1612.5357666015625,nan,nan
79,127,206,0.617490935921669,1615.2876604312657,nan,1615.9051513671875,nan,nan
79,128,207,0.5715136000514031,1619.824848704636,nan,1620.3963623046875,nan,nan
79,129,208,0.270356168448925,1623.4243459799886,nan,1623.6947021484375,nan,nan
79,130,209,0.18709953461308032,1627.8909033950745,nan,1628.0780029296875,nan,nan
79,131,210,-0.033441500123590234,1631.3317813438737,nan,1631.29833984375,nan,nan
79,132,211,-0.08961114087607712,1635.658214656501,nan,1635.568603515625,nan,nan
79,133,212,-0.11044549059821293,1638.8163781077858,nan,1638.7059326171875,nan,nan
79,134,213,-0.1127925238525495,1642.9699702582275,nan,1642.857177734375,nan,nan
80,88,168,-1.0716400438547133,1280.8200531297923,nan,1279.7484130859375,nan,nan
80,89,169,-0.9987729915976524,1291.4044126400352,nan,1290.4056396484375,nan,nan
80,90,170,-0.9748052322864532,1304.0397466385364,nan,1303.06494140625,nan,nan
80,91,171,-0.8492799282073975,1314.2895875453949,nan,1313.4403076171875,nan,nan
80,93,173,-0.596738481670618,1336.4796730519831,nan,1335.8829345703125,nan,nan
80,129,209,0.26610649675130843,1633.0626288548112,nan,1633.3287353515625,nan,nan
80,130,210,0.14148616048507393,1637.99352360514,nan,1638.135009765625,nan,nan
80,131,211,-0.08802405065856873,1641.329357058471,nan,1641.2413330078125,nan,nan
80,132,212,-0.1457014060765505,1646.093333242014,nan,1645.9476318359375,nan,nan
80,133,213,-0.21680127285420894,1649.1856733431666,nan,1648.9688720703125,nan,nan
80,134,214,-0.2797275239042938,1653.8489413910918,nan,1653.5692138671875,nan,nan
80,135,215,-0.3878492099419236,1656.887360928692,nan,1656.49951171875,nan,nan
81,90,171,-0.9056068816781044,1301.209561959803,nan,1300.303955078125,nan,nan
81,91,172,-0.8290865999460221,1311.7984469515086,nan,1310.9693603515625,nan,nan
81,92,173,-0.8026203799247742,1324.2882160830497,nan,1323.485595703125,nan,nan
81,93,174,-0.6505137135088443,1334.5384531666339,nan,1333.887939453125,nan,nan
81,94,175,-0.6009022861719131,1346.688060489297,nan,1346.087158203125,nan,nan
81,131,212,-0.33360275357961655,1649.3788908395172,nan,1649.0452880859375,nan,nan
81,133,214,-0.4624686695635319,1657.5623221851886,nan,1657.099853515625,nan,nan
81,134,215,-0.5126228553056716,1662.1188240271806,nan,1661.606201171875,nan,nan
81,135,216,-0.5827824223041534,1665.5512882816793,nan,1664.968505859375,nan,nan
81,136,217,-0.7114969395101071,1670.0712381504477,nan,1669.3597412109375,nan,nan
81,137,218,-0.7627712981402874,1673.3988796965778,nan,1672.6361083984375,nan,nan
82,90,172,-0.8320937426388264,1300.1980605395138,nan,1299.365966796875,nan,nan
82,91,173,-0.796460168659687,1310.9777345827222,nan,1310.1812744140625,nan,nan
82,92,174,-0.7803341996669769,1323.7719113481044,nan,1322.9915771484375,nan,nan
82,93,175,-0.6548895411193371,1334.1917547754942,nan,1333.536865234375,nan,nan
82,94,176,-0.6678069031238556,1346.7150481140613,nan,1346.0472412109375,nan,nan
82,95,177,-0.4500708954036236,1356.7735572235285,nan,1356.323486328125,nan,nan
82,134,216,-0.6921515277028084,1671.9823126605154,nan,1671.2901611328125,nan,nan
82,135,217,-0.7392965993285179,1675.2788473805786,nan,1674.53955078125,nan,nan
82,136,218,-0.80126933157444,1680.169067183137,nan,1679.3677978515625,nan,nan
82,137,219,-0.7706546479463577,1683.2997073823215,nan,1682.529052734375,nan,nan
82,138,220,-0.810811014175415,1688.060200662613,nan,1687.2493896484375,nan,nan
82,139,221,-0.7183286798000336,1691.034002507925,nan,1690.315673828125,nan,nan
82,140,222,-0.7798870721459389,1695.6999310174585,nan,1694.9200439453125,nan,nan
83,93,176,-0.5895769435167313,1330.0505144435167,nan,1329.4609375,nan,nan
83,94,177,-0.5862107513844967,1342.8064255951344,nan,1342.22021484375,nan,nan
83,95,178,-0.3975474359840155,1353.2690073969216,nan,1352.8714599609375,nan,nan
83,96,179,-0.3846737280488014,1365.6935116186737,nan,1365.308837890625,nan,nan
83,97,180,-0.08031326530966908,1375.7703767418723,nan,1375.6900634765625,nan,nan
83,98,181,-0.08765519876033068,1387.8920985581353,nan,1387.804443359375,nan,nan
83,99,182,0.3107532136887312,1397.6019665128738,nan,1397.9127197265625,nan,nan
83,100,183,0.2373291565477848,1409.4637206481398,nan,1409.7010498046875,nan,nan
83,101,184,0.7388017266988754,1418.790495148301,nan,1419.529296875,nan,nan
83,102,185,0.6356856369972229,1430.3518631911277,nan,1430.987548828125,nan,nan
83,136,219,-0.632653937637806,1686.4193971017003,nan,1685.7867431640625,nan,nan
83,137,220,-0.5278761248290539,1690.0179884295167,nan,1689.4901123046875,nan,nan
83,138,221,-0.6370639599859714,1694.8664340771734,nan,1694.2293701171875,nan,nan
83,139,222,-0.5566938249766826,1698.3933637468517,nan,1697.836669921875,nan,nan
83,140,223,-0.6692360983788967,1703.1152810202539,nan,1702.446044921875,nan,nan
83,141,224,-0.6425751036405564,1706.5928924864531,nan,1705.9503173828125,nan,nan
84,94,178,-0.5457957942038775,1340.8029979426415,nan,1340.2572021484375,nan,nan
84,95,179,-0.3396943760104477,1351.4661592197604,nan,1351.12646484375,nan,nan
84,96,180,-0.383425488807261,1364.3211696294322,nan,1363.937744140625,nan,nan
84,97,181,-0.024484741627238692,1374.5415745853772,nan,1374.51708984375,nan,nan
84,98,182,-0.10144044272601604,1387.107788098976,nan,1387.00634765625,nan,nan
84,99,183,0.2728601987659931,1397.018887848109,nan,1397.291748046875,nan,nan
84,100,184,-0.019744775362778456,1409.4757994628628,nan,1409.4560546875,nan,nan
84,101,185,0.24501463459804654,1419.1972461075895,nan,1419.4422607421875,nan,nan
84,139,223,-0.38940177649259566,1706.927121503055,nan,1706.5377197265625,nan,nan
84,140,224,-0.5668383674323558,1712.2538500861824,nan,1711.68701171875,nan,nan
84,141,225,-0.6280078049004078,1715.8023242111503,nan,1715.17431640625,nan,nan
84,142,226,-0.8735729923844338,1721.0591198673844,nan,1720.185546875,nan,nan
84,143,227,-1.0833602026104927,1724.6292586401105,nan,1723.5458984375,nan,nan
84,144,228,-1.3034136101603508,1729.7146684929728,nan,1728.4112548828125,nan,nan
84,145,229,-1.4102831348776816,1733.0457811817528,nan,1731.635498046875,nan,nan
85,100,185,0.1492657945305109,1406.4647478773445,nan,1406.614013671875,nan,nan
85,101,186,0.2846062663011253,1416.6776740071364,nan,1416.9622802734375,nan,nan
85,102,187,0.0841544256452471,1428.8914315118548,nan,1428.9755859375,nan,nan
85,103,188,0.3672609031200409,1438.6536131203175,nan,1439.0208740234375,nan,nan
85,104,189,0.16772338695824146,1450.5114758317918,nan,1450.67919921875,nan,nan
85,105,190,0.5707073898613453,1459.8427447585761,nan,1460.4134521484375,nan,nan
85,140,225,-0.16702406339347362,1719.0950025790185,nan,1718.927978515625,nan,nan
85,141,226,-0.34882213838398457,1723.0510926461966,nan,1722.7022705078125,nan,nan
85,142,227,-0.7631991490721702,1728.2008212193846,nan,1727.4376220703125,nan,nan
85,143,228,-0.9940399703383446,1732.2719940719007,nan,1731.2779541015625,nan,nan
85,144,229,-1.2549188894033432,1737.3840692800284,nan,1736.129150390625,nan,nan
85,145,230,-1.3798685616254807,1741.2553568428755,nan,1739.87548828125,nan,nan
85,146,231,-1.525730345249176,1746.0824930405618,nan,1744.5567626953125,nan,nan
85,147,232,-1.6074319338798524,1749.7645364260673,nan,1748.1571044921875,nan,nan
85,148,233,-1.6529571229219437,1754.3123809510469,nan,1752.659423828125,nan,nan
86,100,186,-0.1923888497427106,1405.7913878731802,nan,1405.5989990234375,nan,nan
86,101,187,0.013172362868208437,1416.1041372074442,nan,1416.1173095703125,nan,nan
86,102,188,-0.21854251313954592,1428.710119661577,nan,1428.4915771484375,nan,nan
86,103,189,0.013975512210745365,1438.6719375737268,nan,1438.6859130859375,nan,nan
86,104,190,-0.16906847666949035,1450.8773204297945,nan,1450.708251953125,nan,nan
86,105,191,0.05899477526079863,1460.5144915528642,nan,1460.573486328125,nan,nan
86,106,192,-0.03123977662064135,1472.2670796203706,nan,1472.23583984375,nan,nan
86,144,230,-1.1464999422430993,1746.927749942243,nan,1745.78125,nan,nan
86,145,231,-1.3313164433836937,1750.5818047246337,nan,1749.25048828125,nan,nan
86,146,232,-1.4815684479475022,1755.9354258698224,nan,1754.453857421875,nan,nan
86,147,233,-1.569006945490837,1759.5760870236159,nan,1758.007080078125,nan,nan
86,148,234,-1.602184065580368,1764.6345326983928,nan,1763.0323486328125,nan,nan
87,104,191,-0.22175415098667145,1448.3849621587992,nan,1448.1632080078125,nan,nan
87,105,192,-0.09424497826723383,1458.4737615798297,nan,1458.3795166015625,nan,nan
87,106,193,-0.11939216716680676,1470.3111646281043,nan,1470.1917724609375,nan,nan
87,107,194,0.15992019931785761,1479.9122233553696,nan,1480.0721435546875,nan,nan
87,108,195,0.18116392510011792,1491.3172491608375,nan,1491.4984130859375,nan,nan
87,109,196,0.5367991672456265,1500.4949391140044,nan,1501.03173828125,nan,nan
87,147,234,-1.451439121365547,1767.3194811135531,nan,1765.8680419921875,nan,nan
87,148,235,-1.507057968378067,1772.3685081636906,nan,1770.8614501953125,nan,nan
87,149,236,-1.5211743420362474,1776.2719067639111,nan,1774.750732421875,nan,nan
88,105,193,-0.34060738746076824,1458.1251532858983,nan,1457.7845458984375,nan,nan
88,106,194,-0.350566892772913,1470.2983207990228,nan,1469.94775390625,nan,nan
88,107,195,-0.11545077972579748,1480.0685757797257,nan,1479.953125,nan,nan
88,108,196,-0.13583529549650847,1491.8682571704965,nan,1491.732421875,nan,nan
88,109,197,0.13768438910134137,1501.235972837461,nan,1501.3736572265625,nan,nan
88,110,198,0.12609397849300877,1512.634892349632,nan,1512.760986328125,nan,nan
88,111,199,0.5100541320443154,1521.5182661804556,nan,1522.0283203125,nan,nan
88,112,200,0.4270187459886074,1532.584577933699,nan,1533.0115966796875,nan,nan
88,147,235,-1.244009358882904,1776.7651275229455,nan,1775.5211181640625,nan,nan
88,148,236,-1.3171845304965972,1781.9435273039342,nan,1780.6263427734375,nan,nan
88,149,237,-1.3600818181037904,1785.5617419743537,nan,1784.20166015625,nan,nan
89,108,197,-0.12570362149737777,1489.541108894935,nan,1489.4154052734375,nan,nan
89,109,198,0.09641183057334274,1499.3022698100517,nan,1499.398681640625,nan,nan
89,110,199,0.16708469030447304,1510.7449026143831,nan,1510.9119873046875,nan,nan
89,111,200,0.5109358286857605,1520.0114030385018,nan,1520.5223388671875,nan,nan
89,112,201,0.5210596516728401,1531.0955174967646,nan,1531.6165771484375,nan,nan
89,113,202,0.8194874739646911,1540.6164256119728,nan,1541.4359130859375,nan,nan
89,114,203,0.7055934804677964,1551.3645969492197,nan,1552.0701904296875,nan,nan
89,115,204,0.8031202638149262,1560.1694139158726,nan,1560.9725341796875,nan,nan
89,148,237,-1.0706094646453856,1789.320975675583,nan,1788.2503662109375,nan,nan
89,149,238,-1.093728031218052,1793.271462406218,nan,1792.177734375,nan,nan
90,111,201,0.3277352569624782,1520.2335440399124,nan,1520.561279296875,nan,nan
90,112,202,0.3296848927810788,1531.6699488962813,nan,1531.9996337890625,nan,nan
90,113,203,0.6882138314843178,1541.2927431997657,nan,1541.98095703125,nan,nan
90,114,204,0.5128932923078537,1552.4442600280047,nan,1552.9571533203125,nan,nan
90,115,205,0.6671494486927986,1561.2583876606823,nan,1561.925537109375,nan,nan
90,116,206,0.3875133417546749,1572.270323572308,nan,1572.6578369140625,nan,nan
90,117,207,0.4658638858795166,1580.930254278183,nan,1581.3961181640625,nan,nan
90,119,209,0.263629172667861,1600.1020934835822,nan,1600.36572265625,nan,nan
90,148,238,-0.7141926237940788,1798.1615803191066,nan,1797.4473876953125,nan,nan
90,149,239,-0.784841292500496,1802.1315209800005,nan,1801.3466796875,nan,nan
90,150,240,-0.6893150205910206,1807.3813316221535,nan,1806.6920166015625,nan,nan
91,114,205,0.6697392275929451,1550.6504512020945,nan,1551.3201904296875,nan,nan
91,115,206,0.7773871421813965,1559.842119693756,nan,1560.6195068359375,nan,nan
91,116,207,0.5878857463598252,1570.848881831765,nan,1571.436767578125,nan,nan
91,117,208,0.6474908006191253,1579.8595892775058,nan,1580.507080078125,nan,nan
91,118,209,0.4450396028161049,1590.6043988737465,nan,1591.0494384765625,nan,nan
91,119,210,0.4726390111446381,1599.4040699732304,nan,1599.876708984375,nan,nan
91,148,239,-0.49417257487773897,1804.5405592936277,nan,1804.04638671875,nan,nan
91,149,240,-0.5938413152098656,1809.0235288152098,nan,1808.4296875,nan,nan
91,150,241,-0.5262230214476585,1814.2872093495725,nan,1813.760986328125,nan,nan
91,151,242,-0.5176213535666466,1818.4228947910667,nan,1817.9052734375,nan,nan
92,116,208,0.43735787019133565,1571.5394487704336,nan,1571.976806640625,nan,nan
92,117,209,0.6045044468343258,1580.5075561000406,nan,1581.112060546875,nan,nan
92,118,210,0.3856234823912382,1591.6027798379212,nan,1591.9884033203125,nan,nan
92,119,211,0.47771431878209114,1600.387031774968,nan,1600.86474609375,nan,nan
92,120,212,0.31076675936579706,1611.1422361703217,nan,1611.4530029296875,nan,nan
92,121,213,0.3636639757454395,1619.6906573133172,nan,1620.0543212890625,nan,nan
92,122,214,0.23327037394046785,1630.1073057979345,nan,1630.340576171875,nan,nan
92,125,217,0.3747712209075689,1656.2526701853424,nan,1656.62744140625,nan,nan
92,128,220,0.058705742016900334,1680.7297464064206,nan,1680.7884521484375,nan,nan
92,149,241,-0.33573409855365755,1816.9164225751163,nan,1816.5806884765625,nan,nan
92,150,242,-0.25414136655628683,1822.6491608978063,nan,1822.39501953125,nan,nan
92,151,243,-0.29579074669629335,1826.7990866451337,nan,1826.5032958984375,nan,nan
92,152,244,-0.17718581605236977,1832.2297981207398,nan,1832.0526123046875,nan,nan
92,153,245,-0.15900048542767764,1836.0729409151152,nan,1835.9139404296875,nan,nan
92,154,246,-0.1054180534533225,1841.4396465690784,nan,1841.334228515625,nan,nan
93,118,211,0.5445817065238953,1589.8868147778512,nan,1590.431396484375,nan,nan
93,119,212,0.5855371855199337,1599.0461766816675,nan,1599.6317138671875,nan,nan
93,120,213,0.4522549304366112,1609.835708936751,nan,1610.2879638671875,nan,nan
93,121,214,0.49230722337961197,1618.7230248078704,nan,1619.21533203125,nan,nan
93,122,215,0.37470204681158065,1629.178886820376,nan,1629.5535888671875,nan,nan
93,123,216,0.3650717598199844,1637.82682277143,nan,1638.19189453125,nan,nan
93,124,217,0.3619924591481686,1647.8341745330392,nan,1648.1961669921875,nan,nan
93,125,218,0.46331615835428236,1656.0672014197708,nan,1656.530517578125,nan,nan
93,128,221,0.1642485236003995,1681.075131359212,nan,1681.2393798828125,nan,nan
93,150,243,-0.1929702642187476,1828.6429214360937,nan,1828.449951171875,nan,nan
93,151,244,-0.23266909766942262,1833.257937652357,nan,1833.0252685546875,nan,nan
93,152,245,-0.11551991352811455,1838.6691087807155,nan,1838.5535888671875,nan,nan
93,153,246,-0.1245150975510478,1843.005374472551,nan,1842.880859375,nan,nan
93,154,247,-0.023668043497018516,1848.159898512247,nan,1848.13623046875,nan,nan
94,121,215,0.4707499314844608,1619.3825215528905,nan,1619.853271484375,nan,nan
94,122,216,0.36821178533136845,1630.1524180974811,nan,1630.5206298828125,nan,nan
94,123,217,0.3841635911911726,1638.8087075025587,nan,1639.19287109375,nan,nan
94,124,218,0.4079292523860931,1649.1202689898014,nan,1649.5281982421875,nan,nan
94,125,219,0.5068118469417096,1657.3746578796208,nan,1657.8814697265625,nan,nan
94,126,220,0.6476562306284904,1667.220141620934,nan,1667.8677978515625,nan,nan
94,127,221,0.4799292901158333,1674.3131615301966,nan,1674.7930908203125,nan,nan
94,128,222,0.21538648642599584,1683.2219914432615,nan,1683.4373779296875,nan,nan
94,129,223,0.18866968758404254,1690.051076406166,nan,1690.23974609375,nan,nan
94,130,224,0.2671463815867901,1698.5908858449757,nan,1698.8580322265625,nan,nan
94,131,225,0.5383270435035229,1705.7819854564964,nan,1706.3203125,nan,nan
94,132,226,0.647355640232563,1714.717268383205,nan,1715.3646240234375,nan,nan
94,133,227,0.7298921278119087,1721.7770658800007,nan,1722.5069580078125,nan,nan
94,153,247,0.0345424101036042,1850.8663364961465,nan,1850.90087890625,nan,nan
94,154,248,0.16091341874562204,1856.4612789640669,nan,1856.6221923828125,nan,nan
94,155,249,0.2022755762003362,1860.4511668066123,nan,1860.6534423828125,nan,nan
94,156,250,0.37891229033470153,1866.1229187643528,nan,1866.5018310546875,nan,nan
94,157,251,0.40408437564969063,1870.3140552727878,nan,1870.7181396484375,nan,nan
95,124,219,0.46436430782079696,1647.9378573718668,nan,1648.4022216796875,nan,nan
95,125,220,0.5352841292321682,1656.5422305192053,nan,1657.0775146484375,nan,nan
95,126,221,0.6450151357054711,1666.459843262732,nan,1667.1048583984375,nan,nan
95,127,222,0.501399449557066,1673.930729456693,nan,1674.43212890625,nan,nan
95,128,223,0.27424804743379355,1682.9081249994413,nan,1683.182373046875,nan,nan
95,129,224,0.2660360125824809,1690.12568762023,nan,1690.3917236328125,nan,nan
95,130,225,0.3528297343850136,1698.63423081249,nan,1698.987060546875,nan,nan
95,131,226,0.6372901886701584,1706.1550682097673,nan,1706.7923583984375,nan,nan
95,132,227,0.709814113676548,1715.2428226050733,nan,1715.95263671875,nan,nan
95,133,228,0.7472663161158561,1722.7926506760716,nan,1723.5399169921875,nan,nan
95,135,230,0.5757121719419956,1739.051729234308,nan,1739.62744140625,nan,nan
95,136,231,0.46775461092591286,1747.6310002718865,nan,1748.0987548828125,nan,nan
95,137,232,0.2708444454520941,1754.798247351423,nan,1755.069091796875,nan,nan
95,138,233,0.17341935485601426,1763.0320249810816,nan,1763.2054443359375,nan,nan
95,139,234,-0.06696973671438172,1769.9446552835893,nan,1769.877685546875,nan,nan
95,141,236,-0.37497067004442214,1784.4402782872319,nan,1784.0653076171875,nan,nan
95,142,237,-0.32864504426717756,1791.8841870364547,nan,1791.5555419921875,nan,nan
95,151,246,-0.225677001029253,1846.3599543447792,nan,1846.13427734375,nan,nan
95,152,247,-0.02757712493184954,1852.1422011483694,nan,1852.1146240234375,nan,nan
95,153,248,-0.0059524708497337995,1856.8588577442872,nan,1856.8529052734375,nan,nan
95,154,249,0.17997533351182937,1862.3682424399258,nan,1862.5482177734375,nan,nan
95,155,250,0.22937920583412053,1866.8011383722908,nan,1867.030517578125,nan,nan
95,156,251,0.3954146446287632,1872.2514359413087,nan,1872.6468505859375,nan,nan
95,157,252,0.45304861530661583,1876.8620148612558,nan,1877.3150634765625,nan,nan
96,132,228,0.6933364793658257,1717.5182113721967,nan,1718.2115478515625,nan,nan
96,133,229,0.7132145914435387,1725.1766779866814,nan,1725.889892578125,nan,nan
96,134,230,0.6382502818107605,1734.5049381947517,nan,1735.1431884765625,nan,nan
96,135,231,0.5511175307631493,1741.9453424301744,nan,1742.4964599609375,nan,nan
96,136,232,0.4565177567303181,1750.9532722823321,nan,1751.4097900390625,nan,nan
96,139,235,0.038874233425594866,1773.709782993137,nan,1773.7486572265625,nan,nan
96,156,252,0.511015342026949,1879.8997512595356,nan,1880.4107666015625,nan,nan
96,157,253,0.6033022065460681,1884.421844277829,nan,1885.025146484375,nan,nan
96,158,254,0.730859414935112,1890.3205321866274,nan,1891.0513916015625,nan,nan
97,132,229,0.7430857494473457,1717.2405568286777,nan,1717.983642578125,nan,nan
97,133,230,0.7206576976180077,1725.3632046070695,nan,1726.0838623046875,nan,nan
97,134,231,0.6177746076881886,1734.8204578141867,nan,1735.438232421875,nan,nan
97,135,232,0.5196460279822349,1742.6958080735803,nan,1743.2154541015625,nan,nan
97,136,233,0.4231646344065666,1751.7946088030935,nan,1752.2177734375,nan,nan
97,137,234,0.2719782952964306,1759.4061222906412,nan,1759.6781005859375,nan,nan
97,138,235,0.19292107429355382,1768.141429511644,nan,1768.3343505859375,nan,nan
97,139,236,0.01889298210851848,1775.466824791329,nan,1775.4857177734375,nan,nan
97,140,237,-0.009571463275933638,1783.813526541401,nan,1783.803955078125,nan,nan
97,141,238,-0.21563335608690978,1790.8659019107745,nan,1790.6502685546875,nan,nan
97,142,239,-0.17461122334003448,1798.8112079030275,nan,1798.6365966796875,nan,nan
97,143,240,-0.39693155348300935,1805.5818680769205,nan,1805.1849365234375,nan,nan
97,144,241,-0.27865608684718607,1813.1258240555971,nan,1812.84716796875,nan,nan
97,145,242,-0.49384430795907974,1819.597359932959,nan,1819.103515625,nan,nan
97,155,252,0.21481280874460937,1879.6327213709428,nan,1879.8475341796875,nan,nan
97,156,253,0.4882835066318512,1885.2134987199306,nan,1885.7017822265625,nan,nan
97,157,254,0.6367300999164581,1890.1183968532087,nan,1890.755126953125,nan,nan
97,158,255,0.8351166337728501,1895.908291569352,nan,1896.743408203125,nan,nan
98,135,233,0.5083660370111466,1744.7361407989263,nan,1745.2445068359375,nan,nan
98,136,234,0.4329161405563354,1754.2338319063188,nan,1754.666748046875,nan,nan
98,137,235,0.3240922727435827,1761.8690229616313,nan,1762.193115234375,nan,nan
98,138,236,0.2978218699246645,1770.9735404347628,nan,1771.2713623046875,nan,nan
98,140,238,0.18560486499220133,1787.0333892756328,nan,1787.218994140625,nan,nan
98,141,239,0.023165716486983002,1794.0841340882005,nan,1794.1072998046875,nan,nan
98,143,241,-0.09645624197553843,1809.1953331951006,nan,1809.098876953125,nan,nan
98,145,243,-0.18395288452506064,1823.6494069860876,nan,1823.4654541015625,nan,nan
98,157,255,0.7585753831267357,1896.8525086012482,nan,1897.611083984375,nan,nan
98,158,256,1.016449294090271,1903.0259091043472,nan,1904.0423583984375,nan,nan
98,159,257,1.1040856078267098,1907.6686194702984,nan,1908.772705078125,nan,nan
99,137,236,0.34228707268834113,1762.2177715210616,nan,1762.56005859375,nan,nan
99,138,237,0.3227321373671293,1771.3936985266953,nan,1771.7164306640625,nan,nan
99,139,238,0.22038850996643305,1779.1073702790961,nan,1779.3277587890625,nan,nan
99,140,239,0.21235572151839732,1787.9236306066066,nan,1788.135986328125,nan,nan
99,141,240,0.07675140437902883,1795.3565982049959,nan,1795.433349609375,nan,nan
99,142,241,0.12107894485117868,1803.7795558207738,nan,1803.900634765625,nan,nan
99,143,242,-0.0560582614201121,1810.946927402045,nan,1810.890869140625,nan,nan
99,144,243,0.030184892481192948,1818.9949615918938,nan,1819.025146484375,nan,nan
99,145,244,-0.19727299740538,1825.910773973968,nan,1825.7135009765625,nan,nan
99,146,245,-0.08448052220977843,1833.6042559128348,nan,1833.519775390625,nan,nan
99,149,248,-0.5579031656682492,1854.0596121500432,nan,1853.501708984375,nan,nan
99,150,249,-0.45715394720435143,1861.129151017517,nan,1860.6719970703125,nan,nan
99,151,250,-0.6704725730419159,1867.1608290183544,nan,1866.4903564453125,nan,nan
99,157,256,0.7443864771723747,1901.7307111790776,nan,1902.47509765625,nan,nan
99,158,257,1.0701792421936989,1907.8082387265563,nan,1908.87841796875,nan,nan
99,159,258,1.1587069749832153,1912.8809658765792,nan,1914.0396728515625,nan,nan
100,137,237,0.38778323501348494,1763.842319304049,nan,1764.2301025390625,nan,nan
100,138,238,0.3909385760873556,1773.3975135723501,nan,1773.7884521484375,nan,nan
100,139,239,0.3167629081010819,1781.1379490059614,nan,1781.4547119140625,nan,nan
100,140,240,0.33172199182212353,1790.3362467581778,nan,1790.66796875,nan,nan
100,141,241,0.22410273106768727,1797.7851746126823,nan,1798.00927734375,nan,nan
100,142,242,0.2841970079392195,1806.6004465467483,nan,1806.8846435546875,nan,nan
100,143,243,0.16488191631622612,1813.7430770680587,nan,1813.907958984375,nan,nan
100,144,244,0.28653178311884403,1822.1656166543812,nan,1822.4521484375,nan,nan
100,145,245,0.12854553401470184,1829.0360052472354,nan,1829.16455078125,nan,nan
100,147,247,-0.04052354740910232,1843.830562609909,nan,1843.7900390625,nan,nan
100,158,258,1.2098217624425889,1914.099626479745,nan,1915.3094482421875,nan,nan
100,159,259,1.3061469936370849,1919.1225639438628,nan,1920.4287109375,nan,nan
101,144,245,0.26641352284699676,1823.1248218287155,nan,1823.3912353515625,nan,nan
101,145,246,0.12719807332847266,1830.3723136454216,nan,1830.49951171875,nan,nan
101,146,247,0.1509997083712369,1838.6048596666287,nan,1838.755859375,nan,nan
101,147,248,-0.14368720986880362,1845.7048444364314,nan,1845.5611572265625,nan,nan
101,152,253,-0.6157538510859013,1881.7223212338984,nan,1881.1065673828125,nan,nan
101,153,254,-0.6865508675575256,1887.7234161019326,nan,1887.036865234375,nan,nan
101,158,259,1.2058838880062104,1918.0814696276188,nan,1919.287353515625,nan,nan
101,159,260,1.305491607785225,1923.5201919859649,nan,1924.82568359375,nan,nan
102,144,246,0.3992828783392906,1825.5229583325981,nan,1825.9222412109375,nan,nan
102,145,247,0.2649073022603989,1832.7935643774272,nan,1833.0584716796875,nan,nan
102,146,248,0.30869825683534147,1841.401140610352,nan,1841.7098388671875,nan,nan
102,147,249,0.08411581471562385,1848.4499418024718,nan,1848.5340576171875,nan,nan
102,148,250,0.15237847807817162,1856.7079730844218,nan,1856.8603515625,nan,nan
102,149,251,-0.19720168858766557,1863.5748872354627,nan,1863.377685546875,nan,nan
102,156,258,0.6179212367534638,1911.205931302309,nan,1911.8238525390625,nan,nan
102,158,260,1.3349878865480422,1923.515353910327,nan,1924.850341796875,nan,nan
102,159,261,1.4388827115297318,1928.9168301790953,nan,1930.355712890625,nan,nan
103,146,249,0.21408761080354452,1841.975731725134,nan,1842.1898193359375,nan,nan
103,147,250,-0.07375808703945949,1849.470852813602,nan,1849.3970947265625,nan,nan
103,148,251,-0.07056436855113134,1857.8259354623012,nan,1857.75537109375,nan,nan
103,149,252,-0.41345379434525964,1865.0731217630953,nan,1864.65966796875,nan,nan
103,154,257,-0.4684693084657192,1901.1796509490907,nan,1900.711181640625,nan,nan
103,155,258,-0.19249426772817968,1907.2099503224156,nan,1907.0174560546875,nan,nan
103,156,259,0.5500405299663543,1913.9947592747212,nan,1914.5447998046875,nan,nan
103,157,260,0.9020789077877999,1919.8390099593996,nan,1920.7410888671875,nan,nan
103,158,261,1.2844419872760773,1926.6819886767864,nan,1927.9664306640625,nan,nan
103,159,262,1.3881891244649887,1932.4915716177225,nan,1933.8797607421875,nan,nan
104,148,252,0.05257223212625831,1860.1727695647487,nan,1860.225341796875,nan,nan
104,149,253,-0.2505780131369829,1867.3942547709494,nan,1867.1436767578125,nan,nan
104,150,254,-0.2073800116404891,1875.7684151678905,nan,1875.56103515625,nan,nan
104,151,255,-0.6339172622561455,1882.808233668506,nan,1882.17431640625,nan,nan
104,155,259,-0.10214970511384308,1911.0136487285513,nan,1910.9114990234375,nan,nan
104,156,260,0.6385258170962334,1918.2032710579037,nan,1918.841796875,nan,nan
104,158,262,1.415323365330696,1931.2390955799817,nan,1932.6544189453125,nan,nan
104,159,263,1.5286185485124588,1937.018134381175,nan,1938.5467529296875,nan,nan
105,148,253,-0.2050575428735465,1860.4404091053736,nan,1860.2353515625,nan,nan
105,149,254,-0.5169731326401233,1868.0427299685775,nan,1867.5257568359375,nan,nan
105,150,255,-0.549530663639307,1876.521576562077,nan,1875.9720458984375,nan,nan
105,151,256,-0.8972526243329049,1883.8585563352704,nan,1882.9613037109375,nan,nan
105,155,260,-0.2791593622043729,1913.0386808465794,nan,1912.759521484375,nan,nan
105,156,261,0.4931692868471146,1920.2036080569028,nan,1920.69677734375,nan,nan
105,157,262,0.8494520390033722,1926.4216661250591,nan,1927.2711181640625,nan,nan
105,158,263,1.3457550007104873,1933.557687382102,nan,1934.9034423828125,nan,nan
105,159,264,1.5028867894411087,1939.6898622339963,nan,1941.1927490234375,nan,nan
106,150,256,-0.423037736043334,1878.3720123454184,nan,1877.948974609375,nan,nan
106,151,257,-0.7710483592748641,1885.7223423045873,nan,1884.9512939453125,nan,nan
106,152,258,-0.5898118153214454,1894.0393967762589,nan,1893.4495849609375,nan,nan
106,153,259,-0.7553585642576217,1901.0822628611327,nan,1900.326904296875,nan,nan
106,157,263,0.9991519179940224,1929.684930113256,nan,1930.68408203125,nan,nan
106,158,264,1.52029891371727,1937.1930799925328,nan,1938.71337890625,nan,nan
106,159,265,1.7362486273050308,1943.253497466445,nan,1944.98974609375,nan,nan
106,160,266,2.013545044064522,1950.6934862059354,nan,1952.70703125,nan,nan
107,150,257,-0.7507277530431747,1878.2327834171056,nan,1877.4820556640625,nan,nan
107,151,258,-0.9155951490998269,1885.7619086256623,nan,1884.8463134765625,nan,nan
107,152,259,-0.7233886247873307,1894.1340331560373,nan,1893.41064453125,nan,nan
107,153,260,-0.767421395778656,1901.6613422942162,nan,1900.8939208984375,nan,nan
107,156,263,0.5751106758415699,1924.5247428397834,nan,1925.099853515625,nan,nan
107,157,264,0.8366438814997673,1931.2124283841251,nan,1932.049072265625,nan,nan
107,158,265,1.4670695477724076,1938.6213093584777,nan,1940.08837890625,nan,nan
107,159,266,1.7331691360473633,1945.0185398483277,nan,1946.751708984375,nan,nan
107,160,267,2.143267713189125,1952.3297547477484,nan,1954.4730224609375,nan,nan
108,152,260,-0.29268864810466766,1895.461267749667,nan,1895.1685791015625,nan,nan
108,153,261,-0.306942104510963,1902.9728356591984,nan,1902.6658935546875,nan,nan
108,154,262,0.1963108524400741,1911.48191180381,nan,1911.67822265625,nan,nan
108,155,263,0.3607909192889929,1918.5487549791485,nan,1918.9095458984375,nan,nan
108,159,267,2.0243154406547545,1947.6474374890327,nan,1949.6717529296875,nan,nan
108,160,268,2.4522466695308687,1955.330712314844,nan,1957.782958984375,nan,nan
108,161,269,2.652226067781448,1961.4870561587811,nan,1964.1392822265625,nan,nan
108,162,270,2.931592494249344,1968.9940666854382,nan,1971.9256591796875,nan,nan
109,152,261,-0.2729606266692281,1894.7635612126066,nan,1894.4906005859375,nan,nan
109,153,262,-0.141808315445669,1902.4897087060706,nan,1902.347900390625,nan,nan
109,154,263,0.33393394589424136,1911.0563248431683,nan,1911.3902587890625,nan,nan
109,155,264,0.4796969297528267,1918.507851898372,nan,1918.987548828125,nan,nan
109,156,265,0.9922354725003243,1926.7445809337496,nan,1927.73681640625,nan,nan
109,158,267,1.8062091952562331,1941.6972087734937,nan,1943.50341796875,nan,nan
109,159,268,2.056013723015785,1948.4846356910466,nan,1950.5406494140625,nan,nan
109,160,269,2.5446169435977937,1956.1213986814023,nan,1958.666015625,nan,nan
109,161,270,2.7289081966876982,1962.6763652408124,nan,1965.4052734375,nan,nan
109,162,271,2.9396276450157166,1970.2589807534218,nan,1973.1986083984375,nan,nan
110,154,264,0.7681290608644485,1911.8781111735107,nan,1912.646240234375,nan,nan
110,155,265,0.9062567484378815,1919.353264735937,nan,1920.259521484375,nan,nan
110,156,266,1.384763171672821,1927.9930444455147,nan,1929.3778076171875,nan,nan
110,157,267,1.620268617272377,1935.0928661483526,nan,1936.713134765625,nan,nan
110,158,268,2.1182001209259034,1943.4131719493867,nan,1945.5313720703125,nan,nan
110,161,271,2.893221307992935,1964.927091192007,nan,1967.8203125,nan,nan
110,162,272,3.0447635090351106,1972.9568234050273,nan,1976.0015869140625,nan,nan
111,155,266,0.9342531377077102,1918.5051999872924,nan,1919.439453125,nan,nan
111,156,267,1.486445231437683,1927.1033985185622,nan,1928.58984375,nan,nan
111,157,268,1.7186536663770675,1934.5674791461229,nan,1936.2861328125,nan,nan
111,158,269,2.1652778393030165,1942.9671684497596,nan,1945.1324462890625,nan,nan
111,159,270,2.3837460899353027,1950.1589785194396,nan,1952.542724609375,nan,nan
111,160,271,2.740394111871719,1958.3316273725034,nan,1961.072021484375,nan,nan
111,161,272,2.894423413276672,1965.2908793210984,nan,1968.185302734375,nan,nan
111,162,273,3.043287444114685,1973.3392809152604,nan,1976.382568359375,nan,nan
112,157,269,1.9656241327524184,1935.07844325006,nan,1937.0440673828125,nan,nan
112,158,270,2.269256740808487,1943.9861143529415,nan,1946.25537109375,nan,nan
112,159,271,2.4954110479354856,1951.1862295770645,nan,1953.681640625,nan,nan
112,160,272,2.803474510908127,1959.777580176592,nan,1962.5810546875,nan,nan
112,161,273,2.9653426146507265,1966.7390030884742,nan,1969.704345703125,nan,nan
112,162,274,3.091526781320572,1975.1891128671168,nan,1978.2806396484375,nan,nan
