Z,N,A,dataset_split,participates_in_loss,train_uncertainty,pred_residual,pred_binding_energy,actual_binding_energy,theory_binding_energy,actual_residual,pred_minus_actual_residual
8,8,16,train,True,3.2e-06,-0.05850509712705389,127.30730728218565,127.61931610107422,127.2488021850586,-0.37051519751548767,0.3120101003884338
8,9,17,train,True,3.4e-06,0.4669014889001846,131.5020926517248,131.76239013671875,131.968994140625,0.20660530030727386,0.26029618859291076
9,8,17,train,True,0.0002482,0.4106447108834982,127.95645123638212,128.21958923339844,128.36709594726562,0.14751720428466797,0.2631275065988302
8,10,18,train,True,3.6e-06,0.7778873339295387,139.70300866216422,139.80776977539062,140.48089599609375,0.6731342077255249,0.10475312620401378
9,9,18,train,True,0.0004626,0.6506417459249496,137.6667563253641,137.36949157714844,138.31739807128906,0.9479106068611145,-0.2972688609361649
10,8,18,train,True,0.0003636,0.5509934212267399,132.0993056510389,132.14263916015625,132.65029907226562,0.5076614022254944,0.0433320190012455
8,11,19,train,True,0.0026372,0.6236388859152794,143.60745547443628,143.76341247558594,144.23109436035156,0.46769121289253235,0.15594767302274704
9,10,19,train,True,3.8e-06,0.7218917253613472,147.87721410959958,147.80136108398438,148.59910583496094,0.7977352142333984,-0.07584348887205128
10,9,19,train,True,0.0001596,0.6374996896088123,143.95080292269589,143.77952575683594,144.5883026123047,0.808781087398529,-0.17128139778971674
11,8,19,train,True,0.0105355,-0.09252228457480668,131.75042023379356,131.81983947753906,131.65789794921875,-0.16194160282611847,0.06941931825131178
8,12,20,train,True,0.000884,0.6574605947732926,151.2442422860861,151.3714141845703,151.90170288085938,0.5302860140800476,0.12717458069324494
9,11,20,train,True,3e-05,-0.06800785382743925,154.41351261456964,154.40269470214844,154.3455047607422,-0.05720200017094612,-0.010805853656493128
10,10,20,train,True,4e-06,-0.55606092274189,160.7839661961794,160.6448211669922,160.2279052734375,-0.41692399978637695,-0.13913692295551305
11,9,20,train,True,0.001108,-0.23317476857453584,145.95097872365267,145.97006225585938,145.71780395507812,-0.25225600600242615,0.019081237427890307
12,8,20,train,True,0.001862,-0.28167114906013013,134.40186463050543,134.5605010986328,134.1201934814453,-0.4403040111064911,0.15863286204636096
8,13,21,train,True,0.0119994,0.3919949561357498,155.05000638663768,155.17686462402344,155.44200134277344,0.26513129472732544,0.12686366140842437
9,12,21,train,True,0.0017997,0.5933714754879474,162.52932444736362,162.50416564941406,163.12269592285156,0.6185386180877686,-0.025167142599821113
10,11,21,train,True,3.78e-05,-0.6817944055795669,167.67129635870458,167.40599060058594,166.989501953125,-0.41648560762405396,-0.265308797955513
11,10,21,train,True,4.2e-05,-0.5257801285386086,163.1286854019761,163.07672119140625,162.6029052734375,-0.4738200902938843,-0.05196003824472428
12,9,21,train,True,0.0007539,-0.11173450981732458,149.5062352422392,149.20567321777344,149.39450073242188,0.1888342946767807,-0.3005688044941053
8,14,22,train,True,0.0569206,0.45036768168210983,161.96573949605227,162.02719116210938,162.41610717773438,0.3889116048812866,0.06145607680082321
9,13,22,train,True,0.0123992,0.2819317931681871,167.7897692566365,167.7344970703125,168.0717010498047,0.33720120787620544,-0.05526941470801833
10,12,22,train,True,1.76e-05,-0.23195649594068526,177.87364961117507,177.77024841308594,177.64169311523438,-0.1285431981086731,-0.10341329783201217
11,11,22,train,True,0.000132,0.013123781457543372,174.17068359158932,174.1445770263672,174.18380737304688,0.0392271988093853,-0.026103417351841927
12,10,22,train,True,0.0001584,-0.2973422186821699,168.63303557805716,168.58082580566406,168.335693359375,-0.24511900544166565,-0.052223213240504274
8,15,23,train,False,0.1217114,0.45710089087486266,164.31180474877357,164.76016235351562,164.76890563964844,0.008731200359761715,0.44836969051510095
9,14,23,train,True,0.0333201,0.20682933282107116,175.352267957218,175.31393432617188,175.55909729003906,0.2451719045639038,-0.03834257174283265
10,13,23,train,True,0.0001035,0.22487848322838544,182.90892583806067,182.97088623046875,183.13380432128906,0.16290970146656036,0.061968781761825076
11,12,23,train,True,4.6e-06,-0.6969682478904724,186.62296312093736,186.56434631347656,185.92599487304688,-0.6383528113365173,-0.05861543655395507
12,11,23,train,True,3.22e-05,-0.6134194606542587,181.81622402608394,181.725830078125,181.2028045654297,-0.523026704788208,-0.09039275586605067
13,10,23,train,True,0.000345,-0.29464923158288003,168.63784991517662,168.7217254638672,168.34320068359375,-0.3785324990749359,0.08388326749205588
8,16,24,train,False,0.1648752,0.8857036024332047,168.49399610459804,168.95245361328125,169.37969970703125,0.4272480010986328,0.45845560133457186
9,15,24,train,False,0.0976704,0.24885515376925468,178.91764875248074,179.12599182128906,179.16650390625,0.04050559923052788,0.2083495545387268
10,14,24,train,True,0.0005136,0.3029804135859013,191.76951409325002,191.8397979736328,192.07249450683594,0.23269520699977875,0.07028520658612253
11,13,24,train,True,1.68e-05,-0.4725791561603546,193.54447857022285,193.52371215820312,193.0718994140625,-0.4518167972564697,-0.020762358903884892
12,12,24,train,True,1.44e-05,-0.6574946008622646,198.18808847293258,198.25704956054688,197.5305938720703,-0.7264472246170044,0.06895262375473976
13,11,24,train,True,0.000228,-0.5160590100288391,183.5375586438179,183.58993530273438,183.02149963378906,-0.5684344172477722,0.05237540721893308
14,10,24,train,True,0.0194712,-0.483809315264225,171.90600474983455,172.0135955810547,171.4221954345703,-0.5913895964622498,0.10758028119802476
8,17,25,train,False,0.165085,0.9030563251674175,167.02504426077007,168.1951446533203,167.9281005859375,-0.2670449912548065,1.170101316422224
9,16,25,train,False,0.0964425,0.9098298940062522,183.47676678568124,183.4076690673828,184.3865966796875,0.9789375066757202,-0.06910761266946797
10,15,25,train,True,0.029045,0.18246870428381953,195.80273027032555,195.99497985839844,195.98519897460938,-0.0097850002348423,0.19225370451866183
11,14,25,train,True,0.0012,0.20920283095911146,202.71929448349402,202.53494262695312,202.92849731445312,0.3935525119304657,-0.18434968097135424
12,13,25,train,True,4.75e-05,-0.41176266349852086,205.70686764396726,205.5875701904297,205.29510498046875,-0.2924700081348419,-0.11929265536367895
13,12,25,train,True,6.5e-05,-0.3281767864897847,200.5606749554351,200.52841186523438,200.2324981689453,-0.29591500759124756,-0.03226177889853715
14,11,25,train,True,0.01,-0.1722194790560752,187.30222436186858,187.00277709960938,187.1300048828125,0.12722750008106232,-0.2994469791371375
8,18,26,train,False,0.1649492,0.7033113364875316,167.8031889076531,168.9344482421875,168.50650024414062,-0.4279539883136749,1.1312653248012066
9,17,26,train,False,0.1070264,0.9333543032407761,183.85454852879047,184.13848876953125,184.78790283203125,0.6494078040122986,0.2839464992284775
10,16,26,train,True,0.0184288,1.0829307401180268,201.59596330285072,201.5496826171875,202.67889404296875,1.1292140483856201,-0.046283308267593304
11,15,26,train,True,0.0035022,0.21550212640315294,208.12089313726872,208.10923767089844,208.33639526367188,0.22716620564460754,-0.0116640792414546
12,14,26,train,True,2.86e-05,0.14594578101299704,216.69925380394795,216.68064880371094,216.84519958496094,0.16455140709877014,-0.018605626085773097
13,13,26,train,True,6.76e-05,0.3336031155940145,212.17349222132006,211.89389038085938,212.50709533691406,0.6132022142410278,-0.2795990986470133
14,12,26,train,True,0.0001066,0.1662644207640551,205.98163902161875,206.04241943359375,206.1479034423828,0.10548420250415802,0.06078021825989707
9,18,27,train,False,0.1201986,0.7871103298664093,185.81509303927422,185.75099182128906,186.60220336914062,0.8512126207351685,-0.06410229086875918
10,17,27,train,True,0.0907713,1.089292841553688,202.90390173852444,203.05120849609375,203.99319458007812,0.9419922828674316,0.14730055868625636
11,16,27,train,True,0.003726,0.8663596966862679,214.92734147518874,214.83755493164062,215.793701171875,0.956139087677002,-0.08977939099073406
12,15,27,train,True,4.86e-05,0.008688903846777975,222.88530828853604,223.1240234375,222.8939971923828,-0.2300174981355667,0.2387064019823447
13,14,27,train,True,4.86e-05,-0.22975520349107684,225.14516047692857,224.95193481445312,224.9154052734375,-0.03653910011053085,-0.19321610338054598
14,13,27,train,True,0.000108,-0.1717197148408741,219.69491307421586,219.35723876953125,219.523193359375,0.1659660041332245,-0.3376857189740986
15,12,27,train,True,0.0090018,-0.164690116699785,206.3809834516607,206.8494110107422,206.21629333496094,-0.6331138014793396,0.4684236847795546
9,19,28,train,False,0.1203468,-0.11070763123687356,186.1823018695181,185.55198669433594,186.07159423828125,0.5196123719215393,-0.6303200031584129
10,18,28,train,False,0.1260672,1.0162585261464119,206.7274395939708,206.8737030029297,207.7436981201172,0.8700035810470581,0.14625494509935377
11,17,28,train,True,0.0102452,0.587133516073227,218.25956143021583,218.37940979003906,218.84669494628906,0.4672968089580536,0.11983670711517336
12,16,28,train,True,0.0002604,0.423290868550539,231.53381667539477,231.62869262695312,231.9571075439453,0.328413188457489,0.09487768009304998
13,15,28,train,True,5.04e-05,-0.15870589935686438,232.65330428802875,232.67710876464844,232.49459838867188,-0.18251320719718933,0.02380730784032495
14,14,28,train,True,5.6e-06,-0.15666370416525752,236.46525745416525,236.53684997558594,236.30859375,-0.22824600338935852,0.071582299224101
15,13,28,train,True,0.001148,-0.2205028073489666,221.39990039035678,221.40956115722656,221.1793975830078,-0.23015759885311127,0.009654791504144666
16,12,28,train,False,0.1600004,-0.2012068324489519,209.23880448869895,209.40614318847656,209.03759765625,-0.3685508072376251,0.16734397478867322
9,20,29,train,False,0.525364,-0.4767366895079613,187.54903283208608,186.8769073486328,187.07229614257812,0.19538940489292145,-0.6721260944008827
10,19,29,train,False,0.1495037,-0.054226466929540036,207.77622658899986,207.84495544433594,207.7220001220703,-0.1229517012834549,0.06872523435391487
11,18,29,train,True,0.007337,0.9320969551801681,222.6779036551714,222.78240966796875,223.61000061035156,0.8275861740112305,0.10451078116893764
12,17,29,train,True,0.0003451,0.5523340505361557,235.18567254126071,235.29241943359375,235.73800659179688,0.44558069109916687,0.10675335943698883
13,16,29,train,True,0.0003451,0.2283015789091587,242.24179119452833,242.10546875,242.4700927734375,0.36462369561195374,-0.13632211670279504
14,15,29,train,True,5.8e-06,-0.4334148346632719,244.79011954657733,245.0104522705078,244.35670471191406,-0.6537469029426575,0.22033206827938556
15,14,29,train,True,0.0003596,-0.2918651066161692,238.9102580509521,239.28587341308594,238.61839294433594,-0.6674671769142151,0.3756020702980459
16,13,29,train,True,0.0130413,0.036204643649980425,224.9361006542016,224.6450958251953,224.97230529785156,0.3272046148777008,-0.29099997122772037
10,20,30,train,False,0.253251,-0.5404278513044118,211.26122252903878,211.03594970703125,210.72079467773438,-0.31515100598335266,-0.22527684532105918
11,19,30,train,True,0.004728,0.06118988727219403,225.12011504436842,225.05905151367188,225.18130493164062,0.12224499881267548,-0.061055111540481447
12,18,30,train,True,0.001296,0.7080925109982491,241.54170912474393,241.63275146484375,242.2498016357422,0.6170499920845032,0.09104251891374593
13,17,30,train,True,0.001935,-0.030575143247842787,247.84447895184158,247.83314514160156,247.81390380859375,-0.01924699917435646,-0.011328144073486326
14,16,30,train,True,2.4e-05,0.2282263301871717,255.63546690711752,255.61964416503906,255.8636932373047,0.24405300617218018,-0.015826675985008476
15,15,30,train,True,6.6e-05,0.22205083709210158,250.42954523224384,250.60519409179688,250.65159606933594,0.04640800133347511,0.17564283575862646
16,14,30,train,True,0.000207,0.4491706471145153,243.64743274644016,243.68124389648438,244.0966033935547,0.41535699367523193,0.033813653439283387
17,13,30,train,True,0.023877,-0.6163018253445626,224.21729975014924,224.16510009765625,223.6009979248047,-0.5640940070152283,-0.0522078183293343
10,21,31,train,False,0.2661939,-0.9149499383568763,211.3414483514428,211.20579528808594,210.42649841308594,-0.7792962193489075,-0.13565371900796885
11,20,31,train,True,0.0139717,-0.5631332236528397,229.53823087990284,229.3590087890625,228.97509765625,-0.38391178846359253,-0.17922143518924716
12,19,31,train,True,0.0030752,0.6142785966396331,243.94262142777444,243.94483947753906,244.55690002441406,0.612053394317627,0.002225202322006181
13,18,31,train,True,0.0022351,0.265701852068305,254.96299687840045,254.99105834960938,255.22869873046875,0.23764200508594513,0.02805984698235986
14,17,31,train,True,4.34e-05,-0.319032846391201,262.2466451510787,262.20703125,261.9276123046875,-0.2794395983219147,-0.039593248069286324
15,16,31,train,True,6.2e-06,-0.3038560096733272,262.9705430213921,262.91619873046875,262.66668701171875,-0.24949869513511658,-0.05435731453821063
16,15,31,train,True,0.0002294,-0.14370572263374926,256.79900967771187,256.73583984375,256.6553039550781,-0.08054029941558838,-0.06316542321816088
17,14,31,train,True,0.0034472,-0.350679666288197,243.92567661453037,243.9455108642578,243.5749969482422,-0.37051311135292053,0.01983344506472351
11,21,32,train,True,0.0372608,-0.917713869214058,231.11742090046405,231.0362091064453,230.19970703125,-0.8365079760551453,-0.08120589315891269
12,20,32,train,True,0.0032608,-0.1659724169713445,249.80497998533073,249.72291564941406,249.63900756835938,-0.08391519635915756,-0.08205722061218693
13,19,32,train,True,0.0071712,0.11334051193669438,259.18945489821954,259.2110290527344,259.30279541015625,0.0917631983757019,0.021577313560992475
14,18,32,train,True,0.0002976,-0.49468356534838676,271.49389010831715,271.4070129394531,270.99920654296875,-0.40780800580978394,-0.08687555953860282
15,17,32,train,True,4.16e-05,-0.7799601718783379,270.9454569980502,270.8518371582031,270.1654968261719,-0.6863495707511902,-0.0936106011271477
16,16,32,train,True,6.4e-06,0.506847718656063,271.90745892196895,271.7801513671875,272.414306640625,0.6341367959976196,-0.1272890773415566
17,15,32,train,True,0.0005632,-0.6144251829385757,258.33033704817296,258.3169860839844,257.7159118652344,-0.6010856032371521,-0.013339579701423632
18,14,32,train,True,0.0017696,-0.7869203227758408,246.46901871144772,246.40028381347656,245.68209838867188,-0.7181848287582397,-0.06873549401760104
11,22,33,train,False,0.4499121,-1.0365149635076523,234.03871222913264,233.96755981445312,233.002197265625,-0.9653645753860474,-0.0711503881216049
12,21,33,train,True,0.0026631,-0.8226864358782768,252.16928982943296,252.00245666503906,251.3466033935547,-0.6558606028556824,-0.16682583302259446
13,20,33,train,True,0.0069861,0.7024651217460632,264.6982306790352,264.68035888671875,265.40069580078125,0.7203323841094971,-0.017867262363433833
14,19,33,train,True,0.0006996,-0.09100248578004538,275.94720365765505,275.91497802734375,275.856201171875,-0.05876680091023445,-0.03223568486981093
15,18,33,train,True,0.001089,-0.8991445016860962,281.0136464548111,280.95562744140625,280.114501953125,-0.8411409258842468,-0.05800357580184934
16,17,33,train,True,6.6e-06,-0.024520386166404933,280.39021252483826,280.42181396484375,280.3656921386719,-0.05610319972038269,0.031582813553977754
17,16,33,train,True,0.0003894,0.12204889327753335,273.97093816726937,274.05694580078125,274.0929870605469,0.03606190159916878,0.08598699167836457
18,15,33,train,True,0.0003993,-0.8594719821214676,261.65387505829335,261.6555480957031,260.7944030761719,-0.8611447215080261,0.0016727393865585416
11,23,34,train,False,0.5994166,-0.989747428894043,234.42404308319092,234.13888549804688,233.43429565429688,-0.7045817971229553,-0.28516563177108767
12,22,34,train,True,0.0068918,-0.9715828952193261,256.65497828096153,256.71331787109375,255.6833953857422,-1.0299246311187744,0.058341735899448355
13,21,34,train,True,0.0021046,0.7627010387182236,267.15020179331304,267.2519226074219,267.91290283203125,0.6609796285629272,0.10172141015529634
14,20,34,train,True,0.0008024,0.24143820352852344,283.4248520796746,283.4636535644531,283.6662902832031,0.20265939831733704,0.0387788052111864
15,19,34,train,True,0.0008092,-0.9388817638158798,287.36747063100336,287.2383117675781,286.4285888671875,-0.8097103834152222,-0.12917138040065768
16,18,34,train,True,4.42e-05,-0.07261480022687465,291.8544141166331,291.8389587402344,291.78179931640625,-0.0571524016559124,-0.015462398570962252
17,17,34,train,True,4.76e-05,0.07841204567812383,285.53929425315,285.56500244140625,285.6177062988281,0.05269959941506386,0.025712446263059976
18,16,34,train,True,7.82e-05,0.06360430761240422,278.6603031630907,278.7208557128906,278.7239074707031,0.003038400085642934,0.06056590752676129
12,23,35,train,False,0.269668,-0.8979113228619099,257.7076037056744,257.4681701660156,256.8096923828125,-0.6584830284118652,-0.23942829445004465
13,22,35,train,True,0.0073605,0.08595281836111099,272.45796197656074,272.5493469238281,272.5439147949219,-0.005450500175356865,0.09140331853646785
14,21,35,train,True,0.0358575,0.6918558210134507,285.9240499407053,285.93475341796875,286.61590576171875,0.6811460256576538,0.010709795355796858
15,20,35,train,True,0.0018655,-0.8442905452847481,295.81108742028476,295.6187438964844,294.966796875,-0.6519359946250916,-0.19235455065965656
16,19,35,train,True,4.2e-05,-0.1522767080925405,298.8864686026238,298.8247985839844,298.73419189453125,-0.09058850258588791,-0.061688205506652605
17,18,35,train,True,3.5e-05,-0.39192557871341704,298.2146184498072,298.20977783203125,297.82269287109375,-0.38706499338150024,-0.0048605853319168
18,17,35,train,True,0.000679,-0.17794015999883414,291.41313913460823,291.461181640625,291.2351989746094,-0.22597350180149078,0.04803334180265664
19,16,35,train,True,0.000511,-0.41510052025318145,278.9270939284563,278.804443359375,278.5119934082031,-0.292431503534317,-0.12266901671886443
12,24,36,train,False,0.6902388,-0.6830758774280548,261.0931710922718,260.79913330078125,260.41009521484375,-0.3890272080898285,-0.29404866933822627
13,23,36,train,False,0.1495044,-0.2431209659576416,275.2639339542389,274.4465637207031,275.02081298828125,0.5742455720901489,-0.8173665380477906
14,22,36,train,True,0.0717984,0.3274301566556096,292.0419546089694,292.05072021484375,292.369384765625,0.31868359446525574,0.008746562190353857
15,21,36,train,True,0.0131148,0.18628904500976204,299.0547082694434,299.0832824707031,299.2409973144531,0.1577087938785553,0.02858025113120674
16,20,36,train,True,0.0001872,-0.019429666612995788,308.6722311802849,308.71405029296875,308.6528015136719,-0.061239998787641525,0.041810332174645734
17,19,36,train,True,3.6e-05,-0.7732634916901588,306.88324884325266,306.78955078125,306.1099853515625,-0.6795591711997986,-0.09370432049036026
18,18,36,train,True,2.88e-05,0.1542636154498905,306.6979397536907,306.71673583984375,306.8522033691406,0.13545440137386322,0.018809214076027286
19,17,36,train,True,0.000324,-0.7530543759465218,293.19034075289966,293.1200256347656,292.4372863769531,-0.6827387809753418,-0.07031559497118
20,16,36,train,True,0.0399996,-0.3985201370716095,281.37831750035286,281.3716735839844,280.97979736328125,-0.3918763995170593,-0.0066437375545501665
12,25,37,train,False,0.6989485,-0.3372690117172897,261.0661813652329,261.03912353515625,260.7289123535156,-0.3102254867553711,-0.027043524961918586
13,24,37,train,False,0.1802455,-0.38217934319749475,279.6071854467131,278.65869140625,279.2250061035156,0.5663080215454102,-0.9484873647429048
14,23,37,train,False,0.1138083,0.12975952026434243,294.99493530395443,294.2574157714844,295.12469482421875,0.8672779202461243,-0.7375183999817818
15,22,37,train,True,0.0379472,0.15066292929463088,305.45575186562724,305.8995666503906,305.6064147949219,-0.29317569732666016,0.44383862662129103
16,21,37,train,True,0.0001998,0.288821289986372,313.14486401274803,313.01763916015625,313.4336853027344,0.41605690121650696,-0.12723561123013494
17,20,37,train,True,5.18e-05,-0.49667839869856834,317.2643785940111,317.1004333496094,316.7677001953125,-0.33271920680999756,-0.16395919188857078
18,19,37,train,True,0.0002072,0.2990401589125395,315.45767370827497,315.50421142578125,315.7567138671875,0.2524977922439575,0.04654236666858197
19,18,37,train,True,9.25e-05,0.3504213614761829,308.51539284750817,308.5743713378906,308.8658142089844,0.2914240062236786,0.058997355252504324
20,17,37,train,True,0.0006327,-0.47156033411622045,296.1715725411475,296.1278991699219,295.70001220703125,-0.4278979003429413,-0.04366243377327916
14,24,38,train,False,0.1047926,-0.012070202957838774,300.58567860139533,299.9275207519531,300.5736083984375,0.6460713744163513,-0.6581415773741901
15,23,38,train,True,0.07258,0.06586229111300781,309.5911506483401,309.596435546875,309.6570129394531,0.06055380031466484,0.005308490798342974
16,22,38,train,True,0.0071706,0.23360213175415992,320.94559708699586,321.0537414550781,321.17919921875,0.12544980645179749,0.10815232530236243
17,21,38,train,True,9.88e-05,-0.3080775313079357,323.2182642988861,323.20831298828125,322.9101867675781,-0.2981046140193939,-0.009972917288541772
18,20,38,train,True,0.0001938,0.42320391789078715,327.32789471492174,327.3426513671875,327.7510986328125,0.4084334075450897,0.01477051034569743
19,19,38,train,True,0.0001938,0.31714933305978776,320.74745637983085,320.646240234375,321.0646057128906,0.4183466136455536,-0.10119728058576583
20,18,38,train,True,0.0001938,0.4445158576965332,313.1203950309753,313.12164306640625,313.5649108886719,0.4432508051395416,0.0012650525569915527
14,25,39,train,False,0.1355328,0.22598145951516926,302.46582151900043,301.5081787109375,302.6918029785156,1.1836073398590088,-0.9576258803438396
15,24,39,train,False,0.1126437,-0.0020272994483821094,315.7732370162453,315.8208312988281,315.7712097167969,-0.049633901566267014,0.0476066021178849
16,23,39,train,True,0.0500019,0.17603408452123404,325.52416122797877,325.426513671875,325.7001953125,0.273677796125412,-0.09764371160417795
17,22,39,train,True,0.0017316,0.2070738237351179,331.20512710399925,331.28173828125,331.4122009277344,0.13047519326210022,0.07659863047301768
18,21,39,train,True,0.0049998,0.5471307377517224,333.9226568599045,333.94134521484375,334.46978759765625,0.5284467935562134,0.018683944195509006
19,20,39,train,True,1.17e-05,0.2608153109252453,333.6024964566529,333.7239990234375,333.8633117675781,0.13929380476474762,0.12152150616049767
20,19,39,train,True,0.0005967,0.43569762632250786,326.30560486391187,326.41717529296875,326.7413024902344,0.32412710785865784,0.11157051846385002
21,18,39,train,True,0.0240006,0.23100027855485677,312.4572931784764,312.52484130859375,312.68829345703125,0.1634574979543686,0.06754278060048818
14,26,40,train,False,0.121992,0.537013263553381,306.5835922051966,306.2330017089844,307.12060546875,0.887611985206604,-0.35059872165322303
15,25,40,train,True,0.083608,0.010672873654402792,319.24012058337684,319.2567138671875,319.25079345703125,-0.0059079998172819614,0.016580873471684753
16,24,40,train,True,0.003984,0.04451692077331245,333.16397917297667,333.17303466796875,333.20849609375,0.03548000007867813,0.00903692069463432
17,23,40,train,True,0.032064,-0.05340400520944968,337.12209907356885,337.1106262207031,337.0686950683594,-0.04193999990820885,-0.01146400530124083
18,22,40,train,True,8e-06,0.5261629717051983,343.79424108102916,343.81036376953125,344.3204040527344,0.5100240111351013,0.016138960570097005
19,21,40,train,True,5.6e-05,0.21523541811853647,341.46787005063146,341.52362060546875,341.68310546875,0.1594720035791397,0.05576341453939676
20,20,40,train,True,2.4e-05,0.6430608657002449,341.959539231956,342.05218505859375,342.60260009765625,0.5504159927368164,0.09264487296342849
21,19,40,train,True,0.002828,0.260001954138279,326.81128710836174,326.94677734375,327.0712890625,0.12451200187206268,0.1354899522662163
22,18,40,train,True,0.068244,0.17769501983188093,314.5495999020431,314.634521484375,314.727294921875,0.0927719995379448,0.08492302029393614
15,26,41,train,False,0.1201628,0.37958669307641685,323.9970002209861,324.1686096191406,324.3765869140625,0.2079966962337494,0.17158999684266746
16,25,41,train,True,0.0041,-0.29343372203409673,337.48514514781533,337.4150695800781,337.19171142578125,-0.22336779534816742,-0.07006592668592931
17,24,41,train,True,0.0687242,0.12018851589411497,344.98341866184023,344.93133544921875,345.1036071777344,0.17226870357990265,-0.05208018768578768
18,23,41,train,True,0.0003485,0.5176624594628811,349.8546519936621,349.9093017578125,350.372314453125,0.46299469470977783,0.05466776475310331
19,22,41,train,True,1.23e-05,0.5136735785007477,351.64233228087426,351.6189880371094,352.156005859375,0.5370029211044312,-0.023329342603683467
20,21,41,train,True,0.0001394,0.6173225337266922,350.14027634322645,350.4150085449219,350.7575988769531,0.3425925076007843,0.2747300261259079
21,20,41,train,True,7.79e-05,0.5699422945082188,342.89584750041365,343.1371154785156,343.4657897949219,0.32868608832359314,0.24125620618462562
22,19,41,train,True,0.0279456,0.3616536645591259,329.3662516088784,329.4099426269531,329.7279052734375,0.3179551064968109,0.043698558062314985
15,27,42,train,True,0.0950082,0.7659250903129577,326.1683705639839,326.1683044433594,326.9342956542969,0.7659875750541687,-6.248474121095526e-05
16,26,42,train,True,0.002793,-0.42265911981463433,344.12886639520525,344.1155700683594,343.7062072753906,-0.4093550145626068,-0.01330410525202752
17,25,42,train,True,0.0596148,-0.24228459812700748,350.5487726352364,350.5272216796875,350.3064880371094,-0.220728799700737,-0.021555798426270478
18,24,42,train,True,0.005775,0.3740868453681469,359.2452063675225,359.3357849121094,359.6192932128906,0.2835077941417694,0.0905790512263775
19,23,42,train,True,0.000105,0.29485654935240746,359.1172528256476,359.1528015136719,359.412109375,0.2593018114566803,0.03555473789572716
20,22,42,train,True,0.000147,0.6777106040716171,361.7965020424128,361.8957214355469,362.4742126464844,0.5784868001937866,0.09922380387783047
21,21,42,train,True,0.0001554,0.5166653923690319,354.8592196173966,354.68707275390625,355.3758850097656,0.688827395439148,-0.1721620030701161
22,20,42,train,True,0.0002688,0.5797826151549816,346.8943079610169,346.8880920410156,347.4740905761719,0.5860199928283691,-0.006237377673387501
16,27,43,train,True,0.0049708,-0.10454253224655986,346.7736404326372,346.7445983886719,346.6690979003906,-0.07548680156469345,-0.029055730681866412
17,26,43,train,True,0.0618598,-0.4798343689739704,357.88803749397397,357.9263000488281,357.408203125,-0.5180895924568176,0.03825522348284721
18,25,43,train,True,0.0053105,0.3285216824710369,364.9189758761227,364.9942321777344,365.24749755859375,0.2532573938369751,0.07526428863406182
19,24,43,train,True,0.0004085,0.5132572302222251,368.7525508752465,368.7774658203125,369.26580810546875,0.48832279443740845,0.02493443578481669
20,23,43,train,True,0.0002279,0.5866268883645535,369.7404605139792,369.82861328125,370.32708740234375,0.4984920918941498,0.08813479647040368
21,22,43,train,True,0.0018619,0.5606194518506527,366.89958562627436,366.8255310058594,367.460205078125,0.6346604824066162,-0.07404103055596356
22,21,43,train,True,0.005719,0.5648276966810226,359.33568499863145,359.1706237792969,359.9005126953125,0.7298678159713745,-0.1650401192903519
23,20,43,train,True,0.0428495,0.3681319490075111,346.9032608732581,346.9890441894531,347.2713928222656,0.2823452949523926,0.08578665405511854
16,28,44,train,True,0.0052184,0.35227882578969,351.76362693592904,351.8246765136719,352.11590576171875,0.29122239351272583,0.06105643227696417
17,27,44,train,True,0.0855668,-0.651713057756424,362.4184061729908,362.31707763671875,361.7666931152344,-0.5503671765327454,-0.1013458812236786
18,26,44,train,True,0.001584,-0.05808679446578026,373.71329919680954,373.72900390625,373.65521240234375,-0.07380840182304382,0.015721607357263565
19,25,44,train,True,0.000418,0.17235983569175006,375.954043972902,376.0549011230469,376.12640380859375,0.0714987963438034,0.10086103934794666
20,24,44,train,True,0.0003256,0.605036129951477,380.8353630399704,380.95977783203125,381.4403991699219,0.48061639070510864,0.1244197392463684
21,23,44,train,True,0.0017556,0.06745461452519522,376.3898512936779,376.5247497558594,376.4573059082031,-0.06744199991226196,0.13489661443745718
22,22,44,train,True,0.0006996,0.387798617631197,375.46721236869695,375.4749450683594,375.8550109863281,0.3800539970397949,0.007744620591402074
23,21,44,train,True,0.0072644,0.08645565438084304,360.80783145499413,360.95208740234375,360.894287109375,-0.05779479816555977,0.1442504525464028
24,20,44,train,True,0.0512336,0.29394102841615677,349.6978497430682,349.7835693359375,349.9917907714844,0.2082339972257614,0.08570703119039536
17,28,45,train,False,0.1361655,-0.49726689234375954,368.52326786890626,368.1719665527344,368.0260009765625,-0.1459594964981079,-0.3513073958456516
18,27,45,train,True,0.000513,-0.3651686605066061,379.0243788655847,378.8978576660156,378.6592102050781,-0.23866699635982513,-0.126501664146781
19,26,45,train,True,0.000522,0.30355718448758123,384.8783275811374,384.9603576660156,385.181884765625,0.2215384989976883,0.08201868548989294
20,25,45,train,True,0.0003645,0.47818738758563994,388.32759874522685,388.3746032714844,388.8057861328125,0.43119850754737854,0.046988880038261405
21,24,45,train,True,0.0006615,0.4048511202633381,387.8177440945804,387.85235595703125,388.22259521484375,0.3702549934387207,0.03459612682461738
22,23,45,train,True,0.000837,0.18168042773380877,384.94032884960995,385.0079345703125,385.12200927734375,0.11405549943447113,0.06762492829933764
23,22,45,train,True,0.000864,0.2722553586214781,377.0138469363004,377.1017761230469,377.2861022949219,0.18432700634002686,0.08792835228145124
24,21,45,train,True,0.035397,0.31650979481637476,364.0242800001055,363.9477844238281,364.3407897949219,0.39301300048828125,-0.0765032056719065
17,29,46,train,False,0.0972486,-0.1936582029564306,371.2889645994408,371.7156677246094,371.0953063964844,-0.6203821897506714,0.4267239867942408
18,28,46,train,True,0.0023276,-0.6589725397527217,387.03168372139334,386.9696350097656,386.3727111816406,-0.5969409942626953,-0.06203154549002643
19,27,46,train,True,0.0007268,-0.2912880039215088,391.8056923007965,391.8299560546875,391.514404296875,-0.31556880474090576,0.024280800819396986
20,26,46,train,True,0.0022356,0.4098539251089096,398.74245930731297,398.7733154296875,399.1523132324219,0.3789992034435272,0.03085472166538239
21,25,46,train,True,0.0006716,-0.002596115570049733,396.66229460189817,396.61297607421875,396.6596984863281,0.04671100154519081,-0.049307117115240544
22,24,46,train,True,9.2e-05,-0.10251539239659906,398.05121534356846,398.197265625,397.9486999511719,-0.24856579303741455,0.14605040064081548
23,23,46,train,True,0.0001334,-0.410691407173872,390.5240947274864,390.362548828125,390.1134033203125,-0.24914580583572388,-0.1615456013381481
24,22,46,train,True,0.011454,0.02501582496333867,381.83707523948976,381.9758605957031,381.8620910644531,-0.11377180367708206,0.13878762864042074
25,21,46,train,True,0.0866272,-0.18111292965710163,364.242117568329,364.13970947265625,364.0610046386719,-0.07870300114154816,-0.10240992851555347
18,29,47,train,True,0.0012126,-0.7930005457997322,390.62310918837784,390.636962890625,389.8301086425781,-0.8068749904632568,0.01387444466352461
19,28,47,train,True,0.0013959,-0.3709526088833809,400.15375900536776,400.1993408203125,399.7828063964844,-0.41653650999069214,0.04558390110731125
20,27,47,train,True,0.0022231,0.03008846276672557,406.0083026505145,406.0496826171875,406.03839111328125,-0.011275599710643291,0.04136406247736886
21,26,47,train,True,0.0019317,0.2416682956367731,407.2247318508476,407.2594909667969,407.4664001464844,0.20689739286899567,0.034770902767777445
22,25,47,train,True,7.99e-05,-0.2561811240389943,407.008378389664,407.07794189453125,406.752197265625,-0.3257274925708771,0.06954636853188279
23,24,47,train,True,0.0001128,-0.170466368496418,403.46325201302767,403.3650207519531,403.29278564453125,-0.0722355991601944,-0.0982307693362236
24,23,47,train,True,0.0051982,-0.09682768260128796,395.2899429169763,395.1387023925781,395.193115234375,0.054385099560022354,-0.15121278216131032
25,22,47,train,True,0.0316686,-0.15430298110470175,382.20880737563596,382.3596496582031,382.05450439453125,-0.3051499128341675,0.15084693172946573
18,30,48,train,True,0.0167664,-0.34606330320239065,395.82207648679616,395.6959533691406,395.47601318359375,-0.21994879841804504,-0.1261145047843456
19,29,48,train,True,0.0007728,-0.5730668559670449,404.8725663676858,404.8431701660156,404.29949951171875,-0.5436552166938782,-0.0294116392731667
20,28,48,train,True,1.92e-05,-0.39216600857675077,415.98777758084236,416.0011901855469,415.5956115722656,-0.4055967926979065,0.013430784121155726
21,27,48,train,True,0.0049488,-0.18975221084430813,415.50075684951616,415.4980773925781,415.3110046386719,-0.18706560134887695,-0.0026866094954311748
22,26,48,train,True,7.68e-05,-0.19059669401496648,418.7461997213587,418.70458984375,418.55560302734375,-0.1489855945110321,-0.04161109950393438
23,25,48,train,True,0.0009696,-0.757451046705246,413.817936886549,413.90728759765625,413.06048583984375,-0.8467928171157837,0.0893417704105377
24,24,48,train,True,0.0073104,-0.010029965252615512,411.67754095158074,411.46826171875,411.6675109863281,0.1992456018924713,-0.20927556714508683
25,23,48,train,True,0.0067008,-0.6388951754570007,397.05280508756636,397.1612243652344,396.4139099121094,-0.7473351955413818,0.10844002008438114
26,22,48,train,True,0.0922176,-0.1539060828462243,385.01480696175247,385.0908203125,384.86090087890625,-0.2299191951751709,0.07601311232894659
19,30,49,train,True,0.0008036,0.07910939883440733,410.2527997808531,410.2414855957031,410.3319091796875,0.09041029959917068,-0.011300900764763352
20,29,49,train,True,0.0001764,-0.7582611894607544,421.2044586992264,421.14764404296875,420.4461975097656,-0.701449990272522,-0.05681119918823241
21,28,49,train,True,0.0022687,-0.45616609409451486,425.67595369175075,425.62774658203125,425.21978759765625,-0.4079445004463196,-0.04822159364819528
22,27,49,train,True,7.84e-05,-0.3833072693645954,426.9606082947552,426.8469543457031,426.5773010253906,-0.2696624994277954,-0.1136447699368
23,26,49,train,True,0.0008232,-0.25574230656027797,425.5939381073415,425.4627685546875,425.33819580078125,-0.12456150352954865,-0.13118080303072932
24,25,49,train,True,0.0022001,-0.24533955812454222,421.89414326906206,422.05059814453125,421.6488037109375,-0.4018073081970215,0.15646775007247926
25,24,49,train,True,0.0022148,-0.22322671800851823,413.492635897696,413.55584716796875,413.2694091796875,-0.28643500804901123,0.063208290040493
26,23,49,train,True,0.0242207,-0.1731388219818473,399.99003335323187,399.904296875,399.81689453125,-0.0873928964138031,-0.0857459255680442
19,31,50,train,True,0.00773,-0.4173574707657099,414.47604277350007,414.4291687011719,414.0586853027344,-0.3704650104045868,-0.0468924603611231
20,30,50,train,True,0.001585,0.08893727635033429,427.5077729287278,427.5082092285156,427.5967102050781,0.08850499987602234,0.00043227647431194616
21,29,50,train,True,0.002515,-0.5488761200010777,431.6735709442198,431.6737365722656,431.12469482421875,-0.5490350127220154,0.00015889272093772
22,28,50,train,True,8.5e-05,-0.3584272789955139,437.7606184411049,437.7861328125,437.4021911621094,-0.38393500447273254,0.025507725477218635
23,27,50,train,True,9.5e-05,-0.7144246232509613,434.989815248251,434.795166015625,434.275390625,-0.519760012626648,-0.1946646106243134
24,26,50,train,True,9.5e-05,-0.07439865027787164,434.9675871268404,435.0509338378906,434.8931884765625,-0.15773999691009521,0.08334134663222358
25,25,50,train,True,0.000115,-0.5389093096554279,426.8569024737179,426.6341247558594,426.3179931640625,-0.31611499190330505,-0.22279431775212288
26,24,50,train,True,0.008385,0.027761024807114155,417.6802467876929,417.70135498046875,417.7080078125,0.006659999955445528,0.021101024851668627
27,23,50,train,False,0.12575,-0.6291262757778168,400.12711211562157,400.03192138671875,399.49798583984375,-0.533935010433197,-0.09519126534461975
19,32,51,train,True,0.0130407,0.0729739364841953,419.20391204984395,419.2880859375,419.2768859863281,-0.011184999719262123,0.08415893620345742
20,31,51,train,True,0.0005202,-0.7662490716576577,432.4863418450952,432.3226013183594,431.7200927734375,-0.6024885177612305,-0.16376055389642719
21,30,51,train,True,0.0025143,0.18419544599950313,438.50199229814115,438.4582824707031,438.6861877441406,0.22791369259357452,-0.04371824659407139
22,29,51,train,True,0.0004845,-0.47453984066843985,444.0871497039497,444.1585388183594,443.61260986328125,-0.5459511876106262,0.07141134694218637
23,28,51,train,True,9.69e-05,-0.4365743823349476,445.8216757006943,445.8463439941406,445.3851013183594,-0.46124520897865295,0.024670826643705346
24,27,51,train,True,0.0001683,-0.2589711356163025,444.4106740164757,444.3116149902344,444.1517028808594,-0.1599072962999344,-0.09906383931636809
25,26,51,train,True,0.000306,-0.22713665701448918,440.16762737967076,440.32177734375,439.94049072265625,-0.3812702000141144,0.1541335429996252
26,25,51,train,True,0.0013974,-0.11365158492699265,431.3872416728176,431.4853820800781,431.2735900878906,-0.21178269386291504,0.09813110893592239
27,24,51,train,True,0.0484398,-0.058836599518544974,417.83044304483104,417.8559875488281,417.7716064453125,-0.08439990133047104,0.025563301811926065
19,33,52,train,True,0.0335348,-0.5447139245271683,421.9795283776522,421.9815673828125,421.434814453125,-0.5467755794525146,0.002061654925346379
20,32,52,train,True,0.0006708,-0.14838368385098874,438.29718739478847,438.327880859375,438.1488037109375,-0.17906920611858368,0.03068552226759494
21,31,52,train,True,0.0030732,-0.03279924963368103,443.7689137515868,443.8028259277344,443.7361145019531,-0.06671400368213654,0.03391475404845551
22,30,52,train,True,0.0027456,0.3423083809763193,451.8833996268362,451.974609375,452.2257080078125,0.2510963976383209,0.0912119833379984
23,29,52,train,True,0.0001612,-0.6479166620969772,453.2628153437376,453.1575927734375,452.6148986816406,-0.5426880121231079,-0.10522864997386927
24,28,52,train,True,0.0001144,-0.19623854413628578,456.39103224530817,456.3517150878906,456.1947937011719,-0.1569191962480545,-0.03931934788823127
25,27,52,train,True,0.00013,-0.666081882417202,450.80457065194844,450.86126708984375,450.13848876953125,-0.7227523922920227,0.056670509874820696
26,26,52,train,True,0.000182,0.10257595991715789,447.7058346846141,447.6996154785156,447.80841064453125,0.10878919810056686,-0.006213238183408978
27,25,52,train,True,0.0052832,-0.4854186114668846,432.83701162904504,432.92913818359375,432.3515930175781,-0.5775511860847473,0.09213257461786273
28,24,52,train,True,0.0829036,0.05527547964360565,420.29833169809075,420.3626708984375,420.3536071777344,-0.009080399759113789,0.06435587940271945
19,34,53,train,False,0.111777,-0.19559150564484298,424.9476972185355,425.21099853515625,424.7521057128906,-0.45888641476631165,0.2632949091214687
20,33,53,train,True,0.043778,-0.801438492834568,441.45964161783456,441.5206298828125,440.658203125,-0.8624234199523926,0.06098492711782455
21,32,53,train,True,0.0176967,0.37854315154254436,450.0543486941606,450.1201171875,450.4328918457031,0.31277748942375183,0.06576566211879253
22,31,53,train,True,0.0028885,0.2635501486808062,457.1868587868661,457.44964599609375,457.4504089355469,0.000743200012948364,0.2628069486678578
23,30,53,train,True,0.0031005,0.024650793727487325,461.6723401730694,461.6375427246094,461.6969909667969,0.059447500854730606,-0.03479670712724328
24,29,53,train,True,0.0001166,-0.5275869941711426,464.292693195343,464.2911376953125,463.7651062011719,-0.5260459184646606,-0.0015410757064819869
25,28,53,train,True,0.0003445,-0.28825739681720736,462.9402654534578,462.9115295410156,462.6520080566406,-0.2595294117927551,-0.02872798502445223
26,27,53,train,True,0.0016695,-0.1146045209094882,458.44340090762825,458.3863220214844,458.32879638671875,-0.05752050131559372,-0.057084019593894475
27,26,53,train,True,0.0017278,0.025807903331005945,449.3387856025284,449.31585693359375,449.3645935058594,0.04873659834265709,-0.022928695011651144
28,25,53,train,True,0.0251485,0.022727596554905177,435.4160846593045,435.5049743652344,435.4388122558594,-0.06616970151662827,0.08889729807153345
20,34,54,train,True,0.048438,-0.36267713233828547,445.44019178077576,445.36480712890625,445.0775146484375,-0.2873218059539795,-0.07535532638430598
21,33,54,train,True,0.0139752,0.16351551964879035,453.7422767166793,453.8598327636719,453.9057922363281,0.04597900062799454,0.11753651902079582
22,32,54,train,True,0.0158328,0.7157863059639931,464.3621250709891,464.38336181640625,465.0779113769531,0.6945481896400452,0.021238116323947898
23,31,54,train,True,0.011178,0.06329814778408036,467.7126112760441,467.7554626464844,467.7759094238281,0.020437199622392654,0.0428609481616877
24,30,54,train,True,0.000135,-0.19253375248983504,474.05764605717735,474.0102233886719,473.8651123046875,-0.14512880146503448,-0.04740495102480055
25,29,54,train,True,0.0010044,-0.7531176343560219,471.91412837654354,471.8507385253906,471.1610107421875,-0.6897472143173218,-0.06337042003870008
26,28,54,train,True,0.0003456,0.02958308666944504,471.7805060246587,471.7647705078125,471.8100891113281,0.045331601053476334,-0.015748514384031295
27,27,54,train,True,0.0003564,-0.2432541510090232,462.95495459046214,462.7378845214844,462.7117004394531,-0.026174599304795265,-0.21707955170422794
28,26,54,train,True,0.0046548,0.24286176346242427,453.2419404826313,453.2237854003906,453.48480224609375,0.26102879643440247,-0.018167032971978192
20,35,55,train,False,0.160215,-0.764391488134861,446.9550042811036,446.9259338378906,446.19061279296875,-0.7353299856185913,-0.02906150251626971
21,34,55,train,True,0.0624085,0.4115536753833294,458.2856509144604,458.3353271484375,458.69720458984375,0.3618830144405365,0.04967066094279288
22,33,55,train,True,0.028875,0.5416590447723866,468.2511265997589,468.5433349609375,468.79278564453125,0.2494720071554184,0.2921870376169682
23,32,55,train,True,0.027016,0.5720439322292805,475.1199421517551,475.05364990234375,475.6919860839844,0.6383494734764099,-0.0663055412471294
24,31,55,train,True,0.000231,0.09216955778654665,480.07402917268223,480.2565002441406,480.16619873046875,-0.09029100090265274,0.1824605586891994
25,30,55,train,True,0.0002585,-0.4486528018116951,482.12275558501483,482.07635498046875,481.6741027832031,-0.4022584855556488,-0.046394316256046286
26,29,55,train,True,0.000308,-0.36369463443756106,481.0088972711563,481.0628967285156,480.64520263671875,-0.4176954925060272,0.05400085806846616
27,28,55,train,True,0.000407,-0.105526920016855,476.80511188095437,476.8291320800781,476.6995849609375,-0.12952199578285217,0.023995075765997173
28,27,55,train,True,0.000704,0.004499491951428354,467.4610156447673,467.3527526855469,467.46551513671875,0.11276250332593918,-0.10826301137451083
29,26,55,train,False,0.155562,0.021500034178607165,452.5508876611339,452.8698425292969,452.5723876953125,-0.2974349856376648,0.318935019816272
20,36,56,train,False,0.2496424,-0.42175340265035627,449.9813542327285,449.8572692871094,449.5596008300781,-0.2976624071598053,-0.12409099549055097
21,35,56,train,False,0.2596664,0.15131564635783434,460.90639309387655,461.08038330078125,461.0577087402344,-0.022673599421977997,0.17398924577981234
22,34,56,train,False,0.1002008,0.7031760230660439,474.074411867559,474.2051696777344,474.777587890625,0.5724279880523682,0.1307480350136757
23,33,56,train,False,0.1758848,0.41771006271243094,480.15049672439693,480.1832275390625,480.5682067871094,0.3849664032459259,0.03274365946650504
24,32,56,train,True,0.0005768,0.5839028219878674,488.4507041116059,488.50262451171875,489.03460693359375,0.531989574432373,0.05191324755549431
25,31,56,train,True,0.0002912,-0.39851755246520043,489.30571359738707,489.3468017578125,488.9071960449219,-0.439604789018631,0.04108723655343055
26,30,56,train,True,0.0002688,-0.16145676417276264,492.24025315089153,492.25994873046875,492.07879638671875,-0.181152805685997,0.01969604151323437
27,29,56,train,True,0.000476,-0.4348765887320042,486.79239001646636,486.91094970703125,486.3575134277344,-0.5534616112709045,0.11858502253890035
28,28,56,train,True,0.0003976,0.2516209119558334,483.8531764513254,483.9957275390625,484.10479736328125,0.10905840247869492,0.1425625094771385
29,27,56,train,True,0.0063952,-0.4360231937468052,467.85371728554367,467.93548583984375,467.4176940917969,-0.5177791714668274,0.08175597772002219
21,36,57,train,False,0.179778,0.18494428861886264,464.8556440902874,465.0155029296875,465.04058837890625,0.025103799998760223,0.15984048862010242
22,35,57,train,False,0.2058783,0.4900964955985546,477.0109105844796,477.2553405761719,477.5010070800781,0.2456544041633606,0.24444209143519402
23,34,57,train,True,0.0847647,0.6563083827495575,486.43768575787544,486.5062255859375,487.093994140625,0.5877881050109863,0.06852027773857117
24,33,57,train,True,0.0018639,0.5900566653907299,493.6891486568749,493.81378173828125,494.2792053222656,0.46541139483451843,0.12464527055621144
25,32,57,train,True,0.0015048,0.1682677375897765,497.9941468131915,497.99273681640625,498.16241455078125,0.1696677953004837,-0.0014000577107071976
26,31,57,train,True,0.0002679,-0.2362402904778719,499.86462774164977,499.9061279296875,499.6283874511719,-0.27772530913352966,0.04148501865565776
27,30,57,train,True,0.000513,-0.15704021436162294,498.3315397260804,498.28741455078125,498.17449951171875,-0.112916499376297,-0.04412371498532594
28,29,57,train,True,0.0005643,-0.10806900393217803,494.1294618261978,494.2433776855469,494.0213928222656,-0.22197480499744415,0.11390580106526613
29,28,57,train,True,0.0005016,-0.042103813905268905,484.51939873578027,484.68609619140625,484.477294921875,-0.20878219604492188,0.16667838213965297
21,37,58,train,False,0.1900254,-0.1386091107269749,467.021909891977,467.1867370605469,466.88330078125,-0.3034287989139557,0.16481968818698078
22,36,58,train,False,0.183338,0.38664970591664316,482.3655475597084,481.84246826171875,482.752197265625,0.9097179770469666,-0.5230682711303234
23,35,58,train,False,0.095816,0.3873821716755629,490.43790469355883,490.57305908203125,490.8252868652344,0.2522520124912262,0.13513015918433668
24,34,58,train,True,0.0029812,0.6639302541315556,501.29715983375905,501.3519287109375,501.9610900878906,0.6091753840446472,0.05475487008690838
25,33,58,train,True,0.0027028,0.10376806747168303,504.31044702041896,504.40533447265625,504.4142150878906,0.008859599940478802,0.09490846753120423
26,32,58,train,True,0.000319,0.08859163541346789,509.7820138333365,509.95068359375,509.87060546875,-0.08009719848632812,0.168688833899796
27,31,58,train,True,0.0011542,-0.22594627197831868,506.91384300049396,506.8603820800781,506.6878967285156,-0.17247019708156586,-0.05347607489675282
28,30,58,train,True,0.000348,0.2856244345754385,506.40648371972145,506.4595947265625,506.6921081542969,0.2324981987476349,0.053126235827803625
29,29,58,train,True,0.0005626,-0.3216089332103729,497.20271244883537,497.1162414550781,496.881103515625,-0.23513680696487427,-0.08647212624549866
30,28,58,train,True,0.0500018,0.3683302791416645,486.8447739689052,486.96490478515625,487.2131042480469,0.24819140136241913,0.12013887777924537
21,38,59,train,False,0.2496408,-0.26267723356373607,470.4481630734075,470.6080322265625,470.18548583984375,-0.4225307106971741,0.159853477133438
23,36,59,train,False,0.1373992,0.38512172251939775,495.93598423451186,495.82440185546875,496.32110595703125,0.49669939279556274,-0.111577670276165
24,35,59,train,True,0.0006726,0.5418157990276814,505.53148742362856,505.54736328125,506.07330322265625,0.5259295105934143,0.015886288434267093
25,34,59,train,True,0.0023305,0.419722244143486,512.1159833222628,512.1744384765625,512.5357055664062,0.3612784147262573,0.0584438294172287
26,33,59,train,True,0.0003304,0.15901220005005598,516.2565151437,516.5316772460938,516.41552734375,-0.11620140075683594,0.27521360080689194
27,32,59,train,True,0.0003953,0.08852346041239798,517.3123554458376,517.314208984375,517.40087890625,0.08666390180587769,0.0018595586065202896
28,31,59,train,True,0.000354,0.11204899397678673,515.5139275685232,515.4588623046875,515.6259765625,0.16711920499801636,-0.05507021102122962
29,30,59,train,True,0.000531,0.0769220530707389,509.8344854176324,509.878173828125,509.9114074707031,0.03324069827795029,0.04368135479278862
30,29,59,train,True,0.0007611,0.08422535066492856,500.0223725497257,499.9530334472656,500.1065979003906,0.15356819331645966,-0.0693428426515311
22,38,60,train,False,0.240324,-0.13193217621417716,489.5050400863704,489.1671447753906,489.37310791015625,0.2059520035982132,-0.3378841798123904
23,37,60,train,False,0.181944,-0.0005262572458013893,499.6199110228708,499.37249755859375,499.619384765625,0.2468940019607544,-0.24742025920655578
24,36,60,train,True,0.001116,0.331944542452693,512.1793469614536,512.4112548828125,512.5112915039062,0.10004399716854095,0.23190054528415205
25,35,60,train,True,0.002328,0.11714849822688848,517.5937279666168,517.6883544921875,517.7108764648438,0.022547999396920204,0.09460049882996828
26,34,60,train,True,0.003408,0.3101586662977934,525.2407446540147,525.3512573242188,525.5509033203125,0.19966599345207214,0.11049267284572123
27,33,60,train,True,0.000402,0.007614600877277553,524.7865138170914,524.80615234375,524.7941284179688,-0.012051999568939209,0.01966660044621676
28,32,60,train,True,0.000354,0.31642895214259625,526.9596940947324,526.8466186523438,527.276123046875,0.4294860064983368,-0.11305705435574054
29,31,60,train,True,0.001614,-0.2622678205370903,519.8841550275683,519.936279296875,519.6218872070312,-0.31438198685646057,0.05211416631937027
30,30,60,train,True,0.000546,0.49122117191553116,515.0419819530845,514.983154296875,515.533203125,0.550055980682373,-0.058834808766841884
23,38,61,train,False,0.2349171,-0.14477896315976976,504.62817740065975,504.5335388183594,504.4833984375,-0.05014370009303093,-0.09463526306673883
24,37,61,train,True,0.0018605,0.09334401130210608,516.1437775707292,516.070556640625,516.2371215820312,0.16652260720729828,-0.0731785959051922
25,36,61,train,True,0.0023302,0.1865103830769658,524.3896004567667,524.5338745117188,524.5761108398438,0.042242299765348434,0.14426808331161736
26,35,61,train,True,0.0026108,0.19038344092667103,530.8971409731358,530.9298706054688,531.0875244140625,0.15761539340019226,0.03276804752647877
27,34,61,train,True,0.0008418,0.12683252839371562,534.1166977450438,534.1251831054688,534.2435302734375,0.11828900128602982,0.0085435271076858
28,33,61,train,True,0.0003538,0.14879098981618882,534.779736842215,534.6666870117188,534.9285278320312,0.2617858946323395,-0.11299490481615065
29,32,61,train,True,0.0009516,0.1893363109976053,531.5019478686899,531.6464233398438,531.6912841796875,0.04489719867706299,0.14443911232054232
30,31,61,train,True,0.0158966,0.2722260633856058,525.1753447373957,525.2288818359375,525.4475708007812,0.21870219707489014,0.05352386631071565
31,30,61,train,True,0.0379908,0.23747742176055908,515.1449078321457,515.2322998046875,515.3823852539062,0.15009069442749023,0.08738672733306885
23,39,62,train,False,0.2642874,-0.4117834980040789,507.8948767597228,507.6408996582031,507.48309326171875,-0.1578029990196228,-0.25398049898445607
24,38,62,train,True,0.0034472,-0.17081976361572743,522.4974188847095,522.4979858398438,522.3265991210938,-0.17140020430088043,0.0005804406851530053
25,37,62,train,True,0.006541,-0.1757341691851616,529.2317644426226,529.3870239257812,529.0560302734375,-0.33101239800453186,0.15527822881937026
26,36,62,train,True,0.0027962,0.07810732357669621,538.9485040045483,538.958740234375,539.026611328125,0.06784780323505402,0.010259520341642195
27,35,62,train,True,0.0185752,-0.046099304705858234,540.8015924687684,540.7227783203125,540.7554931640625,0.03274859860539436,-0.0788479033112526
28,34,62,train,True,0.0004278,0.09530693399719894,545.1767877925653,545.262451171875,545.2720947265625,0.009658999741077423,0.08564793425612152
29,33,62,train,True,0.0006386,-0.17350371509790422,540.4772146525979,540.5211791992188,540.3037109375,-0.21750180423259735,0.043998089134693136
30,32,62,train,True,0.0006138,0.409297344237566,537.9630781440437,538.119384765625,538.3723754882812,0.2530038058757782,0.15629353836178778
31,31,62,train,True,0.0006386,-0.579632245451212,528.2433285345137,528.156005859375,527.6636962890625,-0.49228379130363464,-0.0873484541475773
23,40,63,train,False,0.3399984,-0.5453195737302303,512.5060129331052,512.2391967773438,511.960693359375,-0.27849671244621277,-0.26682286128401755
24,39,63,train,True,0.0726579,-0.3462469596415758,526.0115301627666,525.89501953125,525.665283203125,-0.22970740497112274,-0.11653955467045307
25,38,63,train,True,0.0037233,-0.19273356787860393,535.7136075913161,535.8214111328125,535.5208740234375,-0.3005259931087494,0.10779242523014546
26,37,63,train,True,0.0043029,-0.06584893870633096,543.8482586066751,543.7876586914062,543.7824096679688,-0.005243699997663498,-0.060605238708667464
27,36,63,train,True,0.0185724,-0.06533580228686332,549.1845374624431,549.2212524414062,549.1192016601562,-0.10202360153198242,0.0366877992451191
28,35,63,train,True,0.0004284,-0.058703320347703994,552.1459835937852,552.1002197265625,552.0872802734375,-0.012916499748826027,-0.04578682059887797
29,34,63,train,True,0.0004284,-0.012107481949497014,551.1300274038244,551.3848266601562,551.117919921875,-0.2669452130794525,0.2548377311299555
30,33,63,train,True,0.0015624,0.22581431232392787,547.2060704533011,547.236083984375,547.431884765625,0.19584420323371887,0.029970109090209
31,32,63,train,True,0.0013041,0.3158991873264313,540.6945988595486,540.787353515625,541.010498046875,0.2231179028749466,0.0927812844514847
32,31,63,train,True,0.0372582,0.29158234685659407,530.3830392351747,530.379150390625,530.6746215820312,0.2954478859901428,-0.0038655391335487566
24,40,64,train,False,0.2999424,-0.4658928376436233,531.6872673493624,531.427978515625,531.2213745117188,-0.2066064029932022,-0.2592864346504211
25,39,64,train,True,0.0035392,-0.28341725908219817,540.1192937239259,539.9946899414062,539.8358764648438,-0.1588200032711029,-0.12459725581109526
26,38,64,train,True,0.0050176,-0.14371422979980708,551.130835811831,551.19287109375,550.9871215820312,-0.2057832032442093,0.06206897344440221
27,37,64,train,True,0.0200064,-0.28267519041895867,555.2083954052628,555.2333984375,554.9257202148438,-0.307727187871933,0.025051997452974317
28,36,64,train,True,0.0004608,-0.2092061385512352,561.7107930526138,561.7576904296875,561.5015869140625,-0.2560768127441406,0.046870674192905415
29,35,64,train,True,0.0004288,-0.3766904705017805,559.232464396283,559.3007202148438,558.8557739257812,-0.4449104070663452,0.06821993656456471
30,34,64,train,True,0.0006464,0.09484735585749149,559.13208135508,559.0979614257812,559.2269287109375,0.12893520295619965,-0.03408784709870816
31,33,64,train,True,0.0014272,-0.3543044064939022,551.2158156369627,551.1444091796875,550.8615112304688,-0.28292879462242126,-0.07137561187148095
32,32,64,train,True,0.0037248,0.4077111305296421,545.8187903343141,545.8447265625,546.2265014648438,0.3817448019981384,0.025966328531503657
25,40,65,train,True,0.0037245,-0.3301312752813101,546.0754315682501,546.0443725585938,545.7453002929688,-0.2990429997444153,-0.031088275536894805
26,39,65,train,True,0.005109,-0.09296428077854216,555.5410843979661,555.5125732421875,555.4481201171875,-0.06445500254631042,-0.028509278232231733
27,38,65,train,True,0.00208,-0.16111160123720766,562.8390901168622,562.697509765625,562.677978515625,-0.019511999562382698,-0.14159960167482497
28,37,65,train,True,0.000481,-0.3082351803034544,568.0637283443659,567.8557739257812,567.7554931640625,-0.10025600343942642,-0.207979176864028
29,36,65,train,True,0.0006435,-0.36319896079599856,568.9216706404835,569.2113037109375,568.5584716796875,-0.6527854800224304,0.28958651922643186
30,35,65,train,True,0.0006435,-0.10105918715940788,567.3950655348157,567.0772705078125,567.2940063476562,0.21671000123023987,-0.31776918838964774
31,34,65,train,True,0.000793,0.15892302742227912,562.8982058788278,563.0404052734375,563.05712890625,0.01669350080192089,0.14222952662035823
32,33,65,train,True,0.0021645,0.348347739726305,556.07895938918,556.0787963867188,556.4273071289062,0.3485040068626404,-0.00015626713633537515
33,32,65,train,True,0.0847665,0.2928608272224665,545.50706593059,545.7553100585938,545.7999267578125,0.04461849853396416,0.24824232868850232
25,41,66,train,True,0.0111804,-0.39682345017790793,549.8591037236154,549.898681640625,549.4622802734375,-0.43640759587287903,0.039584145694971096
26,40,66,train,True,0.0040986,-0.08383454180788248,562.3970059285266,562.433837890625,562.3131713867188,-0.12061700224876404,0.036782460440881556
27,39,66,train,True,0.0139722,0.018958719021175057,568.0290149137913,567.9921875,568.0479736328125,0.05583459883928299,-0.03687587981810793
28,38,66,train,True,0.0013992,-0.28692452915012834,576.8037091971189,576.8075561523438,576.5167846679688,-0.2907676100730896,0.0038430809229612617
29,37,66,train,True,0.0006468,-0.6623854747414589,576.3569655528664,576.2772216796875,575.694580078125,-0.582617998123169,-0.07976747661828998
30,36,66,train,True,0.0007458,-0.28724363043904305,578.1580322046578,578.1358032226562,577.8707885742188,-0.2650110125541687,-0.02223261788487435
31,35,66,train,True,0.0010956,-0.233342370018363,572.2178394403309,572.177978515625,571.9844970703125,-0.19346460700035095,-0.03987776301801205
32,34,66,train,True,0.0024024,0.1757447124272585,569.2604735492915,569.2789306640625,569.4362182617188,0.15727220475673676,0.01847250767052175
33,33,66,train,True,0.0056826,-0.7530465605854988,558.8539376738668,558.9146118164062,558.1008911132812,-0.8137243986129761,0.06067783802747728
26,41,67,train,True,0.003819,0.00824925601715222,566.2431545525766,566.1456909179688,566.2514038085938,0.10569469630718231,-0.09744544029003009
27,40,67,train,True,0.0064454,0.21047439321875572,575.1135002161562,574.9767456054688,575.323974609375,0.3472726047039032,-0.13679821148514748
28,39,67,train,True,0.0028877,-0.18091555766761303,582.4180371396989,582.6152954101562,582.2371215820312,-0.378183513879776,0.19726795621216298
29,38,67,train,True,0.0008911,-0.46186096623539924,585.2235797162353,585.4097900390625,584.76171875,-0.6480998992919922,0.18623893305659295
30,37,67,train,True,0.0007571,-0.41270132750272753,585.5806090423465,585.1882934570312,585.1679077148438,-0.02037779986858368,-0.39232352763414385
31,36,67,train,True,0.0011792,-0.2174075736105442,583.1602176322043,583.4047241210938,582.9428100585938,-0.46191099286079407,0.24450341925024988
32,35,67,train,True,0.0043215,0.21968616031110286,578.4872230193764,578.4169311523438,578.7069091796875,0.28997719287872314,-0.07029103256762029
33,34,67,train,True,0.0004422,0.4070789109170437,571.4555919875205,571.548095703125,571.8626708984375,0.3146105110645294,0.09246839985251426
34,33,67,train,True,0.067067,0.38100102707743644,560.5740160627663,560.7587890625,560.9550170898438,0.19619520008563995,0.18480582699179648
27,41,68,train,True,0.0038556,0.37241459779441355,579.5420141131431,579.3688354492188,579.9144287109375,0.5455532073974609,-0.1731386096030474
28,40,68,train,True,0.0029784,0.07915486136451363,590.433418380823,590.40771484375,590.5125732421875,0.10486440360546112,-0.025709542240947486
29,39,68,train,True,0.0015844,-0.47319634854793546,591.749319395423,591.7286376953125,591.276123046875,-0.4525083899497986,-0.02068795859813688
30,38,68,train,True,0.000782,-0.41182954639196395,595.5166269096732,595.3863525390625,595.1047973632812,-0.281576007604599,-0.13025353878736495
31,37,68,train,True,0.001428,-0.6368431407213211,591.7661156016588,591.6829223632812,591.1292724609375,-0.5536260008811951,-0.08321713984012602
32,36,68,train,True,0.0018768,-0.15395870557054878,590.6859411274455,590.7933349609375,590.531982421875,-0.2613227963447571,0.1073640907742083
33,35,68,train,True,0.0018428,0.06625483584823087,581.9452197735268,581.9266967773438,582.011474609375,0.08479239791631699,-0.018537562068086114
34,34,68,train,True,0.0004964,0.30384959615767004,576.3273759897799,576.4392700195312,576.6312255859375,0.1919223964214325,0.11192719973623755
27,42,69,train,True,0.085698,0.24436423119157552,585.9055381125585,586.1830444335938,586.14990234375,-0.0331277996301651,0.2774920308217406
28,41,69,train,True,0.003726,0.3067642256617546,595.0155624344945,594.993896484375,595.3223266601562,0.32841381430625916,-0.021649588644504558
29,40,69,train,True,0.0014007,-0.17961532277986408,599.9457896391862,599.9691162109375,599.7661743164062,-0.2029035985469818,0.023288275767117728
30,39,69,train,True,0.0007935,-0.3334483998268843,602.0991344349832,601.8684692382812,601.7656860351562,-0.1027458980679512,-0.2307025017589331
31,38,69,train,True,0.0012006,-0.4045956467092037,601.8192684982718,601.9960327148438,601.4146728515625,-0.5813062191009521,0.17671057239174842
32,37,69,train,True,0.0013179,0.038735258227679877,599.0012427691161,598.9865112304688,599.0399780273438,0.0534840002655983,-0.01474874203791842
33,36,69,train,True,0.0320022,0.34363164737820623,593.9381676690281,594.2156982421875,594.2817993164062,0.06612340360879898,0.27750824376940725
34,35,69,train,True,0.0014904,0.4739019805192947,586.838170773387,586.755859375,587.3120727539062,0.5562341809272766,-0.08233220040798189
35,34,69,train,True,0.0420003,0.41506688520312307,575.7770107515156,575.7982788085938,576.1920776367188,0.3938206136226654,0.021246271580457665
27,43,70,train,True,0.01099,0.31833352394402026,590.3204604213685,590.3938598632812,590.6387939453125,0.24493999779224396,0.0733935261517763
28,42,70,train,True,0.002142,0.21266154047101737,602.237533772029,602.3004150390625,602.4501953125,0.1497810035943985,0.06288053687661888
29,41,70,train,True,0.001085,0.11140002688392997,605.3005872778035,605.2805786132812,605.4119873046875,0.131414994597435,-0.020014967713505027
30,40,70,train,True,0.001918,-0.25124343276023864,611.303916772604,611.0866088867188,611.0526733398438,-0.03390200063586235,-0.2173414321243763
31,39,70,train,True,0.001204,-0.6326002913713455,609.5967116194963,609.649658203125,608.964111328125,-0.6855559945106506,0.05295570313930509
32,38,70,train,True,0.000819,-0.27330277413129805,610.4653193756938,610.5192260742188,610.1920166015625,-0.32719600200653076,0.05389322787523271
33,37,70,train,True,0.0014,0.2444806133955717,603.3952898944169,603.5087890625,603.6397705078125,0.13101300597190857,0.11346760742366313
34,36,70,train,True,0.001582,0.28436049453914164,600.2264427281171,600.3223876953125,600.5108032226562,0.18843400478363037,0.09592648975551127
35,35,70,train,True,0.014903,-0.27492477376013996,589.0224223323539,589.0357666015625,588.7474975585938,-0.2882480025291443,0.013323228769004325
27,44,71,train,False,0.4650287,0.3551004923135042,596.3776265584678,596.3101196289062,596.7327270507812,0.4225575923919678,-0.06745710007846356
28,43,71,train,True,0.0022365,0.32302388943731786,606.5857895871252,606.5640869140625,606.9088134765625,0.3446955978870392,-0.021671708449721327
29,42,71,train,True,0.001491,-0.08580096571240574,612.8992164930562,613.086669921875,612.8134155273438,-0.27325430512428284,0.18745333941187708
30,41,71,train,True,0.0026554,-0.17815693439450114,617.1200514656445,616.9219360351562,616.94189453125,0.019939299672842026,-0.19809623406734317
31,40,71,train,True,0.0008094,-0.32415614284574984,618.9100326076895,618.949951171875,618.5858764648438,-0.36405500769615173,0.039898864850401894
32,39,71,train,True,0.0008165,0.055427610896294936,617.9692916273849,617.9351196289062,618.0247192382812,0.08956220000982285,-0.03413458911352791
33,38,71,train,True,0.0041606,0.3117076075822115,614.8082875096053,615.139404296875,615.1199951171875,-0.019385000690817833,0.33109260827302933
34,37,71,train,True,0.0027974,0.49449380427598955,609.7586189886928,609.6102905273438,610.2531127929688,0.6427974104881287,-0.14830360621213912
35,36,71,train,True,0.0054031,0.5059501771628857,602.0446479673684,602.183837890625,602.5505981445312,0.3667340874671936,0.1392160896956921
36,35,71,train,False,0.1287656,0.3217696806788444,590.8155594208837,591.226318359375,591.1373291015625,-0.08900099992752075,0.4107706806063652
28,44,72,train,True,0.0022392,0.3864804562926292,613.4204043093324,613.4552612304688,613.806884765625,0.3516503870487213,0.03483006924390791
29,43,72,train,True,0.0013968,0.10491429686546326,618.194280039072,618.2298583984375,618.2991943359375,0.06935679912567139,0.035557497739791874
30,42,72,train,True,0.0021456,-0.4622054959833622,625.7778182889521,625.8099975585938,625.3156127929688,-0.4943816065788269,0.03217611059546471
31,41,72,train,True,0.0008208,-0.40594627015292645,625.6474623834342,625.470458984375,625.2415161132812,-0.22892959415912628,-0.17701667599380017
32,40,72,train,True,7.92e-05,-0.21663524052128197,628.7340302600526,628.6857299804688,628.5173950195312,-0.16830480098724365,-0.048330439534038316
33,39,72,train,True,0.0040824,0.2970617491006851,623.4137536805869,623.5472412109375,623.7108154296875,0.1635407954454422,0.1335209536552429
34,38,72,train,True,0.0019584,0.3050926268100739,622.28768081069,622.4033203125,622.5927734375,0.18950560688972473,0.11558701992034914
35,37,72,train,True,0.0010224,0.35843943141400814,612.7846880099922,612.8145141601562,613.1431274414062,0.32859280705451965,0.029846624359488483
36,36,72,train,True,0.0080136,0.11326797798275948,606.7122325102985,606.9110107421875,606.8255004882812,-0.08548960089683533,0.1987575788795948
28,45,73,train,True,0.0024236,0.5952886323630809,617.5316034574806,617.40869140625,618.1268920898438,0.7182382941246033,-0.12294966176152233
29,44,73,train,True,0.0019418,0.09405643278267234,625.4548327273736,625.505615234375,625.5488891601562,0.04329729825258255,0.05075913453008979
30,43,73,train,True,0.0018615,-0.2948592000827193,631.4346297078952,631.3292236328125,631.1397705078125,-0.18942150473594666,-0.10543769534677266
31,42,73,train,True,0.001679,-0.6701852068305015,634.5835763201118,634.65283203125,633.9133911132812,-0.7394019961357117,0.06921678930521014
32,41,73,train,True,5.84e-05,-0.10281915126834065,635.5741326278309,635.4686279296875,635.4713134765625,0.0026499999221414328,-0.10546915119048209
33,40,73,train,True,0.0038544,0.2713285621255636,634.2118867699057,634.341552734375,634.4832153320312,0.14167730510234833,0.12965125702321528
34,39,73,train,True,0.0074241,0.49047172904014585,630.9610053217411,630.8338012695312,631.4514770507812,0.6176856756210327,-0.12721394658088686
35,38,73,train,True,0.0067379,0.5262480978667736,625.3912323708832,625.4698486328125,625.91748046875,0.4476380944252014,0.07861000344157221
36,37,73,train,True,0.0065773,0.3857696269452572,617.6207000996172,617.593505859375,618.0064697265625,0.4130168855190277,-0.027247258573770528
37,36,73,train,True,0.0407924,0.09670686303637922,606.2015109104011,606.27099609375,606.2982177734375,0.027206700295209885,0.06950016274116934
29,45,74,train,True,0.0061494,0.1779935110360384,630.5621798288078,630.595703125,630.7401733398438,0.14451579749584198,0.03347771354019641
30,44,74,train,True,0.002516,-0.3026821853592992,639.6479580642656,639.5638427734375,639.3452758789062,-0.21854780614376068,-0.08413437921553851
31,43,74,train,True,0.002997,-0.6705362552404404,641.1796304935217,641.0744018554688,640.5090942382812,-0.5653023719787598,-0.1052338832616806
32,42,74,train,True,2.22e-05,-0.6226131387054921,645.7314388222992,645.6648559570312,645.1088256835938,-0.5560814142227173,-0.06653172448277478
33,41,74,train,True,0.0016946,0.20873452600091696,642.3057918411865,642.3201293945312,642.5145263671875,0.19435200095176697,0.014382525049149997
34,40,74,train,True,2.22e-05,0.21693808238953352,642.8063773472979,642.8909301757812,643.0233154296875,0.13235299289226532,0.0845850894972682
35,39,74,train,True,0.0058386,0.44444345742464064,635.0637352535128,635.1835327148438,635.5081787109375,0.32464900612831116,0.11979445129632948
36,38,74,train,True,0.0020128,0.1722397232055664,631.4707656478881,631.4448852539062,631.6430053710938,0.19811399281024933,-0.02587426960468292
37,37,74,train,True,0.0030266,-0.9400312066078186,620.2103559136391,620.2467041015625,619.2703247070312,-0.9764102101325989,0.036379003524780296
29,46,75,train,True,0.00072,0.38264767348766326,637.0809753733873,637.1309814453125,637.463623046875,0.3325924873352051,0.050055186152458186
30,45,75,train,True,0.0019575,0.1643866761494428,644.6122856871318,644.4373779296875,644.7766723632812,0.33934250473976135,-0.17495582859031855
31,44,75,train,True,0.0006675,-0.6493691544234753,649.6525429825484,649.5567626953125,649.003173828125,-0.5535374879837036,-0.0958316664397717
32,43,75,train,True,5.25e-05,-0.6630260965228081,652.3041393777728,652.1707153320312,651.64111328125,-0.5296199917793274,-0.1334061047434807
33,42,75,train,True,0.000885,-0.02150870261248201,652.4676146596437,652.5656127929688,652.4461059570312,-0.11951000243425369,0.09800129982177168
34,41,75,train,True,7.5e-05,0.3471277029067278,650.941873761937,650.9185180664062,651.2890014648438,0.3704575002193451,-0.023329797312617306
35,40,75,train,True,0.0042825,0.4371954719722271,646.9589837272465,647.07373046875,647.3961791992188,0.3224725127220154,0.1147229592502117
36,39,75,train,True,0.0081075,0.3450799022614956,641.2481207813322,641.5079956054688,641.5932006835938,0.085207499563694,0.2598724026978016
37,38,75,train,True,0.0011775,0.1054425242729485,633.4823870655708,633.6207275390625,633.5878295898438,-0.03291499987244606,0.13835752414539457
38,37,75,train,False,0.220005,-0.1037130498047918,621.7649068974611,622.2383422851562,621.6611938476562,-0.5771700143814087,0.4734569645766169
29,47,76,train,True,0.000912,0.44203061059117316,641.6668561081589,641.7137451171875,642.10888671875,0.3951632082462311,0.04686740234494208
30,46,76,train,True,0.0014592,0.18876954685896635,652.1971557461097,652.2528076171875,652.3859252929688,0.13311399519443512,0.05565555166453123
31,45,76,train,True,0.0019532,-0.3299855228513479,655.6330861087888,655.4640502929688,655.3031005859375,-0.16096720099449158,-0.16901832185685634
32,44,76,train,True,2.28e-05,-0.7196992054581642,661.6606171742081,661.5979614257812,660.94091796875,-0.6570664048194885,-0.06263280063867571
33,43,76,train,True,0.0008892,-0.12285049660131335,659.9361439536326,659.8941040039062,659.8132934570312,-0.08080720156431198,-0.04204329503700137
34,42,76,train,True,2.28e-05,-0.08086112025659531,662.1294451046316,662.0723266601562,662.048583984375,-0.02373559959232807,-0.05712552066426724
35,41,76,train,True,0.0093252,0.32626071967184544,656.1267422100157,656.3270874023438,656.4530029296875,0.12589199841022491,0.20036872126162053
36,40,76,train,True,0.0040128,0.11900504829362035,654.2384778618626,654.2694091796875,654.3574829101562,0.08811479806900024,0.03089025022462011
37,39,76,train,True,0.0009348,-0.6304039438068867,645.0265221078694,644.9524536132812,644.3961181640625,-0.5563235878944397,-0.074080355912447
38,38,76,train,True,0.034466,-0.048568941000849006,637.8422701128759,637.9386596679688,637.793701171875,-0.14493440091609955,0.09636545991525054
29,48,77,train,True,0.0012089,0.5759456278383732,647.6245548604429,647.666259765625,648.2005004882812,0.5342422723770142,0.04170335546135906
30,47,77,train,True,0.0019712,0.30254976116120813,656.8414321724325,656.810302734375,657.1439819335938,0.3337151110172272,-0.031165349856019042
31,46,77,train,True,0.0024255,-0.1733086897060275,663.343718845956,663.2310791015625,663.17041015625,-0.060683898627758026,-0.11262479107826948
32,45,77,train,True,5.39e-05,-0.3851875703036785,667.8333687226474,667.6692504882812,667.4481811523438,-0.22105610370635986,-0.16413146659731864
33,44,77,train,True,0.001694,-0.32768001027405264,669.5078557915241,669.5903930664062,669.18017578125,-0.41017529368400574,0.0824952834099531
34,43,77,train,True,6.16e-05,0.07403854549629614,669.554684599035,669.4912109375,669.6287231445312,0.13750840723514557,-0.06346986173884943
35,42,77,train,True,0.0028105,0.21225524071604013,667.3086187827215,667.3441772460938,667.5208740234375,0.17673790454864502,0.03551733616739511
36,41,77,train,True,0.0019558,0.22147445559501647,663.3394996654987,663.4964599609375,663.5609741210938,0.06455100327730179,0.15692345231771468
37,40,77,train,True,0.0013013,0.12375418953597546,657.4886725682766,657.3751220703125,657.6124267578125,0.23725080490112305,-0.11349661536514759
38,39,77,train,True,0.0079156,-5.184170790016651e-05,649.3016265487391,649.5657348632812,649.3015747070312,-0.2641476094722748,0.2640957677643746
29,49,78,train,True,0.0133302,0.7254150578379631,651.6771117976308,651.6642456054688,652.4025268554688,0.7382789850234985,-0.012863927185535418
30,48,78,train,True,0.0019422,0.3570546382665634,663.6245737797021,663.5756225585938,663.9816284179688,0.40595999360084534,-0.04890535533428192
31,47,78,train,True,0.001053,-0.11653364775702357,668.8741630422883,669.01416015625,668.7576293945312,-0.2565354108810425,0.1400017631240189
32,46,78,train,True,0.0035334,-0.28617895253002645,676.4628757298738,676.3897705078125,676.1766967773438,-0.21306079626083374,-0.07311815626919271
33,45,78,train,True,0.0097812,-0.01979028027271852,676.5276027802727,676.5623168945312,676.5078125,-0.05452800169587135,0.03473772142315283
34,44,78,train,True,0.0001794,-0.22455659750849008,679.966133745946,679.9889526367188,679.7415771484375,-0.24736160039901733,0.022805002890527254
35,43,78,train,True,0.0035802,0.20751770194619895,675.6757830793038,675.6328125,675.88330078125,0.25046679377555847,-0.04294909182935952
36,42,78,train,True,0.0003042,-0.10190576474182307,675.503333987398,675.5765991210938,675.4014282226562,-0.17520299553871155,0.07329723079688848
37,41,78,train,True,0.003237,-0.20013428531587124,667.6595459064097,667.5513916015625,667.4594116210938,-0.09199360013008118,-0.10814068518579006
38,40,78,train,True,0.007449,0.07030361226061359,663.2636807627393,663.007568359375,663.333984375,0.3264262080192566,-0.256122595758643
29,50,79,train,False,0.1049831,0.6848337385058403,657.1787526872754,657.3541259765625,657.8635864257812,0.5094980001449585,0.1753357383608818
30,49,79,train,True,0.0022278,0.5266243802011012,667.6183951510488,667.5960083007812,668.14501953125,0.5489825010299683,-0.022358120828867012
31,48,79,train,True,0.0012087,-0.1466638346016407,675.9706384439767,675.9297485351562,675.823974609375,-0.10572750121355057,-0.040936333388090135
32,47,79,train,True,0.0371616,-0.13585585199296474,682.0931312426179,682.126220703125,681.957275390625,-0.16890309751033783,0.03304724551737309
33,46,79,train,True,0.0053246,0.07386958903167397,685.4458447664371,685.4527587890625,685.5197143554688,0.06694120168685913,0.0069283873448148375
34,45,79,train,True,0.0002212,0.23717137448489667,687.0091054809839,686.9517822265625,687.2462768554688,0.29450830817222595,-0.05733693368732928
35,44,79,train,True,0.0010033,0.15290153505280613,686.2184973907284,686.320068359375,686.3713989257812,0.05134759843349457,0.10155393661931156
36,43,79,train,True,0.0034839,0.12112135048955679,683.8502531612291,683.9119262695312,683.9713745117188,0.05947300046682358,0.06164835002273321
37,42,79,train,True,0.0019434,0.0956729965750128,679.4334407729563,679.4900512695312,679.5291137695312,0.03903210163116455,0.05664089494384825
38,41,79,train,True,0.0074181,0.08309799117501825,673.3761915596062,673.3845825195312,673.4592895507812,0.07469180226325989,0.008406188911758358
39,40,79,train,True,0.080106,0.01959126197732985,665.0989390114602,664.925537109375,665.1185302734375,0.19297480583190918,-0.17338354385457933
30,50,80,train,True,0.002584,0.45225924119353295,673.8268545283377,673.8836669921875,674.2791137695312,0.39544400572776794,0.056815235465765
31,49,80,train,True,0.002888,-0.058837923237588255,680.7760620443313,680.6763305664062,680.7172241210938,0.04083999991416931,-0.09967792315175757
32,48,80,train,True,0.002056,-0.2762420289218426,690.1465423218906,690.2056274414062,689.8703002929688,-0.3353559970855713,0.059113968163728714
33,47,80,train,True,0.003336,0.07492859547026455,692.0848614435922,692.1026000976562,692.1597900390625,0.05720800161361694,0.017720593856647607
34,46,80,train,True,0.000944,0.23442031279206277,696.874466405958,696.8651123046875,697.10888671875,0.2437639981508255,-0.009343685358762732
35,45,80,train,True,0.000992,0.40407404989004136,694.2037140360475,694.2123413085938,694.6077880859375,0.39547199010849,0.008602059781551374
36,44,80,train,True,0.000696,-0.12618520588614046,695.4461925301049,695.4343872070312,695.3200073242188,-0.11440800130367279,-0.01177720458246767
37,43,80,train,True,0.001864,0.06545782007277012,688.7858605393022,688.93408203125,688.851318359375,-0.08278000354766846,0.14823782362043858
38,42,80,train,True,0.003464,0.008677311915671454,686.2355243482406,686.2877197265625,686.2442016601562,-0.043528001755476,0.05220531367114745
39,41,80,train,True,0.00624,-0.4985547436773777,676.3902783764898,676.3421020507812,675.8917236328125,-0.45037201046943665,-0.04818273320794103
30,51,81,train,True,0.0050301,0.4315452751517296,676.486362439692,676.5060424804688,676.9179077148438,0.4118778109550476,0.019667464196681972
31,50,81,train,True,0.0032643,-0.1797023343667388,687.1850734281168,687.1519775390625,687.00537109375,-0.14656560122966766,-0.033136733137071134
32,49,81,train,True,0.0020574,-0.14012142991647125,695.017440765854,695.0333251953125,694.8773193359375,-0.15605470538139343,0.01593327546492218
33,48,81,train,True,0.0026406,-0.15361368166282774,700.4904056738503,700.4926147460938,700.3367919921875,-0.15582509338855743,0.002211411725729695
34,47,81,train,True,0.0009801,0.3447670695185661,703.6085410359502,703.5659790039062,703.9533081054688,0.38731619715690613,-0.04254912763834001
35,46,81,train,True,0.0009801,0.45702616199851037,704.2246754981577,704.3716430664062,704.6817016601562,0.31003350019454956,0.1469926618039608
36,45,81,train,True,0.0010773,0.4291710749268532,703.2796301946044,703.3084716796875,703.7088012695312,0.40033140778541565,0.02883966714143754
37,44,81,train,True,0.0049005,0.2920672003924847,700.177537291795,700.28662109375,700.4696044921875,0.18297410011291504,0.10909310027956964
38,43,81,train,True,0.0031266,0.2201156511157751,695.694374094978,695.5757446289062,695.9144897460938,0.3387854993343353,-0.11866984821856022
39,42,81,train,True,0.0054027,0.12892717601731418,688.7605991911702,688.9781494140625,688.8895263671875,-0.08865109831094742,0.2175782743282616
40,41,81,train,True,0.0922185,0.054728265898302195,679.8770954645704,680.00732421875,679.9318237304688,-0.07550390064716339,0.1302321665454656
30,52,82,train,True,0.003075,0.5810270078480244,680.759060882777,680.691650390625,681.340087890625,0.6484649777412415,-0.06743796989321704
31,51,82,train,True,0.0024272,-0.058950410725083204,690.5477199419751,690.5260620117188,690.48876953125,-0.03725079819560051,-0.021699612529482694
32,50,82,train,True,0.0022386,-0.33584464371204376,702.2732225733995,702.22802734375,701.9373779296875,-0.2906494140625,-0.045195229649543756
33,49,82,train,True,0.003731,0.00727622278034687,706.1219352030009,706.1360473632812,706.1292114257812,-0.006854599807411432,0.014130822587758302
34,48,82,train,True,0.0004674,0.09532478645443916,712.8999755065144,712.8421630859375,712.9953002929688,0.15312139689922333,-0.057796610444784166
35,47,82,train,True,0.0009676,0.5257010924816131,711.7871040832996,711.964599609375,712.3128051757812,0.34818539023399353,0.1775157022476196
36,46,82,train,True,2.46e-05,0.3483454748988152,714.1939518883825,714.275390625,714.5422973632812,0.2669171988964081,0.0814282760024071
37,45,82,train,True,0.0030094,0.5260890313982963,709.0583225896954,709.0890502929688,709.5844116210938,0.49534499645233154,0.030744034945964782
38,44,82,train,True,0.0059942,-0.08458813497098162,708.101677978721,708.1289672851562,708.01708984375,-0.11185800284147263,0.027269867870491002
39,43,82,train,True,0.0055022,-0.060314839081838725,699.4069334914255,699.400634765625,699.3466186523438,-0.05404840037226677,-0.006266438709571956
40,42,82,train,True,0.0015826,-0.0031199283013120293,694.0928416079888,694.1682739257812,694.0897216796875,-0.0785612016916275,0.07544127339031548
31,52,83,train,True,0.0026145,0.1437822631187737,695.0503095337563,694.9237670898438,695.194091796875,0.2703252136707306,-0.12654295055195688
32,51,83,train,True,0.0024236,-0.17679146062582732,705.7546723200009,705.8607177734375,705.577880859375,-0.28283458948135376,0.10604312885552644
33,50,83,train,True,0.0027971,-0.4483164469897747,713.8339365641773,713.7713012695312,713.3856201171875,-0.38568198680877686,-0.06263446018099783
34,49,83,train,True,0.0030378,0.2418498082458973,718.7201252894104,718.66015625,718.9619750976562,0.3018519878387451,-0.060002179592847815
35,48,83,train,True,0.0037931,0.18046989668160676,721.4389148689434,721.5509643554688,721.619384765625,0.0684283971786499,0.11204149950295686
36,47,83,train,True,2.49e-05,0.6075879773497581,721.7558153429627,721.7455444335938,722.3634033203125,0.6178514957427979,-0.010263518393039739
37,46,83,train,True,0.0023323,0.6079684552550316,720.054140919745,720.043212890625,720.662109375,0.6188980937004089,-0.01092963844537731
38,45,83,train,True,0.0068309,0.504982343018055,716.915916094482,716.9878540039062,717.4208984375,0.4330691993236542,0.07191314369440083
39,44,83,train,True,0.0186335,0.3769661429524422,711.57921061486,711.613525390625,711.9561767578125,0.34266069531440735,0.034305447638034836
40,43,83,train,True,0.0064325,0.2691209276765585,704.5433790723234,704.5371704101562,704.8125,0.27532491087913513,-0.006203983202576646
41,42,83,train,False,0.1620824,0.15673149164766073,695.0865546411649,695.4560546875,695.2432861328125,-0.212778702378273,0.36951019402593377
31,53,84,train,True,0.0298116,0.09114225150435232,697.7832473969331,697.8320922851562,697.8743896484375,0.04230000078678131,0.048842250717571006
32,52,84,train,True,0.0031668,0.11258313568308949,710.998989129942,711.1040649414062,711.111572265625,0.007550400216132402,0.10503273546695709
33,51,84,train,True,0.0031668,-0.27700025737285616,718.0890730112791,718.02685546875,717.8120727539062,-0.2147340029478073,-0.06226625442504885
34,50,84,train,True,0.0019572,-0.3942098133265972,727.4255208484828,727.3386840820312,727.0313110351562,-0.30735400319099426,-0.08685581013560295
35,49,84,train,True,0.0257292,0.10002773471642286,728.3750699215336,728.3916625976562,728.47509765625,0.08343040198087692,0.016597332735545936
36,48,84,train,True,2.52e-05,0.3022322019934654,732.1935563722253,732.2655639648438,732.4957885742188,0.2302267998456955,0.0720054021477699
37,47,84,train,True,0.0021924,0.6965811142325401,728.5820443740487,728.8028564453125,729.2786254882812,0.4757503867149353,0.2208307275176048
38,46,84,train,True,0.0012432,0.31440535105764866,728.8439808794111,728.9111328125,729.1583862304688,0.2472912073135376,0.06711414374411107
39,45,84,train,True,0.0043008,0.5103962598741054,721.3697306932509,721.3735961914062,721.880126953125,0.5064792037010193,0.003917056173086131
40,44,84,train,True,0.005502,-0.05254608856514096,718.1917672799714,718.1185302734375,718.1392211914062,0.020671600475907326,-0.07321768904104828
41,43,84,train,True,0.0004032,-0.1483316189609468,707.0506143338047,707.1083374023438,706.9022827148438,-0.20602920651435852,0.05769758755341173
31,54,85,train,True,0.037264,0.2514489831402898,701.4714514074847,701.5533447265625,701.722900390625,0.169560506939888,0.0818884762004018
32,53,85,train,True,0.0037315,0.07987920199520886,713.9061437472235,714.1503295898438,713.9860229492188,-0.16435649991035461,0.24423570190556348
33,52,85,train,True,0.003077,-0.027401647306978704,723.5761077019945,723.4337158203125,723.5487060546875,0.1149664968252182,-0.1423681441321969
34,51,85,train,True,0.0026095,-0.2845700164884329,731.8563473602385,731.8758544921875,731.57177734375,-0.3040825128555298,0.0195124963670969
35,50,85,train,True,0.003077,-0.47252906575798986,737.321406018883,737.25537109375,736.848876953125,-0.40647101402282715,-0.06605805173516272
36,49,85,train,True,0.0019975,0.3458377367258072,739.2970455640555,739.3778686523438,739.6428833007812,0.2650195062160492,0.080818230509758
37,48,85,train,True,2.55e-05,0.4473824198544025,739.2750907246768,739.2825317382812,739.7224731445312,0.4399639964103699,0.007418423444032651
38,47,85,train,True,0.0028135,0.6565483668446541,737.3521796604991,737.4361572265625,738.0087280273438,0.5725594758987427,0.08398889094591144
39,46,85,train,True,0.0189635,0.5653990213572979,733.326995998174,733.3926391601562,733.8923950195312,0.499769002199173,0.06563001915812494
40,45,85,train,True,0.006426,0.4438039544224739,727.8169992682338,727.943359375,728.2608032226562,0.31745100021362305,0.12635295420885084
41,44,85,train,True,0.004097,0.3599397683143616,720.2619474387169,720.2655029296875,720.6218872070312,0.35640549659729004,0.0035342717170715465
42,43,85,train,True,0.0158355,0.2622029632329941,710.7423136383295,710.7131958007812,711.0045166015625,0.29128000140190125,-0.029077038168907166
32,54,86,train,False,0.4378002,0.28886970445513727,718.4184056861699,718.4981689453125,718.707275390625,0.2091200053691864,0.07974969908595086
33,53,86,train,True,0.0034486,-0.02429244724335149,727.2603764316184,727.278076171875,727.236083984375,-0.04194900020956993,0.01765655296621844
34,52,86,train,True,0.0025198,-0.021082641747780143,738.1220958253415,738.0367431640625,738.1010131835938,0.06427360326051712,-0.08535624500829726
35,51,86,train,True,0.0030788,-0.4299646355211735,742.5141931511462,742.3834838867188,742.084228515625,-0.29926741123199463,-0.13069722428917885
36,50,86,train,True,2.58e-05,-0.39249166190624235,749.3056996697187,749.2345581054688,748.9132080078125,-0.3213370144367218,-0.07115464746952055
37,49,86,train,True,0.0001978,-0.09906919721513986,747.9047942948714,747.9335327148438,747.8057250976562,-0.12782040238380432,0.02875120516866446
38,48,86,train,True,2.58e-05,0.4316960780322552,748.865484097749,748.92724609375,749.2971801757812,0.3699324131011963,0.06176366493105889
39,47,86,train,True,0.0141384,0.6624655658006668,742.8372292584181,742.9049072265625,743.4996948242188,0.5947802066802979,0.06768535912036899
40,46,86,train,True,0.003569,0.1975816971063614,740.7298475021124,740.8084716796875,740.9274291992188,0.11890219897031784,0.07867949813604355
41,45,86,train,True,0.0054954,0.34190117731690406,731.0971857367456,731.191162109375,731.4390869140625,0.2479134052991867,0.09398777201771735
42,44,86,train,True,0.0029326,-0.010119803070556372,725.2903322054143,725.3856811523438,725.2802124023438,-0.10550499707460403,0.09538519400404766
33,54,87,train,True,0.0029841,0.13789849685505032,732.1042890031449,732.005126953125,732.2421875,0.2370672971010208,-0.0991688002459705
34,53,87,train,True,0.0022446,-0.0046005799761042,741.9640732362261,742.031005859375,741.95947265625,-0.07150399684906006,0.06690341687295585
35,52,87,train,True,0.0031668,-0.23312496319413184,748.9292309202253,748.7142333984375,748.6961059570312,-0.018113499507308006,-0.21501146368682383
36,51,87,train,True,0.0002436,-0.4774490211904049,754.7027297829092,754.7496948242188,754.2252807617188,-0.5244079828262329,0.04695896163582802
37,50,87,train,True,2.61e-05,-0.48936386838555335,757.9327842785418,757.8556518554688,757.4434204101562,-0.4122340977191925,-0.07712977066636084
38,49,87,train,True,2.61e-05,0.4451352685689926,757.270685043931,757.3555297851562,757.7158203125,0.3602418899536133,0.08489337861537932
39,48,87,train,True,0.001131,0.4897836971282959,754.5895009708405,754.7115478515625,755.0792846679688,0.3677763044834137,0.1220073926448822
40,47,87,train,True,0.0041499,0.5262253566086292,750.1597487644851,750.2579345703125,750.6859741210938,0.4280585050582886,0.09816685155034066
41,46,87,train,True,0.0068034,0.4249312138557434,743.9518388056755,744.0029296875,744.3767700195312,0.37386271357536316,0.051068500280380236
42,45,87,train,True,0.0028536,0.3674586008489132,736.1918675710261,736.2308959960938,736.559326171875,0.3283858895301819,0.0390727113187313
43,44,87,train,True,0.0041934,0.3174204516410828,726.3045888257027,726.2537841796875,726.6220092773438,0.36819368600845337,-0.05077323436737058
34,54,88,train,True,0.0033616,0.13399239867925644,747.6567790856957,747.5604248046875,747.790771484375,0.23040400445461273,-0.09641160577535629
35,53,88,train,True,0.003168,-0.24877637095749378,753.5058564490824,753.6098022460938,753.257080078125,-0.3527151942253113,0.1039388232678175
36,52,88,train,True,0.0026048,-0.3078665203601122,761.8131765789539,761.8027954101562,761.5053100585938,-0.297491192817688,-0.010375327542424206
37,51,88,train,True,0.0001584,-0.5943340030312538,764.0592387881875,763.9381713867188,763.4649047851562,-0.4732551872730255,-0.12107881575822832
38,50,88,train,True,2.64e-05,-0.21479270063340664,768.4854225834459,768.4684448242188,768.2706298828125,-0.19783039391040802,-0.016962306722998616
39,49,88,train,True,0.001496,0.2589093258976936,764.0617693850398,764.0634765625,764.3206787109375,0.2572152018547058,0.001694124042987799
40,48,88,train,True,0.0054032,0.3572874979674816,762.6746949239075,762.6109619140625,763.031982421875,0.4210168123245239,-0.06372931435704232
41,47,88,train,True,0.0578072,0.45474989905953406,754.198448343128,754.371337890625,754.6531982421875,0.2818855941295624,0.17286430492997168
42,46,88,train,True,0.0038192,0.16464297086000443,750.1283868142963,750.1039428710938,750.2930297851562,0.18903440237045288,-0.024391431510448452
43,45,88,train,True,0.0041008,0.25486977577209474,738.3187386226654,738.3053588867188,738.5736083984375,0.26822561025619507,-0.013355834484100326
34,55,89,train,True,0.0037291,0.09471954279579223,750.6584542853292,750.7399291992188,750.753173828125,0.013288900256156921,0.0814306425396353
35,54,89,train,True,0.0032663,-0.10464936221716925,759.3392685028422,759.2394409179688,759.234619140625,-0.004837799817323685,-0.09981156239984557
36,53,89,train,True,0.0021449,-0.3944155728816986,766.535345748663,766.7186279296875,766.1409301757812,-0.5777062177658081,0.1832906448841095
37,52,89,train,True,0.005429,-0.4539811784029007,771.3092668229342,771.1128540039062,770.8552856445312,-0.2575654983520508,-0.19641568005084992
38,51,89,train,True,9.79e-05,-0.4229835119843483,774.8664039221406,774.8271484375,774.4434204101562,-0.38374701142311096,-0.03923650056123734
39,50,89,train,True,0.0003382,-0.33429295621812344,775.4815707882494,775.5469970703125,775.1472778320312,-0.3996790051460266,0.06538604892790317
40,49,89,train,True,0.0027768,0.510793282687664,771.9791969516873,771.931396484375,772.489990234375,0.5586014986038208,-0.047808215916156804
41,48,89,train,True,0.0236295,0.326373034119606,766.8595400518179,766.8968505859375,767.1859130859375,0.28906241059303284,0.03731062352657316
42,47,89,train,True,0.003916,0.35964357405900954,760.3931640431285,760.503662109375,760.7528076171875,0.2491261065006256,0.11051746755838393
43,46,89,train,True,0.0038181,0.3529516953229904,752.2697289687395,752.1012573242188,752.6226806640625,0.5214537978172302,-0.1685021024942398
44,45,89,train,True,0.0242169,0.3208606956899166,742.0427257300913,742.29345703125,742.3635864257812,0.07013600319623947,0.2507246924936771
34,56,90,train,False,0.329751,0.1414017482008785,755.5413985447678,755.6190185546875,755.6828002929688,0.06375200301408768,0.07764974518679083
35,55,90,train,True,0.003357,-0.12022704983130098,763.0980102529563,763.0368041992188,762.977783203125,-0.05898499861359596,-0.06124205121770501
36,54,90,train,True,0.001863,-0.30852473542094233,773.1621013955772,773.21337890625,772.8535766601562,-0.35979101061820984,0.05126627519726751
37,53,90,train,True,0.006453,-0.6162141236662865,776.8092072877288,776.8373413085938,776.1929931640625,-0.6443579792976379,0.028143855631351467
38,52,90,train,True,0.001449,-0.09522472134791314,782.6660255025979,782.640380859375,782.57080078125,-0.06958699971437454,-0.0256377216335386
39,51,90,train,True,0.000351,-0.4224634765088558,782.4377833007276,782.4039916992188,782.0153198242188,-0.38870200514793396,-0.033761471360921835
40,50,90,train,True,0.000117,0.050710529848001895,784.0023900560896,783.8972778320312,784.0531005859375,0.15580900013446808,-0.10509847028646618
41,49,90,train,True,0.003321,0.2727948846668005,777.0143755254894,777.00390625,777.2871704101562,0.283270001411438,-0.01047511674463747
42,48,90,train,True,0.003465,0.19368913933634757,773.5857908411324,773.7325439453125,773.7794799804688,0.04693499952554703,0.14675413981080054
43,47,90,train,True,0.001026,0.31126403525471685,763.4435577420891,763.5023803710938,763.7548217773438,0.2524000108242035,0.05886402443051336
44,46,90,train,True,0.003726,0.2758021648973227,756.8913120929152,756.879150390625,757.1671142578125,0.2879439890384674,-0.01214182414114473
34,57,91,train,False,0.4331418,0.09510756086092442,758.1146702711703,758.4702758789062,758.2097778320312,-0.2604762017726898,0.35558376263361424
35,56,91,train,True,0.0035399,-0.15224324349313975,768.2766328919306,768.215087890625,768.1243896484375,-0.09070219844579697,-0.061541045047342785
36,55,91,train,True,0.0022386,-0.37054131165146825,777.1702239288389,777.2994384765625,776.7996826171875,-0.4997228980064392,0.12918158635497096
37,54,91,train,True,0.0077987,-0.4275281944870949,783.5234144249558,783.2881469726562,783.0958862304688,-0.19225110113620758,-0.2352770933508873
38,53,91,train,True,0.0054509,-0.36716763421893117,788.3225509350002,788.4127197265625,787.9553833007812,-0.4573068916797638,0.09013925746083262
39,52,91,train,True,0.0018473,-0.14724278543144464,790.410060168244,790.3297119140625,790.2628173828125,-0.0669310986995697,-0.08031168673187494
40,51,91,train,True,0.0001001,-0.058045883958693596,791.148438950365,791.0916748046875,791.0903930664062,-0.0012559000169858336,-0.05678998394170776
41,50,91,train,True,0.0029302,-0.1427080119587481,789.1870805705526,789.0517578125,789.0443725585938,-0.007345300167798996,-0.1353627117909491
42,49,91,train,True,0.0062426,0.2312971867620945,783.7409318171442,783.8402099609375,783.9722290039062,0.13199740648269653,0.09929978027939795
43,48,91,train,True,0.002366,0.22211571291089058,776.7940586034954,776.835693359375,777.0161743164062,0.18052220344543457,0.04159350946545601
44,47,91,train,True,0.0022204,0.352645787447691,768.2911530406773,768.3065185546875,768.643798828125,0.3372882902622223,0.015357497185468694
35,57,92,train,True,0.0067068,-0.11259143637958914,771.4775206355984,771.4119262695312,771.3649291992188,-0.047031600028276443,-0.0655598363513127
36,56,92,train,True,0.0027048,-0.36711429387331007,783.1682007196546,783.1660766601562,782.8010864257812,-0.36500000953674316,-0.0021142843365669073
37,55,92,train,True,0.0061272,-0.5131746520102024,788.4146028746665,788.3868408203125,787.9014282226562,-0.4854699969291687,-0.027704655081033702
38,54,92,train,True,0.0034224,-0.12608800927177072,795.7151993373968,795.699462890625,795.589111328125,-0.11034400016069412,-0.015744009111076596
39,53,92,train,True,0.0091264,-0.5143701785802841,796.9054834598303,796.8662109375,796.39111328125,-0.4751248061656952,-0.03924537241458892
40,52,92,train,True,0.0001012,0.21557029951363801,799.8527280403301,799.7263793945312,800.0682983398438,0.3418964147567749,-0.1263261152431369
41,51,92,train,True,0.0017848,-0.13776607250794767,796.9655858967267,796.9383544921875,796.8278198242188,-0.11052519828081131,-0.027240874227136364
42,50,92,train,True,0.0001564,-0.0926424590870738,796.4934603301808,796.5112915039062,796.4008178710938,-0.11047039926052094,0.017827940173447132
43,49,92,train,True,0.0031004,-0.006282687755301595,787.808711886974,787.8460693359375,787.8024291992188,-0.04364800080657005,0.03736531305126846
44,48,92,train,True,0.002714,0.2532692126184702,782.4045066662878,782.439208984375,782.6577758789062,0.21859200298786163,0.03467720963060855
45,47,92,train,True,0.0043792,0.3165589088946581,770.1826476340741,770.354736328125,770.4992065429688,0.1444588005542755,0.17210010834038258
46,46,92,train,False,0.3450276,0.39971928283572195,761.3759765179456,761.3524169921875,761.7756958007812,0.4233059883117676,-0.023586705476045633
35,58,93,train,False,0.4308132,-0.09740405252203345,776.044425536897,776.1406860351562,775.947021484375,-0.19366979598999023,0.09626574346795679
36,57,93,train,True,0.002511,-0.3784761856496334,786.4844942520559,786.6040649414062,786.1060180664062,-0.4980905055999756,0.11961431995034216
37,56,93,train,True,0.0078306,-0.3648023641854525,794.5693311727792,794.3056640625,794.2045288085938,-0.10114370286464691,-0.26365866132080557
38,55,93,train,True,0.0075516,-0.3078616699576378,800.9515384277702,800.9892578125,800.6436767578125,-0.3455375134944916,0.03767584353685377
39,54,93,train,True,0.0104904,-0.16494879918172956,804.407929756213,804.3482055664062,804.2429809570312,-0.10520219802856445,-0.0597466011531651
40,53,93,train,True,0.0004557,-0.005210438040085137,806.3454814341338,806.4607543945312,806.3402709960938,-0.12042509764432907,0.11521465960424393
41,52,93,train,True,0.001488,0.09668122401461005,805.8972152603604,805.7692260742188,805.993896484375,0.2247042953968048,-0.12802307138219476
42,51,93,train,True,0.000186,-0.19251425728201865,804.4608858393133,804.5810546875,804.2683715820312,-0.31268349289894104,0.12016923561692239
43,50,93,train,True,0.0010137,-0.26726596131920816,800.6145560003818,800.5977783203125,800.3472900390625,-0.2504726052284241,-0.016793356090784084
44,49,93,train,True,0.0020646,0.1389242098107934,793.4345621183143,793.426025390625,793.573486328125,0.14746889472007751,-0.008544684909284117
45,48,93,train,True,0.0026319,0.3155107931792736,784.4939984841644,784.4387817382812,784.8095092773438,0.3707284927368164,-0.0552176995575428
46,47,93,train,False,0.3700098,0.4171991069614887,773.8644781391323,773.6264038085938,774.2816772460938,0.6552758812904358,-0.23807677432894708
36,58,94,train,True,0.0121072,-0.3775395526736975,791.7060307636112,791.88720703125,791.3284912109375,-0.5586891770362854,0.1811496243625879
37,57,94,train,True,0.0020304,-0.3657548824697733,798.5692460934073,798.31982421875,798.2034912109375,-0.1163536012172699,-0.24940128125250338
38,56,94,train,True,0.0016638,-0.17636009320616722,808.0044850932062,807.8204345703125,807.828125,0.007666400168091059,-0.18402649337425828
39,55,94,train,True,0.0063826,-0.4987676891684532,810.5670660290122,810.5438232421875,810.0682983398438,-0.4755392074584961,-0.023228481709957116
40,54,94,train,True,0.0001692,0.149965801788494,814.7761206239927,814.6793212890625,814.9260864257812,0.24674959480762482,-0.09678379301913081
41,53,94,train,True,0.0014946,-0.015318604398053139,813.0017077645543,812.9967041015625,812.9863891601562,-0.010331599973142147,-0.0049870044249109916
42,52,94,train,True,0.000141,0.102117770165205,814.1571595735847,814.2593994140625,814.25927734375,-0.00010540000221226364,0.10222317016741726
43,51,94,train,True,0.0040702,-0.2418466441333294,809.2562509410084,809.2213134765625,809.014404296875,-0.20690619945526123,-0.03494044467806817
44,50,94,train,True,0.0031396,-0.18255541760474445,806.8661491676047,806.8642578125,806.68359375,-0.1806280016899109,-0.001927415914833558
45,49,94,train,True,0.0033746,-0.04912005973514169,796.3881093175477,796.4058837890625,796.3389892578125,-0.06691019982099533,0.01779014008585364
46,48,94,train,True,0.0042864,0.3967295318841934,788.8734731048346,788.8182373046875,789.2702026367188,0.4519791901111603,-0.05524965822696687
36,59,95,train,True,0.0186295,-0.015488014544826002,794.7040866473574,794.7696533203125,794.6885986328125,-0.08104850351810455,0.06556048897327856
37,58,95,train,True,0.0202445,-0.31679529502987863,803.8221663887799,803.7186889648438,803.50537109375,-0.21328650414943695,-0.10350879088044168
38,57,95,train,True,0.005814,-0.28410658814013007,812.2383912561089,812.163330078125,811.9542846679688,-0.2090124934911728,-0.07509409464895728
39,56,95,train,True,0.006783,-0.1823985824920237,817.6471812973358,817.4716186523438,817.4647827148438,-0.006818000227212906,-0.1755805822648108
40,55,95,train,True,0.000874,-0.12179999988526106,821.0121808592603,821.1412963867188,820.890380859375,-0.2508780062198639,0.1290780063346028
41,54,95,train,True,0.000513,0.08470833102241158,821.6540001650714,821.4852905273438,821.7387084960938,0.25343650579452515,-0.16872817477211355
42,53,95,train,True,0.0001235,0.04535829540109262,821.3436187553801,821.6285400390625,821.3889770507812,-0.23951399326324463,0.2848722886643372
43,52,95,train,True,0.0050825,-0.013055302079301327,819.2382750286419,819.1556396484375,819.2252197265625,0.06954549998044968,-0.08260080205975101
44,51,95,train,True,0.0095,-0.2569762409478426,815.8058654011041,815.8096923828125,815.5488891601562,-0.26080700755119324,0.0038307666033506327
45,50,95,train,True,0.0038855,-0.2727093734592199,809.9285931625217,809.9102172851562,809.6558837890625,-0.254316508769989,-0.018392864689230903
46,49,95,train,True,0.0030305,0.21868566676974296,800.7974276144803,800.753173828125,801.01611328125,0.26293349266052246,-0.044247825890779496
36,60,96,train,True,0.0192768,0.5121358351409435,799.6738382859528,799.7637329101562,800.1859741210938,0.42227840423583984,0.08985743090510367
37,59,96,train,True,0.0033504,-0.024353184405481444,807.2958375594055,807.2540283203125,807.271484375,0.017455199733376503,-0.04180838413885794
38,58,96,train,True,0.0084672,-0.2125363840907812,818.1339231028408,818.0355834960938,817.92138671875,-0.11419360339641571,-0.0983427806943655
39,57,96,train,True,0.0060768,-0.34729914098978043,822.6380095902085,822.6649780273438,822.2907104492188,-0.3742823898792267,0.026983248889446254
40,56,96,train,True,0.0001152,0.018265761637594552,828.9909505469561,828.9915161132812,829.0092163085938,0.017683200538158417,0.0005825610994361352
41,55,96,train,True,0.000144,-0.060723495706915855,828.405450058207,828.3731079101562,828.3447265625,-0.028432799503207207,-0.03229069620370865
42,54,96,train,True,0.0001248,0.07268144330475479,830.742198927789,830.7828369140625,830.8148803710938,0.03205199912190437,0.040629444182850416
43,53,96,train,True,0.0051456,-0.017258199295029045,827.0545506797638,827.0272827148438,827.0372924804688,0.010039200074970722,-0.027297399369999767
44,52,96,train,True,0.0001728,0.021727938626427204,826.5097662019986,826.503662109375,826.531494140625,0.027852000668644905,-0.006124062042217701
45,51,96,train,True,0.0100032,-0.21495631888508795,819.3872585649789,819.3286743164062,819.1723022460938,-0.15635600686073303,-0.05860031202435492
46,50,96,train,True,0.0041952,-0.13934179410338401,815.0968613253534,815.0419921875,814.95751953125,-0.0844871997833252,-0.05485459432005882
47,49,96,train,True,0.0900864,-0.008655397098045796,802.5956304947543,802.587890625,802.5869750976562,-0.0008687999797984958,-0.0077865971182473
36,61,97,train,False,0.1304068,0.5023673903942109,802.3797126877308,802.1768798828125,802.882080078125,0.7052435278892517,-0.20287613749504085
37,60,97,train,True,0.0019109,0.3941974829882383,812.5921306420117,812.4901733398438,812.986328125,0.49614161252975464,-0.10194412954151633
38,59,97,train,True,0.0033853,-0.1423040149733424,821.7165838001296,821.7693481445312,821.5742797851562,-0.19504329562187195,0.052739280648529535
39,58,97,train,True,0.0067124,-0.1566349931433797,828.5367619462684,828.5217895507812,828.380126953125,-0.14167520403862,-0.014959789104759702
40,57,97,train,True,0.0001261,-0.16906070400029422,834.0941705672816,834.5606689453125,833.9251098632812,-0.6355654001235962,0.466504696123302
41,56,97,train,True,0.0042486,0.022055830258177592,836.6125266892731,836.4443969726562,836.6345825195312,0.19017520546913147,-0.16811937521095388
42,55,97,train,True,0.0001649,0.06110081477090716,837.407893325854,837.60400390625,837.468994140625,-0.13498219847679138,0.19608301324769856
43,54,97,train,True,0.0041225,0.003041474912315607,836.629343778994,836.5013427734375,836.6323852539062,0.1310362070798874,-0.1279947321675718
44,53,97,train,True,0.0027645,-0.0060255658277310435,834.5084059369215,834.6151733398438,834.5023803710938,-0.11275029927492142,0.10672473344719037
45,52,97,train,True,0.0354632,0.036946917886380104,830.3550818907074,830.309814453125,830.3920288085938,0.08219470083713531,-0.04524778295075521
46,51,97,train,True,0.0048403,-0.13483873076736927,824.7875486917048,824.7357177734375,824.6527099609375,-0.08303909748792648,-0.051799633279442786
47,50,97,train,True,0.0120183,-0.22797134272754194,817.0458424364775,817.0515747070312,816.81787109375,-0.23367370665073395,0.005702363923192011
48,49,97,train,False,0.4201749,0.14100267459638416,805.9282722277474,806.0992431640625,806.0692749023438,-0.029926100745797157,0.17092877534218132
37,61,98,train,True,0.0160818,0.3720881533622742,816.316693584919,816.4114990234375,816.6887817382812,0.2773188054561615,0.09476934790611269
38,60,98,train,True,0.0032242,0.4348062302172184,827.6950155471266,827.682373046875,828.1298217773438,0.44742700457572937,-0.012620774358510944
39,59,98,train,True,0.0079184,-0.10733587607741356,832.7745111690461,832.766357421875,832.6671752929688,-0.09918759763240814,-0.008148278445005416
40,58,98,train,True,0.0084476,-0.054417086432222275,840.7752422817447,840.97705078125,840.7208251953125,-0.25624319911003113,0.20182611267780887
41,57,98,train,True,0.004998,-0.062020388208329676,842.3336268335208,842.4375610351562,842.2716064453125,-0.1659567952156067,0.10393640700727702
42,56,98,train,True,0.0001764,0.01748723357450217,846.324919992988,846.24658203125,846.3424072265625,0.09582819789648056,-0.07834096432197839
43,55,98,train,True,0.003381,0.019145439605927093,843.8761792674253,843.7804565429688,843.8953247070312,0.11483939737081528,-0.09569395776488818
44,54,98,train,True,0.0064582,-0.034540059342980385,844.7960146687179,844.790771484375,844.761474609375,-0.02927199937403202,-0.0052680599689483645
45,53,98,train,True,0.011907,0.03238158142426983,838.9951452740445,838.9588012695312,839.0275268554688,0.06872759759426117,-0.03634601616999134
46,52,98,train,True,0.0047432,0.14841601748019456,836.3731904278324,836.3222045898438,836.5216064453125,0.19940979778766632,-0.05099378030747176
47,51,98,train,True,0.0329084,-0.14712978277355432,827.2537582007423,827.2852783203125,827.1066284179688,-0.17868679761886597,0.03155701484531165
48,50,98,train,True,0.051793,-0.09080243663862347,821.0765812452323,821.0729370117188,820.9857788085938,-0.08713939785957336,-0.0036630387790501096
37,62,99,train,True,0.0040293,0.45004802525043486,821.1559700411558,821.2348022460938,821.6060180664062,0.3712010085582733,0.07884701669216154
38,61,99,train,True,0.0047421,0.3657416094839573,831.6629449139535,831.849853515625,832.0286865234375,0.17887349426746368,0.1868681152164936
39,60,99,train,True,0.0066132,-0.009249131043907255,839.1767295997939,839.1926879882812,839.16748046875,-0.025186199694871902,0.01593706865096465
40,59,99,train,True,0.0105039,-0.027178677935153245,845.3706845373101,845.38330078125,845.343505859375,-0.039774999022483826,0.012596321087330581
41,58,99,train,True,0.0120087,0.059765410446561876,849.3757204293972,849.319580078125,849.4354858398438,0.11589589715003967,-0.0561304867034778
42,57,99,train,True,0.0002277,0.07061681690625847,852.17846765575,852.1719970703125,852.2490844726562,0.0770782008767128,-0.006461383970454329
43,56,99,train,True,0.0009108,0.002720544897019863,852.9435074824468,852.7474365234375,852.9462280273438,0.1987604945898056,-0.19603994969278574
44,55,99,train,True,0.0003465,-0.02179577640257776,852.1179261474963,852.2626342773438,852.0961303710938,-0.1665067970752716,0.14471102067269384
45,54,99,train,True,0.0194535,0.041115930397063495,849.462057897728,849.4393920898438,849.503173828125,0.06380590051412582,-0.02268997011706233
46,53,99,train,True,0.0051084,0.13391894724220038,845.1975019511952,845.25537109375,845.3314208984375,0.07601319998502731,0.05790574725717307
47,52,99,train,True,0.0062667,0.17887000516057014,838.9954464010895,839.002685546875,839.17431640625,0.17163440585136414,0.007235599309206003
48,51,99,train,True,0.001584,-0.011503344075754285,831.464689379232,831.43896484375,831.4531860351562,0.014233400113880634,-0.025736744189634918
37,63,100,train,True,0.01312,0.2249278911203146,824.5127430073172,824.4508666992188,824.7376708984375,0.2868500053882599,-0.06192211426794528
38,62,100,train,True,0.00692,0.58777348741889,837.1664379383624,837.2200927734375,837.7542114257812,0.5340800285339355,0.05369345888495447
39,61,100,train,True,0.01118,-0.034094343751203265,843.8470826250012,843.9415283203125,843.81298828125,-0.1285099983215332,0.09441565457032994
40,60,100,train,True,0.00814,0.02648195288144052,852.2665478322748,852.2106323242188,852.2930297851562,0.08234000205993652,-0.055858049178496
41,59,100,train,True,0.00798,0.09651437981054187,854.906293237377,854.8468017578125,855.0028076171875,0.1559700071811676,-0.059455627370625735
42,58,100,train,True,0.0003,0.012824817053042352,860.3962938352907,860.4662475585938,860.4091186523438,-0.05716000124812126,0.06998481830116361
43,57,100,train,True,0.00135,0.036778117804788055,859.4085954173514,859.5118408203125,859.4453735351562,-0.06644000113010406,0.10321811893489212
44,56,100,train,True,0.00034,-0.13169199503958226,861.8620997098833,861.9359130859375,861.7304077148438,-0.20553000271320343,0.07383800767362117
45,55,100,train,True,0.01813,0.05100223554763943,857.4789049910148,857.517333984375,857.5299072265625,0.01257999986410141,0.03842223568353802
46,54,100,train,True,0.01764,0.13882923062890767,856.3511610037461,856.3565063476562,856.489990234375,0.1334799975156784,0.005349233113229268
47,53,100,train,True,0.005,0.18046336352825165,848.4373344880343,848.4994506835938,848.6177978515625,0.11833000183105469,0.062133361697196965
48,52,100,train,True,0.00168,0.3100766687095165,843.7892275305093,843.7737426757812,844.0993041992188,0.32554998993873596,-0.015473321229219461
49,51,100,train,True,0.00224,-0.17362776447087527,832.9473094050959,832.9749755859375,832.773681640625,-0.20125000178813934,0.02762223731726407
50,50,100,train,False,0.24001,-0.09800830118590965,824.4056254886859,825.16259765625,824.3076171875,-0.8550000190734863,0.7569917178875767
37,64,101,train,True,0.0204929,0.2403919939696789,828.7542979474366,828.82373046875,828.9946899414062,0.17099469900131226,0.06939729496836664
38,63,101,train,True,0.008484,0.29437634646892546,840.8252525597811,840.798828125,841.11962890625,0.320748895406723,-0.026372548937797557
39,62,101,train,True,0.0070801,0.11586605530232191,849.6482330657914,849.7463989257812,849.7640991210938,0.01771949976682663,0.09814655553549528
40,61,101,train,True,0.0083325,-0.13103972502052785,857.037655935958,857.0702514648438,856.9066162109375,-0.16363389790058136,0.03259417288005351
41,60,101,train,True,0.0037471,0.10083539159037173,862.0878853115346,862.0183715820312,862.188720703125,0.1703145056962967,-0.06947911410592496
42,59,101,train,True,0.0003131,0.16341281224042178,865.9897854299471,865.864501953125,866.1531982421875,0.2886941134929657,-0.12528130125254391
43,58,101,train,True,0.0240077,0.02131476042792201,867.8347033059783,867.9067993164062,867.8560180664062,-0.05079659819602966,0.07211135862395167
44,57,101,train,True,0.0004141,-0.06806915153982118,868.6750637804461,868.7379760742188,868.6069946289062,-0.13096599280834198,0.0628968412685208
45,56,101,train,True,0.0058378,0.013414324756595306,867.4109020814934,867.409912109375,867.42431640625,0.014362799935042858,-0.0009484751784475526
46,55,101,train,True,0.0045854,0.14472369469702243,864.5794584342092,864.6472778320312,864.7241821289062,0.07689560204744339,0.06782809264957904
47,54,101,train,True,0.0048379,0.23414353355765344,859.762377462536,859.7672119140625,859.9965209960938,0.2293034940958023,0.004840039461851131
48,53,101,train,True,0.0014948,0.31208072885870936,853.4067913414538,853.4869384765625,853.7188720703125,0.23196430504322052,0.08011642381548884
49,52,101,train,True,0.0116655,0.22513243239372968,845.383937391825,845.4130249023438,845.6090698242188,0.1960739940404892,0.029058438353240484
50,51,101,train,False,0.3000003,-0.019281121189706027,835.6635071954084,836.3914184570312,835.6442260742188,-0.74720299243927,0.727921871249564
37,65,102,train,True,0.0829056,-0.018444790402427316,831.4317748685274,831.5798950195312,831.413330078125,-0.16661860048770905,0.14817381008528174
38,64,102,train,True,0.067065,0.49355998426675796,845.7270210704207,845.70458984375,846.2205810546875,0.5160273909568787,-0.022467406690120706
39,63,102,train,True,0.00408,-0.043368804156780245,853.9602389213443,853.935546875,853.9168701171875,-0.01865440048277378,-0.024714403674006465
40,62,102,train,True,0.0087618,0.11416071276180446,863.4801386036445,863.56201171875,863.5942993164062,0.032311998307704926,0.08184871445409954
41,61,102,train,True,0.0025092,-0.10935795214492827,867.4366284599574,867.4964599609375,867.3272705078125,-0.16918499767780304,0.05982704553287477
42,60,102,train,True,0.0083028,0.06698840325698256,874.0194984131492,873.9767456054688,874.0864868164062,0.10976120084524155,-0.042772797588258984
43,59,102,train,True,0.0091698,0.11709825756028294,874.1831947111897,874.2064208984375,874.30029296875,0.09385719895362854,0.023241058606654402
44,58,102,train,True,0.0004182,-0.23548581287264825,877.9013793675601,877.9575805664062,877.6658935546875,-0.29170501232147217,0.05621919944882392
45,57,102,train,True,0.0064056,0.042333473816979675,874.9348393777456,874.8521728515625,874.9771728515625,0.1250564008951187,-0.08272292707813904
46,56,102,train,True,0.0004182,0.09924880627542734,875.2477360570058,875.189453125,875.3469848632812,0.1575525999069214,-0.058303793631494044
47,55,102,train,True,0.0081702,0.23715707331895827,868.6376598212123,868.7508544921875,868.8748168945312,0.12397000193595886,0.11318707138299941
48,54,102,train,True,0.0016626,0.36665072202682497,865.3491695904731,865.3814697265625,865.7158203125,0.33431559801101685,0.032335124015808125
49,53,102,train,True,0.0045696,0.23381907612085343,855.5741032871604,855.6343383789062,855.8079223632812,0.17356620728969574,0.060252868831157685
50,52,102,train,False,0.1001028,0.2797554614394903,848.7841483471543,849.0919799804688,849.0639038085938,-0.028092600405216217,0.30784806184470653
39,64,103,train,True,0.0112064,0.015514579635346309,859.2537725297396,859.291259765625,859.269287109375,-0.021960800513625145,0.037475380148971456
40,63,103,train,True,0.0092185,-0.07499616567976773,867.9642783922422,867.8609008789062,867.8892822265625,0.028428899124264717,-0.10342506480403245
41,62,103,train,True,0.0039346,-0.24162541292607784,874.1707025613636,874.2982177734375,873.9290771484375,-0.3690960109233856,0.12747059799730778
42,61,103,train,True,0.0092185,-0.01017876097932458,879.3724834484793,879.4415283203125,879.3623046875,-0.07922159880399704,0.06904283782467246
43,60,103,train,True,0.0098056,0.07922981686890125,882.3406920581311,882.3087768554688,882.419921875,0.11113650351762772,-0.031906686648726465
44,59,103,train,True,0.0004429,-0.103811737857759,884.1083283394203,884.1896362304688,884.0045166015625,-0.18515680730342865,0.08134506944566965
45,58,103,train,True,0.0022969,-0.05760426311055198,884.224718520923,884.171875,884.1671142578125,-0.004748099949210882,-0.0528561631613411
46,57,103,train,True,0.0008755,0.13447912216186522,882.8464168739318,882.8147583007812,882.9808959960938,0.1661181002855301,-0.03163897812366487
47,56,103,train,True,0.0040994,0.24474680744111538,879.4345744816214,879.378173828125,879.6793212890625,0.301144003868103,-0.05639719642698765
48,55,103,train,True,0.0018128,0.36741855323314665,874.3659798842668,874.4447631835938,874.7333984375,0.28866589069366455,0.0787526625394821
49,54,103,train,True,0.0089816,0.38063652291893957,867.6528717778623,867.6431274414062,868.0335083007812,0.3903503119945526,-0.009713789075613044
40,64,104,train,True,0.0093184,0.14552977396175265,873.8567895619758,873.8408813476562,874.0023193359375,0.16144640743732452,-0.015916633475571873
41,63,104,train,True,0.0017888,-0.36727335140109063,879.2307987420261,879.15185546875,878.863525390625,-0.2883527874946594,-0.07892056390643121
42,62,104,train,True,0.0089128,-0.2445125386863947,886.9057063863427,886.9022827148438,886.6611938476562,-0.2410552054643631,-0.0034573332220315944
43,61,104,train,True,0.0248872,0.037452580116223544,888.3548203691025,888.275146484375,888.3922729492188,0.1171720027923584,-0.07971942267613485
44,60,104,train,True,0.002496,-0.27369789764285085,893.0808878390491,893.089599609375,892.8071899414062,-0.2823792099952698,0.008681312352418924
45,59,104,train,True,0.0022984,0.019213527309475467,891.1911746562843,891.1708374023438,891.2103881835938,0.03958959877490997,-0.020376071465434506
46,58,104,train,True,0.0013416,0.02189612591639161,892.8103182295523,892.82421875,892.8322143554688,0.007956000044941902,0.013940125871449709
47,57,104,train,True,0.0042224,0.25905981041491033,887.7185402872414,887.7632446289062,887.9776000976562,0.21435999870300293,0.0446998117119074
48,56,104,train,True,0.0016744,0.35639511451125144,885.8005873073638,885.8328247070312,886.156982421875,0.32418718934059143,0.03220792517066001
49,55,104,train,True,0.005772,0.3848766450583935,877.2634998197854,877.2647705078125,877.6483764648438,0.38364800810813904,0.0012286369502544359
50,54,104,train,True,0.0057408,0.4607695119082928,871.8255464060604,871.9267578125,872.2863159179688,0.35951438546180725,0.10125512644648554
52,52,104,train,False,0.3176056,0.20043819193728268,847.9546521400939,848.3618774414062,848.1550903320312,-0.2067624032497406,0.4072005951870233
40,65,105,train,True,0.0121065,-0.25762829892337324,877.6992176543921,877.6527709960938,877.4415893554688,-0.21119000017642975,-0.046438298746943496
41,64,105,train,True,0.004032,-0.3946776162087917,885.4943480263651,885.3276977539062,885.0996704101562,-0.22801250219345093,-0.1666651140153408
42,63,105,train,True,0.009051,-0.3781908269226551,891.9032762761414,891.9606323242188,891.5250854492188,-0.43551498651504517,0.05732415959239007
43,62,105,train,True,0.035259,-0.21684244148433207,896.0673673438281,896.1337890625,895.8505249023438,-0.2832770049571991,0.06643456347286703
44,61,105,train,True,0.002499,-0.13064348811283708,899.0279213201441,898.9996948242188,898.8972778320312,-0.10236799716949463,-0.028275490943342446
45,60,105,train,True,0.002499,-0.11890421519987285,900.0446854651999,900.134033203125,899.92578125,-0.20825649797916412,0.08935228277929128
46,59,105,train,True,0.001134,0.10430514322593808,899.9210244466178,899.9183349609375,900.0253295898438,0.10695549845695496,-0.0026503552310168793
47,58,105,train,True,0.0045465,0.22621727466583252,897.8109531354904,897.7889404296875,898.0371704101562,0.24826599657535553,-0.022048721909523006
48,57,105,train,True,0.0013965,0.3760312366485596,894.2382876110076,894.2695922851562,894.6143188476562,0.3447139859199524,0.03131725072860719
49,56,105,train,True,0.010248,0.4496722388267517,888.7997174096107,888.7939453125,889.2493896484375,0.45542749762535095,-0.005755258798599228
50,55,105,train,True,0.003969,0.4898282055556774,881.6539706225693,881.7090454101562,882.143798828125,0.43475499749183655,0.05507320806384086
51,54,105,train,True,0.0218295,0.19569367878139018,871.5289767313749,871.6041870117188,871.7246704101562,0.12050849944353104,0.07518517933785915
52,53,105,train,False,0.3000165,0.17826552266255022,859.2590513718687,859.6178588867188,859.4373168945312,-0.1805640012025833,0.35882952386513356
41,65,106,train,True,0.0014204,-0.5310773764550686,889.7770490561426,889.6861572265625,889.2459716796875,-0.4401642084121704,-0.09091316804289817
42,64,106,train,True,0.0091266,-0.4603837566077709,898.8151811198891,898.8291625976562,898.3547973632812,-0.4743412137031555,0.013957457095384596
43,63,106,train,True,0.0122536,-0.33717323616147044,901.735000384599,901.695068359375,901.3978271484375,-0.2972419857978821,-0.039931250363588355
44,62,106,train,True,0.0053954,-0.3607534295320511,907.491856945157,907.459716796875,907.131103515625,-0.328603595495224,-0.032149834036827085
45,61,106,train,True,0.0053848,0.00029778541764244435,906.7074048513011,906.7167358398438,906.7077026367188,-0.009060200303792953,0.009357985721435398
46,60,106,train,True,0.0011024,-0.0457822726201266,909.4809019015264,909.4793090820312,909.4351196289062,-0.04420040175318718,-0.0015818708669394221
47,59,106,train,True,0.003021,0.2729412134736776,905.6395343724638,905.7318115234375,905.9124755859375,0.18069179356098175,0.09224941991269586
48,58,106,train,True,0.0011024,0.30882505685091016,905.0119757243991,905.1392211914062,905.32080078125,0.18158480525016785,0.12724025160074232
49,57,106,train,True,0.0122218,0.4660465259850025,897.7642391185462,897.8328857421875,898.2302856445312,0.39744219183921814,0.06860433414578437
50,56,106,train,True,0.005088,0.5615471085906029,893.8677741804719,893.7960815429688,894.4293212890625,0.6332402229309082,-0.07169311434030534
51,55,106,train,True,0.0074518,0.1503110252134502,881.984088388849,882.13330078125,882.1343994140625,0.0010856000008061528,0.14922542521264404
52,54,106,train,False,0.100541,0.3100062645971775,872.8793858252466,873.097412109375,873.1893920898438,0.09197080135345459,0.21803546324372292
41,66,107,train,True,0.008025,-0.45296285167336464,895.1690883399547,895.2786254882812,894.7161254882812,-0.5625085830688477,0.10954573139548301
42,65,107,train,True,0.0092234,-0.5117798015475273,903.3052978679538,903.3174438476562,902.7935180664062,-0.5239329934120178,0.012153191864490487
43,64,107,train,True,0.0086777,-0.48007857427001,908.8725956641138,908.7400512695312,908.3925170898438,-0.347575306892395,-0.13250326737761497
44,63,107,train,True,0.0086777,-0.36310307413339615,913.1489917460084,913.0703125,912.785888671875,-0.28443318605422974,-0.07866988807916642
45,62,107,train,True,0.0120482,-0.15109440259635448,915.2510089533775,915.2891235351562,915.0999145507812,-0.18922799825668335,0.03813359566032887
46,61,107,train,True,0.0011984,0.12247527662664652,916.0349343913421,916.0157470703125,916.1574096679688,0.14167779684066772,-0.019202520214021204
47,60,107,train,True,0.0023861,0.20706923760473728,915.2956163092703,915.2674560546875,915.502685546875,0.2352716028690338,-0.028202365264296536
48,59,107,train,True,0.0016585,0.3727665278315544,913.0265254643559,913.0687255859375,913.3992919921875,0.33059319853782654,0.04217332929372786
49,58,107,train,True,0.0096514,0.47394804149866104,908.7522482475638,908.8626708984375,909.2261962890625,0.36350271105766296,0.11044533044099808
50,57,107,train,True,0.0053072,0.5942212647199631,902.97218498528,903.0259399414062,903.56640625,0.5404778122901917,0.05374345242977141
51,56,107,train,True,0.0041516,0.29392881199717524,894.3071454067529,894.3845825195312,894.60107421875,0.21651920676231384,0.0774096052348614
41,67,108,train,True,0.0082404,-0.37800379157066344,899.1276986157894,899.1713256835938,898.7496948242188,-0.42162320017814636,0.043619408607482923
42,66,108,train,True,0.0092232,-0.45074684754014016,909.6187766326964,909.5930786132812,909.1680297851562,-0.4250747859477997,-0.025672061592340478
43,65,108,train,True,0.0087696,-0.5316268074512481,914.0450545418263,913.9842529296875,913.513427734375,-0.4708575904369354,-0.060769217014312704
44,64,108,train,True,0.0086832,-0.5584781162440777,921.0065982334315,920.9404907226562,920.4481201171875,-0.49238359928131104,-0.06609451696276669
45,63,108,train,True,0.0139968,-0.16082994043827056,921.5886253505945,921.5278930664062,921.4277954101562,-0.10009559988975525,-0.060734340548515314
46,62,108,train,True,0.0011124,-0.057786761943716555,925.241685687725,925.2385864257812,925.1838989257812,-0.05470279976725578,-0.003083962176460772
47,61,108,train,True,0.0023868,0.32441414400935176,922.4459105630219,922.538818359375,922.7703247070312,0.23147040605545044,0.09294373795390132
48,60,108,train,True,0.0011232,0.24347584933042526,923.4320002248883,923.402099609375,923.6754760742188,0.2733832001686096,-0.029907350838184354
49,59,108,train,True,0.00864,0.5043603327870368,917.4022558781504,917.4871826171875,917.9066162109375,0.41942718625068665,0.0849331465363502
50,58,108,train,True,0.0053784,0.5657659430801868,914.5260309319198,914.6549682617188,915.091796875,0.4368515908718109,0.12891435220837588
51,57,108,train,True,0.0054972,0.28309430960565807,904.1616078388319,904.2479858398438,904.4447021484375,0.19670720398426056,0.08638710562139751
52,56,108,train,True,0.0054108,0.33897562727332115,896.805616657883,896.802001953125,897.1445922851562,0.34261319041252136,-0.0036375631392002172
54,54,108,train,False,0.3795012,0.18829184144735336,871.2133805218339,872.0879516601562,871.4016723632812,-0.6862688064575195,0.8745606479048729
41,68,109,train,False,0.4308116,-0.02273568104719743,904.0595398802659,904.3872680664062,904.0368041992188,-0.35044631361961365,0.3277106325724162
42,67,109,train,True,0.0111834,-0.2898023396730423,913.6687085896731,913.5744018554688,913.37890625,-0.195476695895195,-0.0943256437778473
43,66,109,train,True,0.0096683,-0.49516974642872813,920.55065070346,920.4155883789062,920.0554809570312,-0.3600763976573944,-0.13509334877133372
44,65,109,train,True,0.0089489,-0.5380420339107513,926.194841350317,926.0888671875,925.6567993164062,-0.43205198645591736,-0.10599004745483398
45,64,109,train,True,0.0040439,-0.38477205529809,929.6258609224856,929.5673217773438,929.2410888671875,-0.3262036144733429,-0.0585684408247471
46,63,109,train,True,0.0011118,0.19156553275883198,931.4404535102099,931.3922119140625,931.6320190429688,0.23980750143527985,-0.048241968676447866
47,62,109,train,True,0.0012862,0.19135857108980417,931.6381702375039,931.7227783203125,931.8295288085938,0.10671050101518631,0.08464807007461786
48,61,109,train,True,0.0015369,0.3531644816696644,930.7409517292679,930.725341796875,931.0941162109375,0.36875858902931213,-0.015594107359647724
49,60,109,train,True,0.0039676,0.4351556894183159,927.9263555410504,927.92822265625,928.3615112304688,0.4333057105541229,0.0018499788641929693
50,59,109,train,True,0.0079461,0.607389510422945,923.2738971106708,923.2864990234375,923.8812866210938,0.5948053002357483,0.012584210187196687
51,58,109,train,True,0.0052647,0.326619656085968,915.965372531414,916.1249389648438,916.2919921875,0.16704510152339935,0.15957455456256864
52,57,109,train,True,0.0043818,0.30675558999180796,906.8986277107895,906.8070068359375,907.2053833007812,0.3983755111694336,-0.09161992117762563
53,56,109,train,True,0.0067253,0.22261433847248555,896.0101127123088,895.9818115234375,896.2327270507812,0.2509123980998993,-0.028298059627413746
54,55,109,train,False,0.3001097,0.15243601148948074,883.103057152573,883.6964721679688,883.2554931640625,-0.4409739077091217,0.5934099191986024
41,69,110,train,False,0.838343,0.14300462725572288,907.463623790713,908.0786743164062,907.6066284179688,-0.47207701206207275,0.6150816393177956
42,68,110,train,True,0.024222,-0.007795794392004609,919.462385638142,919.522216796875,919.45458984375,-0.06763000041246414,0.05983420602045953
43,67,110,train,True,0.009493,-0.3434069290012121,925.3213122024387,925.2386474609375,924.9779052734375,-0.2607330083847046,-0.08267392061650752
44,66,110,train,True,0.008921,-0.6070833295583725,933.4772615522146,933.4943237304688,932.8701782226562,-0.6241530179977417,0.01706968843936918
45,65,110,train,True,0.017809,-0.454984355121851,935.5710732223093,935.4680786132812,935.1160888671875,-0.3519609868526459,-0.1030233682692051
46,64,110,train,True,0.000616,-0.09673720641992986,940.2380335931387,940.1879272460938,940.1412963867188,-0.046629998832941055,-0.050107207586988806
47,63,110,train,True,0.001287,0.3953756766021252,938.5181375069916,938.531982421875,938.9135131835938,0.38152098655700684,0.013854690045118356
48,62,110,train,True,0.000385,0.12181432887911797,940.5318721945583,940.6403198242188,940.6536865234375,0.013395000249147415,0.10841932862997056
49,61,110,train,True,0.01155,0.4445328725874424,935.9893660531939,935.97998046875,936.4338989257812,0.45394301414489746,-0.009410141557455065
50,60,110,train,True,0.013772,0.4405950637161732,934.5070978073776,934.5696411132812,934.9476928710938,0.3780750036239624,0.06252006009221078
51,59,110,train,True,0.005962,0.32717458441853525,925.4007306890189,925.39501953125,925.7279052734375,0.3328689932823181,-0.005694408863782863
52,58,110,train,True,0.006578,0.2641628719121218,919.3214084171503,919.3927612304688,919.5855712890625,0.19283999502658844,0.07132287688553335
53,57,110,train,True,0.061941,0.13048170313239096,906.8104973007738,906.8484497070312,906.9409790039062,0.09256300330162048,0.03791869983077048
54,56,110,train,False,0.100991,0.10726039345376194,897.4160550362337,897.5208740234375,897.5233154296875,0.00241199997253716,0.10484839348122478
42,69,111,train,True,0.0125763,0.2148425852879882,922.9868786061182,922.99755859375,923.2017211914062,0.20415480434894562,0.010687780939042574
43,68,111,train,True,0.0105783,-0.0554033466312103,931.2919145771,931.300048828125,931.2365112304688,-0.06355659663677216,0.008153250005561857
44,67,111,train,True,0.0096792,-0.4172743633389473,938.3136977031827,938.2783813476562,937.8964233398438,-0.3819602131843567,-0.03531415015459061
45,66,111,train,True,0.0068487,-0.5644007548689842,943.0169154033065,943.0145874023438,942.4525146484375,-0.5620636940002441,-0.002337060868740082
46,65,111,train,True,0.0007326,0.18080960474908353,945.9328988913446,945.9142456054688,946.1137084960938,0.19947220385074615,-0.018662599101662625
47,64,111,train,True,0.0014541,0.1875569772347808,947.4062540579215,947.3614501953125,947.5938110351562,0.23235419392585754,-0.04479721669107675
48,63,111,train,True,0.0003552,0.2723619604110718,947.4807508325576,947.6159057617188,947.7531127929688,0.13720889389514923,0.13515306651592257
49,62,111,train,True,0.0034188,0.24890799164772034,945.9351130044461,945.9733276367188,946.1840209960938,0.21065360307693481,0.03825438857078553
50,61,111,train,True,0.0053391,0.42597373366355895,942.7399198210239,942.737548828125,943.1658935546875,0.4283590018749237,-0.002385268211364755
51,60,111,train,True,0.0088467,0.19229720078408719,936.8059938148409,936.8533325195312,936.998291015625,0.14494669437408447,0.04735050641000271
52,59,111,train,True,0.0064269,0.2561865159124136,928.8664941481501,928.82177734375,929.1226806640625,0.3009515106678009,-0.04476499475538731
53,58,111,train,True,0.0047508,0.14968722611665725,919.4147048637271,919.4057006835938,919.5643920898438,0.15869270265102386,-0.009005476534366619
43,69,112,train,True,0.0055104,0.1242130368668586,935.5826961428206,935.6056518554688,935.7069091796875,0.10126960277557373,0.022943434091284867
44,68,112,train,True,0.0095984,-0.3517958801984787,945.2164809387922,945.1952514648438,944.8646850585938,-0.3305271863937378,-0.02126869380474089
45,67,112,train,True,0.0440832,-0.5350700788199901,948.5193840436638,948.5130615234375,947.9843139648438,-0.5287591814994812,-0.006310897320508935
46,66,112,train,True,0.0065408,-0.1858452895283699,954.2946709731222,954.3206787109375,954.1088256835938,-0.21189600229263306,0.026050712764263156
47,65,112,train,True,0.0024192,0.39962275832891464,953.8381702104211,953.801025390625,954.23779296875,0.4367615878582001,-0.03713882952928543
48,64,112,train,True,0.0002464,0.023653884546365588,957.0194369357662,957.0098266601562,957.0430908203125,0.03327279910445213,-0.009618914558086545
49,63,112,train,True,0.004256,0.17985696095973253,953.6268446991966,953.6427612304688,953.8067016601562,0.16395120322704315,0.015905757732689374
50,62,112,train,True,0.0002912,0.02599603961687535,953.5481006400706,953.5253295898438,953.5740966796875,0.04878320172429085,-0.022787162107415496
51,61,112,train,True,0.0178304,0.16253598228096963,945.6512457560003,945.6868896484375,945.8137817382812,0.12690399587154388,0.03563198640942575
52,60,112,train,True,0.0083888,0.10616130817681552,940.8686311722919,940.8731079101562,940.9747924804688,0.10169760137796402,0.004463706798851497
53,59,112,train,True,0.010248,0.08444953409023583,929.5671617940347,929.5865478515625,929.651611328125,0.06502880156040192,0.01942073252983391
54,58,112,train,True,0.008288,-0.057814555712975564,921.8006124072755,921.7672119140625,921.7427978515625,-0.024435199797153473,-0.03337935591582209
43,70,113,train,True,0.0033561,0.1879451148211956,941.1715519554913,941.2295532226562,941.3594970703125,0.12993240356445312,0.05801271125674248
44,69,113,train,True,0.0382844,-0.043193911018315705,949.4871636375808,949.5034790039062,949.4439697265625,-0.059484101831912994,0.01629019081359729
45,68,113,train,True,0.0071303,-0.49332487598061564,955.5440450908244,955.6202392578125,955.0507202148438,-0.5695645213127136,0.07623964533209798
46,67,113,train,True,0.0069495,0.12614118431694807,959.5976747336518,959.6614990234375,959.7238159179688,0.06231649965047836,0.0638246846664697
47,66,113,train,True,0.0166449,0.15482142711058258,962.2390994713269,962.3154296875,962.3939208984375,0.07844199985265732,0.07637942725792526
48,65,113,train,True,0.0002486,0.2629471904784441,963.533561598584,963.549560546875,963.7965087890625,0.2469238042831421,0.016023386195302025
49,64,113,train,True,0.0001921,-0.0776224183384329,963.1604471253697,963.091064453125,963.0828247070312,-0.008256100118160248,-0.06936631822027266
50,63,113,train,True,0.0015707,-0.0920550553360954,961.3834368912736,961.2697143554688,961.2913818359375,0.021677900105714798,-0.1137329554418102
51,62,113,train,True,0.0171873,-0.14714407671242952,956.5250737642124,956.5762329101562,956.3779296875,-0.19831059873104095,0.05116652201861144
52,61,113,train,True,0.0279449,0.1915633901208639,949.7166397348791,949.7239379882812,949.908203125,0.1842641979455948,0.007299192175269115
53,60,113,train,True,0.0080117,0.0612385318428278,941.5960490658134,941.7140502929688,941.6572875976562,-0.05676639825105667,0.11800493009388446
54,59,113,train,True,0.0068365,-0.03225003487197682,932.0239492536219,932.0158081054688,931.99169921875,-0.02413010038435459,-0.00811993448762223
55,58,113,train,True,0.0085767,-0.08849076924845577,920.8522847145609,920.7943725585938,920.7637939453125,-0.030598999932408333,-0.057891769316047434
43,71,114,train,False,0.433143,0.16637937124818564,945.014834007658,945.089599609375,945.1812133789062,0.0915713980793953,0.07480797316879034
44,70,114,train,True,0.0035568,-0.14573242723941804,955.9520068413019,955.92822265625,955.8062744140625,-0.12190140038728714,-0.0238310268521309
45,69,114,train,True,0.0715578,-0.36561722576618194,960.6503462296724,960.6349487304688,960.2847290039062,-0.35021939873695374,-0.015397827029228206
46,68,114,train,True,0.006954,-0.19491052091121674,967.5509896224737,967.6326293945312,967.3560791015625,-0.2765384018421173,0.08162788093090056
47,67,114,train,True,0.00456,0.40867291659116745,968.2557557943463,968.290771484375,968.6644287109375,0.37363961338996887,0.03503330320119857
48,66,114,train,True,0.0002736,0.022407813272438945,972.6090008781338,972.592529296875,972.6314086914062,0.038860999047756195,-0.01645318577531725
49,65,114,train,True,0.0003078,0.0038444588775746525,970.3035285879974,970.3650512695312,970.307373046875,-0.05765879899263382,0.06150325787020847
50,64,114,train,True,4.56e-05,-0.37528384670615195,971.6218048427999,971.5726318359375,971.2465209960938,-0.3261494040489197,-0.04913444265723227
51,63,114,train,True,0.0197676,-0.03438089982606471,964.7312803138885,964.7271728515625,964.6968994140625,-0.030277399346232414,-0.004103500479832295
52,62,114,train,True,0.0244302,0.0018568072142079472,961.2302598920046,961.337890625,961.2321166992188,-0.10578899830579758,0.10764580552000552
53,61,114,train,True,0.0200298,0.12597579564899206,951.279541782476,951.3048095703125,951.405517578125,0.10069400072097778,0.025281794928014273
54,60,114,train,True,0.0111834,-0.14957126017659902,944.8312729203328,944.9694213867188,944.6817016601562,-0.2877156138420105,0.13814435366541147
55,59,114,train,True,0.0850668,-0.13176806170493363,931.7097709913925,931.787109375,931.5780029296875,-0.20910540223121643,0.0773373405262828
56,58,114,train,False,0.1026798,-0.2203974473848939,922.1585077989474,922.2242431640625,921.9381103515625,-0.28616100549697876,0.06576355811208487
44,71,115,train,True,0.025162,-0.08299033676739782,959.8533760789549,959.8836059570312,959.7703857421875,-0.11321000009775162,0.030219663330353794
45,70,115,train,True,0.007314,-0.35925394617021084,967.1485605867952,967.2251586914062,966.789306640625,-0.43588700890541077,0.07663306273519993
46,69,115,train,True,0.013547,0.1828258015960455,972.5308582804352,972.639404296875,972.7136840820312,0.07426699995994568,0.10855880163609982
47,68,115,train,True,0.0182735,0.16331909839063882,976.2643542414531,976.4138793945312,976.4276733398438,0.013840500265359879,0.14947859812527894
48,67,115,train,True,0.0006555,0.29374691799283026,978.7068634335697,978.7333984375,979.0006103515625,0.2672019898891449,0.02654492810368536
49,66,115,train,True,3.45e-05,-0.13447579640895127,979.4309845854715,979.4029541015625,979.2965087890625,-0.10642799735069275,-0.02804779905825852
50,65,115,train,True,3.45e-05,-0.2746762263029814,979.0099667536467,979.1181030273438,978.7352905273438,-0.3827730119228363,0.10809678561985492
51,64,115,train,True,0.016031,-0.2968520017713308,975.20816791974,975.3052978515625,974.9113159179688,-0.393994003534317,0.09714200176298621
52,63,115,train,True,0.027945,0.21428849644958972,969.7550108199566,969.582275390625,969.9692993164062,0.38700398802757263,-0.1727154915779829
53,62,115,train,True,0.0288765,0.11245783673599362,962.986419116389,963.0750122070312,963.098876953125,0.02391350083053112,0.0885443359054625
54,61,115,train,True,0.0121095,0.0033499786362517626,954.6640694549575,954.611572265625,954.6674194335938,0.05580399930477142,-0.05245402066851966
44,72,116,train,True,0.0037236,-0.38387484148144724,965.8833865602314,965.9185180664062,965.49951171875,-0.41904398798942566,0.03516914650797842
45,71,116,train,True,0.073834,-0.22749886825680732,971.8681849034131,971.8030395507812,971.6406860351562,-0.16232679784297943,-0.06517207041382789
46,70,116,train,True,0.007134,-0.037675077226012946,980.0851604287885,980.115966796875,980.0474853515625,-0.06845799833536148,0.030782921109348535
47,69,116,train,True,0.0032596,0.46889869779348375,981.980686263144,982.0452270507812,982.4495849609375,0.40435320138931274,0.06454549640417101
48,68,116,train,True,0.0001624,0.07436551674967631,987.3735104598128,987.4327392578125,987.4478759765625,0.015172399580478668,0.059193117169197645
49,67,116,train,True,0.0002204,0.06549923283513635,986.2120276226336,986.1876831054688,986.2775268554688,0.08984679728746414,-0.02434756445232779
50,66,116,train,True,0.0001044,-0.3995116101205349,988.8365843640267,988.6815185546875,988.4370727539062,-0.24442559480667114,-0.15508601531386373
51,65,116,train,True,0.0051504,-0.0036831658170558513,983.113302306442,983.1951904296875,983.109619140625,-0.08561280369758606,0.0819296378805302
52,64,116,train,True,0.0242092,-0.022822188201826066,980.9034984577331,980.8546752929688,980.8806762695312,0.026054000481963158,-0.04887618868378922
53,63,116,train,True,0.0750404,0.24837971694767474,972.1831388377399,972.2291259765625,972.4315185546875,0.20234720408916473,0.04603251285851001
54,62,116,train,True,0.0130152,-0.10098816594108939,967.1202752753161,967.0730590820312,967.019287109375,-0.05373400077223778,-0.047254165168851614
44,73,117,train,False,0.4331457,-0.3954223901033401,969.4341186791659,969.4108276367188,969.0386962890625,-0.372112512588501,-0.02330987751483915
45,72,117,train,True,0.008892,-0.3832054631412029,978.1092186467349,978.0353393554688,977.7260131835938,-0.3093622028827667,-0.07384326025843618
46,71,117,train,True,0.007254,0.32365237958729265,984.7081469368189,984.7801513671875,985.0317993164062,0.2516568899154663,0.07199548967182634
47,70,117,train,True,0.013572,0.2746649917215109,989.6684502426535,989.7557983398438,989.943115234375,0.1872745007276535,0.08739049099385737
48,69,117,train,True,0.0010179,0.4233987249433994,993.1522238336504,993.2099609375,993.5756225585938,0.3656420111656189,0.05775671377778052
49,68,117,train,True,0.0048789,-0.08258737708441913,994.9583808341157,994.9522705078125,994.8757934570312,-0.07644010335206985,-0.006147273732349273
50,67,117,train,True,0.0004797,-0.2932288008183241,995.783402140662,995.6246337890625,995.4901733398438,-0.1344040036201477,-0.15882479719817638
51,66,117,train,True,0.0084357,-0.1895757742971182,993.1654668875784,993.0841064453125,992.9758911132812,-0.10817769914865494,-0.08139807514846326
52,65,117,train,True,0.013455,0.22130684420466423,988.8175115151703,988.7576904296875,989.038818359375,0.28112488985061646,-0.05981804564595222
53,64,117,train,True,0.0255528,0.1592267283797264,983.3518816700578,983.3184204101562,983.5111083984375,0.1927081048488617,-0.03348137646913529
54,63,117,train,True,0.0103779,0.08957989149726928,976.4096266514715,976.2828369140625,976.4992065429688,0.21638080477714539,-0.1268009132798761
55,62,117,train,True,0.0624078,-0.024546926214825363,967.7351182152773,967.8082275390625,967.7105712890625,-0.0976283997297287,0.07308147351490334
56,61,117,train,False,0.2503332,-0.11625599985942245,957.6362755311094,957.9906616210938,957.52001953125,-0.47068819403648376,0.3544321941770613
45,73,118,train,True,0.0242372,-0.2656281702965498,982.215701412484,982.0967407226562,981.9500732421875,-0.1466601938009262,-0.11896797649562357
46,72,118,train,True,0.0024898,0.054408799421507864,991.8044779193285,991.81591796875,991.85888671875,0.042975399643182755,0.01143339977832511
47,71,118,train,True,0.0025134,0.5127205820381642,995.1045889882744,995.1990356445312,995.6173095703125,0.4182800054550171,0.09444057658314708
48,70,118,train,True,0.020001,0.22995315819978715,1001.5078398105502,1001.5645141601562,1001.73779296875,0.17327000200748444,0.056683156192302714
49,69,118,train,True,0.0077526,0.26553533010184766,1001.3436565644294,1001.3087158203125,1001.6091918945312,0.300493985414505,-0.03495865531265735
50,68,118,train,True,0.0004956,-0.5121839916706086,1005.0864027416706,1004.9510498046875,1004.57421875,-0.3768238127231598,-0.13536017894744878
51,67,118,train,True,0.0030208,0.04750972094363533,1000.6156982868689,1000.5120239257812,1000.6632080078125,0.15115919709205627,-0.10364947614842095
52,66,118,train,True,0.0183018,-0.04877265441697091,999.407659373167,999.4242553710938,999.35888671875,-0.06534600257873535,0.016573348161764444
53,65,118,train,True,0.019765,0.3326939023286104,991.9713832461089,991.9221801757812,992.3040771484375,0.38190460205078125,-0.04921069972217085
54,64,118,train,True,0.010384,-0.10433890354819596,988.3021538449544,988.2478637695312,988.1978149414062,-0.050064198672771454,-0.054274704875424504
55,63,118,train,True,0.0127558,0.030482219704426824,977.7751208076393,977.7958374023438,977.8056030273438,0.00977460015565157,0.020707619548775254
45,74,119,train,True,0.0093177,-0.5307043333351612,988.0495031614602,988.1040649414062,987.518798828125,-0.5852407217025757,0.05453638836741448
46,73,119,train,True,0.0082467,0.34004135966300963,995.9551856911182,995.9061889648438,996.2952270507812,0.38903141021728516,-0.04899005055427552
47,72,119,train,True,0.0147084,0.33609888404607774,1002.2934787526726,1002.3623046875,1002.6295776367188,0.2673006057739258,0.06879827827215196
48,71,119,train,True,0.0376992,0.5288374251127244,1006.9921586686373,1006.9111328125,1007.52099609375,0.6098660826683044,-0.08102865755558009
49,70,119,train,True,0.0073066,-0.04518061695853248,1009.8843529802398,1009.8505249023438,1009.8391723632812,-0.011305299587547779,-0.0338753173709847
50,69,119,train,True,0.0007259,-0.38285472959280015,1011.5473444756866,1011.4344482421875,1011.1644897460938,-0.2699786126613617,-0.11287611693143845
51,68,119,train,True,0.0069972,-0.23496436029672624,1010.1289462938905,1010.0626831054688,1009.8939819335938,-0.16869419813156128,-0.06627016216516496
52,67,119,train,True,0.0072828,0.18198335766792298,1006.9749380290508,1006.9873657226562,1007.1569213867188,0.16955849528312683,0.012424862384796148
53,66,119,train,True,0.0217056,0.12353122048079967,1002.695255400613,1002.8001708984375,1002.8187866210938,0.018604399636387825,0.10492682084441185
54,65,119,train,True,0.0103768,0.09431497714482248,997.0633998666052,997.0346069335938,997.15771484375,0.12310200184583664,-0.028787024701014158
55,64,119,train,True,0.0139349,0.011497080388944597,989.710426747736,989.7628173828125,989.721923828125,-0.04092929884791374,0.05242637923685834
56,63,119,train,False,0.2002651,-0.0837710343953222,980.9099429093953,981.2655029296875,980.826171875,-0.4393152892589569,0.3555442548636347
46,74,120,train,True,0.002292,-0.10255459944019094,1002.7455599705339,1002.8497924804688,1002.6430053710938,-0.20680400729179382,0.10424940785160289
47,73,120,train,True,0.004476,0.47584093421697615,1007.3198743978143,1007.4393920898438,1007.7957153320312,0.35632801055908203,0.11951292365789412
48,72,120,train,True,0.003732,0.29731251023709776,1014.9304706928879,1014.962890625,1015.227783203125,0.2649199962615967,0.03239251397550108
49,71,120,train,True,0.040008,0.3481785126775503,1015.8924220732599,1015.950927734375,1016.2406005859375,0.2897000014781952,0.0584785111993551
50,70,120,train,True,0.000924,-0.6636479803919793,1020.5332768866419,1020.53857421875,1019.86962890625,-0.6689599752426147,0.005311994850635493
51,69,120,train,True,0.0072,0.009056721908273176,1017.0663216960605,1017.0756225585938,1017.0753784179688,-0.00019999999494757503,0.00925672190322075
52,68,120,train,True,0.001752,-0.08860150456428528,1017.1932157623768,1017.23828125,1017.1046142578125,-0.13368399441242218,0.0450824898481369
53,67,120,train,True,0.015096,0.30080760695040226,1010.917576182112,1010.8409423828125,1011.2183837890625,0.3774600028991699,-0.07665239594876766
54,66,120,train,True,0.01182,-0.15211188212037086,1008.4771240891516,1008.48388671875,1008.3250122070312,-0.15886400640010834,0.006752124279737481
55,65,120,train,True,0.009972,0.068698454068508,999.2690090654628,999.417724609375,999.3377075195312,-0.08003199845552444,0.14873045252403244
56,64,120,train,False,0.300168,-0.20403871878981591,993.5909405742585,993.6353759765625,993.3869018554688,-0.24848799407482147,0.04444927528500556
45,76,121,train,False,0.6194474,-0.4343890924751759,997.5163593073189,997.6740112304688,997.0819702148438,-0.5920037031173706,0.15761461064219473
46,75,121,train,True,0.0033517,0.16884820965118708,1006.7735346028488,1006.8238525390625,1006.9423828125,0.11853359639644623,0.05031461325474085
47,74,121,train,True,0.0121121,0.2501963770389557,1014.1096058690548,1014.2620239257812,1014.3598022460938,0.09779740124940872,0.15239897578954698
48,73,121,train,True,0.0019481,0.4826387074589729,1020.0692411753536,1020.150634765625,1020.5518798828125,0.4012387990951538,0.0813999083638191
49,72,121,train,True,0.0274186,-0.08050794389331713,1024.1726710298308,1024.1290283203125,1024.0921630859375,-0.036880701780319214,-0.04362724211299791
50,71,121,train,True,0.0009801,-0.4435271641612053,1026.7523650547862,1026.708740234375,1026.308837890625,-0.3999643921852112,-0.04356277197599412
51,70,121,train,True,0.0025047,-0.34832032278180125,1026.3668750102818,1026.3289794921875,1026.0185546875,-0.3103454113006592,-0.03797491148114207
52,69,121,train,True,0.0258335,0.10401592201553285,1024.5317262654844,1024.4906005859375,1024.6357421875,0.14514389634132385,-0.041127974325791
53,68,121,train,True,0.004719,0.043581016985699536,1021.2543315806705,1021.4107666015625,1021.2979125976562,-0.1128431037068367,0.15642412069253625
54,67,121,train,True,0.0102487,0.04261998440604657,1016.8195626327814,1016.86376953125,1016.8621826171875,-0.0015446000033989549,0.044164584409445526
55,66,121,train,True,0.0142901,-0.0015899216954130678,1010.7218047654454,1010.7027587890625,1010.72021484375,0.01746080070734024,-0.01905072240275331
56,65,121,train,False,0.1418967,-0.08469604033976794,1003.2914221145585,1003.5629272460938,1003.2067260742188,-0.3562043011188507,0.27150826077908274
46,76,122,train,True,0.0195566,-0.24831082552671432,1013.3233230325579,1013.3290405273438,1013.0750122070312,-0.25401100516319275,0.005700179636478425
47,75,122,train,True,0.038186,0.35895305931568144,1018.9856514328718,1019.03662109375,1019.3446044921875,0.30798980593681335,0.05096325337886809
48,74,122,train,True,0.0022936,0.18307708356529473,1027.6728799476848,1027.760498046875,1027.85595703125,0.09546259790658951,0.08761448565870522
49,73,122,train,True,0.0500566,0.3076719929277897,1029.8499207805098,1029.9371337890625,1030.1575927734375,0.2204362004995346,0.08723579242825508
50,72,122,train,True,0.0024522,-0.7248667600750923,1035.6014536741377,1035.5234375,1034.8765869140625,-0.6468095779418945,-0.07805718213319779
51,71,122,train,True,0.002501,-0.05601077312370762,1033.1093554996862,1033.13525390625,1033.0533447265625,-0.08200839906930923,0.025997625945601614
52,70,122,train,True,0.0013542,-0.1318864724226296,1034.3901872536726,1034.33203125,1034.25830078125,-0.07374300062656403,-0.05814347179606558
53,69,122,train,True,0.005185,0.15751434937119485,1029.2378713928163,1029.315673828125,1029.3953857421875,0.07970420271158218,0.07781014665961267
54,68,122,train,True,0.0111142,-0.18416515957564117,1027.7464210189507,1027.80908203125,1027.562255859375,-0.24675680696964264,0.06259164739400147
55,67,122,train,True,0.0336842,0.05951434953603894,1019.8348948301515,1019.8164672851562,1019.8944091796875,0.07791700214147568,-0.01840265260543674
56,66,122,train,True,0.0279502,-0.21513789236545564,1015.4688610368967,1015.498291015625,1015.2537231445312,-0.24461740255355835,0.029479510188102714
46,77,123,train,False,0.7894386,0.016918541491031648,1017.0928837046027,1017.2139282226562,1017.1098022460938,-0.10411140322685242,0.12102994471788406
47,76,123,train,True,0.0326073,0.13687501337379218,1025.5159570178762,1025.5704345703125,1025.65283203125,0.08240389823913574,0.05447111513465644
48,75,123,train,True,0.0026937,0.3356467575579882,1032.627488008067,1032.6336669921875,1032.963134765625,0.3294534981250763,0.0061932594329118795
49,74,123,train,True,0.0198276,-0.15455008229240774,1037.8891692229174,1037.8662109375,1037.734619140625,-0.13155260682106018,-0.02299747547134756
50,73,123,train,True,0.0024846,-0.44459293633699415,1041.5626349285244,1041.469482421875,1041.1180419921875,-0.3514499068260193,-0.09314302951097486
51,72,123,train,True,0.001353,-0.469989216029644,1042.1084169504047,1042.0953369140625,1041.638427734375,-0.45691078901290894,-0.013078427016735061
52,71,123,train,True,0.001353,-0.0003365559095982462,1041.3616646809096,1041.2611083984375,1041.361328125,0.10024899989366531,-0.10058555580326356
53,70,123,train,True,0.00369,-0.06440409454051405,1039.189526164853,1039.2503662109375,1039.1251220703125,-0.12522080540657043,0.06081671086605639
54,69,123,train,True,0.0095325,-0.03185976102715358,1035.7548822219646,1035.773681640625,1035.7230224609375,-0.05063970014452934,0.018779939117375764
55,68,123,train,True,0.0121155,-0.018417097623459996,1030.7789151444986,1030.7867431640625,1030.760498046875,-0.026190800592303276,0.00777370296884328
56,67,123,train,True,0.0121155,-0.07669624512083828,1024.6440790576207,1024.6156005859375,1024.5673828125,-0.04825780168175697,-0.028438443439081307
47,77,124,train,False,0.2515092,0.2686047535389662,1030.1641345042735,1030.3031005859375,1030.4327392578125,0.12962080538272858,0.1389839481562376
48,76,124,train,True,0.002604,0.01947866545524448,1039.9504920376698,1039.990234375,1039.969970703125,-0.020219599828124046,0.039698265283368527
49,75,124,train,True,0.030566,0.21335719913244247,1043.3705051055551,1043.376220703125,1043.5838623046875,0.20768679678440094,0.005670402348041531
50,74,124,train,True,0.0013144,-0.7097260537743568,1050.0570160928369,1049.95751953125,1049.3472900390625,-0.6102628111839294,-0.09946324259042738
51,73,124,train,True,0.001364,-0.16844165332615377,1048.6026457548887,1048.5628662109375,1048.4342041015625,-0.12861080467700958,-0.039830848649144185
52,72,124,train,True,0.0013516,-0.22811345778405667,1050.7130988093465,1050.685546875,1050.4849853515625,-0.20054200291633606,-0.027571454867720613
53,71,124,train,True,0.002294,0.03818009513546713,1046.791043537677,1046.74365234375,1046.8292236328125,0.08559320122003555,-0.047413106084568425
54,70,124,train,True,0.001364,-0.19197215031832457,1046.2256635565684,1046.26416015625,1046.03369140625,-0.23041120171546936,0.03843905139714479
55,69,124,train,True,0.0091512,0.04383683681022376,1039.4410264444398,1039.555419921875,1039.48486328125,-0.07051359862089157,0.11435043543111534
56,68,124,train,True,0.0124992,-0.16050931993871928,1036.2012808043137,1036.121826171875,1036.040771484375,-0.08099160343408585,-0.07951771650463343
57,67,124,train,True,0.056668,-0.14016389325261117,1026.530910963565,1026.50830078125,1026.3907470703125,-0.11758240312337875,-0.022581490129232412
47,78,125,train,False,0.43315,0.1851860309764743,1036.313959476836,1036.6644287109375,1036.4991455078125,-0.16528749465942383,0.3504735256358981
48,77,125,train,True,0.0028875,0.22423746839165687,1044.7169246409833,1044.710205078125,1044.941162109375,0.2310124933719635,-0.006775024980306632
49,76,125,train,True,0.001775,-0.18471653312444686,1051.0436032518744,1050.9920654296875,1050.85888671875,-0.1331624984741211,-0.051554034650325764
50,75,125,train,True,0.001325,-0.40180902019143105,1055.8117211295664,1055.6910400390625,1055.409912109375,-0.2811625003814697,-0.12064651980996133
51,74,125,train,True,0.0025125,-0.5676917384564877,1057.2683753322065,1057.2701416015625,1056.70068359375,-0.5694500207901001,0.0017582823336124154
52,73,125,train,True,0.00135,-0.16317371846176684,1057.3595848512743,1057.2545166015625,1057.1964111328125,-0.0581124983727932,-0.10506122008897364
53,72,125,train,True,0.00135,-0.18476311068981885,1056.2406713138148,1056.286376953125,1056.055908203125,-0.23048749566078186,0.04572438497096301
54,71,125,train,True,0.0014125,-0.07376683307345956,1053.894445544011,1053.867431640625,1053.8206787109375,-0.046675000339746475,-0.027091832733713087
55,70,125,train,True,0.0077375,0.02448425243841484,1049.8756622319365,1049.9754638671875,1049.900146484375,-0.07531250268220901,0.09979675512062386
56,69,125,train,True,0.0109875,-0.0026368579419795424,1044.8411378345045,1044.7723388671875,1044.8385009765625,0.06620000302791595,-0.0688368609698955
57,68,125,train,True,0.026,-0.11234082020819187,1038.0858515623956,1038.0804443359375,1037.9735107421875,-0.1069749966263771,-0.005365823581814769
48,78,126,train,True,0.0023058,0.05776986990123987,1051.6802672394738,1051.689208984375,1051.738037109375,0.04884820058941841,0.008921669311821458
49,77,126,train,True,0.0041958,0.1418055099621415,1056.406534333788,1056.46044921875,1056.54833984375,0.08785580098628998,0.053949708975851524
50,76,126,train,True,0.0106848,-0.632880430817604,1064.003852110505,1063.8839111328125,1063.3709716796875,-0.5128601789474487,-0.1200202518701553
51,75,126,train,True,0.0318528,-0.30854137629270556,1063.5327845403551,1063.4794921875,1063.2242431640625,-0.25531360507011414,-0.053227771222591425
52,74,126,train,True,0.0013482,-0.41461797162890435,1066.427557424754,1066.3681640625,1066.012939453125,-0.35530221462249756,-0.05931575700640679
53,73,126,train,True,0.00378,-0.11432159312069416,1063.4198635853081,1063.43212890625,1063.3055419921875,-0.12667539715766907,0.012353804036974905
54,72,126,train,True,3.78e-05,-0.23142131816595793,1063.8785160447285,1063.8857421875,1063.6470947265625,-0.23862500488758087,0.007203686721622943
55,71,126,train,True,0.0103572,0.10170410288497805,1058.19004394399,1058.3077392578125,1058.291748046875,-0.01597980037331581,0.11768390325829386
56,70,126,train,True,0.0124992,-0.006092539954697713,1055.8329968368298,1055.8446044921875,1055.826904296875,-0.017656199634075165,0.01156365967937745
57,69,126,train,True,0.0905058,-0.020404717731289566,1047.3109320614813,1047.36572265625,1047.29052734375,-0.07527679949998856,0.05487208176869899
58,68,126,train,True,0.0279468,-0.27464615657925606,1042.4012330706419,1042.4305419921875,1042.1265869140625,-0.30392059683799744,0.029274440258741374
48,79,127,train,True,0.0061976,0.3231966231018305,1056.223922517523,1056.2459716796875,1056.547119140625,0.301168292760849,0.022028330340981506
49,78,127,train,True,0.0100076,-0.06176614723633975,1063.6361069675488,1063.602294921875,1063.5743408203125,-0.027992399409413338,-0.03377374782692641
50,77,127,train,True,0.0092202,-0.28784114673733713,1069.4777825529873,1069.40966796875,1069.18994140625,-0.21972140669822693,-0.0681197400391102
51,76,127,train,True,0.00508,-0.6070117834210396,1071.8454151037336,1071.85595703125,1071.2384033203125,-0.6175969839096069,0.01058520048856737
52,75,127,train,True,0.0013716,-0.3456099679321051,1072.8316939523072,1072.6558837890625,1072.486083984375,-0.16974300146102905,-0.17586696647107602
53,74,127,train,True,0.0036195,-0.3785149125754833,1072.5190178422629,1072.576171875,1072.1405029296875,-0.4357140064239502,0.057199093848466886
54,73,127,train,True,0.0040894,-0.2105280350521207,1071.1419245194272,1071.131591796875,1070.931396484375,-0.20013819634914398,-0.010389838702976717
55,72,127,train,True,0.0055753,0.08705257578287273,1068.1597735960922,1068.268310546875,1068.246826171875,-0.021535899490118027,0.10858847527299076
56,71,127,train,True,0.0113538,0.1474989525601268,1064.1706162818148,1064.06396484375,1064.318115234375,0.25418800115585327,-0.10668904859572648
57,70,127,train,True,0.0259969,0.04909538979642093,1058.2775647664537,1058.3597412109375,1058.32666015625,-0.03303239867091179,0.08212778846733272
58,69,127,train,True,0.0288798,-0.09700382841750979,1051.6013983596674,1051.66064453125,1051.50439453125,-0.15620939433574677,0.059205565918236974
48,80,128,train,True,0.0064384,0.3805271518230438,1062.7520412075519,1062.8143310546875,1063.132568359375,0.3183023929595947,0.06222475886344908
49,79,128,train,True,0.0013184,0.22238954059779645,1068.9360577250272,1068.9837646484375,1069.158447265625,0.1745792031288147,0.04781033746898175
50,78,128,train,True,0.0176768,-0.4156553927063942,1077.3951475802064,1077.372802734375,1076.9794921875,-0.39328721165657043,-0.022368181049823743
51,77,128,train,True,0.0187904,-0.3513814398646355,1077.927431244552,1077.85888671875,1077.5760498046875,-0.2828671932220459,-0.0685142466425896
52,76,128,train,True,0.000704,-0.552375528216362,1081.5416333407163,1081.4404296875,1080.9892578125,-0.4511607885360718,-0.10121473968029027
53,75,128,train,True,0.0036224,-0.2967594534158707,1079.427862969041,1079.40234375,1079.131103515625,-0.2712551951408386,-0.025504258275032055
54,74,128,train,True,3.84e-05,-0.4205294971168041,1080.7342502002418,1080.7425537109375,1080.313720703125,-0.42880240082740784,0.00827290371060374
55,73,128,train,True,0.005376,0.08749488731846214,1076.0082082376816,1076.0313720703125,1076.095703125,0.06430160254240036,0.02319328477606178
56,72,128,train,True,0.0016128,0.1439948204346001,1074.729418265503,1074.6864013671875,1074.8734130859375,0.1869616061449051,-0.04296678571030499
57,71,128,train,True,0.0544512,0.15071096070110798,1067.2079316174238,1067.160400390625,1067.358642578125,0.19822880625724792,-0.04751784555613994
58,70,128,train,True,0.0279424,-0.12005390740931034,1063.1835304699093,1063.2864990234375,1063.0634765625,-0.2230152040719986,0.10296129666268826
59,69,128,train,True,0.0298112,-0.13806360196322204,1053.2716085238383,1053.301025390625,1053.133544921875,-0.16750480234622955,0.029441200383007515
48,81,129,train,True,0.0053148,0.7364265272021293,1066.8886955431103,1066.76953125,1067.6251220703125,0.8555880784988403,-0.11916155129671102
49,80,129,train,True,0.0019737,0.25705943077802657,1075.724385881722,1075.699951171875,1075.9814453125,0.2814890146255493,-0.02442958384752275
50,79,129,train,True,0.0172731,-0.01524632951739477,1082.7242307045174,1082.6732177734375,1082.708984375,0.03572310134768486,-0.05096943086507963
51,78,129,train,True,0.0212205,-0.4587762187421322,1085.824498874992,1085.9296875,1085.36572265625,-0.564014196395874,0.10523797765374182
52,77,129,train,True,0.0007095,-0.4238428457081318,1087.6833643300831,1087.5228271484375,1087.259521484375,-0.26336419582366943,-0.16047864988446237
53,76,129,train,True,0.0031476,-0.4990862734615803,1088.1437395937742,1088.2427978515625,1087.6446533203125,-0.5981131792068481,0.09902690574526785
54,75,129,train,True,3.87e-05,-0.39946140244603157,1087.688035621196,1087.6494140625,1087.28857421875,-0.3607616126537323,-0.038699789792299266
55,74,129,train,True,0.0045537,-0.045793787606526165,1085.592790857919,1085.6700439453125,1085.5469970703125,-0.12299849838018417,0.07720471077365801
56,73,129,train,True,0.0105006,0.18021945118904115,1082.5838186347485,1082.449462890625,1082.7640380859375,0.3145380914211273,-0.13431864023208617
57,72,129,train,True,0.0213495,0.1699437602236867,1077.8418970600887,1077.9298095703125,1078.0118408203125,0.08200789988040924,0.08793586034327747
58,71,129,train,True,0.0279414,0.05446966498158872,1072.010593811581,1072.1114501953125,1072.0650634765625,-0.04630190134048462,0.10077156632207335
59,70,129,train,True,0.0298119,-0.056105073029175404,1064.8594497995916,1064.8150634765625,1064.8033447265625,-0.011823199689388275,-0.04428187333978713
48,82,130,train,True,0.02236,0.6405433309078217,1072.7244469034672,1072.8363037109375,1073.364990234375,0.5287160277366638,0.11182730317115785
49,81,130,train,True,0.001794,0.482577782869339,1080.7511868655681,1080.8428955078125,1081.2337646484375,0.3909200131893158,0.0916577696800232
50,80,130,train,True,0.001872,-0.07041576581541449,1090.2983210392529,1090.2862548828125,1090.2279052734375,-0.058309998363256454,-0.012105767452158037
51,79,130,train,True,0.014209,-0.10124503899365664,1091.7301512889937,1091.6573486328125,1091.62890625,-0.028433000668883324,-0.07281203832477331
52,78,130,train,True,3.9e-05,-0.45903426721692087,1095.980030360967,1095.9422607421875,1095.52099609375,-0.4212630093097687,-0.03777125790715219
53,77,130,train,True,0.003159,-0.3549809105694294,1094.8088383324443,1094.7431640625,1094.453857421875,-0.28924301266670227,-0.0657378979027271
54,76,130,train,True,3.9e-05,-0.5326295770704746,1096.8658815301956,1096.905029296875,1096.333251953125,-0.5717819929122925,0.039152415841817834
55,75,130,train,True,0.008359,-0.08269285584799946,1093.124440902723,1093.1419677734375,1093.041748046875,-0.10032399743795395,0.01763114158995449
56,74,130,train,True,0.000286,0.055136375778820364,1092.7145169445337,1092.7166748046875,1092.7696533203125,0.0530100017786026,0.0021263740002177636
57,73,130,train,True,0.025948,0.17152437020093203,1086.2570644969865,1086.304931640625,1086.4285888671875,0.12365300208330154,0.047871368117630486
58,72,130,train,True,0.02795,-0.013110488117090426,1083.2419923240545,1083.318115234375,1083.2288818359375,-0.08923199772834778,0.07612150961125735
59,71,130,train,True,0.064272,0.022083656187169252,1074.263805015688,1074.288330078125,1074.285888671875,-0.0024449999909847975,0.02452865617815405
60,70,130,train,True,0.02795,-0.20954946257174015,1068.8408971188217,1068.9267578125,1068.63134765625,-0.2954680025577545,0.08591853998601437
48,83,131,train,True,0.0192439,0.5528746680915355,1074.874493495971,1075.0018310546875,1075.4273681640625,0.42562758922576904,0.12724707886576647
49,82,131,train,True,0.0022008,0.282458927705884,1086.9277461504191,1087.031982421875,1087.210205078125,0.17817360162734985,0.10428532607853414
50,81,131,train,True,0.0036156,0.13578485500067472,1095.535968074687,1095.4898681640625,1095.6717529296875,0.1819027066230774,-0.04611785162240267
51,80,131,train,True,0.0020829,-0.22022117659449578,1099.4038149265946,1099.4244384765625,1099.18359375,-0.24077750742435455,0.020556330829858777
52,79,131,train,True,6.55e-05,-0.20987833436578512,1101.9346097796783,1101.87158203125,1101.7247314453125,-0.1469409018754959,-0.06293743249028921
53,78,131,train,True,0.0006026,-0.40221248149871824,1103.2398589658737,1103.321044921875,1102.837646484375,-0.4833987057209015,0.08118622422218325
54,77,131,train,True,3.93e-05,-0.42849667608737946,1103.6191705042124,1103.509521484375,1103.190673828125,-0.3188076913356781,-0.10968898475170136
55,76,131,train,True,0.0001834,-0.2600770615041256,1102.376287999004,1102.369140625,1102.1162109375,-0.2529526948928833,-0.007124366611242272
56,75,131,train,True,0.0004192,0.009735803087241948,1100.3009331422252,1100.210205078125,1100.3106689453125,0.10050590336322784,-0.0907701002759859
57,74,131,train,True,0.0279423,0.06577692250022665,1096.4366644837498,1096.5181884765625,1096.50244140625,-0.01575559936463833,0.08153252186486498
58,73,131,train,True,0.0328024,0.021141321409959345,1091.6283948114026,1091.675048828125,1091.6495361328125,-0.02549389936029911,0.04663522077025846
59,72,131,train,True,0.0469897,-0.014322763355448843,1085.507364755543,1085.48486328125,1085.4930419921875,0.0081490995362401,-0.022471862891688944
60,71,131,train,True,0.0275231,-0.05638682338874787,1078.2100733468262,1078.169921875,1078.1536865234375,-0.01618950068950653,-0.04019732269924134
48,84,132,train,True,0.0600732,0.48435056567192075,1078.354516621828,1078.3267822265625,1078.8388671875,0.5121427774429321,-0.027792211771011377
49,83,132,train,True,0.0600336,0.3304363878071308,1089.5177081434429,1089.490478515625,1089.84814453125,0.3575615882873535,-0.02712520048022271
50,82,132,train,True,0.00198,-0.5105598104000092,1102.896546138525,1102.8431396484375,1102.385986328125,-0.45718321204185486,-0.05337659835815434
51,81,132,train,True,0.0024684,0.002349828346632421,1105.1609802497783,1105.1495361328125,1105.163330078125,0.01373360026627779,-0.01138377191964537
52,80,132,train,True,0.0034848,-0.1903113093972206,1109.9841345515847,1109.920166015625,1109.7938232421875,-0.12633879482746124,-0.06397251456975936
53,79,132,train,True,0.0040656,-0.143139171525836,1109.7069819449634,1109.653076171875,1109.5638427734375,-0.0892895981669426,-0.0538495733588934
54,78,132,train,True,3.96e-05,-0.405294252038002,1112.5399378067254,1112.4461669921875,1112.1346435546875,-0.3116227984428406,-0.09367145359516144
55,77,132,train,True,0.0010428,-0.18091623466461898,1109.6218342034147,1109.53759765625,1109.44091796875,-0.09668959677219391,-0.08422663789242507
56,76,132,train,True,0.001056,-0.1788374226912856,1110.0865522664412,1110.0374755859375,1109.90771484375,-0.12976039946079254,-0.049077023230493066
57,75,132,train,True,0.0363528,-0.005015167377423495,1104.6024272767525,1104.5438232421875,1104.597412109375,0.05362119898200035,-0.05863636635942385
58,74,132,train,True,0.0204072,-0.18434367701411247,1102.4300712160766,1102.506591796875,1102.2457275390625,-0.2608436048030853,0.07649992778897285
59,73,132,train,True,0.0288816,-0.05673524221987464,1094.465182507845,1094.4830322265625,1094.408447265625,-0.07457640022039413,0.017841158000519497
60,72,132,train,True,0.0242088,-0.17614669777452946,1090.015624236837,1089.89892578125,1089.8394775390625,-0.05947279930114746,-0.116673898473382
50,83,133,train,True,0.0019019,-0.07345492889871821,1105.1838064913986,1105.2418212890625,1105.1103515625,-0.1314370036125183,0.0579820747138001
51,82,133,train,True,0.0031255,-0.644201182126999,1112.598058604002,1112.5091552734375,1111.953857421875,-0.5552166104316711,-0.08898457169532781
52,81,133,train,True,0.0020615,-0.06732960126362741,1115.7802202262637,1115.7403564453125,1115.712890625,-0.027491500601172447,-0.03983810066245497
53,80,133,train,True,0.0059052,-0.21961093954741956,1117.82715488486,1117.878173828125,1117.6075439453125,-0.2707068920135498,0.051095952466130246
54,79,133,train,True,0.002394,-0.17273938346654177,1119.0389503209665,1118.8822021484375,1118.8662109375,-0.01594410091638565,-0.15679528255015612
55,78,133,train,True,3.99e-05,-0.21108908630907536,1118.4595021722466,1118.527099609375,1118.2484130859375,-0.27875378727912903,0.06766470097005367
56,77,133,train,True,0.0009975,-0.1301227249763906,1117.3666949906014,1117.2274169921875,1117.236572265625,0.009215299971401691,-0.1393380249477923
57,76,133,train,True,0.0279433,-0.13265563555061818,1114.4424700886757,1114.3858642578125,1114.309814453125,-0.07611949741840363,-0.05653613813221456
58,75,133,train,True,0.016359,-0.20360602490603924,1110.5579761420936,1110.52734375,1110.3543701171875,-0.17300330102443695,-0.03060272388160229
59,74,133,train,True,0.012502,-0.22796514742076396,1105.2488391708582,1105.264404296875,1105.0208740234375,-0.24352039396762848,0.01555524654686452
60,73,133,train,True,0.0465766,-0.1725653199106455,1098.9521063355357,1098.8768310546875,1098.779541015625,-0.09735599905252457,-0.07520932085812093
61,72,133,train,True,0.0503006,-0.11123924661427737,1091.1030605356768,1091.1697998046875,1090.9918212890625,-0.1779852956533432,0.06674604903906584
50,84,134,train,True,0.0031624,0.30002181567251685,1108.82851822339,1108.873046875,1109.1285400390625,0.25546538829803467,0.04455642737448218
51,83,134,train,True,0.0030686,-0.28158693358302117,1115.663178730458,1115.6759033203125,1115.381591796875,-0.29433318972587585,0.012746256142854684
52,82,134,train,True,0.002747,-0.5696939419209958,1123.6308511684836,1123.4083251953125,1123.0611572265625,-0.34712278842926025,-0.2225711534917355
53,81,134,train,True,0.0048508,-0.1778493145480752,1124.052605173923,1124.1356201171875,1123.874755859375,-0.26087480783462524,0.08302549328655004
54,80,134,train,True,4.02e-05,-0.14111169021576642,1127.5833724324032,1127.4356689453125,1127.4422607421875,0.006580399814993143,-0.14769209003075956
55,79,134,train,True,4.02e-05,-0.027760733431205154,1125.4125263584313,1125.418701171875,1125.384765625,-0.0338979996740818,0.006137266242876648
56,78,134,train,True,0.0002546,-0.14970003858208655,1126.7511404682696,1126.6951904296875,1126.6014404296875,-0.09379539638757706,-0.055904642194509496
57,77,134,train,True,0.0199258,-0.07686396259814501,1122.249471384473,1122.1815185546875,1122.172607421875,-0.008899199776351452,-0.06796476282179356
58,76,134,train,True,0.0203814,-0.3461786714196205,1121.0235468354822,1121.013427734375,1120.6773681640625,-0.3359943926334381,-0.010184278786182388
59,75,134,train,True,0.0203144,-0.278044615611434,1113.8949879749864,1113.9261474609375,1113.616943359375,-0.30924779176712036,0.031203176155686352
60,74,134,train,True,0.0118188,-0.39441544011235236,1110.317389072925,1110.26220703125,1109.9229736328125,-0.3392393887042999,-0.05517605140805243
61,73,134,train,True,0.0419152,-0.1355309827439487,1100.600374732744,1100.597412109375,1100.46484375,-0.13255539536476135,-0.00297558737918735
50,85,135,train,True,0.003078,0.26278224676847456,1110.955113261044,1111.142822265625,1111.2178955078125,0.07506050169467926,0.1877217450737953
51,84,135,train,True,0.002646,0.256520289927721,1119.3986310772598,1119.4185791015625,1119.6551513671875,0.23663100600242615,0.019889283925294876
52,83,135,train,True,0.001728,-0.03998169806553051,1126.7621496668155,1126.6746826171875,1126.72216796875,0.047515999525785446,-0.08749769759131595
53,82,135,train,True,0.0020655,-0.6532969880104065,1131.927344839573,1131.9427490234375,1131.2740478515625,-0.6687214970588684,0.015424509048461932
54,81,135,train,True,0.003672,-0.1580098194256425,1133.7788594288006,1133.7945556640625,1133.620849609375,-0.1737705022096634,0.015760682784020902
55,80,135,train,True,0.0003645,-0.08381214883178473,1134.0822252347693,1134.1807861328125,1133.9984130859375,-0.1824055016040802,0.09859335277229547
56,79,135,train,True,0.000243,0.024626606462989004,1133.701935893537,1133.6671142578125,1133.7265625,0.05944250151515007,-0.03481589505216107
57,78,135,train,True,0.0094365,-0.05255451000761241,1131.6559480646952,1131.6776123046875,1131.6033935546875,-0.07422199845314026,0.02166748844552785
58,77,135,train,True,0.01026,-0.2192484126240015,1128.817881225124,1128.8681640625,1128.5986328125,-0.2695235013961792,0.050275088772177706
59,76,135,train,True,0.0118125,-0.3749250817298889,1124.4429182457925,1124.4052734375,1124.0679931640625,-0.337334007024765,-0.037591074705123906
60,75,135,train,True,0.0191295,-0.3950762219727039,1118.9375566907227,1118.9007568359375,1118.54248046875,-0.35823601484298706,-0.03684020712971686
61,74,135,train,True,0.0829035,-0.306399390026927,1112.0325956790894,1111.967041015625,1111.7261962890625,-0.24089549481868744,-0.06550389520823957
62,73,135,train,False,0.154629,-0.1871003772318363,1103.9443025256694,1103.9796142578125,1103.7572021484375,-0.22244499623775482,0.03534461900591851
51,85,136,train,True,0.0058344,0.21638674335554242,1122.2074413816445,1122.306396484375,1122.423828125,0.11735119670629501,0.09903554664924741
52,84,136,train,True,0.0022848,0.37506479263305664,1131.441341457367,1131.4425048828125,1131.81640625,0.3739064037799835,0.0011583888530731223
53,83,136,train,True,0.0141848,-0.14233686799183487,1135.7357206570543,1135.7801513671875,1135.5933837890625,-0.18669119477272034,0.04435432678088547
54,82,136,train,True,4.08e-05,-0.4803125634789467,1142.0002100244164,1141.8817138671875,1141.5198974609375,-0.36179038882255554,-0.11852217465639114
55,81,136,train,True,0.0018768,-0.1484491954743862,1141.0139277110993,1141.009033203125,1140.865478515625,-0.14353279769420624,-0.004916397780179965
56,80,136,train,True,0.0002448,0.010182100555393845,1142.8383286416322,1142.77490234375,1142.8485107421875,0.07360240072011948,-0.06342030016472563
57,79,136,train,True,0.053176,0.11162267046049237,1139.166331431102,1139.1429443359375,1139.2779541015625,0.13503679633140564,-0.023414125870913266
58,78,136,train,True,0.0003264,-0.17398972924798728,1138.761147932373,1138.8316650390625,1138.587158203125,-0.24448640644550323,0.07049667719751596
59,77,136,train,True,0.0114512,-0.2571297633647919,1132.82573327899,1132.8812255859375,1132.568603515625,-0.312610387802124,0.05548062443733215
60,76,136,train,True,0.0118184,-0.5229186442494392,1130.0412291911243,1129.957763671875,1129.518310546875,-0.4394271969795227,-0.08349144726991653
61,75,136,train,True,0.0690744,-0.3182430021464825,1121.230962728709,1121.14599609375,1120.9127197265625,-0.23331519961357117,-0.08492780253291132
62,74,136,train,True,0.0124984,-0.3965818177163601,1115.974828888029,1116.004638671875,1115.5782470703125,-0.42644399404525757,0.029862176328897483
51,86,137,train,True,0.0521696,0.3701306545734406,1125.9590929782391,1125.9312744140625,1126.3292236328125,0.3979331851005554,-0.027802530527114844
52,85,137,train,True,0.0020961,0.3511363127827644,1134.3989857575298,1134.392333984375,1134.7501220703125,0.3578090965747833,-0.00667278379201891
53,84,137,train,True,0.0083844,0.31834896877408025,1140.562998687476,1140.6624755859375,1140.88134765625,0.21884790062904358,0.09950106814503668
54,83,137,train,True,0.0001096,0.0737572953500785,1145.842502470275,1145.9072265625,1145.916259765625,0.009049500338733196,0.0647077950113453
55,82,137,train,True,0.0003014,-0.5016752657294273,1149.3239408907293,1149.2872314453125,1148.822265625,-0.4649597108364105,-0.03671555489301681
56,81,137,train,True,0.0002466,-0.045393459184560926,1149.7305741232472,1149.6805419921875,1149.6851806640625,0.004654400050640106,-0.05004785923520103
57,80,137,train,True,0.001644,0.08398555586114526,1148.3702380769514,1148.317626953125,1148.4542236328125,0.1365440934896469,-0.052558537628501656
58,79,137,train,True,0.0003562,0.08937956143170595,1146.2121341104432,1146.313232421875,1146.301513671875,-0.011708900332450867,0.10108846176415681
59,78,137,train,True,0.0081378,-0.15235501371324062,1142.8115347012133,1142.81396484375,1142.6591796875,-0.15471379458904266,0.0023587808758020468
60,77,137,train,True,0.0117272,-0.367865788936615,1138.4662544608116,1138.4136962890625,1138.098388671875,-0.3153204023838043,-0.05254538655281066
61,76,137,train,True,0.0130424,-0.4394878195226192,1132.2495464132726,1132.1202392578125,1131.81005859375,-0.31016919016838074,-0.1293186293542385
62,75,137,train,True,0.0286193,-0.3393387021869421,1125.2317947568745,1125.2567138671875,1124.8924560546875,-0.36421990394592285,0.02488120175898073
63,74,137,train,True,0.004384,-0.1857336287200451,1116.6126135115326,1116.628662109375,1116.4268798828125,-0.20171059668064117,0.015976967960596083
52,86,138,train,True,0.0037812,0.4290553480386734,1138.8919895738363,1138.8558349609375,1139.321044921875,0.46515318751335144,-0.03609783947467804
53,85,138,train,True,0.0059616,0.26204051345586776,1144.2143999162317,1144.357421875,1144.4764404296875,0.11898999661207199,0.14305051684379577
54,84,138,train,True,0.0028014,0.4465470376610756,1151.3882918295265,1151.5673828125,1151.8348388671875,0.2674005925655365,0.17914644509553912
55,83,138,train,True,0.0091632,0.20981124766170978,1153.6715364085883,1153.6998291015625,1153.88134765625,0.1814693957567215,0.02834185190498828
56,82,138,train,True,0.0002484,-0.26971575528383257,1158.4446425130964,1158.292236328125,1158.1749267578125,-0.11736360192298889,-0.15235215336084368
57,81,138,train,True,0.000414,0.04850194136844948,1155.7712002070691,1155.761474609375,1155.8197021484375,0.058177001774311066,-0.009675060405861587
58,80,138,train,True,0.0004968,0.09460863668471575,1155.9365192930027,1156.0316162109375,1156.0311279296875,-0.0005304000223986804,0.09513903670711443
59,79,138,train,True,0.0100188,0.10144029894843698,1150.839111458864,1150.812255859375,1150.9405517578125,0.1283089965581894,-0.026868697609752412
60,78,138,train,True,0.0116058,-0.30444432303309443,1149.0579843620956,1148.918212890625,1148.7535400390625,-0.16475479304790497,-0.13968952998518946
61,77,138,train,True,0.0116058,-0.3342784395813942,1141.2189219942688,1141.0330810546875,1140.8846435546875,-0.14850039780139923,-0.18577804177999496
62,76,138,train,True,0.0118128,-0.5184113755822182,1136.8620393052697,1136.8341064453125,1136.3436279296875,-0.4905467927455902,-0.02786458283662796
63,75,138,train,True,0.027945,-0.13269777849316597,1126.4318921144306,1126.3037109375,1126.2991943359375,-0.00451180012896657,-0.1281859783641994
52,87,139,train,True,0.0035445,0.30832089312374594,1141.4485150443763,1141.436279296875,1141.7568359375,0.32054761052131653,-0.012226717397570586
53,86,139,train,True,0.0040032,0.33122850507497786,1148.8755586043,1148.9197998046875,1149.206787109375,0.2870100140571594,0.04421849101781844
54,85,139,train,True,0.0021406,0.3852080164849758,1155.1681367100775,1155.31103515625,1155.5533447265625,0.24223439395427704,0.14297362253069879
55,84,139,train,True,0.0031275,0.46433940917253497,1159.52552875489,1159.585205078125,1159.9898681640625,0.4046817123889923,0.05965769678354266
56,83,139,train,True,0.0002502,0.2994365286082029,1163.0061054635794,1163.0157470703125,1163.3055419921875,0.2898033857345581,0.009633142873644807
57,82,139,train,True,0.0006116,-0.2497423564642668,1164.6046007549019,1164.5418701171875,1164.3548583984375,-0.18691930174827576,-0.06282305471599103
58,81,139,train,True,0.002085,0.07872679906897247,1163.3474206618685,1163.494873046875,1163.4261474609375,-0.06872960180044174,0.1474564008694142
59,80,139,train,True,0.0036557,0.1317270838096738,1160.6268178380653,1160.5833740234375,1160.758544921875,0.17510880529880524,-0.04338172148913144
60,79,139,train,True,0.027522,0.020818689677398652,1157.0740299431352,1156.9893798828125,1157.0948486328125,0.10547620058059692,-0.08465751090319827
61,78,139,train,True,0.0135942,-0.2819042243808508,1151.8684520759434,1151.6910400390625,1151.5865478515625,-0.10457470268011093,-0.17732952170073984
62,77,139,train,True,0.0108837,-0.3935413506627083,1145.7248401787876,1145.7879638671875,1145.331298828125,-0.45662540197372437,0.06308405131101608
63,76,139,train,True,0.0131494,-0.25178913712501527,1138.1573067152501,1138.0234375,1137.905517578125,-0.11789929866790771,-0.13388983845710756
52,88,140,train,True,0.014378,0.15310182943940162,1145.677830787748,1145.669921875,1145.8309326171875,0.16096200048923492,-0.007860171049833303
53,87,140,train,True,0.01211,0.14631635058671236,1152.1051484931634,1152.1263427734375,1152.25146484375,0.1251399964094162,0.02117635417729616
54,86,140,train,True,0.002324,0.37838827252388,1160.5803519618512,1160.7242431640625,1160.958740234375,0.23444999754428864,0.14393827497959139
55,85,140,train,True,0.008204,0.4022095388174057,1163.9603392893075,1164.005126953125,1164.362548828125,0.35732200741767883,0.04488753139972684
56,84,140,train,True,0.007896,0.5283272750675678,1169.5131766311824,1169.4410400390625,1170.04150390625,0.6004999876022339,-0.07217271253466606
57,83,140,train,True,0.000602,0.3341905616223812,1169.6816785790027,1169.7027587890625,1170.015869140625,0.31308600306510925,0.021104558557271946
58,82,140,train,True,0.001316,-0.11741256074979901,1172.6249809201247,1172.6826171875,1172.507568359375,-0.17502999305725098,0.05761743230745196
59,81,140,train,True,0.006146,0.12870429325848817,1168.5766179723664,1168.5123291015625,1168.705322265625,0.19301800429821014,-0.06431371103972197
60,80,140,train,True,0.003262,0.04954802642809227,1167.4246951376344,1167.3009033203125,1167.4742431640625,0.17324000597000122,-0.12369197954190894
61,79,140,train,True,0.02422,-0.09045599726960063,1160.5245380285196,1160.473388671875,1160.43408203125,-0.03931200131773949,-0.05114399595186114
62,78,140,train,True,0.012502,-0.45164916962385177,1156.9606823727488,1156.9349365234375,1156.509033203125,-0.42595401406288147,-0.025695155560970295
63,77,140,train,True,0.051534,-0.23533572494983673,1147.611556428075,1147.6826171875,1147.376220703125,-0.3064199984073639,0.07108427345752716
64,76,140,train,True,0.027944,-0.28267654791474345,1141.8009870947897,1141.6966552734375,1141.518310546875,-0.1782979965209961,-0.10437855139374735
65,75,140,train,False,0.800492,0.11812996127642691,1129.7163426949735,1129.6142578125,1129.83447265625,0.22025200724601746,-0.10212204596959054
53,88,141,train,True,0.0158343,-0.049122177180834115,1156.4899180756183,1156.51806640625,1156.4407958984375,-0.07732419669628143,0.02820201951544732
54,87,141,train,True,0.0028905,0.165049603022635,1163.9487199282273,1164.0064697265625,1164.11376953125,0.1073772981762886,0.05767230484634639
55,86,141,train,True,0.0091932,0.3817160326242447,1169.5528542798756,1169.504150390625,1169.9345703125,0.43048858642578125,-0.048772553801536556
56,85,141,train,True,0.0053157,0.4708234935998917,1174.03845385015,1173.9769287109375,1174.50927734375,0.5323866009712219,-0.06156310737133025
57,84,141,train,True,0.0041313,0.46435527622699735,1176.330078317523,1176.391845703125,1176.79443359375,0.40249499678611755,0.061860279440879795
58,83,141,train,True,0.0013113,0.25160492457449435,1177.913800348863,1178.11083984375,1178.1654052734375,0.054620400071144104,0.19698452450335024
59,82,141,train,True,0.0014946,-0.08960673692636192,1177.9513010728638,1177.911865234375,1177.8616943359375,-0.050213199108839035,-0.03939353781752289
60,81,141,train,True,0.0031866,0.06552583611104637,1175.4038345154515,1175.3065185546875,1175.4693603515625,0.1628565937280655,-0.09733075761701912
61,80,141,train,True,0.0139731,-0.04048558024223894,1170.9202463224296,1170.8555908203125,1170.8797607421875,0.024189500138163567,-0.06467508038040251
62,79,141,train,True,0.0085305,-0.23574771780520679,1165.5578912724927,1165.4842529296875,1165.3221435546875,-0.16218599677085876,-0.07356172103434802
63,78,141,train,True,0.0126336,-0.27771852262318136,1158.8728112960607,1158.693603515625,1158.5950927734375,-0.09852729737758636,-0.179191225245595
64,77,141,train,True,0.0197541,-0.10040124197490513,1151.1723006560374,1151.2098388671875,1151.0718994140625,-0.1379690021276474,0.03756776015274227
65,76,141,train,False,0.1052565,-0.003560173169244081,1142.1244097825443,1141.744140625,1142.120849609375,0.37666991353034973,-0.3802300866995938
53,89,142,train,True,0.0049416,-0.33342658676207065,1159.5064002195745,1159.4656982421875,1159.1729736328125,-0.2927413880825043,-0.04068519867956638
54,88,142,train,True,0.002698,-0.08814294246956705,1169.0831380596571,1169.110107421875,1168.9949951171875,-0.11506900191307068,0.026926059443503625
55,87,142,train,True,0.0070716,0.17571075033396483,1173.580636905916,1173.6126708984375,1173.75634765625,0.1436665952205658,0.03204415511339903
56,86,142,train,True,0.0059214,0.41332822903990746,1180.3131122006475,1180.157958984375,1180.7264404296875,0.5684043765068054,-0.15507614746689796
57,85,142,train,True,0.0062906,0.39347263738512994,1181.4350185735523,1181.557373046875,1181.8284912109375,0.2711654007434845,0.12230723664164544
58,84,142,train,True,0.0024424,0.36824432015419006,1185.1017263829708,1185.283935546875,1185.469970703125,0.18605999648571014,0.18218432366847992
59,83,142,train,True,0.0015052,0.25507080897688866,1183.7954663003982,1183.7550048828125,1184.050537109375,0.29544559121131897,-0.040374782234430306
60,82,142,train,True,0.0012496,-0.0728863194771111,1185.2638042882272,1185.1363525390625,1185.19091796875,0.05449799820780754,-0.12738431768491865
61,81,142,train,True,0.0236004,-0.09906141688115895,1179.5545057528186,1179.5455322265625,1179.4554443359375,-0.09013540297746658,-0.008926013903692367
62,80,142,train,True,0.0018602,-0.24791546568274497,1176.5198881219328,1176.6036376953125,1176.27197265625,-0.33157938718795776,0.08366392150521279
63,79,142,train,True,0.0300614,-0.18990840289741753,1168.1396154341473,1168.148193359375,1167.94970703125,-0.19853200018405914,0.00862359728664161
64,78,142,train,True,0.0279456,-0.26650248117744924,1163.03078470774,1163.0164794921875,1162.7642822265625,-0.2521798014640808,-0.014322679713368425
65,77,142,train,False,0.700557,0.1784638747572899,1151.9888945236803,1151.8341064453125,1152.1673583984375,0.33326399326324463,-0.15480011850595474
54,89,143,train,True,0.0046618,-0.3619380298256874,1172.2482905688883,1172.1546630859375,1171.8863525390625,-0.2682265043258667,-0.0937115254998207
55,88,143,train,True,0.007579,-0.024335375486407428,1178.8319525629863,1178.844970703125,1178.8076171875,-0.037310101091861725,0.012974725605454297
56,87,143,train,True,0.0067496,0.2481465258449316,1184.415915974155,1184.32421875,1184.6640625,0.33984461426734924,-0.09169808842241764
57,86,143,train,True,0.0073359,0.3183185037225485,1187.8166912619024,1187.776123046875,1188.135009765625,0.3588247001171112,-0.04050619639456271
58,85,143,train,True,0.0024453,0.2931882021576166,1190.2510012509674,1190.4287109375,1190.544189453125,0.11546050012111664,0.17772770203649996
59,84,143,train,True,0.0018161,0.27605293050408364,1191.1178679679333,1191.108154296875,1191.3939208984375,0.28569599986076355,-0.009643069356679912
60,83,143,train,True,0.0012584,0.11177393402904272,1191.270550284721,1191.260009765625,1191.38232421875,0.12233009934425354,-0.010556165315210822
61,82,143,train,True,0.0029458,-0.08565468084998429,1189.4117044855375,1189.43603515625,1189.3260498046875,-0.10997629910707474,0.02432161825709045
62,81,143,train,True,0.0027456,-0.21853460155427457,1185.2121869453042,1185.2100830078125,1184.99365234375,-0.2163974940776825,-0.0021371074765920706
63,80,143,train,True,0.0109824,-0.21412935715168716,1179.2381772087142,1179.1519775390625,1179.0240478515625,-0.12793110311031342,-0.08619825404137374
64,79,143,train,False,0.2003001,-0.06024682777002454,1172.3194021012075,1172.359619140625,1172.2591552734375,-0.10038840025663376,0.04014157248660922
65,78,143,train,True,0.0512369,0.10820868336129934,1163.8257512775763,1163.76513671875,1163.9339599609375,0.16888320446014404,-0.060674521098844705
66,77,143,train,True,0.0130416,0.10988839698024094,1154.7214104311447,1154.7325439453125,1154.831298828125,0.09876389801502228,0.011124498965218665
54,90,144,train,True,0.0053136,-0.5724572563171386,1177.0123986625672,1176.8953857421875,1176.43994140625,-0.45546799898147583,-0.11698925733566279
55,89,144,train,True,0.0201312,-0.23662114769220352,1182.5610840383172,1182.5120849609375,1182.324462890625,-0.1875735968351364,-0.04904755085706711
56,88,144,train,True,0.0071424,0.09442963960580528,1190.3264687978942,1190.2254638671875,1190.4208984375,0.1953943967819214,-0.10096475717611611
57,87,144,train,True,0.0129312,0.18984834514558316,1192.465058881417,1192.525634765625,1192.6549072265625,0.12922480702400208,0.06062353812158108
58,86,144,train,True,0.0028368,0.18105770103633403,1197.2530243302137,1197.3255615234375,1197.43408203125,0.10848720371723175,0.07257049731910228
59,85,144,train,True,0.0027072,0.2060287169367075,1196.8089859315007,1196.8619384765625,1197.0150146484375,0.15308159589767456,0.05294712103903293
60,84,144,train,True,0.0012528,0.1270141098462045,1199.1431274917163,1199.0770263671875,1199.2701416015625,0.19308720529079437,-0.06607309544458986
61,83,144,train,True,0.0029088,0.031240033723879606,1195.9837746147136,1195.9627685546875,1196.0150146484375,0.052246399223804474,-0.021006365499924868
62,82,144,train,True,0.0014544,-0.14745741985738278,1195.6907923807948,1195.72998046875,1195.5433349609375,-0.18661999702453613,0.03916257716715335
63,81,144,train,True,0.0107856,-0.2297563973814249,1188.5221147958189,1188.60107421875,1188.2923583984375,-0.3087135851383209,0.07895718775689603
64,80,144,train,True,0.0279504,-0.1506771183386445,1184.025555048026,1183.9591064453125,1183.8748779296875,-0.08420079946517944,-0.06647631887346506
65,79,144,train,True,0.0279504,0.3122490407526493,1173.7041083811223,1173.785400390625,1174.016357421875,0.23097120225429535,0.08127783849835396
66,78,144,train,True,0.0071712,-0.07411898333113641,1167.1595682020811,1167.2049560546875,1167.08544921875,-0.11958879977464676,0.04546981644351035
67,77,144,train,True,0.0084816,0.4142782202363014,1154.3818643578886,1154.4620361328125,1154.796142578125,0.33403119444847107,0.08024702578783033
54,91,145,train,True,0.0111795,-0.6341989931464195,1179.6907175478339,1179.5877685546875,1179.0565185546875,-0.5312165021896362,-0.10298249095678325
55,90,145,train,True,0.0090625,-0.3667850761115551,1187.368860271424,1187.366455078125,1187.0020751953125,-0.3643589913845062,-0.0024260847270488606
56,89,145,train,True,0.0084825,-0.037902911065611986,1194.1436158016907,1194.0458984375,1194.105712890625,0.059830501675605774,-0.09773341274121776
57,88,145,train,True,0.012267,0.1061427728459239,1198.5321628912166,1198.5826416015625,1198.6383056640625,0.055641498416662216,0.05050127442926168
58,87,145,train,True,0.033901,0.11422936540096998,1201.883329228349,1202.0321044921875,1201.99755859375,-0.03444899991154671,0.14867836531251669
59,86,145,train,True,0.0071485,0.09289480642415583,1203.8842780451384,1203.80859375,1203.9771728515625,0.16856749355793,-0.07567268713377416
60,85,145,train,True,0.001276,0.060327727925032375,1204.8660638736374,1204.832275390625,1204.9263916015625,0.09409649670124054,-0.033768768776208165
61,84,145,train,True,0.0027985,0.002582674797158688,1203.9410208408278,1203.885498046875,1203.943603515625,0.05814649909734726,-0.05556382430018857
62,83,145,train,True,0.001479,-0.13515526276081802,1202.371971669011,1202.487060546875,1202.23681640625,-0.2502155005931854,0.1150602378323674
63,82,145,train,True,0.0030595,-0.052395591740496454,1199.1229522323656,1199.0447998046875,1199.070556640625,0.025812000036239624,-0.07820759177673609
64,81,145,train,True,0.01972,-0.14168419217690825,1193.2896334109269,1193.197509765625,1193.14794921875,-0.04963250085711479,-0.09205169131979346
65,80,145,train,False,0.110896,0.22341724794358014,1185.4671345098689,1185.8883056640625,1185.6905517578125,-0.19765649735927582,0.42107374530285596
66,79,145,train,True,0.006525,0.43808001950383185,1176.9133604101837,1176.9488525390625,1177.3514404296875,0.40258198976516724,0.035498029738664616
67,78,145,train,True,0.007453,0.3328915330022573,1166.9837588576227,1167.0439453125,1167.316650390625,0.2727159857749939,0.060175547227263426
54,92,146,train,True,0.0242214,-0.6769211700558663,1184.177165310681,1184.12060546875,1183.500244140625,-0.6204484105110168,-0.05647275954484943
55,91,146,train,True,0.0028908,-0.3249659755080938,1190.7611232020706,1190.6937255859375,1190.4361572265625,-0.25752899050712585,-0.06743698500096795
56,90,146,train,True,0.0017666,-0.021157965639140457,1199.5325105047016,1199.46728515625,1199.5113525390625,0.04412220045924187,-0.06528016609838233
57,89,146,train,True,0.001679,0.08691955933347345,1202.899774776604,1203.039794921875,1202.9866943359375,-0.05312480032444,0.14004435965791345
58,88,146,train,True,0.0146584,0.08278390595689417,1208.5738323049807,1208.6622314453125,1208.6566162109375,-0.005582599900662899,0.08836650585755706
59,87,146,train,True,0.0343538,0.07112773028202354,1209.0237209025304,1208.927490234375,1209.0948486328125,0.16734999418258667,-0.09622226390056313
60,86,146,train,True,0.0012702,-0.08396023537032306,1212.5367190244328,1212.3975830078125,1212.4527587890625,0.055265799164772034,-0.13922603453509508
61,85,146,train,True,0.0042778,-0.13262371458113192,1210.273981136456,1210.1436767578125,1210.141357421875,-0.0022299999836832285,-0.1303937145974487
62,84,146,train,True,0.0030514,-0.24887121848762037,1210.8177188747377,1210.9033203125,1210.56884765625,-0.3344826102256775,0.08561139173805712
63,83,146,train,True,0.0060152,-0.06113369770464487,1206.3215096742672,1206.2421875,1206.2603759765625,0.01822580024600029,-0.07935949795064516
64,82,146,train,True,0.0040734,-0.018121710929553957,1204.5879459296796,1204.4281005859375,1204.56982421875,0.1417488008737564,-0.15987051180331036
65,81,146,train,True,0.0448658,-0.01480032995226793,1195.2300102908898,1195.323486328125,1195.2152099609375,-0.10832040011882782,0.09352007016655989
66,80,146,train,True,0.0067014,0.2560547812283039,1189.2814208047091,1189.33251953125,1189.5374755859375,0.20503120124340057,0.05102357998490331
67,79,146,train,True,0.0065846,0.8134473904967308,1177.3023973360657,1177.2333984375,1178.1158447265625,0.8823804259300232,-0.06893303543329243
68,78,146,train,True,0.0067014,0.046397815281525256,1169.531360973781,1169.534912109375,1169.5777587890625,0.042945798486471176,0.0034520167950540803
55,92,147,train,True,0.008379,-0.2874950911104679,1195.383564427048,1195.374755859375,1195.0960693359375,-0.2786470055580139,-0.008848085552453977
56,91,147,train,True,0.0197421,0.09458036571741105,1203.0162594780327,1202.9364013671875,1203.11083984375,0.1744464933872223,-0.07986612766981124
57,90,147,train,True,0.0107163,0.19232534296810627,1208.5243494617193,1208.568359375,1208.7166748046875,0.14832079410552979,0.04400454886257649
58,89,147,train,True,0.0085848,0.19476299442350864,1213.107849310264,1213.12158203125,1213.3026123046875,0.1810722053050995,0.013690789118409152
59,88,147,train,True,0.0158613,0.10974534064531326,1215.7805134484172,1215.7694091796875,1215.8902587890625,0.12092000246047974,-0.011174661815166478
60,87,147,train,True,0.0012789,-0.043360630879178644,1217.6618909043166,1217.689697265625,1217.6185302734375,-0.07122919708490372,0.027868566205725073
61,86,147,train,True,0.0012936,-0.24229039758443832,1217.9656790694594,1217.8026123046875,1217.723388671875,-0.07916639745235443,-0.1631240001320839
62,85,147,train,True,0.0012642,-0.3921926975250244,1217.1974905490874,1217.2442626953125,1216.8052978515625,-0.4389897882938385,0.04679709076881411
63,84,147,train,True,0.0025725,-0.24063288629055024,1214.815217847228,1214.740478515625,1214.5745849609375,-0.16591230034828186,-0.07472058594226838
64,83,147,train,True,0.0018816,0.006830730109941214,1211.8153128245776,1211.7705078125,1211.8221435546875,0.05161980167031288,-0.044789071560371665
65,82,147,train,True,0.0080997,0.12684951160103083,1206.502056738399,1206.3739013671875,1206.62890625,0.2550249993801117,-0.12817548777908086
66,81,147,train,True,0.0088494,0.055287528093904255,1198.995737862531,1199.044921875,1199.051025390625,0.0061039999127388,0.049183528181165455
67,80,147,train,True,0.004998,0.6063089808821678,1189.8194722691178,1189.8236083984375,1190.42578125,0.6021993160247803,0.004109664857387507
68,79,147,train,True,0.0381906,0.6759879294037819,1179.8010628518462,1179.8919677734375,1180.47705078125,0.5851280093193054,0.09085992008447652
69,78,147,train,True,0.0068355,0.41403659015893934,1168.418971222341,1168.4761962890625,1168.8330078125,0.356783390045166,0.05725320011377333
55,93,148,train,True,0.0130388,-0.1481210575066507,1198.4819833621941,1198.4368896484375,1198.3338623046875,-0.10304120182991028,-0.045079855676740416
56,92,148,train,True,0.0014948,0.18219326600432395,1208.2633633746207,1208.28857421875,1208.445556640625,0.157053604722023,0.02513966128230094
57,91,148,train,True,0.019462,0.29680336482822894,1212.7024642132967,1212.6700439453125,1212.999267578125,0.329257994890213,-0.03245463006198407
58,90,148,train,True,0.0111888,0.3556225262582302,1219.4589526690543,1219.577392578125,1219.8145751953125,0.2372352033853531,0.11838732287287712
59,89,148,train,True,0.0150368,0.3207559768855572,1220.8694295699895,1220.9320068359375,1221.190185546875,0.2581467926502228,0.0626091842353344
60,88,148,train,True,0.0020572,0.018234190129442142,1224.962112489558,1225.0223388671875,1224.9803466796875,-0.04201440140604973,0.06024859153549187
61,87,148,train,True,0.0056832,-0.1244033635314554,1223.592054730719,1223.69775390625,1223.4676513671875,-0.23008839786052704,0.10568503432907164
62,86,148,train,True,0.0012432,-0.48088529020547865,1225.4430434933304,1225.3856201171875,1224.962158203125,-0.4234248101711273,-0.057460480034351336
63,85,148,train,True,0.0099604,-0.44770247891545295,1221.5748997445405,1221.564697265625,1221.127197265625,-0.4374940097332001,-0.010208469182252877
64,84,148,train,True,0.0014652,-0.1518202569335699,1220.8139296319337,1220.7542724609375,1220.662109375,-0.09219039976596832,-0.05962985716760158
65,83,148,train,True,0.0124616,0.1861241588741541,1214.3096033801883,1214.239501953125,1214.4957275390625,0.25623640418052673,-0.07011224530637264
66,82,148,train,True,0.0087172,0.09370877660810947,1210.6700851687044,1210.779541015625,1210.7637939453125,-0.01576399989426136,0.10947277650237083
67,81,148,train,True,0.0838272,0.1727189067006111,1200.187266444862,1200.1290283203125,1200.3599853515625,0.23100440204143524,-0.05828549534082414
68,80,148,train,True,0.0102416,0.4897488740086555,1192.8294649931788,1192.83447265625,1193.3192138671875,0.4847247898578644,0.005024084150791142
69,79,148,train,True,0.0102416,0.8956089022755623,1179.3265590664744,1179.338134765625,1180.22216796875,0.8840371966362,0.011571705639362384
56,93,149,train,True,0.0025181,0.20447615310549735,1211.6190101750194,1211.6456298828125,1211.823486328125,0.1779244989156723,0.026551654189825052
57,92,149,train,False,0.200256,0.36657520741224286,1218.2437763550877,1218.2525634765625,1218.6103515625,0.357866495847702,0.008708711564540839
58,91,149,train,True,0.0102512,0.45020784839987754,1223.907458167225,1223.920166015625,1224.357666015625,0.4375194013118744,0.012688447088003152
59,90,149,train,True,0.0098787,0.45136148512363433,1227.4813777726888,1227.50732421875,1227.9327392578125,0.42540401220321655,0.02595747292041778
60,89,149,train,True,0.0020562,0.3345411442220211,1230.1003953792156,1230.0611572265625,1230.4349365234375,0.3737887144088745,-0.03924757018685343
61,88,149,train,True,0.0021903,0.1396755207888782,1230.9468723307737,1230.9676513671875,1231.0865478515625,0.11887270212173462,0.02080281866714359
62,87,149,train,True,0.0011622,-0.2525374936312437,1231.2511947201938,1231.2568359375,1230.9986572265625,-0.2580766975879669,0.005539203956723193
63,86,149,train,True,0.0039038,-0.46699076861143113,1229.9484360811114,1229.77978515625,1229.4814453125,-0.298444002866745,-0.16854676574468613
64,85,149,train,True,0.0033078,-0.43440979823470116,1227.6100689779223,1227.683349609375,1227.1756591796875,-0.5076544284820557,0.0732446302473545
65,84,149,train,True,0.0036356,0.08759606468025595,1223.4408463181323,1223.262451171875,1223.5284423828125,0.2659203112125397,-0.17832424653228374
66,83,149,train,True,0.0091784,0.20454828195273878,1218.5786548430472,1218.6854248046875,1218.783203125,0.09771720319986343,0.10683107875287534
67,82,149,train,True,0.0119796,0.22019141405820847,1211.8191152265667,1211.85498046875,1212.039306640625,0.18430499732494354,0.035886416733264925
68,81,149,train,True,0.0279375,0.1045134913478978,1203.147927914902,1203.16845703125,1203.25244140625,0.08398579806089401,0.02052769328700378
56,94,150,train,True,0.005685,0.15983419816941022,1216.718705840893,1216.776123046875,1216.8785400390625,0.1024250015616417,0.057409196607768526
57,93,150,train,True,0.00252,0.30987092286348344,1222.364079272449,1222.4150390625,1222.6739501953125,0.2589150071144104,0.050955915749073044
58,92,150,train,True,0.0117,0.5370272864401341,1230.1845303307473,1230.16845703125,1230.7215576171875,0.5531499981880188,-0.01612271174788471
59,91,150,train,True,0.009015,0.4247809432446957,1232.7663811661303,1232.8397216796875,1233.191162109375,0.3514600098133087,0.07332093343138696
60,90,150,train,True,0.001125,0.43172351628541944,1237.411660272777,1237.4368896484375,1237.8433837890625,0.40656501054763794,0.0251585057377815
61,89,150,train,True,0.020025,0.4146120737493038,1236.6578976918756,1236.5718994140625,1237.072509765625,0.5006250143051147,-0.08601294055581094
62,88,150,train,True,0.00111,-0.036412685087416324,1239.1811880757125,1239.2435302734375,1239.144775390625,-0.09872499853372574,0.062312313446309414
63,87,150,train,True,0.006225,-0.08239828009158373,1236.2690437879041,1236.2022705078125,1236.1866455078125,-0.015615000389516354,-0.06678327970206738
64,86,150,train,True,0.00606,-0.4326258388161659,1236.4438563075662,1236.3916015625,1236.01123046875,-0.3803449869155884,-0.05228085190057752
65,85,150,train,True,0.007365,-0.2337855054438114,1230.8080042554438,1230.950927734375,1230.57421875,-0.3767400085926056,0.14295450314879418
66,84,150,train,True,0.00432,0.09465432992437854,1228.367137662263,1228.3724365234375,1228.4617919921875,0.08937499672174454,0.005279333202634004
67,83,150,train,True,0.014175,0.35716202691197396,1220.2476963715255,1220.226318359375,1220.6048583984375,0.3785549998283386,-0.02139297291636466
68,82,150,train,True,0.01719,0.12724248485639691,1215.2067418901436,1215.3294677734375,1215.333984375,0.004569999873638153,0.12267248498275876
57,94,151,train,False,0.4354689,0.3033585754036903,1227.5926375183462,1227.485595703125,1227.89599609375,0.4104163944721222,-0.10705781906843187
58,93,151,train,True,0.0176972,0.42017426177859307,1234.518180230409,1234.617919921875,1234.9383544921875,0.32043710350990295,0.09973715826869012
59,92,151,train,True,0.0116572,0.42852469593286513,1239.3124421009422,1239.3902587890625,1239.740966796875,0.3507575988769531,0.077767097055912
60,91,151,train,True,0.0011325,0.4007247237861156,1242.8653885574638,1242.7713623046875,1243.26611328125,0.49471089243888855,-0.09398616865277293
61,90,151,train,True,0.0046055,0.29464180633425713,1244.2831169827282,1244.43212890625,1244.5777587890625,0.1456827074289322,0.14895909890532494
62,89,151,train,True,0.0011174,0.23669040948152542,1244.8165322467685,1244.8399658203125,1245.05322265625,0.21320149302482605,0.02348891645669937
63,88,151,train,True,0.0011627,0.3159725810587406,1244.0880801533162,1244.13427734375,1244.404052734375,0.26983019709587097,0.046142383962869626
64,87,151,train,True,0.0029898,0.12501733571756632,1242.7077463361575,1242.8876953125,1242.832763671875,-0.05493459850549698,0.1799519342230633
65,86,151,train,True,0.0040921,-0.12137767970561981,1239.7307526797056,1239.5400390625,1239.609375,0.06938070058822632,-0.19075838029384612
66,85,151,train,True,0.0032465,-0.08509402107447386,1235.6767688257619,1235.886474609375,1235.5916748046875,-0.2948139011859894,0.20971988011151552
67,84,151,train,True,0.008305,0.33022030495107174,1230.1050824294239,1229.9744873046875,1230.435302734375,0.46076831221580505,-0.1305480072647333
68,83,151,train,True,0.0164741,0.273798343911767,1223.7116752889008,1223.835693359375,1223.9854736328125,0.1497827023267746,0.1240156415849924
69,82,151,train,True,0.0193733,0.18181392166763544,1215.536081586145,1215.5587158203125,1215.7178955078125,0.15920239686965942,0.022611524797976013
70,81,151,train,False,0.30049,0.07701221223687753,1205.3635395455756,1205.547119140625,1205.4405517578125,-0.10649559646844864,0.18350780870532618
59,93,152,train,True,0.018544,0.22568948343396186,1244.3755068056284,1244.43994140625,1244.6011962890625,0.16125519573688507,0.06443428769707679
60,92,152,train,True,0.024472,0.46367832392454145,1250.011541402638,1250.0491943359375,1250.4752197265625,0.42601439356803894,0.037663930356502506
61,91,152,train,True,0.0259008,0.18337832517921926,1250.3937701123207,1250.3717041015625,1250.5771484375,0.20544640719890594,-0.022068082019686686
62,90,152,train,True,0.0010184,0.0670316713466309,1253.0413667661533,1253.0977783203125,1253.1083984375,0.010595999658107758,0.05643567168852315
63,89,152,train,True,0.0011704,0.454917858839035,1250.3884659302234,1250.4410400390625,1250.8433837890625,0.40241920948028564,0.05249864935874937
64,88,152,train,True,0.0010032,0.2332385017722845,1251.3752820060402,1251.4774169921875,1251.6085205078125,0.1310615986585617,0.1021769031137228
65,87,152,train,True,0.0400064,0.42313311956822874,1246.5777213726192,1246.705078125,1247.0008544921875,0.29580560326576233,0.12732751630246641
66,86,152,train,True,0.0045904,-0.1774794502183795,1245.2768446845935,1245.3233642578125,1245.099365234375,-0.22399920225143433,0.046519752033054834
67,85,152,train,True,0.0125248,0.13598400763235985,1238.0197777111177,1238.0277099609375,1238.15576171875,0.12806640565395355,0.007917601978406297
68,84,152,train,True,0.0088312,0.2298518044501543,1234.1529606955498,1234.1409912109375,1234.3828125,0.24182799458503723,-0.011976190134882936
69,83,152,train,True,0.0540208,0.35348197281360627,1224.5127289646864,1224.5787353515625,1224.8662109375,0.28751760721206665,0.06596436560153962
70,82,152,train,False,0.1497048,0.08611107788747177,1218.0144748596126,1218.346435546875,1218.1005859375,-0.2458391934633255,0.33195027135079724
59,94,153,train,True,0.0118881,0.2955717169493437,1250.3210054314882,1250.3216552734375,1250.6165771484375,0.29492369294166565,0.0006480240076780497
60,93,153,train,True,0.002754,0.21137249074876308,1255.2402876655012,1255.30126953125,1255.45166015625,0.15047040581703186,0.060902084931731215
61,92,153,train,True,0.0090576,0.0741040151193738,1257.814689930193,1257.8365478515625,1257.8887939453125,0.05229920148849487,0.021804813630878925
62,91,153,train,True,0.0010251,0.034824105685111136,1259.1198389802523,1258.9661865234375,1259.1546630859375,0.18849310278892517,-0.15366899710381404
63,90,153,train,True,0.0011781,0.011849460247904063,1258.837027492877,1258.9912109375,1258.848876953125,-0.14236830174922943,0.1542177619971335
64,89,153,train,True,0.0010098,0.37138900004327297,1257.7173561171442,1257.724365234375,1258.0887451171875,0.36430230736732483,0.007086692675948136
65,88,153,train,True,0.0039474,0.5545806631445884,1255.3251800790429,1255.3726806640625,1255.8797607421875,0.5070887804031372,0.04749188274145122
66,87,153,train,True,0.0040086,0.36467905558645725,1252.225775045976,1252.419921875,1252.5904541015625,0.17053580284118652,0.19414325274527072
67,86,153,train,True,0.0050643,0.03719544546213001,1247.5066277967253,1247.5064697265625,1247.5438232421875,0.03730839863419533,-0.0001129531720653193
68,85,153,train,True,0.0092871,0.11491691653616726,1242.1143311303388,1242.1787109375,1242.229248046875,0.050443798303604126,0.06447311823256313
69,84,153,train,True,0.0119799,0.36077951192855834,1234.9966423630715,1234.90234375,1235.357421875,0.45506370067596436,-0.09428418874740602
71,82,153,train,False,0.1500165,0.0931829428113997,1217.5612360025011,1217.740478515625,1217.6544189453125,-0.08609460294246674,0.17927754575386645
60,94,154,train,True,0.0010318,0.4638014450669289,1261.634831367433,1261.6217041015625,1262.0986328125,0.4768385887145996,-0.013037143647670724
61,93,154,train,True,0.025025,-0.11328682700172067,1263.5754450301267,1263.5263671875,1263.462158203125,-0.06421799957752228,-0.049068827424198394
62,92,154,train,True,0.001309,0.06693209542892874,1266.965050326446,1266.9329833984375,1267.031982421875,0.09896340221166611,-0.03203130678273737
63,91,154,train,True,0.0011858,-0.10538907423615455,1265.4965023554862,1265.4334716796875,1265.39111328125,-0.04239239916205406,-0.06299667507410049
64,90,154,train,True,0.001001,0.03434779272647574,1266.5559842385235,1266.619140625,1266.59033203125,-0.028838399797677994,0.06318619252415374
65,89,154,train,True,0.0453068,0.6303695671260356,1262.2825943000614,1262.287109375,1262.9129638671875,0.625866174697876,0.004503392428159669
66,88,154,train,True,0.0074382,0.38066808208823205,1261.6697469569742,1261.7420654296875,1262.0504150390625,0.30830299854278564,0.07236508354544641
67,87,154,train,True,0.0082236,0.46069013386964797,1255.116336233318,1255.205078125,1255.5770263671875,0.3718949854373932,0.08879514843225478
68,86,154,train,True,0.0049588,-0.21188693068921566,1252.3649631025642,1252.3883056640625,1252.153076171875,-0.23525260388851166,0.023365673199296
69,85,154,train,True,0.0144144,0.22231250070035458,1243.5152363274246,1243.42822265625,1243.737548828125,0.3093140125274658,-0.08700151182711124
70,84,154,train,True,0.0172788,0.19799783673137428,1238.098510952331,1238.1507568359375,1238.2965087890625,0.14570920169353485,0.052288635037839426
59,96,155,train,True,0.017205,0.24543404832482338,1260.3029057954252,1260.3111572265625,1260.54833984375,0.2371309995651245,0.008303048759698867
60,95,155,train,True,0.0091605,0.148091377671808,1266.4819135051407,1266.397216796875,1266.6300048828125,0.23272499442100525,-0.08463361674919725
61,94,155,train,True,0.004712,-0.015302358860499226,1270.2511422026105,1270.2711181640625,1270.23583984375,-0.03534350171685219,0.020041142856352962
62,93,155,train,True,0.001333,-0.1470439456216991,1272.823923828434,1272.739990234375,1272.6768798828125,-0.06309899687767029,-0.0839449487440288
63,92,155,train,True,0.0012555,-0.2769474894553423,1273.5946965128928,1273.5848388671875,1273.3177490234375,-0.26708000898361206,-0.00986748047173025
64,91,155,train,True,0.0009765,-0.07347472893074154,1273.1605108617432,1273.054443359375,1273.0870361328125,0.03261449933052063,-0.10608922826126217
65,90,155,train,True,0.009827,0.22801802944391966,1271.254892126806,1271.4521484375,1271.48291015625,0.030718499794602394,0.19729952964931727
66,89,155,train,True,0.009641,0.5533603890240193,1268.574081017226,1268.5753173828125,1269.12744140625,0.5520650148391724,0.0012953741848469313
67,88,155,train,True,0.0174685,0.5042668670415879,1264.6331843048333,1264.6768798828125,1265.137451171875,0.46064749360084534,0.043619373440742515
68,87,155,train,True,0.006076,0.14219123830087482,1259.866353683574,1260.0638427734375,1260.008544921875,-0.05538199841976166,0.19757323672063648
69,86,155,train,True,0.00992,-0.048377738525159655,1253.8271863322752,1253.6982421875,1253.77880859375,0.08051999658346176,-0.1288977351086214
70,85,155,train,True,0.0166005,0.1181144562922418,1246.6344490202703,1246.7926025390625,1246.7525634765625,-0.04002700001001358,0.1581414563022554
71,84,155,train,True,0.019251,0.26626397855579853,1238.1335162948817,1238.052734375,1238.3997802734375,0.3470804989337921,-0.08081652037799358
59,97,156,train,True,0.0010296,0.056511803411412986,1264.450934485651,1264.41650390625,1264.5074462890625,0.09094280004501343,-0.03443099663360044
60,96,156,train,True,0.0013104,0.4366960956156254,1272.3694562481344,1272.386962890625,1272.80615234375,0.4192659854888916,0.01743011012673379
61,95,156,train,True,0.0011856,-0.23844718001782894,1275.6200389768928,1275.5693359375,1275.381591796875,-0.18770280480384827,-0.050744375213980675
62,94,156,train,True,0.0085176,0.0944305130559951,1279.9523224166314,1279.9808349609375,1280.0467529296875,0.06595759838819504,0.028472914667800067
63,93,156,train,True,0.0035256,-0.4733970522880554,1279.988777911663,1279.920654296875,1279.515380859375,-0.4051952064037323,-0.0682018458843231
64,92,156,train,True,0.0009828,-0.1256928385235369,1281.6596283853985,1281.5906982421875,1281.533935546875,-0.056846801191568375,-0.06884603733196853
65,91,156,train,True,0.0037752,0.1517855123244226,1278.3345426126755,1278.364013671875,1278.486328125,0.12222599983215332,0.02955951249226929
66,90,156,train,True,0.0009828,0.24481092721223832,1277.9826060649752,1278.0201416015625,1278.2274169921875,0.2072903960943222,0.03752053111791612
67,89,156,train,True,0.0384228,0.6460668089985847,1272.0690210816265,1272.246826171875,1272.715087890625,0.4683319926261902,0.17773481637239452
68,88,156,train,True,0.0246324,0.024181421254761516,1270.0860480709327,1270.1376953125,1270.1102294921875,-0.027510400861501694,0.051691822116263206
69,87,156,train,True,0.014274,0.10202224968001246,1261.91311446907,1261.9781494140625,1262.01513671875,0.03700080141425133,0.06502144826576113
70,86,156,train,True,0.0093132,-0.2883503667265177,1257.6142781011015,1257.6268310546875,1257.325927734375,-0.3009692132472992,0.01261884652078149
71,85,156,train,True,0.0541164,0.14371963903307916,1247.2528868062793,1247.278564453125,1247.3966064453125,0.11806879937648773,0.02565083965659143
72,84,156,train,False,0.1497444,0.13091521720401944,1240.4202322437334,1240.6160888671875,1240.5511474609375,-0.06504560261964798,0.19596081982366742
59,98,157,train,True,0.0031714,0.11753214038908481,1269.4341036017984,1269.4732666015625,1269.5516357421875,0.07833100110292435,0.039201139286160466
60,97,157,train,True,0.0021352,0.09849706465378404,1276.7409804744086,1276.750244140625,1276.8394775390625,0.08926530182361603,0.009231762830168008
61,96,157,train,True,0.0070022,-0.03307667925953865,1281.726558124572,1281.7708740234375,1281.6934814453125,-0.07739060372114182,0.04431392446160316
62,95,157,train,True,0.0044274,-0.18982233110815286,1285.4676543623582,1285.3690185546875,1285.27783203125,-0.09127940237522125,-0.0985429287329316
63,94,157,train,True,0.004239,-0.395688252300024,1287.3683445023,1287.3681640625,1286.97265625,-0.3955075144767761,-0.00018073782324790066
64,93,157,train,True,0.0009734,-0.29459358505904676,1288.0624158506841,1287.95068359375,1287.767822265625,-0.18283039331436157,-0.11176319174468519
65,92,157,train,True,0.0010205,-0.06424186895601451,1287.018587572081,1287.1082763671875,1286.954345703125,-0.15393120050430298,0.08968933154828847
66,91,157,train,True,0.0051496,0.20009348306804894,1285.0243938216195,1284.9866943359375,1285.2244873046875,0.23779410123825073,-0.03770061817020179
67,90,157,train,True,0.0234715,0.3886718614399433,1281.459228529185,1281.612548828125,1281.847900390625,0.23534390330314636,0.15332795813679695
68,89,157,train,True,0.0265016,0.3719147424399853,1277.38247978881,1277.4110107421875,1277.75439453125,0.34341511130332947,0.028499631136655823
69,88,157,train,True,0.027946,0.15778719019144774,1272.0377694504336,1271.92431640625,1272.195556640625,0.2713254988193512,-0.11353830862790346
70,87,157,train,True,0.0109115,-0.16521199617534876,1265.692921957113,1265.8525390625,1265.5277099609375,-0.3248507082462311,0.15963871207088232
71,86,157,train,True,0.0120733,-0.11062874933704733,1258.1515223040246,1258.090087890625,1258.0408935546875,-0.0492095984518528,-0.061419150885194534
73,84,157,train,False,0.1500449,0.18468229725956917,1239.634775710553,1239.6815185546875,1239.8194580078125,0.13795439898967743,0.04672789826989174
60,98,158,train,True,0.0013114,0.3215660648047924,1282.1297278805077,1282.16259765625,1282.4512939453125,0.288741797208786,0.03282426759600637
61,97,158,train,True,0.0008848,-0.28416622839868066,1286.615587126836,1286.6512451171875,1286.3314208984375,-0.3198275864124298,0.035661358013749145
62,96,158,train,True,0.0047874,0.14207383908331395,1292.0578773327916,1292.0145263671875,1292.199951171875,0.18541499972343445,-0.0433411606401205
63,95,158,train,True,0.0020382,-0.6045316132903099,1293.365640011728,1293.2508544921875,1292.7611083984375,-0.4897559881210327,-0.1147756251692772
64,94,158,train,True,0.0009796,-0.16192810636013746,1295.9392718563602,1295.8880615234375,1295.77734375,-0.11071819812059402,-0.05120990823954344
65,93,158,train,True,0.001264,-0.1920043768361211,1293.9062377752737,1293.8865966796875,1293.7142333984375,-0.17238479852676392,-0.019619578309357177
66,92,158,train,True,0.0023384,0.12001627961173654,1294.0864046188258,1294.04052734375,1294.2064208984375,0.1658916026353836,-0.045875323023647066
67,91,158,train,True,0.0271128,0.3851957879960537,1288.938046399504,1289.0384521484375,1289.3232421875,0.2847977876663208,0.1003980003297329
68,90,158,train,True,0.0252168,0.07203331666067242,1287.2479129724018,1287.3724365234375,1287.3199462890625,-0.05256599932909012,0.12459931598976254
69,89,158,train,True,0.0252168,0.3402821205556393,1280.0045665122568,1279.989501953125,1280.3448486328125,0.355294793844223,-0.015012673288583744
70,88,158,train,True,0.007979,-0.3714061935245991,1276.5803905685245,1276.5135498046875,1276.208984375,-0.30458420515060425,-0.06682198837399483
71,87,158,train,True,0.0151206,-0.11917595008388161,1266.9430284891464,1266.933837890625,1266.8238525390625,-0.10992299765348434,-0.009252952430397268
72,86,158,train,True,0.0174906,-0.22825866661965846,1261.0200067134947,1261.0416259765625,1260.791748046875,-0.2499711960554123,0.02171252943575383
60,99,159,train,True,0.0298125,-0.031042695762589573,1286.1394411332626,1286.122802734375,1286.1083984375,-0.014361600391566753,-0.01668109537102282
61,98,159,train,True,0.0100329,-0.08171673674602062,1292.160574158621,1292.1707763671875,1292.078857421875,-0.09185589849948883,0.010139161753468212
62,97,159,train,True,0.0059307,-0.1941960621625185,1297.135724382475,1297.0418701171875,1296.9415283203125,-0.10041169822216034,-0.09378436394035816
63,96,159,train,True,0.0043248,-0.3998302483558655,1300.1672863030433,1300.0950927734375,1299.7674560546875,-0.32759329676628113,-0.07223695158958438
64,95,159,train,True,0.0009858,-0.3931575372815132,1301.988250310719,1301.8311767578125,1301.5950927734375,-0.2361142933368683,-0.15704324394464492
65,94,159,train,True,0.0010971,-0.21312372237443925,1302.0037731364368,1302.0196533203125,1301.7906494140625,-0.22899749875068665,0.0158737763762474
66,93,159,train,True,0.0014469,0.06342782808467745,1300.9414549844153,1300.8719482421875,1301.0048828125,0.13301220536231995,-0.0695843772776425
67,92,159,train,True,0.0030528,0.23214871533215045,1298.1151413237303,1298.251953125,1298.3472900390625,0.09535060077905655,0.1367981145530939
68,91,159,train,True,0.0036411,0.21985228158533573,1294.615230726227,1294.7010498046875,1294.8350830078125,0.1340021938085556,0.08585008777678013
69,90,159,train,True,0.0279522,0.13816789211705327,1289.839615311008,1289.927978515625,1289.977783203125,0.04977089911699295,0.08839699300006032
70,89,159,train,True,0.0175854,-0.07624721911735832,1284.4719991722422,1284.4088134765625,1284.395751953125,-0.01300519984215498,-0.06324201927520334
71,88,159,train,True,0.0376671,-0.251969987154007,1277.5943772137166,1277.5015869140625,1277.3424072265625,-0.1591431051492691,-0.09282688200473788
72,87,159,train,True,0.0168063,-0.16699614949524402,1269.8259316963702,1269.8631591796875,1269.658935546875,-0.20429900288581848,0.03730285339057446
73,86,159,train,True,0.0196842,0.010242143932264297,1260.6554072701301,1260.6673583984375,1260.6656494140625,-0.001802199985831976,0.012044343918096273
60,100,160,train,True,0.046576,0.1610462824255228,1291.1658580144494,1291.194580078125,1291.326904296875,0.1323080062866211,0.028738276138901703
61,99,160,train,True,0.002048,-0.3307644563168287,1296.6551052766292,1296.5823974609375,1296.3243408203125,-0.2580679953098297,-0.072696461006999
62,98,160,train,True,0.001952,0.14832222556695343,1303.1664971103705,1303.1385498046875,1303.3148193359375,0.176256000995636,-0.027933775428682556
63,97,160,train,True,0.000912,-0.6095463624596595,1305.7285649171472,1305.616455078125,1305.1190185546875,-0.49748000502586365,-0.1120663574337959
64,96,160,train,True,0.00112,-0.14248414821922778,1309.3003210622817,1309.28271484375,1309.1578369140625,-0.12493599951267242,-0.017548148706555355
65,95,160,train,True,0.001104,-0.4303206430375576,1308.5743636117875,1308.394775390625,1308.14404296875,-0.2508159875869751,-0.17950465545058253
66,94,160,train,True,0.000704,0.09244942730292678,1309.5297429555096,1309.4483642578125,1309.6221923828125,0.17378400266170502,-0.08133457535877824
67,93,160,train,True,0.015024,0.23920742109417914,1305.429982032031,1305.3760986328125,1305.669189453125,0.29313600063323975,-0.053928579539060606
68,92,160,train,True,0.02424,0.1263970212638378,1304.1961127443612,1304.2755126953125,1304.322509765625,0.04702800139784813,0.07936901986598968
69,91,160,train,True,0.032688,0.2428459767997265,1297.6728034372627,1297.72998046875,1297.9156494140625,0.18561600148677826,0.05722997531294824
70,90,160,train,True,0.005488,-0.32946050457656384,1294.8552173405142,1294.809814453125,1294.5257568359375,-0.2840240001678467,-0.04543650440871716
71,89,160,train,True,0.056816,-0.20522746108472348,1286.1955839063971,1286.1341552734375,1285.9903564453125,-0.14379200339317322,-0.06143545769155026
72,88,160,train,True,0.009536,-0.41000719666481017,1281.1033665716648,1281.0206298828125,1280.693359375,-0.3272559940814972,-0.08275120258331298
73,87,160,train,True,0.05432,0.017384318141266702,1270.0171615802963,1270.123291015625,1270.0345458984375,-0.0887639969587326,0.10614831509999931
74,86,160,train,False,0.149808,-0.009250314380042255,1262.5293919159426,1262.8463134765625,1262.5201416015625,-0.32618799805641174,0.3169376836763695
61,100,161,train,True,0.0090321,-0.17391509234905242,1301.8251602095365,1301.8455810546875,1301.6512451171875,-0.1944296956062317,0.02051460325717927
62,99,161,train,True,0.0068103,-0.21516326047480105,1307.8636007604748,1307.648681640625,1307.6484375,-0.00032980000833049417,-0.21483346046647056
63,98,161,train,True,0.0104006,-0.34093324586749074,1311.962881488055,1311.9859619140625,1311.6219482421875,-0.3640410006046295,0.023107754737138775
64,97,161,train,True,0.0014973,-0.40876450210809706,1314.9931150880457,1314.9180908203125,1314.5843505859375,-0.33373740315437317,-0.07502709895372389
65,96,161,train,True,0.0012236,-0.337121047526598,1316.1151972194016,1316.0914306640625,1315.778076171875,-0.313324898481369,-0.023796149045228976
66,95,161,train,True,0.0006923,-0.06694991200231015,1316.0734196385647,1315.90283203125,1316.0064697265625,0.10370270162820816,-0.1706526136305183
67,94,161,train,True,0.0021574,0.18490334879606962,1314.169100557454,1314.26123046875,1314.35400390625,0.09274259954690933,0.09216074924916029
68,93,161,train,True,0.0087745,0.25772959090769293,1311.4253758778423,1311.48388671875,1311.68310546875,0.1991892009973526,0.05854038991034033
69,92,161,train,True,0.0279496,0.12318388508632779,1307.3414157242887,1307.39892578125,1307.464599609375,0.06561339646577835,0.057570488620549434
70,91,161,train,True,0.0151018,-0.1193649538513273,1302.5651657351013,1302.5521240234375,1302.44580078125,-0.10636209696531296,-0.013002856886014338
71,90,161,train,True,0.0279496,-0.36569801658391954,1296.5267087587715,1296.4979248046875,1296.1610107421875,-0.33691808581352234,-0.0287799307703972
72,89,161,train,True,0.0234577,-0.30742471121251586,1289.5598661174624,1289.468994140625,1289.25244140625,-0.2166444957256317,-0.09078021548688414
73,88,161,train,True,0.0243754,-0.06090001333039254,1281.2325308727054,1281.1494140625,1281.171630859375,0.02215000055730343,-0.08305001388769598
75,86,161,train,False,0.1499071,0.11339504182338715,1261.371346169114,1261.6490478515625,1261.4847412109375,-0.16430120170116425,0.2776962435245514
62,100,162,train,True,0.0035316,0.11924777660518884,1313.45130886402,1313.4271240234375,1313.570556640625,0.14353099465370178,-0.02428321804851294
63,99,162,train,True,0.0013122,-0.518003368973732,1317.0579203611612,1316.9886474609375,1316.5399169921875,-0.44870659708976746,-0.06929677188396455
64,98,162,train,True,0.003969,-0.05365225268527865,1321.7487206120602,1321.7640380859375,1321.695068359375,-0.0689425989985466,0.01529034631326795
65,97,162,train,True,0.0020574,-0.5759897476434708,1322.350525880456,1322.58056640625,1321.7745361328125,-0.806022584438324,0.2300328367948532
66,96,162,train,True,0.0006966,0.028439771831035614,1324.155886400044,1324.0997314453125,1324.184326171875,0.0845090001821518,-0.05606922835111618
67,95,162,train,True,0.0031104,0.10641462937928736,1321.1533509956207,1321.1768798828125,1321.259765625,0.08295880258083344,0.023455826798453927
68,94,162,train,True,0.0007614,0.2790287547558546,1320.636742729619,1320.6881103515625,1320.915771484375,0.22766420245170593,0.05136455230414866
69,93,162,train,True,0.0260658,0.2871981567144394,1314.9918545776607,1315.049072265625,1315.279052734375,0.23003840446472168,0.0571597522497177
70,92,162,train,True,0.0150984,-0.17619499675929545,1312.6455553483217,1312.6103515625,1312.4693603515625,-0.140994593501091,-0.03520040325820445
71,91,162,train,True,0.0750384,-0.3056563423573971,1304.8159102486075,1304.838623046875,1304.51025390625,-0.32835519313812256,0.022698850780725477
72,90,162,train,True,0.0089586,-0.5529266905784607,1300.412423760891,1300.3929443359375,1299.8594970703125,-0.5334702134132385,-0.01945647716522214
73,89,162,train,True,0.0633258,-0.05945641295518726,1290.2971273113926,1290.2236328125,1290.2376708984375,0.014101600274443626,-0.07355801322963089
74,88,162,train,True,0.017658,-0.07540018869563937,1283.6623142511955,1283.6590576171875,1283.5869140625,-0.0721668004989624,-0.00323338819667697
62,101,163,train,True,0.0073513,-0.24593188107013703,1317.8112394982577,1317.718994140625,1317.5653076171875,-0.1536439061164856,-0.09228797495365143
63,100,163,train,True,0.0009128,-0.2742779518663883,1322.856187131554,1322.9107666015625,1322.5819091796875,-0.32890358567237854,0.054625633805990226
64,99,163,train,True,0.0007987,-0.31456888549029827,1327.0203794323652,1326.9432373046875,1326.705810546875,-0.2374279946088791,-0.07714089088141918
65,98,163,train,True,0.0040587,-0.3500735415518284,1329.3458010806144,1329.3680419921875,1328.9957275390625,-0.3723486065864563,0.022275065034627894
66,97,163,train,True,0.0007009,-0.22296601809561253,1330.464787307158,1330.370849609375,1330.2418212890625,-0.1289920061826706,-0.09397401191294194
67,96,163,train,True,0.0007009,0.04549713665153831,1329.4516952461609,1329.5855712890625,1329.4971923828125,-0.08842100203037262,0.13391813868191094
68,95,163,train,True,0.0046292,0.30306305885314944,1327.5648568630218,1327.5926513671875,1327.867919921875,0.27523109316825867,0.02783196568489077
69,94,163,train,True,0.0055094,0.3061309569329023,1324.2645477540045,1324.371337890625,1324.5706787109375,0.19938379526138306,0.10674716167151926
70,93,163,train,True,0.0151101,0.07363738593645394,1320.2117630046885,1320.1544189453125,1320.285400390625,0.13097530603408813,-0.05733792009763419
71,92,163,train,True,0.0279382,-0.3577260619401932,1314.8574819213152,1314.86962890625,1314.499755859375,-0.3698224127292633,0.01209635078907012
72,91,163,train,True,0.0256888,-0.4641211079061031,1308.6607763813436,1308.565185546875,1308.1966552734375,-0.3684735894203186,-0.09564751848578451
73,90,163,train,True,0.0380605,-0.20053067803382874,1301.0835873186588,1301.048095703125,1300.883056640625,-0.16505150496959686,-0.03547917306423187
74,89,163,train,True,0.0584192,0.07240008470602334,1292.654406555919,1292.6396484375,1292.726806640625,0.08719909936189651,-0.014799014655873174
75,88,163,train,True,0.0185331,0.12556667044758796,1282.9205759076774,1282.9510498046875,1283.046142578125,0.0950234979391098,0.030543172508478156
62,102,164,train,True,0.0041,0.07957744961138814,1323.0754518472636,1323.115966796875,1323.155029296875,0.03903080150485039,0.040546648106537755
63,101,164,train,True,0.0020664,-0.42829649403691294,1327.5828375096619,1327.6405029296875,1327.154541015625,-0.48595041036605835,0.057653916329145405
64,100,164,train,True,0.0010004,0.06445597561309115,1333.289792071262,1333.319580078125,1333.354248046875,0.03456079959869385,0.0298951760143973
65,99,164,train,True,0.0018696,-0.5086927929520607,1335.0876722851397,1334.9486083984375,1334.5789794921875,-0.3695856034755707,-0.13910718947649003
66,98,164,train,True,0.0006888,0.01762152914889157,1338.0222954630385,1338.0289306640625,1338.0399169921875,0.010984400287270546,0.006637128861621024
67,97,164,train,True,0.001394,-0.1801419311016798,1336.2863431029766,1336.2593994140625,1336.106201171875,-0.15323759615421295,-0.026904334947466857
68,96,164,train,True,0.0007052,0.30249741442501543,1336.3432545387,1336.4390869140625,1336.645751953125,0.20666760206222534,0.09582981236279009
69,95,164,train,True,0.02501,0.3993749590218067,1331.6583642987907,1331.6231689453125,1332.0577392578125,0.43454238772392273,-0.03516742870211603
70,94,164,train,True,0.0151044,0.12476770974695682,1329.9359012355656,1329.944091796875,1330.0606689453125,0.11665640026330948,0.008111309483647342
71,93,164,train,True,0.0279456,-0.123324891384691,1322.8815036023223,1322.7918701171875,1322.7581787109375,-0.033705200999975204,-0.08961969038471579
72,92,164,train,True,0.0158096,-0.5863766130805016,1319.2204098162056,1319.185546875,1318.634033203125,-0.551528811454773,-0.03484780162572865
73,91,164,train,True,0.0279456,-0.21820448718965055,1309.9026527293772,1309.86767578125,1309.6844482421875,-0.18323920667171478,-0.034965280517935765
74,90,164,train,True,0.009676,-0.1556785643287003,1304.0353172362038,1304.0380859375,1303.879638671875,-0.15844599902629852,0.0027674346975982145
75,89,164,train,True,0.0545464,0.1923593120276928,1292.4666983051598,1292.4925537109375,1292.6590576171875,0.1665228009223938,0.025836511105298998
76,88,164,train,False,0.149896,0.0334742648457177,1284.3800999539044,1284.6624755859375,1284.41357421875,-0.2489120066165924,0.2823862714623101
63,102,165,train,True,0.005214,-0.23731719046831132,1333.0796023467183,1333.208740234375,1332.84228515625,-0.3664284944534302,0.12911130398511886
64,101,165,train,True,0.0013035,-0.20370280966162682,1338.1934489034115,1338.2230224609375,1337.98974609375,-0.23336200416088104,0.02965919449925422
65,100,165,train,True,0.0015345,-0.2143990893661976,1341.5381295581162,1341.5037841796875,1341.32373046875,-0.18007349967956543,-0.03432558968663216
66,99,165,train,True,0.000693,-0.21303301461040974,1343.8973591864853,1343.744873046875,1343.684326171875,-0.06056949868798256,-0.15246351592242718
67,98,165,train,True,0.000792,-0.12675670620054005,1344.125658073388,1344.248291015625,1343.9989013671875,-0.24935150146484375,0.1225947952643037
68,97,165,train,True,0.000924,0.16248939728364348,1343.1308455636538,1343.0892333984375,1343.2933349609375,0.20405800640583038,-0.041568609122186906
69,96,165,train,True,0.0016665,0.37597636103630067,1340.5408937561513,1340.715576171875,1340.9168701171875,0.2013314962387085,0.17464486479759217
70,95,165,train,True,0.026532,0.3054854163527489,1337.2821610680223,1337.298583984375,1337.587646484375,0.2890164852142334,0.016468931138515497
71,94,165,train,True,0.026532,-0.04254901288542896,1332.570014833198,1332.6630859375,1332.5274658203125,-0.13559000194072723,0.09304098905529827
72,93,165,train,True,0.027951,-0.37104524061083793,1327.2189456312358,1327.073974609375,1326.847900390625,-0.2261119931936264,-0.14493324741721153
73,92,165,train,True,0.0135795,-0.36013482078909875,1320.4582793520392,1320.5040283203125,1320.09814453125,-0.4059255123138428,0.04579069152474402
74,91,165,train,True,0.0257565,-0.025774996280670166,1312.7393980431557,1312.735107421875,1312.713623046875,-0.021516000851988792,-0.004258995428681373
75,90,165,train,True,0.023595,0.13640545424073935,1303.7636189598218,1303.7508544921875,1303.9000244140625,0.1491834968328476,-0.01277804259210824
64,102,166,train,True,0.001577,0.13816312747076154,1344.1158651928417,1344.1395263671875,1344.2540283203125,0.11448399722576141,0.023679130245000124
65,101,166,train,True,0.0014608,-0.32746949248015883,1346.8493200784176,1346.7950439453125,1346.5218505859375,-0.2731179893016815,-0.05435150317847731
66,100,166,train,True,0.0007968,0.14204964749515056,1350.8548985946923,1350.788330078125,1350.9969482421875,0.20853619277477264,-0.06648654527962208
67,99,166,train,True,0.0007802,-0.3317669444531202,1350.5297649913282,1350.491943359375,1350.197998046875,-0.29388779401779175,-0.03787915043532847
68,98,166,train,True,0.000332,0.24038375325500966,1351.4838594108076,1351.5633544921875,1351.7242431640625,0.16084860265254974,0.07953515060245991
69,97,166,train,True,0.0115536,0.31023302115499973,1347.7689906116575,1347.7432861328125,1348.0792236328125,0.3358738124370575,-0.025640791282057762
70,96,166,train,True,0.0070052,0.33105287864804267,1346.646486183852,1346.668212890625,1346.9775390625,0.3092893958091736,0.021763482838869086
71,95,166,train,True,0.0298136,0.19814443677663804,1340.331274508536,1340.3131103515625,1340.5294189453125,0.21625040471553802,-0.018105967938899986
72,94,166,train,True,0.0279378,-0.339599657356739,1337.3841553214193,1337.3687744140625,1337.0445556640625,-0.324207603931427,-0.015392053425312024
73,93,166,train,True,0.0279378,-0.2119511553272605,1328.9569462725149,1328.8251953125,1328.7449951171875,-0.08025240153074265,-0.13169875379651785
74,92,166,train,True,0.009462,-0.28440444052219394,1323.8455616670847,1323.8326416015625,1323.5611572265625,-0.27138659358024597,-0.013017846941947964
75,91,166,train,True,0.0882456,0.17328914560377598,1313.0442401512712,1313.0001220703125,1313.217529296875,0.21739280223846436,-0.044103656634688376
76,90,166,train,True,0.0179612,0.021726561051327736,1305.7637958998862,1305.81201171875,1305.7855224609375,-0.026458600535988808,0.04818516158731655
64,103,167,train,True,0.0052104,-0.16135426543653011,1348.6252214529366,1348.6156005859375,1348.4638671875,-0.15174759924411774,-0.009606666192412378
65,102,167,train,True,0.0019372,-0.09790575398132205,1352.9819389571064,1352.940673828125,1352.884033203125,-0.05664699897170067,-0.04125875500962138
66,101,167,train,True,0.004008,-0.06927019158378243,1356.3228102306464,1356.1866455078125,1356.2535400390625,0.06684059649705887,-0.13611078808084132
67,100,167,train,True,0.0051937,-0.084364919885993,1357.685439138636,1357.7723388671875,1357.60107421875,-0.17122440040111542,0.08685948051512242
68,99,167,train,True,0.0002839,0.003151972766499966,1357.972800175671,1357.999755859375,1357.9759521484375,-0.0237783994525671,0.026930372219067068
69,98,167,train,True,0.0012525,0.24344377852976323,1356.3109995808452,1356.4713134765625,1356.554443359375,0.08310580253601074,0.1603379759937525
70,97,167,train,True,0.0039579,0.34651041552424433,1353.8127913422882,1353.7357177734375,1354.1593017578125,0.4235660135746002,-0.07705559805035589
71,96,167,train,True,0.0372577,0.2059872553497553,1349.7367617680877,1349.8897705078125,1349.9427490234375,0.05294260010123253,0.15304465524852276
72,95,167,train,True,0.0279391,-0.0517609132360667,1345.070803881986,1345.0489501953125,1345.01904296875,-0.029895000159740448,-0.02186591307632625
73,94,167,train,True,0.0279391,-0.18650264713913203,1339.1447546002642,1339.14990234375,1338.958251953125,-0.19155380129814148,0.005051154159009447
74,93,167,train,True,0.018704,-0.08054792149923742,1332.2353330777491,1332.109619140625,1332.15478515625,0.04514849931001663,-0.12569642080925406
76,91,167,train,True,0.0808948,0.14664689358323812,1315.0168052548543,1314.9505615234375,1315.1634521484375,0.2128981053829193,-0.06625121179968119
77,90,167,train,True,0.0183533,0.012148282787529751,1304.6267677328374,1304.7418212890625,1304.638916015625,-0.10294180363416672,0.11509008642169646
65,103,168,train,True,0.0042,-0.23872847944498063,1357.90498824507,1357.9100341796875,1357.666259765625,-0.2437639981508255,0.005035518705844871
66,102,168,train,False,0.1400112,0.2595900772511959,1362.9218064071238,1362.9049072265625,1363.181396484375,0.2764776051044464,-0.016887527853250484
67,101,168,train,True,0.0300048,-0.22705112040042877,1363.6383060032128,1363.6234130859375,1363.4112548828125,-0.2121247947216034,-0.014926325678825375
68,100,168,train,True,0.0002688,0.2956559544056654,1365.6389143580943,1365.7711181640625,1365.9345703125,0.1635303944349289,0.1321255599707365
69,99,168,train,True,0.00168,0.04478702995518688,1363.2898076966073,1363.3118896484375,1363.3345947265625,0.022731199860572815,0.022055830094614065
70,98,168,train,True,0.0001008,0.33988758474588393,1362.8019581183792,1362.7969970703125,1363.141845703125,0.3447839915752411,-0.004896406829357158
71,97,168,train,True,0.037968,0.2510900864005089,1357.3543786635994,1357.5076904296875,1357.60546875,0.09786319732666016,0.15322688907384874
72,96,168,train,True,0.0279384,-0.039347412867937234,1354.9410808113055,1355.0130615234375,1354.9017333984375,-0.11130479723215103,0.0719573843642138
73,95,168,train,True,0.0279384,0.09292618038132787,1347.3124693274312,1347.2640380859375,1347.4053955078125,0.14137840270996094,-0.04845222232863307
74,94,168,train,True,0.0132552,-0.15159736271947621,1342.961045604907,1342.980712890625,1342.8094482421875,-0.17129360139369965,0.019696238674223432
75,93,168,train,True,0.030828,0.17851674742996693,1332.9702869635075,1333.100341796875,1333.1488037109375,0.04850560054183006,0.13001114688813686
76,92,168,train,True,0.0098952,0.012860633854288608,1326.5445124130208,1326.51806640625,1326.557373046875,0.039345599710941315,-0.026484965856652706
77,91,168,train,True,0.0552216,0.08302205322310328,1314.3754740405268,1314.406982421875,1314.45849609375,0.051548801362514496,0.03147325186058879
78,90,168,train,False,0.14994,-0.18203476805239915,1305.6363804711773,1305.968505859375,1305.454345703125,-0.5141456127166748,0.33211084466427565
66,103,169,train,False,0.3006679,0.0033082433487288654,1368.0471067957137,1368.013916015625,1368.0504150390625,0.03653459995985031,-0.033226356611121444
67,102,169,train,True,0.0200434,0.029305897667072714,1370.400381602333,1370.4315185546875,1370.4296875,-0.0018117999425157905,0.031117697609588504
68,101,169,train,True,0.0003042,0.04827784600201994,1371.743714341498,1371.7742919921875,1371.7919921875,0.017681799829006195,0.030596046173013744
69,100,169,train,True,0.0007436,0.10647764086723327,1371.2566815388202,1371.345458984375,1371.3631591796875,0.017736200243234634,0.08874144062399864
70,99,169,train,True,0.0001859,0.22059629306197168,1369.7241058553755,1369.6639404296875,1369.9447021484375,0.280718594789505,-0.06012230172753333
71,98,169,train,True,0.0030082,0.17449764776974916,1366.4298724694177,1366.588623046875,1366.6043701171875,0.015762299299240112,0.15873534847050905
72,97,169,train,True,0.0279526,0.08683265356346964,1362.4256185183115,1362.440673828125,1362.512451171875,0.0718320980668068,0.015000555496662848
73,96,169,train,True,0.0279526,0.1067936416529119,1357.1945979599095,1357.2318115234375,1357.3013916015625,0.06954869627952576,0.03724494537338614
74,95,169,train,True,0.0154297,0.19306275682523846,1351.0846472041123,1351.076904296875,1351.2777099609375,0.2007610946893692,-0.007698337864130739
75,94,169,train,True,0.0113737,0.2094342502951622,1343.5843889918924,1343.7860107421875,1343.7938232421875,0.007825300097465515,0.20160895019769667
76,93,169,train,True,0.0259415,0.19896991476416587,1335.3736619211734,1335.3173828125,1335.5726318359375,0.25523218512535095,-0.056262270361185085
77,92,169,train,True,0.0233051,0.028390968781895936,1325.8718775859056,1325.9053955078125,1325.9002685546875,-0.005153600126504898,0.03354456890840084
67,103,170,train,True,0.050014,-0.14655103974044323,1376.004583266303,1375.9443359375,1375.8580322265625,-0.0863339975476265,-0.06021704219281673
68,102,170,train,True,0.001394,0.3968781054019928,1378.9694549024105,1379.031982421875,1379.3663330078125,0.3343069851398468,0.06257112026214601
69,101,170,train,True,0.000731,-0.12209397787228227,1377.8674553059973,1377.9375,1377.745361328125,-0.19204799830913544,0.06995402043685317
70,100,170,train,True,5.1e-05,0.34000781521201134,1378.165363278538,1378.1236572265625,1378.50537109375,0.38168299198150635,-0.041675176769495004
71,99,170,train,True,0.016847,0.06612092105671763,1373.822428883631,1373.8836669921875,1373.8885498046875,0.004838000051677227,0.0612829210050404
72,98,170,train,True,0.027948,-0.01245748108252883,1371.94641744202,1372.0489501953125,1371.9339599609375,-0.11495400220155716,0.10249652111902832
73,97,170,train,True,0.027948,0.20270530313253401,1365.1386032906175,1365.150390625,1365.34130859375,0.19089500606060028,0.011810297071933734
74,96,170,train,True,0.013192,0.20433216843754054,1361.45863169875,1361.521240234375,1361.6629638671875,0.1418060064315796,0.06252616200596095
75,95,170,train,True,0.011424,0.4261025144159794,1352.262618188709,1352.35205078125,1352.688720703125,0.3366599977016449,0.08944251671433451
76,94,170,train,True,0.009758,0.1278297101892531,1346.5130394304358,1346.5914306640625,1346.640869140625,0.04951399937272072,0.07831571081653238
78,92,170,train,True,0.018241,-0.25378638587892055,1327.4432395108788,1327.400146484375,1327.189453125,-0.2107049971818924,-0.043081388697028156
67,104,171,train,False,0.6000048,0.058502028114162385,1382.3350526593858,1382.2958984375,1382.3935546875,0.09764090180397034,-0.03913887368980795
68,103,171,train,True,0.0014022,0.09502950433641671,1384.766908972226,1384.713623046875,1384.8619384765625,0.14829160273075104,-0.05326209839433432
69,102,171,train,True,0.0009747,0.10493092698976397,1385.2842292292603,1385.4237060546875,1385.38916015625,-0.03452010080218315,0.13945102779194712
70,101,171,train,True,5.13e-05,0.10792660227045417,1384.8029620696045,1384.7379150390625,1384.910888671875,0.17297540605068207,-0.0650488037802279
71,100,171,train,True,0.0018639,0.01666854485170916,1382.4672181738983,1382.4771728515625,1382.48388671875,0.006680900231003761,0.009987644620705397
72,99,171,train,True,0.0288819,-0.09338260605931283,1379.2899158091843,1379.2977294921875,1379.196533203125,-0.10124769806861877,0.007865092009305949
73,98,171,train,True,0.0279414,0.041841459819115696,1374.7267132276809,1374.8043212890625,1374.7685546875,-0.03572940081357956,0.07757086063269525
74,97,171,train,True,0.0279414,0.33224778942763805,1369.37319654651,1369.3878173828125,1369.7054443359375,0.3175981938838959,0.014649595543742178
75,96,171,train,True,0.0279414,0.4733066000044346,1362.6429043374956,1362.7696533203125,1363.1162109375,0.34655991196632385,0.12674668803811073
76,95,171,train,True,0.0182457,0.42646111905574796,1355.1001502090692,1355.0343017578125,1355.526611328125,0.49235010147094727,-0.0658889824151993
77,94,171,train,True,0.0384579,0.1551159293204546,1346.2524768441172,1346.36669921875,1346.4075927734375,0.0408954992890358,0.1142204300314188
78,93,171,train,True,0.0809514,-0.10166864071041345,1336.7204430547729,1336.638916015625,1336.6187744140625,-0.020090699195861816,-0.08157794151455164
79,92,171,train,True,0.0207081,-0.2794029777497053,1325.9730064933747,1325.9522705078125,1325.693603515625,-0.25867989659309387,-0.020723081156611423
68,104,172,train,True,0.003956,0.42831172987818716,1391.5411706919967,1391.5496826171875,1391.969482421875,0.4198055863380432,0.008506143540143951
69,103,172,train,True,0.0054868,-0.13488175623118878,1391.5645692562312,1391.6583251953125,1391.4296875,-0.22861239314079285,0.09373063690960406
70,102,172,train,True,5.16e-05,0.402773434817791,1392.6802343776822,1392.7579345703125,1393.0830078125,0.3251259922981262,0.07764744251966477
71,101,172,train,True,0.0023392,-0.1322959558479488,1389.5040000574104,1389.4561767578125,1389.3717041015625,-0.0844447985291481,-0.047851157318800686
72,100,172,train,True,0.024424,-0.07078060421161353,1388.3470257213992,1388.3399658203125,1388.2762451171875,-0.06375080347061157,-0.007029800741001957
73,99,172,train,True,0.02795,-0.056025418383069334,1382.4931592074456,1382.4853515625,1382.4371337890625,-0.048263199627399445,-0.007762218755669889
74,98,172,train,True,0.02795,0.1792976538836956,1379.4046867211164,1379.47021484375,1379.583984375,0.11377959698438644,0.06551805689930915
75,97,172,train,True,0.0355696,0.5519970299303532,1371.0704394935071,1371.157470703125,1371.6224365234375,0.4648880064487457,0.08710902348160743
76,96,172,train,True,0.0127624,0.42221847876906393,1365.956443630606,1366.052001953125,1366.378662109375,0.3267328143119812,0.09548566445708273
77,95,172,train,True,0.0324048,0.3668140920996666,1355.3259349313378,1355.4053955078125,1355.6927490234375,0.2873435914516449,0.07947050064802169
78,94,172,train,True,0.0103716,-0.23267358243465425,1348.3176345199347,1348.350341796875,1348.0849609375,-0.26531198620796204,0.03263840377330779
79,93,172,train,True,0.056158,-0.1993818034976721,1335.7880048503728,1335.779296875,1335.588623046875,-0.19069640338420868,-0.008685400113463415
80,92,172,train,False,0.15007,-0.2832184838503599,1326.4823151635378,1326.7403564453125,1326.1990966796875,-0.5412008166313171,0.2579823327809572
69,104,173,train,True,0.0043942,0.12328150264918804,1398.5080661536008,1398.6121826171875,1398.63134765625,0.01914910040795803,0.10413240224123001
70,103,173,train,True,5.19e-05,0.09421071304939688,1399.079983622888,1399.125,1399.1741943359375,0.04922519996762276,0.04498551308177412
71,102,173,train,True,0.0015743,-0.013406948985066265,1397.586649136485,1397.67236328125,1397.5732421875,-0.09919759631156921,0.08579064732650295
72,101,173,train,True,0.0279395,-0.19767050668597222,1395.3574605457484,1395.4207763671875,1395.1597900390625,-0.2610372006893158,0.06336669400334358
73,100,173,train,True,0.0279395,-0.178419092297554,1391.6557140141726,1391.623291015625,1391.477294921875,-0.1459449976682663,-0.032474094629287714
74,99,173,train,True,0.0279395,0.0805533674173057,1387.1512581560203,1387.1717529296875,1387.2318115234375,0.06006990000605583,0.020483467411249873
75,98,173,train,True,0.0279395,0.41159858390688897,1381.1225811035931,1381.2158203125,1381.5341796875,0.31832361221313477,0.0932749716937542
76,97,173,train,True,0.0149645,0.5535561312735081,1374.332796407789,1374.31787109375,1374.8863525390625,0.5685006976127625,-0.01494456633925434
77,96,173,train,True,0.0105357,0.3669987788796425,1366.1881770023704,1366.36572265625,1366.55517578125,0.18943600356578827,0.17756277531385423
78,95,173,train,True,0.0634391,0.09880784477107227,1357.2521443036665,1357.251708984375,1357.3509521484375,0.09929119795560837,-0.00048335318453610054
79,94,173,train,True,0.0227841,-0.26197031036019325,1347.33570077911,1347.3646240234375,1347.07373046875,-0.2909204065799713,0.028950096219778065
69,105,174,train,True,0.044718,-0.11125236133113503,1404.277267986331,1404.2918701171875,1404.166015625,-0.12591679394245148,0.014664432611316447
70,104,174,train,True,5.22e-05,0.450896665006876,1406.4920964990556,1406.589599609375,1406.9429931640625,0.3534305989742279,0.09746606603264807
71,103,174,train,True,0.001566,-0.16890786565840243,1404.3661734906584,1404.4329833984375,1404.197265625,-0.2356960028409958,0.06678813718259335
72,102,174,train,True,0.002262,0.04148652906296775,1403.806658002187,1403.9249267578125,1403.84814453125,-0.07683339715003967,0.11831992621300742
73,101,174,train,True,0.0279444,-0.22823901057243348,1399.0400065886975,1399.038818359375,1398.811767578125,-0.22698719799518585,-0.0012518125772476296
74,100,174,train,True,0.0279444,-0.02282541471067816,1396.7429181881482,1396.7427978515625,1396.7200927734375,-0.022652799263596535,-0.00017261544708162616
75,99,174,train,True,0.0279444,0.31749750778079033,1389.3332593281566,1389.4063720703125,1389.6507568359375,0.24437439441680908,0.07312311336398125
76,98,174,train,True,0.0102486,0.41745478987693785,1384.8475598585605,1384.9464111328125,1385.2650146484375,0.31864678859710693,0.09880800127983091
77,97,174,train,True,0.011223,0.5125982449948787,1374.97006777063,1374.95458984375,1375.482666015625,0.5281401872634888,-0.015541942268610054
78,96,174,train,True,0.0103356,-0.07668909820728004,1368.6942428091447,1368.703857421875,1368.6175537109375,-0.0862881988286972,0.009599100621417167
80,94,174,train,True,0.0192096,-0.3229730296880007,1348.4686029125005,1348.462646484375,1348.1456298828125,-0.3170073926448822,-0.005965637043118477
69,106,175,train,True,0.0499975,0.14349522544071078,1410.7423690323717,1410.809326171875,1410.8858642578125,0.07662250101566315,0.06687272442504763
70,105,175,train,True,8.75e-05,0.14309035383164884,1412.4136723414808,1412.4119873046875,1412.5567626953125,0.1448725014925003,-0.0017821476608514686
71,104,175,train,True,0.0012075,0.040370855533983556,1412.0151711366534,1412.0997314453125,1412.0555419921875,-0.044210001826286316,0.08458085736026988
72,103,175,train,True,0.002275,-0.10257507955655455,1410.6089227358066,1410.6334228515625,1410.50634765625,-0.12713749706745148,0.024562417510896925
73,102,175,train,True,0.0279475,-0.17348428521305323,1407.6963114336506,1407.7779541015625,1407.5228271484375,-0.2551800012588501,0.08169571604579687
74,101,175,train,True,0.0279475,-0.08821578168310225,1404.1397294535582,1404.2197265625,1404.051513671875,-0.16827499866485596,0.08005921698175371
75,100,175,train,True,0.0279475,0.1417546101100743,1399.0408625773898,1399.0928955078125,1399.1826171875,0.08965999633073807,0.05209461377933622
76,99,175,train,True,0.0117775,0.36249812349677085,1393.0256854702532,1393.127685546875,1393.38818359375,0.2605549991130829,0.10194312438368797
77,98,175,train,True,0.01239,0.35232032880187036,1385.5218251790106,1385.6343994140625,1385.8741455078125,0.2396399974822998,0.11268033131957056
78,97,175,train,True,0.01862,0.2483899488672614,1377.2861559495702,1377.166259765625,1377.5345458984375,0.3682200014591217,-0.1198300525918603
79,96,175,train,True,0.03857,-0.08939787162467837,1368.0509457231872,1368.0789794921875,1367.9615478515625,-0.11743249744176865,0.028034625817090278
80,95,175,train,True,0.0810775,-0.06409330752445384,1357.8411929168994,1357.8623046875,1357.777099609375,-0.08524499833583832,0.021151690811384474
69,107,176,train,False,0.1000032,-0.12730335330590606,1416.139754525181,1415.94140625,1416.012451171875,0.07113359868526459,-0.19843695199117065
70,106,176,train,True,5.28e-05,0.5056496998667717,1419.3536032298207,1419.279052734375,1419.8592529296875,0.5802872180938721,-0.07463751822710041
71,105,176,train,True,0.0012144,-0.13164776042103768,1418.364557916671,1418.3876953125,1418.23291015625,-0.1547784060239792,0.023130645602941508
72,104,176,train,True,0.0014784,0.1918552127853036,1418.7187893184646,1418.7994384765625,1418.91064453125,0.11116959899663925,0.08068561378866435
73,103,176,train,True,0.0307472,-0.15834283269941807,1414.8343682233244,1414.8060302734375,1414.676025390625,-0.13002559542655945,-0.02831723727285862
74,102,176,train,True,0.0279488,0.015068209257442504,1413.2299269079301,1413.2999267578125,1413.2449951171875,-0.05490560084581375,0.06997381010325626
75,101,176,train,True,0.0279488,0.10220030308701097,1406.889987196913,1406.9388427734375,1406.9921875,0.053356800228357315,0.04884350285865366
76,100,176,train,True,0.0109472,0.19669090501964093,1403.2040659309177,1403.2247314453125,1403.4007568359375,0.17601439356803894,0.020676511451601987
77,99,176,train,True,0.0080784,0.3479191580414772,1394.123882599771,1394.1932373046875,1394.4718017578125,0.27861279249191284,0.06930636554956437
78,98,176,train,True,0.0127072,-0.0266913560568355,1388.3964423326192,1388.462890625,1388.3697509765625,-0.0930384024977684,0.0663470464409329
79,97,176,train,True,0.033176,0.08509558112360537,1377.2510860595014,1377.267578125,1377.336181640625,0.06866879761219025,0.01642678351141512
80,96,176,train,True,0.0111232,-0.2764275734126568,1369.7571404640375,1369.7489013671875,1369.480712890625,-0.2681640088558197,-0.008263564556837077
81,95,176,train,True,0.0830544,-0.08320672622416168,1356.6752477418493,1356.59716796875,1356.592041015625,-0.005140800029039383,-0.0780659261951223
70,107,177,train,True,0.0002301,0.1884461495652795,1424.8887022879346,1424.845458984375,1425.0771484375,0.23168429732322693,-0.04323814775794743
71,106,177,train,True,0.0012213,0.13979543145745993,1425.5027826935425,1425.4605712890625,1425.642578125,0.18203850090503693,-0.042243069447577
72,105,177,train,True,0.001416,-0.011658899600297446,1425.1720592902252,1425.175048828125,1425.160400390625,-0.01466049998998642,0.003001600389688974
73,104,177,train,True,0.0033099,-0.04894540211651474,1423.179926847429,1423.2266845703125,1423.1309814453125,-0.09571529924869537,0.04676989713218063
74,103,177,train,True,0.0279483,0.000616380285937339,1420.3879334244016,1420.431396484375,1420.3885498046875,-0.04285430163145065,0.04347068191738799
75,102,177,train,True,0.0279483,0.09376853056252003,1416.1315732663124,1416.2164306640625,1416.225341796875,0.008846700191497803,0.08492183037102223
76,101,177,train,True,0.0146202,0.15388993479311466,1411.0944010808319,1411.121337890625,1411.248291015625,0.12693330645561218,0.02695662833750248
77,100,177,train,True,0.0197532,0.10094890692271292,1404.4324983587023,1404.4300537109375,1404.533447265625,0.10339439660310745,-0.0024454896803945275
78,99,177,train,True,0.0149919,0.0919387583900243,1396.89780733536,1396.970703125,1396.98974609375,0.019040800631046295,0.072897957758978
79,98,177,train,True,0.0099651,-0.02252609241520986,1388.2566569517903,1388.3636474609375,1388.234130859375,-0.12952710688114166,0.1070010144659318
80,97,177,train,True,0.0847299,0.1347360413148999,1378.8019094664976,1378.8114013671875,1378.9366455078125,0.1252381056547165,0.00949793566018342
81,96,177,train,True,0.0216294,-0.3636574114859104,1368.6311134661735,1368.59326171875,1368.2674560546875,-0.3257935047149658,-0.03786390677094459
70,108,178,train,True,0.006586,0.4592642298340797,1431.4656625279783,1431.607421875,1431.9249267578125,0.31742921471595764,0.14183501511812208
71,107,178,train,True,0.0022606,-0.0900342144514434,1431.5197217144514,1431.48583984375,1431.4296875,-0.056161198765039444,-0.033873015686403954
72,106,178,train,True,0.001424,0.3127661856263876,1432.8238304940612,1432.801025390625,1433.1365966796875,0.33560359477996826,-0.02283740915358068
74,104,178,train,True,0.0152012,0.1487216041609645,1429.171590895839,1429.2080078125,1429.3203125,0.11230479925870895,0.036416804902255545
75,103,178,train,True,0.027946,0.13382165908813476,1423.6997965049743,1423.6719970703125,1423.8336181640625,0.1615471988916397,-0.02772553980350495
76,102,178,train,True,0.0136348,0.16525614771991967,1420.8080104538426,1420.780517578125,1420.9732666015625,0.19282160699367523,-0.02756545927375556
77,101,178,train,True,0.0188146,0.09209132315590977,1412.7442123877815,1412.708251953125,1412.8363037109375,0.12808600068092346,-0.03599467752501369
78,100,178,train,True,0.0101282,-0.15534691620618105,1407.6813478927686,1407.6690673828125,1407.5260009765625,-0.14303399622440338,-0.012312919981777665
79,99,178,train,True,0.0102528,0.04713362958282232,1397.2402198860423,1397.1922607421875,1397.287353515625,0.09516119956970215,-0.04802756998687983
80,98,178,train,True,0.0107512,-0.16327405367046594,1390.4984791317954,1390.4222412109375,1390.335205078125,-0.08700460195541382,-0.07626945171505212
82,96,178,train,True,0.0231756,-0.04088312745443545,1368.9671526587044,1368.96875,1368.92626953125,-0.04249019920825958,0.0016070717538241297
71,108,179,train,True,0.0051552,0.13169613383710385,1438.2465997646004,1438.2783203125,1438.3782958984375,0.09998240321874619,0.031713730618357666
72,107,179,train,True,0.0014141,0.031200889132451268,1438.9581789936801,1438.9000244140625,1438.9893798828125,0.08941540122032166,-0.05821451208787039
73,106,179,train,True,0.0014678,-0.0792932030186057,1438.040352773331,1438.0120849609375,1437.9610595703125,-0.05095510184764862,-0.028338101170957086
74,105,179,train,True,0.0145706,0.01779044176917523,1436.1153882691683,1436.16748046875,1436.1331787109375,-0.03429590165615082,0.052086343425326045
75,104,179,train,True,0.0246304,0.18376364529132844,1432.6101816672087,1432.6741943359375,1432.7939453125,0.11967860162258148,0.06408504366874695
76,103,179,train,True,0.0155014,0.18915610175579786,1428.3851847185567,1428.3277587890625,1428.5743408203125,0.24659240245819092,-0.057436300702393056
77,102,179,train,True,0.0097734,-0.015212115012109279,1422.5873556696997,1422.60693359375,1422.5721435546875,-0.0348392017185688,0.019627086706459525
78,101,179,train,True,0.0079834,-0.11174523379653692,1415.931447382234,1416.010986328125,1415.8197021484375,-0.191286101937294,0.07954086814075709
79,100,179,train,True,0.0116887,-0.1435106562077999,1407.9894579218328,1407.9490966796875,1407.845947265625,-0.10319460183382034,-0.04031605437397956
80,99,179,train,True,0.0281209,0.28636970311403276,1399.1149974843859,1399.111083984375,1399.4013671875,0.29030510783195496,-0.003935404717922197
81,98,179,train,True,0.0386461,-0.4289408963918686,1389.7009135526419,1389.6654052734375,1389.27197265625,-0.39346179366111755,-0.035479102730751055
82,97,179,train,True,0.0812302,0.20871004670858384,1378.534331945479,1378.5618896484375,1378.7430419921875,0.18112300336360931,0.027587043344974527
71,109,180,train,True,0.070722,-0.20608785539865493,1443.9219081678987,1443.967041015625,1443.7158203125,-0.25129199028015137,0.04520413488149644
72,108,180,train,True,0.001422,0.27551199108362195,1446.2218024620413,1446.2877197265625,1446.497314453125,0.20955799520015717,0.06595399588346479
73,107,180,train,True,0.00207,-0.292824177891016,1444.630226521641,1444.6595458984375,1444.33740234375,-0.3221519887447357,0.029327810853719716
74,106,180,train,True,0.00144,0.12107312958687544,1444.5893760891631,1444.579833984375,1444.71044921875,0.13058799505233765,-0.009514865465462208
75,105,180,train,True,0.021384,0.12931995453312994,1439.9796888345293,1439.99853515625,1440.1090087890625,0.11040399968624115,0.018915954846888794
76,104,180,train,True,0.015714,0.2686729210615158,1437.7320595008134,1437.735107421875,1438.000732421875,0.26562198996543884,0.0030509310960769587
77,103,180,train,True,0.021708,0.06113174961181358,1430.5393321175757,1430.5740966796875,1430.6004638671875,0.026434000581502914,0.034697749030310664
78,102,180,train,True,0.010044,-0.20747775197029114,1426.2030832207204,1426.2440185546875,1425.99560546875,-0.24845799803733826,0.040980246067047116
79,101,180,train,True,0.004752,-0.10348496308550238,1416.682220314648,1416.657470703125,1416.5787353515625,-0.07879199832677841,-0.02469296475872397
80,100,180,train,True,0.012636,-0.06649378004716709,1410.4854390925473,1410.5,1410.4189453125,-0.08109799772500992,0.014604217677842826
81,99,180,train,True,0.069912,0.008295813761651515,1398.732793053426,1398.8575439453125,1398.7410888671875,-0.11648000031709671,0.12477581407874823
82,98,180,train,True,0.012402,-0.09537839544937014,1390.6437182391994,1390.6258544921875,1390.54833984375,-0.0775739997625351,-0.017804395686835048
71,110,181,train,False,0.1257588,0.04231995509937406,1450.125038443338,1450.1593017578125,1450.1673583984375,0.008051900193095207,0.03426805490627885
72,109,181,train,True,0.0014299,-0.09852634651120752,1451.992081034011,1451.9825439453125,1451.8935546875,-0.0889429971575737,-0.009583349353633822
73,108,181,train,True,0.0015747,-0.28472844608128073,1452.2070917273313,1452.236328125,1451.92236328125,-0.3139050006866455,0.02917655460536478
74,107,181,train,True,0.001448,-0.22249554067850114,1451.3421244469284,1451.2489013671875,1451.11962890625,-0.12924140691757202,-0.09325413376092911
75,106,181,train,True,0.0125433,0.09374165351502597,1448.65796733086,1448.75,1448.751708984375,0.0017446000128984451,0.09199705350212753
76,105,181,train,True,0.02534,0.25293837808072567,1445.0925206062943,1445.0001220703125,1445.345458984375,0.34533968567848206,-0.09240130759775639
77,104,181,train,True,0.005249,0.06413213347783313,1439.9710241165221,1440.130859375,1440.03515625,-0.09568019956350327,0.1598123330413364
78,103,181,train,True,0.0136836,-0.13603952512145043,1434.1362836657465,1434.2669677734375,1434.000244140625,-0.26680511236190796,0.13076558724045753
79,102,181,train,True,0.0199824,-0.23498787865042686,1427.0095240114629,1426.9742431640625,1426.7745361328125,-0.19979789853096008,-0.03518998011946678
80,101,181,train,True,0.015385,0.3383397111296654,1418.8752833357453,1418.98193359375,1419.213623046875,0.23166480660438538,0.10667490452528
81,100,181,train,True,0.0091043,-0.48493642419576644,1410.2438475570082,1410.337158203125,1409.7589111328125,-0.5783122777938843,0.09337585359811784
82,99,181,train,True,0.0850338,0.25076721020042897,1399.8152728288621,1399.86669921875,1400.0660400390625,0.19925759732723236,0.05150961287319661
72,110,182,train,True,0.0061698,0.23808333210647106,1458.6657252616435,1458.7005615234375,1458.90380859375,0.20326580107212067,0.034817531034350396
73,109,182,train,True,0.0015834,-0.4884353080391884,1458.3343825736642,1458.2991943359375,1457.845947265625,-0.45334240794181824,-0.03509290009737015
74,108,182,train,True,0.0007462,-0.08928926583845169,1459.3109689533385,1459.3323974609375,1459.2216796875,-0.11064720153808594,0.021357935699634248
75,107,182,train,False,0.1019746,-0.1237893806770444,1455.7896829353645,1455.75,1455.6658935546875,-0.08410479873418808,-0.03968458194285632
76,106,182,train,True,0.021749,0.29572761684656146,1454.2040282425285,1454.130615234375,1454.499755859375,0.36917659640312195,-0.07344897955656049
77,105,182,train,True,0.0209664,0.12551948696374893,1447.7426445755364,1447.7908935546875,1447.8681640625,0.07734639942646027,0.04817308753728866
78,104,182,train,True,0.0130858,-0.13617642924189569,1444.0188668589294,1444.125244140625,1443.8826904296875,-0.2425462007522583,0.10636977151036262
79,103,182,train,True,0.0187642,-0.17117871429771184,1435.4863642611726,1435.4783935546875,1435.315185546875,-0.16324439644813538,-0.007934317849576461
80,102,182,train,True,0.0097916,0.02899370263097808,1429.8912943833066,1429.968994140625,1429.9202880859375,-0.04871319979429245,0.07770690242527054
81,101,182,train,True,0.0119756,0.12046221151947975,1418.928243843168,1418.93701171875,1419.0487060546875,0.11170779913663864,0.008754412382841109
82,100,182,train,True,0.0120848,-0.16980983406305314,1411.7497658887505,1411.6519775390625,1411.5799560546875,-0.07198719680309296,-0.09782263725996018
71,112,183,train,True,0.0801174,0.16941787157207727,1461.2027745112405,1461.220703125,1461.3721923828125,0.1515125036239624,0.01790536794811487
72,111,183,train,True,0.0300486,-0.014484437592327594,1464.0349922500923,1464.0057373046875,1464.0205078125,0.014735500328242779,-0.02921993792057037
73,110,183,train,True,0.0015921,-0.32540300384163856,1465.270349292904,1465.2333984375,1464.9449462890625,-0.2885200083255768,-0.03688299551606178
74,109,183,train,True,0.0007503,-0.402940593957901,1465.5978868830205,1465.523193359375,1465.1949462890625,-0.3282822072505951,-0.0746583867073059
75,108,183,train,True,0.0080337,-0.2727511528134346,1464.0967257621885,1464.184814453125,1463.823974609375,-0.3608483076095581,0.08809715479612351
76,107,183,train,True,0.049776,0.14481699908152224,1461.296223039981,1461.256591796875,1461.4410400390625,0.18440790474414825,-0.03959090566262602
77,106,183,train,True,0.0246684,0.11990801149979234,1456.9555314416252,1457.0125732421875,1457.075439453125,0.06277920305728912,0.05712880844250322
78,105,183,train,True,0.0142191,-0.06475155238062143,1451.8149956930056,1451.80126953125,1451.750244140625,-0.05112979933619499,-0.013621753044426435
79,104,183,train,True,0.0094245,-0.21390772268176078,1445.5237221758068,1445.437255859375,1445.309814453125,-0.12748520076274872,-0.08642252191901206
80,103,183,train,True,0.0070821,0.3482056287676096,1438.1547240587324,1438.26806640625,1438.5029296875,0.23480449616909027,0.1134011325985193
81,102,183,train,True,0.009333,-0.4729283104836941,1430.2763951073587,1430.268310546875,1429.803466796875,-0.46486029028892517,-0.008068020194768932
82,101,183,train,True,0.0289872,0.26683869302272795,1420.4265206819773,1420.478759765625,1420.693359375,0.21464300155639648,0.05219569146633146
72,112,184,train,True,0.0397072,0.43130518808960916,1470.3349301634728,1470.29296875,1470.7662353515625,0.4732047915458679,-0.04189960345625876
73,111,184,train,True,0.0260176,-0.3492189499735832,1470.9645753952861,1470.8505859375,1470.6153564453125,-0.2352440059185028,-0.11397494405508041
74,110,184,train,True,0.000736,-0.1531366615369916,1473.0026239662245,1472.934326171875,1472.8494873046875,-0.08479680120944977,-0.06833986032754183
75,109,184,train,True,0.0042688,-0.41333494454622266,1470.7138720539212,1470.666259765625,1470.300537109375,-0.3658128082752228,-0.04752213627099988
76,108,184,train,True,0.000828,0.14156073370948433,1469.952067195978,1469.916748046875,1470.0936279296875,0.17688480019569397,-0.03532406648620964
77,107,184,train,True,0.0279496,0.10454586511477829,1464.3927685880103,1464.49267578125,1464.497314453125,0.004647199995815754,0.09989866511896253
78,106,184,train,True,0.0147384,-0.05216652115806937,1461.5045590992831,1461.431884765625,1461.452392578125,0.0204584002494812,-0.07262492140755057
79,105,184,train,True,0.0222824,-0.12299729607999325,1453.68403245233,1453.6358642578125,1453.56103515625,-0.07482480257749557,-0.04817249350249768
80,104,184,train,True,0.0095312,0.09339358447119593,1448.8836571967788,1448.8795166015625,1448.97705078125,0.09754639863967896,-0.004152814168483024
81,103,184,train,True,0.0100096,0.22748721435666083,1438.5773223559559,1438.6357421875,1438.8048095703125,0.16902320086956024,0.05846401348710059
82,102,184,train,True,0.0128064,-0.21012850739061834,1432.0398404214532,1432.0216064453125,1431.8297119140625,-0.19195759296417236,-0.018170914426445972
72,113,185,train,True,0.064269,0.24210261404514313,1475.28548527658,1475.1846923828125,1475.527587890625,0.34294649958610535,-0.10084388554096221
73,112,185,train,True,0.0141525,-0.04007312859175727,1477.4953953942168,1477.4769287109375,1477.455322265625,-0.02157749980688095,-0.018495628784876317
74,111,185,train,True,0.00074,-0.2951635554432869,1478.8470434382557,1478.68798828125,1478.5518798828125,-0.1361355036497116,-0.15902805179357526
75,110,185,train,True,0.000814,-0.3408367735147476,1478.3615887266396,1478.3369140625,1478.020751953125,-0.31606850028038025,-0.024768273234367366
76,109,185,train,True,0.0008325,-0.05999182944651693,1476.6630191731965,1476.5413818359375,1476.60302734375,0.0616304986178875,-0.12162232806440443
77,108,185,train,True,0.0279535,0.058720207463484254,1473.129878425349,1473.2886962890625,1473.1885986328125,-0.10008099675178528,0.15880120421526953
78,107,185,train,True,0.025826,0.0024130283400882035,1468.893338924785,1468.85888671875,1468.895751953125,0.036888498812913895,-0.03447547047282569
79,106,185,train,True,0.0026085,-0.13792216148227454,1463.3763254817948,1463.24658203125,1463.2384033203125,-0.008185000158846378,-0.12973716132342816
80,105,185,train,True,0.0136345,0.37122073769569397,1456.8746288716793,1456.7896728515625,1457.245849609375,0.4560664892196655,-0.08484575152397156
81,104,185,train,True,0.020683,-0.40111649557948115,1449.6921321205796,1449.58154296875,1449.291015625,-0.29048600792884827,-0.11063048765063288
82,103,185,train,True,0.016169,0.238485426902771,1440.5444735574722,1440.5826416015625,1440.782958984375,0.20039500296115875,0.038090423941612245
72,114,186,train,True,0.0512244,0.6185662013292312,1481.3083136814832,1481.3603515625,1481.9268798828125,0.5665047764778137,0.052061424851417515
73,113,186,train,True,0.0600036,0.027665337689686566,1482.7819049748102,1482.761474609375,1482.8095703125,0.048159800469875336,-0.02049446278018877
74,112,186,train,True,0.001209,0.06853487770538777,1485.8781203957321,1485.880126953125,1485.9466552734375,0.06661640107631683,0.0019184766290709365
75,111,186,train,True,0.0008184,-0.34181197851896283,1484.576675259769,1484.5164794921875,1484.23486328125,-0.28156179189682007,-0.060250186622142765
76,110,186,train,True,0.0007626,-0.005473821295890957,1484.8425099541084,1484.806884765625,1484.8370361328125,0.03017359972000122,-0.035647421015892175
77,109,186,train,True,0.0165168,0.016037759451428428,1480.2044212249236,1480.19677734375,1480.220458984375,0.02370220050215721,-0.007664441050728783
78,108,186,train,True,0.0217434,-0.032839272543787955,1478.1279320459812,1478.1065673828125,1478.0950927734375,-0.011448400095105171,-0.021390872448682784
79,107,186,train,True,0.0209622,-0.051797632831148806,1471.201944117206,1471.174560546875,1471.150146484375,-0.024507399648427963,-0.027290233182720842
80,106,186,train,True,0.0116436,0.07313454410992563,1467.26426779964,1467.2164306640625,1467.33740234375,0.12094700336456299,-0.047812459254637354
81,105,186,train,True,0.0207576,0.24655104033648967,1457.721588608101,1457.7779541015625,1457.9681396484375,0.1901053935289383,0.056445646807551375
82,104,186,train,True,0.0110112,-0.18229179870337248,1451.8249919940158,1451.7935791015625,1451.6427001953125,-0.15091200172901154,-0.03137979697436094
83,103,186,train,True,0.0169446,0.3677853415906429,1439.4942752052843,1439.475830078125,1439.862060546875,0.3862450122833252,-0.018459670692682284
84,102,186,train,True,0.0182838,-0.2898557578027248,1431.3422239218653,1431.446533203125,1431.0523681640625,-0.39407679438591003,0.10422103658318521
73,114,187,train,True,0.0558943,0.3113285518437624,1489.0302241825311,1489.1207275390625,1489.341552734375,0.22089989483356476,0.09042865701019764
74,113,187,train,True,0.0012155,0.06924865614622831,1491.3465228282287,1491.3468017578125,1491.415771484375,0.06895840167999268,0.0002902544662356371
75,112,187,train,True,0.0007293,-0.14628257550299167,1491.8512386301904,1491.876953125,1491.7049560546875,-0.172005295753479,0.02572272025048733
76,111,187,train,True,0.0007293,-0.07318271438591183,1491.1914688471984,1491.09716796875,1491.1182861328125,0.021178200840950012,-0.09436091522686184
77,110,187,train,True,0.0279378,-0.018375709742540495,1488.596622780055,1488.6451416015625,1488.5782470703125,-0.06694039702415466,0.04856468728161417
78,109,187,train,True,0.0240669,0.016676875199191272,1485.1847391404258,1484.998779296875,1485.201416015625,0.2026287019252777,-0.18595182672608643
79,108,187,train,True,0.0224961,-0.09792995665222406,1480.5039358160273,1480.559814453125,1480.406005859375,-0.1538400948047638,0.05591013815253973
80,107,187,train,True,0.0128656,0.3636476509273052,1474.8851316459477,1474.8671875,1475.248779296875,0.3815765082836151,-0.01792885735630989
81,106,187,train,True,0.008041,-0.3637563510239124,1468.418199710399,1468.4110107421875,1468.054443359375,-0.3565550148487091,-0.007201336175203299
82,105,187,train,True,0.0050864,0.2604073338955641,1460.0435477442295,1460.1710205078125,1460.303955078125,0.13301299512386322,0.12739433877170087
83,104,187,train,True,0.0100045,-0.01338550868909806,1450.8286931258765,1450.784912109375,1450.8153076171875,0.030347900465130806,-0.04373340915422887
84,103,187,train,True,0.0326315,-0.07516952040605247,1440.5838365125935,1440.7955322265625,1440.5086669921875,-0.2868242859840393,0.21165476557798685
74,114,188,train,True,0.0030832,0.461484537422657,1498.1430076500774,1498.1820068359375,1498.6044921875,0.4224984049797058,0.03898613244295118
75,113,188,train,True,0.0007332,0.021069542190525682,1497.7585935437469,1497.7486572265625,1497.7796630859375,0.031057199463248253,-0.00998765727272257
76,112,188,train,True,0.0007332,0.05030341916019097,1499.1065569324023,1499.0867919921875,1499.1568603515625,0.07016719877719879,-0.019863779617007825
77,111,188,train,True,0.0094188,-0.011838687906274572,1495.4345681800937,1495.5120849609375,1495.4227294921875,-0.08932559937238693,0.07748691146611236
78,110,188,train,True,0.0053016,-0.10077710710465908,1494.2288288649172,1494.2056884765625,1494.1280517578125,-0.07760760188102722,-0.023169505223631856
79,109,188,train,True,0.0027072,-0.0313007023348473,1488.0869647648349,1487.9737548828125,1488.0556640625,0.08200439810752869,-0.11330510044237599
80,108,188,train,True,0.0067868,-0.063948482144624,1485.0195148883947,1485.0184326171875,1484.95556640625,-0.06279200315475464,-0.0011564789898693556
81,107,188,train,True,0.0299108,0.18975071042776107,1476.3440627661348,1476.3741455078125,1476.5338134765625,0.15970440208911896,0.030046308338642108
82,106,188,train,True,0.0101332,-0.09676875566132366,1471.0378087947238,1471.06640625,1470.9410400390625,-0.12536680698394775,0.028598051322624093
83,105,188,train,True,0.011186,0.3982710389792919,1459.6233354063331,1459.6678466796875,1460.0216064453125,0.3538047969341278,0.044466242045164084
84,104,188,train,True,0.0199656,-0.2813535860925913,1452.217999093905,1452.2349853515625,1451.9366455078125,-0.29842719435691833,0.017073608264327023
75,114,189,train,True,0.0081837,0.31189401760697366,1504.7392534433304,1504.7822265625,1505.0511474609375,0.2689155042171478,0.042978513389825834
76,113,189,train,True,0.0006615,0.12580171100795268,1505.1609414530546,1505.007568359375,1505.2867431640625,0.27915188670158386,-0.15335017569363119
77,112,189,train,True,0.0125685,-0.04522394144907594,1503.5787932773865,1503.68798828125,1503.5335693359375,-0.1544446051120758,0.10922066366299987
78,111,189,train,True,0.0100926,-0.06265112686087378,1501.0823044471733,1500.9254150390625,1501.0196533203125,0.09424950182437897,-0.15690062868525273
79,110,189,train,True,0.0200907,-0.15341334894299508,1497.241059833318,1497.255615234375,1497.087646484375,-0.1680563986301422,0.014643049687147136
80,109,189,train,True,0.0315441,0.17759063690900803,1492.4521701052786,1492.5177001953125,1492.6297607421875,0.1120712012052536,0.06551943570375443
81,108,189,train,True,0.0083727,-0.3126747271418571,1486.732596602142,1486.72509765625,1486.419921875,-0.3052056133747101,-0.00746911376714704
82,107,189,train,True,0.0140616,0.37027953043580053,1479.1128747664393,1479.170654296875,1479.483154296875,0.3125188946723938,0.05776063576340673
83,106,189,train,True,0.0208467,0.07313584701158106,1470.619369035801,1470.6090087890625,1470.6925048828125,0.08351889997720718,-0.010383052965626124
84,105,189,train,True,0.0220563,-0.023828365835361184,1461.2135256314605,1461.1839599609375,1461.189697265625,0.005733100231736898,-0.029561466067098082
74,116,190,train,True,0.035397,0.7408431240916252,1509.9934098055958,1510.025634765625,1510.7342529296875,0.7087110280990601,0.03213209599256517
75,115,190,train,True,0.004864,0.45072016432881357,1510.4200073747336,1510.4573974609375,1510.8707275390625,0.4132789969444275,0.037441167384386076
76,114,190,train,True,0.000646,0.2901246738433838,1512.7939817714691,1512.7999267578125,1513.0841064453125,0.28420698642730713,0.005917687416076678
77,113,190,train,True,0.001368,0.014909297763369977,1510.1275467569242,1510.0633544921875,1510.1424560546875,0.07917699962854385,-0.06426770186517387
78,112,190,train,True,0.000665,-0.24854414984583856,1509.8820890717209,1509.8338623046875,1509.633544921875,-0.20037899911403656,-0.048165150731802
79,111,190,train,True,0.003439,-0.10630882861092687,1504.585068594236,1504.57861328125,1504.478759765625,-0.09975499659776688,-0.006553832013159996
80,110,190,train,True,0.015903,-0.19508167915046215,1502.324842421338,1502.333251953125,1502.1297607421875,-0.2035059928894043,0.008424313738942146
81,109,190,train,True,0.007258,0.12865827314555645,1494.495243094042,1494.5465087890625,1494.6239013671875,0.07734499871730804,0.0513132744282484
82,108,190,train,True,0.012521,0.06630176708102226,1489.812848623544,1489.8145751953125,1489.879150390625,0.06461399793624878,0.0016877691447734766
83,107,190,train,True,0.020976,0.45870818361639976,1479.1809402538836,1479.2115478515625,1479.6396484375,0.42805901169776917,0.03064917191863059
84,106,190,train,True,0.013167,-0.1859306188300252,1472.5066093297676,1472.39599609375,1472.3206787109375,-0.07529400289058685,-0.11063661593943835
74,117,191,train,True,0.0419245,0.6499284124374389,1514.816013970375,1514.904296875,1515.4659423828125,0.561643123626709,0.08828528881072994
75,116,191,train,True,0.0102567,0.5749254295229912,1517.2413587501644,1517.296142578125,1517.8162841796875,0.520169198513031,0.05475623100996019
76,115,191,train,True,0.0006685,0.34965210653841494,1518.6035949637742,1518.55859375,1518.9532470703125,0.39457830786705017,-0.04492620132863523
77,114,191,train,True,0.0013179,-0.06327671797713265,1518.052534530477,1518.08984375,1517.9892578125,-0.10055039823055267,0.037273680253420025
78,113,191,train,True,0.0041256,-0.19751993652433156,1516.4443461083993,1516.2969970703125,1516.246826171875,-0.05022890120744705,-0.1472910353168845
79,112,191,train,True,0.0049278,-0.2894656141847372,1513.4901492079348,1513.6142578125,1513.20068359375,-0.41354289650917053,0.12407728232443332
80,111,191,train,True,0.0222897,0.00660756150027737,1509.6313318916248,1509.6258544921875,1509.637939453125,0.012061799876391888,-0.005454238376114517
81,110,191,train,True,0.0073535,-0.24407216243445873,1504.4762498968093,1504.5345458984375,1504.232177734375,-0.30239948630332947,0.05832732386887074
82,109,191,train,True,0.0066086,0.5101930359005928,1497.662780596912,1497.760498046875,1498.1729736328125,0.41246381402015686,0.09772922188043598
83,108,191,train,True,0.0074872,0.16292444206774234,1489.8635648157447,1489.92626953125,1490.0264892578125,0.10019169747829437,0.06273274458944797
84,107,191,train,True,0.0071052,0.12222790682688356,1481.1034801009855,1480.973388671875,1481.2257080078125,0.2523638904094696,-0.13013598358258605
85,106,191,train,True,0.0161013,-0.09329600680619478,1471.3103370224312,1471.25830078125,1471.217041015625,-0.04135030135512352,-0.05194570545107126
75,117,192,train,True,0.0707904,0.49972560375928876,1522.6181943181157,1522.6058349609375,1523.117919921875,0.5120311975479126,-0.012305593788623836
76,116,192,train,True,0.0023232,0.374590727686882,1526.0787784129382,1526.116943359375,1526.453369140625,0.33640798926353455,0.03818273842334746
77,115,192,train,True,0.0013056,0.011490335747366772,1524.3576502892527,1524.2879638671875,1524.369140625,0.08111920207738876,-0.069628866330022
78,114,192,train,True,0.0025728,-0.3592249366641045,1524.940767905414,1524.95849609375,1524.58154296875,-0.3770216107368469,0.017796674072742436
79,113,192,train,True,0.0158208,-0.22408465050160886,1520.7123659005017,1520.6597900390625,1520.48828125,-0.17153359949588776,-0.052551051005721106
80,112,192,train,True,0.0155328,-0.22630589611828328,1519.1568478883057,1519.1168212890625,1518.9305419921875,-0.18628719449043274,-0.04001870162785054
81,111,192,train,True,0.03168,0.07576334573095664,1512.251385091769,1512.1951904296875,1512.3271484375,0.1318936049938202,-0.05613025926286355
82,110,192,train,True,0.0057216,0.2993176107853651,1508.084593522027,1508.0924072265625,1508.3839111328125,0.29144561290740967,0.00787199787795545
83,109,192,train,True,0.0301056,0.4826399762928486,1498.2044938127697,1498.2928466796875,1498.6871337890625,0.39428719878196716,0.08835277751088144
84,108,192,train,True,0.0106368,-0.04206588999484666,1492.0631840540573,1492.0423583984375,1492.0211181640625,-0.021306399255990982,-0.020759490738855677
85,107,192,train,True,0.0278784,0.29378007777035237,1480.2413761722296,1480.267822265625,1480.53515625,0.2673664093017578,0.026413668468594553
75,118,193,train,True,0.0391211,0.3787602919340134,1529.1811762315035,1529.3199462890625,1529.5599365234375,0.23990459740161896,0.13885569453239444
76,117,193,train,True,0.002316,0.2567590843886137,1531.6570592749863,1531.700439453125,1531.913818359375,0.21338120102882385,0.04337788335978987
77,116,193,train,True,0.0013317,-0.07427126978058368,1532.0342322072806,1532.0599365234375,1531.9599609375,-0.09997779875993729,0.025706528979353604
78,115,193,train,True,0.001351,-0.2642515882849693,1531.2644957289099,1531.220947265625,1531.000244140625,-0.22078749537467957,-0.04346409291028974
79,114,193,train,True,0.0086657,-0.3702523227035999,1529.4043099398912,1529.36376953125,1529.0340576171875,-0.3297064006328583,-0.04054592207074165
80,113,193,train,True,0.0154979,-0.03625372409820557,1526.2736804819108,1526.23876953125,1526.2374267578125,-0.0013889999827370048,-0.034864724115468565
81,112,193,train,True,0.0067164,-0.2089463186264038,1521.922203154564,1521.8714599609375,1521.7132568359375,-0.15818850696086884,-0.050757811665534974
82,111,193,train,True,0.0102869,0.6291660696268082,1515.8444667428732,1515.8411865234375,1516.4736328125,0.632415771484375,-0.003249701857566789
83,110,193,train,True,0.0075849,0.26324977830052376,1508.6022287373244,1508.714111328125,1508.865478515625,0.15134260058403015,0.11190717771649361
84,109,193,train,True,0.0145329,0.23391912519931793,1500.3981609529258,1500.37255859375,1500.632080078125,0.25955700874328613,-0.025637883543968204
85,108,193,train,True,0.0216353,0.014636488801334053,1491.3125119486986,1491.3321533203125,1491.3271484375,-0.005110700149089098,0.01974718895042315
86,107,193,train,True,0.0251093,-0.12139799863100052,1481.455138233006,1481.4395751953125,1481.333740234375,-0.10592900216579437,-0.01546899646520615
76,118,194,train,True,0.0024056,0.2089316441118717,1538.7902138637007,1538.8125,1538.9991455078125,0.18659919500350952,0.022332449108362185
77,117,194,train,True,0.0013386,-0.025130918368231506,1538.1013027933682,1538.126708984375,1538.076171875,-0.05056900158524513,0.025438083217013626
78,116,194,train,True,0.0005044,-0.33152982234954836,1539.5002309942245,1539.57275390625,1539.168701171875,-0.40404799580574036,0.07251817345619199
79,115,194,train,True,0.0021146,-0.29520659856498244,1536.35111480169,1536.2421875,1536.055908203125,-0.18633359670639038,-0.10887300185859206
80,114,194,train,True,0.0028906,-0.19843891974538563,1535.4856703650578,1535.431884765625,1535.2872314453125,-0.14469559490680695,-0.05374332483857869
81,113,194,train,True,0.013968,-0.01852033199975267,1529.4329490429373,1529.403076171875,1529.4144287109375,0.011306599713861942,-0.029826931713614613
82,112,194,train,True,0.0174406,0.49145071670413015,1525.816898892671,1525.89111328125,1526.308349609375,0.4171886146068573,0.07426210209727285
83,111,194,train,True,0.0052574,0.4925061479210854,1516.8998278364538,1516.9239501953125,1517.392333984375,0.46837300062179565,0.024133147299289726
84,110,194,train,True,0.0129204,0.09073146526236087,1511.0425693159877,1511.1231689453125,1511.13330078125,0.010128200054168701,0.08060326520819217
85,109,194,train,True,0.0234934,0.35345792666077613,1500.0086026202143,1500.052734375,1500.362060546875,0.3094024062156677,0.04405552044510841
86,108,194,train,True,0.0166646,-0.2905654756724834,1492.8481826631726,1492.8292236328125,1492.5576171875,-0.27164340019226074,-0.018922075480222678
76,119,195,train,True,0.055887,0.09840191211551427,1543.905626408197,1543.960205078125,1544.0040283203125,0.04374450072646141,0.05465741138905286
77,118,195,train,True,0.001326,-0.016766968909651042,1545.4122747814097,1545.358642578125,1545.3955078125,0.0368800014257431,-0.053646970335394145
78,117,195,train,True,0.000507,-0.21639076128602028,1545.722250136286,1545.6778564453125,1545.505859375,-0.17193500697612762,-0.04445575430989265
79,116,195,train,True,0.0011115,-0.35694864109158514,1544.674697664529,1544.668701171875,1544.3177490234375,-0.3509710133075714,-0.005977627784013728
80,115,195,train,True,0.0231465,-0.06058163640554994,1542.408604097343,1542.3326416015625,1542.3480224609375,0.015390000306069851,-0.0759716367116198
81,114,195,train,True,0.0111345,-0.21393725261092186,1538.674142330736,1538.6922607421875,1538.460205078125,-0.2320134937763214,0.018076241165399548
82,113,195,train,True,0.0050895,0.6779776781797409,1533.4202889233827,1533.49267578125,1534.0982666015625,0.6056835055351257,0.07229417264461513
83,112,195,train,True,0.0052845,0.320636627599597,1526.9145928645878,1526.997802734375,1527.2352294921875,0.23740950226783752,0.08322712533175947
84,111,195,train,True,0.006045,0.28004177689552306,1519.3491086137294,1519.3065185546875,1519.629150390625,0.32267749309539795,-0.042635716199874885
85,110,195,train,True,0.0095745,0.10134925380349159,1510.729339222759,1510.8778076171875,1510.8306884765625,-0.04712300002574921,0.14847225382924079
86,109,195,train,True,0.0516945,-0.04067074595717713,1501.5960906678322,1501.574951171875,1501.555419921875,-0.01949949935078621,-0.02117124660639092
76,120,196,train,True,0.0400624,0.08879069986753166,1550.776565745445,1550.797119140625,1550.8653564453125,0.06830040365457535,0.02049029621295631
77,119,196,train,True,0.038416,-0.03685334583278745,1551.0938601817702,1551.173095703125,1551.0570068359375,-0.11614520102739334,0.07929185519460588
78,118,196,train,True,0.0005096,-0.161157838255167,1553.5943853773176,1553.599853515625,1553.4332275390625,-0.16662119328975677,0.0054633550345897786
79,117,196,train,True,0.0029596,-0.26743995465338233,1551.3744956187159,1551.3116455078125,1551.1070556640625,-0.20453880727291107,-0.06290114738047126
80,116,196,train,True,0.00294,-0.16437248092144727,1551.278996504359,1551.216552734375,1551.1146240234375,-0.1019200012087822,-0.06245247971266507
81,115,196,train,True,0.0121128,-0.10065361509099603,1546.115302052591,1546.1048583984375,1546.0146484375,-0.0902400016784668,-0.010413613412529235
82,114,196,train,True,0.0077028,0.5753142431378364,1543.1745636865496,1543.174072265625,1543.7498779296875,0.5757696032524109,-0.0004553601145744768
83,113,196,train,True,0.0244216,0.43157933235168455,1534.9472048473358,1535.0526123046875,1535.3787841796875,0.32622361183166504,0.10535572052001951
84,112,196,train,True,0.00539,0.14058060012757778,1529.7698197904974,1529.72998046875,1529.910400390625,0.18047800660133362,-0.039897406473755836
85,111,196,train,True,0.0302428,0.34119473189115523,1519.3691324165463,1519.3919677734375,1519.7103271484375,0.3182803988456726,0.022914333045482627
86,110,196,train,True,0.0140532,-0.20244245328009128,1512.6583750704676,1512.7213134765625,1512.4559326171875,-0.26543599367141724,0.06299354039132596
77,120,197,train,True,0.0201137,-0.017674793789628895,1558.1609853406646,1558.0731201171875,1558.143310546875,0.07024089992046356,-0.08791569371009246
78,119,197,train,True,0.0005319,-0.0878968577645719,1559.557257209327,1559.4464111328125,1559.4693603515625,0.023034200072288513,-0.11093105783686041
79,118,197,train,True,0.0005516,-0.22712477162480355,1559.3468757481874,1559.384033203125,1559.1197509765625,-0.26419559121131897,0.037070819586515424
80,117,197,train,True,0.0032111,-0.08554236645344644,1557.996553108641,1558.0020751953125,1557.9110107421875,-0.09111940115690231,0.0055770347034558715
81,116,197,train,True,0.0135733,-0.19998703766614198,1555.0409294204787,1555.0338134765625,1554.8409423828125,-0.1928824931383133,-0.007104544527828688
82,115,197,train,True,0.0048068,0.6682299038767815,1550.6550122836231,1550.642578125,1551.3232421875,0.6806066036224365,-0.012376699745655029
83,114,197,train,True,0.0083331,0.2669977945834398,1544.6705022054166,1544.802001953125,1544.9375,0.13544440269470215,0.13155339188873766
84,113,197,train,True,0.0098697,0.19275412891060115,1537.795405050777,1537.7255859375,1537.9881591796875,0.26262080669403076,-0.06986667778342961
85,112,197,train,True,0.0079785,0.08393734205514193,1529.9246075798198,1529.9053955078125,1530.008544921875,0.10307220369577408,-0.019134861640632148
86,111,197,train,True,0.0161934,0.023382236376637593,1521.2421206933109,1521.2574462890625,1521.2655029296875,0.008057000115513802,0.015325236261123792
87,110,197,train,True,0.0564405,-0.05587617636425421,1511.5926193404268,1511.7315673828125,1511.5367431640625,-0.1948080062866211,0.13893182992236688
78,120,198,train,True,0.0020988,-0.023379598266910762,1567.141299520142,1567.001953125,1567.117919921875,0.11596240103244781,-0.1393419992993586
79,119,198,train,True,0.0005346,-0.17444390892982484,1565.9288384401798,1565.8963623046875,1565.75439453125,-0.14196500182151794,-0.03247890710830689
80,118,198,train,True,0.0004554,-0.07687042020726949,1566.4866604592698,1566.487548828125,1566.4097900390625,-0.0777335986495018,0.0008631784422323124
81,117,198,train,True,0.0075438,-0.12397024057805538,1562.3108598890155,1562.2796630859375,1562.1868896484375,-0.09271779656410217,-0.031252444013953204
82,116,198,train,True,0.0087516,0.591895512342453,1560.0050283157825,1560.0360107421875,1560.596923828125,0.5609390139579773,0.030956498384475672
83,115,198,train,True,0.0275616,0.338136960119009,1552.574948977381,1552.56005859375,1552.9130859375,0.3530645966529846,-0.014927636533975608
84,114,198,train,True,0.017424,0.04779044121038169,1547.8257447150397,1547.8770751953125,1547.87353515625,-0.0035977999214082956,0.05138824113178998
85,113,198,train,True,0.0049104,0.16736610542982816,1538.32823936332,1538.3302001953125,1538.49560546875,0.1653691977262497,0.0019969077035784655
86,112,198,train,True,0.0134244,-0.16360014040023088,1532.1417495544626,1532.0694580078125,1531.9781494140625,-0.09135100245475769,-0.07224913794547319
87,111,198,train,True,0.0311256,0.2491346784681082,1520.4823106340318,1520.4791259765625,1520.7314453125,0.25231459736824036,-0.003179918900132167
77,122,199,train,True,0.0410537,-0.07971638082526625,1570.1767622792627,1570.35009765625,1570.0970458984375,-0.25311338901519775,0.1733970081899315
78,121,199,train,True,0.0021691,-0.07508101465180517,1572.657600545902,1572.557861328125,1572.58251953125,0.024581100791692734,-0.0996621154434979
79,120,199,train,True,0.0005373,-0.11134191991761327,1573.589247193355,1573.4805908203125,1573.4779052734375,-0.002742100041359663,-0.10859981987625361
80,119,199,train,True,0.0005373,-0.038228364675305784,1573.1191609818627,1573.150634765625,1573.0809326171875,-0.06970059871673584,0.031472234041430056
81,118,199,train,True,0.0279396,-0.13356478564441204,1570.897847012207,1570.881591796875,1570.7642822265625,-0.11728270351886749,-0.01628208212554455
82,117,199,train,True,0.0068257,0.6287160837650299,1567.26850071311,1567.2716064453125,1567.897216796875,0.6256166100502014,0.003099473714828438
83,116,199,train,True,0.0106067,0.24696940541267395,1561.9585970008372,1562.05517578125,1562.20556640625,0.15048320591449738,0.09648619949817658
84,115,199,train,True,0.0054327,0.04996282570529729,1555.7751104164822,1555.7139892578125,1555.8250732421875,0.11111819744110107,-0.061155371735803786
85,114,199,train,True,0.0053929,-0.11582063109613955,1548.449316724846,1548.51611328125,1548.33349609375,-0.1826716959476471,0.06685106485150755
86,113,199,train,True,0.0073033,-0.0729652449581772,1540.5182777449581,1540.4703369140625,1540.4453125,-0.02500320039689541,-0.047962044561281794
87,112,199,train,True,0.013731,-0.015444513312540948,1531.4258449039376,1531.356689453125,1531.410400390625,0.053679898381233215,-0.06912441169377416
78,122,200,train,True,0.02012,-0.03268925072887214,1579.7354480397914,1579.8397216796875,1579.7027587890625,-0.1369200050830841,0.10423075435421197
79,121,200,train,True,0.02672,-0.20125111281871796,1579.6804991596937,1579.6982421875,1579.479248046875,-0.2190999984741211,0.01784888565540313
80,120,200,train,True,0.00054,0.06818891206290573,1581.2509028848121,1581.1790771484375,1581.319091796875,0.1399800032377243,-0.07179109117481858
81,119,200,train,True,0.00576,-0.10768447497859597,1577.9691346702912,1577.9407958984375,1577.8614501953125,-0.07924000173807144,-0.02844447324052453
82,118,200,train,True,0.01,0.5769072861969471,1576.315670838803,1576.362060546875,1576.892578125,0.5305799841880798,0.046327302008867255
83,117,200,train,True,0.0227,0.3360710634291172,1569.6413459287585,1569.6993408203125,1569.9774169921875,0.2780199944972992,0.058051068931817995
84,116,200,train,True,0.00758,0.03287191136623733,1565.5191300417587,1565.4881591796875,1565.552001953125,0.06385999917984009,-0.03098808781360276
85,115,200,train,True,0.02446,-0.04796289271907881,1556.7394912130317,1556.7520751953125,1556.6915283203125,-0.060520000755786896,0.012557108036708085
86,114,200,train,True,0.0058,-0.3027140212059021,1551.000712068081,1550.982177734375,1550.697998046875,-0.28422001004219055,-0.01849401116371152
87,113,200,train,True,0.03052,0.154729704298079,1540.1202947097645,1540.0657958984375,1540.2750244140625,0.2091600000858307,-0.05443029578775169
78,123,201,train,True,0.0501093,-0.13246164113283157,1585.2370758989452,1585.0526123046875,1585.1046142578125,0.05202630162239075,-0.18448794275522232
79,122,201,train,True,0.003216,-0.1353767838329077,1586.8081062760205,1586.93017578125,1586.6727294921875,-0.25751519203186035,0.12213840819895266
80,121,201,train,True,0.0007236,7.813645759597421e-05,1587.4103222541673,1587.40966796875,1587.410400390625,0.0006993000279180706,-0.0006211635703220963
81,120,201,train,True,0.0141906,-0.09469264764338732,1586.2061428429558,1586.1456298828125,1586.1114501953125,-0.03411170095205307,-0.06058094669133425
82,119,201,train,True,0.0137484,0.5400815106928348,1583.3612856768073,1583.4534912109375,1583.9013671875,0.4478817880153656,0.09219972267746923
83,118,201,train,True,0.0121806,0.3308811033517122,1578.6859645997733,1578.8291015625,1579.016845703125,0.18766869604587555,0.14321240730583668
84,117,201,train,True,0.0049446,0.11201930970419198,1573.1987717059208,1573.138916015625,1573.310791015625,0.17185810208320618,-0.0598387923790142
85,116,201,train,True,0.0081807,-0.1684813592582941,1566.5841307733208,1566.6248779296875,1566.4156494140625,-0.20927360653877258,0.04079224728047848
86,115,201,train,True,0.0101304,-0.24859950125217437,1559.238345595002,1559.1605224609375,1558.98974609375,-0.17079739272594452,-0.07780210852622985
87,114,201,train,True,0.0090852,-0.1718192419782281,1550.6820731482283,1550.68212890625,1550.51025390625,-0.1718766987323761,5.745675414800533e-05
88,113,201,train,True,0.020301,-0.05324293532175943,1541.5956013337593,1541.551513671875,1541.5423583984375,-0.00917080044746399,-0.04407213487429544
78,124,202,train,True,0.025149,-0.11694743797183037,1592.1265909926594,1592.0753173828125,1592.0096435546875,-0.06570179760456085,-0.051245640367269515
79,123,202,train,True,0.0232906,-0.30710630550980567,1592.8853533758222,1592.953857421875,1592.5782470703125,-0.3756200075149536,0.06851370200514795
80,122,202,train,True,0.000707,0.058439617808908224,1595.080720538441,1595.163818359375,1595.13916015625,-0.024600999429821968,0.08304061723873019
81,121,202,train,True,0.0018382,-0.1765538404136896,1592.9643956372886,1593.0166015625,1592.787841796875,-0.2287611961364746,0.05220735572278501
82,120,202,train,True,0.0037976,0.48686817169189456,1592.1432587814331,1592.1944580078125,1592.630126953125,0.4356989860534668,0.05116918563842776
83,119,202,train,True,0.0139986,0.3563883908092976,1586.1981770388782,1586.2222900390625,1586.5545654296875,0.33228859305381775,0.024099797755479824
84,118,202,train,True,0.0086658,0.23640090748667716,1582.6055180378257,1582.630615234375,1582.8419189453125,0.21122939884662628,0.025171508640050883
85,117,202,train,True,0.0275932,-0.008953304211609066,1574.5804865073367,1574.5018310546875,1574.571533203125,0.06963259726762772,-0.07858590147923677
86,116,202,train,True,0.0175134,-0.32989196926355363,1569.455990602076,1569.39892578125,1569.1260986328125,-0.27286359667778015,-0.05702837258577348
87,115,202,train,True,0.0060398,-0.08233791847713291,1559.2661758091022,1559.240478515625,1559.183837890625,-0.056724999099969864,-0.02561291937716305
88,114,202,train,True,0.0150086,-0.34501823373138907,1552.526536788419,1552.48486328125,1552.1815185546875,-0.30331680178642273,-0.04170143194496634
79,124,203,train,True,0.0030856,-0.25968059435486796,1599.7861698521674,1599.8155517578125,1599.5264892578125,-0.289095014333725,0.02941441997885702
80,123,203,train,True,0.001624,-0.0778539637569338,1601.169406698132,1601.1590576171875,1601.091552734375,-0.06740839779376984,-0.010445565963163969
81,122,203,train,True,0.0011774,-0.15856667567044497,1600.8265354256705,1600.8687744140625,1600.66796875,-0.20075899362564087,0.0421923179551959
82,121,203,train,True,0.0065569,0.33233390241861344,1599.0580469569563,1599.111572265625,1599.390380859375,0.2788090109825134,0.05352489143610001
83,120,203,train,True,0.0127687,0.3245552050322294,1594.9721977246552,1595.067626953125,1595.2967529296875,0.22913140058517456,0.09542380444705484
84,119,203,train,True,0.0046487,0.3329260166734457,1590.0821130458266,1590.0712890625,1590.4150390625,0.34377041459083557,-0.010844397917389892
85,118,203,train,True,0.0106169,0.05141693206038326,1584.0511221304396,1584.1407470703125,1584.1025390625,-0.038186099380254745,0.089603031440638
86,117,203,train,True,0.0058058,-0.18333242002874614,1577.4462718731538,1577.3797607421875,1577.262939453125,-0.11687110364437103,-0.06646131638437511
87,116,203,train,True,0.0062321,-0.28678025960922243,1569.5669316267968,1569.5369873046875,1569.2801513671875,-0.256767600774765,-0.030012658834457417
88,115,203,train,True,0.0096831,-0.22903039276599885,1561.033717892766,1561.0296630859375,1560.8046875,-0.22500449419021606,-0.0040258985757827825
80,124,204,train,True,0.00051,-0.09971703477203846,1608.656601800397,1608.6512451171875,1608.556884765625,-0.09438200294971466,-0.005335031822323796
81,123,204,train,True,0.0011628,-0.31872937843203547,1607.501102425307,1607.52490234375,1607.182373046875,-0.3424552083015442,0.02372582986950872
82,122,204,train,True,0.0011424,0.32724442690610883,1607.4016374090313,1607.5062255859375,1607.7288818359375,0.22264960408210754,0.10459482282400129
83,121,204,train,True,0.00918,0.19765861101448537,1602.2447242014855,1602.260009765625,1602.4423828125,0.18239720165729523,0.015261409357190142
84,120,204,train,True,0.0100776,0.4203174036741257,1599.2070019322634,1599.1727294921875,1599.6273193359375,0.45451080799102783,-0.034193404316902154
85,119,204,train,True,0.0226644,0.23935165531933308,1591.8822303759307,1591.9246826171875,1592.12158203125,0.19695119559764862,0.042400459721684464
86,118,204,train,True,0.007446,-0.05783321429044008,1587.271822472103,1587.2371826171875,1587.2139892578125,-0.02315719984471798,-0.0346760144457221
87,117,204,train,True,0.024582,-0.09793181930668653,1577.9042062333692,1577.87744140625,1577.8062744140625,-0.0710923969745636,-0.026839422332122928
88,116,204,train,True,0.0089148,-0.41530329987406733,1571.697529862374,1571.6412353515625,1571.2822265625,-0.35905519127845764,-0.05624810859560969
80,125,205,train,True,0.003649,-0.47138632357120513,1614.443066011071,1614.3201904296875,1613.9716796875,-0.3484624922275543,-0.12292383134365081
81,124,205,train,True,0.00123,-0.3059420844912529,1615.0998873969913,1615.0709228515625,1614.7939453125,-0.2769930064678192,-0.02894907802343366
82,123,205,train,True,0.001148,0.13534311404451727,1614.1744713390806,1614.2379150390625,1614.309814453125,0.07188349962234497,0.0634596144221723
83,122,205,train,True,0.0048175,0.16164233420044183,1610.642190673612,1610.7509765625,1610.8038330078125,0.052831001579761505,0.10881133262068032
84,121,205,train,True,0.0100655,0.32931436121463775,1606.370514740348,1606.4244384765625,1606.6998291015625,0.2753559947013855,0.053958366513252254
85,120,205,train,True,0.012054,0.2924515452980995,1601.047148064077,1601.105224609375,1601.339599609375,0.23437300324440002,0.0580785420536995
86,119,205,train,True,0.005084,0.1607870834507048,1595.0484414321743,1595.048095703125,1595.209228515625,0.16106699407100677,-0.0002799106203019708
87,118,205,train,True,0.007831,-0.08009211096912622,1587.8336321500317,1587.8658447265625,1587.7535400390625,-0.11233499646186829,0.03224288549274207
88,117,205,train,True,0.0227755,-0.2245724556967616,1579.9767697213217,1579.9698486328125,1579.752197265625,-0.2176090031862259,-0.006963452510535706
89,116,205,train,True,0.059327,-0.26878785602748395,1570.9362683247775,1570.8846435546875,1570.66748046875,-0.21713949739933014,-0.05164835862815381
80,126,206,train,True,0.0204352,-0.37410681441426274,1621.1359476347268,1621.0494384765625,1620.7618408203125,-0.2876937985420227,-0.08641301587224004
81,125,206,train,True,0.0012772,-0.6591458979249001,1621.5447660151124,1621.57470703125,1620.8856201171875,-0.6891114115715027,0.029965513646602604
82,124,206,train,True,0.0011536,0.14342815805226564,1622.3198286778852,1622.3245849609375,1622.4632568359375,0.13872799277305603,0.004700165279209606
83,123,206,train,True,0.0076426,0.0045597485604230315,1617.772417790502,1617.784912109375,1617.7769775390625,-0.007929399609565735,0.012489148169988766
84,122,206,train,True,0.004017,0.34978009060025217,1615.1051759640873,1615.1630859375,1615.4549560546875,0.29195618629455566,0.057823904305696505
85,121,206,train,True,0.0135342,0.21148654237389564,1608.5779421685636,1608.6314697265625,1608.7894287109375,0.15797759592533112,0.05350894644856452
86,120,206,train,True,0.0085902,0.2520931565761566,1604.5991031324863,1604.5426025390625,1604.8511962890625,0.30860981345176697,-0.05651665687561036
87,119,206,train,True,0.02781,0.1694377191364765,1595.9973103277384,1595.8741455078125,1596.166748046875,0.2925074100494385,-0.12306969091296197
88,118,206,train,True,0.0180044,-0.1760934018343687,1590.2999947690219,1590.2794189453125,1590.1239013671875,-0.15547679364681244,-0.020616608187556257
89,117,206,train,True,0.065096,-0.081279071662575,1579.5807907904125,1579.577880859375,1579.49951171875,-0.07838279753923416,-0.0028962741233408418
80,127,207,train,True,0.029808,-0.2182619085162878,1624.6932374944538,1624.6624755859375,1624.4749755859375,-0.1875184029340744,-0.030743505582213393
81,126,207,train,True,0.0054441,-0.6864912664890289,1628.4239180243014,1628.4271240234375,1627.7374267578125,-0.6897652745246887,0.0032740080356598034
82,125,207,train,True,0.0011385,-0.44775075763463973,1629.072384546697,1629.0623779296875,1628.6246337890625,-0.43774479627609253,-0.0100059613585472
83,124,207,train,True,0.0024012,0.01012905961368233,1625.8858670341363,1625.882568359375,1625.89599609375,0.013402899727225304,-0.0032738401135429737
84,123,207,train,True,0.0066654,0.1846644164249301,1622.1789830445125,1622.19140625,1622.3636474609375,0.17220619320869446,0.012458223216235631
85,122,207,train,True,0.0123993,0.1662929741665721,1617.328458002396,1617.4908447265625,1617.4947509765625,0.00398290017619729,0.1623100739903748
86,121,207,train,True,0.0047403,0.16684220109134912,1612.048611900471,1612.11572265625,1612.2154541015625,0.09976910054683685,0.06707310054451227
87,120,207,train,True,0.0175536,0.18941841058433057,1605.6067241675407,1605.547607421875,1605.796142578125,0.24843770265579224,-0.05901929207146167
88,119,207,train,True,0.0582912,0.10886020983569324,1598.4067647901643,1598.40234375,1598.515625,0.11328790336847305,-0.004427693532779817
89,118,207,train,True,0.0562419,-0.11567923372611404,1589.9385552102885,1589.9876708984375,1589.8228759765625,-0.16482070088386536,0.04914146715775132
80,128,208,train,True,0.0307424,-0.10145949697121978,1629.5966987547838,1629.5118408203125,1629.4952392578125,-0.01661119982600212,-0.08484829714521766
81,127,208,train,True,0.0018512,-0.3931410123407841,1632.2846205045282,1632.214111328125,1631.8914794921875,-0.3226679861545563,-0.0704730261862278
82,126,208,train,True,0.001144,-0.5004833626747132,1636.4580028939247,1636.43017578125,1635.95751953125,-0.47272399067878723,-0.02775937199592593
83,125,208,train,True,0.0023088,-0.42802660644054413,1632.8757805126907,1632.76953125,1632.44775390625,-0.32170718908309937,-0.10631941735744477
84,124,208,train,True,0.001664,0.21498908288776875,1630.6647716592997,1630.586181640625,1630.8797607421875,0.2935855984687805,-0.07859651558101177
85,123,208,train,True,0.0089232,0.025033454209333287,1624.7825837332907,1624.8045654296875,1624.8076171875,0.0030368000734597445,0.021996654135873542
86,122,208,train,True,0.0101712,0.15758066706359386,1621.1336790985615,1621.2076416015625,1621.291259765625,0.08359760046005249,0.07398306660354137
87,121,208,train,True,0.011648,0.09903668811544776,1613.4212269837597,1613.4349365234375,1613.520263671875,0.08541200309991837,0.013624685015529395
88,120,208,train,True,0.0090272,0.14488403841853142,1608.415052485019,1608.2596435546875,1608.5599365234375,0.300218403339386,-0.15533436492085456
89,119,208,train,True,0.06448,0.14751973383128644,1598.4984763599186,1598.4444580078125,1598.64599609375,0.20158879458904266,-0.05406906075775622
90,118,208,train,True,0.0318656,-0.2824481402337551,1591.6594012652338,1591.73486328125,1591.376953125,-0.35789281129837036,0.07544467106461528
81,128,209,train,True,0.0061028,-0.21227498605847359,1637.109125571996,1637.18017578125,1636.8968505859375,-0.28326109051704407,0.07098610445857048
82,127,209,train,True,0.0017556,-0.26841176189482213,1640.3688756290824,1640.3675537109375,1640.1004638671875,-0.26709920167922974,-0.0013125602155923954
83,126,209,train,True,0.0013585,-0.5290202976763249,1640.289640414864,1640.229248046875,1639.7606201171875,-0.4686621129512787,-0.06035818472504617
84,125,209,train,True,0.0017765,-0.26857659488916397,1637.5455541339516,1637.5543212890625,1637.2769775390625,-0.2773337960243225,0.008757201135158543
85,124,209,train,True,0.0047443,-0.004613671815022826,1633.2620599608774,1633.289794921875,1633.2574462890625,-0.032351501286029816,0.02773782947100699
86,123,209,train,True,0.0099693,-0.0011792381689883769,1628.498249550669,1628.564697265625,1628.4970703125,-0.06757950037717819,0.06640026220818981
87,122,209,train,True,0.011495,-0.016899934706743808,1622.4928520831443,1622.6234130859375,1622.4759521484375,-0.1474364995956421,0.13053656488889828
88,121,209,train,True,0.0057475,0.040473171153571456,1616.1179740944715,1616.20068359375,1616.158447265625,-0.0422993004322052,0.08277247158577666
89,120,209,train,True,0.0558448,0.1209190441481769,1608.5165321277268,1608.4317626953125,1608.637451171875,0.20579050481319427,-0.08487146066501737
81,129,210,train,True,0.011613,-0.23753051176667214,1640.8613098086416,1640.8536376953125,1640.623779296875,-0.22989000380039215,-0.007640507966279991
82,128,210,train,True,0.001449,0.060089958915486935,1645.553069220772,1645.552734375,1645.6131591796875,0.06042400002479553,-0.0003340411093085971
83,127,210,train,True,0.001365,-0.2525800033658743,1644.7544110580534,1644.8338623046875,1644.5018310546875,-0.33210399746894836,0.07952399410307409
84,126,210,train,True,0.001155,-0.23928408801555634,1645.3087420958282,1645.212646484375,1645.0694580078125,-0.143202006816864,-0.09608208119869233
85,125,210,train,True,0.007686,-0.3743606732785702,1640.457002274841,1640.4493408203125,1640.0826416015625,-0.3667980134487152,-0.00756265982985499
86,124,210,train,True,0.004557,0.024722189793828876,1637.3965424586436,1637.2996826171875,1637.4212646484375,0.12158700078725815,-0.09686481099342928
87,123,210,train,True,0.013419,-0.14238961949944495,1630.219415986687,1630.256103515625,1630.0770263671875,-0.17910300195217133,0.03671338245272637
88,122,210,train,True,0.009198,-0.054876601044088605,1625.5879576557315,1625.6873779296875,1625.5330810546875,-0.15432700514793396,0.09945040410384536
89,121,210,train,True,0.062202,0.04262317589716986,1616.6554969412903,1616.5838623046875,1616.6981201171875,0.11427800357341766,-0.07165482767624781
90,120,210,train,True,0.0189,0.02153296467382461,1610.5297365665763,1610.506103515625,1610.55126953125,0.04525600001215935,-0.02372303533833474
81,130,211,train,True,0.0419257,-0.22847294382750988,1645.67341923289,1645.7559814453125,1645.4449462890625,-0.31110650300979614,0.08263355918228626
82,129,211,train,True,0.0022577,0.020273937180172653,1649.3124897346947,1649.388671875,1649.332763671875,-0.05586690083146095,0.0761408380116336
83,128,211,train,True,0.0054438,0.13421617042273282,1649.9841920327024,1649.972412109375,1650.118408203125,0.14598050713539124,-0.011764336712658419
84,127,211,train,True,0.001266,0.09329173731617629,1649.8135686142464,1649.763427734375,1649.9068603515625,0.14343379437923431,-0.05014205706305802
85,126,211,train,True,0.0027219,-0.34978068113327027,1648.2111088061333,1648.19580078125,1647.861328125,-0.3344995081424713,-0.015281172990798952
86,125,211,train,True,0.0068153,-0.34204740211367607,1644.5279604880511,1644.5216064453125,1644.1859130859375,-0.33569321036338806,-0.006354191750288007
87,124,211,train,True,0.0119848,-0.21239308826625347,1639.2032378148288,1639.124267578125,1638.9908447265625,-0.13343429565429688,-0.0789587926119566
88,123,211,train,True,0.0049585,-0.19460077356547117,1633.2470910079405,1633.3697509765625,1633.052490234375,-0.3172157108783722,0.12261493731290102
89,122,211,train,True,0.0537628,-0.1470318757556379,1626.2029400788806,1626.2757568359375,1626.055908203125,-0.21984800696372986,0.07281613120809197
90,121,211,train,True,0.0860669,-0.02562032169662416,1618.611435751384,1618.760498046875,1618.5858154296875,-0.17467659711837769,0.14905627542175354
91,120,211,train,True,0.0694823,0.06744373361929319,1609.8721314616932,1609.80224609375,1609.9395751953125,0.13729719817638397,-0.06985346455709078
82,130,212,train,True,0.0018444,0.09975012594833971,1654.5307430381142,1654.515869140625,1654.6304931640625,0.1145963966846466,-0.014846270736306899
83,129,212,train,True,0.0018444,0.10268313121050596,1654.2371606187894,1654.3026123046875,1654.33984375,0.03723200038075447,0.06545113082975149
84,128,212,train,True,0.0011448,0.30792689457535743,1655.7698318944872,1655.771728515625,1656.0777587890625,0.30611440539360046,0.001812489181756971
85,127,212,train,True,0.0023956,0.04539442555978894,1653.1452794025652,1653.248046875,1653.190673828125,-0.05737999826669693,0.10277442382648587
86,126,212,train,True,0.0031164,-0.11371404621750117,1652.507146663405,1652.496826171875,1652.3934326171875,-0.1034156009554863,-0.010298445262014871
87,125,212,train,True,0.0087768,-0.4358447590470314,1646.6234668293596,1646.5712890625,1646.1876220703125,-0.38364601135253906,-0.05219874769449234
88,124,212,train,True,0.0102608,-0.2275028993189335,1642.5484257508815,1642.4716796875,1642.3209228515625,-0.15075360238552094,-0.07674929693341256
89,123,212,train,True,0.0218784,-0.2472089848667383,1634.2369550786168,1634.19091796875,1633.98974609375,-0.20125479996204376,-0.04595418490469455
90,122,212,train,True,0.0101124,-0.17354429878294467,1628.5403655878454,1628.5972900390625,1628.3668212890625,-0.23051360249519348,0.056969303712248814
91,121,212,train,True,0.0875984,0.058044319194741546,1618.2909547042427,1618.329345703125,1618.3489990234375,0.019673200324177742,0.038371118870563804
81,132,213,train,True,0.0270084,-0.3119787000119686,1654.0111974500119,1654.036865234375,1653.69921875,-0.33762431144714355,0.025645611435174964
82,131,213,train,True,0.0069438,0.03806515527889132,1658.176290313471,1658.241943359375,1658.21435546875,-0.027491599321365356,0.06555675460025667
83,130,213,train,True,0.0050907,0.19472462572157384,1659.5032734211534,1659.4876708984375,1659.697998046875,0.21037790179252625,-0.015653276070952404
84,129,213,train,True,0.0030459,0.29287379831075666,1660.0490451470018,1660.1270751953125,1660.3419189453125,0.21478800475597382,0.07808579355478285
85,128,213,train,True,0.004899,0.26708089843392374,1659.1822599218785,1659.270751953125,1659.4493408203125,0.17853319644927979,0.08854770198464396
86,127,213,train,True,0.0033654,0.18639272429049014,1657.5680018069595,1657.6048583984375,1657.75439453125,0.14954879879951477,0.03684392549097537
87,126,213,train,True,0.0047073,-0.1862897963449359,1654.6490583510324,1654.6807861328125,1654.4627685546875,-0.21796590089797974,0.03167610455304384
88,125,213,train,True,0.0098193,-0.43598224967718124,1649.9667439684272,1649.9986572265625,1649.53076171875,-0.4678637981414795,0.03188154846429825
89,124,213,train,True,0.0116724,-0.35493112206459043,1643.5197260439395,1643.4208984375,1643.164794921875,-0.25604039430618286,-0.09889072775840757
90,123,213,train,True,0.0092229,-0.2719528850913048,1636.5622360882162,1636.659423828125,1636.290283203125,-0.36911100149154663,0.09715811640024186
91,122,213,train,True,0.0571692,-0.14443812128156425,1628.2752974962816,1628.343017578125,1628.130859375,-0.2120750993490219,0.06763697806745766
82,132,214,train,True,0.0019688,-0.0325633753859438,1663.3659373988235,1663.2926025390625,1663.3333740234375,0.040762998163700104,-0.07332637354964391
83,131,214,train,True,0.0112136,0.17656512401998042,1663.5689182744175,1663.528076171875,1663.7454833984375,0.21746300160884857,-0.04089787758886815
84,130,214,train,True,0.0014552,0.2948154779523611,1665.9517665532976,1666.014892578125,1666.24658203125,0.23171180486679077,0.06310367308557036
85,129,214,train,True,0.0039804,0.2555493482202291,1664.0460863939672,1664.1417236328125,1664.3016357421875,0.15987519919872284,0.09567414902150628
86,128,214,train,True,0.0091806,0.2659835657477379,1664.2852859655022,1664.2999267578125,1664.55126953125,0.25140780210494995,0.014575763642787953
87,127,214,train,True,0.0085172,0.14988519418984653,1660.128190977685,1660.15625,1660.278076171875,0.12188979983329773,0.027995394356548797
88,126,214,train,True,0.005243,-0.044107677170541135,1658.3319494740456,1658.32275390625,1658.287841796875,-0.034986600279808044,-0.00912107689073309
89,125,214,train,True,0.0135462,-0.48676554411649703,1651.2990214034915,1651.199951171875,1650.812255859375,-0.38760361075401306,-0.09916193336248397
90,124,214,train,True,0.0106572,-0.35244396030902864,1646.2370875149966,1646.1558837890625,1645.8846435546875,-0.271302193403244,-0.08114176690578462
91,123,214,train,True,0.081213,-0.20914420180022716,1636.7010875611752,1636.608642578125,1636.491943359375,-0.11669179797172546,-0.0924524038285017
82,133,215,train,True,0.052675,-0.08836719226790592,1666.8277470750804,1666.8387451171875,1666.7393798828125,-0.09929150342941284,0.010924311161506925
83,132,215,train,True,0.005633,0.07026550727896393,1668.8002178911586,1668.769287109375,1668.8704833984375,0.10119450092315674,-0.030928993644192812
84,131,215,train,True,0.0021285,0.2570487529039383,1670.050812575221,1670.157958984375,1670.307861328125,0.14988799393177032,0.10716075897216798
85,130,215,train,True,0.006622,0.26377942331135273,1670.0433494829385,1670.0904541015625,1670.30712890625,0.21661950647830963,0.0471599168330431
86,129,215,train,True,0.0060845,0.23485202878713607,1669.2761342993379,1669.2205810546875,1669.510986328125,0.290473997592926,-0.055621968805789956
87,128,215,train,True,0.0070735,0.19315694950520992,1666.9049875817448,1666.9510498046875,1667.09814453125,0.14704950153827667,0.04610744796693325
88,127,215,train,True,0.0072025,0.125507597848773,1663.9668996287137,1663.954833984375,1664.0924072265625,0.13754649460315704,-0.012038896754384049
89,126,215,train,True,0.0124055,-0.06661793026141823,1659.6542644146364,1659.6739501953125,1659.587646484375,-0.08634550124406815,0.01972757098264992
90,125,215,train,True,0.0063425,-0.4689130091667175,1653.9050702357292,1654.000732421875,1653.4361572265625,-0.5645189881324768,0.09560597896575929
91,124,215,train,True,0.0824525,-0.34871586367487906,1646.458090863675,1646.335205078125,1646.109375,-0.22585949301719666,-0.1228563706576824
92,123,215,train,False,0.104146,-0.1947518952190876,1638.248706973344,1638.4681396484375,1638.053955078125,-0.41415148973464966,0.21939959451556207
83,133,216,train,True,0.0111888,0.05483630880480632,1672.6452369333826,1672.595947265625,1672.7000732421875,0.10418640077114105,-0.04935009196633473
84,132,216,train,True,0.0018144,0.13333448013290763,1675.7626616136172,1675.9052734375,1675.89599609375,-0.009228000417351723,0.14256248055025936
85,131,216,train,True,0.0035856,0.24361371032893658,1674.6559224224836,1674.6485595703125,1674.8995361328125,0.2509815990924835,-0.007367888763546937
86,130,216,train,True,0.0057672,0.2050006426870823,1675.846757169813,1675.8695068359375,1676.0517578125,0.18225519359111786,0.022745449095964432
87,129,216,train,True,0.0041688,0.16350837878882885,1672.3667650587113,1672.3695068359375,1672.5302734375,0.16081920266151428,0.002689176127314563
88,128,216,train,True,0.0080136,0.12883915074169636,1671.2284606539458,1671.2667236328125,1671.3572998046875,0.09060720354318619,0.03823194719851017
89,127,216,train,True,0.0092232,0.08275141006335617,1665.7266968321242,1665.6260986328125,1665.8094482421875,0.18330959975719452,-0.10055818969383835
90,126,216,train,True,0.0111024,-0.04971967841964215,1662.7170780768572,1662.6949462890625,1662.6673583984375,-0.027527200058102608,-0.022192478361539543
91,125,216,train,True,0.0246456,-0.4315692664682865,1654.402638602406,1654.3873291015625,1653.9710693359375,-0.41622960567474365,-0.015339660793542875
92,124,216,train,True,0.0281016,-0.3104450882971287,1648.4179890336097,1648.3623046875,1648.1075439453125,-0.2548551857471466,-0.055589902549982084
83,134,217,train,True,0.0177072,-0.15934079067781567,1677.7657861031778,1677.811279296875,1677.6064453125,-0.20485469698905945,0.045513906311243774
84,133,217,train,True,0.0065534,0.09953468326479196,1679.794508285485,1679.8753662109375,1679.89404296875,0.01857619918882847,0.0809584840759635
85,132,217,train,True,0.004991,0.17584712974727154,1680.5461987686901,1680.5819091796875,1680.7220458984375,0.14006760716438293,0.03577952258288861
86,131,217,train,True,0.0041881,0.16780279394239186,1680.5941600966826,1680.53564453125,1680.761962890625,0.2263970971107483,-0.058594303168356426
87,130,217,train,True,0.0065317,0.13060433108359576,1679.0400499657915,1679.09716796875,1679.170654296875,0.07352499663829803,0.057079334445297725
88,129,217,train,True,0.0070525,0.09472064910456539,1676.7531797415204,1676.739990234375,1676.847900390625,0.10795260220766068,-0.013231953103095287
89,128,217,train,True,0.0112189,0.07670486848801375,1673.0457316549496,1673.144775390625,1673.1224365234375,-0.02242160029709339,0.09912646878510714
90,127,217,train,True,0.0106113,0.030869271168485285,1668.822280142894,1668.8590087890625,1668.8531494140625,-0.005906499922275543,0.03677577109076083
91,126,217,train,True,0.0124992,-0.04294081294443458,1663.2933070238819,1663.2276611328125,1663.2503662109375,0.022695399820804596,-0.06563621276523918
83,135,218,train,True,0.0270102,-0.0905891950149089,1681.35352864814,1681.396484375,1681.262939453125,-0.1336040049791336,0.0430148099642247
84,134,218,train,True,0.001962,-0.080830371780321,1685.464009082718,1685.4735107421875,1685.3831787109375,-0.09034000337123871,0.009509631590917708
85,133,218,train,True,0.0115104,0.19773381508886814,1685.005147044286,1684.9476318359375,1685.202880859375,0.25528499484062195,-0.057551179751753806
86,132,218,train,True,0.0023108,0.09908800235018134,1687.043245982025,1687.048095703125,1687.142333984375,0.0942113995552063,0.004876602794975038
87,131,218,train,True,0.0042292,0.08356046913191677,1684.3877530074305,1684.4237060546875,1684.4713134765625,0.04758260026574135,0.03597786886617542
88,130,218,train,True,0.00981,0.04675104342401028,1683.9716815737636,1684.0552978515625,1684.0184326171875,-0.03685380145907402,0.0836048448830843
89,129,218,train,True,0.0576174,0.06066425669938326,1679.0689744151757,1679.067626953125,1679.129638671875,0.06199000030755997,-0.0013257436081767077
90,128,218,train,True,0.0105076,0.02417068294249475,1676.6623527545576,1676.7694091796875,1676.6865234375,-0.08286680281162262,0.10703748575411737
91,127,218,train,True,0.0178542,0.038380182662513106,1669.795970403275,1669.7042236328125,1669.8343505859375,0.13021700084209442,-0.09183681817958131
92,126,218,train,True,0.0137122,-0.05959941008593887,1665.7264695272734,1665.6767578125,1665.6668701171875,-0.00986380036920309,-0.04973560971673578
84,135,219,train,True,0.0158337,-0.04339357788441703,1689.202207054447,1689.2200927734375,1689.1588134765625,-0.06134599819779396,0.017952420313376932
85,134,219,train,True,0.0032412,0.08431730671785771,1690.6836270292197,1690.72314453125,1690.7679443359375,0.04475700110197067,0.03956030561588704
86,133,219,train,True,0.0021024,0.08751973340287805,1691.5979050712847,1691.5074462890625,1691.6854248046875,0.17793039977550507,-0.09041066637262701
87,132,219,train,True,0.0068766,0.023615846526809037,1690.9761400128482,1690.9375,1690.999755859375,0.0622778981924057,-0.038662051665596664
88,131,219,train,True,0.0068109,0.0033825890778098255,1689.4468127234222,1689.3782958984375,1689.4501953125,0.0719359964132309,-0.06855340733542108
89,130,219,train,True,0.0514869,0.020720159746706487,1686.3667310121282,1686.420166015625,1686.387451171875,-0.03270909935235977,0.05342925909906626
90,129,219,train,True,0.0564582,0.02547982516232878,1682.6959557217126,1682.74462890625,1682.721435546875,-0.023244500160217285,0.048724325322546065
91,128,219,train,True,0.0697077,0.03917934636352584,1677.699956395824,1677.841796875,1677.7391357421875,-0.10274770110845566,0.14192704747198148
92,127,219,train,True,0.0133371,0.006453682983992621,1672.232804129516,1672.3468017578125,1672.2392578125,-0.10748729854822159,0.11394098153221421
93,126,219,train,True,0.0919581,-0.022120860361028463,1665.471339610361,1665.4234619140625,1665.44921875,0.025769200176000595,-0.04789006053702906
84,136,220,train,True,0.017688,-0.1644540916569531,1694.6531015525945,1694.7093505859375,1694.4886474609375,-0.220768004655838,0.05631391299888491
85,135,220,train,True,0.01397,0.2606170261651278,1694.8541290675848,1694.814697265625,1695.11474609375,0.2999739944934845,-0.03935696832835672
86,134,220,train,True,0.001804,0.01192190418485552,1697.8251142286276,1697.796142578125,1697.8370361328125,0.040856000036001205,-0.028934095851145685
87,133,220,train,True,0.004026,-0.033628513654693964,1696.1301861308423,1696.1434326171875,1696.0965576171875,-0.046859998255968094,0.01323148460127413
88,132,220,train,True,0.00759,-0.057387625859118996,1696.604018485234,1696.5712890625,1696.546630859375,-0.024738000705838203,-0.03264962515328079
89,131,220,train,True,0.006138,-0.007477788694959599,1692.3730783746325,1692.3173828125,1692.3656005859375,0.04826999828219414,-0.05574778697715374
90,130,220,train,True,0.013684,0.0016094443015754222,1690.514137626011,1690.5892333984375,1690.5157470703125,-0.07350800186395645,0.07511744616553187
91,129,220,train,True,0.014652,0.08360088624060154,1684.1906911059468,1684.218017578125,1684.2742919921875,0.05629200115799904,0.0273088850826025
93,127,220,train,True,0.030712,0.06951500200200826,1672.4125406620606,1672.4566650390625,1672.4820556640625,0.02542399987578392,0.04409100212622434
84,137,221,train,True,0.0195585,0.02916591532062739,1698.2252286159294,1698.2703857421875,1698.25439453125,-0.015989400446414948,0.045155315767042334
85,136,221,train,True,0.0139672,0.19373553603887558,1700.395131651461,1700.47900390625,1700.5888671875,0.10983660072088242,0.08389893531799317
86,135,221,train,True,0.0057239,0.12042900752276182,1702.1456842737273,1702.008056640625,1702.26611328125,0.2580038905143738,-0.13757488299161197
87,134,221,train,True,0.0048841,-0.07858292276505381,1702.4456483524525,1702.4197998046875,1702.3670654296875,-0.05274119973182678,-0.02584172303322703
88,133,221,train,True,0.004641,-0.12966243252158166,1701.8923577450216,1701.950927734375,1701.7626953125,-0.18817919492721558,0.058516762405633915
89,132,221,train,True,0.0569075,-0.06276066539343446,1699.6355145716434,1699.601318359375,1699.57275390625,-0.028561899438500404,-0.034198765954934054
90,131,221,train,True,0.0080002,0.030186015404760836,1696.5644184767827,1696.41015625,1696.5946044921875,0.184456005692482,-0.15426999028772115
91,130,221,train,True,0.0593827,0.07778874895535409,1692.0945745322947,1692.1927490234375,1692.17236328125,-0.020378900691866875,0.09816764964722097
92,129,221,train,True,0.0721344,0.0794578873924911,1687.0968116438576,1687.265380859375,1687.17626953125,-0.08906289935112,0.1685207867436111
84,138,222,train,True,0.0400488,0.03320993604604155,1703.591790063954,1703.629150390625,1703.625,-0.004198799841105938,0.037408735887147486
85,137,222,train,True,0.0158286,0.5867400124669075,1704.3289094015956,1704.380126953125,1704.9156494140625,0.535508394241333,0.05123161822557454
86,136,222,train,True,0.0019536,0.14445848708972334,1708.1306879972853,1708.1788330078125,1708.275146484375,0.09629979729652405,0.04815868979319929
87,135,222,train,True,0.0074592,-0.04318072357680649,1707.3691084579518,1707.390380859375,1707.325927734375,-0.06442280113697052,0.02124207756016403
88,134,222,train,True,0.0044622,-0.14983924011699856,1708.7327249823045,1708.6658935546875,1708.5828857421875,-0.08296819776296616,-0.0668710423540324
89,133,222,train,True,0.0047064,-0.13545665688812733,1705.4643140787632,1705.5819091796875,1705.328857421875,-0.25303301215171814,0.11757635526359081
90,132,222,train,True,0.010212,0.018760964318644255,1704.3098523169313,1704.2183837890625,1704.32861328125,0.1102576032280922,-0.09149663890944794
91,131,222,train,True,0.0866022,0.15035234402865172,1698.5972062497212,1698.57470703125,1698.74755859375,0.1729193925857544,-0.022567048557102676
92,130,222,train,True,0.0519924,0.09503498772159219,1695.4784513404034,1695.5838623046875,1695.573486328125,-0.010352199897170067,0.10538718761876226
93,129,222,train,True,0.0380508,0.19629955932497978,1687.8566789563001,1687.7996826171875,1688.052978515625,0.2533113956451416,-0.057011836320161824
85,138,223,train,True,0.0139821,0.5464513044059277,1709.8294031877815,1709.9764404296875,1710.3758544921875,0.3994789123535156,0.14697239205241208
86,137,223,train,True,0.0078273,0.42927394166588784,1712.254319808334,1712.2322998046875,1712.68359375,0.4512439966201782,-0.021970054954290386
87,136,223,train,True,0.0019401,0.04644098904798739,1713.3999701437644,1713.4573974609375,1713.4464111328125,-0.011006499640643597,0.057447488688630984
88,135,223,train,True,0.0020962,-0.15495283991098405,1713.7786100664734,1713.8240966796875,1713.6236572265625,-0.2004522979259491,0.04549945801496505
89,134,223,train,True,0.0069576,-0.15187710156664253,1712.4071261250042,1712.449951171875,1712.2552490234375,-0.19478170573711395,0.04290460417047143
90,133,223,train,True,0.0079388,-0.01517309592163656,1710.1766721193592,1710.1072998046875,1710.1614990234375,0.054200198501348495,-0.06937329442298505
91,132,223,train,True,0.0756416,0.15135356806218625,1706.4293349085003,1706.3726806640625,1706.5806884765625,0.2079589068889618,-0.05660533882677554
92,131,223,train,True,0.0590504,0.2304824136942625,1701.9853378988057,1701.8826904296875,1702.2158203125,0.333074688911438,-0.10259227521717548
93,130,223,train,True,0.0828668,0.20796172641217708,1696.2971652267129,1696.487060546875,1696.505126953125,0.018015800043940544,0.18994592636823654
85,139,224,train,True,0.0223552,0.8087670215964318,1713.736276923716,1713.7647705078125,1714.5450439453125,0.7802703976631165,0.028496623933315313
86,138,224,train,True,0.0098112,0.48744204491376875,1718.1730804160238,1718.248291015625,1718.6605224609375,0.4121864140033722,0.07525563091039655
87,137,224,train,True,0.0111776,0.2650872881710529,1718.1121099774539,1718.1624755859375,1718.377197265625,0.21476800739765167,0.050319280773401254
88,136,224,train,True,0.0018144,-0.019243546647485347,1720.36311561696,1720.3028564453125,1720.3438720703125,0.04101359844207764,-0.06025714508956298
89,135,224,train,True,0.0040992,-0.16307860652916134,1718.0386889580916,1718.1121826171875,1717.8756103515625,-0.23661120235919952,0.07353259583003818
90,134,224,train,True,0.0096096,0.026996635405812413,1717.6115531692817,1717.5684814453125,1717.6385498046875,0.07007119804620743,-0.04307456264039501
91,133,224,train,True,0.0075936,0.11874639853835106,1712.8287633670866,1712.9193115234375,1712.947509765625,0.028191199526190758,0.0905551990121603
92,132,224,train,True,0.0152544,0.2574854774773121,1710.3008641318977,1710.256591796875,1710.558349609375,0.30167919397354126,-0.04419371649622916
93,131,224,train,True,0.0289184,0.3535982958227396,1703.2423489698022,1703.1846923828125,1703.595947265625,0.4111832082271576,-0.05758491240441799
86,139,225,train,True,0.0111375,0.6647763541340828,1722.1893496224284,1722.2305908203125,1722.8541259765625,0.6235275268554688,0.04124882727861401
87,138,225,train,True,0.01197,0.4132048052549362,1724.02453933537,1724.1617431640625,1724.437744140625,0.2759299874305725,0.13727481782436368
88,137,225,train,True,0.0025875,0.10632551978342235,1725.2545143239665,1725.20703125,1725.36083984375,0.15381500124931335,-0.047489481465891006
89,136,225,train,True,0.0047475,-0.034455995350144805,1724.7478349016,1724.7803955078125,1724.71337890625,-0.06698500365018845,0.03252900830004364
90,135,225,train,True,0.005085,-0.00040211328072473404,1723.3913933242181,1723.3251953125,1723.3909912109375,0.0658475011587143,-0.06624961443943903
91,134,225,train,True,0.0818775,0.14134011823683978,1720.417986053638,1720.496337890625,1720.559326171875,0.06295999884605408,0.07838011939078571
92,133,225,train,True,0.009945,0.2972525700181723,1716.7036019221694,1716.6986083984375,1717.0008544921875,0.30226749181747437,-0.0050149217993020745
93,132,225,train,True,0.09162,0.35678203135728837,1711.6095265623926,1711.670166015625,1711.96630859375,0.29610249400138855,0.060679537355899815
86,140,226,train,True,0.0104864,0.5520654448866844,1727.9581884613633,1728.0888671875,1728.51025390625,0.4214591979980469,0.13060624688863753
87,139,226,train,True,0.0062376,0.571102102547884,1728.5137367646396,1728.533203125,1729.0848388671875,0.5516431927680969,0.019458909779787037
88,138,226,train,True,0.001921,0.304120886772871,1731.6264211054147,1731.603759765625,1731.9305419921875,0.32672640681266785,-0.022605520039796823
89,137,226,train,True,0.0030962,0.07057366989785806,1730.1674634394772,1730.1798095703125,1730.238037109375,0.0582071989774704,0.01236647092038766
90,136,226,train,True,0.0044748,0.19467080287635327,1730.5888985330612,1730.509033203125,1730.7835693359375,0.2745929956436157,-0.07992219276726245
91,135,226,train,True,0.0112096,0.10323776288889348,1726.756625518361,1726.8907470703125,1726.85986328125,-0.03080179914832115,0.13403956203721462
92,134,226,train,True,0.011074,0.32267593778669834,1724.8379685934633,1724.8131103515625,1725.16064453125,0.3474484086036682,-0.02477247081696987
93,133,226,train,False,0.1020616,0.3746382653713226,1718.4749711096288,1718.542724609375,1718.849609375,0.30686360597610474,0.06777465939521787
86,141,227,train,True,0.0140967,0.5324733059108258,1731.9543431003392,1732.021484375,1732.48681640625,0.46526840329170227,0.06720490261912349
87,140,227,train,True,0.005902,0.5130911250412464,1734.2653512577713,1734.442626953125,1734.7784423828125,0.33582261204719543,0.177268512994051
88,139,227,train,True,0.0019522,0.39271132066845893,1736.188221296519,1736.1651611328125,1736.5809326171875,0.4157103896141052,-0.022999068945646295
89,138,227,train,True,0.0019295,0.25253459632396696,1736.6172163802385,1736.7108154296875,1736.8697509765625,0.158993199467659,0.09354139685630797
90,137,227,train,True,0.0020884,0.2023721483722329,1736.1552938672528,1735.9732666015625,1736.357666015625,0.38448429107666016,-0.18211214270442724
91,136,227,train,True,0.007264,0.23549301728606223,1734.071391748339,1734.165283203125,1734.306884765625,0.14164850115776062,0.09384451612830161
92,135,227,train,True,0.0085125,0.3091475528478622,1731.1963456112146,1731.168212890625,1731.5054931640625,0.3372614085674286,-0.028113855719566372
93,134,227,train,True,0.0769984,0.3472971752285957,1726.761955754459,1726.8519287109375,1727.1092529296875,0.2573983073234558,0.0898988679051399
86,142,228,train,True,0.01767,0.23886364817619324,1737.6771519768238,1737.7352294921875,1737.916015625,0.18078039586544037,0.05808325231075287
87,141,228,train,True,0.006726,0.5043604178726673,1738.7331884102523,1738.8121337890625,1739.237548828125,0.4253908097743988,0.07896960809826847
88,140,228,train,True,0.0020064,0.3884725895524025,1742.3424844416977,1742.4737548828125,1742.73095703125,0.25721079111099243,0.13126179844141006
89,139,228,train,True,0.0020976,0.29560087151825426,1741.7006149487943,1741.7369384765625,1741.9962158203125,0.2592155933380127,0.036385278180241565
90,138,228,train,True,0.0018012,0.34756264090538025,1743.1236287653446,1743.078369140625,1743.47119140625,0.39280039072036743,-0.04523774981498718
91,137,228,train,True,0.004332,0.21541230991482735,1740.1598318307101,1740.143310546875,1740.375244140625,0.23186719417572021,-0.016454884260892866
92,136,228,train,True,0.0134748,0.39157910510897637,1739.0707011683285,1739.0645751953125,1739.4622802734375,0.3977035880088806,-0.006124482899904249
94,134,228,train,True,0.0233472,0.2770339237898588,1730.4555100215227,1730.612060546875,1730.7325439453125,0.12041079998016357,0.15662312380969523
86,143,229,train,True,0.0130301,0.0055264287069439885,1741.6398593134807,1741.6876220703125,1741.6453857421875,-0.0421983003616333,0.04772472906857729
87,142,229,train,True,0.0049922,0.23699977546930312,1744.4957883104682,1744.599365234375,1744.7327880859375,0.13339799642562866,0.10360177904367446
88,141,229,train,True,0.0154346,0.3433697444200516,1746.916151739955,1746.92333984375,1747.259521484375,0.33616021275520325,0.007209531664848334
89,140,229,train,True,0.0121141,0.3237691381573677,1747.8766703149677,1748.0130615234375,1748.200439453125,0.18738660216331482,0.13638253599405287
90,139,229,train,True,0.0024045,0.29817973159253597,1748.3397597215326,1748.3350830078125,1748.637939453125,0.30282101035118103,-0.004641278758645062
91,138,229,train,True,0.0032747,0.31343259319663047,1747.2292920161783,1747.241455078125,1747.542724609375,0.3012791872024536,0.012153405994176858
92,137,229,train,True,0.0059311,0.32216270819306375,1745.2577933464945,1745.145263671875,1745.5799560546875,0.43470779061317444,-0.11254508242011069
93,136,229,train,False,0.1011722,0.28067380115389823,1741.6884424097836,1741.772216796875,1741.9691162109375,0.196909099817276,0.08376470133662223
94,135,229,train,True,0.0606392,0.22270289525389672,1737.3876486672461,1737.396240234375,1737.6103515625,0.2141014039516449,0.008601491302251824
95,134,229,train,False,0.1063476,0.20157409224659203,1731.7390997358784,1731.8284912109375,1731.940673828125,0.11223869770765305,0.08933539453893899
87,143,230,train,True,0.006532,0.06718567949254066,1748.85725279707,1748.8521728515625,1748.9244384765625,0.07220400124788284,-0.005018321755342184
88,142,230,train,True,0.010304,0.18384296037256717,1753.0557810630648,1753.040283203125,1753.2396240234375,0.1992879956960678,-0.015445035323500639
89,141,230,train,True,0.015847,0.26784892126917836,1752.9408913131058,1752.9359130859375,1753.208740234375,0.2728079855442047,-0.004959064275026348
90,140,230,train,True,0.001219,0.3346853531897068,1755.0057687483727,1755.12939453125,1755.3404541015625,0.21109800040721893,0.12358735278248789
91,139,230,train,True,0.003036,0.21685828909277916,1752.9758907343448,1753.0360107421875,1753.1927490234375,0.15666599571704865,0.06019229337573051
92,138,230,train,True,0.004508,0.394282374382019,1752.8165330553054,1752.812255859375,1753.2108154296875,0.3985790014266968,-0.004296627044677759
93,137,230,train,True,0.055016,0.1565848246961832,1748.3921212299913,1748.4083251953125,1748.5487060546875,0.14042699337005615,0.016157831326127053
94,136,230,train,True,0.014444,0.19265776332467793,1745.8859555179254,1745.930419921875,1746.07861328125,0.14823199808597565,0.044425765238702286
87,144,231,train,True,0.0077385,-0.27383044712245463,1754.385768923685,1754.3297119140625,1754.1119384765625,-0.21780790388584137,-0.056022543236613265
88,143,231,train,True,0.0113652,-0.019983360483311115,1757.4461308214209,1757.4114990234375,1757.4261474609375,0.0146441999822855,-0.03462756046559662
89,142,231,train,True,0.0130515,0.16584441523998975,1759.09294464726,1759.082763671875,1759.2587890625,0.17605920135974884,-0.010214786119759095
90,141,231,train,True,0.0012243,0.2294970864802599,1760.1589306478947,1760.2474365234375,1760.388427734375,0.14095720648765564,0.08853987999260426
91,140,231,train,True,0.0017787,0.24346633680164814,1759.7378569053858,1759.8565673828125,1759.9813232421875,0.12473230063915253,0.11873403616249562
92,139,231,train,True,0.0026796,0.22934793017804622,1758.7033913276346,1758.692626953125,1758.9327392578125,0.2400950938463211,-0.010747163668274884
93,138,231,train,True,0.0511434,0.16388438787311316,1756.0557201043143,1756.092529296875,1756.2196044921875,0.1270848959684372,0.03679949190467596
94,137,231,train,True,0.0220605,0.06844926806632429,1752.6009843256836,1752.625244140625,1752.66943359375,0.04412560164928436,0.024323666417039924
87,145,232,train,True,0.0139664,-0.40679786399006845,1758.4918808718026,1758.4088134765625,1758.0850830078125,-0.323659211397171,-0.08313865259289743
88,144,232,train,True,0.0091408,-0.2611143790185452,1763.3078673087061,1763.2022705078125,1763.0467529296875,-0.15549680590629578,-0.1056175731122494
89,143,232,train,True,0.0130384,0.012965786119457335,1763.8539775732556,1763.762451171875,1763.866943359375,0.10441599786281586,-0.09145021174335852
90,142,232,train,True,0.0014152,0.19935124531388282,1766.714711254686,1766.6878662109375,1766.9140625,0.22625839710235596,-0.026907151788473138
91,141,232,train,True,0.007656,0.11837321573868394,1765.3952986592612,1765.4056396484375,1765.513671875,0.10802959650754929,0.010343619231134651
92,140,232,train,True,0.0018096,0.31694114245474336,1765.9010764356703,1765.96044921875,1766.218017578125,0.25757119059562683,0.05936995185911653
94,138,232,train,True,0.0168896,0.13223052883520722,1760.6689169321023,1760.644287109375,1760.8011474609375,0.15683519840240479,-0.024604669567197562
87,146,233,train,True,0.019572,-0.5805474479496479,1763.682964440137,1763.6328125,1763.1024169921875,-0.5304734110832214,-0.05007403686642642
88,145,233,train,True,0.0085977,-0.44152069702744484,1767.46215057984,1767.4365234375,1767.0206298828125,-0.4159052073955536,-0.025615489631891253
89,144,233,train,True,0.013048,-0.22060215689241885,1769.6949673912675,1769.68017578125,1769.474365234375,-0.20577870309352875,-0.014823453798890107
90,143,233,train,True,0.0014213,0.01938555996399373,1771.499413268161,1771.4742431640625,1771.518798828125,0.04456790164113045,-0.02518234167713672
91,142,233,train,True,0.0013281,0.11102009953930975,1771.9762601738983,1771.93408203125,1772.0872802734375,0.15317249298095703,-0.042152393441647285
92,141,233,train,True,0.0022601,0.10590979883447289,1771.677415396478,1771.7220458984375,1771.7833251953125,0.06122580170631409,0.044683997128158806
93,140,233,train,True,0.0509804,0.03674893712392077,1769.7390078988135,1769.9102783203125,1769.7757568359375,-0.134512796998024,0.17126173412194476
94,139,233,train,True,0.0541725,-0.0586657719546929,1767.1030993657048,1767.024658203125,1767.04443359375,0.0197455994784832,-0.0784113714331761
96,137,233,train,True,0.081084,-0.18877625327557326,1758.2456610189006,1758.218505859375,1758.056884765625,-0.16156600415706635,-0.02721024911850692
88,146,234,train,True,0.0083772,-0.5301638577878475,1773.0163699124753,1772.9112548828125,1772.4862060546875,-0.4250726103782654,-0.10509124740958209
89,145,234,train,True,0.0139698,-0.37315180763602257,1774.2573070810736,1774.2183837890625,1773.8841552734375,-0.3341498076915741,-0.03900199994444847
90,144,234,train,True,0.0025974,-0.08445839109830558,1777.6417093676607,1777.6641845703125,1777.5572509765625,-0.10693380236625671,0.022475411267951134
91,143,234,train,True,0.004095,-0.055340692885220054,1777.1981629585102,1777.156005859375,1777.142822265625,-0.013185800053179264,-0.04215489283204079
92,142,234,train,True,0.0011232,0.21456436164677142,1778.6205186461657,1778.5675048828125,1778.8350830078125,0.26755601167678833,-0.05299165003001691
93,141,234,train,True,0.0084006,-0.13749142680317164,1775.9591467002406,1775.975341796875,1775.8216552734375,-0.1536387950181961,0.016147368215024466
94,140,234,train,True,0.0068094,0.112708994820714,1774.7677841692418,1774.7978515625,1774.8804931640625,0.0826726034283638,0.030036391392350203
96,138,234,train,True,0.017082,-0.17302581675350667,1766.827933043316,1766.8607177734375,1766.6549072265625,-0.20581120252609253,0.03278538577258586
89,146,235,train,True,0.0139825,-0.45758017763495445,1779.8173213885725,1779.773681640625,1779.3597412109375,-0.4139985144138336,-0.04358166322112084
90,145,235,train,True,0.0130425,-0.28984786964952947,1782.2542033383995,1782.330810546875,1781.96435546875,-0.3663569986820221,0.07650912903249263
91,144,235,train,True,0.0139825,-0.11360838511958718,1783.322958971057,1783.2772216796875,1783.2093505859375,-0.0678664967417717,-0.04574188837781548
92,143,235,train,True,0.001128,-0.04565415698569268,1783.9616697819856,1783.864990234375,1783.916015625,0.05095149949193001,-0.09660565647762269
93,142,235,train,True,0.0013865,-0.07303634264506399,1783.0052873192076,1782.9583740234375,1782.9322509765625,-0.026118500158190727,-0.046917842486873265
94,141,235,train,True,0.0205155,-0.1481156574934721,1781.1239457356185,1781.0367431640625,1780.975830078125,-0.06097650155425072,-0.08713915593922139
95,140,235,train,True,0.052781,-0.24991062529385089,1777.7283041799813,1777.8121337890625,1777.4783935546875,-0.3337770104408264,0.08386638514697553
89,147,236,train,True,0.0381848,-0.48159546256065366,1784.109647220373,1783.981201171875,1783.6280517578125,-0.3530828058719635,-0.12851265668869016
90,146,236,train,True,0.0139712,-0.27040257163345816,1788.1761642903834,1788.1646728515625,1787.90576171875,-0.2588368058204651,-0.011565765812993067
91,145,236,train,True,0.0139712,-0.26023746229708195,1788.3350665638595,1788.303466796875,1788.0748291015625,-0.22872279584407806,-0.03151466645300388
92,144,236,train,True,0.0011092,0.04385322936810553,1790.399994426882,1790.4105224609375,1790.44384765625,0.03324560075998306,0.01060762860812247
93,143,236,train,True,0.0504096,-0.3016984198987484,1788.7760636542737,1788.6947021484375,1788.474365234375,-0.2202928066253662,-0.0814056132733822
94,142,236,train,True,0.0018172,0.061484395721927286,1788.5116357214656,1788.388916015625,1788.5731201171875,0.18416880071163177,-0.12268440498970448
96,140,236,train,True,0.0176292,-0.15578065123409032,1781.8584173699842,1781.8729248046875,1781.70263671875,-0.17032399773597717,0.01454334650188685
90,147,237,train,True,0.0158316,-0.3427863481640816,1792.5230841997266,1792.5360107421875,1792.1802978515625,-0.3557620942592621,0.012975746095180485
91,146,237,train,True,0.013035,-0.22230373449623586,1794.2596572501213,1794.18115234375,1794.037353515625,-0.1437738984823227,-0.07852983601391317
92,145,237,train,True,0.0012087,-0.20300576277077198,1795.5201444346458,1795.536376953125,1795.317138671875,-0.21921619772911072,0.016210434958338737
93,144,237,train,True,0.0011139,-0.247260260283947,1795.2970649477838,1795.2724609375,1795.0498046875,-0.2227115035057068,-0.0245487567782402
94,143,237,train,True,0.0017064,-0.29606521636247635,1794.4360798648,1794.2701416015625,1794.1400146484375,-0.13009630143642426,-0.1659689149260521
96,141,237,train,True,0.0743943,-0.3584230877459049,1788.686059806496,1788.5499267578125,1788.32763671875,-0.22231170535087585,-0.13611138239502907
98,139,237,train,False,0.0973359,-0.29055343344807627,1778.1804460115732,1778.2940673828125,1777.889892578125,-0.40421590209007263,0.11366246864199636
91,147,238,train,True,0.015827,-0.22607275649905204,1798.9603256861865,1798.8861083984375,1798.7342529296875,-0.1517861932516098,-0.07428656324744223
92,146,238,train,True,0.0014994,0.010280264725442976,1801.7155498133995,1801.6900634765625,1801.725830078125,0.03576439991593361,-0.025484135190490635
93,145,238,train,True,0.0011424,-0.38633900955319406,1800.7667101033032,1800.7608642578125,1800.38037109375,-0.3804360032081604,-0.005903006345033657
94,144,238,train,True,0.0011424,-0.05287091986974701,1801.2398826386197,1801.2698974609375,1801.18701171875,-0.08294180035591125,0.030070880486164242
95,143,238,train,True,0.058905,-0.5743451146781444,1798.3183636693657,1798.229248046875,1797.7440185546875,-0.4853014051914215,-0.08904370948672291
96,142,238,train,True,0.0122332,-0.14835148103535176,1796.5987909341604,1796.4232177734375,1796.450439453125,0.027209199965000153,-0.1755606810003519
92,147,239,train,True,0.0015057,-0.08786594461649656,1806.490087624304,1806.4964599609375,1806.4022216796875,-0.09421359747648239,0.006347652859985828
93,146,239,train,True,0.0013145,-0.1827637791261077,1807.0051514744387,1806.9757080078125,1806.8223876953125,-0.15335200726985931,-0.02941177185624838
94,145,239,train,True,0.0011233,-0.37167081847786904,1806.9140292169154,1806.9161376953125,1806.5423583984375,-0.3737693130970001,0.002098494619131086
95,144,239,train,True,0.0019837,-0.45580202966928485,1805.2940588656068,1805.3316650390625,1804.8382568359375,-0.4933949112892151,0.03759288161993024
96,143,239,train,False,0.1500681,-0.4543114946782589,1802.9710351274907,1802.792724609375,1802.5167236328125,-0.2760500907897949,-0.17826140388846395
92,148,240,train,True,0.002544,0.07800166532397271,1812.4815686471761,1812.4249267578125,1812.5595703125,0.13468000292778015,-0.056678337603807444
93,147,240,train,True,0.01704,-0.13140214258804916,1812.085259564463,1812.0418701171875,1811.953857421875,-0.08793199807405472,-0.043470144513994446
94,146,240,train,True,0.001104,0.03687707819743082,1813.4157596405526,1813.450439453125,1813.45263671875,0.002208000048995018,0.034669078148435804
95,145,240,train,True,0.013824,-0.5802264235913753,1811.2375750564038,1811.283203125,1810.6573486328125,-0.6259639859199524,0.045737562328577064
96,144,240,train,True,0.001896,-0.1767551736161113,1810.2578098611161,1810.286865234375,1810.0810546875,-0.20570799708366394,0.028952823467552652
98,142,240,train,True,0.018024,-0.20262008860707284,1802.5433183307946,1802.4576416015625,1802.3406982421875,-0.1168999969959259,-0.08572009161114694
93,148,241,train,False,0.100015,0.04291377956746146,1818.07415165012,1818.1142578125,1818.1170654296875,0.002833399921655655,0.040080379645805804
94,147,241,train,True,0.0011086,-0.05342296441551298,1818.660966909728,1818.69189453125,1818.6075439453125,-0.08441949635744095,0.030996531941927967
95,146,241,train,True,0.0011086,-0.317720677703619,1817.9125693105161,1817.930419921875,1817.5948486328125,-0.3355594873428345,0.01783880963921547
96,145,241,train,True,0.0016147,-0.46400902211666106,1816.3810012096167,1816.380615234375,1815.9169921875,-0.4635607898235321,-0.0004482322931289584
93,149,242,train,False,0.200013,-0.002595430968794972,1822.9263014856563,1823.0838623046875,1822.9237060546875,-0.16011640429496765,0.15752097332617268
94,148,242,train,True,0.0012584,0.23410722181200982,1824.9842765672504,1825.00146484375,1825.2183837890625,0.2169272005558014,0.017180021256208433
95,147,242,train,True,0.0011132,-0.21318900026381016,1823.4330376330763,1823.468017578125,1823.2198486328125,-0.24819140136241913,0.03500240109860897
96,146,242,train,True,0.0011374,-0.024571764651045668,1823.339024889651,1823.3499755859375,1823.314453125,-0.035468000918626785,0.010896236267581117
98,144,242,train,True,0.0128986,-0.18335737492889165,1817.1261063983663,1817.2020263671875,1816.9427490234375,-0.2592822015285492,0.07592482659965755
94,149,243,train,True,0.0025515,0.12342011950910091,1829.902458786741,1830.03515625,1830.02587890625,-0.009214100427925587,0.1326342199370265
95,148,243,train,True,0.0013851,0.0668636263301596,1829.8172916471074,1829.832275390625,1829.8841552734375,0.05186939984560013,0.014994226484559475
96,147,243,train,True,0.0015066,-0.11918901053257286,1829.1010005339701,1829.0430908203125,1828.9818115234375,-0.061242301017045975,-0.057946709515526884
97,146,243,train,True,0.0045198,-0.3158951151371002,1826.7645035135747,1826.7530517578125,1826.4486083984375,-0.30441030859947205,-0.011484806537628178
94,150,244,train,True,0.0023424,0.2447975341230631,1836.0233909424394,1836.054931640625,1836.2681884765625,0.21324239671230316,0.03155513741075994
95,149,244,train,True,0.0014884,0.025762825689744206,1835.1342713539977,1835.199462890625,1835.1600341796875,-0.039517998695373535,0.06528082438511774
96,148,244,train,True,0.001098,0.24977220229804517,1835.8736408836394,1835.844482421875,1836.1234130859375,0.27894121408462524,-0.029169011786580074
97,147,244,train,True,0.014396,-0.30159208707511426,1832.869463180825,1832.8001708984375,1832.56787109375,-0.2322196066379547,-0.06937248043715954
98,146,244,train,True,0.0026108,-0.028617991799255834,1831.1606980699244,1831.2535400390625,1831.132080078125,-0.12140119820833206,0.09278320640907622
94,151,245,train,True,0.013622,0.1060142157971859,1840.6463051201404,1840.754150390625,1840.7523193359375,-0.0018390000332146883,0.10785321583040058
95,150,245,train,True,0.0018865,0.16049767937511206,1841.297021851875,1841.24951171875,1841.45751953125,0.20794649422168732,-0.04744881484657526
96,149,245,train,True,0.0011515,0.12607670955359937,1841.3136205560713,1841.363037109375,1841.439697265625,0.07661350071430206,0.04946320883929731
97,148,245,train,True,0.0017885,0.008706969870254398,1839.7404385379423,1839.771484375,1839.7491455078125,-0.02239299938082695,0.03109996925108135
98,147,245,train,True,0.0024255,-0.1245275529846549,1837.394180873297,1837.417724609375,1837.2696533203125,-0.14807799458503723,0.023550441600382332
94,152,246,train,True,0.0149814,0.153819049410522,1846.4653215755895,1846.60888671875,1846.619140625,0.010235399939119816,0.14358364947140217
96,150,246,train,True,0.0015252,0.3248653456568718,1847.8822879746556,1847.822021484375,1848.2071533203125,0.38518640398979187,-0.06032105833292006
97,149,246,train,True,0.060024,-0.0582345332344994,1845.581305822297,1845.689697265625,1845.5230712890625,-0.16656099259853363,0.10832645936403423
98,148,246,train,True,0.0015252,0.21226964689791203,1844.700083868727,1844.7840576171875,1844.912353515625,0.12838800251483917,0.08388164438307286
99,147,246,train,True,0.089913,-0.38671174794435503,1840.2766043260694,1840.2730712890625,1839.889892578125,-0.38318538665771484,-0.0035263612866401894
100,146,246,train,True,0.0136776,-0.023643418524879962,1837.05220787165,1837.118408203125,1837.028564453125,-0.0897568017244339,0.06611338319955394
96,151,247,train,True,0.0038038,0.16185959320515395,1852.9738825942948,1852.9771728515625,1853.1357421875,0.15854540467262268,0.0033141885325312648
97,150,247,train,True,0.005187,0.13177835278213024,1852.2111171550305,1852.2384033203125,1852.3428955078125,0.10452239960432053,0.02725595317780971
98,149,247,train,True,0.014326,0.044808112275786696,1850.6677163017866,1850.836181640625,1850.7125244140625,-0.12365859746932983,0.16846670974511652
99,148,247,train,True,0.0194389,-0.03879550730343908,1847.6131363276158,1847.5848388671875,1847.5743408203125,-0.010523499920964241,-0.02827200738247484
96,152,248,train,True,0.002356,0.27019490122795103,1859.1906205284595,1859.1888427734375,1859.4608154296875,0.27198320627212524,-0.0017883050441742099
97,151,248,train,True,0.0500464,0.022797753484919667,1857.6836231449527,1857.668212890625,1857.7064208984375,0.03821999952197075,-0.015422246037051082
98,150,248,train,True,0.0051336,0.30443339437246325,1857.6842140665651,1857.7789306640625,1857.9886474609375,0.2096879929304123,0.09474540144205096
100,148,248,train,True,0.0085064,0.13943979181349278,1851.6364391144366,1851.554443359375,1851.77587890625,0.22151519358158112,-0.08207540176808834
96,153,249,train,True,0.0023655,0.11231533862650395,1863.858021575436,1863.9022216796875,1863.9703369140625,0.06810099631547928,0.04421434231102467
97,152,249,train,True,0.001245,0.13456623457372188,1863.9008341560514,1864.024169921875,1864.035400390625,0.01119100023061037,0.12337523434311151
98,151,249,train,True,0.0011952,0.10011855058372021,1863.2682896525412,1863.365478515625,1863.368408203125,0.0029454000759869814,0.09717315050773323
100,149,249,train,True,0.0062001,-0.04252859404310584,1858.107958281543,1858.00439453125,1858.0654296875,0.06103989854454994,-0.10356849258765578
101,148,249,train,False,0.1644147,-0.13148074122145773,1853.3961291787214,1853.5601806640625,1853.2646484375,-0.2956081032752991,0.16412736205384135
96,154,250,train,True,0.010275,0.16680047370493412,1869.7263880028577,1869.734619140625,1869.8931884765625,0.15857499837875366,0.008225475326180454
97,153,250,train,True,0.0029,0.023716519800946117,1868.949916292699,1868.9898681640625,1868.9736328125,-0.016249999403953552,0.03996651920489967
98,152,250,train,True,0.00155,0.2840855251997709,1869.8639857638627,1869.9891357421875,1870.1480712890625,0.15892499685287476,0.12516052834689617
100,150,250,train,True,0.0079,0.21575772777199745,1865.6430069206656,1865.5225830078125,1865.8587646484375,0.33617499470710754,-0.1204172669351101
101,149,250,train,True,0.090925,-0.41768735632300374,1860.423058450073,1860.413330078125,1860.00537109375,-0.407925009727478,-0.009762346595525717
96,155,251,train,True,0.0226904,0.055190158057957885,1874.0633401153796,1874.1475830078125,1874.1185302734375,-0.02904829941689968,0.08423845747485756
97,154,251,train,True,0.0107428,0.09183012714609504,1874.8025790525414,1874.78515625,1874.8944091796875,0.10921130329370499,-0.01738117614760995
98,153,251,train,True,0.0038905,0.09093977089971304,1874.9782740962878,1875.0958251953125,1875.0692138671875,-0.026651399210095406,0.11759117010980845
99,152,251,train,True,0.0052961,0.04630410065408796,1873.7770601571583,1873.9368896484375,1873.8233642578125,-0.11353419721126556,0.15983829786535353
100,151,251,train,True,0.0142819,-0.023872037772089242,1871.7605663737095,1871.707275390625,1871.7366943359375,0.02937369979918003,-0.05324573757126927
101,150,251,train,True,0.0189254,-0.09980738092213869,1867.9420925371721,1867.9169921875,1867.84228515625,-0.07472550123929977,-0.025081879682838912
98,154,252,train,True,0.0023688,0.2077489819377661,1881.2075342211872,1881.267578125,1881.415283203125,0.1477552056312561,0.05999377630650998
99,153,252,train,True,0.0500472,-0.07036952232709154,1879.2448079988897,1879.2252197265625,1879.1744384765625,-0.050785601139068604,-0.019583921188022935
100,152,252,train,True,0.0052164,0.2094952931255102,1878.805275214687,1878.9208984375,1879.0147705078125,0.09395480155944824,0.11554049156606197
101,151,252,train,True,0.0912744,-0.34174657553434373,1874.5282700130344,1874.488037109375,1874.1865234375,-0.3014887869358063,-0.04025778859853746
102,150,252,train,True,0.0092988,0.05879311820724979,1871.3263387177303,1871.3013916015625,1871.3851318359375,0.08370160311460495,-0.024908484907355158
98,155,253,train,True,0.0042504,0.06958155917003751,1885.9710678548925,1886.0718994140625,1886.0406494140625,-0.031314101070165634,0.10089566024020315
99,154,253,train,True,0.0012397,0.04465071038808674,1885.4808619849243,1885.5806884765625,1885.5255126953125,-0.05513869971036911,0.09978941009845585
100,153,253,train,True,0.0015433,-0.01634109319653362,1884.3865803510091,1884.4632568359375,1884.3702392578125,-0.09301359951496124,0.07667250631842762
102,151,253,train,True,0.0069069,-0.1739409999549389,1877.92564998433,1877.8853759765625,1877.751708984375,-0.1336906999349594,-0.04025030001997948
103,150,253,train,False,0.1645259,-0.2655636641383171,1872.831603703201,1872.938232421875,1872.5660400390625,-0.37225401401519775,0.10669034987688064
98,156,254,train,True,0.0114554,0.17019801776856183,1891.933683818169,1892.1033935546875,1892.1038818359375,0.000521400012075901,0.16967661775648593
99,155,254,train,True,0.0029464,-0.05127846562769264,1890.6196378406278,1890.6683349609375,1890.568359375,-0.09987860172986984,0.0486001361021772
100,154,254,train,True,0.0018542,0.16572994623333215,1890.9919848975167,1890.9775390625,1891.15771484375,0.18012559413909912,-0.014395647905766973
102,152,254,train,True,0.009652,0.0609140927484259,1885.4855946963141,1885.592041015625,1885.5465087890625,-0.045588601380586624,0.10650269412901253
103,151,254,train,True,0.091313,-0.5250015293061733,1879.9072036777436,1879.88720703125,1879.3822021484375,-0.5049723982810974,-0.020029131025075864
99,156,255,train,True,0.010812,0.05072680992539972,1896.5984431119496,1896.64453125,1896.649169921875,0.00469199987128377,0.04603481005411595
100,155,255,train,True,0.003927,-0.0023582577821798624,1896.2059715390321,1896.15087890625,1896.20361328125,0.05266999825835228,-0.055028256040532145
101,154,255,train,True,0.005559,-0.07413080011494458,1894.2590673235525,1894.3270263671875,1894.1849365234375,-0.14209149777889252,0.06796069766394794
102,153,255,train,True,0.0140505,-0.16548169508576394,1891.5764924372734,1891.5748291015625,1891.4110107421875,-0.16377650201320648,-0.0017051930725574538
103,152,255,train,True,0.017697,-0.26746658973395826,1887.4815779178589,1887.6571044921875,1887.214111328125,-0.4429585039615631,0.17549191422760485
100,156,256,train,True,0.0030208,0.1542061698809266,1902.5561209785565,1902.5379638671875,1902.7103271484375,0.17236720025539398,-0.01816103037446737
102,154,256,train,True,0.007552,0.04456978026311845,1898.6871196728619,1898.635009765625,1898.731689453125,0.09671760350465775,-0.0521478232415393
103,153,256,train,True,0.0828928,-0.4689469918608665,1893.9763932809233,1893.9290771484375,1893.5074462890625,-0.4216879904270172,-0.04725900143384931
104,152,256,train,True,0.0178432,-0.09418684091418981,1890.6063938721643,1890.67138671875,1890.51220703125,-0.1591344028711319,0.06494756195694208
100,157,257,train,True,0.0043433,0.025135074013378472,1907.5495719572366,1907.50390625,1907.57470703125,0.070790596306324,-0.04565552229294553
101,156,257,train,True,0.0015677,-0.04183549444656819,1906.236781783509,1906.3192138671875,1906.1949462890625,-0.1243164986371994,0.0824810041906312
102,155,257,train,True,0.0061937,-0.1353665465116501,1904.3646145933867,1904.2822265625,1904.229248046875,-0.05308590084314346,-0.08228064566850662
104,153,257,train,True,0.0108197,-0.3138582973182201,1897.1204989223181,1897.0982666015625,1896.806640625,-0.2916620969772339,-0.02219620034098624
105,152,257,train,False,0.1646342,-0.3799327692389488,1891.8046153864263,1892.0279541015625,1891.4246826171875,-0.6033118963241577,0.2233791270852089
101,157,258,train,True,0.003483,-0.15360311426222326,1911.6724019423873,1911.692626953125,1911.518798828125,-0.17386700212955475,0.020263887867331493
104,154,258,train,True,0.0160992,-0.09941474184393882,1904.685840523094,1904.691650390625,1904.58642578125,-0.10523059964179993,0.005815857797861104
105,153,258,train,True,0.091848,-0.5918605488538742,1898.743716017604,1898.7459716796875,1898.15185546875,-0.5940173864364624,0.0021568375825882224
102,157,259,train,True,0.0063714,-0.08951779859140516,1916.659219947029,1916.5926513671875,1916.5697021484375,-0.022892599925398827,-0.06662519866600633
105,154,259,train,True,0.0566951,-0.36733127519488334,1906.3363254158198,1906.3338623046875,1905.968994140625,-0.3649134039878845,-0.002417871206998823
106,154,260,train,True,0.02054,-0.18628127094358204,1909.111208028756,1909.06640625,1908.9249267578125,-0.14153200387954712,-0.044749267064034925
104,157,261,train,True,0.0656676,-0.22429583251476287,1924.0328895825148,1923.931640625,1923.80859375,-0.12309379875659943,-0.10120203375816345
106,155,261,train,True,0.0185049,-0.3925660036504269,1915.6984742067755,1915.68017578125,1915.305908203125,-0.374330997467041,-0.01823500618338586
107,154,261,train,False,0.1798029,-0.4397366298735142,1909.7556545986236,1909.823486328125,1909.31591796875,-0.5075693130493164,0.06783268317580221
106,156,262,train,True,0.0221652,-0.15234172347933053,1923.3887919187919,1923.387451171875,1923.2364501953125,-0.15098319947719574,-0.0013585240021347922
107,155,262,train,True,0.0930624,-0.6027481184899807,1916.7227432356774,1916.7220458984375,1916.1199951171875,-0.6020721793174744,-0.0006759391725063013
108,156,264,train,True,0.0288816,-0.20706494383513926,1926.6266206078976,1926.7713623046875,1926.4195556640625,-0.3517167866230011,0.14465184278786183
108,157,265,train,True,0.023956,-0.38371476143598554,1933.4714833161236,1933.505615234375,1933.0877685546875,-0.4177609980106354,0.034046236574649835
108,158,266,train,True,0.0271054,-0.07411961601115763,1941.3950424675736,1941.33740234375,1941.3209228515625,-0.016552599146962166,-0.057567016864195464
109,157,266,train,False,0.0964782,-0.5504635472595691,1933.710986008197,1934.0220947265625,1933.1605224609375,-0.861606776714325,0.3111432294547558
110,159,269,train,True,0.0313923,-0.2130621711909771,1950.342944983691,1950.291748046875,1950.1298828125,-0.1618219017982483,-0.0512402693927288
110,160,270,train,True,0.039285,0.10204356600530445,1958.5950999886823,1958.51611328125,1958.6971435546875,0.18098199367523193,-0.07893842766992748
9,21,30,test,False,nan,-0.8658346460759639,186.08853667244315,186.3990020751953,185.2227020263672,-1.176300048828125,0.31046540275216106
14,9,23,test,False,nan,-0.5573506604135037,150.78585102662444,151.1479949951172,150.22850036621094,-0.9194999933242798,0.3621493329107761
15,11,26,test,False,nan,-0.5462986324727536,187.00169719204305,187.1179962158203,186.4553985595703,-0.6625999808311462,0.11630134835839268
16,11,27,test,False,nan,-0.4344698915630579,188.00116605855524,187.98699951171875,187.5666961669922,-0.4203000068664551,-0.014169884696602797
18,13,31,test,False,nan,-0.8692524760961533,224.76054886281491,224.8350067138672,223.89129638671875,-0.9437000155448914,0.07444753944873805
19,15,34,test,False,nan,-0.9594948449730873,260.7769997277856,261.0429992675781,259.8175048828125,-1.2254999876022339,0.26600514262914654
20,15,35,test,False,nan,-0.7808626410365105,261.55607016056774,262.0679931640625,260.77520751953125,-1.292799949645996,0.5119373086094856
21,16,37,test,False,nan,-0.5092343329638243,278.39302339546384,278.7049865722656,277.8837890625,-0.8212000131607056,0.3119656801968813
21,17,38,test,False,nan,-0.5995372236520052,294.75093492873015,294.9320068359375,294.1513977050781,-0.7806000113487244,0.18106278769671913
24,41,65,test,False,nan,-0.5435005305707454,534.5817085383833,534.0549926757812,534.0382080078125,-0.01679999940097332,-0.5267005311697721
39,65,104,test,False,nan,-0.2514658984541893,862.8178721484542,864.0989990234375,862.56640625,-1.5326000452041626,1.2811341467499733
40,40,80,test,False,nan,-0.04970966456865426,668.9682887661312,669.5280151367188,668.9185791015625,-0.6093999743461609,0.5596903097775067
40,66,106,test,False,nan,-0.010781698375940323,882.6971830655634,882.3560180664062,882.6864013671875,0.3303999900817871,-0.34118168845772745
42,70,112,test,False,nan,0.32166978396475315,928.3410499425977,927.6619873046875,928.6627197265625,1.0006999969482422,-0.6790302129834891
43,72,115,test,False,nan,0.02002301173983142,950.1608851913852,949.6380004882812,950.180908203125,0.542900025844574,-0.5228770141047425
47,48,95,test,False,nan,0.33858743622899057,789.824742641896,789.7343139648438,790.163330078125,0.42899999022483826,-0.09041255399584769
49,50,99,test,False,nan,-0.22133139546960592,821.9503353017196,822.1400146484375,821.72900390625,-0.41100001335144043,0.1896686178818345
57,95,152,test,False,nan,0.19982892069965602,1231.3175050636753,1231.4127197265625,1231.517333984375,0.10459999740123749,0.09522892329841853
58,94,152,test,False,nan,0.5022596888244152,1240.2959580846132,1240.3289794921875,1240.7982177734375,0.4691999852657318,0.03305970355868337
58,95,153,test,False,nan,0.3156293102353811,1244.231856041327,1244.3470458984375,1244.5474853515625,0.2004999965429306,0.1151293136924505
58,97,155,test,False,nan,0.19757397681474687,1253.1171232888103,1253.2650146484375,1253.314697265625,0.04969999939203262,0.14787397742271424
59,95,154,test,False,nan,0.11542876271530986,1254.9021493622847,1254.8070068359375,1255.017578125,0.21060000360012054,-0.09517124088481069
64,104,168,test,False,nan,0.12567783678416164,1354.0593807569658,1354.0511474609375,1354.18505859375,0.1339000016450882,-0.008222164860926556
22,37,59,unlabeled,False,nan,0.1085647339420393,484.88212740472983,nan,484.9906921386719,nan,nan
73,105,178,unlabeled,False,nan,-0.1456083020567894,1430.0561307629944,nan,1429.9105224609375,nan,nan
75,92,167,unlabeled,False,nan,0.09267239646054805,1324.0416049472894,nan,1324.13427734375,nan,nan
77,93,170,unlabeled,False,nan,0.14779560443013906,1335.1809397471325,nan,1335.3287353515625,nan,nan
79,95,174,unlabeled,False,nan,-0.07928907576482742,1356.7484785288898,nan,1356.669189453125,nan,nan
81,97,178,unlabeled,False,nan,-0.04287826045183465,1378.0337229870142,nan,1377.9908447265625,nan,nan
93,135,228,unlabeled,False,nan,0.27934967339038846,1733.668038021922,nan,1733.9473876953125,nan,nan
93,139,232,unlabeled,False,nan,0.00447322929976508,1762.4211859503878,nan,1762.4256591796875,nan,nan
101,155,256,unlabeled,False,nan,-0.19311771117150783,1899.8537622424215,nan,1899.66064453125,nan,nan
8,19,27,unlabeled,False,nan,-0.06330353987403214,166.76560456526465,nan,166.70230102539062,nan,nan
8,20,28,unlabeled,False,nan,-0.42418316586175936,167.26048687679926,nan,166.8363037109375,nan,nan
8,21,29,unlabeled,False,nan,-0.8077201749384403,163.91921614661814,nan,163.1114959716797,nan,nan
8,22,30,unlabeled,False,nan,-0.9017729723453521,162.51616811394692,nan,161.61439514160156,nan,nan
8,23,31,unlabeled,False,nan,-0.8958758537471294,159.26817504808307,nan,158.37229919433594,nan,nan
9,22,31,unlabeled,False,nan,-0.960739057213068,186.32723991170525,nan,185.3665008544922,nan,nan
9,23,32,unlabeled,False,nan,-0.9391072185337543,184.81680802419783,nan,183.87770080566406,nan,nan
9,24,33,unlabeled,False,nan,-0.8433264899253845,184.35022346258162,nan,183.50689697265625,nan,nan
9,25,34,unlabeled,False,nan,-0.7487149000726641,181.47732207780703,nan,180.72860717773438,nan,nan
10,22,32,unlabeled,False,nan,-1.0107563334703444,213.3141620951891,nan,212.30340576171875,nan,nan
10,23,33,unlabeled,False,nan,-0.9667330293357372,212.4624300508201,nan,211.49569702148438,nan,nan
10,24,34,unlabeled,False,nan,-0.8238361976668238,213.5905293129012,nan,212.76669311523438,nan,nan
10,25,35,unlabeled,False,nan,-0.691345543153584,211.55154451776295,nan,210.86019897460938,nan,nan
10,26,36,unlabeled,False,nan,-0.4670601694472134,210.96086510108785,nan,210.49380493164062,nan,nan
10,27,37,unlabeled,False,nan,-0.3362606014451012,208.5182674373826,nan,208.1820068359375,nan,nan
11,24,35,unlabeled,False,nan,-0.8175491388142109,236.3520492608845,nan,235.5345001220703,nan,nan
11,25,36,unlabeled,False,nan,-0.5963094255328178,235.73081565111875,nan,235.13450622558594,nan,nan
11,26,37,unlabeled,False,nan,-0.3107692096661776,236.19297135810368,nan,235.8822021484375,nan,nan
11,27,38,unlabeled,False,nan,-0.060440728589892384,234.92413396589458,nan,234.8636932373047,nan,nan
12,26,38,unlabeled,False,nan,0.010899858446791769,262.9923960399907,nan,263.0032958984375,nan,nan
12,27,39,unlabeled,False,nan,0.35450128791853786,262.2133087706752,nan,262.56781005859375,nan,nan
12,28,40,unlabeled,False,nan,0.5710947480052709,263.35129905082283,nan,263.9223937988281,nan,nan
13,8,21,unlabeled,False,nan,-0.49606414288282397,132.4281625315547,nan,131.93209838867188,nan,nan
13,9,22,unlabeled,False,nan,-0.5628604152798653,149.28846161156892,nan,148.72560119628906,nan,nan
13,25,38,unlabeled,False,nan,0.10962510650744661,280.7185609286488,nan,280.82818603515625,nan,nan
13,26,39,unlabeled,False,nan,0.43727580152451995,283.3499251262099,nan,283.7872009277344,nan,nan
13,27,40,unlabeled,False,nan,0.6555066065490246,283.61667967274786,nan,284.2721862792969,nan,nan
13,28,41,unlabeled,False,nan,0.8015908759832382,285.8794088798761,nan,286.6809997558594,nan,nan
13,29,42,unlabeled,False,nan,0.8810898867249489,285.75330952733754,nan,286.6343994140625,nan,nan
14,8,22,unlabeled,False,nan,-0.6115934059023858,133.46239296644927,nan,132.85079956054688,nan,nan
14,27,41,unlabeled,False,nan,0.7681413744390011,307.69737376227977,nan,308.46551513671875,nan,nan
14,28,42,unlabeled,False,nan,0.9023338904976845,311.6335547813773,nan,312.535888671875,nan,nan
14,29,43,unlabeled,False,nan,0.9411857095360756,312.03342366546394,nan,312.974609375,nan,nan
14,30,44,unlabeled,False,nan,0.9454333731532096,314.3126537850499,nan,315.2580871582031,nan,nan
15,8,23,unlabeled,False,nan,-0.7646280626952648,129.66523231074214,nan,128.90060424804688,nan,nan
15,9,24,unlabeled,False,nan,-0.7861111661791802,148.3501065275073,nan,147.56399536132812,nan,nan
15,10,25,unlabeled,False,nan,-0.5023179620504379,169.66792159974574,nan,169.1656036376953,nan,nan
15,28,43,unlabeled,False,nan,0.8111390849947929,330.3756590107083,nan,331.1867980957031,nan,nan
15,29,44,unlabeled,False,nan,0.8086564737558365,331.9847395223379,nan,332.79339599609375,nan,nan
15,30,45,unlabeled,False,nan,0.7490626136958599,334.9813451011479,nan,335.73040771484375,nan,nan
15,31,46,unlabeled,False,nan,0.6490550744533539,335.9208301794529,nan,336.56988525390625,nan,nan
16,8,24,unlabeled,False,nan,-0.7487529203295707,127.67435106486082,nan,126.92559814453125,nan,nan
16,9,25,unlabeled,False,nan,-0.7595032486319542,147.0111054214835,nan,146.25160217285156,nan,nan
16,10,26,unlabeled,False,nan,-0.6649316318333149,170.07592711523176,nan,169.41099548339844,nan,nan
16,29,45,unlabeled,False,nan,0.5324271215498447,353.5800606714189,nan,354.11248779296875,nan,nan
16,30,46,unlabeled,False,nan,0.48533527240157126,357.76677044048904,nan,358.2521057128906,nan,nan
16,31,47,unlabeled,False,nan,0.4227888885326683,358.90100261537356,nan,359.32379150390625,nan,nan
16,32,48,unlabeled,False,nan,0.2944569899560884,362.0377573655127,nan,362.33221435546875,nan,nan
17,9,26,unlabeled,False,nan,-0.8997107452154159,140.1045142120123,nan,139.20480346679688,nan,nan
17,10,27,unlabeled,False,nan,-0.7482904705405236,164.26928656429052,nan,163.52099609375,nan,nan
17,11,28,unlabeled,False,nan,-0.7692485120892525,184.3675456312299,nan,183.59829711914062,nan,nan
17,12,29,unlabeled,False,nan,-0.5283598168939352,206.51426069580017,nan,205.98590087890625,nan,nan
17,30,47,unlabeled,False,nan,0.0349429317843169,375.51007049595006,nan,375.5450134277344,nan,nan
17,31,48,unlabeled,False,nan,0.021626186119392515,377.72687845255246,nan,377.7485046386719,nan,nan
17,32,49,unlabeled,False,nan,-0.01004871452692896,381.28055652702693,nan,381.2705078125,nan,nan
17,33,50,unlabeled,False,nan,-0.24455549919977784,382.2115659972467,nan,381.9670104980469,nan,nan
17,34,51,unlabeled,False,nan,-0.3498454327695072,384.0493388409726,nan,383.6994934082031,nan,nan
17,35,52,unlabeled,False,nan,-0.49982146970927716,383.44900970213115,nan,382.9491882324219,nan,nan
17,36,53,unlabeled,False,nan,-0.5183740948885679,384.0108667706698,nan,383.49249267578125,nan,nan
18,9,27,unlabeled,False,nan,-0.8679163207113743,134.01461431875825,nan,133.14669799804688,nan,nan
18,10,28,unlabeled,False,nan,-0.8111603125929833,160.5480530127883,nan,159.7368927001953,nan,nan
18,11,29,unlabeled,False,nan,-0.8224188385903836,181.825012832731,nan,181.00259399414062,nan,nan
18,12,30,unlabeled,False,nan,-0.8324680510163307,206.10256387621163,nan,205.2700958251953,nan,nan
18,31,49,unlabeled,False,nan,-0.4275961967557669,398.43830786667763,nan,398.0107116699219,nan,nan
18,32,50,unlabeled,False,nan,-0.25760960405692457,402.91532444780694,nan,402.65771484375,nan,nan
18,33,51,unlabeled,False,nan,-0.4660923481732607,404.1666843891889,nan,403.7005920410156,nan,nan
18,34,52,unlabeled,False,nan,-0.41645189106464386,406.997353990674,nan,406.5809020996094,nan,nan
18,35,53,unlabeled,False,nan,-0.5907293067872524,407.04974419936536,nan,406.4590148925781,nan,nan
18,36,54,unlabeled,False,nan,-0.584844387024641,408.95923403546215,nan,408.3743896484375,nan,nan
18,37,55,unlabeled,False,nan,-0.7429318217933178,408.3670468120277,nan,407.6241149902344,nan,nan
18,38,56,unlabeled,False,nan,-0.8131943400204181,409.3998947794735,nan,408.5867004394531,nan,nan
19,11,30,unlabeled,False,nan,-1.0199451544880866,176.20964242011308,nan,175.189697265625,nan,nan
19,12,31,unlabeled,False,nan,-0.9596538484096527,201.0589580476284,nan,200.09930419921875,nan,nan
19,13,32,unlabeled,False,nan,-1.0623695784807206,221.34357380211353,nan,220.2812042236328,nan,nan
19,14,33,unlabeled,False,nan,-0.8922189831733703,243.98601475954055,nan,243.0937957763672,nan,nan
19,35,54,unlabeled,False,nan,-0.6217732268571854,426.1884846526384,nan,425.56671142578125,nan,nan
19,36,55,unlabeled,False,nan,-0.41393823582679035,428.2789284702018,nan,427.864990234375,nan,nan
19,37,56,unlabeled,False,nan,-0.6638003359735012,428.86890897855164,nan,428.2051086425781,nan,nan
19,38,57,unlabeled,False,nan,-0.600595845580101,430.35398329675195,nan,429.7533874511719,nan,nan
19,39,58,unlabeled,False,nan,-0.7714127925038338,430.4253129389882,nan,429.6539001464844,nan,nan
19,40,59,unlabeled,False,nan,-0.7816603170335292,431.5822584615648,nan,430.80059814453125,nan,nan
20,11,31,unlabeled,False,nan,-1.0095679423213004,172.6037604472041,nan,171.5941925048828,nan,nan
20,12,32,unlabeled,False,nan,-0.9172861555218697,198.90788674145938,nan,197.9906005859375,nan,nan
20,13,33,unlabeled,False,nan,-0.9509922379255294,219.3391910904646,nan,218.38819885253906,nan,nan
20,14,34,unlabeled,False,nan,-0.8031246173381805,243.97692222476005,nan,243.17379760742188,nan,nan
20,37,57,unlabeled,False,nan,-0.7104745422303677,451.0550790344179,nan,450.3446044921875,nan,nan
20,38,58,unlabeled,False,nan,-0.5534945328533649,453.77709682777527,nan,453.2236022949219,nan,nan
20,39,59,unlabeled,False,nan,-0.7348515163362026,454.62346235617997,nan,453.88861083984375,nan,nan
20,40,60,unlabeled,False,nan,-0.7185758067667485,457.1893704845011,nan,456.4707946777344,nan,nan
21,13,34,unlabeled,False,nan,-0.9936971691250801,213.9812002208829,nan,212.9875030517578,nan,nan
21,14,35,unlabeled,False,nan,-0.829824129641056,238.77362600952387,nan,237.9438018798828,nan,nan
21,15,36,unlabeled,False,nan,-0.8716299775242805,257.90654208689926,nan,257.034912109375,nan,nan
21,39,60,unlabeled,False,nan,-0.496255307905376,472.2625516946241,nan,471.76629638671875,nan,nan
21,40,61,unlabeled,False,nan,-0.5884705585986376,475.3874817890674,nan,474.79901123046875,nan,nan
21,41,62,unlabeled,False,nan,-0.6932760456204414,476.3372884967923,nan,475.6440124511719,nan,nan
21,42,63,unlabeled,False,nan,-0.7552286750078201,478.44584146797655,nan,477.69061279296875,nan,nan
22,13,35,unlabeled,False,nan,-0.8891895508766174,210.35868723154067,nan,209.46949768066406,nan,nan
22,14,36,unlabeled,False,nan,-0.757874773144722,236.21347169697285,nan,235.45559692382812,nan,nan
22,15,37,unlabeled,False,nan,-0.7175802505016327,255.99997465968133,nan,255.2823944091797,nan,nan
22,16,38,unlabeled,False,nan,-0.4466112401336432,278.1408251073211,nan,277.6942138671875,nan,nan
22,17,39,unlabeled,False,nan,-0.34512998417019847,295.06912900760767,nan,294.7239990234375,nan,nan
22,39,61,unlabeled,False,nan,-0.3921824476495385,491.4913950941339,nan,491.0992126464844,nan,nan
22,40,62,unlabeled,False,nan,-0.5655636039376258,495.5943721976876,nan,495.02880859375,nan,nan
22,41,63,unlabeled,False,nan,-0.6849548384547234,497.2973510786891,nan,496.6123962402344,nan,nan
22,42,64,unlabeled,False,nan,-0.7466060908138752,500.9611141474545,nan,500.2145080566406,nan,nan
22,43,65,unlabeled,False,nan,-0.7703066559135914,502.105603286773,nan,501.3352966308594,nan,nan
23,14,37,unlabeled,False,nan,-0.8257278697192669,230.31902926132082,nan,229.49330139160156,nan,nan
23,15,38,unlabeled,False,nan,-0.8343113523721695,251.64920698225498,nan,250.8148956298828,nan,nan
23,16,39,unlabeled,False,nan,-0.5310608197748661,274.428063993603,nan,273.8970031738281,nan,nan
23,17,40,unlabeled,False,nan,-0.5626331339031458,292.7123218546063,nan,292.1496887207031,nan,nan
23,18,41,unlabeled,False,nan,-4.372447030618787e-05,312.5812509998609,nan,312.5812072753906,nan,nan
23,19,42,unlabeled,False,nan,0.0392933937581256,328.8234080222575,nan,328.8627014160156,nan,nan
23,41,64,unlabeled,False,nan,-0.6507812616229057,515.2502075311542,nan,514.5994262695312,nan,nan
23,42,65,unlabeled,False,nan,-0.7049036209285259,519.3463831131161,nan,518.6414794921875,nan,nan
23,43,66,unlabeled,False,nan,-0.7133734755218029,521.4711859755218,nan,520.7578125,nan,nan
24,16,40,unlabeled,False,nan,-0.4753424695134163,273.22024603396653,nan,272.7449035644531,nan,nan
24,17,41,unlabeled,False,nan,-0.38342444859445096,291.98803870640694,nan,291.6046142578125,nan,nan
24,18,42,unlabeled,False,nan,-0.015625423507299275,313.33953899772604,nan,313.32391357421875,nan,nan
24,19,43,unlabeled,False,nan,0.18840948259457946,330.10739740217105,nan,330.2958068847656,nan,nan
24,42,66,unlabeled,False,nan,-0.576454517096281,539.54416691944,nan,538.9677124023438,nan,nan
24,43,67,unlabeled,False,nan,-0.5323182880878449,541.9077455341816,nan,541.3754272460938,nan,nan
25,18,43,unlabeled,False,nan,-0.14601259022485466,310.14451722889675,nan,309.9985046386719,nan,nan
25,19,44,unlabeled,False,nan,-0.16416072057560085,328.5031499783881,nan,328.3389892578125,nan,nan
25,20,45,unlabeled,False,nan,0.028550802778918295,348.63303977339297,nan,348.6615905761719,nan,nan
25,42,67,unlabeled,False,nan,-0.39895489044487475,555.0620408279449,nan,554.6630859375,nan,nan
25,43,68,unlabeled,False,nan,-0.3364320728927851,558.3707338307053,nan,558.0343017578125,nan,nan
25,44,69,unlabeled,False,nan,-0.15757506570080296,563.0144476242946,nan,562.8568725585938,nan,nan
25,45,70,unlabeled,False,nan,0.16706715760286897,565.6680158502096,nan,565.8350830078125,nan,nan
25,46,71,unlabeled,False,nan,0.38175953370984644,569.6402131225401,nan,570.02197265625,nan,nan
26,18,44,unlabeled,False,nan,-0.09988837763899937,309.18539863154524,nan,309.08551025390625,nan,nan
26,19,45,unlabeled,False,nan,-0.07706908225314692,328.3085754299094,nan,328.23150634765625,nan,nan
26,20,46,unlabeled,False,nan,-0.10689625389524736,350.106102796864,nan,349.99920654296875,nan,nan
26,21,47,unlabeled,False,nan,-0.12426105587743223,366.0269710168149,nan,365.9027099609375,nan,nan
26,42,68,unlabeled,False,nan,-0.07389412606135011,572.4697681494988,nan,572.3958740234375,nan,nan
26,43,69,unlabeled,False,nan,-0.026304017342627047,576.0712869274989,nan,576.0449829101562,nan,nan
26,44,70,unlabeled,False,nan,0.08512324515730142,581.7925012665614,nan,581.8776245117188,nan,nan
26,45,71,unlabeled,False,nan,0.29437923854682596,584.8904962497344,nan,585.1848754882812,nan,nan
26,46,72,unlabeled,False,nan,0.5129769598692655,589.9023062432557,nan,590.415283203125,nan,nan
26,47,73,unlabeled,False,nan,0.7048378197848797,592.3883628638089,nan,593.0932006835938,nan,nan
27,19,46,unlabeled,False,nan,-0.33120130125433206,325.26088880125434,nan,324.9296875,nan,nan
27,20,47,unlabeled,False,nan,-0.23951768185943365,347.7302098205313,nan,347.4906921386719,nan,nan
27,21,48,unlabeled,False,nan,-0.43518457390367987,364.83639917351303,nan,364.4012145996094,nan,nan
27,22,49,unlabeled,False,nan,-0.22029410772025584,383.80769645147024,nan,383.58740234375,nan,nan
27,45,72,unlabeled,False,nan,0.5319761055707931,600.3958193045854,nan,600.9277954101562,nan,nan
27,46,73,unlabeled,False,nan,0.7004426304996013,605.8310515101253,nan,606.531494140625,nan,nan
27,47,74,unlabeled,False,nan,0.8358237865567207,609.3340980884433,nan,610.169921875,nan,nan
27,48,75,unlabeled,False,nan,0.9456781134009361,614.1636358514428,nan,615.1093139648438,nan,nan
27,49,76,unlabeled,False,nan,0.9863473844528198,617.1924245882034,nan,618.1787719726562,nan,nan
27,50,77,unlabeled,False,nan,0.934554685652256,621.406570802629,nan,622.3411254882812,nan,nan
27,51,78,unlabeled,False,nan,0.85869902998209,622.6447799739242,nan,623.5034790039062,nan,nan
27,52,79,unlabeled,False,nan,0.8332402205467224,624.8309443497658,nan,625.6641845703125,nan,nan
28,20,48,unlabeled,False,nan,-0.25684334528632463,347.71784188044256,nan,347.46099853515625,nan,nan
28,21,49,unlabeled,False,nan,-0.296134962067008,365.06484223745764,nan,364.7687072753906,nan,nan
28,22,50,unlabeled,False,nan,-0.21044610990211368,385.09414361966776,nan,384.8836975097656,nan,nan
28,23,51,unlabeled,False,nan,-0.14915806368924678,401.17604405001737,nan,401.0268859863281,nan,nan
28,46,74,unlabeled,False,nan,0.7365944314002991,623.8534934592248,nan,624.590087890625,nan,nan
28,47,75,unlabeled,False,nan,0.8586665651202202,627.6205204465986,nan,628.4791870117188,nan,nan
28,48,76,unlabeled,False,nan,0.918445788025856,633.5044668096303,nan,634.4229125976562,nan,nan
28,49,77,unlabeled,False,nan,0.9375244572758674,637.0279906794428,nan,637.9655151367188,nan,nan
28,50,78,unlabeled,False,nan,0.8940153393149376,642.3606843677163,nan,643.2546997070312,nan,nan
28,51,79,unlabeled,False,nan,0.8441351351141929,643.7556573453545,nan,644.5997924804688,nan,nan
28,52,80,unlabeled,False,nan,0.8373121544718742,646.6781907752156,nan,647.5155029296875,nan,nan
28,53,81,unlabeled,False,nan,0.8011992391943932,647.4654023233056,nan,648.2666015625,nan,nan
28,54,82,unlabeled,False,nan,0.8482821357250213,649.8726040947437,nan,650.7208862304688,nan,nan
29,21,50,unlabeled,False,nan,-0.5004521226882934,361.3657475328445,nan,360.86529541015625,nan,nan
29,22,51,unlabeled,False,nan,-0.2500459568761289,381.5722505467199,nan,381.32220458984375,nan,nan
29,23,52,unlabeled,False,nan,-0.5714860405027866,399.09950117722155,nan,398.52801513671875,nan,nan
29,24,53,unlabeled,False,nan,-0.09013976546470076,418.2332366892928,nan,418.1430969238281,nan,nan
29,25,54,unlabeled,False,nan,-0.5947251677513122,434.77123883962633,nan,434.176513671875,nan,nan
29,51,80,unlabeled,False,nan,0.6134684267640114,659.5180012997985,nan,660.1314697265625,nan,nan
29,52,81,unlabeled,False,nan,0.6714790406823158,662.8336479124426,nan,663.505126953125,nan,nan
29,53,82,unlabeled,False,nan,0.6055094565451146,664.4839680825174,nan,665.0894775390625,nan,nan
29,54,83,unlabeled,False,nan,0.6911019772291184,667.1072989016772,nan,667.7984008789062,nan,nan
29,55,84,unlabeled,False,nan,0.6221326601505279,668.1531969296932,nan,668.7753295898438,nan,nan
29,56,85,unlabeled,False,nan,0.6724856379628181,670.2182003971934,nan,670.8906860351562,nan,nan
30,22,52,unlabeled,False,nan,-0.23905845334753395,380.255049664285,nan,380.0159912109375,nan,nan
30,23,53,unlabeled,False,nan,-0.25077291594818235,397.9716591464169,nan,397.72088623046875,nan,nan
30,24,54,unlabeled,False,nan,-0.022863084208220242,418.4001519025676,nan,418.3772888183594,nan,nan
30,25,55,unlabeled,False,nan,-0.046372827559243886,434.872483667403,nan,434.82611083984375,nan,nan
30,26,56,unlabeled,False,nan,0.2206188041344285,453.84487191852185,nan,454.06549072265625,nan,nan
30,27,57,unlabeled,False,nan,0.015536214106250555,469.2551547038625,nan,469.27069091796875,nan,nan
30,53,83,unlabeled,False,nan,0.4758379034698009,682.6958539910614,nan,683.1716918945312,nan,nan
30,54,84,unlabeled,False,nan,0.6285354074835777,686.0992477956414,nan,686.727783203125,nan,nan
30,55,85,unlabeled,False,nan,0.5529783762991428,687.2247926197946,nan,687.7777709960938,nan,nan
30,56,86,unlabeled,False,nan,0.6321760115027427,689.952235609591,nan,690.5844116210938,nan,nan
31,24,55,unlabeled,False,nan,-0.13352237487677485,414.60910831237675,nan,414.4755859375,nan,nan
31,25,56,unlabeled,False,nan,-0.5933130371570587,432.46001225590703,nan,431.86669921875,nan,nan
31,26,57,unlabeled,False,nan,-0.0003851360594853759,451.37169250910637,nan,451.3713073730469,nan,nan
31,27,58,unlabeled,False,nan,-0.5691956225037574,468.11790167719124,nan,467.5487060546875,nan,nan
31,28,59,unlabeled,False,nan,0.06497100314125419,485.87323090115564,nan,485.9382019042969,nan,nan
31,29,60,unlabeled,False,nan,-0.5242013993859291,500.13571262985465,nan,499.61151123046875,nan,nan
31,55,86,unlabeled,False,nan,0.25684924580156804,703.2817249729484,nan,703.53857421875,nan,nan
31,56,87,unlabeled,False,nan,0.3732956190407276,706.1953078965843,nan,706.568603515625,nan,nan
32,26,58,unlabeled,False,nan,0.16357372293714434,451.2217412184691,nan,451.38531494140625,nan,nan
32,27,59,unlabeled,False,nan,-0.05453589617507532,467.89444068133133,nan,467.83990478515625,nan,nan
32,28,60,unlabeled,False,nan,0.31145177215337755,486.86985315948726,nan,487.1813049316406,nan,nan
32,29,61,unlabeled,False,nan,0.14299614561256022,501.0803925262624,nan,501.223388671875,nan,nan
32,30,62,unlabeled,False,nan,0.4540103128552437,517.4042660543323,nan,517.8582763671875,nan,nan
32,55,87,unlabeled,False,nan,0.2373001466691494,720.4390914548934,nan,720.6763916015625,nan,nan
32,56,88,unlabeled,False,nan,0.36345356695353986,724.4076645971089,nan,724.7711181640625,nan,nan
32,57,89,unlabeled,False,nan,0.31601245850324633,725.822476311028,nan,726.1384887695312,nan,nan
32,58,90,unlabeled,False,nan,0.36177254233509304,728.9534130045399,nan,729.315185546875,nan,nan
32,59,91,unlabeled,False,nan,0.38449980538338424,729.7265841789916,nan,730.111083984375,nan,nan
33,28,61,unlabeled,False,nan,0.059940698579885064,484.00115549282634,nan,484.06109619140625,nan,nan
33,29,62,unlabeled,False,nan,-0.5832371293008327,499.6507420121133,nan,499.0675048828125,nan,nan
33,30,63,unlabeled,False,nan,0.19525114327669144,515.9781497356296,nan,516.1734008789062,nan,nan
33,31,64,unlabeled,False,nan,-0.8074221020936966,530.601916731,nan,529.7944946289062,nan,nan
33,55,88,unlabeled,False,nan,0.13941409757360815,734.8915917618014,nan,735.031005859375,nan,nan
33,56,89,unlabeled,False,nan,0.2374012054130435,738.9508922516183,nan,739.1882934570312,nan,nan
33,57,90,unlabeled,False,nan,0.22378307908773423,741.2350181904435,nan,741.4588012695312,nan,nan
33,58,91,unlabeled,False,nan,0.29621933326125144,744.7435755886138,nan,745.039794921875,nan,nan
33,59,92,unlabeled,False,nan,0.3401130583137274,746.445714578405,nan,746.7858276367188,nan,nan
33,60,93,unlabeled,False,nan,0.45597651258111,749.4528369639814,nan,749.9088134765625,nan,nan
34,29,63,unlabeled,False,nan,0.09925833758432417,498.7308503049938,nan,498.8301086425781,nan,nan
34,30,64,unlabeled,False,nan,0.30798540329560636,516.6379984834232,nan,516.9459838867188,nan,nan
34,31,65,unlabeled,False,nan,0.18958866963163018,530.7689074241184,nan,530.95849609375,nan,nan
34,32,66,unlabeled,False,nan,0.3258465626835823,547.4828692576289,nan,547.8087158203125,nan,nan
34,58,92,unlabeled,False,nan,0.19040936870966108,762.4160969789466,nan,762.6065063476562,nan,nan
34,59,93,unlabeled,False,nan,0.3056043542921543,764.3972154699266,nan,764.7028198242188,nan,nan
34,60,94,unlabeled,False,nan,0.49055787920951843,768.2896545231342,nan,768.7802124023438,nan,nan
34,61,95,unlabeled,False,nan,0.4790822498500347,769.9626902110874,nan,770.4417724609375,nan,nan
34,62,96,unlabeled,False,nan,0.494305429905653,773.2480041404068,nan,773.7423095703125,nan,nan
34,63,97,unlabeled,False,nan,0.40379854150116445,774.4289040952176,nan,774.8327026367188,nan,nan
35,30,65,unlabeled,False,nan,0.09772991491714493,513.5328853194578,nan,513.630615234375,nan,nan
35,31,66,unlabeled,False,nan,-0.7518665787577629,529.2970936295391,nan,528.5452270507812,nan,nan
35,32,67,unlabeled,False,nan,0.20315724719315767,545.5456220496818,nan,545.748779296875,nan,nan
35,33,68,unlabeled,False,nan,-0.7869156000018119,560.6247451898456,nan,559.8378295898438,nan,nan
35,59,94,unlabeled,False,nan,0.1417206137627363,778.9151031167061,nan,779.0568237304688,nan,nan
35,60,95,unlabeled,False,nan,0.4431877212226391,783.1475105209648,nan,783.5906982421875,nan,nan
35,61,96,unlabeled,False,nan,0.430877867937088,785.6318052375317,nan,786.0626831054688,nan,nan
35,62,97,unlabeled,False,nan,0.4570000813901424,789.1526190592349,nan,789.609619140625,nan,nan
35,63,98,unlabeled,False,nan,0.315922062471509,791.2149006914348,nan,791.5308227539062,nan,nan
35,64,99,unlabeled,False,nan,0.32304495602846145,794.1980732080341,nan,794.5211181640625,nan,nan
35,65,100,unlabeled,False,nan,0.085012904019095,795.8526702014497,nan,795.9376831054688,nan,nan
35,66,101,unlabeled,False,nan,0.1433551027206704,798.3578656004044,nan,798.501220703125,nan,nan
35,67,102,unlabeled,False,nan,0.03949358775280416,799.8978843419347,nan,799.9373779296875,nan,nan
36,31,67,unlabeled,False,nan,0.07947037884732708,527.8218357734964,nan,527.9013061523438,nan,nan
36,32,68,unlabeled,False,nan,0.15013766964897513,545.8623745373823,nan,546.0125122070312,nan,nan
36,33,69,unlabeled,False,nan,0.14693717521149666,560.4426624341635,nan,560.589599609375,nan,nan
36,34,70,unlabeled,False,nan,0.13287573975976558,577.7350441821152,nan,577.867919921875,nan,nan
36,62,98,unlabeled,False,nan,0.5731380560994148,806.6834537407756,nan,807.256591796875,nan,nan
36,63,99,unlabeled,False,nan,0.37798089802265167,809.1101172465086,nan,809.4880981445312,nan,nan
36,64,100,unlabeled,False,nan,0.4479620198905468,812.9860589762033,nan,813.4340209960938,nan,nan
36,65,101,unlabeled,False,nan,0.166440751478076,814.951235029772,nan,815.11767578125,nan,nan
36,66,102,unlabeled,False,nan,0.3047258735075593,818.1867902397737,nan,818.4915161132812,nan,nan
36,67,103,unlabeled,False,nan,0.1353681458439678,819.8621294127498,nan,819.9974975585938,nan,nan
37,32,69,unlabeled,False,nan,0.004085668611805886,542.621097436857,nan,542.6251831054688,nan,nan
37,33,70,unlabeled,False,nan,-0.8955356243252754,558.986539042294,nan,558.0910034179688,nan,nan
37,34,71,unlabeled,False,nan,0.04381247512297705,575.7628891850333,nan,575.8067016601562,nan,nan
37,35,72,unlabeled,False,nan,-0.9754722318053246,590.928292056024,nan,589.9528198242188,nan,nan
37,66,103,unlabeled,False,nan,0.08574536064174026,834.8735441901395,nan,834.9592895507812,nan,nan
37,67,104,unlabeled,False,nan,-0.06503858404001221,837.1762446387276,nan,837.1112060546875,nan,nan
38,33,71,unlabeled,False,nan,-0.061293031722307205,557.7346939106286,nan,557.6734008789062,nan,nan
38,34,72,unlabeled,False,nan,-0.06566027728491462,576.2828843983787,nan,576.2172241210938,nan,nan
38,35,73,unlabeled,False,nan,-0.09592278220690786,590.7972167275194,nan,590.7012939453125,nan,nan
38,36,74,unlabeled,False,nan,-0.10553955716546624,608.0640356509155,nan,607.95849609375,nan,nan
38,65,103,unlabeled,False,nan,0.07511667125509121,848.7071709264012,nan,848.7822875976562,nan,nan
38,66,104,unlabeled,False,nan,0.36035727605223655,852.7022647942603,nan,853.0626220703125,nan,nan
38,67,105,unlabeled,False,nan,0.05613994277780875,855.2697877915972,nan,855.325927734375,nan,nan
38,68,106,unlabeled,False,nan,0.4526653532683849,858.8364581818879,nan,859.2891235351562,nan,nan
39,34,73,unlabeled,False,nan,-0.21548089165240525,573.3698998369649,nan,573.1544189453125,nan,nan
39,35,74,unlabeled,False,nan,-0.9683786314725876,589.2904611510038,nan,588.3220825195312,nan,nan
39,36,75,unlabeled,False,nan,-0.21692778153344988,605.9783413557521,nan,605.7614135742188,nan,nan
39,37,76,unlabeled,False,nan,-1.0327396941184999,621.250146920681,nan,620.2174072265625,nan,nan
39,38,77,unlabeled,False,nan,-0.14143110922072083,637.2320072810958,nan,637.090576171875,nan,nan
39,39,78,unlabeled,False,nan,-0.8592124286293984,651.3178916278481,nan,650.4586791992188,nan,nan
39,66,105,unlabeled,False,nan,-0.10518850886961445,867.1609136065258,nan,867.0557250976562,nan,nan
39,67,106,unlabeled,False,nan,-0.22073908545076848,870.260350901857,nan,870.0396118164062,nan,nan
39,68,107,unlabeled,False,nan,0.028554315729998052,874.1884256647387,nan,874.2169799804688,nan,nan
39,69,108,unlabeled,False,nan,0.08948252903297543,876.6841380764358,nan,876.7736206054688,nan,nan
39,70,109,unlabeled,False,nan,0.43679766803979875,879.9742741093039,nan,880.4110717773438,nan,nan
39,71,110,unlabeled,False,nan,0.4065351485647261,882.0462846756541,nan,882.4528198242188,nan,nan
40,35,75,unlabeled,False,nan,-0.25618592226877807,588.1553558441437,nan,587.899169921875,nan,nan
40,36,76,unlabeled,False,nan,-0.23962260371074082,606.3467393029294,nan,606.1071166992188,nan,nan
40,37,77,unlabeled,False,nan,-0.2760971861332655,621.156895525977,nan,620.8807983398438,nan,nan
40,38,78,unlabeled,False,nan,-0.1850420442596078,638.8371416536346,nan,638.652099609375,nan,nan
40,39,79,unlabeled,False,nan,-0.10630131736863405,652.8326807118999,nan,652.7263793945312,nan,nan
40,67,107,unlabeled,False,nan,-0.16608132511377335,886.0340012469887,nan,885.867919921875,nan,nan
40,68,108,unlabeled,False,nan,0.2737043069675565,890.5718767477199,nan,890.8455810546875,nan,nan
40,69,109,unlabeled,False,nan,0.231966448337771,893.3658118719748,nan,893.5977783203125,nan,nan
40,70,110,unlabeled,False,nan,0.5263176321983337,897.4769782662391,nan,898.0032958984375,nan,nan
40,71,111,unlabeled,False,nan,0.44603871293365954,899.7159485917539,nan,900.1619873046875,nan,nan
40,72,112,unlabeled,False,nan,0.4834004208445549,903.4649028018117,nan,903.9483032226562,nan,nan
41,38,79,unlabeled,False,nan,-0.22608275811187922,636.4552697698306,nan,636.2291870117188,nan,nan
41,39,80,unlabeled,False,nan,-0.7868851400911808,651.7845658041537,nan,650.9976806640625,nan,nan
41,40,81,unlabeled,False,nan,-0.04745383433066309,667.5805348890182,nan,667.5330810546875,nan,nan
41,41,82,unlabeled,False,nan,-0.5400931356847286,681.4078909872472,nan,680.8677978515625,nan,nan
41,70,111,unlabeled,False,nan,0.3545889388024807,911.9430184830725,nan,912.297607421875,nan,nan
41,71,112,unlabeled,False,nan,0.357476501762867,914.8584048458933,nan,915.2158813476562,nan,nan
41,72,113,unlabeled,False,nan,0.33944330632686615,918.9280737835169,nan,919.2675170898438,nan,nan
41,73,114,unlabeled,False,nan,0.19901709900703282,921.6626772369304,nan,921.8616943359375,nan,nan
41,74,115,unlabeled,False,nan,-0.027988140215165914,925.7172581597464,nan,925.6892700195312,nan,nan
42,38,80,unlabeled,False,nan,-0.1928936802968383,636.5044171177968,nan,636.3115234375,nan,nan
42,39,81,unlabeled,False,nan,-0.16637173987925052,651.3646749625354,nan,651.1983032226562,nan,nan
42,40,82,unlabeled,False,nan,-0.07189497828716412,668.8334916579747,nan,668.7615966796875,nan,nan
42,41,83,unlabeled,False,nan,0.03395690652541816,682.6563507106621,nan,682.6903076171875,nan,nan
42,42,84,unlabeled,False,nan,-0.01553043040446937,699.2028473249358,nan,699.1873168945312,nan,nan
42,71,113,unlabeled,False,nan,0.30785811223089693,931.4497712823004,nan,931.7576293945312,nan,nan
42,72,114,unlabeled,False,nan,0.17225660485681146,936.3807219107682,nan,936.552978515625,nan,nan
42,73,115,unlabeled,False,nan,0.04368955414975062,939.2113153286627,nan,939.2550048828125,nan,nan
42,74,116,unlabeled,False,nan,-0.16969741814769804,943.9416700743977,nan,943.77197265625,nan,nan
42,75,117,unlabeled,False,nan,-0.262794383559376,946.7452162585594,nan,946.482421875,nan,nan
43,40,83,unlabeled,False,nan,-0.06597286387346685,666.5665832154359,nan,666.5006103515625,nan,nan
43,41,84,unlabeled,False,nan,-0.3570434207003564,681.5347167605441,nan,681.1776733398438,nan,nan
43,42,85,unlabeled,False,nan,0.12772668889723718,697.9036453814152,nan,698.0313720703125,nan,nan
43,43,86,unlabeled,False,nan,-0.07959385437774472,711.7011148504715,nan,711.6215209960938,nan,nan
43,73,116,unlabeled,False,nan,-0.10631219980306923,953.6868175708968,nan,953.5805053710938,nan,nan
43,74,117,unlabeled,False,nan,-0.3197056147828698,958.5921055171266,nan,958.2723999023438,nan,nan
43,75,118,unlabeled,False,nan,-0.3406842205952853,962.0059063885641,nan,961.6652221679688,nan,nan
43,76,119,unlabeled,False,nan,-0.38695596873760224,966.6509330195189,nan,966.2639770507812,nan,nan
43,77,120,unlabeled,False,nan,-0.21702747872099282,969.567613416221,nan,969.3505859375,nan,nan
43,78,121,unlabeled,False,nan,-0.10549024435691536,973.6144624123257,nan,973.5089721679688,nan,nan
44,41,85,unlabeled,False,nan,0.031933353065978734,681.5718874477153,nan,681.6038208007812,nan,nan
44,42,86,unlabeled,False,nan,0.049701410015113655,699.1388972227974,nan,699.1885986328125,nan,nan
44,43,87,unlabeled,False,nan,0.20506855625659226,713.2024021468684,nan,713.407470703125,nan,nan
44,44,88,unlabeled,False,nan,0.13601145180873572,729.9581047591288,nan,730.0941162109375,nan,nan
44,74,118,unlabeled,False,nan,-0.6027186463773251,975.0501063416898,nan,974.4473876953125,nan,nan
44,75,119,unlabeled,False,nan,-0.5275910322368145,978.5189850752056,nan,977.9913940429688,nan,nan
44,76,120,unlabeled,False,nan,-0.5125176703929901,983.8114068305492,nan,983.2988891601562,nan,nan
44,77,121,unlabeled,False,nan,-0.2939388485625386,986.8116390438751,nan,986.5177001953125,nan,nan
44,78,122,unlabeled,False,nan,-0.16514494877308608,991.5239706323669,nan,991.3588256835938,nan,nan
44,79,123,unlabeled,False,nan,0.07314139646943658,994.2566315527494,nan,994.3297729492188,nan,nan
45,42,87,unlabeled,False,nan,0.111101442174986,696.7571236554812,nan,696.8682250976562,nan,nan
45,43,88,unlabeled,False,nan,0.04627632852643728,711.9626958394423,nan,712.0089721679688,nan,nan
45,44,89,unlabeled,False,nan,0.2613194163143635,728.8685633961857,nan,729.1298828125,nan,nan
45,45,90,unlabeled,False,nan,0.23054429847747088,742.8941505257412,nan,743.1246948242188,nan,nan
45,46,91,unlabeled,False,nan,0.366589083224535,757.9484133581817,nan,758.3150024414062,nan,nan
45,75,120,unlabeled,False,nan,-0.33147790998220444,991.9995076951385,nan,991.6680297851562,nan,nan
45,77,122,unlabeled,False,nan,-0.16611676485510543,1001.1255283859489,nan,1000.9594116210938,nan,nan
45,78,123,unlabeled,False,nan,-0.06586295580782461,1006.2599547526828,nan,1006.194091796875,nan,nan
45,79,124,unlabeled,False,nan,0.21278442271985112,1009.8433068858739,nan,1010.0560913085938,nan,nan
45,80,125,unlabeled,False,nan,0.3663427402079105,1014.6845605801046,nan,1015.0509033203125,nan,nan
46,43,89,unlabeled,False,nan,0.21205648830160498,712.3526407773234,nan,712.564697265625,nan,nan
46,44,90,unlabeled,False,nan,0.26441007705405356,730.2001895323209,nan,730.464599609375,nan,nan
46,45,91,unlabeled,False,nan,0.3214452075958252,744.5785792064667,nan,744.9000244140625,nan,nan
46,78,124,unlabeled,False,nan,-0.05209465564927086,1023.0685131126805,nan,1023.0164184570312,nan,nan
46,79,125,unlabeled,False,nan,0.2676449301466346,1026.7150210854784,nan,1026.982666015625,nan,nan
46,80,126,unlabeled,False,nan,0.3983043075352907,1032.2421986221523,nan,1032.6405029296875,nan,nan
46,81,127,unlabeled,False,nan,0.7504584074020386,1035.5865777254105,nan,1036.3370361328125,nan,nan
46,82,128,unlabeled,False,nan,0.7574103716015815,1040.504186308086,nan,1041.2615966796875,nan,nan
46,83,129,unlabeled,False,nan,0.659590768814087,1042.077225637436,nan,1042.73681640625,nan,nan
46,84,130,unlabeled,False,nan,0.5372315046191215,1045.0312499406934,nan,1045.5684814453125,nan,nan
46,85,131,unlabeled,False,nan,0.4570114898681641,1046.0926711273194,nan,1046.5496826171875,nan,nan
46,86,132,unlabeled,False,nan,0.4161440895497799,1048.6350033713877,nan,1049.0511474609375,nan,nan
47,44,91,unlabeled,False,nan,0.2596492209797725,727.9771671852702,nan,728.23681640625,nan,nan
47,45,92,unlabeled,False,nan,0.23492945205420257,743.1760812901333,nan,743.4110107421875,nan,nan
47,46,93,unlabeled,False,nan,0.3747964856773615,760.3050130846351,nan,760.6798095703125,nan,nan
47,47,94,unlabeled,False,nan,0.3170790834724903,774.4518418149651,nan,774.7689208984375,nan,nan
47,79,126,unlabeled,False,nan,0.4306034483015537,1040.734313543886,nan,1041.1649169921875,nan,nan
47,80,127,unlabeled,False,nan,0.54133310765028,1046.4785643532873,nan,1047.0198974609375,nan,nan
47,81,128,unlabeled,False,nan,0.7941401979327202,1050.5762211301924,nan,1051.370361328125,nan,nan
47,82,129,unlabeled,False,nan,0.7321513250470162,1055.7000996515155,nan,1056.4322509765625,nan,nan
47,83,130,unlabeled,False,nan,0.6248842015862465,1057.8372740015388,nan,1058.462158203125,nan,nan
47,84,131,unlabeled,False,nan,0.5193721234798432,1060.8108280718327,nan,1061.3302001953125,nan,nan
47,85,132,unlabeled,False,nan,0.44693211615085604,1062.412198743224,nan,1062.859130859375,nan,nan
47,86,133,unlabeled,False,nan,0.39314364187419415,1065.0618124128132,nan,1065.4549560546875,nan,nan
48,44,92,unlabeled,False,nan,0.3124552654009312,728.0136555744429,nan,728.3261108398438,nan,nan
48,45,93,unlabeled,False,nan,0.29142933457158504,743.5434705677721,nan,743.8348999023438,nan,nan
48,46,94,unlabeled,False,nan,0.37914598554372786,761.4413496199251,nan,761.8204956054688,nan,nan
48,47,95,unlabeled,False,nan,0.3498799828439951,776.0240213843435,nan,776.3739013671875,nan,nan
48,48,96,unlabeled,False,nan,0.34932704642415047,792.9173965863883,nan,793.2667236328125,nan,nan
48,85,133,unlabeled,False,nan,0.417985797226429,1079.976911663711,nan,1080.3948974609375,nan,nan
48,86,134,unlabeled,False,nan,0.3533061590045691,1083.2146870050578,nan,1083.5679931640625,nan,nan
48,87,135,unlabeled,False,nan,0.2684133509825915,1084.5522653599548,nan,1084.8206787109375,nan,nan
49,46,95,unlabeled,False,nan,0.2751877737976611,759.2033888863585,nan,759.4785766601562,nan,nan
49,47,96,unlabeled,False,nan,0.17783536224160343,774.5744839736959,nan,774.7523193359375,nan,nan
49,48,97,unlabeled,False,nan,0.1372008794732392,791.9511780267768,nan,792.08837890625,nan,nan
49,49,98,unlabeled,False,nan,-0.1276085436111316,806.4670250475174,nan,806.3394165039062,nan,nan
49,84,133,unlabeled,False,nan,0.3544687137752771,1092.9267812862247,nan,1093.28125,nan,nan
49,85,134,unlabeled,False,nan,0.31904434591531755,1095.0422837790848,nan,1095.361328125,nan,nan
49,86,135,unlabeled,False,nan,0.3009065071493387,1098.271969469413,nan,1098.5728759765625,nan,nan
49,87,136,unlabeled,False,nan,0.2251267905998975,1100.1668409828376,nan,1100.3919677734375,nan,nan
49,88,137,unlabeled,False,nan,0.17698527168715372,1103.125260822063,nan,1103.30224609375,nan,nan
50,47,97,unlabeled,False,nan,0.1719972505280748,774.5684812650969,nan,774.740478515625,nan,nan
50,48,98,unlabeled,False,nan,0.1184296211763285,792.6801543631987,nan,792.798583984375,nan,nan
50,49,99,unlabeled,False,nan,-0.04685430441051722,807.618753718473,nan,807.5718994140625,nan,nan
50,53,103,unlabeled,False,nan,0.3167257312685251,859.1327981945127,nan,859.4495239257812,nan,nan
50,86,136,unlabeled,False,nan,0.3447743746638298,1114.6507090237737,nan,1114.9954833984375,nan,nan
50,87,137,unlabeled,False,nan,0.2487886618450284,1116.6109525490924,nan,1116.8597412109375,nan,nan
50,88,138,unlabeled,False,nan,0.20550944622140377,1120.165218092841,nan,1120.3707275390625,nan,nan
50,89,139,unlabeled,False,nan,0.05358869516057894,1121.9864503673393,nan,1122.0400390625,nan,nan
50,90,140,unlabeled,False,nan,-0.15235595727339388,1125.4254272463359,nan,1125.2730712890625,nan,nan
51,48,99,unlabeled,False,nan,-0.047596100308001044,788.781482819058,nan,788.73388671875,nan,nan
51,49,100,unlabeled,False,nan,-0.19011799684725703,804.328728836691,nan,804.1386108398438,nan,nan
51,50,101,unlabeled,False,nan,-0.18322960853110998,821.4513570499373,nan,821.2681274414062,nan,nan
51,51,102,unlabeled,False,nan,-0.21277742378413678,834.1165860175341,nan,833.90380859375,nan,nan
51,52,103,unlabeled,False,nan,0.07091144438367337,847.6124992001476,nan,847.6834106445312,nan,nan
51,53,104,unlabeled,False,nan,0.011503679289016872,858.6592726878985,nan,858.6707763671875,nan,nan
51,87,138,unlabeled,False,nan,0.27211280941963195,1128.4609194171428,nan,1128.7330322265625,nan,nan
51,88,139,unlabeled,False,nan,0.20278247367590665,1132.0704108856992,nan,1132.273193359375,nan,nan
51,89,140,unlabeled,False,nan,-0.02552276518428698,1134.4638772573717,nan,1134.4383544921875,nan,nan
51,90,141,unlabeled,False,nan,-0.2551118554361165,1138.001205605436,nan,1137.74609375,nan,nan
51,91,142,unlabeled,False,nan,-0.4222852644696832,1139.7595655379073,nan,1139.3372802734375,nan,nan
52,48,100,unlabeled,False,nan,0.0257154862745665,786.606486662163,nan,786.6322021484375,nan,nan
52,49,101,unlabeled,False,nan,-0.08420996797969565,802.328899909386,nan,802.2446899414062,nan,nan
52,50,102,unlabeled,False,nan,-0.045817444026470186,820.0495405885578,nan,820.0037231445312,nan,nan
52,51,103,unlabeled,False,nan,-0.025111631373874843,833.0857195415301,nan,833.0606079101562,nan,nan
52,55,107,unlabeled,False,nan,0.2744867108017206,883.6884039141983,nan,883.962890625,nan,nan
52,89,141,unlabeled,False,nan,-0.1652037268690765,1148.1147886878066,nan,1147.9495849609375,nan,nan
52,90,142,unlabeled,False,nan,-0.45413275450468066,1152.253815371692,nan,1151.7996826171875,nan,nan
52,91,143,unlabeled,False,nan,-0.6230791108310223,1154.2503984467685,nan,1153.6273193359375,nan,nan
52,92,144,unlabeled,False,nan,-0.8062981694936753,1157.8720940679311,nan,1157.0657958984375,nan,nan
52,93,145,unlabeled,False,nan,-0.7721951273083687,1159.4125759866834,nan,1158.640380859375,nan,nan
52,94,146,unlabeled,False,nan,-0.7833499240875245,1162.6676272678376,nan,1161.88427734375,nan,nan
53,50,103,unlabeled,False,nan,-0.08043082550633698,815.5216539700376,nan,815.4412231445312,nan,nan
53,51,104,unlabeled,False,nan,-0.0800931282620877,829.1955106087308,nan,829.1154174804688,nan,nan
53,52,105,unlabeled,False,nan,0.11695866241119802,844.4552459274325,nan,844.5722045898438,nan,nan
53,53,106,unlabeled,False,nan,0.057332691939082,857.0285437729046,nan,857.0858764648438,nan,nan
53,54,107,unlabeled,False,nan,0.2078709864988923,871.0257105564699,nan,871.2335815429688,nan,nan
53,55,108,unlabeled,False,nan,0.1249331333162263,882.5484677455901,nan,882.6734008789062,nan,nan
53,90,143,unlabeled,False,nan,-0.5681054024398327,1163.6674706368149,nan,1163.099365234375,nan,nan
53,91,144,unlabeled,False,nan,-0.6680676519870759,1166.2126233160495,nan,1165.5445556640625,nan,nan
53,92,145,unlabeled,False,nan,-0.7689367854595184,1169.9373938167096,nan,1169.16845703125,nan,nan
53,93,146,unlabeled,False,nan,-0.6527309161424637,1172.313985798955,nan,1171.6612548828125,nan,nan
53,94,147,unlabeled,False,nan,-0.6540980404615402,1175.9475550717116,nan,1175.29345703125,nan,nan
53,95,148,unlabeled,False,nan,-0.5034747409820557,1178.139705209732,nan,1177.63623046875,nan,nan
54,50,104,unlabeled,False,nan,0.029962792857550085,813.0735528321425,nan,813.103515625,nan,nan
54,51,105,unlabeled,False,nan,0.03732252292567864,826.9476017934805,nan,826.9849243164062,nan,nan
54,52,106,unlabeled,False,nan,0.16885363032110035,842.9502259595226,nan,843.1190795898438,nan,nan
54,53,107,unlabeled,False,nan,0.15068816115148365,855.9357376200985,nan,856.08642578125,nan,nan
54,57,111,unlabeled,False,nan,0.07153093935921788,908.4257835137657,nan,908.497314453125,nan,nan
54,93,147,unlabeled,False,nan,-0.5490384565293789,1186.679287479967,nan,1186.1302490234375,nan,nan
54,94,148,unlabeled,False,nan,-0.5354716280102729,1190.9132792451978,nan,1190.3778076171875,nan,nan
54,95,149,unlabeled,False,nan,-0.4152576028555632,1193.199559360668,nan,1192.7843017578125,nan,nan
54,96,150,unlabeled,False,nan,-0.3898020990565419,1197.1029368646816,nan,1196.713134765625,nan,nan
55,52,107,unlabeled,False,nan,0.10791024802718312,838.2182005918165,nan,838.3261108398438,nan,nan
55,53,108,unlabeled,False,nan,0.06627734152833,851.9287177756592,nan,851.9949951171875,nan,nan
55,54,109,unlabeled,False,nan,0.11279161415994167,867.6586317256838,nan,867.7714233398438,nan,nan
55,55,110,unlabeled,False,nan,0.023726135187316685,880.846452087469,nan,880.8701782226562,nan,nan
55,56,111,unlabeled,False,nan,0.027177889473969118,895.5785350011511,nan,895.605712890625,nan,nan
55,57,112,unlabeled,False,nan,-0.07009868567809463,907.3141172403656,nan,907.2440185546875,nan,nan
55,60,115,unlabeled,False,nan,-0.10375423146411776,944.6139471025579,nan,944.5101928710938,nan,nan
55,61,116,unlabeled,False,nan,-0.06049037586897612,955.171574360244,nan,955.111083984375,nan,nan
55,94,149,unlabeled,False,nan,-0.1633531298302114,1202.8817369188928,nan,1202.7183837890625,nan,nan
55,95,150,unlabeled,False,nan,-0.14692724623717368,1205.8684848634248,nan,1205.7215576171875,nan,nan
55,96,151,unlabeled,False,nan,-0.17051466680830343,1209.9304023621207,nan,1209.7598876953125,nan,nan
55,97,152,unlabeled,False,nan,-0.15573081138078124,1212.5806575691934,nan,1212.4249267578125,nan,nan
56,52,108,unlabeled,False,nan,0.14107040252303704,835.5343446365395,nan,835.6754150390625,nan,nan
56,53,109,unlabeled,False,nan,0.11318410662468523,849.6468256590003,nan,849.760009765625,nan,nan
56,54,110,unlabeled,False,nan,0.09895138417370618,866.2282580884826,nan,866.3272094726562,nan,nan
56,55,111,unlabeled,False,nan,0.019554710690863432,879.8926156994654,nan,879.9121704101562,nan,nan
56,56,112,unlabeled,False,nan,-0.08750120021402835,895.8224865517765,nan,895.7349853515625,nan,nan
56,57,113,unlabeled,False,nan,-0.11202419121284038,907.8989504607441,nan,907.7869262695312,nan,nan
56,59,115,unlabeled,False,nan,-0.16182746194303035,933.1577381064743,nan,932.9959106445312,nan,nan
56,60,116,unlabeled,False,nan,-0.22878901913762092,946.8663622613251,nan,946.6375732421875,nan,nan
56,62,118,unlabeled,False,nan,-0.19647252827882766,970.8054813173413,nan,970.6090087890625,nan,nan
56,95,151,unlabeled,False,nan,0.11245390704832971,1219.8274874992017,nan,1219.93994140625,nan,nan
56,96,152,unlabeled,False,nan,0.05220890421420336,1224.4918584785983,nan,1224.5440673828125,nan,nan
56,97,153,unlabeled,False,nan,0.011164217493496836,1227.302190274694,nan,1227.3133544921875,nan,nan
56,98,154,unlabeled,False,nan,-0.010330701866187154,1231.6562047253037,nan,1231.6458740234375,nan,nan
56,99,155,unlabeled,False,nan,-0.049458862114697695,1234.2059530027398,nan,1234.156494140625,nan,nan
57,56,113,unlabeled,False,nan,-0.12063960473518819,891.9771459523914,nan,891.8565063476562,nan,nan
57,57,114,unlabeled,False,nan,-0.18369470339268446,905.1579989026114,nan,904.9743041992188,nan,nan
57,58,115,unlabeled,False,nan,-0.19360765356570483,919.7418864621594,nan,919.5482788085938,nan,nan
57,59,116,unlabeled,False,nan,-0.21190234595909715,931.8055302756466,nan,931.5936279296875,nan,nan
57,60,117,unlabeled,False,nan,-0.17330625098198651,945.8619048837945,nan,945.6885986328125,nan,nan
57,61,118,unlabeled,False,nan,-0.17086869729682802,957.3621528769843,nan,957.1912841796875,nan,nan
57,62,119,unlabeled,False,nan,-0.15062272403389215,970.6764405951276,nan,970.5258178710938,nan,nan
57,63,120,unlabeled,False,nan,-0.16007688894867897,981.3574035491049,nan,981.1973266601562,nan,nan
57,64,121,unlabeled,False,nan,-0.17049311071634293,994.0110082474351,nan,993.8405151367188,nan,nan
57,65,122,unlabeled,False,nan,-0.172682859711349,1004.4522849104926,nan,1004.2796020507812,nan,nan
57,66,123,unlabeled,False,nan,-0.18151590082794428,1016.7062351391091,nan,1016.5247192382812,nan,nan
57,96,153,unlabeled,False,nan,0.19254213776439427,1236.0348748544232,nan,1236.2274169921875,nan,nan
57,97,154,unlabeled,False,nan,0.07198209178168327,1239.5312893925934,nan,1239.603271484375,nan,nan
57,98,155,unlabeled,False,nan,0.0422788137383759,1244.000079584699,nan,1244.0423583984375,nan,nan
57,99,156,unlabeled,False,nan,-0.07442156363278628,1247.1576735167578,nan,1247.083251953125,nan,nan
57,100,157,unlabeled,False,nan,-0.06936798467766493,1251.1999832190527,nan,1251.130615234375,nan,nan
58,56,114,unlabeled,False,nan,-0.2061669211834669,890.112050710246,nan,889.9058837890625,nan,nan
58,57,115,unlabeled,False,nan,-0.1924597369879484,903.7159582721442,nan,903.5234985351562,nan,nan
58,58,116,unlabeled,False,nan,-0.25546970378607514,919.9571908951923,nan,919.7017211914062,nan,nan
58,59,117,unlabeled,False,nan,-0.19781052412465214,932.0875810319371,nan,931.8897705078125,nan,nan
58,60,118,unlabeled,False,nan,-0.23821961041539907,946.9262078916654,nan,946.68798828125,nan,nan
58,61,119,unlabeled,False,nan,-0.17578705765306948,958.7627011201531,nan,958.5869140625,nan,nan
58,62,120,unlabeled,False,nan,-0.24558779992163182,972.8278631905466,nan,972.582275390625,nan,nan
58,63,121,unlabeled,False,nan,-0.20264474634081125,983.6780475783721,nan,983.4754028320312,nan,nan
58,64,122,unlabeled,False,nan,-0.31940557569265365,997.0913171967863,nan,996.7719116210938,nan,nan
58,65,123,unlabeled,False,nan,-0.253620593175292,1007.5805248900502,nan,1007.326904296875,nan,nan
58,66,124,unlabeled,False,nan,-0.3404312612861395,1020.4218521597236,nan,1020.0814208984375,nan,nan
58,67,125,unlabeled,False,nan,-0.23019493706524372,1030.2505806792528,nan,1030.0203857421875,nan,nan
58,96,154,unlabeled,False,nan,0.40051855742931364,1249.5159853488208,nan,1249.91650390625,nan,nan
58,98,156,unlabeled,False,nan,0.2266801916435361,1258.0533491052315,nan,1258.280029296875,nan,nan
58,99,157,unlabeled,False,nan,0.022711800506804138,1261.3128594885557,nan,1261.3355712890625,nan,nan
58,100,158,unlabeled,False,nan,0.05315907287877053,1265.8516260833712,nan,1265.90478515625,nan,nan
58,101,159,unlabeled,False,nan,-0.10685686341486872,1268.6979213165398,nan,1268.591064453125,nan,nan
58,102,160,unlabeled,False,nan,-0.053084381849039346,1272.892439850599,nan,1272.83935546875,nan,nan
59,65,124,unlabeled,False,nan,-0.3400905907899141,1008.0098903954774,nan,1007.6697998046875,nan,nan
59,66,125,unlabeled,False,nan,-0.3062658344954252,1020.8696813618392,nan,1020.5634155273438,nan,nan
59,67,126,unlabeled,False,nan,-0.30964803256094453,1031.315507407561,nan,1031.005859375,nan,nan
59,68,127,unlabeled,False,nan,-0.21989624619483947,1043.4496325743198,nan,1043.229736328125,nan,nan
59,99,158,unlabeled,False,nan,-0.08699105092557147,1273.2349402696755,nan,1273.14794921875,nan,nan
59,100,159,unlabeled,False,nan,-0.0474434770969674,1277.8273507036595,nan,1277.7799072265625,nan,nan
59,101,160,unlabeled,False,nan,-0.19903310108929873,1281.2363866167143,nan,1281.037353515625,nan,nan
59,102,161,unlabeled,False,nan,-0.14623377084732056,1285.525017950535,nan,1285.3787841796875,nan,nan
60,66,126,unlabeled,False,nan,-0.3755247188359499,1023.518346984461,nan,1023.142822265625,nan,nan
60,67,127,unlabeled,False,nan,-0.2901455803960562,1033.9704434319585,nan,1033.6802978515625,nan,nan
60,68,128,unlabeled,False,nan,-0.3168069718033075,1046.7425882218033,nan,1046.42578125,nan,nan
60,69,129,unlabeled,False,nan,-0.15898527834564447,1056.5881844970957,nan,1056.42919921875,nan,nan
60,101,161,unlabeled,False,nan,-0.14579813931137323,1294.8086399361864,nan,1294.662841796875,nan,nan
60,102,162,unlabeled,False,nan,0.03462952312314883,1299.5303118831268,nan,1299.56494140625,nan,nan
60,103,163,unlabeled,False,nan,-0.19902138195931912,1302.6539774366468,nan,1302.4549560546875,nan,nan
60,104,164,unlabeled,False,nan,-0.09101709715090692,1306.8579848705883,nan,1306.7669677734375,nan,nan
61,67,128,unlabeled,False,nan,-0.35716597497463226,1033.7446171468496,nan,1033.387451171875,nan,nan
61,68,129,unlabeled,False,nan,-0.22067588657140733,1046.5176729568839,nan,1046.2969970703125,nan,nan
61,69,130,unlabeled,False,nan,-0.18860774046741427,1057.0340667248424,nan,1056.845458984375,nan,nan
61,70,131,unlabeled,False,nan,-0.09966307432390749,1069.2931445196364,nan,1069.1934814453125,nan,nan
61,71,132,unlabeled,False,nan,-0.04647899152711034,1079.2668159055895,nan,1079.2203369140625,nan,nan
61,101,162,unlabeled,False,nan,-0.3657945875823498,1305.9267076735198,nan,1305.5609130859375,nan,nan
61,102,163,unlabeled,False,nan,-0.2118608195334673,1310.772285624221,nan,1310.5604248046875,nan,nan
61,103,164,unlabeled,False,nan,-0.3225024462491274,1314.318840336874,nan,1313.996337890625,nan,nan
61,104,165,unlabeled,False,nan,-0.22691849738359451,1318.6292622473836,nan,1318.40234375,nan,nan
62,68,130,unlabeled,False,nan,-0.27166060723364355,1048.483940880671,nan,1048.2122802734375,nan,nan
62,69,131,unlabeled,False,nan,-0.1412244713655673,1059.0435682213656,nan,1058.90234375,nan,nan
62,70,132,unlabeled,False,nan,-0.18174472086131574,1071.979474213049,nan,1071.7977294921875,nan,nan
62,71,133,unlabeled,False,nan,-0.09261998696252703,1082.00070104165,nan,1081.9080810546875,nan,nan
62,72,134,unlabeled,False,nan,-0.22910689063370226,1094.413799273446,nan,1094.1846923828125,nan,nan
62,103,165,unlabeled,False,nan,-0.23304179526865482,1326.8956394515187,nan,1326.66259765625,nan,nan
62,104,166,unlabeled,False,nan,0.0038574681128375234,1331.6492187037622,nan,1331.653076171875,nan,nan
62,105,167,unlabeled,False,nan,-0.2642375472933054,1334.7967082504183,nan,1334.532470703125,nan,nan
62,106,168,unlabeled,False,nan,-0.13011236631311476,1339.0472266241256,nan,1338.9171142578125,nan,nan
63,70,133,unlabeled,False,nan,-0.08643818284384906,1071.455090526594,nan,1071.36865234375,nan,nan
63,71,134,unlabeled,False,nan,-0.039208191545913,1082.0335929571709,nan,1081.994384765625,nan,nan
63,72,135,unlabeled,False,nan,-0.10050688558258117,1094.50565825277,nan,1094.4051513671875,nan,nan
63,73,136,unlabeled,False,nan,-0.05344237146549858,1104.549902332403,nan,1104.4964599609375,nan,nan
63,103,166,unlabeled,False,nan,-0.3643078152835369,1337.312916213721,nan,1336.9486083984375,nan,nan
63,104,167,unlabeled,False,nan,-0.2182996828109026,1342.2772596437485,nan,1342.0589599609375,nan,nan
63,105,168,unlabeled,False,nan,-0.3484572795778513,1345.8731154827028,nan,1345.524658203125,nan,nan
63,106,169,unlabeled,False,nan,-0.28054074428975584,1350.3366930880397,nan,1350.05615234375,nan,nan
64,71,135,unlabeled,False,nan,-0.059142942195758226,1083.8452757546956,nan,1083.7861328125,nan,nan
64,72,136,unlabeled,False,nan,-0.16225924181751908,1096.8919955699425,nan,1096.729736328125,nan,nan
64,73,137,unlabeled,False,nan,-0.08379580705426633,1106.9933417054917,nan,1106.9095458984375,nan,nan
64,74,138,unlabeled,False,nan,-0.2432324630767107,1119.6074902755768,nan,1119.3642578125,nan,nan
64,75,139,unlabeled,False,nan,-0.10244006955064833,1129.4478990539255,nan,1129.345458984375,nan,nan
64,105,169,unlabeled,False,nan,-0.17376576717942954,1357.9577013140545,nan,1357.783935546875,nan,nan
64,106,170,unlabeled,False,nan,0.026620386007707567,1362.9106354733674,nan,1362.937255859375,nan,nan
65,72,137,unlabeled,False,nan,-0.025343211332801728,1095.9937270003952,nan,1095.9683837890625,nan,nan
65,73,138,unlabeled,False,nan,0.05883938574232161,1106.62389987207,nan,1106.6827392578125,nan,nan
65,74,139,unlabeled,False,nan,-0.028829812847543507,1119.349020242535,nan,1119.3201904296875,nan,nan
65,104,169,unlabeled,False,nan,-0.08252046927809716,1363.5904550395906,nan,1363.5079345703125,nan,nan
65,105,170,unlabeled,False,nan,-0.24816226176917552,1367.9387140195818,nan,1367.6905517578125,nan,nan
65,106,171,unlabeled,False,nan,-0.182560996748507,1373.152653770186,nan,1372.9700927734375,nan,nan
66,73,139,unlabeled,False,nan,-0.023975132831837984,1108.1429936875193,nan,1108.1190185546875,nan,nan
66,74,140,unlabeled,False,nan,-0.12946527912281452,1121.4490453572478,nan,1121.319580078125,nan,nan
66,75,141,unlabeled,False,nan,0.026608985364437104,1131.921266991198,nan,1131.9478759765625,nan,nan
66,76,142,unlabeled,False,nan,-0.15309085175395012,1144.8850244455039,nan,1144.73193359375,nan,nan
66,104,170,unlabeled,False,nan,0.27942525371909144,1374.1987241603433,nan,1374.4781494140625,nan,nan
66,105,171,unlabeled,False,nan,-0.006170472772791982,1378.7539732071477,nan,1378.747802734375,nan,nan
66,106,172,unlabeled,False,nan,0.2546241267770529,1384.3689110294729,nan,1384.62353515625,nan,nan
67,73,140,unlabeled,False,nan,0.08983453108230606,1106.6512543361052,nan,1106.7410888671875,nan,nan
67,74,141,unlabeled,False,nan,0.01299597451929003,1120.0975997286057,nan,1120.110595703125,nan,nan
67,75,142,unlabeled,False,nan,0.2071056490764022,1131.0619373196737,nan,1131.26904296875,nan,nan
67,76,143,unlabeled,False,nan,0.10943966208957136,1144.0927087754105,nan,1144.2021484375,nan,nan
67,105,172,unlabeled,False,nan,-0.1442645043320954,1387.397682473082,nan,1387.25341796875,nan,nan
67,106,173,unlabeled,False,nan,0.030081986328586937,1393.2257773886713,nan,1393.255859375,nan,nan
67,107,174,unlabeled,False,nan,-0.20842671528458595,1397.963187457472,nan,1397.7547607421875,nan,nan
67,108,175,unlabeled,False,nan,0.011383814553264529,1403.3299247791967,nan,1403.34130859375,nan,nan
67,109,176,unlabeled,False,nan,-0.30399576693773267,1407.7379557278753,nan,1407.4339599609375,nan,nan
68,75,143,unlabeled,False,nan,0.01330124941188842,1132.2038618365257,nan,1132.2171630859375,nan,nan
68,76,144,unlabeled,False,nan,-0.11982520113233477,1145.8013437558197,nan,1145.6815185546875,nan,nan
68,77,145,unlabeled,False,nan,0.18923565659672023,1156.1830787965282,nan,1156.372314453125,nan,nan
68,105,173,unlabeled,False,nan,0.1008593288064003,1396.8180859836937,nan,1396.9189453125,nan,nan
68,106,174,unlabeled,False,nan,0.41243322774767877,1403.1134456785023,nan,1403.52587890625,nan,nan
68,107,175,unlabeled,False,nan,0.030321049473714085,1408.0695324661513,nan,1408.099853515625,nan,nan
68,108,176,unlabeled,False,nan,0.3201447628438473,1413.929366955906,nan,1414.24951171875,nan,nan
68,109,177,unlabeled,False,nan,-0.06758943014079705,1418.4801870863907,nan,1418.41259765625,nan,nan
68,110,178,unlabeled,False,nan,0.3242984840646386,1423.8048519065603,nan,1424.129150390625,nan,nan
69,75,144,unlabeled,False,nan,0.24931238908320666,1130.3549356577919,nan,1130.604248046875,nan,nan
69,76,145,unlabeled,False,nan,0.12806412580423057,1144.1033811866957,nan,1144.2314453125,nan,nan
69,77,146,unlabeled,False,nan,0.502869894206524,1154.9060656526685,nan,1155.408935546875,nan,nan
69,80,149,unlabeled,False,nan,0.6634489303827286,1192.5065950149299,nan,1193.1700439453125,nan,nan
69,81,150,unlabeled,False,nan,0.1564006859064102,1203.4019489234686,nan,1203.558349609375,nan,nan
69,108,177,unlabeled,False,nan,0.07142791844438762,1422.203108214368,nan,1422.2745361328125,nan,nan
69,109,178,unlabeled,False,nan,-0.2542026316747069,1427.2533481394871,nan,1426.9991455078125,nan,nan
69,110,179,unlabeled,False,nan,0.00875894267577678,1432.7972713307618,nan,1432.8060302734375,nan,nan
69,111,180,unlabeled,False,nan,-0.21173326445743443,1437.397646350395,nan,1437.1859130859375,nan,nan
69,112,181,unlabeled,False,nan,0.2225014208443463,1442.4421714307182,nan,1442.6646728515625,nan,nan
69,113,182,unlabeled,False,nan,0.07174465540098027,1446.6730063211614,nan,1446.7447509765625,nan,nan
69,114,183,unlabeled,False,nan,0.32792053163051604,1451.608480835557,nan,1451.9364013671875,nan,nan
70,76,146,unlabeled,False,nan,-0.0538759373978246,1144.8395204686478,nan,1144.78564453125,nan,nan
70,77,147,unlabeled,False,nan,0.27104299679398536,1155.809523409456,nan,1156.08056640625,nan,nan
70,78,148,unlabeled,False,nan,0.19387140713632106,1169.9003668741136,nan,1170.09423828125,nan,nan
70,79,149,unlabeled,False,nan,0.7188346835970879,1180.8472053554653,nan,1181.5660400390625,nan,nan
70,80,150,unlabeled,False,nan,0.507157560735941,1194.4893024002015,nan,1194.9964599609375,nan,nan
70,83,153,unlabeled,False,nan,0.22264296226203442,1227.083753522113,nan,1227.306396484375,nan,nan
70,109,179,unlabeled,False,nan,0.08105469826608896,1436.6333007704839,nan,1436.71435546875,nan,nan
70,110,180,unlabeled,False,nan,0.3977010858058929,1442.6700479376316,nan,1443.0677490234375,nan,nan
70,111,181,unlabeled,False,nan,0.07105691668111831,1447.458484098944,nan,1447.529541015625,nan,nan
70,112,182,unlabeled,False,nan,0.4748407997190952,1453.103284200281,nan,1453.578125,nan,nan
70,113,183,unlabeled,False,nan,0.22752966810017825,1457.4637545115872,nan,1457.6912841796875,nan,nan
70,114,184,unlabeled,False,nan,0.5624388365447521,1462.8388062806428,nan,1463.4012451171875,nan,nan
70,115,185,unlabeled,False,nan,0.3998743308335543,1466.9610875832288,nan,1467.3609619140625,nan,nan
70,116,186,unlabeled,False,nan,0.6533519488573074,1472.1280201214552,nan,1472.7813720703125,nan,nan
71,76,147,unlabeled,False,nan,0.23945631742477416,1141.9551237607002,nan,1142.194580078125,nan,nan
71,77,148,unlabeled,False,nan,0.5079217205941677,1153.5988898028434,nan,1154.1068115234375,nan,nan
71,78,149,unlabeled,False,nan,0.4548779720067978,1167.8274706608056,nan,1168.2823486328125,nan,nan
71,79,150,unlabeled,False,nan,0.7985324263572693,1179.4423123002052,nan,1180.2408447265625,nan,nan
71,80,151,unlabeled,False,nan,0.562171481102705,1193.2410511751473,nan,1193.80322265625,nan,nan
71,81,152,unlabeled,False,nan,0.10089727672748268,1204.6744933482726,nan,1204.775390625,nan,nan
71,83,154,unlabeled,False,nan,0.24961237370967865,1227.0780243450404,nan,1227.32763671875,nan,nan
71,111,182,unlabeled,False,nan,-0.1680200220644474,1455.3804223658144,nan,1455.21240234375,nan,nan
71,113,184,unlabeled,False,nan,0.06909669090528041,1465.9650829965947,nan,1466.0341796875,nan,nan
71,114,185,unlabeled,False,nan,0.3582914480566978,1471.5003511300683,nan,1471.858642578125,nan,nan
71,115,186,unlabeled,False,nan,0.34700442038476464,1476.0288500718027,nan,1476.3758544921875,nan,nan
71,116,187,unlabeled,False,nan,0.6196279655396938,1481.2845468391479,nan,1481.9041748046875,nan,nan
72,79,151,unlabeled,False,nan,0.67335120677948,1179.847278676033,nan,1180.5206298828125,nan,nan
72,80,152,unlabeled,False,nan,0.43891975566744806,1194.15129020527,nan,1194.5902099609375,nan,nan
72,81,153,unlabeled,False,nan,0.07327983227092773,1205.6493764177292,nan,1205.72265625,nan,nan
72,82,154,unlabeled,False,nan,0.02671499773976393,1219.2358582444476,nan,1219.2625732421875,nan,nan
72,83,155,unlabeled,False,nan,0.1361478273011744,1228.8605562742614,nan,1228.9967041015625,nan,nan
72,85,157,unlabeled,False,nan,0.06962272580713033,1249.5592835241928,nan,1249.62890625,nan,nan
72,115,187,unlabeled,False,nan,0.49051900893449785,1486.0541587254404,nan,1486.544677734375,nan,nan
72,116,188,unlabeled,False,nan,0.7586787062883377,1491.8943974655867,nan,1492.653076171875,nan,nan
72,117,189,unlabeled,False,nan,0.6862183812260628,1496.0165404078364,nan,1496.7027587890625,nan,nan
72,118,190,unlabeled,False,nan,0.6880282691121101,1501.722127980888,nan,1502.41015625,nan,nan
72,119,191,unlabeled,False,nan,0.5771329241991043,1506.292495982051,nan,1506.86962890625,nan,nan
73,80,153,unlabeled,False,nan,0.4560425775498152,1191.9748656255751,nan,1192.430908203125,nan,nan
73,81,154,unlabeled,False,nan,0.008355495787691325,1204.2935243870247,nan,1204.3018798828125,nan,nan
73,82,155,unlabeled,False,nan,0.00833983221789822,1217.9499121209071,nan,1217.958251953125,nan,nan
73,83,156,unlabeled,False,nan,0.13489802706986664,1228.0239154494927,nan,1228.1588134765625,nan,nan
73,85,158,unlabeled,False,nan,0.13528116485103964,1249.2537569210865,nan,1249.3890380859375,nan,nan
73,115,188,unlabeled,False,nan,0.4039702270925045,1494.157431140095,nan,1494.5614013671875,nan,nan
73,116,189,unlabeled,False,nan,0.6938433596491813,1500.1441693356633,nan,1500.8380126953125,nan,nan
73,117,190,unlabeled,False,nan,0.6572674569487572,1504.8213702383637,nan,1505.4786376953125,nan,nan
73,118,191,unlabeled,False,nan,0.6295592966675758,1510.52608035177,nan,1511.1556396484375,nan,nan
73,119,192,unlabeled,False,nan,0.49849876031279566,1515.4846555365623,nan,1515.983154296875,nan,nan
73,120,193,unlabeled,False,nan,0.37970773942768576,1521.5001750730723,nan,1521.8798828125,nan,nan
74,82,156,unlabeled,False,nan,0.04456679946510121,1218.6520884739723,nan,1218.6966552734375,nan,nan
74,83,157,unlabeled,False,nan,0.10654884536284953,1228.8564638499497,nan,1228.9630126953125,nan,nan
74,84,158,unlabeled,False,nan,0.13513893225230278,1240.9630055989976,nan,1241.09814453125,nan,nan
74,85,159,unlabeled,False,nan,0.11625563415698707,1250.6338664361556,nan,1250.7501220703125,nan,nan
74,87,161,unlabeled,False,nan,0.06999170706607401,1271.8886264569965,nan,1271.9586181640625,nan,nan
74,115,189,unlabeled,False,nan,0.5188281887769699,1503.3704540377855,nan,1503.8892822265625,nan,nan
74,118,192,unlabeled,False,nan,0.5749344910681248,1521.1444258604943,nan,1521.7193603515625,nan,nan
74,119,193,unlabeled,False,nan,0.39182631447911265,1525.8961375527083,nan,1526.2879638671875,nan,nan
74,120,194,unlabeled,False,nan,0.29666869796812534,1532.4187854035945,nan,1532.7154541015625,nan,nan
74,121,195,unlabeled,False,nan,0.14671185669023543,1536.7812666589348,nan,1536.927978515625,nan,nan
74,122,196,unlabeled,False,nan,0.09650254244450479,1542.6786439419304,nan,1542.775146484375,nan,nan
75,82,157,unlabeled,False,nan,0.0886467605130747,1216.5027839035495,nan,1216.5914306640625,nan,nan
75,83,158,unlabeled,False,nan,0.11998801611829549,1227.1966623745068,nan,1227.316650390625,nan,nan
75,84,159,unlabeled,False,nan,0.15132344137877227,1239.3806589804963,nan,1239.531982421875,nan,nan
75,85,160,unlabeled,False,nan,0.14833635818213226,1249.4841099308803,nan,1249.6324462890625,nan,nan
75,87,162,unlabeled,False,nan,0.1570992862060666,1271.2004446591063,nan,1271.3575439453125,nan,nan
75,119,194,unlabeled,False,nan,0.23284612849354744,1534.224307191819,nan,1534.4571533203125,nan,nan
75,120,195,unlabeled,False,nan,0.14066442287527026,1540.8097750302497,nan,1540.950439453125,nan,nan
75,121,196,unlabeled,False,nan,0.037779609087156135,1545.6460582815378,nan,1545.683837890625,nan,nan
75,122,197,unlabeled,False,nan,0.01456647077749949,1551.592977474535,nan,1551.6075439453125,nan,nan
75,123,198,unlabeled,False,nan,-0.06877744117984548,1556.4465850583674,nan,1556.3778076171875,nan,nan
75,124,199,unlabeled,False,nan,-0.09189898058772088,1562.2879439024628,nan,1562.196044921875,nan,nan
76,84,160,unlabeled,False,nan,0.12386907105101272,1239.8330401086364,nan,1239.9569091796875,nan,nan
76,85,161,unlabeled,False,nan,0.11616789367981255,1249.9999209735076,nan,1250.1160888671875,nan,nan
76,86,162,unlabeled,False,nan,0.07114023767178879,1262.3340111295156,nan,1262.4051513671875,nan,nan
76,87,163,unlabeled,False,nan,0.10107436622958631,1272.1950682118954,nan,1272.296142578125,nan,nan
76,89,165,unlabeled,False,nan,0.12119068140164017,1293.9510749435983,nan,1294.072265625,nan,nan
76,121,197,unlabeled,False,nan,-0.0038502458576112984,1555.6787770036701,nan,1555.6749267578125,nan,nan
76,122,198,unlabeled,False,nan,0.017174413576722145,1562.1308968754859,nan,1562.1480712890625,nan,nan
76,123,199,unlabeled,False,nan,-0.06742644912097603,1567.0455758631836,nan,1566.9781494140625,nan,nan
76,124,200,unlabeled,False,nan,-0.06018816902767867,1573.3922194190277,nan,1573.33203125,nan,nan
76,125,201,unlabeled,False,nan,-0.22721227740868927,1577.9800198945961,nan,1577.7528076171875,nan,nan
76,126,202,unlabeled,False,nan,-0.3335980159789324,1583.8698528987914,nan,1583.5362548828125,nan,nan
77,84,161,unlabeled,False,nan,0.10783532578730956,1237.3460220960876,nan,1237.453857421875,nan,nan
77,85,162,unlabeled,False,nan,0.10539927089586854,1247.9175499478542,nan,1248.02294921875,nan,nan
77,86,163,unlabeled,False,nan,0.07515592211158946,1260.2917874372633,nan,1260.366943359375,nan,nan
77,87,164,unlabeled,False,nan,0.08094462171429768,1270.5638307689107,nan,1270.644775390625,nan,nan
77,88,165,unlabeled,False,nan,0.03279979251237819,1282.7607793090501,nan,1282.7935791015625,nan,nan
77,89,166,unlabeled,False,nan,0.07240257804282009,1292.7983249610197,nan,1292.8707275390625,nan,nan
77,121,198,unlabeled,False,nan,-0.11313629575073719,1563.6318130535633,nan,1563.5186767578125,nan,nan
77,123,200,unlabeled,False,nan,-0.1908876058831811,1575.6458436605708,nan,1575.4549560546875,nan,nan
77,124,201,unlabeled,False,nan,-0.17418837457895278,1582.039666890204,nan,1581.865478515625,nan,nan
77,125,202,unlabeled,False,nan,-0.3572516434639692,1587.1327643387765,nan,1586.7755126953125,nan,nan
77,126,203,unlabeled,False,nan,-0.3426802087575197,1592.918730013445,nan,1592.5760498046875,nan,nan
78,86,164,unlabeled,False,nan,0.03720624392153695,1260.298365045141,nan,1260.3355712890625,nan,nan
78,87,165,unlabeled,False,nan,0.007696411840151995,1270.6176697990973,nan,1270.6253662109375,nan,nan
78,88,166,unlabeled,False,nan,-0.08169451721943916,1283.2475880719069,nan,1283.1658935546875,nan,nan
78,89,167,unlabeled,False,nan,-0.08439931369386613,1293.346850485569,nan,1293.262451171875,nan,nan
78,91,169,unlabeled,False,nan,-0.133721684217453,1315.43853125453,nan,1315.3048095703125,nan,nan
78,125,203,unlabeled,False,nan,-0.36115559071302417,1597.268626293838,nan,1596.907470703125,nan,nan
78,126,204,unlabeled,False,nan,-0.2793942981213331,1603.4574948840589,nan,1603.1781005859375,nan,nan
78,127,205,unlabeled,False,nan,-0.18007438912987708,1606.609517748505,nan,1606.429443359375,nan,nan
78,128,206,unlabeled,False,nan,-0.07689505102927796,1611.0384429025917,nan,1610.9615478515625,nan,nan
78,129,207,unlabeled,False,nan,-0.15973842379637063,1614.003854634734,nan,1613.8441162109375,nan,nan
78,130,208,unlabeled,False,nan,-0.18734541460871695,1618.4330729536712,nan,1618.2457275390625,nan,nan
79,88,167,unlabeled,False,nan,-0.11641702633351088,1280.8771592138335,nan,1280.7607421875,nan,nan
79,89,168,unlabeled,False,nan,-0.13151884852908552,1291.3398928719666,nan,1291.2083740234375,nan,nan
79,90,169,unlabeled,False,nan,-0.2113422716781497,1303.6713032091782,nan,1303.4599609375,nan,nan
79,91,170,unlabeled,False,nan,-0.1966705035418272,1313.9370269488543,nan,1313.7403564453125,nan,nan
79,125,204,unlabeled,False,nan,-0.5587199364602565,1605.4323771630227,nan,1604.8736572265625,nan,nan
79,126,205,unlabeled,False,nan,-0.37637036576867106,1611.5356721235812,nan,1611.1593017578125,nan,nan
79,127,206,unlabeled,False,nan,-0.2153811427205801,1615.0929446192831,nan,1614.8775634765625,nan,nan
79,128,207,unlabeled,False,nan,-0.12700829290784896,1619.575738761658,nan,1619.44873046875,nan,nan
79,129,208,unlabeled,False,nan,-0.20054262099787593,1622.9293023866228,nan,1622.728759765625,nan,nan
79,130,209,unlabeled,False,nan,-0.22658818289637567,1627.381495409459,nan,1627.1549072265625,nan,nan
79,131,210,unlabeled,False,nan,-0.31858069125562904,1630.6504898709431,nan,1630.3319091796875,nan,nan
79,132,211,unlabeled,False,nan,-0.40996599674224854,1634.9545216608049,nan,1634.5445556640625,nan,nan
79,133,212,unlabeled,False,nan,-0.4725940589606762,1637.965147769898,nan,1637.4925537109375,nan,nan
79,134,213,unlabeled,False,nan,-0.5404955892264843,1641.986418440789,nan,1641.4459228515625,nan,nan
80,88,168,unlabeled,False,nan,-0.18083437221124768,1280.7462640597112,nan,1280.5654296875,nan,nan
80,89,169,unlabeled,False,nan,-0.15197517780587078,1291.186643146556,nan,1291.03466796875,nan,nan
80,90,170,unlabeled,False,nan,-0.21398945651948453,1303.827148636207,nan,1303.6131591796875,nan,nan
80,91,171,unlabeled,False,nan,-0.167273903042078,1314.0104135514796,nan,1313.8431396484375,nan,nan
80,93,173,unlabeled,False,nan,-0.16827823285013438,1336.32843448285,nan,1336.16015625,nan,nan
80,129,209,unlabeled,False,nan,-0.16623344687744976,1632.9582256343774,nan,1632.7919921875,nan,nan
80,130,210,unlabeled,False,nan,-0.17623216345906256,1637.7998893900215,nan,1637.6236572265625,nan,nan
80,131,211,unlabeled,False,nan,-0.24790784623473883,1640.9843580415472,nan,1640.7364501953125,nan,nan
80,132,212,unlabeled,False,nan,-0.30032231129705905,1645.6997363737971,nan,1645.3994140625,nan,nan
80,133,213,unlabeled,False,nan,-0.33650083251297475,1648.6906268090754,nan,1648.3541259765625,nan,nan
80,134,214,unlabeled,False,nan,-0.3931341899186373,1653.1765814555436,nan,1652.783447265625,nan,nan
80,135,215,unlabeled,False,nan,-0.34338703587651254,1655.832278637439,nan,1655.4888916015625,nan,nan
81,90,171,unlabeled,False,nan,-0.15357044698670508,1300.9487364626118,nan,1300.795166015625,nan,nan
81,91,172,unlabeled,False,nan,-0.09646439777221531,1311.6625044368348,nan,1311.5660400390625,nan,nan
81,92,173,unlabeled,False,nan,-0.21998954571783544,1324.277606733218,nan,1324.0576171875,nan,nan
81,93,174,unlabeled,False,nan,-0.10564460117137059,1334.5726856167964,nan,1334.467041015625,nan,nan
81,94,175,unlabeled,False,nan,-0.30144214183092116,1346.8229265168309,nan,1346.521484375,nan,nan
81,131,212,unlabeled,False,nan,-0.2531013436615467,1649.287158960849,nan,1649.0340576171875,nan,nan
81,133,214,unlabeled,False,nan,-0.31232493691146374,1657.418892319724,nan,1657.1065673828125,nan,nan
81,134,215,unlabeled,False,nan,-0.41172989577054975,1661.9800892707706,nan,1661.568359375,nan,nan
81,135,216,unlabeled,False,nan,-0.351716273650527,1665.131379359588,nan,1664.7796630859375,nan,nan
81,136,217,unlabeled,False,nan,-0.4290666526556015,1669.457753176093,nan,1669.0286865234375,nan,nan
81,137,218,unlabeled,False,nan,-0.22375428883358836,1672.086913468521,nan,1671.8631591796875,nan,nan
82,90,172,unlabeled,False,nan,0.054518652269616726,1299.818406152418,nan,1299.8729248046875,nan,nan
82,91,173,unlabeled,False,nan,0.09923795739654452,1310.610112628541,nan,1310.7093505859375,nan,nan
82,92,174,unlabeled,False,nan,0.023293797103688122,1323.6174532732089,nan,1323.6407470703125,nan,nan
82,93,175,unlabeled,False,nan,0.1198171110637486,1333.9919992951864,nan,1334.11181640625,nan,nan
82,94,176,unlabeled,False,nan,-0.0047952402383089066,1346.6262552011758,nan,1346.6214599609375,nan,nan
82,95,177,unlabeled,False,nan,0.1555019518174231,1356.6124423841202,nan,1356.7679443359375,nan,nan
82,134,216,unlabeled,False,nan,-0.2318590810149908,1671.8997057607025,nan,1671.6678466796875,nan,nan
82,135,217,unlabeled,False,nan,-0.21880654271692038,1675.1312821286544,nan,1674.9124755859375,nan,nan
82,136,218,unlabeled,False,nan,-0.3498160861432552,1680.0049674533307,nan,1679.6551513671875,nan,nan
82,137,219,unlabeled,False,nan,-0.22870257761329413,1682.7217445698009,nan,1682.4930419921875,nan,nan
82,138,220,unlabeled,False,nan,-0.3058320231735706,1687.228073234111,nan,1686.9222412109375,nan,nan
82,139,221,unlabeled,False,nan,0.03589972552377731,1689.7014049619763,nan,1689.7373046875,nan,nan
82,140,222,unlabeled,False,nan,-0.052720560170710085,1694.1295027867332,nan,1694.0767822265625,nan,nan
83,93,176,unlabeled,False,nan,0.09382064295001329,1330.131521153925,nan,1330.225341796875,nan,nan
83,94,177,unlabeled,False,nan,-0.0072538160555996,1342.8060819410557,nan,1342.798828125,nan,nan
83,95,178,unlabeled,False,nan,0.13573763725813479,1353.2154586518043,nan,1353.3511962890625,nan,nan
83,96,179,unlabeled,False,nan,-0.025621105823665856,1365.6740586058236,nan,1365.6484375,nan,nan
83,97,180,unlabeled,False,nan,0.20560072941705584,1375.7986717315205,nan,1376.0042724609375,nan,nan
83,98,181,unlabeled,False,nan,-0.03085919433739036,1387.9811765771499,nan,1387.9503173828125,nan,nan
83,99,182,unlabeled,False,nan,0.2914030553400517,1397.650247335285,nan,1397.941650390625,nan,nan
83,100,183,unlabeled,False,nan,-0.02036744587123394,1409.5304992818087,nan,1409.5101318359375,nan,nan
83,101,184,unlabeled,False,nan,0.357932957559824,1418.8338395033777,nan,1419.1917724609375,nan,nan
83,102,185,unlabeled,False,nan,-0.016913438173942266,1430.456610703799,nan,1430.439697265625,nan,nan
83,136,219,unlabeled,False,nan,-0.2698032486438751,1686.308133326769,nan,1686.038330078125,nan,nan
83,137,220,unlabeled,False,nan,-0.0027384416246786715,1689.4783243791246,nan,1689.4755859375,nan,nan
83,138,221,unlabeled,False,nan,-0.13985390628688038,1694.3059916015993,nan,1694.1661376953125,nan,nan
83,139,222,unlabeled,False,nan,0.31093830324709415,1697.412206228003,nan,1697.72314453125,nan,nan
83,140,223,unlabeled,False,nan,0.13756205345969647,1702.2299916574777,nan,1702.3675537109375,nan,nan
83,141,224,unlabeled,False,nan,0.49685464933514595,1705.2474080459774,nan,1705.7442626953125,nan,nan
84,94,178,unlabeled,False,nan,0.03223600895376876,1340.9775296160462,nan,1341.009765625,nan,nan
84,95,179,unlabeled,False,nan,0.14318375343689696,1351.7172898793756,nan,1351.8604736328125,nan,nan
84,96,180,unlabeled,False,nan,0.004388641300611198,1364.7519590149493,nan,1364.75634765625,nan,nan
84,97,181,unlabeled,False,nan,0.19057220390066504,1374.9699502570368,nan,1375.1605224609375,nan,nan
84,98,182,unlabeled,False,nan,-0.027531936350278556,1387.5819752957252,nan,1387.554443359375,nan,nan
84,99,183,unlabeled,False,nan,0.13429812964051963,1397.5019323391095,nan,1397.63623046875,nan,nan
84,100,184,unlabeled,False,nan,-0.20209980655461549,1409.895825392492,nan,1409.6937255859375,nan,nan
84,101,185,unlabeled,False,nan,-0.03113174291094765,1419.4265174850984,nan,1419.3953857421875,nan,nan
84,139,223,unlabeled,False,nan,0.342258452475071,1706.9864768990874,nan,1707.3287353515625,nan,nan
84,140,224,unlabeled,False,nan,0.2596186815388501,1712.2184086622112,nan,1712.47802734375,nan,nan
84,141,225,unlabeled,False,nan,0.4271897800266743,1715.4906568996607,nan,1715.9178466796875,nan,nan
84,142,226,unlabeled,False,nan,0.18850786136463285,1720.597502880823,nan,1720.7860107421875,nan,nan
84,143,227,unlabeled,False,nan,0.10890304377768188,1723.9219807452848,nan,1724.0308837890625,nan,nan
84,144,228,unlabeled,False,nan,-0.1976914316602051,1728.8759140879101,nan,1728.67822265625,nan,nan
84,145,229,unlabeled,False,nan,-0.31350044943392275,1732.0340815041213,nan,1731.7205810546875,nan,nan
85,100,185,unlabeled,False,nan,-0.04191456513013691,1407.0847612448176,nan,1407.0428466796875,nan,nan
85,101,186,unlabeled,False,nan,0.2069620916992426,1416.9973836114257,nan,1417.204345703125,nan,nan
85,102,187,unlabeled,False,nan,-0.1716686437651515,1429.108192081265,nan,1428.9365234375,nan,nan
85,103,188,unlabeled,False,nan,0.15822480393573643,1438.6579373054392,nan,1438.816162109375,nan,nan
85,104,189,unlabeled,False,nan,-0.1638382860273123,1450.4435013719649,nan,1450.2796630859375,nan,nan
85,105,190,unlabeled,False,nan,0.18701219134032726,1459.8177485508472,nan,1460.0047607421875,nan,nan
85,140,225,unlabeled,False,nan,0.6571923075616359,1719.0720557393133,nan,1719.729248046875,nan,nan
85,141,226,unlabeled,False,nan,0.6858251346647739,1722.9650537715852,nan,1723.65087890625,nan,nan
85,142,227,unlabeled,False,nan,0.3265550984442234,1728.2542554484307,nan,1728.580810546875,nan,nan
85,143,228,unlabeled,False,nan,0.18709740402176978,1732.0942746662906,nan,1732.2813720703125,nan,nan
85,144,229,unlabeled,False,nan,-0.18897982338443398,1737.142471034322,nan,1736.9534912109375,nan,nan
85,145,230,unlabeled,False,nan,-0.2934472024440765,1740.7596337258815,nan,1740.4661865234375,nan,nan
85,146,231,unlabeled,False,nan,-0.5337930421531201,1745.529642651528,nan,1744.995849609375,nan,nan
85,147,232,unlabeled,False,nan,-0.595448721498251,1748.9315082918108,nan,1748.3360595703125,nan,nan
85,148,233,unlabeled,False,nan,-0.6653362837433815,1753.3534466353058,nan,1752.6881103515625,nan,nan
86,100,186,unlabeled,False,nan,-0.30387095287442206,1406.5755994684994,nan,1406.271728515625,nan,nan
86,101,187,unlabeled,False,nan,-0.08304175162455067,1416.588290775062,nan,1416.5052490234375,nan,nan
86,102,188,unlabeled,False,nan,-0.3641377417743206,1429.0648213355244,nan,1428.70068359375,nan,nan
86,103,189,unlabeled,False,nan,-0.14783688446506857,1438.7812597360276,nan,1438.6334228515625,nan,nan
86,104,190,unlabeled,False,nan,-0.36160918191075325,1450.8887087912858,nan,1450.527099609375,nan,nan
86,105,191,unlabeled,False,nan,-0.18812047969549894,1460.499277706258,nan,1460.3111572265625,nan,nan
86,106,192,unlabeled,False,nan,-0.3501142656803131,1472.3570722734928,nan,1472.0069580078125,nan,nan
86,144,230,unlabeled,False,nan,-0.2806348575279117,1747.073603607528,nan,1746.79296875,nan,nan
86,145,231,unlabeled,False,nan,-0.42986665189266204,1750.7767904800176,nan,1750.346923828125,nan,nan
86,146,232,unlabeled,False,nan,-0.5863469561934471,1755.9286321124434,nan,1755.34228515625,nan,nan
86,147,233,unlabeled,False,nan,-0.6268036514520645,1759.3578827530146,nan,1758.7310791015625,nan,nan
86,148,234,unlabeled,False,nan,-0.6716104725003242,1764.2236124256253,nan,1763.552001953125,nan,nan
87,104,191,unlabeled,False,nan,-0.25314875192940234,1448.6012932831793,nan,1448.34814453125,nan,nan
87,105,192,unlabeled,False,nan,-0.05899496999569237,1458.6025740715581,nan,1458.5435791015625,nan,nan
87,106,193,unlabeled,False,nan,-0.215923618003726,1470.4954646336287,nan,1470.279541015625,nan,nan
87,107,194,unlabeled,False,nan,0.05319294743007049,1479.9581595916325,nan,1480.0113525390625,nan,nan
87,108,195,unlabeled,False,nan,-0.15152559716254474,1491.3454953237251,nan,1491.1939697265625,nan,nan
87,109,196,unlabeled,False,nan,0.1718958259001374,1500.4472447991,nan,1500.619140625,nan,nan
87,147,234,unlabeled,False,nan,-0.6029397486150265,1767.537510061115,nan,1766.9345703125,nan,nan
87,148,235,unlabeled,False,nan,-0.6463303735852242,1772.4289231470227,nan,1771.7825927734375,nan,nan
87,149,236,unlabeled,False,nan,-0.6331710812449455,1776.0008468624949,nan,1775.36767578125,nan,nan
88,105,193,unlabeled,False,nan,-0.2493413043767214,1458.5564702106267,nan,1458.30712890625,nan,nan
88,106,194,unlabeled,False,nan,-0.33757786452770233,1470.7914352864027,nan,1470.453857421875,nan,nan
88,107,195,unlabeled,False,nan,-0.14911415491253138,1480.352849506475,nan,1480.2037353515625,nan,nan
88,108,196,unlabeled,False,nan,-0.30879342384636405,1492.1165326816588,nan,1491.8077392578125,nan,nan
88,109,197,unlabeled,False,nan,-0.11124011432752014,1501.306430544015,nan,1501.1951904296875,nan,nan
88,110,198,unlabeled,False,nan,-0.2604458436369896,1512.757272015512,nan,1512.496826171875,nan,nan
88,111,199,unlabeled,False,nan,-0.024964144078548998,1521.680847933141,nan,1521.6558837890625,nan,nan
88,112,200,unlabeled,False,nan,-0.23176512591540813,1532.9519799696654,nan,1532.72021484375,nan,nan
88,147,235,unlabeled,False,nan,-0.5723926112055778,1776.8887988612055,nan,1776.31640625,nan,nan
88,148,236,unlabeled,False,nan,-0.5611393865942955,1782.1580632147193,nan,1781.596923828125,nan,nan
88,149,237,unlabeled,False,nan,-0.5644541658461094,1785.7408457674087,nan,1785.1763916015625,nan,nan
89,108,197,unlabeled,False,nan,-0.17399239750579,1489.8314631006308,nan,1489.657470703125,nan,nan
89,109,198,unlabeled,False,nan,0.023656395762227476,1499.4063973151754,nan,1499.4300537109375,nan,nan
89,110,199,unlabeled,False,nan,-0.12379432934336364,1510.8679349543434,nan,1510.744140625,nan,nan
89,111,200,unlabeled,False,nan,0.12901276031509043,1520.1429598959348,nan,1520.27197265625,nan,nan
89,112,201,unlabeled,False,nan,-0.05108670011162758,1531.3806765438617,nan,1531.32958984375,nan,nan
89,113,202,unlabeled,False,nan,0.09874263545963913,1540.458264200478,nan,1540.5570068359375,nan,nan
89,114,203,unlabeled,False,nan,-0.1533445988036692,1551.3469481144286,nan,1551.193603515625,nan,nan
89,115,204,unlabeled,False,nan,-0.06205278072040528,1560.2717695775955,nan,1560.209716796875,nan,nan
89,148,237,unlabeled,False,nan,-0.46677660778164864,1789.3787639124691,nan,1788.9119873046875,nan,nan
89,149,238,unlabeled,False,nan,-0.4482423028349876,1793.369140740335,nan,1792.9208984375,nan,nan
90,111,201,unlabeled,False,nan,-0.04860403115861118,1520.4013872342837,nan,1520.352783203125,nan,nan
90,112,202,unlabeled,False,nan,-0.19950136622413994,1532.0010150380992,nan,1531.801513671875,nan,nan
90,113,203,unlabeled,False,nan,-0.060953963357023896,1541.073405135232,nan,1541.012451171875,nan,nan
90,114,204,unlabeled,False,nan,-0.3479283565282822,1552.4059117549657,nan,1552.0579833984375,nan,nan
90,115,205,unlabeled,False,nan,-0.22628462858498097,1561.271206503585,nan,1561.044921875,nan,nan
90,116,206,unlabeled,False,nan,-0.4380785635113716,1572.338591258824,nan,1571.9005126953125,nan,nan
90,117,207,unlabeled,False,nan,-0.21497571382671596,1580.9497169247643,nan,1580.7347412109375,nan,nan
90,119,209,unlabeled,False,nan,0.03107665547868237,1600.0215356492088,nan,1600.0526123046875,nan,nan
90,148,238,unlabeled,False,nan,-0.2645658502727747,1798.1471342096477,nan,1797.882568359375,nan,nan
90,149,239,unlabeled,False,nan,-0.28442661352455617,1802.1167020041496,nan,1801.832275390625,nan,nan
90,150,240,unlabeled,False,nan,-0.1805951634608209,1807.3782269993983,nan,1807.1976318359375,nan,nan
91,114,205,unlabeled,False,nan,-0.20498011560179294,1550.5924312874768,nan,1550.387451171875,nan,nan
91,115,206,unlabeled,False,nan,-0.12252052792930045,1559.8817978716793,nan,1559.75927734375,nan,nan
91,116,207,unlabeled,False,nan,-0.26939688812941315,1570.8748656381294,nan,1570.60546875,nan,nan
91,117,208,unlabeled,False,nan,-0.09851240904070437,1579.9432389715407,nan,1579.8447265625,nan,nan
91,118,209,unlabeled,False,nan,-0.13289645250886678,1590.4992294603214,nan,1590.3663330078125,nan,nan
91,119,210,unlabeled,False,nan,0.11321248214226216,1599.3229447444203,nan,1599.4361572265625,nan,nan
91,148,239,unlabeled,False,nan,-0.1645428767055273,1804.615104400143,nan,1804.4505615234375,nan,nan
91,149,240,unlabeled,False,nan,-0.18725094996392727,1809.022456028089,nan,1808.835205078125,nan,nan
91,150,241,unlabeled,False,nan,-0.12451722249388694,1814.3026178084315,nan,1814.1781005859375,nan,nan
91,151,242,unlabeled,False,nan,-0.13888281469233335,1818.3995029318799,nan,1818.2606201171875,nan,nan
92,116,208,unlabeled,False,nan,-0.40739426121115685,1571.5666960190238,nan,1571.1593017578125,nan,nan
92,117,209,unlabeled,False,nan,-0.1716177953686565,1580.4396842016185,nan,1580.26806640625,nan,nan
92,118,210,unlabeled,False,nan,-0.24700718111358583,1591.571592142051,nan,1591.3245849609375,nan,nan
92,119,211,unlabeled,False,nan,0.00959420298691839,1600.2476079454507,nan,1600.2572021484375,nan,nan
92,120,212,unlabeled,False,nan,-0.04176462767412886,1611.2113202917367,nan,1611.1695556640625,nan,nan
92,121,213,unlabeled,False,nan,0.022968962148297578,1619.5035202956642,nan,1619.5264892578125,nan,nan
92,122,214,unlabeled,False,nan,-0.1457199509255588,1629.835539286863,nan,1629.6898193359375,nan,nan
92,125,217,unlabeled,False,nan,-0.37014273077249527,1656.3073985901474,nan,1655.937255859375,nan,nan
92,128,220,unlabeled,False,nan,0.01936716111144051,1680.571575221701,nan,1680.5909423828125,nan,nan
92,149,241,unlabeled,False,nan,-0.026059841220267117,1816.9716164818453,nan,1816.945556640625,nan,nan
92,150,242,unlabeled,False,nan,0.05388916349736974,1822.6819506802526,nan,1822.73583984375,nan,nan
92,151,243,unlabeled,False,nan,-0.026089827285613865,1826.8164951007232,nan,1826.7904052734375,nan,nan
92,152,244,unlabeled,False,nan,0.023008112553507088,1832.196352239009,nan,1832.2193603515625,nan,nan
92,153,245,unlabeled,False,nan,-0.048075417078798637,1836.0075480733287,nan,1835.95947265625,nan,nan
92,154,246,unlabeled,False,nan,-0.032569068286102267,1841.1036139901612,nan,1841.071044921875,nan,nan
93,118,211,unlabeled,False,nan,-0.10737469922285527,1589.8533463789104,nan,1589.7459716796875,nan,nan
93,119,212,unlabeled,False,nan,0.0815346951968968,1598.8770834688655,nan,1598.9586181640625,nan,nan
93,120,213,unlabeled,False,nan,0.03463054527528584,1609.8668587125371,nan,1609.9014892578125,nan,nan
93,121,214,unlabeled,False,nan,0.10081206639762968,1618.5608090273524,nan,1618.66162109375,nan,nan
93,122,215,unlabeled,False,nan,-0.04178680528886616,1628.852333680289,nan,1628.810546875,nan,nan
93,123,216,unlabeled,False,nan,-0.07283226081170141,1637.6349660498743,nan,1637.5621337890625,nan,nan
93,124,217,unlabeled,False,nan,-0.22779520351439714,1647.822643836327,nan,1647.5948486328125,nan,nan
93,125,218,unlabeled,False,nan,-0.26965034678578376,1655.9945038624107,nan,1655.724853515625,nan,nan
93,128,221,unlabeled,False,nan,0.08933734367601573,1680.905779843824,nan,1680.9951171875,nan,nan
93,150,243,unlabeled,False,nan,0.06690425859298557,1828.6553857804695,nan,1828.7222900390625,nan,nan
93,151,244,unlabeled,False,nan,-0.015400403989478945,1833.214985364927,nan,1833.1995849609375,nan,nan
93,152,245,unlabeled,False,nan,0.016073613557964564,1838.6119781442546,nan,1838.6280517578125,nan,nan
93,153,246,unlabeled,False,nan,-0.052162355273030696,1842.8417131365231,nan,1842.78955078125,nan,nan
93,154,247,unlabeled,False,nan,-0.026958478215383365,1847.911113751653,nan,1847.8841552734375,nan,nan
94,121,215,unlabeled,False,nan,0.05190335558145307,1619.108130824106,nan,1619.1600341796875,nan,nan
94,122,216,unlabeled,False,nan,-0.05737844878574833,1629.7819878237858,nan,1629.724609375,nan,nan
94,123,217,unlabeled,False,nan,-0.06756963536405237,1638.5139807681765,nan,1638.4464111328125,nan,nan
94,124,218,unlabeled,False,nan,-0.20629716796800493,1649.081297167968,nan,1648.875,nan,nan
94,125,219,unlabeled,False,nan,-0.22826180700212717,1657.1288965726271,nan,1656.900634765625,nan,nan
94,126,220,unlabeled,False,nan,-0.04651739439694211,1667.052376769397,nan,1667.005859375,nan,nan
94,127,221,unlabeled,False,nan,0.04824409747961909,1674.0921367618953,nan,1674.140380859375,nan,nan
94,128,222,unlabeled,False,nan,0.07414718785323203,1683.0875959762093,nan,1683.1617431640625,nan,nan
94,129,223,unlabeled,False,nan,0.17466421369463206,1690.0753357863055,nan,1690.25,nan,nan
94,130,224,unlabeled,False,nan,0.1737074868939817,1698.9914536459185,nan,1699.1651611328125,nan,nan
94,131,225,unlabeled,False,nan,0.3324722038954496,1705.9338852179797,nan,1706.266357421875,nan,nan
94,132,226,unlabeled,False,nan,0.30062281839549543,1714.7762814784794,nan,1715.076904296875,nan,nan
94,133,227,unlabeled,False,nan,0.3476990959048271,1721.6464415290952,nan,1721.994140625,nan,nan
94,153,247,unlabeled,False,nan,0.03954804102308117,1850.7088650449143,nan,1850.7484130859375,nan,nan
94,154,248,unlabeled,False,nan,0.06529052537865937,1856.1811694355588,nan,1856.2464599609375,nan,nan
94,155,249,unlabeled,False,nan,-0.009253642688272522,1860.1102057911257,nan,1860.1009521484375,nan,nan
94,156,250,unlabeled,False,nan,0.02240368355996907,1865.3256187773775,nan,1865.3480224609375,nan,nan
94,157,251,unlabeled,False,nan,-0.011475833816220984,1869.0600598181911,nan,1869.048583984375,nan,nan
95,124,219,unlabeled,False,nan,-0.15759565874002873,1647.79236128374,nan,1647.634765625,nan,nan
95,125,220,unlabeled,False,nan,-0.18535720705986022,1656.2750788867475,nan,1656.0897216796875,nan,nan
95,126,221,unlabeled,False,nan,-0.013912205155938863,1666.1470909160935,nan,1666.1331787109375,nan,nan
95,127,222,unlabeled,False,nan,0.09985895436257124,1673.6130316706374,nan,1673.712890625,nan,nan
95,128,223,unlabeled,False,nan,0.12741780642420053,1682.660912271701,nan,1682.788330078125,nan,nan
95,129,224,unlabeled,False,nan,0.24741403609514237,1690.1179424092174,nan,1690.3653564453125,nan,nan
95,130,225,unlabeled,False,nan,0.22713984124362468,1699.0980554712564,nan,1699.3251953125,nan,nan
95,131,226,unlabeled,False,nan,0.39293641075491903,1706.5028155423702,nan,1706.895751953125,nan,nan
95,132,227,unlabeled,False,nan,0.3235927930474281,1715.42872654289,nan,1715.7523193359375,nan,nan
95,133,228,unlabeled,False,nan,0.33539945125579834,1722.8488046503066,nan,1723.1842041015625,nan,nan
95,135,230,unlabeled,False,nan,0.11462584846653044,1739.1201153624709,nan,1739.2347412109375,nan,nan
95,136,231,unlabeled,False,nan,0.003024702027905732,1747.7119411182846,nan,1747.7149658203125,nan,nan
95,137,232,unlabeled,False,nan,-0.11833869646303356,1754.859305493338,nan,1754.740966796875,nan,nan
95,138,233,unlabeled,False,nan,-0.15613595351576806,1763.0555500160158,nan,1762.8994140625,nan,nan
95,139,234,unlabeled,False,nan,-0.29468998201191426,1769.8946655679495,nan,1769.5999755859375,nan,nan
95,141,236,unlabeled,False,nan,-0.4332773546874523,1784.48662208125,nan,1784.0533447265625,nan,nan
95,142,237,unlabeled,False,nan,-0.3449461578577757,1792.0557615875452,nan,1791.7108154296875,nan,nan
95,151,246,unlabeled,False,nan,0.05865355134475976,1846.3208630502177,nan,1846.3795166015625,nan,nan
95,152,247,unlabeled,False,nan,0.12045086836442351,1852.1441975691355,nan,1852.2646484375,nan,nan
95,153,248,unlabeled,False,nan,0.020329633543733506,1856.7752025930188,nan,1856.7955322265625,nan,nan
95,154,249,unlabeled,False,nan,0.055201513145584614,1862.2487535649793,nan,1862.303955078125,nan,nan
95,155,250,unlabeled,False,nan,-0.02323702596826479,1866.5840280415932,nan,1866.560791015625,nan,nan
95,156,251,unlabeled,False,nan,0.015347722612787038,1871.781038996137,nan,1871.79638671875,nan,nan
95,157,252,unlabeled,False,nan,-0.027891696880105885,1875.92730575938,nan,1875.8994140625,nan,nan
96,132,228,unlabeled,False,nan,0.2126332553429529,1718.020276900907,nan,1718.23291015625,nan,nan
96,133,229,unlabeled,False,nan,0.22491175625473261,1725.4545316031204,nan,1725.679443359375,nan,nan
96,134,230,unlabeled,False,nan,0.08653912000590935,1734.770882754994,nan,1734.857421875,nan,nan
96,135,231,unlabeled,False,nan,0.011253141653724015,1742.1187517411588,nan,1742.1300048828125,nan,nan
96,136,232,unlabeled,False,nan,-0.0826828150684014,1751.1161300806934,nan,1751.033447265625,nan,nan
96,139,235,unlabeled,False,nan,-0.30022286012768745,1773.6746125085651,nan,1773.3743896484375,nan,nan
96,156,252,unlabeled,False,nan,0.11432923084124923,1879.6505633472837,nan,1879.764892578125,nan,nan
96,157,253,unlabeled,False,nan,0.053019867374096065,1883.7812086482509,nan,1883.834228515625,nan,nan
96,158,254,unlabeled,False,nan,0.10509714748710394,1889.2392632040753,nan,1889.3443603515625,nan,nan
97,132,229,unlabeled,False,nan,0.24680541653651744,1717.887349856901,nan,1718.1341552734375,nan,nan
97,133,230,unlabeled,False,nan,0.23053389865905047,1725.7664143435284,nan,1725.9969482421875,nan,nan
97,134,231,unlabeled,False,nan,0.05496997594367713,1735.1228864693687,nan,1735.1778564453125,nan,nan
97,135,232,unlabeled,False,nan,-0.017708549045491965,1742.8783042521704,nan,1742.860595703125,nan,nan
97,136,233,unlabeled,False,nan,-0.13919192613102496,1751.908967316756,nan,1751.769775390625,nan,nan
97,137,234,unlabeled,False,nan,-0.23034209065139294,1759.443598926589,nan,1759.2132568359375,nan,nan
97,138,235,unlabeled,False,nan,-0.28710416205227374,1768.1337838495522,nan,1767.8466796875,nan,nan
97,139,236,unlabeled,False,nan,-0.3759991335868835,1775.3880840945244,nan,1775.0120849609375,nan,nan
97,140,237,unlabeled,False,nan,-0.3503340268880129,1783.7444990659505,nan,1783.3941650390625,nan,nan
97,141,238,unlabeled,False,nan,-0.488498230278492,1790.942233581841,nan,1790.4537353515625,nan,nan
97,142,239,unlabeled,False,nan,-0.40725856691598894,1799.004914816916,nan,1798.59765625,nan,nan
97,143,240,unlabeled,False,nan,-0.5945015759766101,1805.7135201306642,nan,1805.1190185546875,nan,nan
97,144,241,unlabeled,False,nan,-0.4613510648906231,1813.1884018461406,nan,1812.72705078125,nan,nan
97,145,242,unlabeled,False,nan,-0.5883271381258964,1819.6076142475008,nan,1819.019287109375,nan,nan
97,155,252,unlabeled,False,nan,0.0004677820974029601,1879.5237021397777,nan,1879.524169921875,nan,nan
97,156,253,unlabeled,False,nan,0.0693644849397242,1885.0982380541227,nan,1885.1676025390625,nan,nan
97,157,254,unlabeled,False,nan,0.011046690007206053,1889.6292120990554,nan,1889.6402587890625,nan,nan
97,158,255,unlabeled,False,nan,0.06133302934467792,1895.0762402128428,nan,1895.1375732421875,nan,nan
98,135,233,unlabeled,False,nan,-0.0609510345198214,1744.9010389251448,nan,1744.840087890625,nan,nan
98,136,234,unlabeled,False,nan,-0.14776753848418595,1754.3139052337967,nan,1754.1661376953125,nan,nan
98,137,235,unlabeled,False,nan,-0.21601188123226167,1761.8386925452949,nan,1761.6226806640625,nan,nan
98,138,236,unlabeled,False,nan,-0.2211662470176816,1770.9129387079552,nan,1770.6917724609375,nan,nan
98,140,238,unlabeled,False,nan,-0.22124424546957017,1786.927665143907,nan,1786.7064208984375,nan,nan
98,141,239,unlabeled,False,nan,-0.33997383564710615,1794.101448445022,nan,1793.761474609375,nan,nan
98,143,241,unlabeled,False,nan,-0.39342742651700974,1809.274286801517,nan,1808.880859375,nan,nan
98,145,243,unlabeled,False,nan,-0.3766806498914957,1823.623140610829,nan,1823.2464599609375,nan,nan
98,157,255,unlabeled,False,nan,0.0809664176311344,1896.4704251839314,nan,1896.5513916015625,nan,nan
98,158,256,unlabeled,False,nan,0.1613336507603526,1902.2914251383022,nan,1902.4527587890625,nan,nan
98,159,257,unlabeled,False,nan,0.09770229255780577,1906.7360379418171,nan,1906.833740234375,nan,nan
99,137,236,unlabeled,False,nan,-0.17480522665195167,1762.0825200704019,nan,1761.90771484375,nan,nan
99,138,237,unlabeled,False,nan,-0.2052286855317652,1771.2141398183442,nan,1771.0089111328125,nan,nan
99,139,238,unlabeled,False,nan,-0.25570352490991355,1778.8942533295974,nan,1778.6385498046875,nan,nan
99,140,239,unlabeled,False,nan,-0.2614813068136573,1787.7380438068137,nan,1787.4765625,nan,nan
99,141,240,unlabeled,False,nan,-0.3612167093157768,1795.3153182718158,nan,1794.9541015625,nan,nan
99,142,241,unlabeled,False,nan,-0.30485910557210444,1803.8619880118222,nan,1803.55712890625,nan,nan
99,143,242,unlabeled,False,nan,-0.45584468454122545,1811.0040624579788,nan,1810.5482177734375,nan,nan
99,144,243,unlabeled,False,nan,-0.3253418160229921,1818.960595722273,nan,1818.63525390625,nan,nan
99,145,244,unlabeled,False,nan,-0.4973507136106491,1825.873937627673,nan,1825.3765869140625,nan,nan
99,146,245,unlabeled,False,nan,-0.22112950440496207,1833.5166617309674,nan,1833.2955322265625,nan,nan
99,149,248,unlabeled,False,nan,-0.22186846889555453,1854.058416320458,nan,1853.8365478515625,nan,nan
99,150,249,unlabeled,False,nan,0.02748607384855859,1861.1345012308389,nan,1861.1619873046875,nan,nan
99,151,250,unlabeled,False,nan,-0.11909461414441466,1867.1232450047694,nan,1867.004150390625,nan,nan
99,157,256,unlabeled,False,nan,-0.027180650334339588,1901.5368242050217,nan,1901.5096435546875,nan,nan
99,158,257,unlabeled,False,nan,0.06154360193759203,1907.383890968375,nan,1907.4454345703125,nan,nan
99,159,258,unlabeled,False,nan,0.012392934839008376,1912.219052377661,nan,1912.2314453125,nan,nan
100,137,237,unlabeled,False,nan,-0.15414851725101472,1763.5912823063136,nan,1763.4371337890625,nan,nan
100,138,238,unlabeled,False,nan,-0.16064184347866103,1773.1337863747287,nan,1772.97314453125,nan,nan
100,139,239,unlabeled,False,nan,-0.2026765060890466,1780.8030183029641,nan,1780.600341796875,nan,nan
100,140,240,unlabeled,False,nan,-0.1926631331257522,1790.0674189925007,nan,1789.874755859375,nan,nan
100,141,241,unlabeled,False,nan,-0.27937577705830335,1797.6380183551832,nan,1797.358642578125,nan,nan
100,142,242,unlabeled,False,nan,-0.2027930542267859,1806.5972022339142,nan,1806.3944091796875,nan,nan
100,143,243,unlabeled,False,nan,-0.3219077879190445,1813.7005698972941,nan,1813.378662109375,nan,nan
100,144,244,unlabeled,False,nan,-0.14875007074326277,1822.0488965551183,nan,1821.900146484375,nan,nan
100,145,245,unlabeled,False,nan,-0.2513985635340214,1828.9082589150964,nan,1828.6568603515625,nan,nan
100,147,247,unlabeled,False,nan,-0.13326516056898982,1843.7769419183815,nan,1843.6436767578125,nan,nan
100,158,258,unlabeled,False,nan,0.16218620162457228,1913.7806848921255,nan,1913.94287109375,nan,nan
100,159,259,unlabeled,False,nan,0.06919242644682527,1918.6649384329282,nan,1918.734130859375,nan,nan
101,144,245,unlabeled,False,nan,-0.25828046690672635,1822.7436320294066,nan,1822.4853515625,nan,nan
101,145,246,unlabeled,False,nan,-0.36933422286063433,1830.0180158634857,nan,1829.648681640625,nan,nan
101,146,247,unlabeled,False,nan,-0.19746467657387257,1838.2447058875114,nan,1838.0472412109375,nan,nan
101,147,248,unlabeled,False,nan,-0.44643089786171913,1845.5514113666118,nan,1845.10498046875,nan,nan
101,152,253,unlabeled,False,nan,-0.09281732635572552,1881.6119823654183,nan,1881.5191650390625,nan,nan
101,153,254,unlabeled,False,nan,-0.2573479356616735,1887.5982903184743,nan,1887.3409423828125,nan,nan
101,158,259,unlabeled,False,nan,-0.030683145243674517,1917.9592720124313,nan,1917.9285888671875,nan,nan
101,159,260,unlabeled,False,nan,-0.11317142956890165,1923.2627075623814,nan,1923.1495361328125,nan,nan
102,144,246,unlabeled,False,nan,-0.14370430928422137,1824.8320588014717,nan,1824.6883544921875,nan,nan
102,145,247,unlabeled,False,nan,-0.24210523031651973,1832.075479253754,nan,1831.8333740234375,nan,nan
102,146,248,unlabeled,False,nan,-0.07250990231754258,1840.7089845116925,nan,1840.636474609375,nan,nan
102,147,249,unlabeled,False,nan,-0.19867626257240772,1847.889716301635,nan,1847.6910400390625,nan,nan
102,148,250,unlabeled,False,nan,0.010006789001636207,1856.2766143047484,nan,1856.28662109375,nan,nan
102,149,251,unlabeled,False,nan,-0.1757197728008032,1863.2427363743634,nan,1863.0670166015625,nan,nan
102,156,258,unlabeled,False,nan,0.05935911463573575,1911.1610998697392,nan,1911.220458984375,nan,nan
102,158,260,unlabeled,False,nan,0.07764235860668123,1923.3522892820183,nan,1923.429931640625,nan,nan
102,159,261,unlabeled,False,nan,-0.026345588536933064,1928.6868680494745,nan,1928.6605224609375,nan,nan
103,146,249,unlabeled,False,nan,-0.22167894905433058,1841.109496331867,nan,1840.8878173828125,nan,nan
103,147,250,unlabeled,False,nan,-0.43367683589458467,1848.7799903124571,nan,1848.3463134765625,nan,nan
103,148,251,unlabeled,False,nan,-0.23555973500013352,1857.2121222350002,nan,1856.9765625,nan,nan
103,149,252,unlabeled,False,nan,-0.5183611357212067,1864.7394304716588,nan,1864.2210693359375,nan,nan
103,154,257,unlabeled,False,nan,-0.2373904676735401,1901.0869998426735,nan,1900.849609375,nan,nan
103,155,258,unlabeled,False,nan,-0.39231997683644293,1907.1818707580865,nan,1906.78955078125,nan,nan
103,156,259,unlabeled,False,nan,-0.19008620880544186,1914.006126247868,nan,1913.8160400390625,nan,nan
103,157,260,unlabeled,False,nan,-0.34512694232165814,1919.9529150282592,nan,1919.6077880859375,nan,nan
103,158,261,unlabeled,False,nan,-0.17255123786628246,1926.6622973316162,nan,1926.48974609375,nan,nan
103,159,262,unlabeled,False,nan,-0.293126370832324,1932.4523060583324,nan,1932.1591796875,nan,nan
104,148,252,unlabeled,False,nan,-0.09986179686151445,1859.476448710924,nan,1859.3765869140625,nan,nan
104,149,253,unlabeled,False,nan,-0.28659329809248446,1866.9095181027799,nan,1866.6229248046875,nan,nan
104,150,254,unlabeled,False,nan,-0.09224019097629935,1875.4929970269138,nan,1875.4007568359375,nan,nan
104,151,255,unlabeled,False,nan,-0.3120719324797392,1882.5491324793547,nan,1882.237060546875,nan,nan
104,155,259,unlabeled,False,nan,-0.2819320324808359,1910.8178207043559,nan,1910.535888671875,nan,nan
104,156,260,unlabeled,False,nan,-0.06882647775579244,1918.0804231574432,nan,1918.0115966796875,nan,nan
104,158,262,unlabeled,False,nan,-0.026600998626090586,1931.162099045501,nan,1931.135498046875,nan,nan
104,159,263,unlabeled,False,nan,-0.1236935169622302,1936.9370480091497,nan,1936.8133544921875,nan,nan
105,148,253,unlabeled,False,nan,-0.2899543976783752,1859.6698372101785,nan,1859.3798828125,nan,nan
105,149,254,unlabeled,False,nan,-0.5445362325012684,1867.5916553731263,nan,1867.047119140625,nan,nan
105,150,255,unlabeled,False,nan,-0.3364800400286913,1876.1832817978411,nan,1875.8468017578125,nan,nan
105,151,256,unlabeled,False,nan,-0.6123807153105736,1883.731399269998,nan,1883.1190185546875,nan,nan
105,155,260,unlabeled,False,nan,-0.5337880577147007,1912.8781484092772,nan,1912.3443603515625,nan,nan
105,156,261,unlabeled,False,nan,-0.32141867980360983,1920.1673659454286,nan,1919.845947265625,nan,nan
105,157,262,unlabeled,False,nan,-0.489303747266531,1926.568771520704,nan,1926.0794677734375,nan,nan
105,158,263,unlabeled,False,nan,-0.26611724264919756,1933.6881143129617,nan,1933.4219970703125,nan,nan
105,159,264,unlabeled,False,nan,-0.44851492121815684,1939.9784221477807,nan,1939.5299072265625,nan,nan
106,150,256,unlabeled,False,nan,-0.16012590829283,1878.085174736418,nan,1877.925048828125,nan,nan
106,151,257,unlabeled,False,nan,-0.39370314791798594,1885.601466819793,nan,1885.207763671875,nan,nan
106,152,258,unlabeled,False,nan,-0.1690528156608343,1894.1174170734732,nan,1893.9483642578125,nan,nan
106,153,259,unlabeled,False,nan,-0.4133860698342323,1901.1027171245216,nan,1900.6893310546875,nan,nan
106,157,263,unlabeled,False,nan,-0.33073584698140623,1929.8129135813565,nan,1929.482177734375,nan,nan
106,158,264,unlabeled,False,nan,-0.06036977345589548,1937.3161070781434,nan,1937.2557373046875,nan,nan
106,159,265,unlabeled,False,nan,-0.2267888356000185,1943.5949528981,nan,1943.3681640625,nan,nan
106,160,266,unlabeled,False,nan,-0.021568976507987826,1951.0168082343205,nan,1950.9952392578125,nan,nan
107,150,257,unlabeled,False,nan,-0.37677531443536283,1877.8130546113105,nan,1877.436279296875,nan,nan
107,151,258,unlabeled,False,nan,-0.6424459847807884,1885.7800192269683,nan,1885.1375732421875,nan,nan
107,152,259,unlabeled,False,nan,-0.42395389065146444,1894.323490023464,nan,1893.8995361328125,nan,nan
107,153,260,unlabeled,False,nan,-0.6494448792934417,1901.711334527731,nan,1901.0618896484375,nan,nan
107,156,263,unlabeled,False,nan,-0.3985804083943367,1924.4740198615193,nan,1924.075439453125,nan,nan
107,157,264,unlabeled,False,nan,-0.5603365878760814,1931.3004488925635,nan,1930.7401123046875,nan,nan
107,158,265,unlabeled,False,nan,-0.3109862799942493,1938.8506591315568,nan,1938.5396728515625,nan,nan
107,159,266,unlabeled,False,nan,-0.4733797623217106,1945.5485750748217,nan,1945.0751953125,nan,nan
107,160,267,unlabeled,False,nan,-0.2680234806239605,1952.998980511874,nan,1952.73095703125,nan,nan
108,152,260,unlabeled,False,nan,-0.2362711950019002,1895.6187174840643,nan,1895.3824462890625,nan,nan
108,153,261,unlabeled,False,nan,-0.4707799842953682,1903.0181432655454,nan,1902.54736328125,nan,nan
108,154,262,unlabeled,False,nan,-0.2504423266649246,1911.4773710376023,nan,1911.2269287109375,nan,nan
108,155,263,unlabeled,False,nan,-0.4487047392129898,1918.4834947782756,nan,1918.0347900390625,nan,nan
108,159,267,unlabeled,False,nan,-0.2441926346719265,1948.100637947172,nan,1947.8564453125,nan,nan
108,160,268,unlabeled,False,nan,0.046942470986396076,1955.9141170993262,nan,1955.9610595703125,nan,nan
108,161,269,unlabeled,False,nan,-0.15316445813514293,1962.5854154346976,nan,1962.4322509765625,nan,nan
108,162,270,unlabeled,False,nan,0.08137339103093837,1970.1841295386566,nan,1970.2655029296875,nan,nan
109,152,261,unlabeled,False,nan,-0.47579043850302694,1894.665243563503,nan,1894.189453125,nan,nan
109,153,262,unlabeled,False,nan,-0.6413884846866131,1902.412262508124,nan,1901.7708740234375,nan,nan
109,154,263,unlabeled,False,nan,-0.46043583154678347,1910.9341907143594,nan,1910.4737548828125,nan,nan
109,155,264,unlabeled,False,nan,-0.6004423719644546,1918.289285145402,nan,1917.6888427734375,nan,nan
109,156,265,unlabeled,False,nan,-0.41514554679393767,1926.5012051171063,nan,1926.0860595703125,nan,nan
109,158,267,unlabeled,False,nan,-0.315406534075737,1941.7354504793882,nan,1941.4200439453125,nan,nan
109,159,268,unlabeled,False,nan,-0.4582274796068668,1948.8777831436694,nan,1948.4195556640625,nan,nan
109,160,269,unlabeled,False,nan,-0.14395039347931743,1956.7253712919169,nan,1956.5814208984375,nan,nan
109,161,270,unlabeled,False,nan,-0.29423726789653304,1963.7739735960215,nan,1963.479736328125,nan,nan
109,162,271,unlabeled,False,nan,-0.11083531410433352,1971.457637071917,nan,1971.3468017578125,nan,nan
110,154,264,unlabeled,False,nan,-0.2653036614507437,1911.5561972161383,nan,1911.2908935546875,nan,nan
110,155,265,unlabeled,False,nan,-0.44078918859362604,1918.9499444620312,nan,1918.5091552734375,nan,nan
110,156,266,unlabeled,False,nan,-0.23719557080417872,1927.5875373676793,nan,1927.350341796875,nan,nan
110,157,267,unlabeled,False,nan,-0.36425467595458033,1934.811398230642,nan,1934.4471435546875,nan,nan
110,158,268,unlabeled,False,nan,-0.08638253271579742,1943.2274958139658,nan,1943.14111328125,nan,nan
110,161,271,unlabeled,False,nan,-0.03392293672077358,1965.6232784054707,nan,1965.58935546875,nan,nan
110,162,272,unlabeled,False,nan,0.1588509863615036,1973.717491787076,nan,1973.8763427734375,nan,nan
111,155,266,unlabeled,False,nan,-0.5270815023779869,1917.865948689878,nan,1917.3388671875,nan,nan
111,156,267,unlabeled,False,nan,-0.3343193352222443,1926.5591728508473,nan,1926.224853515625,nan,nan
111,157,268,unlabeled,False,nan,-0.4405726213753223,1934.1852015276254,nan,1933.74462890625,nan,nan
111,158,269,unlabeled,False,nan,-0.24987025886774064,1942.7065352979303,nan,1942.4566650390625,nan,nan
111,159,270,unlabeled,False,nan,-0.3424561673402786,1950.1617921048403,nan,1949.8193359375,nan,nan
111,160,271,unlabeled,False,nan,-0.08333270681207068,1958.4264723552496,nan,1958.3431396484375,nan,nan
111,161,272,unlabeled,False,nan,-0.19762121831066906,1965.7908829370606,nan,1965.59326171875,nan,nan
111,162,273,unlabeled,False,nan,-0.04643694335129112,1973.9089857714762,nan,1973.862548828125,nan,nan
112,157,269,unlabeled,False,nan,-0.31377202287316325,1934.552785694748,nan,1934.239013671875,nan,nan
112,158,270,unlabeled,False,nan,-0.12730258272960782,1943.4888748483545,nan,1943.361572265625,nan,nan
112,159,271,unlabeled,False,nan,-0.21502973146736623,1950.89679242678,nan,1950.6817626953125,nan,nan
112,160,272,unlabeled,False,nan,0.06292661269893869,1959.511780418551,nan,1959.57470703125,nan,nan
112,161,273,unlabeled,False,nan,-0.05036516666412354,1966.8363759088516,nan,1966.7860107421875,nan,nan
112,162,274,unlabeled,False,nan,0.125627603395842,1975.3193186856668,nan,1975.4449462890625,nan,nan
