Z,N,A,pred_residual,pred_binding_energy,actual_binding_energy,theory_binding_energy,actual_residual,pred_minus_actual_residual
8,8,16,0.027316009155474604,127.22148617590312,127.61931610107422,127.2488021850586,-0.37051519751548767,0.3978312066709623
8,9,17,0.4863792685419321,131.48261487208308,131.76239013671875,131.968994140625,0.20660530030727386,0.2797739682346582
9,8,17,0.414221414513886,127.95287453275174,128.21958923339844,128.36709594726562,0.14751720428466797,0.26670421022921803
8,10,18,0.7628093925118447,139.7180866035819,139.80776977539062,140.48089599609375,0.6731342077255249,0.08967518478631975
9,9,18,0.5946744368970394,137.72272363439203,137.36949157714844,138.31739807128906,0.9479106068611145,-0.35323616996407514
10,8,18,0.5461646059155464,132.10413446635008,132.14263916015625,132.65029907226562,0.5076614022254944,0.038503203690052
8,11,19,0.6437111589312553,143.5873832014203,143.76341247558594,144.23109436035156,0.46769121289253235,0.17601994603872295
9,10,19,0.7098186409473419,147.8892871940136,147.80136108398438,148.59910583496094,0.7977352142333984,-0.08791657328605651
10,9,19,0.622764241695404,143.9655383706093,143.77952575683594,144.5883026123047,0.808781087398529,-0.18601684570312504
11,8,19,-0.09089088402688503,131.74878883324564,131.81983947753906,131.65789794921875,-0.16194160282611847,0.07105071879923344
8,12,20,0.6967645820975303,151.20493829876185,151.3714141845703,151.90170288085938,0.5302860140800476,0.16647856801748273
9,11,20,-0.015502984537743032,154.36100774527992,154.40269470214844,154.3455047607422,-0.05720200017094612,0.04169901563320309
10,10,20,-0.562835403084755,160.79074067652226,160.6448211669922,160.2279052734375,-0.41692399978637695,-0.14591140329837804
11,9,20,-0.23993786491453648,145.95774181999266,145.97006225585938,145.71780395507812,-0.25225600600242615,0.012318141087889672
12,8,20,-0.27892057813704013,134.39911405958236,134.5605010986328,134.1201934814453,-0.4403040111064911,0.16138343296945096
8,13,21,0.3668695271015167,155.0751318156719,155.17686462402344,155.44200134277344,0.26513129472732544,0.10173823237419127
9,12,21,0.6068081864714623,162.5158877363801,162.50416564941406,163.12269592285156,0.6185386180877686,-0.01173043161630627
10,11,21,-0.6920554220676423,167.68155737519265,167.40599060058594,166.989501953125,-0.41648560762405396,-0.2755698144435883
11,10,21,-0.5493226183950901,163.15222789183258,163.07672119140625,162.6029052734375,-0.4738200902938843,-0.07550252810120583
12,9,21,-0.09901945343241096,149.4935201858543,149.20567321777344,149.39450073242188,0.1888342946767807,-0.2878537481091917
8,14,22,0.4302630266547203,161.98584415107965,162.02719116210938,162.41610717773438,0.3889116048812866,0.041351421773433705
9,13,22,0.25531491488218305,167.8163861349225,167.7344970703125,168.0717010498047,0.33720120787620544,-0.08188629299402239
10,12,22,-0.2826011798903346,177.9242942951247,177.77024841308594,177.64169311523438,-0.1285431981086731,-0.15405798178166152
11,11,22,-0.067134603143204,174.2509419761901,174.1445770263672,174.18380737304688,0.0392271988093853,-0.1063618019525893
12,10,22,-0.28987033136188983,168.6255636907369,168.58082580566406,168.335693359375,-0.24511900544166565,-0.04475132592022418
8,15,23,0.004310402045957744,164.7645952376025,164.76016235351562,164.76890563964844,0.008731200359761715,-0.004420798313803971
9,14,23,0.23334235187619926,175.32575493816287,175.31393432617188,175.55909729003906,0.2451719045639038,-0.011829552687704553
10,13,23,0.20849602463655173,182.9253082966525,182.97088623046875,183.13380432128906,0.16290970146656036,0.045586323169991366
11,12,23,-0.6795171338319779,186.60551200687885,186.56434631347656,185.92599487304688,-0.6383528113365173,-0.04116432249546054
12,11,23,-0.614601614177227,181.8174061796069,181.725830078125,181.2028045654297,-0.523026704788208,-0.09157490938901902
13,10,23,-0.2916785062849522,168.6348791898787,168.7217254638672,168.34320068359375,-0.3785324990749359,0.08685399278998374
8,16,24,0.335185872791335,169.04451383423992,168.95245361328125,169.37969970703125,0.4272480010986328,-0.09206212830729782
9,15,24,0.018806903827935456,179.14769700242206,179.12599182128906,179.16650390625,0.04050559923052788,-0.02169869540259242
10,14,24,0.31798885367810725,191.75450565315782,191.8397979736328,192.07249450683594,0.23269520699977875,0.0852936466783285
11,13,24,-0.43893061950802803,193.51083003357053,193.52371215820312,193.0718994140625,-0.4518167972564697,0.012886177748441696
12,12,24,-0.6234624153375625,198.15405628740788,198.25704956054688,197.5305938720703,-0.7264472246170044,0.10298480927944187
13,11,24,-0.47406203269958497,183.49556166648864,183.58993530273438,183.02149963378906,-0.5684344172477722,0.09437238454818725
14,10,24,-0.5409308621287345,171.96312629669904,172.0135955810547,171.4221954345703,-0.5913895964622498,0.05045873433351522
8,17,25,-0.2746111163496971,168.2027117022872,168.1951446533203,167.9281005859375,-0.2670449912548065,-0.0075661250948905745
9,16,25,0.9988695427775383,183.38772713690997,183.4076690673828,184.3865966796875,0.9789375066757202,0.01993203610181804
10,15,25,0.1712354522384703,195.8139635223709,195.99497985839844,195.98519897460938,-0.0097850002348423,0.1810204524733126
11,14,25,0.2058354471437633,202.72266186730937,202.53494262695312,202.92849731445312,0.3935525119304657,-0.1877170647867024
12,13,25,-0.4211112488806248,205.71621622934939,205.5875701904297,205.29510498046875,-0.2924700081348419,-0.12864124074578287
13,12,25,-0.36888853140175343,200.60138670034706,200.52841186523438,200.2324981689453,-0.29591500759124756,-0.07297352381050587
14,11,25,-0.17295548399910332,187.3029603668116,187.00277709960938,187.1300048828125,0.12722750008106232,-0.30018298408016564
8,18,26,-0.3602143895253539,168.866714633666,168.9344482421875,168.50650024414062,-0.4279539883136749,0.06773959878832103
9,17,26,0.8876348659396172,183.90026796609163,184.13848876953125,184.78790283203125,0.6494078040122986,0.23822706192731857
10,16,26,1.1294308364391328,201.54946320652962,201.5496826171875,202.67889404296875,1.1292140483856201,0.00021678805351266206
11,15,26,0.17765383150428535,208.1587414321676,208.10923767089844,208.33639526367188,0.22716620564460754,-0.049512374140322196
12,14,26,0.12400527040474117,216.7211943145562,216.68064880371094,216.84519958496094,0.16455140709877014,-0.04054613669402897
13,13,26,0.26413262575864793,212.24296271115543,211.89389038085938,212.50709533691406,0.6132022142410278,-0.3490695884823799
14,12,26,0.1129506176430732,206.03495282473975,206.04241943359375,206.1479034423828,0.10548420250415802,0.007466415138915175
9,18,27,0.9368457511067391,185.66535761803388,185.75099182128906,186.60220336914062,0.8512126207351685,0.08563313037157061
10,17,27,1.1122023057937622,202.88099227428435,203.05120849609375,203.99319458007812,0.9419922828674316,0.17021002292633058
11,16,27,0.9183823654055595,214.87531880646944,214.83755493164062,215.793701171875,0.956139087677002,-0.037756722271442444
12,15,27,0.0236996923526749,222.87029750003015,223.1240234375,222.8939971923828,-0.2300174981355667,0.2537171904882416
13,14,27,-0.22953886387869715,225.1449441373162,224.95193481445312,224.9154052734375,-0.03653910011053085,-0.1929997637681663
14,13,27,-0.18821954561397433,219.71141290498898,219.35723876953125,219.523193359375,0.1659660041332245,-0.35418554974719885
15,12,27,-0.18612870779819787,206.40242204275913,206.8494110107422,206.21629333496094,-0.6331138014793396,0.4469850936811417
9,19,28,0.6734464955329895,185.39814774274825,185.55198669433594,186.07159423828125,0.5196123719215393,0.1538341236114502
10,18,28,1.0729088136553764,206.6707893064618,206.8737030029297,207.7436981201172,0.8700035810470581,0.20290523260831828
11,17,28,0.626487980633974,218.22020696565508,218.37940979003906,218.84669494628906,0.4672968089580536,0.15919117167592045
12,16,28,0.43523146092891696,231.5218760830164,231.62869262695312,231.9571075439453,0.328413188457489,0.10681827247142794
13,15,28,-0.1550672276504338,232.6496656163223,232.67710876464844,232.49459838867188,-0.18251320719718933,0.02744597954675554
14,14,28,-0.11318824546411634,236.42178199546413,236.53684997558594,236.30859375,-0.22824600338935852,0.11505775792524219
15,13,28,-0.2290085171535611,221.4084061001614,221.40956115722656,221.1793975830078,-0.23015759885311127,0.001149081699550164
16,12,28,-0.30960000403225424,209.34719766028226,209.40614318847656,209.03759765625,-0.3685508072376251,0.05895080320537088
9,20,29,0.3209981879964471,186.75129795458167,186.8769073486328,187.07229614257812,0.19538940489292145,0.12560878310352563
10,19,29,-0.2700925962813199,207.99209271835164,207.84495544433594,207.7220001220703,-0.1229517012834549,-0.14714089499786498
11,18,29,0.9734268060326576,222.6365738043189,222.78240966796875,223.61000061035156,0.8275861740112305,0.14584063202142716
12,17,29,0.5557688561081886,235.1822377356887,235.29241943359375,235.73800659179688,0.44558069109916687,0.11018816500902173
13,16,29,0.17508844026364387,242.29500433317386,242.10546875,242.4700927734375,0.36462369561195374,-0.18953525534830987
14,15,29,-0.3682530293613672,244.72495774127543,245.0104522705078,244.35670471191406,-0.6537469029426575,0.28549387358129025
15,14,29,-0.2492923265323043,238.86768527086824,239.28587341308594,238.61839294433594,-0.6674671769142151,0.4181748503819108
16,13,29,-0.014447673030663282,224.98675297088224,224.6450958251953,224.97230529785156,0.3272046148777008,-0.3416522879083641
10,20,30,-0.40471589997410773,211.1255105777085,211.03594970703125,210.72079467773438,-0.31515100598335266,-0.08956489399075507
11,19,30,0.03769702022429556,225.14360791141632,225.05905151367188,225.18130493164062,0.12224499881267548,-0.08454797858837992
12,18,30,0.6984227758646011,241.5513788598776,241.63275146484375,242.2498016357422,0.6170499920845032,0.08137278378009793
13,17,30,-0.04390354309696704,247.85780735169072,247.83314514160156,247.81390380859375,-0.01924699917435646,-0.02465654392261058
14,16,30,0.1578868832672015,255.7058063540375,255.61964416503906,255.8636932373047,0.24405300617218018,-0.08616612290497869
15,15,30,0.1827995324321091,250.46879653690382,250.60519409179688,250.65159606933594,0.04640800133347511,0.136391531098634
16,14,30,0.4206349989771843,243.6759683945775,243.68124389648438,244.0966033935547,0.41535699367523193,0.005278005301952382
17,13,30,-0.607811439037323,224.20880936384202,224.16510009765625,223.6009979248047,-0.5640940070152283,-0.04371743202209477
10,21,31,-0.9453138574957848,211.37181227058173,211.20579528808594,210.42649841308594,-0.7792962193489075,-0.1660176381468773
11,20,31,-0.5374891237914562,229.51258678004146,229.3590087890625,228.97509765625,-0.38391178846359253,-0.15357733532786366
12,19,31,0.6308893106877804,243.92601071372627,243.94483947753906,244.55690002441406,0.612053394317627,0.01883591637015347
13,18,31,0.24251552365720272,254.98618320681155,254.99105834960938,255.22869873046875,0.23764200508594513,0.00487351857125759
14,17,31,-0.3059693848714232,262.23358168955895,262.20703125,261.9276123046875,-0.2794395983219147,-0.02652978654950855
15,16,31,-0.3408288496732712,263.007515861392,262.91619873046875,262.66668701171875,-0.24949869513511658,-0.09133015453815463
16,15,31,-0.1419767286069691,256.7972806836851,256.73583984375,256.6553039550781,-0.08054029941558838,-0.06143642919138073
17,14,31,-0.3195930157229304,243.89458996396513,243.9455108642578,243.5749969482422,-0.37051311135292053,0.050920095629990114
11,21,32,-0.9152149769663811,231.11492200821638,231.0362091064453,230.19970703125,-0.8365079760551453,-0.07870700091123584
12,20,32,-0.13703109312802553,249.7760386614874,249.72291564941406,249.63900756835938,-0.08391519635915756,-0.053115896768867965
13,19,32,0.11608516088686884,259.18671024926937,259.2110290527344,259.30279541015625,0.0917631983757019,0.02432196251116693
14,18,32,-0.45777039654552937,271.4569769395143,271.4070129394531,270.99920654296875,-0.40780800580978394,-0.04996239073574543
15,17,32,-0.7621853111684322,270.9276821373403,270.8518371582031,270.1654968261719,-0.6863495707511902,-0.07583574041724206
16,16,32,0.5014917545020581,271.91281488612293,271.7801513671875,272.414306640625,0.6341367959976196,-0.13264504149556156
17,15,32,-0.5851878604292869,258.3010997256637,258.3169860839844,257.7159118652344,-0.6010856032371521,0.015897742807865156
18,14,32,-0.7720899203419685,246.45418830901383,246.40028381347656,245.68209838867188,-0.7181848287582397,-0.053905091583728804
11,22,33,-1.0035856890678405,234.00578295469285,233.96755981445312,233.002197265625,-0.9653645753860474,-0.03822111368179315
12,21,33,-0.8585370442271233,252.2051404377818,252.00245666503906,251.3466033935547,-0.6558606028556824,-0.20267644137144092
13,20,33,0.7126603266596794,264.6880354741216,264.68035888671875,265.40069580078125,0.7203323841094971,-0.007672057449817693
14,19,33,-0.12196427538059652,275.9781654472556,275.91497802734375,275.856201171875,-0.05876680091023445,-0.06319747447036207
15,18,33,-0.8988472241163253,281.0133491772413,280.95562744140625,280.114501953125,-0.8411409258842468,-0.05770629823207851
16,17,33,-0.02782407577848062,280.39351621445036,280.42181396484375,280.3656921386719,-0.05610319972038269,0.02827912394190207
17,16,33,0.09911627613939344,273.9938707844075,274.05694580078125,274.0929870605469,0.03606190159916878,0.06305437454022467
18,15,33,-0.8486610952019692,261.64306417137385,261.6555480957031,260.7944030761719,-0.8611447215080261,0.012483626306056927
11,23,34,-0.8731770244240761,234.30747267872096,234.13888549804688,233.43429565429688,-0.7045817971229553,-0.16859522730112075
12,22,34,-0.9586079174280167,256.6420033031702,256.71331787109375,255.6833953857422,-1.0299246311187744,0.07131671369075776
13,21,34,0.8014733317494392,267.1114295002818,267.2519226074219,267.91290283203125,0.6609796285629272,0.140493703186512
14,20,34,0.25929110057651994,283.4069991826266,283.4636535644531,283.6662902832031,0.20265939831733704,0.0566317022591829
15,19,34,-0.9517395412921905,287.38032840847967,287.2383117675781,286.4285888671875,-0.8097103834152222,-0.14202915787696835
16,18,34,-0.08176027451176196,291.863559590918,291.8389587402344,291.78179931640625,-0.0571524016559124,-0.02460787285584956
17,17,34,0.035139868749538436,285.5825664300786,285.56500244140625,285.6177062988281,0.05269959941506386,-0.017559730665525422
18,16,34,0.06901072697713971,278.654896743726,278.7208557128906,278.7239074707031,0.003038400085642934,0.06597232689149678
12,23,35,-0.7908233317732811,257.60051571458575,257.4681701660156,256.8096923828125,-0.6584830284118652,-0.1323403033614159
13,22,35,0.10460734596592375,272.43930744895596,272.5493469238281,272.5439147949219,-0.005450500175356865,0.11005784614128061
14,21,35,0.7659601026773453,285.8499456590414,285.93475341796875,286.61590576171875,0.6811460256576538,0.08481407701969146
15,20,35,-0.8151019108295441,295.7818987858295,295.6187438964844,294.966796875,-0.6519359946250916,-0.16316591620445253
16,19,35,-0.18257017828524114,298.9167620728165,298.8247985839844,298.73419189453125,-0.09058850258588791,-0.09198167569935323
17,18,35,-0.3862149031460285,298.2089077742398,298.20977783203125,297.82269287109375,-0.38706499338150024,0.0008500902354717232
18,17,35,-0.21249993931502104,291.4476989139244,291.461181640625,291.2351989746094,-0.22597350180149078,0.013473562486469748
19,16,35,-0.3704390802979469,278.8824324885011,278.804443359375,278.5119934082031,-0.292431503534317,-0.0780075767636299
12,24,36,-0.53091138869524,260.941006603539,260.79913330078125,260.41009521484375,-0.3890272080898285,-0.14188418060541153
13,23,36,0.7402036672830582,274.28060932099817,274.4465637207031,275.02081298828125,0.5742455720901489,0.16595809519290927
14,22,36,0.6542840020358562,291.71510076358913,292.05072021484375,292.369384765625,0.31868359446525574,0.3356004075706005
15,21,36,0.1352676892001182,299.105729625253,299.0832824707031,299.2409973144531,0.1577087938785553,-0.0224411046784371
16,20,36,-0.025237576513318344,308.67803909018517,308.71405029296875,308.6528015136719,-0.061239998787641525,0.03600242227432318
17,19,36,-0.7749945941567421,306.88497994571924,306.78955078125,306.1099853515625,-0.6795591711997986,-0.09543542295694352
18,18,36,0.14837317219004034,306.7038301969506,306.71673583984375,306.8522033691406,0.13545440137386322,0.012918770816177122
19,17,36,-0.7704888686537743,293.2077752456069,293.1200256347656,292.4372863769531,-0.6827387809753418,-0.08775008767843251
20,16,36,-0.39104230388998984,281.37083966717125,281.3716735839844,280.97979736328125,-0.3918763995170593,0.0008340956270694866
12,25,37,-0.3811072141677141,261.11001956768337,261.03912353515625,260.7289123535156,-0.3102254867553711,-0.070881727412343
13,24,37,0.7692309719324112,278.4557751315832,278.65869140625,279.2250061035156,0.5663080215454102,0.20292295038700103
14,23,37,0.8807400625944137,294.2439547616243,294.2574157714844,295.12469482421875,0.8672779202461243,0.013462142348289463
15,22,37,-0.1411957093514502,305.7476105042733,305.8995666503906,305.6064147949219,-0.29317569732666016,0.15197998797520995
16,21,37,0.2863555454835296,313.1473297572509,313.01763916015625,313.4336853027344,0.41605690121650696,-0.12970135573297736
17,20,37,-0.4621474339067936,317.2298476292193,317.1004333496094,316.7677001953125,-0.33271920680999756,-0.12942822709679602
18,19,37,0.28707188986241816,315.46964197732507,315.50421142578125,315.7567138671875,0.2524977922439575,0.03457409761846064
19,18,37,0.335892332047224,308.5299218769371,308.5743713378906,308.8658142089844,0.2914240062236786,0.04446832582354543
20,17,37,-0.4975811652839184,296.19759337231517,296.1278991699219,295.70001220703125,-0.4278979003429413,-0.0696832649409771
14,24,38,0.9811303707957267,299.5924780276418,299.9275207519531,300.5736083984375,0.6460713744163513,0.3350589963793754
15,23,38,0.014913260778412223,309.6420996786747,309.596435546875,309.6570129394531,0.06055380031466484,-0.04564053953625262
16,22,38,0.21980010733008384,320.95939911141994,321.0537414550781,321.17919921875,0.12544980645179749,0.09435030087828636
17,21,38,-0.317126090824604,323.22731285840274,323.20831298828125,322.9101867675781,-0.2981046140193939,-0.019021476805210102
18,20,38,0.4284115880727768,327.3226870447397,327.3426513671875,327.7510986328125,0.4084334075450897,0.019978180527687073
19,19,38,0.2969465193897486,320.7676591935009,320.646240234375,321.0646057128906,0.4183466136455536,-0.121400094255805
20,18,38,0.4406768302619457,313.1242340584099,313.12164306640625,313.5649108886719,0.4432508051395416,-0.0025739748775959193
14,25,39,1.1345424103736876,301.55726056814194,301.5081787109375,302.6918029785156,1.1836073398590088,-0.04906492948532115
15,24,39,-0.12907236488536,315.90028208168224,315.8208312988281,315.7712097167969,-0.049633901566267014,-0.07943846331909299
16,23,39,0.21247538104653357,325.48771993145346,325.426513671875,325.7001953125,0.273677796125412,-0.061202415078878414
17,22,39,0.21073472041636707,331.201466207318,331.28173828125,331.4122009277344,0.13047519326210022,0.08025952715426685
18,21,39,0.5354956436157227,333.93429195404053,333.94134521484375,334.46978759765625,0.5284467935562134,0.007048850059509282
19,20,39,0.28606191705912354,333.577249850519,333.7239990234375,333.8633117675781,0.13929380476474762,0.14676811229437592
20,19,39,0.45243633598089217,326.28886615425347,326.41717529296875,326.7413024902344,0.32412710785865784,0.12830922812223433
21,18,39,0.22834637053310872,312.4599470864981,312.52484130859375,312.68829345703125,0.1634574979543686,0.06488887257874013
14,26,40,1.1282680171728134,305.9923374515772,306.2330017089844,307.12060546875,0.887611985206604,0.24065603196620944
15,25,40,-0.03852970574516803,319.28932316277644,319.2567138671875,319.25079345703125,-0.0059079998172819614,-0.03262170592788607
16,24,40,-0.002229793529259041,333.21072588727924,333.17303466796875,333.20849609375,0.03548000007867813,-0.03770979360793717
17,23,40,-0.1018178948177956,337.17051296317715,337.1106262207031,337.0686950683594,-0.04193999990820885,-0.059877894909586754
18,22,40,0.5254424014687538,343.7949616512656,343.81036376953125,344.3204040527344,0.5100240111351013,0.015418390333652443
19,21,40,0.23891745030879974,341.4441880184412,341.52362060546875,341.68310546875,0.1594720035791397,0.07944544672966003
20,20,40,0.6465583893656731,341.95604170829057,342.05218505859375,342.60260009765625,0.5504159927368164,0.09614239662885671
21,19,40,0.2660408788919449,326.80524818360806,326.94677734375,327.0712890625,0.12451200187206268,0.1415288770198822
22,18,40,0.18139756117016076,314.5458973607048,314.634521484375,314.727294921875,0.0927719995379448,0.08862556163221597
15,26,41,0.28201013777405026,324.0945767762885,324.1686096191406,324.3765869140625,0.2079966962337494,0.07401344154030087
16,25,41,-0.3588010347634554,337.5505124605447,337.4150695800781,337.19171142578125,-0.22336779534816742,-0.13543323941528795
17,24,41,0.11889872219413519,344.9847084555402,344.93133544921875,345.1036071777344,0.17226870357990265,-0.05336998138576746
18,23,41,0.51604691401124,349.8562675391138,349.9093017578125,350.372314453125,0.46299469470977783,0.0530522193014622
19,22,41,0.5110976037383079,351.64490825563666,351.6189880371094,352.156005859375,0.5370029211044312,-0.025905317366123226
20,21,41,0.6244050139188766,350.13319386303425,350.4150085449219,350.7575988769531,0.3425925076007843,0.2818125063180923
21,20,41,0.5744305542111396,342.89135924071076,343.1371154785156,343.4657897949219,0.32868608832359314,0.2457444658875465
22,19,41,0.38484271556138994,329.3430625578761,329.4099426269531,329.7279052734375,0.3179551064968109,0.06688760906457902
15,27,42,0.847275924384594,326.0870197299123,326.1683044433594,326.9342956542969,0.7659875750541687,0.08128834933042528
16,26,42,-0.4441828632354736,344.1503901386261,344.1155700683594,343.7062072753906,-0.4093550145626068,-0.03482784867286681
17,25,42,-0.2874076348543167,350.5938956719637,350.5272216796875,350.3064880371094,-0.220728799700737,-0.0666788351535797
18,24,42,0.3932192629575729,359.22607394993304,359.3357849121094,359.6192932128906,0.2835077941417694,0.10971146881580351
19,23,42,0.30245309613645077,359.10965627886355,359.1528015136719,359.412109375,0.2593018114566803,0.043151284679770474
20,22,42,0.6744994989037514,361.79971314758063,361.8957214355469,362.4742126464844,0.5784868001937866,0.09601269870996476
21,21,42,0.5071375307440757,354.8687474790215,354.68707275390625,355.3758850097656,0.688827395439148,-0.1816898646950722
22,20,42,0.5883379945158959,346.885752581656,346.8880920410156,347.4740905761719,0.5860199928283691,0.002318001687526716
16,27,43,-0.11543554842006415,346.7845334488107,346.7445983886719,346.6690979003906,-0.07548680156469345,-0.0399487468553707
17,26,43,-0.4522835332155228,357.8604866582155,357.9263000488281,357.408203125,-0.5180895924568176,0.06580605924129485
18,25,43,0.332847903445363,364.91464965514837,364.9942321777344,365.24749755859375,0.2532573938369751,0.07959050960838793
19,24,43,0.5105740755796433,368.7552340298891,368.7774658203125,369.26580810546875,0.48832279443740845,0.022251281142234847
20,23,43,0.581013267338276,369.7460741350055,369.82861328125,370.32708740234375,0.4984920918941498,0.08252117544412618
21,22,43,0.5537918780744076,366.90641320005057,366.8255310058594,367.460205078125,0.6346604824066162,-0.08086860433220866
22,21,43,0.5688506942987442,359.33166200101374,359.1706237792969,359.9005126953125,0.7298678159713745,-0.16101712167263027
23,20,43,0.3708781060576439,346.90051471620797,346.9890441894531,347.2713928222656,0.2823452949523926,0.0885328111052513
16,28,44,0.3106021425873041,351.80530361913145,351.8246765136719,352.11590576171875,0.29122239351272583,0.01937974907457829
17,27,44,-0.6295597571134567,362.3962528723478,362.31707763671875,361.7666931152344,-0.5503671765327454,-0.07919258058071132
18,26,44,-0.07526397297391668,373.73047637531766,373.72900390625,373.65521240234375,-0.07380840182304382,-0.0014555711508728586
19,25,44,0.1756994278728962,375.9507043807209,376.0549011230469,376.12640380859375,0.0714987963438034,0.10420063152909279
20,24,44,0.6055436454713344,380.8348555244505,380.95977783203125,381.4403991699219,0.48061639070510864,0.12492725476622579
21,23,44,0.09070563584100455,376.3666002723621,376.5247497558594,376.4573059082031,-0.06744199991226196,0.1581476357532665
22,22,44,0.3855608958005905,375.4694500905275,375.4749450683594,375.8550109863281,0.3800539970397949,0.0055068987607955755
23,21,44,0.09414011610671878,360.8001469932683,360.95208740234375,360.894287109375,-0.05779479816555977,0.15193491427227857
24,20,44,0.30612068369984624,349.6856700877845,349.7835693359375,349.9917907714844,0.2082339972257614,0.09788668647408483
17,28,45,-0.30425691392272713,368.3302578904852,368.1719665527344,368.0260009765625,-0.1459594964981079,-0.15829741742461922
18,27,45,-0.3932030541449785,379.0524132592231,378.8978576660156,378.6592102050781,-0.23866699635982513,-0.1545360577851534
19,26,45,0.2952429886162281,384.8866417770088,384.9603576660156,385.181884765625,0.2215384989976883,0.07370448961853981
20,25,45,0.46984267234802246,388.3359434604645,388.3746032714844,388.8057861328125,0.43119850754737854,0.03864416480064392
21,24,45,0.39848071843385696,387.8241144964099,387.85235595703125,388.22259521484375,0.3702549934387207,0.02822572499513626
22,23,45,0.18086744027212262,384.94114183707165,385.0079345703125,385.12200927734375,0.11405549943447113,0.06681194083765149
23,22,45,0.26080036871135237,377.02530192621055,377.1017761230469,377.2861022949219,0.18432700634002686,0.07647336237132552
24,21,45,0.32778172053396704,364.0130080743879,363.9477844238281,364.3407897949219,0.39301300048828125,-0.06523127995431421
17,29,46,-0.639354113638401,371.73466051012275,371.7156677246094,371.0953063964844,-0.6203821897506714,-0.018971923887729614
18,28,46,-0.6430360114574433,387.0157471930981,386.9696350097656,386.3727111816406,-0.5969409942626953,-0.046095017194747956
19,27,46,-0.29201265923678876,391.8064169561118,391.8299560546875,391.514404296875,-0.31556880474090576,0.023556145504117
20,26,46,0.4051854382455349,398.7471277941763,398.7733154296875,399.1523132324219,0.3789992034435272,0.026186234802007657
21,25,46,-0.0054824314592406154,396.6651809177874,396.61297607421875,396.6596984863281,0.04671100154519081,-0.052193433004431425
22,24,46,-0.09882771081989632,398.04752766199175,398.197265625,397.9486999511719,-0.24856579303741455,0.14973808221751822
23,23,46,-0.4264296977221966,390.5398330180347,390.362548828125,390.1134033203125,-0.24914580583572388,-0.1772838918864727
24,22,46,0.03908134167664684,381.8230097227765,381.9758605957031,381.8620910644531,-0.11377180367708206,0.1528531453537289
25,21,46,-0.1591425680462271,364.2201472067181,364.13970947265625,364.0610046386719,-0.07870300114154816,-0.08043956690467893
18,29,47,-0.7534373867511749,390.5835460293293,390.636962890625,389.8301086425781,-0.8068749904632568,0.05343760371208195
19,28,47,-0.37520496770739553,400.1580113641918,400.1993408203125,399.7828063964844,-0.41653650999069214,0.04133154228329661
20,27,47,0.016523429155349732,406.0218676841259,406.0496826171875,406.03839111328125,-0.011275599710643291,0.027799028865993024
21,26,47,0.22838394932448863,407.2380161971599,407.2594909667969,407.4664001464844,0.20689739286899567,0.021486556455492967
22,25,47,-0.25904113214463,407.0112383977696,407.07794189453125,406.752197265625,-0.3257274925708771,0.0666863604262471
23,24,47,-0.16807326558977365,403.46085891012103,403.3650207519531,403.29278564453125,-0.0722355991601944,-0.09583766642957925
24,23,47,-0.08972972230985761,395.28284495668487,395.1387023925781,395.193115234375,0.054385099560022354,-0.14411482186987995
25,22,47,-0.14683195298537613,382.20133634751664,382.3596496582031,382.05450439453125,-0.3051499128341675,0.15831795984879135
18,30,48,-0.30832386210560797,395.7843370456994,395.6959533691406,395.47601318359375,-0.21994879841804504,-0.08837506368756293
19,29,48,-0.5416587023437023,404.84115821406243,404.8431701660156,404.29949951171875,-0.5436552166938782,0.001996514350175893
20,28,48,-0.38452946618199346,415.98014103844764,416.0011901855469,415.5956115722656,-0.4055967926979065,0.021067326515913032
21,27,48,-0.20754139848053454,415.5185460371524,415.4980773925781,415.3110046386719,-0.18706560134887695,-0.02047579713165759
22,26,48,-0.19593488730490208,418.7515379146487,418.70458984375,418.55560302734375,-0.1489855945110321,-0.04694929279386997
23,25,48,-0.7463065692782402,413.806792409122,413.90728759765625,413.06048583984375,-0.8467928171157837,0.10048624783754345
24,24,48,-0.010533523968188092,411.67804451029633,411.46826171875,411.6675109863281,0.1992456018924713,-0.20977912586065942
25,23,48,-0.6134530566632748,397.02736296877265,397.1612243652344,396.4139099121094,-0.7473351955413818,0.13388213887810707
26,22,48,-0.14428712444379926,385.00518800335004,385.0908203125,384.86090087890625,-0.2299191951751709,0.08563207073137163
19,30,49,0.10230976555496454,410.2295994141325,410.2414855957031,410.3319091796875,0.09041029959917068,0.011899465955793859
20,29,49,-0.7736437574028969,421.21984126716853,421.14764404296875,420.4461975097656,-0.701449990272522,-0.07219376713037495
21,28,49,-0.4466640585660934,425.66645165622236,425.62774658203125,425.21978759765625,-0.4079445004463196,-0.038719558119773845
22,27,49,-0.39340505585074426,426.97070608124136,426.8469543457031,426.5773010253906,-0.2696624994277954,-0.12374255642294885
23,26,49,-0.26236632265150545,425.6005621234328,425.4627685546875,425.33819580078125,-0.12456150352954865,-0.1378048191219568
24,25,49,-0.24284166902303694,421.89164537996055,422.05059814453125,421.6488037109375,-0.4018073081970215,0.15896563917398454
25,24,49,-0.21302996508777142,413.4824391447753,413.55584716796875,413.2694091796875,-0.28643500804901123,0.07340504296123981
26,23,49,-0.15600313682109118,399.9728976680711,399.904296875,399.81689453125,-0.0873928964138031,-0.06861024040728808
19,31,50,-0.38381600365042684,414.4425013063848,414.4291687011719,414.0586853027344,-0.3704650104045868,-0.013350993245840048
20,30,50,0.07177341651171446,427.52493678856644,427.5082092285156,427.5967102050781,0.08850499987602234,-0.016731583364307884
21,29,50,-0.5390751695632935,431.66376999378207,431.6737365722656,431.12469482421875,-0.5490350127220154,0.009959843158721893
22,28,50,-0.3485970302671194,437.7507881923765,437.7861328125,437.4021911621094,-0.38393500447273254,0.03533797420561313
23,27,50,-0.7320230448246002,435.0074136698246,434.795166015625,434.275390625,-0.519760012626648,-0.21226303219795228
24,26,50,-0.078113810447976,434.9713022870105,435.0509338378906,434.8931884765625,-0.15773999691009521,0.07962618646211922
25,25,50,-0.5421352498233318,426.86012841388583,426.6341247558594,426.3179931640625,-0.31611499190330505,-0.22602025792002678
26,24,50,0.051303064688108864,417.6567047478119,417.70135498046875,417.7080078125,0.006659999955445528,0.044643064732663336
27,23,50,-0.6023747602105141,400.1003606000543,400.03192138671875,399.49798583984375,-0.533935010433197,-0.06843974977731704
19,32,51,0.03002289533847943,419.2468630909896,419.2880859375,419.2768859863281,-0.011184999719262123,0.041207895057741556
20,31,51,-0.7673444771766662,432.48743725061416,432.3226013183594,431.7200927734375,-0.6024885177612305,-0.16485595941543574
21,30,51,0.18477043947204946,438.50141730466856,438.4582824707031,438.6861877441406,0.22791369259357452,-0.04314325312152506
22,29,51,-0.4785193924605846,444.09112925574186,444.1585388183594,443.61260986328125,-0.5459511876106262,0.0674317951500416
23,28,51,-0.4317719021439552,445.81687322050334,445.8463439941406,445.3851013183594,-0.46124520897865295,0.029473306834697732
24,27,51,-0.2724823247641325,444.42418520562353,444.3116149902344,444.1517028808594,-0.1599072962999344,-0.11257502846419809
25,26,51,-0.2312404116988182,440.17173113435507,440.32177734375,439.94049072265625,-0.3812702000141144,0.15002978831529618
26,25,51,-0.10267524670809508,431.3762653345987,431.4853820800781,431.2735900878906,-0.21178269386291504,0.10910744715481996
27,24,51,-0.05259212320437655,417.82419856851686,417.8559875488281,417.7716064453125,-0.08439990133047104,0.03180777812609449
19,33,52,-0.5700972998142242,422.0049117529392,421.9815673828125,421.434814453125,-0.5467755794525146,-0.02332172036170954
20,32,52,-0.13509922241792083,438.2839029333554,438.327880859375,438.1488037109375,-0.17906920611858368,0.04396998370066285
21,31,52,-0.013587354815099388,443.74970185676824,443.8028259277344,443.7361145019531,-0.06671400368213654,0.05312664886703715
22,30,52,0.3329144912958145,451.8927935165167,451.974609375,452.2257080078125,0.2510963976383209,0.0818180936574936
23,29,52,-0.6484650796651841,453.2633637613058,453.1575927734375,452.6148986816406,-0.5426880121231079,-0.10577706754207616
24,28,52,-0.20445571437478066,456.39924941554665,456.3517150878906,456.1947937011719,-0.1569191962480545,-0.04753651812672616
25,27,52,-0.659098984003067,450.79758775353434,450.86126708984375,450.13848876953125,-0.7227523922920227,0.06365340828895572
26,26,52,0.1140439478866756,447.6943666966446,447.6996154785156,447.80841064453125,0.10878919810056686,0.005254749786108737
27,25,52,-0.45338752135634425,432.80498053893444,432.92913818359375,432.3515930175781,-0.5775511860847473,0.12416366472840307
28,24,52,0.04729841509833932,420.30630876263604,420.3626708984375,420.3536071777344,-0.009080399759113789,0.05637881485745311
19,34,53,-0.3833198631554842,425.1354255760461,425.21099853515625,424.7521057128906,-0.45888641476631165,0.07556655161082743
20,33,53,-0.8192304795980454,441.47743360459805,441.5206298828125,440.658203125,-0.8624234199523926,0.043192940354347176
21,32,53,0.36435325399041174,450.0685385917127,450.1201171875,450.4328918457031,0.31277748942375183,0.05157576456665991
22,31,53,0.21531260499730706,457.2350963305496,457.44964599609375,457.4504089355469,0.000743200012948364,0.2145694049843587
23,30,53,0.017442449963418767,461.67954851683345,461.6375427246094,461.6969909667969,0.059447500854730606,-0.04200505089131184
24,29,53,-0.5223322628438473,464.28743846401574,464.2911376953125,463.7651062011719,-0.5260459184646606,0.003713655620813383
25,28,53,-0.30286028027534484,462.954868336916,462.9115295410156,462.6520080566406,-0.2595294117927551,-0.04333086848258971
26,27,53,-0.12134291376918555,458.45013930048793,458.3863220214844,458.32879638671875,-0.05752050131559372,-0.06382241245359183
27,26,53,0.025259031869936735,449.3393344739894,449.31585693359375,449.3645935058594,0.04873659834265709,-0.023477566472720354
28,25,53,-0.035475463094189766,435.4742877189536,435.5049743652344,435.4388122558594,-0.06616970151662827,0.0306942384224385
20,34,54,-0.3351623299717903,445.4126769784093,445.36480712890625,445.0775146484375,-0.2873218059539795,-0.047840524017810804
21,33,54,0.10805788441561162,453.79773435191254,453.8598327636719,453.9057922363281,0.04597900062799454,0.062078883787617084
22,32,54,0.7504746851325035,464.3274366918206,464.38336181640625,465.0779113769531,0.6945481896400452,0.05592649549245832
23,31,54,0.09280038494151086,467.68310903888664,467.7554626464844,467.7759094238281,0.020437199622392654,0.0723631853191182
24,30,54,-0.19257839858531953,474.05769070327284,474.0102233886719,473.8651123046875,-0.14512880146503448,-0.04744959712028504
25,29,54,-0.7516339853405952,471.9126447275281,471.8507385253906,471.1610107421875,-0.6897472143173218,-0.061886771023273446
26,28,54,0.025624217477161437,471.78446489385095,471.7647705078125,471.8100891113281,0.045331601053476334,-0.019707383576314897
27,27,54,-0.2532023728080094,462.96490281226113,462.7378845214844,462.7117004394531,-0.026174599304795265,-0.22702777350321413
28,26,54,0.24843977481126786,453.23636247128246,453.2237854003906,453.48480224609375,0.26102879643440247,-0.012589021623134605
20,35,55,-0.8199019414186478,447.0105147343874,446.9259338378906,446.19061279296875,-0.7353299856185913,-0.0845719558000565
21,34,55,0.3075629637390375,458.3896416261047,458.3353271484375,458.69720458984375,0.3618830144405365,-0.05432005070149898
22,33,55,0.45742800295352937,468.33535764157773,468.5433349609375,468.79278564453125,0.2494720071554184,0.20795599579811097
23,32,55,0.5551986858248711,475.1367873981595,475.05364990234375,475.6919860839844,0.6383494734764099,-0.08315078765153883
24,31,55,0.10494342203252018,480.0612553084362,480.2565002441406,480.16619873046875,-0.09029100090265274,0.1952344229351729
25,30,55,-0.44809315890073775,482.1221959421039,482.07635498046875,481.6741027832031,-0.4022584855556488,-0.04583467334508895
26,29,55,-0.35644424259662627,481.0016468793154,481.0628967285156,480.64520263671875,-0.4176954925060272,0.06125124990940095
27,28,55,-0.09506971619091928,476.7946546771284,476.8291320800781,476.6995849609375,-0.12952199578285217,0.034452279591932894
28,27,55,-0.020659907367662527,467.4861750440864,467.3527526855469,467.46551513671875,0.11276250332593918,-0.1334224106936017
29,26,55,-0.13774293344467878,452.71013062875716,452.8698425292969,452.5723876953125,-0.2974349856376648,0.15969205219298602
20,36,56,-0.36902775689959527,449.9286285869777,449.8572692871094,449.5596008300781,-0.2976624071598053,-0.07136534973978997
21,35,56,0.023240755815058946,461.03446798441934,461.08038330078125,461.0577087402344,-0.022673599421977997,0.04591435523703694
22,34,56,0.8159137374162674,473.9616741532087,474.2051696777344,474.777587890625,0.5724279880523682,0.24348574936389922
23,33,56,0.4076504398882389,480.16055634722113,480.1832275390625,480.5682067871094,0.3849664032459259,0.022684036642313
24,32,56,0.5468161505460739,488.48779078304767,488.50262451171875,489.03460693359375,0.531989574432373,0.014826576113700862
25,31,56,-0.40813097342848775,489.3153270183504,489.3468017578125,488.9071960449219,-0.439604789018631,0.03147381559014323
26,30,56,-0.15409254116937518,492.2328889278881,492.25994873046875,492.07879638671875,-0.181152805685997,0.02706026451662183
27,29,56,-0.4099600887298584,486.76747351646424,486.91094970703125,486.3575134277344,-0.5534616112709045,0.14350152254104614
28,28,56,0.2605676233023405,483.8442297399789,483.9957275390625,484.10479736328125,0.10905840247869492,0.1515092208236456
29,27,56,-0.44475575491786,467.86244984671475,467.93548583984375,467.4176940917969,-0.5177791714668274,0.07302341654896738
21,36,57,0.05576145274331793,464.98482692616295,465.0155029296875,465.04058837890625,0.025103799998760223,0.030657652744557708
22,35,57,0.4637611719965935,477.03724590808156,477.2553405761719,477.5010070800781,0.2456544041633606,0.2181067678332329
23,34,57,0.6449688917398453,486.44902524888516,486.5062255859375,487.093994140625,0.5877881050109863,0.05718078672885896
24,33,57,0.5806405586004257,493.6985647636652,493.81378173828125,494.2792053222656,0.46541139483451843,0.1152291637659073
25,32,57,0.16171286525204778,498.0007016855292,497.99273681640625,498.16241455078125,0.1696677953004837,-0.007954930048435921
26,31,57,-0.22964431446045638,499.85803176563235,499.9061279296875,499.6283874511719,-0.27772530913352966,0.04808099467307328
27,30,57,-0.1488070751540363,498.3233065868728,498.28741455078125,498.17449951171875,-0.112916499376297,-0.0358905757777393
28,29,57,-0.08239262052811683,494.10378544279376,494.2433776855469,494.0213928222656,-0.22197480499744415,0.13958218446932733
29,28,57,-0.0586835013970267,484.535978423272,484.68609619140625,484.477294921875,-0.20878219604492188,0.15009869464789516
21,37,58,-0.2827101806551218,467.1660109619051,467.1867370605469,466.88330078125,-0.3034287989139557,0.020718618258833865
22,36,58,0.7009516242146492,482.05124564141033,481.84246826171875,482.752197265625,0.9097179770469666,-0.20876635283231737
23,35,58,0.40173484683036803,490.423552018404,490.57305908203125,490.8252868652344,0.2522520124912262,0.14948283433914183
24,34,58,0.6555807474255562,501.30550934046505,501.3519287109375,501.9610900878906,0.6091753840446472,0.04640536338090895
25,33,58,0.1317586709652096,504.2824564169254,504.40533447265625,504.4142150878906,0.008859599940478802,0.1228990710247308
26,32,58,0.10122523350641131,509.7693802352436,509.95068359375,509.87060546875,-0.08009719848632812,0.18132243199273945
27,31,58,-0.24540505796670914,506.93330178648233,506.8603820800781,506.6878967285156,-0.17247019708156586,-0.07293486088514328
28,30,58,0.29069789849221706,506.40141025580465,506.4595947265625,506.6921081542969,0.2324981987476349,0.05819969974458217
29,29,58,-0.3088444738090038,497.189947989434,497.1162414550781,496.881103515625,-0.23513680696487427,-0.07370766684412955
30,28,58,0.35109203308820724,486.86201221495867,486.96490478515625,487.2131042480469,0.24819140136241913,0.10290063172578812
21,38,59,-0.40684480041265486,470.5923306402564,470.6080322265625,470.18548583984375,-0.4225307106971741,0.01568591028451921
23,36,59,0.5129403740167617,495.8081655830145,495.82440185546875,496.32110595703125,0.49669939279556274,0.01624098122119899
24,35,59,0.5574804615974426,505.5158227610588,505.54736328125,506.07330322265625,0.5259295105934143,0.03155095100402827
25,34,59,0.3870380824804306,512.1486674839258,512.1744384765625,512.5357055664062,0.3612784147262573,0.025759667754173265
26,33,59,0.1774096978828311,516.2381176458672,516.5316772460938,516.41552734375,-0.11620140075683594,0.29361109863966706
27,32,59,0.08037525745108724,517.3205036487989,517.314208984375,517.40087890625,0.08666390180587769,-0.006288644354790443
28,31,59,0.10289335042238236,515.5230832120776,515.4588623046875,515.6259765625,0.16711920499801636,-0.064225854575634
29,30,59,0.09456020269542932,509.8168472680077,509.878173828125,509.9114074707031,0.03324069827795029,0.061319504417479034
30,29,59,0.08131599158979952,500.0252819088008,499.9530334472656,500.1065979003906,0.15356819331645966,-0.07225220172666014
22,38,60,0.2772516880184412,489.0958562221378,489.1671447753906,489.37310791015625,0.2059520035982132,0.071299684420228
23,37,60,0.19257901970297098,499.426805745922,499.37249755859375,499.619384765625,0.2468940019607544,-0.05431498225778342
24,36,60,0.39427000559866426,512.1170214983076,512.4112548828125,512.5112915039062,0.10004399716854095,0.2942260084301233
25,35,60,0.14835470793768762,517.5625217569061,517.6883544921875,517.7108764648438,0.022547999396920204,0.12580670854076742
26,34,60,0.29079593330621717,525.2601073870063,525.3512573242188,525.5509033203125,0.19966599345207214,0.09112993985414503
27,33,60,-0.006387856972869485,524.8005162749416,524.80615234375,524.7941284179688,-0.012051999568939209,0.005664142596069724
28,32,60,0.30366822466254234,526.9724548222125,526.8466186523438,527.276123046875,0.4294860064983368,-0.12581778183579445
29,31,60,-0.2661193788796663,519.888006585911,519.936279296875,519.6218872070312,-0.31438198685646057,0.04826260797679427
30,30,60,0.5047785644233227,515.0284245605767,514.983154296875,515.533203125,0.550055980682373,-0.04527741625905035
23,38,61,0.04812983138486743,504.43526860611513,504.5335388183594,504.4833984375,-0.05014370009303093,0.09827353147789836
24,37,61,0.175111762015149,516.0620098200161,516.070556640625,516.2371215820312,0.16652260720729828,0.008589154807850718
25,36,61,0.16715789925307034,524.4089529405907,524.5338745117188,524.5761108398438,0.042242299765348434,0.1249155994877219
26,35,61,0.1854437458515167,530.9020806682109,530.9298706054688,531.0875244140625,0.15761539340019226,0.02782835245132445
27,34,61,0.12597703720442952,534.1175532362331,534.1251831054688,534.2435302734375,0.11828900128602982,0.007688035918399699
28,33,61,0.14549019493162632,534.7830376370996,534.6666870117188,534.9285278320312,0.2617858946323395,-0.11629569970071316
29,32,61,0.19303347654640673,531.4982507031411,531.6464233398438,531.6912841796875,0.04489719867706299,0.14813627786934375
30,31,61,0.2802110610157251,525.1673597397655,525.2288818359375,525.4475708007812,0.21870219707489014,0.06150886394083499
31,30,61,0.2401249109208584,515.1422603429854,515.2322998046875,515.3823852539062,0.15009069442749023,0.09003421649336815
23,39,62,-0.23396826677024365,507.717061528489,507.6408996582031,507.48309326171875,-0.1578029990196228,-0.07616526775062085
24,38,62,-0.10465894411434419,522.4312580652081,522.4979858398438,522.3265991210938,-0.17140020430088043,0.06674126018653624
25,37,62,-0.15511496733874083,529.2111452407762,529.3870239257812,529.0560302734375,-0.33101239800453186,0.17589743066579103
26,36,62,0.05636093849781901,538.9702503896272,538.958740234375,539.026611328125,0.06784780323505402,-0.011486864737235009
27,35,62,-0.052699110802495855,540.808192274865,540.7227783203125,540.7554931640625,0.03274859860539436,-0.08544770940789022
28,34,62,0.09777477217372507,545.1743199543888,545.262451171875,545.2720947265625,0.009658999741077423,0.08811577243264765
29,33,62,-0.17847453366965055,540.4821854711696,540.5211791992188,540.3037109375,-0.21750180423259735,0.0390272705629468
30,32,62,0.4134872207045555,537.9588882675766,538.119384765625,538.3723754882812,0.2530038058757782,0.16048341482877732
31,31,62,-0.5980423714220524,528.2617386604845,528.156005859375,527.6636962890625,-0.49228379130363464,-0.10575858011841777
23,40,63,-0.3519514612108469,512.3126448205859,512.2391967773438,511.960693359375,-0.27849671244621277,-0.07345474876463415
24,39,63,-0.27781624503433705,525.9430994481594,525.89501953125,525.665283203125,-0.22970740497112274,-0.04810884006321431
25,38,63,-0.2031820744648576,535.7240560979023,535.8214111328125,535.5208740234375,-0.3005259931087494,0.0973439186438918
26,37,63,-0.09242439614608884,543.8748340641148,543.7876586914062,543.7824096679688,-0.005243699997663498,-0.08718069614842534
27,36,63,-0.07009831259027123,549.1892999727465,549.2212524414062,549.1192016601562,-0.10202360153198242,0.03192528894171119
28,35,63,-0.05423984808847308,552.141520121526,552.1002197265625,552.0872802734375,-0.012916499748826027,-0.041323348339647056
29,34,63,-0.002989002470858395,551.1209089243458,551.3848266601562,551.117919921875,-0.2669452130794525,0.26395621060859414
30,33,63,0.226918329000473,547.2049664366245,547.236083984375,547.431884765625,0.19584420323371887,0.03107412576675414
31,32,63,0.32474426373839377,540.6857537831366,540.787353515625,541.010498046875,0.2231179028749466,0.10162636086344717
32,31,63,0.3044843724370003,530.3701372095943,530.379150390625,530.6746215820312,0.2954478859901428,0.00903648644685745
24,40,64,-0.33242388933897016,531.5537984010577,531.427978515625,531.2213745117188,-0.2066064029932022,-0.12581748634576795
25,39,64,-0.2928922275453806,540.1287686923891,539.9946899414062,539.8358764648438,-0.1588200032711029,-0.13407222427427767
26,38,64,-0.16167358735576273,551.148795169387,551.19287109375,550.9871215820312,-0.2057832032442093,0.04410961588844656
27,37,64,-0.28764850661158564,555.2133687214554,555.2333984375,554.9257202148438,-0.307727187871933,0.020078681260347342
28,36,64,-0.19507119562476874,561.6966581096873,561.7576904296875,561.5015869140625,-0.2560768127441406,0.061005617119371885
29,35,64,-0.37897466704249383,559.2347485928237,559.3007202148438,558.8557739257812,-0.4449104070663452,0.06593574002385139
30,34,64,0.08548646573675796,559.1414422452008,559.0979614257812,559.2269287109375,0.12893520295619965,-0.04344873721944169
31,33,64,-0.37057149708271026,551.2320827275514,551.1444091796875,550.8615112304688,-0.28292879462242126,-0.08764270246028899
32,32,64,0.4363046184182167,545.7901968464255,545.8447265625,546.2265014648438,0.3817448019981384,0.05455981642007829
25,40,65,-0.31247176304459573,546.0577720560134,546.0443725585938,545.7453002929688,-0.2990429997444153,-0.013428763300180446
26,39,65,-0.12266645865514875,555.5707865758427,555.5125732421875,555.4481201171875,-0.06445500254631042,-0.05821145610883832
27,38,65,-0.17453100580722095,562.8525095214322,562.697509765625,562.677978515625,-0.019511999562382698,-0.15501900624483825
28,37,65,-0.3029057978093624,568.0583989618718,567.8557739257812,567.7554931640625,-0.10025600343942642,-0.20264979436993596
29,36,65,-0.3446565368026495,568.9031282164901,569.2113037109375,568.5584716796875,-0.6527854800224304,0.3081289432197809
30,35,65,-0.12464565467089414,567.4186520023271,567.0772705078125,567.2940063476562,0.21671000123023987,-0.34135565590113404
31,34,65,0.15457531336694955,562.902553592883,563.0404052734375,563.05712890625,0.01669350080192089,0.13788181256502866
32,33,65,0.35563281551003456,556.0716743133962,556.0787963867188,556.4273071289062,0.3485040068626404,0.00712880864739418
33,32,65,0.3149599620699883,545.4849667957425,545.7553100585938,545.7999267578125,0.04461849853396416,0.2703414635360241
25,41,66,-0.369303907379508,549.831584180817,549.898681640625,549.4622802734375,-0.43640759587287903,0.067103688493371
26,40,66,-0.08258125867694616,562.3957526453956,562.433837890625,562.3131713867188,-0.12061700224876404,0.03803574357181788
27,39,66,-0.010752141500124707,568.0587257743126,567.9921875,568.0479736328125,0.05583459883928299,-0.0665867403394077
28,38,66,-0.27759234346449374,576.7943770114332,576.8075561523438,576.5167846679688,-0.2907676100730896,0.01317526660859586
29,37,66,-0.6440266089141369,576.3386066870391,576.2772216796875,575.694580078125,-0.582617998123169,-0.06140861079096793
30,36,66,-0.2946150675415993,578.1654036417603,578.1358032226562,577.8707885742188,-0.2650110125541687,-0.029604054987430573
31,35,66,-0.2628902193903923,572.2473872897029,572.177978515625,571.9844970703125,-0.19346460700035095,-0.06942561239004136
32,34,66,0.1931349267810583,569.2430833349376,569.2789306640625,569.4362182617188,0.15727220475673676,0.03586272202432156
33,33,66,-0.6932673734426499,558.7941584867239,558.9146118164062,558.1008911132812,-0.8137243986129761,0.12045702517032619
26,41,67,0.018180111147667048,566.2332236974461,566.1456909179688,566.2514038085938,0.10569469630718231,-0.08751458515951527
27,40,67,0.18128803987056016,575.1426865695045,574.9767456054688,575.323974609375,0.3472726047039032,-0.16598456483334303
28,39,67,-0.1549145942181349,582.3920361762493,582.6152954101562,582.2371215820312,-0.378183513879776,0.2232689196616411
29,38,67,-0.44037370443344115,585.2020924544335,585.4097900390625,584.76171875,-0.6480998992919922,0.20772619485855104
30,37,67,-0.430132989436388,585.5980407042802,585.1882934570312,585.1679077148438,-0.02037779986858368,-0.4097551895678043
31,36,67,-0.2213685131072998,583.1641785717011,583.4047241210938,582.9428100585938,-0.46191099286079407,0.24054247975349427
32,35,67,0.203450796790421,578.5034583828971,578.4169311523438,578.7069091796875,0.28997719287872314,-0.08652639608830215
33,34,67,0.40126040294766424,571.4614104954899,571.548095703125,571.8626708984375,0.3146105110645294,0.08664989188313482
34,33,67,0.3737438181042671,560.5812732717395,560.7587890625,560.9550170898438,0.19619520008563995,0.17754861801862715
27,41,68,0.35067932061851026,579.563749390319,579.3688354492188,579.9144287109375,0.5455532073974609,-0.19487388677895068
28,40,68,0.06474853748921305,590.4478247046983,590.40771484375,590.5125732421875,0.10486440360546112,-0.04011586611624807
29,39,68,-0.46060786321759223,591.7367309100925,591.7286376953125,591.276123046875,-0.4525083899497986,-0.008099473267793644
30,38,68,-0.4242971706390381,595.5290945339203,595.3863525390625,595.1047973632812,-0.281576007604599,-0.1427211630344391
31,37,68,-0.6246373431384563,591.753909804076,591.6829223632812,591.1292724609375,-0.5536260008811951,-0.07101134225726125
32,36,68,-0.1349466056842357,590.6669290275593,590.7933349609375,590.531982421875,-0.2613227963447571,0.1263761906605214
33,35,68,0.05238957624882459,581.9590850331261,581.9266967773438,582.011474609375,0.08479239791631699,-0.03240282166749239
34,34,68,0.3434858223795891,576.287739763558,576.4392700195312,576.6312255859375,0.1919223964214325,0.15156342595815658
27,42,69,0.2632022266834974,585.8867001170665,586.1830444335938,586.14990234375,-0.0331277996301651,0.2963300263136625
28,41,69,0.2889105387032032,595.033416121453,594.993896484375,595.3223266601562,0.32841381430625916,-0.03950327560305594
29,40,69,-0.17460719667375088,599.94078151308,599.9691162109375,599.7661743164062,-0.2029035985469818,0.02829640187323093
30,39,69,-0.3585304344445467,602.1242164696008,601.8684692382812,601.7656860351562,-0.1027458980679512,-0.2557845363765955
31,38,69,-0.4003896449506283,601.8150624965132,601.9960327148438,601.4146728515625,-0.5813062191009521,0.18091657415032386
32,37,69,0.02479459360707551,599.0151834337366,598.9865112304688,599.0399780273438,0.0534840002655983,-0.028689406658522786
33,36,69,0.3406094568222761,593.941189859584,594.2156982421875,594.2817993164062,0.06612340360879898,0.27448605321347713
34,35,69,0.456224730014801,586.8558480238914,586.755859375,587.3120727539062,0.5562341809272766,-0.1000094509124756
35,34,69,0.37415822088718415,575.8179194158315,575.7982788085938,576.1920776367188,0.3938206136226654,-0.01966239273548126
27,43,70,0.35592819429934025,590.2828657510131,590.3938598632812,590.6387939453125,0.24493999779224396,0.11098819650709629
28,42,70,0.2132650001719594,602.236930312328,602.3004150390625,602.4501953125,0.1497810035943985,0.0634839965775609
29,41,70,0.07126007034908981,605.3407272343384,605.2805786132812,605.4119873046875,0.131414994597435,-0.06015492424834519
30,40,70,-0.2932046546787024,611.3458779945224,611.0866088867188,611.0526733398438,-0.03390200063586235,-0.25930265404284003
31,39,70,-0.6078435030579566,609.571954831183,609.649658203125,608.964111328125,-0.6855559945106506,0.07771249145269399
32,38,70,-0.2540320911258459,610.4460486926884,610.5192260742188,610.1920166015625,-0.32719600200653076,0.07316391088068486
33,37,70,0.22741154298186303,603.4123589648307,603.5087890625,603.6397705078125,0.13101300597190857,0.09639853700995446
34,36,70,0.32102267153561115,600.1897805511206,600.3223876953125,600.5108032226562,0.18843400478363037,0.13258866675198078
35,35,70,-0.26773907331749797,589.0152366319112,589.0357666015625,588.7474975585938,-0.2882480025291443,0.02050892921164632
27,44,71,0.41985726401209833,596.3128697867692,596.3101196289062,596.7327270507812,0.4225575923919678,-0.0027003283798694433
28,43,71,0.325246981754899,606.5835664948077,606.5640869140625,606.9088134765625,0.3446955978870392,-0.019448616132140162
29,42,71,-0.06898944228421897,612.8824049696279,613.086669921875,612.8134155273438,-0.27325430512428284,0.20426486284006387
30,41,71,-0.22384811140596866,617.1657426426559,616.9219360351562,616.94189453125,0.019939299672842026,-0.2437874110788107
31,40,71,-0.35582869112491605,618.9417051559686,618.949951171875,618.5858764648438,-0.36405500769615173,0.008226316571235681
32,39,71,0.030282827345654368,617.9944364109356,617.9351196289062,618.0247192382812,0.08956220000982285,-0.05927937266416848
33,38,71,0.31314467661082745,614.8068504405767,615.139404296875,615.1199951171875,-0.019385000690817833,0.3325296773016453
34,37,71,0.48569459334015846,609.7674181996285,609.6102905273438,610.2531127929688,0.6427974104881287,-0.1571028171479702
35,36,71,0.48776456221938136,602.0628335823119,602.183837890625,602.5505981445312,0.3667340874671936,0.12103047475218776
36,35,71,0.2125394958257675,590.9247896057367,591.226318359375,591.1373291015625,-0.08900099992752075,0.30154049575328823
28,44,72,0.4021762888133526,613.4047084768116,613.4552612304688,613.806884765625,0.3516503870487213,0.05052590176463129
29,43,72,0.09573023579549045,618.203464100142,618.2298583984375,618.2991943359375,0.06935679912567139,0.02637343666981906
30,42,72,-0.45860044345259665,625.7742132364214,625.8099975585938,625.3156127929688,-0.4943816065788269,0.03578116312623025
31,41,72,-0.449048797339201,625.6905649106204,625.470458984375,625.2415161132812,-0.22892959415912628,-0.22011920318007472
32,40,72,-0.24851787850260734,628.7659128980339,628.6857299804688,628.5173950195312,-0.16830480098724365,-0.08021307751536369
33,39,72,0.27043886691331864,623.4403765627742,623.5472412109375,623.7108154296875,0.1635407954454422,0.10689807146787644
34,38,72,0.3125727178156376,622.2802007196843,622.4033203125,622.5927734375,0.18950560688972473,0.12306711092591288
35,37,72,0.3415090110898018,612.8016184303165,612.8145141601562,613.1431274414062,0.32859280705451965,0.012916204035282153
36,36,72,0.1128892329428345,606.7126112553384,606.9110107421875,606.8255004882812,-0.08548960089683533,0.1983788338396698
28,45,73,0.5938805878162384,617.5330115020275,617.40869140625,618.1268920898438,0.7182382941246033,-0.12435770630836485
29,44,73,0.09775283927796409,625.4511363208783,625.505615234375,625.5488891601562,0.04329729825258255,0.05445554102538154
30,43,73,-0.3122011883556843,631.4519716961681,631.3292236328125,631.1397705078125,-0.18942150473594666,-0.12277968361973762
31,42,73,-0.6534411045908928,634.5668322178722,634.65283203125,633.9133911132812,-0.7394019961357117,0.0859608915448189
32,41,73,-0.1813256940525025,635.652639170615,635.4686279296875,635.4713134765625,0.0026499999221414328,-0.18397569397464394
33,40,73,0.2574466697126627,634.2257686623186,634.341552734375,634.4832153320312,0.14167730510234833,0.1157693646103144
34,39,73,0.4740601034462452,630.977416947335,630.8338012695312,631.4514770507812,0.6176856756210327,-0.1436255721747875
35,38,73,0.523369085341692,625.3941113834084,625.4698486328125,625.91748046875,0.4476380944252014,0.0757309909164906
36,37,73,0.36292073637247085,617.6435489901901,617.593505859375,618.0064697265625,0.4130168855190277,-0.050096149146556856
37,36,73,-0.04258216429851018,606.340799937736,606.27099609375,606.2982177734375,0.027206700295209885,-0.06978886459372007
29,45,74,0.18589491359889507,630.5542784262449,630.595703125,630.7401733398438,0.14451579749584198,0.04137911610305309
30,44,74,-0.3115907549113035,639.6568666338176,639.5638427734375,639.3452758789062,-0.21854780614376068,-0.09304294876754282
31,43,74,-0.6579096183180809,641.1670038565993,641.0744018554688,640.5090942382812,-0.5653023719787598,-0.09260724633932116
32,42,74,-0.6143729704618454,645.7231986540556,645.6648559570312,645.1088256835938,-0.5560814142227173,-0.05829155623912807
33,41,74,0.17372198700904845,642.3408043801785,642.3201293945312,642.5145263671875,0.19435200095176697,-0.020630013942718517
34,40,74,0.19452099464833736,642.8287944350392,642.8909301757812,643.0233154296875,0.13235299289226532,0.06216800175607204
35,39,74,0.43391639918088915,635.0742623117566,635.1835327148438,635.5081787109375,0.32464900612831116,0.10926739305257799
36,38,74,0.2094048098102212,631.4336005612836,631.4448852539062,631.6430053710938,0.19811399281024933,0.011290816999971864
37,37,74,-0.9352144339680671,620.2055391409993,620.2467041015625,619.2703247070312,-0.9764102101325989,0.04119577616453174
29,46,75,0.3822219257056713,637.0814011211693,637.1309814453125,637.463623046875,0.3325924873352051,0.04962943837046624
30,45,75,0.13020264240913093,644.6464697208721,644.4373779296875,644.7766723632812,0.33934250473976135,-0.20913986233063042
31,44,75,-0.6503686332702636,649.6535424613953,649.5567626953125,649.003173828125,-0.5535374879837036,-0.09683114528656
32,43,75,-0.6446237264573574,652.2857370077073,652.1707153320312,651.64111328125,-0.5296199917793274,-0.11500373467803005
33,42,75,-0.06180749219842255,652.5079134492297,652.5656127929688,652.4461059570312,-0.11951000243425369,0.057702510235831145
34,41,75,0.3246895519644022,650.9643119128793,650.9185180664062,651.2890014648438,0.3704575002193451,-0.0457679482549429
35,40,75,0.4318193320930004,646.9643598671257,647.07373046875,647.3961791992188,0.3224725127220154,0.109346819370985
36,39,75,0.3591735108196735,641.2340271727741,641.5079956054688,641.5932006835938,0.085207499563694,0.2739660112559795
37,38,75,0.10085752382874488,633.486972066015,633.6207275390625,633.5878295898438,-0.03291499987244606,0.13377252370119094
38,37,75,-0.4248694244027138,622.0860632720589,622.2383422851562,621.6611938476562,-0.5771700143814087,0.1523005899786949
29,47,76,0.4513270233571529,641.6575596953928,641.7137451171875,642.10888671875,0.3951632082462311,0.05616381511092183
30,46,76,0.17822537891566753,652.2076999140531,652.2528076171875,652.3859252929688,0.13311399519443512,0.04511138372123241
31,45,76,-0.35248391509056093,655.6555845010281,655.4640502929688,655.3031005859375,-0.16096720099449158,-0.19151671409606935
32,44,76,-0.7064808212220669,661.647398789972,661.5979614257812,660.94091796875,-0.6570664048194885,-0.049414416402578376
33,43,76,-0.1435935584641993,659.9568870154955,659.8941040039062,659.8132934570312,-0.08080720156431198,-0.06278635689988732
34,42,76,-0.09776392003521323,662.1463479044102,662.0723266601562,662.048583984375,-0.02373559959232807,-0.07402832044288515
35,41,76,0.3267765957862139,656.1262263339013,656.3270874023438,656.4530029296875,0.12589199841022491,0.20088459737598896
36,40,76,0.12666171124204995,654.2308211989142,654.2694091796875,654.3574829101562,0.08811479806900024,0.0385469131730497
37,39,76,-0.6088931447267533,645.0050113087892,644.9524536132812,644.3961181640625,-0.5563235878944397,-0.05256955683231357
38,38,76,-0.10445739528164268,637.8981585671567,637.9386596679688,637.793701171875,-0.14493440091609955,0.04047700563445687
29,48,77,0.5646469002962112,647.635853587985,647.666259765625,648.2005004882812,0.5342422723770142,0.03040462791919707
30,47,77,0.29829754136502745,656.8456843922287,656.810302734375,657.1439819335938,0.3337151110172272,-0.03541756965219972
31,46,77,-0.19498501118272543,663.3653951674328,663.2310791015625,663.17041015625,-0.060683898627758026,-0.1343011125549674
32,45,77,-0.40213021263480186,667.8503113649786,667.6692504882812,667.4481811523438,-0.22105610370635986,-0.181074108928442
33,44,77,-0.3183669526875019,669.4985427339375,669.5903930664062,669.18017578125,-0.41017529368400574,0.09180834099650381
34,43,77,0.06326446036342531,669.5654586841679,669.4912109375,669.6287231445312,0.13750840723514557,-0.07424394687172026
35,42,77,0.2143384415656328,667.3065355818719,667.3441772460938,667.5208740234375,0.17673790454864502,0.03760053701698779
36,41,77,0.23341174572706222,663.3275623753667,663.4964599609375,663.5609741210938,0.06455100327730179,0.16886074244976043
37,40,77,0.14903594302013518,657.4633908147923,657.3751220703125,657.6124267578125,0.23725080490112305,-0.08821486188098787
38,39,77,-0.05095993800467113,649.3525346450359,649.5657348632812,649.3015747070312,-0.2641476094722748,0.21318767146760365
29,49,78,0.6691768354177475,651.733350020051,651.6642456054688,652.4025268554688,0.7382789850234985,-0.069102149605751
30,48,78,0.3613428410887718,663.62028557688,663.5756225585938,663.9816284179688,0.40595999360084534,-0.044617152512073543
31,47,78,-0.1064856161409989,668.8641150106722,669.01416015625,668.7576293945312,-0.2565354108810425,0.1500497947400436
32,46,78,-0.30071581915020945,676.477412596494,676.3897705078125,676.1766967773438,-0.21306079626083374,-0.08765502288937571
33,45,78,-0.029768016650341452,676.5375805166503,676.5623168945312,676.5078125,-0.05452800169587135,0.0247599850455299
34,44,78,-0.21869449369609356,679.9602716421336,679.9889526367188,679.7415771484375,-0.24736160039901733,0.028667106702923772
35,43,78,0.21110926158726215,675.6721915196628,675.6328125,675.88330078125,0.25046679377555847,-0.039357532188296324
36,42,78,-0.0866651348490268,675.4880933575052,675.5765991210938,675.4014282226562,-0.17520299553871155,0.08853786068968475
37,41,78,-0.18381520289927722,667.643226823993,667.5513916015625,667.4594116210938,-0.09199360013008118,-0.09182160276919604
38,40,78,0.07533808289561421,663.2586462921043,663.007568359375,663.333984375,0.3264262080192566,-0.25108812512364237
29,50,79,0.615625969171524,657.2479604566097,657.3541259765625,657.8635864257812,0.5094980001449585,0.10612796902656552
30,49,79,0.5081606614589691,667.636858869791,667.5960083007812,668.14501953125,0.5489825010299683,-0.04082183957099916
31,48,79,-0.138174939583987,675.962149548959,675.9297485351562,675.823974609375,-0.10572750121355057,-0.03244743837043643
32,47,79,-0.1319386532716453,682.0892140438966,682.126220703125,681.957275390625,-0.16890309751033783,0.03696444423869252
33,46,79,0.05715539954137057,685.4625589559274,685.4527587890625,685.5197143554688,0.06694120168685913,-0.009785802145488562
34,45,79,0.2126689077168703,687.0336079477519,686.9517822265625,687.2462768554688,0.29450830817222595,-0.08183940045535565
35,44,79,0.155653307531029,686.2157456182503,686.320068359375,686.3713989257812,0.05134759843349457,0.10430570909753442
36,43,79,0.13416134670376778,683.837213165015,683.9119262695312,683.9713745117188,0.05947300046682358,0.0746883462369442
37,42,79,0.1015201828069985,679.4275935867242,679.4900512695312,679.5291137695312,0.03903210163116455,0.062488081175833946
38,41,79,0.08676961051300168,673.3725199402683,673.3845825195312,673.4592895507812,0.07469180226325989,0.012077808249741792
39,40,79,-0.017415587968425825,665.135945861406,664.925537109375,665.1185302734375,0.19297480583190918,-0.210390393800335
30,50,80,0.43745186030864713,673.8416619092226,673.8836669921875,674.2791137695312,0.39544400572776794,0.04200785458087919
31,49,80,-0.060410765290725976,680.7776348863845,680.6763305664062,680.7172241210938,0.04083999991416931,-0.10125076520489529
32,48,80,-0.25364339020103216,690.1239436831697,690.2056274414062,689.8703002929688,-0.3353559970855713,0.08171260688453913
33,47,80,0.08830143361352384,692.071488605449,692.1026000976562,692.1597900390625,0.05720800161361694,0.031093431999906898
34,46,80,0.2089848255738616,696.8999018931761,696.8651123046875,697.10888671875,0.2437639981508255,-0.03477917257696389
35,45,80,0.3937275603413582,694.2140605255961,694.2123413085938,694.6077880859375,0.39547199010849,-0.0017444297671317943
36,44,80,-0.11056690608151257,695.4305742303003,695.4343872070312,695.3200073242188,-0.11440800130367279,0.0038410952221602235
37,43,80,0.08028172266553156,688.7710366367095,688.93408203125,688.851318359375,-0.08278000354766846,0.16306172621320003
38,42,80,-0.0016267056274227797,686.2458283657837,686.2877197265625,686.2442016601562,-0.043528001755476,0.04190129612805322
39,41,80,-0.485538776665926,676.3772624094785,676.3421020507812,675.8917236328125,-0.45037201046943665,-0.03516676619648934
30,51,81,0.42867683455348016,676.4892308802903,676.5060424804688,676.9179077148438,0.4118778109550476,0.01679902359843255
31,50,81,-0.17306099016219378,687.1784320839122,687.1519775390625,687.00537109375,-0.14656560122966766,-0.02649538893252612
32,49,81,-0.13795130463317037,695.0152706405706,695.0333251953125,694.8773193359375,-0.15605470538139343,0.01810340074822306
33,48,81,-0.12625181858427822,700.4630438107718,700.4926147460938,700.3367919921875,-0.15582509338855743,0.02957327480427921
34,47,81,0.33380539491772654,703.619502710551,703.5659790039062,703.9533081054688,0.38731619715690613,-0.05351080223917959
35,46,81,0.44642188236117364,704.2352797777951,704.3716430664062,704.6817016601562,0.31003350019454956,0.13638838216662408
36,45,81,0.41877140164375304,703.2900298678875,703.3084716796875,703.7088012695312,0.40033140778541565,0.01843999385833739
37,44,81,0.2907951435446739,700.1788093486429,700.28662109375,700.4696044921875,0.18297410011291504,0.10782104343175886
38,43,81,0.21264778904616832,695.7018419570476,695.5757446289062,695.9144897460938,0.3387854993343353,-0.126137710288167
39,42,81,0.10724606999196112,688.7822802971955,688.9781494140625,688.8895263671875,-0.08865109831094742,0.19589716830290854
40,41,81,-0.01454762248438783,679.9463713529532,680.00732421875,679.9318237304688,-0.07550390064716339,0.06095627816277556
30,52,82,0.5711908462643623,680.7688970443606,680.691650390625,681.340087890625,0.6484649777412415,-0.07727413147687912
31,51,82,-0.05479953659232706,690.5435690678423,690.5260620117188,690.48876953125,-0.03725079819560051,-0.01754873839672655
32,50,82,-0.3326228949427605,702.2700008246303,702.22802734375,701.9373779296875,-0.2906494140625,-0.04197348088026048
33,49,82,-0.00046711693285033106,706.1296785427141,706.1360473632812,706.1292114257812,-0.006854599807411432,0.006387482874561101
34,48,82,0.09201925660017878,712.9032810363685,712.8421630859375,712.9953002929688,0.15312139689922333,-0.06110214029904455
35,47,82,0.5227129924297332,711.7900921833515,711.964599609375,712.3128051757812,0.34818539023399353,0.1745276021957397
36,46,82,0.3457514242082834,714.196545939073,714.275390625,714.5422973632812,0.2669171988964081,0.07883422531187534
37,45,82,0.512088752835989,709.0723228682577,709.0890502929688,709.5844116210938,0.49534499645233154,0.016743756383657438
38,44,82,-0.07014401108375751,708.0872338548338,708.1289672851562,708.01708984375,-0.11185800284147263,0.04171399175771512
39,43,82,-0.048212188866455105,699.3948308412103,699.400634765625,699.3466186523438,-0.05404840037226677,0.005836211505811664
40,42,82,-0.014914155373116956,694.1046358350607,694.1682739257812,694.0897216796875,-0.0785612016916275,0.06364704631851055
31,52,83,0.1485951069369912,695.045496689938,694.9237670898438,695.194091796875,0.2703252136707306,-0.12173010673373938
32,51,83,-0.17973475839942693,705.7576156177744,705.8607177734375,705.577880859375,-0.28283458948135376,0.10309983108192683
33,50,83,-0.44952558264136316,713.8351456998289,713.7713012695312,713.3856201171875,-0.38568198680877686,-0.06384359583258631
34,49,83,0.23130437988787889,718.7306707177684,718.66015625,718.9619750976562,0.3018519878387451,-0.07054760795086623
35,48,83,0.18182323951274157,721.4375615261123,721.5509643554688,721.619384765625,0.0684283971786499,0.11339484233409167
36,47,83,0.6001428978145122,721.763260422498,721.7455444335938,722.3634033203125,0.6178514957427979,-0.017708597928285608
37,46,83,0.6008801780641079,720.0612291969359,720.043212890625,720.662109375,0.6188980937004089,-0.018017915636301063
38,45,83,0.49684733286499977,716.924051104635,716.9878540039062,717.4208984375,0.4330691993236542,0.0637781335413456
39,44,83,0.3667958514392376,711.5893809063732,711.613525390625,711.9561767578125,0.34266069531440735,0.024135156124830248
40,43,83,0.2341288112848997,704.5783711887151,704.5371704101562,704.8125,0.27532491087913513,-0.041196099594235425
41,42,83,0.03504724876023829,695.2082388840522,695.4560546875,695.2432861328125,-0.212778702378273,0.2478259511385113
31,53,84,0.10778890856541694,697.766600739872,697.8320922851562,697.8743896484375,0.04230000078678131,0.06548890777863563
32,52,84,0.09312220338732004,711.0184500622377,711.1040649414062,711.111572265625,0.007550400216132402,0.08557180317118764
33,51,84,-0.2878105600178242,718.0998833139241,718.02685546875,717.8120727539062,-0.2147340029478073,-0.07307655707001687
34,50,84,-0.4028938812017441,727.434204916358,727.3386840820312,727.0313110351562,-0.30735400319099426,-0.09553987801074981
35,49,84,0.10982760497368872,728.3652700512763,728.3916625976562,728.47509765625,0.08343040198087692,0.0263972029928118
36,48,84,0.3129699067026377,732.1828186675161,732.2655639648438,732.4957885742188,0.2302267998456955,0.0827431068569422
37,47,84,0.6898127585649491,728.5888127297163,728.8028564453125,729.2786254882812,0.4757503867149353,0.21406237185001376
38,46,84,0.31810433775186536,728.8402818927169,728.9111328125,729.1583862304688,0.2472912073135376,0.07081313043832776
39,45,84,0.4995596514642239,721.3805673016608,721.3735961914062,721.880126953125,0.5064792037010193,-0.006919552236795412
40,44,84,-0.03835290134884417,718.1775740927551,718.1185302734375,718.1392211914062,0.020671600475907326,-0.059024501824751496
41,43,84,-0.1470622077025473,707.0493449225463,707.1083374023438,706.9022827148438,-0.20602920651435852,0.05896699881181122
31,54,85,0.2378506864607334,701.4850497041642,701.5533447265625,701.722900390625,0.169560506939888,0.0682901795208454
32,53,85,0.08871639700606465,713.8973065522127,714.1503295898438,713.9860229492188,-0.16435649991035461,0.25307289691641927
33,52,85,-0.04138409279170446,723.5900901474793,723.4337158203125,723.5487060546875,0.1149664968252182,-0.15635058961692266
34,51,85,-0.3032477410882711,731.8750250848383,731.8758544921875,731.57177734375,-0.3040825128555298,0.0008347717672586574
35,50,85,-0.476369054466486,737.3252460075914,737.25537109375,736.848876953125,-0.40647101402282715,-0.06989804044365883
36,49,85,0.3480480115115643,739.2948352892697,739.3778686523438,739.6428833007812,0.2650195062160492,0.08302850529551509
37,48,85,0.4542687650024891,739.2682043795288,739.2825317382812,739.7224731445312,0.4399639964103699,0.01430476859211921
38,47,85,0.6561476200819015,737.3525804072618,737.4361572265625,738.0087280273438,0.5725594758987427,0.08358814418315885
39,46,85,0.5649436523020267,733.3274513672292,733.3926391601562,733.8923950195312,0.499769002199173,0.06517465010285373
40,45,85,0.4370068356394768,727.8237963870167,727.943359375,728.2608032226562,0.31745100021362305,0.11955583542585374
41,44,85,0.33965945810079573,720.2822277489305,720.2655029296875,720.6218872070312,0.35640549659729004,-0.01674603849649431
42,43,85,0.20086697392165662,710.8036496276409,710.7131958007812,711.0045166015625,0.29128000140190125,-0.09041302748024463
32,54,86,0.24066779859364032,718.4666075920313,718.4981689453125,718.707275390625,0.2091200053691864,0.03154779322445392
33,53,86,-0.016462993279565127,727.2525469776546,727.278076171875,727.236083984375,-0.04194900020956993,0.025486006930004804
34,52,86,-0.0450593247753568,738.1460725083691,738.0367431640625,738.1010131835938,0.06427360326051712,-0.10933292803587391
35,51,86,-0.4414065456390381,742.525635061264,742.3834838867188,742.084228515625,-0.29926741123199463,-0.14213913440704345
36,50,86,-0.4101372231543064,749.3233452309668,749.2345581054688,748.9132080078125,-0.3213370144367218,-0.0888002087175846
37,49,86,-0.0719140148581937,747.8776391125144,747.9335327148438,747.8057250976562,-0.12782040238380432,0.055906387525610626
38,48,86,0.44166545301675797,748.8555147227645,748.92724609375,749.2971801757812,0.3699324131011963,0.07173303991556168
39,47,86,0.6712588182091713,742.8284360060096,742.9049072265625,743.4996948242188,0.5947802066802979,0.07647861152887347
40,46,86,0.20240388173609972,740.7250253174826,740.8084716796875,740.9274291992188,0.11890219897031784,0.08350168276578188
41,45,86,0.351340077444911,731.0877468366176,731.191162109375,731.4390869140625,0.2479134052991867,0.10342667214572432
42,44,86,0.0038685768749564886,725.2763438254688,725.3856811523438,725.2802124023438,-0.10550499707460403,0.10937357394956053
33,54,87,0.12520757658407092,732.1169799234159,732.005126953125,732.2421875,0.2370672971010208,-0.1118597205169499
34,53,87,-0.01343273010570556,741.9729053863557,742.031005859375,741.95947265625,-0.07150399684906006,0.0580712667433545
35,52,87,-0.2475458163768053,748.9436517734081,748.7142333984375,748.6961059570312,-0.018113499507308006,-0.2294323168694973
36,51,87,-0.48260881289839747,754.7078895746172,754.7496948242188,754.2252807617188,-0.5244079828262329,0.041799169927835444
37,50,87,-0.49974164307117463,757.9431620532274,757.8556518554688,757.4434204101562,-0.4122340977191925,-0.08750754535198213
38,49,87,0.447787005007267,757.2680333074927,757.3555297851562,757.7158203125,0.3602418899536133,0.0875451150536537
39,48,87,0.49589997962117194,754.5833846883476,754.7115478515625,755.0792846679688,0.3677763044834137,0.12812367513775824
40,47,87,0.533032688498497,750.1529414325953,750.2579345703125,750.6859741210938,0.4280585050582886,0.10497418344020848
41,46,87,0.42693387329578397,743.9498361462355,744.0029296875,744.3767700195312,0.37386271357536316,0.05307115972042081
42,45,87,0.36243138164281846,736.1968947902321,736.2308959960938,736.559326171875,0.3283858895301819,0.03404549211263658
43,44,87,0.30094510793685914,726.3210641694069,726.2537841796875,726.6220092773438,0.36819368600845337,-0.06724857807159423
34,54,88,0.10511164681985974,747.6856598375551,747.5604248046875,747.790771484375,0.23040400445461273,-0.125292357634753
35,53,88,-0.24424352161586285,753.5013235997409,753.6098022460938,753.257080078125,-0.3527151942253113,0.10847167260944843
36,52,88,-0.31291544072329996,761.818225499317,761.8027954101562,761.5053100585938,-0.297491192817688,-0.015424247905611976
37,51,88,-0.6015612685680389,764.0664660537243,763.9381713867188,763.4649047851562,-0.4732551872730255,-0.12830608129501342
38,50,88,-0.23710461921989917,768.5077345020323,768.4684448242188,768.2706298828125,-0.19783039391040802,-0.03927422530949115
39,49,88,0.25902579724788666,764.0616529136896,764.0634765625,764.3206787109375,0.2572152018547058,0.0018105953931808472
40,48,88,0.3558931367099285,762.6760892851651,762.6109619140625,763.031982421875,0.4210168123245239,-0.06512367561459542
41,47,88,0.4698733679950237,754.1833248741925,754.371337890625,754.6531982421875,0.2818855941295624,0.18798777386546134
42,46,88,0.16316337168216705,750.1298664134741,750.1039428710938,750.2930297851562,0.18903440237045288,-0.025871030688285834
43,45,88,0.26708711713552474,738.306521281302,738.3053588867188,738.5736083984375,0.26822561025619507,-0.0011384931206703253
34,55,89,0.03878366449614987,750.7143901636289,750.7399291992188,750.753173828125,0.013288900256156921,0.025494764239992945
35,54,89,-0.12245810959488153,759.3570772502198,759.2394409179688,759.234619140625,-0.004837799817323685,-0.11762030977755784
36,53,89,-0.37790496200323104,766.5188351377844,766.7186279296875,766.1409301757812,-0.5777062177658081,0.19980125576257707
37,52,89,-0.4691461317241192,771.3244317762553,771.1128540039062,770.8552856445312,-0.2575654983520508,-0.2115806333720684
38,51,89,-0.4362789918482304,774.8796994020045,774.8271484375,774.4434204101562,-0.38374701142311096,-0.05253198042511942
39,50,89,-0.33878432519733903,775.4860621572286,775.5469970703125,775.1472778320312,-0.3996790051460266,0.06089467994868758
40,49,89,0.5275073833763599,771.9624828509986,771.931396484375,772.489990234375,0.5586014986038208,-0.03109411522746086
41,48,89,0.32545792624354364,766.860455159694,766.8968505859375,767.1859130859375,0.28906241059303284,0.0363955156505108
42,47,89,0.3715896266698837,760.3812179905176,760.503662109375,760.7528076171875,0.2491261065006256,0.1224635201692581
43,46,89,0.3606724072992802,752.2620082567632,752.1012573242188,752.6226806640625,0.5214537978172302,-0.16078139051795004
44,45,89,0.338993202149868,742.0245932236314,742.29345703125,742.3635864257812,0.07013600319623947,0.26885719895362853
34,56,90,0.020503724073059858,755.6622965688957,755.6190185546875,755.6828002929688,0.06375200301408768,-0.04324827894102782
35,55,90,-0.15907371047884225,763.1368569136039,763.0368041992188,762.977783203125,-0.05898499861359596,-0.10008871186524629
36,54,90,-0.2934065867215395,773.1469832468778,773.21337890625,772.8535766601562,-0.35979101061820984,0.06638442389667032
37,53,90,-0.5961899095773697,776.7891830736398,776.8373413085938,776.1929931640625,-0.6443579792976379,0.048168069720268214
38,52,90,-0.11109503393992781,782.6818958151899,782.640380859375,782.57080078125,-0.06958699971437454,-0.04150803422555327
39,51,90,-0.4457580769062042,782.461077901125,782.4039916992188,782.0153198242188,-0.38870200514793396,-0.057056071758270266
40,50,90,0.053169958053622395,783.9999306278838,783.8972778320312,784.0531005859375,0.15580900013446808,-0.10263904208084568
41,49,90,0.2783148991316557,777.0088555110246,777.00390625,777.2871704101562,0.283270001411438,-0.0049551022797822974
42,48,90,0.18173585746437312,773.5977441230044,773.7325439453125,773.7794799804688,0.04693499952554703,0.1348008579388261
43,47,90,0.32894289165735247,763.4258788856864,763.5023803710938,763.7548217773438,0.2524000108242035,0.07654288083314897
44,46,90,0.2824636812508106,756.8846505765617,756.879150390625,757.1671142578125,0.2879439890384674,-0.005480307787656791
34,57,91,-0.08973338958807289,758.2995112216194,758.4702758789062,758.2097778320312,-0.2604762017726898,0.17074281218461693
35,56,91,-0.21205620020627974,768.3364458486437,768.215087890625,768.1243896484375,-0.09070219844579697,-0.12135400176048278
36,55,91,-0.3567350046336651,777.1564176218212,777.2994384765625,776.7996826171875,-0.4997228980064392,0.14298789337277412
37,54,91,-0.4395408095419407,783.5354270400107,783.2881469726562,783.0958862304688,-0.19225110113620758,-0.2472897084057331
38,53,91,-0.38163538098335265,788.3370186817646,788.4127197265625,787.9553833007812,-0.4573068916797638,0.07567151069641115
39,52,91,-0.16875784415751696,790.43157522697,790.3297119140625,790.2628173828125,-0.0669310986995697,-0.10182674545794726
40,51,91,-0.06384524501860142,791.1542383114248,791.0916748046875,791.0903930664062,-0.0012559000169858336,-0.06258934500161559
41,50,91,-0.1392420324124396,789.1836145910062,789.0517578125,789.0443725585938,-0.007345300167798996,-0.1318967322446406
42,49,91,0.22896475449204445,783.7432642494142,783.8402099609375,783.9722290039062,0.13199740648269653,0.09696734800934792
43,48,91,0.2150510052591562,776.8011233111471,776.835693359375,777.0161743164062,0.18052220344543457,0.034528801813721643
44,47,91,0.383763824403286,768.2600350037217,768.3065185546875,768.643798828125,0.3372882902622223,0.0464755341410637
35,57,92,-0.20634676184505224,771.5712759610637,771.4119262695312,771.3649291992188,-0.047031600028276443,-0.1593151618167758
36,56,92,-0.36812684789299965,783.1692132736742,783.1660766601562,782.8010864257812,-0.36500000953674316,-0.0031268383562564894
37,55,92,-0.49712008371949196,788.3985483063757,788.3868408203125,787.9014282226562,-0.4854699969291687,-0.011650086790323255
38,54,92,-0.13554182248190044,795.7246531506069,795.699462890625,795.589111328125,-0.11034400016069412,-0.02519782232120632
39,53,92,-0.5158822695910931,796.9069955508411,796.8662109375,796.39111328125,-0.4751248061656952,-0.04075746342539788
40,52,92,0.21565607033669948,799.8526422695071,799.7263793945312,800.0682983398438,0.3418964147567749,-0.12624034442007542
41,51,92,-0.140826674727723,796.9686464989464,796.9383544921875,796.8278198242188,-0.11052519828081131,-0.030301476446911696
42,50,92,-0.0980763147212565,796.4988941858151,796.5112915039062,796.4008178710938,-0.11047039926052094,0.012394084539264438
43,49,92,-0.021195100722834467,787.8236242999416,787.8460693359375,787.8024291992188,-0.04364800080657005,0.022452900083735586
44,48,92,0.24116937980055808,782.4166064991057,782.439208984375,782.6577758789062,0.21859200298786163,0.022577376812696448
45,47,92,0.3715207012742758,770.1276858416945,770.354736328125,770.4992065429688,0.1444588005542755,0.22706190072000026
46,46,92,0.4991383208334446,761.2765574799478,761.3524169921875,761.7756958007812,0.4233059883117676,0.07583233252167704
35,58,93,-0.2043836921080947,776.1514051764831,776.1406860351562,775.947021484375,-0.19366979598999023,-0.010713896118104471
36,57,93,-0.3883701691031456,786.4943882355094,786.6040649414062,786.1060180664062,-0.4980905055999756,0.10972033649683
37,56,93,-0.38307074576616285,794.5875995543599,794.3056640625,794.2045288085938,-0.10114370286464691,-0.28192704290151593
38,55,93,-0.33222009338438513,800.9758968511969,800.9892578125,800.6436767578125,-0.3455375134944916,0.013317420110106448
39,54,93,-0.17600609960034488,804.4189870566316,804.3482055664062,804.2429809570312,-0.10520219802856445,-0.07080390157178043
40,53,93,-0.015382015723735093,806.3556530118175,806.4607543945312,806.3402709960938,-0.12042509764432907,0.10504308192059397
41,52,93,0.08762517900206149,805.9062713053729,805.7692260742188,805.993896484375,0.2247042953968048,-0.13707911639474332
42,51,93,-0.18342309061437845,804.4517946726456,804.5810546875,804.2683715820312,-0.31268349289894104,0.1292604022845626
43,50,93,-0.28010994791984556,800.6273999869824,800.5977783203125,800.3472900390625,-0.2504726052284241,-0.029637342691421487
44,49,93,0.13462451227009298,793.4388618158549,793.426025390625,793.573486328125,0.14746889472007751,-0.012844382449984537
45,48,93,0.35801179841160774,784.4514974789322,784.4387817382812,784.8095092773438,0.3707284927368164,-0.012716694325208666
46,47,93,0.5514637181162834,773.7302135279774,773.6264038085938,774.2816772460938,0.6552758812904358,-0.10381216317415243
36,58,94,-0.37316815212368964,791.7016593630611,791.88720703125,791.3284912109375,-0.5586891770362854,0.18552102491259576
37,57,94,-0.37713213548064234,798.5806233464182,798.31982421875,798.2034912109375,-0.1163536012172699,-0.26077853426337244
38,56,94,-0.19628650855273008,808.0244115085527,807.8204345703125,807.828125,0.007666400168091059,-0.20395290872082114
39,55,94,-0.48290235057473185,810.5512006904185,810.5438232421875,810.0682983398438,-0.4755392074584961,-0.00736314311623576
40,54,94,0.14922499671578407,814.7768614290654,814.6793212890625,814.9260864257812,0.24674959480762482,-0.09752459809184075
41,53,94,-0.024799612615024672,813.0111887727712,812.9967041015625,812.9863891601562,-0.010331599973142147,-0.014468012641882525
42,52,94,0.09896252358332276,814.1603148201667,814.2593994140625,814.25927734375,-0.00010540000221226364,0.09906792358553503
43,51,94,-0.24959607012569904,809.2640003670007,809.2213134765625,809.014404296875,-0.20690619945526123,-0.04268987067043781
44,50,94,-0.19610236518085003,806.8796961151809,806.8642578125,806.68359375,-0.1806280016899109,-0.015474363490939141
45,49,94,-0.06524050547275692,796.4042297632852,796.4058837890625,796.3389892578125,-0.06691019982099533,0.0016696943482384097
46,48,94,0.46868577629327773,788.8015168604255,788.8182373046875,789.2702026367188,0.4519791901111603,0.016706586182117455
36,59,95,-0.08040601210203022,794.7690046449145,794.7696533203125,794.6885986328125,-0.08104850351810455,0.0006424914160743367
37,58,95,-0.3188694509118795,803.8242405446618,803.7186889648438,803.50537109375,-0.21328650414943695,-0.10558294676244256
38,57,95,-0.3037488003075123,812.2580334682763,812.163330078125,811.9542846679688,-0.2090124934911728,-0.09473630681633949
39,56,95,-0.20181619945913554,817.6665989143029,817.4716186523438,817.4647827148438,-0.006818000227212906,-0.19499819923192263
40,55,95,-0.12319633791223168,821.0135771972872,821.1412963867188,820.890380859375,-0.2508780062198639,0.12768166830763222
41,54,95,0.07901189749129117,821.6596965986024,821.4852905273438,821.7387084960938,0.25343650579452515,-0.17442460830323397
42,53,95,0.043319768887013194,821.3456572818942,821.6285400390625,821.3889770507812,-0.23951399326324463,0.2828337621502578
43,52,95,-0.022364569610508624,819.247584296173,819.1556396484375,819.2252197265625,0.06954549998044968,-0.0919100695909583
44,51,95,-0.2596246931701899,815.8085138533264,815.8096923828125,815.5488891601562,-0.26080700755119324,0.0011823143810033576
45,50,95,-0.2729474576562643,809.9288312467188,809.9102172851562,809.6558837890625,-0.254316508769989,-0.01863094888627531
46,49,95,0.21918792873620987,800.7969253525138,800.753173828125,801.01611328125,0.26293349266052246,-0.043745563924312586
36,60,96,0.5522691543400288,799.6337049667537,799.7637329101562,800.1859741210938,0.42227840423583984,0.12999075010418892
37,59,96,-0.05382215747260489,807.3253065324726,807.2540283203125,807.271484375,0.017455199733376503,-0.07127735720598138
38,58,96,-0.2254896792024374,818.1468763979524,818.0355834960938,817.92138671875,-0.11419360339641571,-0.11129607580602169
39,57,96,-0.336482807546854,822.6271932567656,822.6649780273438,822.2907104492188,-0.3742823898792267,0.03779958233237268
40,56,96,0.006925501035293564,829.0022908075584,828.9915161132812,829.0092163085938,0.017683200538158417,-0.010757699502864853
41,55,96,-0.058958494230173526,828.4036850567302,828.3731079101562,828.3447265625,-0.028432799503207207,-0.03052569472696632
42,54,96,0.0726031791139394,830.7422771919798,830.7828369140625,830.8148803710938,0.03205199912190437,0.04055117999203503
43,53,96,-0.02326352076022886,827.060556001229,827.0272827148438,827.0372924804688,0.010039200074970722,-0.033302720835199584
44,52,96,0.010940279639326035,826.5205538609857,826.503662109375,826.531494140625,0.027852000668644905,-0.01691172102931887
45,51,96,-0.2233331710845232,819.3956354171783,819.3286743164062,819.1723022460938,-0.15635600686073303,-0.06697716422379016
46,50,96,-0.12297716794535518,815.0804966991954,815.0419921875,814.95751953125,-0.0844871997833252,-0.038489968162029986
47,49,96,-0.020267919646285007,802.6072430173025,802.587890625,802.5869750976562,-0.0008687999797984958,-0.01939911966648651
36,61,97,0.6221320906281471,802.2599479874968,802.1768798828125,802.882080078125,0.7052435278892517,-0.08311143726110459
37,60,97,0.4345804862678051,812.5517476387322,812.4901733398438,812.986328125,0.49614161252975464,-0.06156112626194954
38,59,97,-0.15051858264952897,821.7247983678058,821.7693481445312,821.5742797851562,-0.19504329562187195,0.04452471297234298
39,58,97,-0.173892999663949,828.554019952789,828.5217895507812,828.380126953125,-0.14167520403862,-0.032217795625329004
40,57,97,-0.1623820379190147,834.0874919012002,834.5606689453125,833.9251098632812,-0.6355654001235962,0.47318336220458146
41,56,97,0.022788352202624082,836.6117941673286,836.4443969726562,836.6345825195312,0.19017520546913147,-0.16738685326650737
42,55,97,0.06122513638809323,837.4077690042369,837.60400390625,837.468994140625,-0.13498219847679138,0.19620733486488462
43,54,97,0.002677134267287329,836.629708119639,836.5013427734375,836.6323852539062,0.1310362070798874,-0.12835907281260006
44,53,97,-0.012746257168473676,834.5151266282622,834.6151733398438,834.5023803710938,-0.11275029927492142,0.10000404210644774
45,52,97,0.02672873653937131,830.3653000720544,830.309814453125,830.3920288085938,0.08219470083713531,-0.055465964297764
46,51,97,-0.12635681044310332,824.7790667713806,824.7357177734375,824.6527099609375,-0.08303909748792648,-0.043317712955176835
47,50,97,-0.1917590180784464,817.0096301118284,817.0515747070312,816.81787109375,-0.23367370665073395,0.041914688572287556
48,49,97,0.028050938628148288,806.0412239637157,806.0992431640625,806.0692749023438,-0.029926100745797157,0.057977039373945445
37,61,98,0.4366131314635277,816.2521686068177,816.4114990234375,816.6887817382812,0.2773188054561615,0.1592943260073662
38,60,98,0.4322092401981354,827.6976125371456,827.682373046875,828.1298217773438,0.44742700457572937,-0.015217764377593979
39,59,98,-0.11665388351306319,832.7838291764818,832.766357421875,832.6671752929688,-0.09918759763240814,-0.017466285880655047
40,58,98,-0.06838754545431584,840.7892127407669,840.97705078125,840.7208251953125,-0.25624319911003113,0.18785565365571527
41,57,98,-0.051409323194529864,842.323015768507,842.4375610351562,842.2716064453125,-0.1659567952156067,0.11454747202107682
42,56,98,0.017196231670677662,846.3252109948918,846.24658203125,846.3424072265625,0.09582819789648056,-0.0786319662258029
43,55,98,0.01887736565666273,843.8764473413746,843.7804565429688,843.8953247070312,0.11483939737081528,-0.09596203171415255
44,54,98,-0.038797786589711905,844.8002723959647,844.790771484375,844.761474609375,-0.02927199937403202,-0.009525787215679885
45,53,98,0.022583242487162352,839.0049436129816,838.9588012695312,839.0275268554688,0.06872759759426117,-0.046144355107098814
46,52,98,0.1469043068960309,836.3747021384165,836.3222045898438,836.5216064453125,0.19940979778766632,-0.05250549089163542
47,51,98,-0.12322155741974711,827.2298499753884,827.2852783203125,827.1066284179688,-0.17868679761886597,0.05546524019911886
48,50,98,-0.12568544179666788,821.1114642503904,821.0729370117188,820.9857788085938,-0.08713939785957336,-0.038546043937094515
37,62,99,0.5177357026934624,821.0882823637128,821.2348022460938,821.6060180664062,0.3712010085582733,0.14653469413518905
38,61,99,0.3779921850562096,831.6506943383813,831.849853515625,832.0286865234375,0.17887349426746368,0.1991186907887459
39,60,99,-0.014725997850764543,839.1822064666007,839.1926879882812,839.16748046875,-0.025186199694871902,0.01046020184410736
40,59,99,-0.03970929879695177,845.383215158172,845.38330078125,845.343505859375,-0.039774999022483826,6.570022553205324e-05
41,58,99,0.05884424158371985,849.37664159826,849.319580078125,849.4354858398438,0.11589589715003967,-0.057051655566319824
42,57,99,0.07258046212606133,852.1765040105302,852.1719970703125,852.2490844726562,0.0770782008767128,-0.004497738750651473
43,56,99,0.0035550233453977855,852.9426730039984,852.7474365234375,852.9462280273438,0.1987604945898056,-0.19520547124440782
44,55,99,-0.02499547802610323,852.1211258491198,852.2626342773438,852.0961303710938,-0.1665067970752716,0.1415113190491684
45,54,99,0.03511061327997595,849.4680632148451,849.4393920898438,849.503173828125,0.06380590051412582,-0.028695287234149873
46,53,99,0.13224898859858514,845.1991719098389,845.25537109375,845.3314208984375,0.07601319998502731,0.056235788613557824
47,52,99,0.18817673176527022,838.9861396744848,839.002685546875,839.17431640625,0.17163440585136414,0.016542325913906086
48,51,99,-0.0026175147038884463,831.4558035498601,831.43896484375,831.4531860351562,0.014233400113880634,-0.01685091481776908
37,63,100,0.24875941626727582,824.4889114821702,824.4508666992188,824.7376708984375,0.2868500053882599,-0.038090589120984064
38,62,100,0.6053438791632653,837.148867546618,837.2200927734375,837.7542114257812,0.5340800285339355,0.07126385062932972
39,61,100,-0.05807985085994005,843.8710681321099,843.9415283203125,843.81298828125,-0.1285099983215332,0.07043014746159315
40,60,100,0.018366325953975318,852.2746634592023,852.2106323242188,852.2930297851562,0.08234000205993652,-0.0639736761059612
41,59,100,0.08886680037714541,854.9139408168104,854.8468017578125,855.0028076171875,0.1559700071811676,-0.0671032068040222
42,58,100,0.011669748947024345,860.3974489033967,860.4662475585938,860.4091186523438,-0.05716000124812126,0.0688297501951456
43,57,100,0.039893469708040356,859.4054800654482,859.5118408203125,859.4453735351562,-0.06644000113010406,0.10633347083814443
44,56,100,-0.13254672741517426,861.8629544422589,861.9359130859375,861.7304077148438,-0.20553000271320343,0.07298327529802917
45,55,100,0.04353478538803756,857.4863724411745,857.517333984375,857.5299072265625,0.01257999986410141,0.03095478552393615
46,54,100,0.13852260801941157,856.3514676263555,856.3565063476562,856.489990234375,0.1334799975156784,0.005042610503733169
47,53,100,0.1850906230136752,848.4327072285488,848.4994506835938,848.6177978515625,0.11833000183105469,0.06676062118262052
48,52,100,0.30389337360858915,843.7954108256101,843.7737426757812,844.0993041992188,0.32554998993873596,-0.021656616330146816
49,51,100,-0.17179411252960564,832.9454757531546,832.9749755859375,832.773681640625,-0.20125000178813934,0.029455889258533707
50,50,100,-0.912296629846096,825.2199138173461,825.16259765625,824.3076171875,-0.8550000190734863,-0.057296610772609724
37,64,101,0.2531489657610655,828.7415409756452,828.82373046875,828.9946899414062,0.17099469900131226,0.08215426675975324
38,63,101,0.2813441824913025,840.8382847237586,840.798828125,841.11962890625,0.320748895406723,-0.039404712915420526
39,62,101,0.1143307983293198,849.6497683227644,849.7463989257812,849.7640991210938,0.01771949976682663,0.09661129856249318
40,61,101,-0.1412339116446674,857.0478501225822,857.0702514648438,856.9066162109375,-0.16363389790058136,0.022399986255913967
41,60,101,0.0909408701537177,862.0977798329712,862.0183715820312,862.188720703125,0.1703145056962967,-0.079373635542579
42,59,101,0.1529390724003315,866.0002591697871,865.864501953125,866.1531982421875,0.2886941134929657,-0.1357550410926342
43,58,101,0.024484430456068365,867.8315336359502,867.9067993164062,867.8560180664062,-0.05079659819602966,0.07528102865209803
44,57,101,-0.06709329661913216,868.6740879255253,868.7379760742188,868.6069946289062,-0.13096599280834198,0.06387269618920982
45,56,101,0.004094406630611047,867.4202219996193,867.409912109375,867.42431640625,0.014362799935042858,-0.01026839330443181
46,55,101,0.14069991998374462,864.5834822089225,864.6472778320312,864.7241821289062,0.07689560204744339,0.06380431793630123
47,54,101,0.23907075360417365,859.7574502424895,859.7672119140625,859.9965209960938,0.2293034940958023,0.009767259508371345
48,53,101,0.31914743706583976,853.3997246332467,853.4869384765625,853.7188720703125,0.23196430504322052,0.08718313202261924
49,52,101,0.22100975319743157,845.3880600710213,845.4130249023438,845.6090698242188,0.1960739940404892,0.024935759156942378
50,51,101,-0.786337965130806,836.4305640393495,836.3914184570312,835.6442260742188,-0.74720299243927,-0.039134972691535985
37,65,102,-0.0534948654146865,831.4668249435397,831.5798950195312,831.413330078125,-0.16661860048770905,0.11312373507302254
38,64,102,0.5028090086579323,845.7177720460296,845.70458984375,846.2205810546875,0.5160273909568787,-0.01321838229894634
39,63,102,-0.0807671909686178,853.9976373081561,853.935546875,853.9168701171875,-0.01865440048277378,-0.06211279048584402
40,62,102,0.1049083430506289,863.4893909733556,863.56201171875,863.5942993164062,0.032311998307704926,0.07259634474292398
41,61,102,-0.12536460673436522,867.4526351145469,867.4964599609375,867.3272705078125,-0.16918499767780304,0.043820390943437815
42,60,102,0.04896829019766301,874.0375185262086,873.9767456054688,874.0864868164062,0.10976120084524155,-0.06079291064757854
43,59,102,0.11122735874727369,874.1890656100027,874.2064208984375,874.30029296875,0.09385719895362854,0.017370159793645146
44,58,102,-0.2311399671435356,877.8970335218311,877.9575805664062,877.6658935546875,-0.29170501232147217,0.060565045177936566
45,57,102,0.03599678921978921,874.9411760623427,874.8521728515625,874.9771728515625,0.1250564008951187,-0.0890596116753295
46,56,102,0.09454398152418435,875.252440881757,875.189453125,875.3469848632812,0.1575525999069214,-0.06300861838273704
47,55,102,0.2328649889677763,868.6419519055635,868.7508544921875,868.8748168945312,0.12397000193595886,0.10889498703181744
48,54,102,0.37124108627438546,865.3445792262256,865.3814697265625,865.7158203125,0.33431559801101685,0.03692548826336861
49,53,102,0.25298050604760647,855.5549418572336,855.6343383789062,855.8079223632812,0.17356620728969574,0.07941429875791073
50,52,102,0.029846095473039895,849.0340577131207,849.0919799804688,849.0639038085938,-0.028092600405216217,0.05793869587825611
39,64,103,0.01455663827015087,859.2547304711048,859.291259765625,859.269287109375,-0.021960800513625145,0.036517438783776016
40,63,103,-0.06958550958428532,867.9588677361468,867.8609008789062,867.8892822265625,0.028428899124264717,-0.09801440870855004
41,62,103,-0.24591613344848157,874.174993281886,874.2982177734375,873.9290771484375,-0.3690960109233856,0.12317987747490405
42,61,103,-0.017574143004603682,879.3798788305046,879.4415283203125,879.3623046875,-0.07922159880399704,0.06164745579939336
43,60,103,0.06048670077230781,882.3594351742277,882.3087768554688,882.419921875,0.11113650351762772,-0.050649802745319904
44,59,103,-0.10233166001737118,884.1068482615799,884.1896362304688,884.0045166015625,-0.18515680730342865,0.08282514728605747
45,58,103,-0.06362105002626776,884.2307353078388,884.171875,884.1671142578125,-0.004748099949210882,-0.05887295007705688
46,57,103,0.12580543138086797,882.8550905647129,882.8147583007812,882.9808959960938,0.1661181002855301,-0.04031266890466212
47,56,103,0.24315483920276165,879.4361664498597,879.378173828125,879.6793212890625,0.301144003868103,-0.057989164665341375
48,55,103,0.3725186893343925,874.3608797481656,874.4447631835938,874.7333984375,0.28866589069366455,0.08385279864072798
49,54,103,0.40204554319381713,867.6314627575874,867.6431274414062,868.0335083007812,0.3903503119945526,0.011695231199264522
40,64,104,0.1399282987974584,873.86239103714,873.8408813476562,874.0023193359375,0.16144640743732452,-0.021518108639866113
41,63,104,-0.39023301780223846,879.2537584084272,879.15185546875,878.863525390625,-0.2883527874946594,-0.10188023030757903
42,62,104,-0.2466327690333128,886.9078266166896,886.9022827148438,886.6611938476562,-0.2410552054643631,-0.0055775635689497005
43,61,104,0.022402582155773416,888.369870367063,888.275146484375,888.3922729492188,0.1171720027923584,-0.09476942063658499
44,60,104,-0.2789987369626761,893.0861886783689,893.089599609375,892.8071899414062,-0.2823792099952698,0.0033804730325937005
45,59,104,0.01613207114802208,891.1942561124457,891.1708374023438,891.2103881835938,0.03958959877490997,-0.023457527626887895
46,58,104,0.015607974813319743,892.8166063806555,892.82421875,892.8322143554688,0.007956000044941902,0.007651974768377841
47,57,104,0.25345481604337694,887.7241452816129,887.7632446289062,887.9776000976562,0.21435999870300293,0.03909481734037401
48,56,104,0.36161225497722627,885.7953701668978,885.8328247070312,886.156982421875,0.32418718934059143,0.037425065636634836
49,55,104,0.40899430990219116,877.2393821549416,877.2647705078125,877.6483764648438,0.38364800810813904,0.025346301794052117
50,54,104,0.45817574933171273,871.828140168637,871.9267578125,872.2863159179688,0.35951438546180725,0.09866136386990548
52,52,104,-0.23362698078155517,848.3887173128128,848.3618774414062,848.1550903320312,-0.2067624032497406,-0.026864577531814565
40,65,105,-0.2446190493926406,877.6862084048614,877.6527709960938,877.4415893554688,-0.21119000017642975,-0.03342904921621084
41,64,105,-0.40308124288916586,885.5027516530454,885.3276977539062,885.0996704101562,-0.22801250219345093,-0.17506874069571493
42,63,105,-0.37251072511076927,891.8975961743295,891.9606323242188,891.5250854492188,-0.43551498651504517,0.0630042614042759
43,62,105,-0.22003147758543493,896.0705563799291,896.1337890625,895.8505249023438,-0.2832770049571991,0.06324552737176417
44,61,105,-0.14695937793701888,899.0442372099683,898.9996948242188,898.8972778320312,-0.10236799716949463,-0.04459138076752425
45,60,105,-0.11156228348612786,900.0373435334861,900.134033203125,899.92578125,-0.20825649797916412,0.09669421449303627
46,59,105,0.09934187942184508,899.9259877104219,899.9183349609375,900.0253295898438,0.10695549845695496,-0.007613619035109875
47,58,105,0.22457377061247827,897.8125966395438,897.7889404296875,898.0371704101562,0.24826599657535553,-0.02369222596287726
48,57,105,0.38054741457104685,894.2337714330852,894.2695922851562,894.6143188476562,0.3447139859199524,0.03583342865109446
49,56,105,0.47723404988646506,888.7721555985511,888.7939453125,889.2493896484375,0.45542749762535095,0.02180655226111411
50,55,105,0.5166474360227585,881.6271513921023,881.7090454101562,882.143798828125,0.43475499749183655,0.08189243853092198
51,54,105,0.15455360993742942,871.5701168002188,871.6041870117188,871.7246704101562,0.12050849944353104,0.034045110493898384
52,53,105,-0.16354191862046719,859.6008588131517,859.6178588867188,859.4373168945312,-0.1805640012025833,0.017022082582116127
41,65,106,-0.5445083799958229,889.7904800596833,889.6861572265625,889.2459716796875,-0.4401642084121704,-0.1043441715836525
42,64,106,-0.4583444011211395,898.8131417644024,898.8291625976562,898.3547973632812,-0.4743412137031555,0.015996812582016018
43,63,106,-0.33553978070616725,901.7333669291437,901.695068359375,901.3978271484375,-0.2972419857978821,-0.038297794908285165
44,62,106,-0.37781029552221296,907.5089138111472,907.459716796875,907.131103515625,-0.328603595495224,-0.04920670002698896
45,61,106,-0.002219721539877355,906.7099223582586,906.7167358398438,906.7077026367188,-0.009060200303792953,0.006840478763915598
46,60,106,-0.04668733245693147,909.4818069613632,909.4793090820312,909.4351196289062,-0.04420040175318718,-0.0024869307037442903
47,59,106,0.27267680279910567,905.6397987831384,905.7318115234375,905.9124755859375,0.18069179356098175,0.09198500923812392
48,58,106,0.31808995515108107,905.0027108260989,905.1392211914062,905.32080078125,0.18158480525016785,0.13650514990091323
49,57,106,0.48048626124858856,897.7497993832826,897.8328857421875,898.2302856445312,0.39744219183921814,0.08304406940937042
50,56,106,0.5973638379573822,893.8319574511052,893.7960815429688,894.4293212890625,0.6332402229309082,-0.035876384973525965
51,55,106,0.15491825447417795,881.9794811595883,882.13330078125,882.1343994140625,0.0010856000008061528,0.1538326544733718
52,54,106,0.11251811540685594,873.0768739744369,873.097412109375,873.1893920898438,0.09197080135345459,0.02054731405340135
41,66,107,-0.4752741903066635,895.1913996785879,895.2786254882812,894.7161254882812,-0.5625085830688477,0.08723439276218414
42,65,107,-0.49382063537836074,903.2873387017846,903.3174438476562,902.7935180664062,-0.5239329934120178,0.030112358033657083
43,64,107,-0.48315494939684867,908.8756720392406,908.7400512695312,908.3925170898438,-0.347575306892395,-0.13557964250445365
44,63,107,-0.3795576736330986,913.1654463455081,913.0703125,912.785888671875,-0.28443318605422974,-0.09512448757886888
45,62,107,-0.15103864585980772,915.250953196641,915.2891235351562,915.0999145507812,-0.18922799825668335,0.038189352396875625
46,61,107,0.12589959746226667,916.0315100705064,916.0157470703125,916.1574096679688,0.14167779684066772,-0.015778199378401053
47,60,107,0.20660371102392674,915.296081835851,915.2674560546875,915.502685546875,0.2352716028690338,-0.02866789184510707
48,59,107,0.378889676630497,913.020402315557,913.0687255859375,913.3992919921875,0.33059319853782654,0.04829647809267046
49,58,107,0.4886851492524147,908.7375111398101,908.8626708984375,909.2261962890625,0.36350271105766296,0.12518243819475172
50,57,107,0.6181955844163894,902.9482106655836,903.0259399414062,903.56640625,0.5404778122901917,0.07771777212619779
51,56,107,0.3609125089645386,894.2401617097854,894.3845825195312,894.60107421875,0.21651920676231384,0.14439330220222474
41,67,108,-0.4761343356966972,899.2258291599154,899.1713256835938,898.7496948242188,-0.42162320017814636,-0.05451113551855086
42,66,108,-0.4315029963850975,909.5995327815414,909.5930786132812,909.1680297851562,-0.4250747859477997,-0.006428210437297799
43,65,108,-0.5253634612262249,914.0387911956012,913.9842529296875,913.513427734375,-0.4708575904369354,-0.05450587078928948
44,64,108,-0.5759921975433826,921.0241123147309,920.9404907226562,920.4481201171875,-0.49238359928131104,-0.08360859826207157
45,63,108,-0.1736687688343227,921.6014641789906,921.5278930664062,921.4277954101562,-0.10009559988975525,-0.07357316894456745
46,62,108,-0.059134676484391094,925.2430336022657,925.2385864257812,925.1838989257812,-0.05470279976725578,-0.004431876717135311
47,61,108,0.33085616752505304,922.4394685395062,922.538818359375,922.7703247070312,0.23147040605545044,0.0993857614696026
48,60,108,0.24762901090085507,923.4278470633179,923.402099609375,923.6754760742188,0.2733832001686096,-0.02575418926775455
49,59,108,0.5031664694845677,917.403449741453,917.4871826171875,917.9066162109375,0.41942718625068665,0.08373928323388102
50,58,108,0.5788375365734101,914.5129593384266,914.6549682617188,915.091796875,0.4368515908718109,0.14198594570159917
51,57,108,0.3466740807145834,904.0980280677229,904.2479858398438,904.4447021484375,0.19670720398426056,0.14996687673032283
52,56,108,0.34597947120666506,896.7986128139496,896.802001953125,897.1445922851562,0.34261319041252136,0.0033662807941436945
54,54,108,-0.5633589802682399,871.9650313435495,872.0879516601562,871.4016723632812,-0.6862688064575195,0.12290982618927959
41,68,109,-0.3024038390815258,904.3392080383003,904.3872680664062,904.0368041992188,-0.35044631361961365,0.048042474538087854
42,67,109,-0.2689713589847088,913.6478776089847,913.5744018554688,913.37890625,-0.195476695895195,-0.0734946630895138
43,66,109,-0.4849159309267998,920.5403968879581,920.4155883789062,920.0554809570312,-0.3600763976573944,-0.12483953326940539
44,65,109,-0.5546173225343227,926.2114166389406,926.0888671875,925.6567993164062,-0.43205198645591736,-0.12256533607840536
45,64,109,-0.39125738985836506,929.6323462570458,929.5673217773438,929.2410888671875,-0.3262036144733429,-0.06505377538502216
46,63,109,0.18794314213097096,931.4440759008378,931.3922119140625,931.6320190429688,0.23980750143527985,-0.05186435930430888
47,62,109,0.19846440356224776,931.6310644050315,931.7227783203125,931.8295288085938,0.10671050101518631,0.09175390254706145
48,61,109,0.35398780182003975,930.7401284091175,930.725341796875,931.0941162109375,0.36875858902931213,-0.014770787209272385
49,60,109,0.43415626913309097,927.9273549613357,927.92822265625,928.3615112304688,0.4333057105541229,0.0008505585789680414
50,59,109,0.5938815887272358,923.2874050323666,923.2864990234375,923.8812866210938,0.5948053002357483,-0.0009237115085124481
51,58,109,0.3607876333594322,915.9312045541405,916.1249389648438,916.2919921875,0.16704510152339935,0.19374253183603285
52,57,109,0.3345655006170273,906.8708178001642,906.8070068359375,907.2053833007812,0.3983755111694336,-0.06381001055240632
53,56,109,0.16218948287889362,896.0705375679023,895.9818115234375,896.2327270507812,0.2509123980998993,-0.08872291522100567
54,55,109,-0.3933046139776707,883.6487977780401,883.6964721679688,883.2554931640625,-0.4409739077091217,0.04766929373145101
41,69,110,-0.3580037946254015,907.9646322125941,908.0786743164062,907.6066284179688,-0.47207701206207275,0.11407321743667126
42,68,110,-0.040359043115749955,919.4949488868657,919.522216796875,919.45458984375,-0.06763000041246414,0.027270957296714186
43,67,110,-0.3281728097051382,925.3060780831427,925.2386474609375,924.9779052734375,-0.2607330083847046,-0.06743980132043359
44,66,110,-0.6152115806937217,933.48538980335,933.4943237304688,932.8701782226562,-0.6241530179977417,0.008941437304019972
45,65,110,-0.4601430267095566,935.5762318938971,935.4680786132812,935.1160888671875,-0.3519609868526459,-0.10818203985691072
46,64,110,-0.09420463803224266,940.235501024751,940.1879272460938,940.1412963867188,-0.046629998832941055,-0.047574639199301605
47,63,110,0.4014611914753914,938.5120519921184,938.531982421875,938.9135131835938,0.38152098655700684,0.019940204918384552
48,62,110,0.12140672942623496,940.5322797940113,940.6403198242188,940.6536865234375,0.013395000249147415,0.10801172917708754
49,61,110,0.4278084571659565,936.0060904686153,935.97998046875,936.4338989257812,0.45394301414489746,-0.02613455697894096
50,60,110,0.4271366828680038,934.5205561882258,934.5696411132812,934.9476928710938,0.3780750036239624,0.04906167924404142
51,59,110,0.3368306456506252,925.3910746277869,925.39501953125,925.7279052734375,0.3328689932823181,0.003961652368307089
52,58,110,0.29354599215090277,919.2920252969116,919.3927612304688,919.5855712890625,0.19283999502658844,0.10070599712431433
53,57,110,0.13860431846231222,906.802374685444,906.8484497070312,906.9409790039062,0.09256300330162048,0.04604131516069174
54,56,110,-0.11301829096861184,897.6363337206561,897.5208740234375,897.5233154296875,0.00241199997253716,-0.115430290941149
42,69,111,0.142983390185982,923.0587378012202,922.99755859375,923.2017211914062,0.20415480434894562,-0.06117141416296362
43,68,111,-0.06484702590387315,931.3013582563726,931.300048828125,931.2365112304688,-0.06355659663677216,-0.0012904292671009898
44,67,111,-0.4187965799868107,938.3152199198306,938.2783813476562,937.8964233398438,-0.3819602131843567,-0.036836366802454
45,66,111,-0.5769965654611587,943.0295112138987,943.0145874023438,942.4525146484375,-0.5620636940002441,-0.014932871460914598
46,65,111,0.17756820548325777,945.9361402906105,945.9142456054688,946.1137084960938,0.19947220385074615,-0.02190399836748838
47,64,111,0.19019231151789426,947.4036187236384,947.3614501953125,947.5938110351562,0.23235419392585754,-0.042161882407963286
48,63,111,0.2740733887255192,947.4790394042433,947.6159057617188,947.7531127929688,0.13720889389514923,0.13686449483036994
49,62,111,0.24379693739116193,945.9402240587026,945.9733276367188,946.1840209960938,0.21065360307693481,0.03314333431422711
50,61,111,0.3917417997121811,942.7741517549753,942.737548828125,943.1658935546875,0.4283590018749237,-0.03661720216274261
51,60,111,0.18570436608046292,936.8125866495445,936.8533325195312,936.998291015625,0.14494669437408447,0.04075767170637845
52,59,111,0.26889891788363457,928.8537817461788,928.82177734375,929.1226806640625,0.3009515106678009,-0.032052592784166334
53,58,111,0.18819299671798945,919.3761990931257,919.4057006835938,919.5643920898438,0.15869270265102386,0.029500294066965582
43,69,112,0.08672266874928028,935.6201865109382,935.6056518554688,935.7069091796875,0.10126960277557373,-0.014546934026293451
44,68,112,-0.3647538062185049,945.2294388648122,945.1952514648438,944.8646850585938,-0.3305271863937378,-0.0342266198247671
45,67,112,-0.5318983790278434,948.5162123438716,948.5130615234375,947.9843139648438,-0.5287591814994812,-0.0031391975283622253
46,66,112,-0.1764190942980349,954.2852447778918,954.3206787109375,954.1088256835938,-0.21189600229263306,0.035476907994598156
47,65,112,0.39697632655501364,953.840816642195,953.801025390625,954.23779296875,0.4367615878582001,-0.03978526130318644
48,64,112,0.024950532184448093,957.018140288128,957.0098266601562,957.0430908203125,0.03327279910445213,-0.00832226692000404
49,63,112,0.1823191200941801,953.624382540062,953.6427612304688,953.8067016601562,0.16395120322704315,0.018367916867136957
50,62,112,0.01622385417111218,953.5578728255164,953.5253295898438,953.5740966796875,0.04878320172429085,-0.03255934755317867
51,61,112,0.1562169107235968,945.6575648275576,945.6868896484375,945.8137817382812,0.12690399587154388,0.029312914852052924
52,60,112,0.11251271955668926,940.8622797609121,940.8731079101562,940.9747924804688,0.10169760137796402,0.010815118178725242
53,59,112,0.1309991005808115,929.5206122275442,929.5865478515625,929.651611328125,0.06502880156040192,0.06597029902040957
54,58,112,-0.02962219843408093,921.7724200499965,921.7672119140625,921.7427978515625,-0.024435199797153473,-0.005186998636927457
43,70,113,0.16611888552084564,941.1933781847916,941.2295532226562,941.3594970703125,0.12993240356445312,0.03618648195639251
44,69,113,-0.05046797626186162,949.4944377028244,949.5034790039062,949.4439697265625,-0.059484101831912994,0.009016125570051374
45,68,113,-0.5040910968184471,955.5548113116622,955.6202392578125,955.0507202148438,-0.5695645213127136,0.06547342449426652
46,67,113,0.12853771406691522,959.5952782039018,959.6614990234375,959.7238159179688,0.06231649965047836,0.06622121441643686
47,66,113,0.16073132513090968,962.2331895733066,962.3154296875,962.3939208984375,0.07844199985265732,0.08228932527825236
48,65,113,0.26198841601610184,963.5345203730463,963.549560546875,963.7965087890625,0.2469238042831421,0.015064611732959754
49,64,113,-0.07599338580388576,963.1588180928352,963.091064453125,963.0828247070312,-0.008256100118160248,-0.06773728568572551
50,63,113,-0.09536751945503057,961.3867493553926,961.2697143554688,961.2913818359375,0.021677900105714798,-0.11704541956074536
51,62,113,-0.14018402693793178,956.518113714438,956.5762329101562,956.3779296875,-0.19831059873104095,0.05812657179310918
52,61,113,0.18511870972812175,949.7230844152718,949.7239379882812,949.908203125,0.1842641979455948,0.0008545117825269621
53,60,113,0.08553437378257513,941.5717532238737,941.7140502929688,941.6572875976562,-0.05676639825105667,0.14230077203363178
54,59,113,-0.006880659018643201,931.9985798777686,932.0158081054688,931.99169921875,-0.02413010038435459,0.01724944136571139
55,58,113,-0.12854915644973516,920.8923431017622,920.7943725585938,920.7637939453125,-0.030598999932408333,-0.09795015651732683
43,71,114,0.13795726743526757,945.043256111471,945.089599609375,945.1812133789062,0.0915713980793953,0.04638586935587227
44,70,114,-0.16088590359315277,955.9671603176556,955.92822265625,955.8062744140625,-0.12190140038728714,-0.038984503205865634
45,69,114,-0.36824111983180047,960.6529701237381,960.6349487304688,960.2847290039062,-0.35021939873695374,-0.018021721094846732
46,68,114,-0.18050797633826732,967.5365870779008,967.6326293945312,967.3560791015625,-0.2765384018421173,0.09603042550384999
47,67,114,0.40503530398011206,968.2593934069574,968.290771484375,968.6644287109375,0.37363961338996887,0.03139569059014319
48,66,114,0.02740944235236384,972.6039992490539,972.592529296875,972.6314086914062,0.038860999047756195,-0.011451556695392356
49,65,114,0.013578736062627286,970.2937943108124,970.3650512695312,970.307373046875,-0.05765879899263382,0.0712375350552611
50,64,114,-0.3725051729381084,971.6190261690318,971.5726318359375,971.2465209960938,-0.3261494040489197,-0.04635576888918874
51,63,114,-0.026125617069774308,964.7230250311322,964.7271728515625,964.6968994140625,-0.030277399346232414,0.004151782276458106
52,62,114,-0.0063323234883137045,961.2384490227071,961.337890625,961.2321166992188,-0.10578899830579758,0.09945667481748387
53,61,114,0.1421101557277143,951.2634074223973,951.3048095703125,951.405517578125,0.10069400072097778,0.04141615500673651
54,60,114,-0.12177839098498225,944.8034800511413,944.9694213867188,944.6817016601562,-0.2877156138420105,0.16593722285702825
55,59,114,-0.16340415995568036,931.7414070896432,931.787109375,931.5780029296875,-0.20910540223121643,0.04570124227553607
56,58,114,-0.32485399216413496,922.2629643437266,922.2242431640625,921.9381103515625,-0.28616100549697876,-0.038692986667156204
44,71,115,-0.0672736550681293,959.8376593972556,959.8836059570312,959.7703857421875,-0.11321000009775162,0.04593634502962232
45,70,115,-0.362876847833395,967.1521834884584,967.2251586914062,966.789306640625,-0.43588700890541077,0.07301016107201574
46,69,115,0.19443059692159295,972.5192534851096,972.639404296875,972.7136840820312,0.07426699995994568,0.12016359696164727
47,68,115,0.17627186357975005,976.251401476264,976.4138793945312,976.4276733398438,0.013840500265359879,0.16243136331439018
48,67,115,0.29445738293230533,978.7061529686302,978.7333984375,979.0006103515625,0.2672019898891449,0.027255393043160436
49,66,115,-0.14296679904684426,979.4394755881093,979.4029541015625,979.2965087890625,-0.10642799735069275,-0.03653880169615151
50,65,115,-0.2776398782432079,979.012930405587,979.1181030273438,978.7352905273438,-0.3827730119228363,0.1051331336796284
51,64,115,-0.2852614951133728,975.1965774130821,975.3052978515625,974.9113159179688,-0.393994003534317,0.10873250842094423
52,63,115,0.20136770013719796,969.767931616269,969.582275390625,969.9692993164062,0.38700398802757263,-0.18563628789037467
53,62,115,0.11028214372694492,962.988594809398,963.0750122070312,963.098876953125,0.02391350083053112,0.0863686428964138
54,61,115,-0.0016639885667245834,954.6690834221605,954.611572265625,954.6674194335938,0.05580399930477142,-0.057467987871496005
44,72,116,-0.3844578891992569,965.8839696079492,965.9185180664062,965.49951171875,-0.41904398798942566,0.03458609879016877
45,71,116,-0.21141926722601057,971.8521053023823,971.8030395507812,971.6406860351562,-0.16232679784297943,-0.049092469383031134
46,70,116,-0.038080176890362055,980.0855655284529,980.115966796875,980.0474853515625,-0.06845799833536148,0.030377821444999425
47,69,116,0.4745152705907822,981.9750696903467,982.0452270507812,982.4495849609375,0.40435320138931274,0.07016206920146945
48,68,116,0.08144185662968084,987.3664341199328,987.4327392578125,987.4478759765625,0.015172399580478668,0.06626945704920217
49,67,116,0.07547294123563915,986.2020539142331,986.1876831054688,986.2775268554688,0.08984679728746414,-0.014373856051824993
50,66,116,-0.4151172669231892,988.8521900208294,988.6815185546875,988.4370727539062,-0.24442559480667114,-0.17069167211651803
51,65,116,-0.0005682478100061416,983.110187388435,983.1951904296875,983.109619140625,-0.08561280369758606,0.08504455588757992
52,64,116,-0.0348874927056022,980.9155637622368,980.8546752929688,980.8806762695312,0.026054000481963158,-0.06094149318756536
53,63,116,0.24558799996972083,972.1859305547177,972.2291259765625,972.4315185546875,0.20234720408916473,0.0432407958805561
54,62,116,-0.10606811881996692,967.125355228195,967.0730590820312,967.019287109375,-0.05373400077223778,-0.05233411804772914
44,73,117,-0.434181559830904,969.4728778488934,969.4108276367188,969.0386962890625,-0.372112512588501,-0.06206904724240303
45,72,117,-0.37824115589261054,978.1042543394864,978.0353393554688,977.7260131835938,-0.3093622028827667,-0.06887895300984381
46,71,117,0.31991273365914824,984.7118865827471,984.7801513671875,985.0317993164062,0.2516568899154663,0.06825584374368193
47,70,117,0.28507436595857144,989.6580408684164,989.7557983398438,989.943115234375,0.1872745007276535,0.09779986523091794
48,69,117,0.4240603190660477,993.1515622395277,993.2099609375,993.5756225585938,0.3656420111656189,0.05841830790042879
49,68,117,-0.08930532638914883,994.9650987834204,994.9522705078125,994.8757934570312,-0.07644010335206985,-0.012865223037078974
50,67,117,-0.30274676360189917,995.7929201034457,995.6246337890625,995.4901733398438,-0.1344040036201477,-0.16834275998175147
51,66,117,-0.1988448853045702,993.1747359985858,993.0841064453125,992.9758911132812,-0.10817769914865494,-0.09066718615591526
52,65,117,0.2104818243160844,988.828336535059,988.7576904296875,989.038818359375,0.28112488985061646,-0.07064306553453206
53,64,117,0.15294116981327532,983.3581672286242,983.3184204101562,983.5111083984375,0.1927081048488617,-0.03976693503558637
54,63,117,0.07673708791844547,976.4224694550503,976.2828369140625,976.4992065429688,0.21638080477714539,-0.13964371685869992
55,62,117,-0.15154102019965648,967.8621123092621,967.8082275390625,967.7105712890625,-0.0976283997297287,-0.053912620469927786
56,61,117,-0.41994416534900664,957.939963696599,957.9906616210938,957.52001953125,-0.47068819403648376,0.05074402868747713
45,73,118,-0.2665722607821226,982.2166455029696,982.0967407226562,981.9500732421875,-0.1466601938009262,-0.11991206698119639
46,72,118,0.04670547986868769,991.8121812388813,991.81591796875,991.85888671875,0.042975399643182755,0.003730080225504938
47,71,118,0.5184671948850155,995.0988423754275,995.1990356445312,995.6173095703125,0.4182800054550171,0.10018718942999838
48,70,118,0.22531248807907103,1001.5124804806709,1001.5645141601562,1001.73779296875,0.17327000200748444,0.0520424860715866
49,69,118,0.26629769697785377,1001.3428941975534,1001.3087158203125,1001.6091918945312,0.300493985414505,-0.034196288436651234
50,68,118,-0.5224578320980072,1005.096676582098,1004.9510498046875,1004.57421875,-0.3768238127231598,-0.14563401937484743
51,67,118,0.04421710445079952,1000.6189909033617,1000.5120239257812,1000.6632080078125,0.15115919709205627,-0.10694209264125676
52,66,118,-0.04980293191503733,999.408689650665,999.4242553710938,999.35888671875,-0.06534600257873535,0.01554307066369802
53,65,118,0.32583541207015515,991.9782417363673,991.9221801757812,992.3040771484375,0.38190460205078125,-0.0560691899806261
54,64,118,-0.10261122409254313,988.3004261654988,988.2478637695312,988.1978149414062,-0.050064198672771454,-0.05254702541977167
55,63,118,-0.038510264195501805,977.8441132915392,977.7958374023438,977.8056030273438,0.00977460015565157,-0.048284864351153374
45,74,119,-0.5760648211836815,988.0948636493086,988.1040649414062,987.518798828125,-0.5852407217025757,0.009175900518894164
46,73,119,0.332785130739212,995.962441920042,995.9061889648438,996.2952270507812,0.38903141021728516,-0.05624627947807315
47,72,119,0.3431489222496748,1002.286428714469,1002.3623046875,1002.6295776367188,0.2673006057739258,0.07584831647574902
48,71,119,0.5244813700020313,1006.996514723748,1006.9111328125,1007.52099609375,0.6098660826683044,-0.08538471266627312
49,70,119,-0.05672051759436727,1009.8958928808756,1009.8505249023438,1009.8391723632812,-0.011305299587547779,-0.04541521800681949
50,69,119,-0.3817778652906418,1011.5462676113843,1011.4344482421875,1011.1644897460938,-0.2699786126613617,-0.11179925262928009
51,68,119,-0.23948501668870448,1010.1334669502825,1010.0626831054688,1009.8939819335938,-0.16869419813156128,-0.0707908185571432
52,67,119,0.17720676332712174,1006.9797146233916,1006.9873657226562,1007.1569213867188,0.16955849528312683,0.007648268043994905
53,66,119,0.13121817683801054,1002.6875684442557,1002.8001708984375,1002.8187866210938,0.018604399636387825,0.11261377720162272
54,65,119,0.0925910560786724,997.0651237876714,997.0346069335938,997.15771484375,0.12310200184583664,-0.030510945767164233
55,64,119,-0.05203612918034196,989.7739599573054,989.7628173828125,989.721923828125,-0.04092929884791374,-0.011106830332428215
56,63,119,-0.3385944214463234,981.1647662964464,981.2655029296875,980.826171875,-0.4393152892589569,0.10072086781263351
46,74,120,-0.08535082285758108,1002.7283561939513,1002.8497924804688,1002.6430053710938,-0.20680400729179382,0.12145318443421274
47,73,120,0.4850467659533024,1007.310668566078,1007.4393920898438,1007.7957153320312,0.35632801055908203,0.12871875539422034
48,72,120,0.2850115355849266,1014.9427716675401,1014.962890625,1015.227783203125,0.2649199962615967,0.02009153932332991
49,71,120,0.3506137712299824,1015.8899868147075,1015.950927734375,1016.2406005859375,0.2897000014781952,0.060913769751787195
50,70,120,-0.6621457380056381,1020.5317746442556,1020.53857421875,1019.86962890625,-0.6689599752426147,0.006814237236976606
51,69,120,0.0025354479416273535,1017.0728429700271,1017.0756225585938,1017.0753784179688,-0.00019999999494757503,0.0027354479365749285
52,68,120,-0.09995324345305562,1017.2045675012655,1017.23828125,1017.1046142578125,-0.13368399441242218,0.03373075095936656
53,67,120,0.2966580535471439,1010.9217257355153,1010.8409423828125,1011.2183837890625,0.3774600028991699,-0.080801949352026
54,66,120,-0.1339980210736394,1008.459010228105,1008.48388671875,1008.3250122070312,-0.15886400640010834,0.024865985326468942
55,65,120,0.04863494611810893,999.2890725734131,999.417724609375,999.3377075195312,-0.08003199845552444,0.12866694457363337
56,64,120,-0.3094631313532591,993.696364986822,993.6353759765625,993.3869018554688,-0.24848799407482147,-0.06097513727843762
45,76,121,-0.6313543240725994,997.7133245389164,997.6740112304688,997.0819702148438,-0.5920037031173706,-0.03935062095522879
46,75,121,0.1605181831866503,1006.7818646293133,1006.8238525390625,1006.9423828125,0.11853359639644623,0.04198458679020406
47,74,121,0.258154604434967,1014.1016476416588,1014.2620239257812,1014.3598022460938,0.09779740124940872,0.1603572031855583
48,73,121,0.4877181974053383,1020.0641616854072,1020.150634765625,1020.5518798828125,0.4012387990951538,0.08647939831018447
49,72,121,-0.09265351118519902,1024.1848165971228,1024.1290283203125,1024.0921630859375,-0.036880701780319214,-0.0557728094048798
50,71,121,-0.4400244331359863,1026.748862323761,1026.708740234375,1026.308837890625,-0.3999643921852112,-0.040060040950775144
51,70,121,-0.3478517889976501,1026.3664064764976,1026.3289794921875,1026.0185546875,-0.3103454113006592,-0.037506377696990945
52,69,121,0.09657491371501237,1024.539167273785,1024.4906005859375,1024.6357421875,0.14514389634132385,-0.048568982626311485
53,68,121,0.047235539329703896,1021.2506770583266,1021.4107666015625,1021.2979125976562,-0.1128431037068367,0.1600786430365406
54,67,121,0.047054277661372906,1016.8151283395262,1016.86376953125,1016.8621826171875,-0.0015446000033989549,0.04859887766477186
55,66,121,-0.02110958212055266,1010.7413244258705,1010.7027587890625,1010.72021484375,0.01746080070734024,-0.0385703828278929
56,65,121,-0.21492337755858898,1003.4216494517773,1003.5629272460938,1003.2067260742188,-0.3562043011188507,0.14128092356026173
46,76,122,-0.24930607669055463,1013.3243182837218,1013.3290405273438,1013.0750122070312,-0.25401100516319275,0.00470492847263812
47,75,122,0.3533611188828945,1018.9912433733047,1019.03662109375,1019.3446044921875,0.30798980593681335,0.045371312946081155
48,74,122,0.18376025266945362,1027.6721967785807,1027.760498046875,1027.85595703125,0.09546259790658951,0.08829765476286411
49,73,122,0.314281584918499,1029.843311188519,1029.9371337890625,1030.1575927734375,0.2204362004995346,0.0938453844189644
50,72,122,-0.7204161503911019,1035.5970030644537,1035.5234375,1034.8765869140625,-0.6468095779418945,-0.07360657244920732
51,71,122,-0.056350709637627006,1033.1096954362001,1033.13525390625,1033.0533447265625,-0.08200839906930923,0.02565768943168223
52,70,122,-0.15486384820193053,1034.413164629452,1034.33203125,1034.25830078125,-0.07374300062656403,-0.0811208475753665
53,69,122,0.15906832613050936,1029.236317416057,1029.315673828125,1029.3953857421875,0.07970420271158218,0.07936412341892718
54,68,122,-0.1744702559709549,1027.7367261153458,1027.80908203125,1027.562255859375,-0.24675680696964264,0.07228655099868775
55,67,122,0.06476455172523857,1019.8296446279622,1019.8164672851562,1019.8944091796875,0.07791700214147568,-0.01315245041623711
56,66,122,-0.23915278777480126,1015.4928759323061,1015.498291015625,1015.2537231445312,-0.24461740255355835,0.005464614778757093
46,77,123,-0.11207289681769908,1017.2218751429115,1017.2139282226562,1017.1098022460938,-0.10411140322685242,-0.007961493590846663
47,76,123,0.1009313623176422,1025.5519006689324,1025.5704345703125,1025.65283203125,0.08240389823913574,0.01852746407850646
48,75,123,0.3485900616645813,1032.6145447039605,1032.6336669921875,1032.963134765625,0.3294534981250763,0.01913656353950499
49,74,123,-0.16515427004545927,1037.8997734106704,1037.8662109375,1037.734619140625,-0.13155260682106018,-0.033601663224399086
50,73,123,-0.44738787308335304,1041.5654298652707,1041.469482421875,1041.1180419921875,-0.3514499068260193,-0.09593796625733375
51,72,123,-0.46951008319854737,1042.1079378175737,1042.0953369140625,1041.638427734375,-0.45691078901290894,-0.012599294185638432
52,71,123,-0.007301872923271731,1041.3686299979233,1041.2611083984375,1041.361328125,0.10024899989366531,-0.10755087281693704
53,70,123,-0.06843215147731825,1039.1935542217898,1039.2503662109375,1039.1251220703125,-0.12522080540657043,0.056788653929252184
54,69,123,-0.03242514773271978,1035.7554476086702,1035.773681640625,1035.7230224609375,-0.05063970014452934,0.01821455241180956
55,68,123,-0.02193639628123492,1030.7824344431563,1030.7867431640625,1030.760498046875,-0.026190800592303276,0.004254404311068355
56,67,123,-0.11808903951197863,1024.685471852012,1024.6156005859375,1024.5673828125,-0.04825780168175697,-0.06983123783022166
47,77,124,0.175726380571723,1030.2570128772409,1030.3031005859375,1030.4327392578125,0.12962080538272858,0.04610557518899441
48,76,124,0.03558826013933867,1039.9343824429857,1039.990234375,1039.969970703125,-0.020219599828124046,0.055807859967462715
49,75,124,0.2251620265096426,1043.3587002781778,1043.376220703125,1043.5838623046875,0.20768679678440094,0.017475229725241653
50,74,124,-0.7109794342517852,1050.0582694733143,1049.95751953125,1049.3472900390625,-0.6102628111839294,-0.10071662306785578
51,73,124,-0.17124845717102288,1048.6054525587335,1048.5628662109375,1048.4342041015625,-0.12861080467700958,-0.0426376524940133
52,72,124,-0.2536196030676365,1050.73860495463,1050.685546875,1050.4849853515625,-0.20054200291633606,-0.05307760015130042
53,71,124,0.03482016561552882,1046.794403467197,1046.74365234375,1046.8292236328125,0.08559320122003555,-0.05077303560450673
54,70,124,-0.19634892631322146,1046.2300403325632,1046.26416015625,1046.03369140625,-0.23041120171546936,0.034062275402247905
55,69,124,0.05169134526979178,1039.4331719359802,1039.555419921875,1039.48486328125,-0.07051359862089157,0.12220494389068334
56,68,124,-0.1536342392489314,1036.194405723624,1036.121826171875,1036.040771484375,-0.08099160343408585,-0.07264263581484556
57,67,124,-0.16948305983096362,1026.5602301301435,1026.50830078125,1026.3907470703125,-0.11758240312337875,-0.05190065670758487
47,78,125,-0.015144503413466737,1036.514290011226,1036.6644287109375,1036.4991455078125,-0.16528749465942383,0.1501429912459571
48,77,125,0.21168707765638828,1044.7294750317187,1044.710205078125,1044.941162109375,0.2310124933719635,-0.019325415715575223
49,76,125,-0.1900166866183281,1051.0489034053683,1050.9920654296875,1050.85888671875,-0.1331624984741211,-0.05685418814420701
50,75,125,-0.41119749620556834,1055.8211096055807,1055.6910400390625,1055.409912109375,-0.2811625003814697,-0.1300349958240986
51,74,125,-0.5653703944385051,1057.2660539881886,1057.2701416015625,1056.70068359375,-0.5694500207901001,0.004079626351594978
52,73,125,-0.16955763144418598,1057.3659687642566,1057.2545166015625,1057.1964111328125,-0.0581124983727932,-0.11144513307139278
53,72,125,-0.19484125055372714,1056.2507494536787,1056.286376953125,1056.055908203125,-0.23048749566078186,0.03564624510705472
54,71,125,-0.08341026753187179,1053.9040889784694,1053.867431640625,1053.8206787109375,-0.046675000339746475,-0.03673526719212532
55,70,125,0.020143346273107453,1049.880003138102,1049.9754638671875,1049.900146484375,-0.07531250268220901,0.09545584895531647
56,69,125,-0.00822089089662768,1044.846721867459,1044.7723388671875,1044.8385009765625,0.06620000302791595,-0.07442089392454364
57,68,125,-0.1428070932254195,1038.116317835413,1038.0804443359375,1037.9735107421875,-0.1069749966263771,-0.03583209659904241
48,78,126,0.04059227150166407,1051.6974448378733,1051.689208984375,1051.738037109375,0.04884820058941841,-0.00825592908775434
49,77,126,0.1447706862166524,1056.4035691575334,1056.46044921875,1056.54833984375,0.08785580098628998,0.05691488523036242
50,76,126,-0.636295983493328,1064.0072676631808,1063.8839111328125,1063.3709716796875,-0.5128601789474487,-0.12343580454587932
51,75,126,-0.3218773353099823,1063.5461204993726,1063.4794921875,1063.2242431640625,-0.25531360507011414,-0.06656373023986817
52,74,126,-0.4373093846440315,1066.450248837769,1066.3681640625,1066.012939453125,-0.35530221462249756,-0.08200717002153396
53,73,126,-0.11838560894131661,1063.4239276011288,1063.43212890625,1063.3055419921875,-0.12667539715766907,0.008289788216352456
54,72,126,-0.24144543945789337,1063.8885401660204,1063.8857421875,1063.6470947265625,-0.23862500488758087,-0.0028204345703125022
55,71,126,0.10089697416871786,1058.1908510727062,1058.3077392578125,1058.291748046875,-0.01597980037331581,0.11687677454203367
56,70,126,-0.002557152039371431,1055.8294614489143,1055.8446044921875,1055.826904296875,-0.017656199634075165,0.015099047594703733
57,69,126,-0.01015160121023655,1047.3006789449603,1047.36572265625,1047.29052734375,-0.07527679949998856,0.06512519828975201
58,68,126,-0.27565241791307926,1042.4022393319756,1042.4305419921875,1042.1265869140625,-0.30392059683799744,0.028268178924918175
48,79,127,0.2961712169647217,1056.2509479236603,1056.2459716796875,1056.547119140625,0.301168292760849,-0.004997075796127293
49,78,127,-0.050359570924192666,1063.6247003912367,1063.602294921875,1063.5743408203125,-0.027992399409413338,-0.02236717151477933
50,77,127,-0.29228372149169446,1069.4822251277417,1069.40966796875,1069.18994140625,-0.21972140669822693,-0.07256231479346753
51,76,127,-0.6109085309505463,1071.849311851263,1071.85595703125,1071.2384033203125,-0.6175969839096069,0.00668845295906062
52,75,127,-0.3584114421159029,1072.844495426491,1072.6558837890625,1072.486083984375,-0.16974300146102905,-0.18866844065487387
53,74,127,-0.3822675760090351,1072.5227705056966,1072.576171875,1072.1405029296875,-0.4357140064239502,0.05344643041491509
54,73,127,-0.21791754614561795,1071.1493140305206,1071.131591796875,1070.931396484375,-0.20013819634914398,-0.01777934979647397
55,72,127,0.07802994103869423,1068.1687962308363,1068.268310546875,1068.246826171875,-0.021535899490118027,0.09956584052881226
56,71,127,0.14247858196496963,1064.17563665241,1064.06396484375,1064.318115234375,0.25418800115585327,-0.11170941919088365
57,70,127,0.04878118003718555,1058.2778789762128,1058.3597412109375,1058.32666015625,-0.03303239867091179,0.08181357870809733
58,69,127,-0.11185623938217759,1051.6162507706322,1051.66064453125,1051.50439453125,-0.15620939433574677,0.044353154953569174
48,80,128,0.4148288729786873,1062.7177394863963,1062.8143310546875,1063.132568359375,0.3183023929595947,0.09652648001909259
49,79,128,0.23923080019652843,1068.9192164654285,1068.9837646484375,1069.158447265625,0.1745792031288147,0.06465159706771373
50,78,128,-0.4129872415959835,1077.392479429096,1077.372802734375,1076.9794921875,-0.39328721165657043,-0.019700029939413055
51,77,128,-0.35966879010200503,1077.9357185947895,1077.85888671875,1077.5760498046875,-0.2828671932220459,-0.07680159687995913
52,76,128,-0.5697199004888535,1081.558977712989,1081.4404296875,1080.9892578125,-0.4511607885360718,-0.11855911195278168
53,75,128,-0.3036703871190548,1079.4347739027442,1079.40234375,1079.131103515625,-0.2712551951408386,-0.032415191978216185
54,74,128,-0.42124061241745947,1080.7349613155425,1080.7425537109375,1080.313720703125,-0.42880240082740784,0.007561788409948367
55,73,128,0.08462778920307755,1076.011075335797,1076.0313720703125,1076.095703125,0.06430160254240036,0.02032618666067719
56,72,128,0.13379904098808765,1074.7396140449493,1074.6864013671875,1074.8734130859375,0.1869616061449051,-0.05316256515681744
57,71,128,0.15616962317377328,1067.2024729549512,1067.160400390625,1067.358642578125,0.19822880625724792,-0.042059183083474644
58,70,128,-0.09668528854846954,1063.1601618510485,1063.2864990234375,1063.0634765625,-0.2230152040719986,0.12632991552352907
59,69,128,-0.13485615296289324,1053.2684010748378,1053.301025390625,1053.133544921875,-0.16750480234622955,0.03264864938333631
48,81,129,0.718048143684864,1066.9070739266276,1066.76953125,1067.6251220703125,0.8555880784988403,-0.1375399348139763
49,80,129,0.30042760491371157,1075.6810177075863,1075.699951171875,1075.9814453125,0.2814890146255493,0.01893859028816225
50,79,129,-0.011928115850314497,1082.7209124908504,1082.6732177734375,1082.708984375,0.03572310134768486,-0.047651217197999356
51,78,129,-0.45543301969766614,1085.8211556759477,1085.9296875,1085.36572265625,-0.564014196395874,0.10858117669820788
52,77,129,-0.43136549800634383,1087.6908869823812,1087.5228271484375,1087.259521484375,-0.26336419582366943,-0.1680013021826744
53,76,129,-0.5064949510991573,1088.1511482714116,1088.2427978515625,1087.6446533203125,-0.5981131792068481,0.09161822810769082
54,75,129,-0.4029488430917263,1087.6915230618417,1087.6494140625,1087.28857421875,-0.3607616126537323,-0.042187230437993994
55,74,129,-0.05233471564017236,1085.5993317859527,1085.6700439453125,1085.5469970703125,-0.12299849838018417,0.07066378274001181
56,73,129,0.17047959841787816,1082.5935584875197,1082.449462890625,1082.7640380859375,0.3145380914211273,-0.14405849300324916
57,72,129,0.16472292929887772,1077.8471178910136,1077.9298095703125,1078.0118408203125,0.08200789988040924,0.08271502941846848
58,71,129,0.05213348454330116,1072.0129299920193,1072.1114501953125,1072.0650634765625,-0.04630190134048462,0.09843538588378578
59,70,129,-0.06321125987917185,1064.8665559864417,1064.8150634765625,1064.8033447265625,-0.011823199689388275,-0.05138806018978358
48,82,130,0.643624231517315,1072.7213660028576,1072.8363037109375,1073.364990234375,0.5287160277366638,0.11490820378065114
49,81,130,0.48127678692340853,1080.752487861514,1080.8428955078125,1081.2337646484375,0.3909200131893158,0.09035677373409273
50,80,130,-0.05194943479727954,1090.2798547082348,1090.2862548828125,1090.2279052734375,-0.058309998363256454,0.006360563565976918
51,79,130,-0.10686719646677374,1091.7357734464667,1091.6573486328125,1091.62890625,-0.028433000668883324,-0.07843419579789042
52,78,130,-0.4633392524719238,1095.984335346222,1095.9422607421875,1095.52099609375,-0.4212630093097687,-0.042076243162155136
53,77,130,-0.36274442851543426,1094.8166018503905,1094.7431640625,1094.453857421875,-0.28924301266670227,-0.07350141584873199
54,76,130,-0.5380431881546974,1096.8712951412797,1096.905029296875,1096.333251953125,-0.5717819929122925,0.03373880475759505
55,75,130,-0.08867676379159092,1093.1304248106667,1093.1419677734375,1093.041748046875,-0.10032399743795395,0.011647233646363025
56,74,130,0.04313462824095041,1092.7265186920715,1092.7166748046875,1092.7696533203125,0.0530100017786026,-0.009875373537652193
57,73,130,0.16628764532506465,1086.2623012218623,1086.304931640625,1086.4285888671875,0.12365300208330154,0.04263464324176311
58,72,130,-0.01646586590446532,1083.2453477018419,1083.318115234375,1083.2288818359375,-0.08923199772834778,0.07276613182388246
59,71,130,0.027397683615563436,1074.2584909882594,1074.288330078125,1074.285888671875,-0.0024449999909847975,0.029842683606548234
60,70,130,-0.19474540740251542,1068.8260930636525,1068.9267578125,1068.63134765625,-0.2954680025577545,0.1007225951552391
48,83,131,0.5528915031254291,1074.874476660937,1075.0018310546875,1075.4273681640625,0.42562758922576904,0.12726391389966007
49,82,131,0.3091641876846552,1086.9010408904403,1087.031982421875,1087.210205078125,0.17817360162734985,0.13099058605730535
50,81,131,0.1254843108681962,1095.5462686188193,1095.4898681640625,1095.6717529296875,0.1819027066230774,-0.056418395754881195
51,80,131,-0.1988572223484516,1099.3824509723484,1099.4244384765625,1099.18359375,-0.24077750742435455,0.04192028507590295
52,79,131,-0.2137374496087432,1101.9384688949212,1101.87158203125,1101.7247314453125,-0.1469409018754959,-0.06679654773324728
53,78,131,-0.401258255392313,1103.2389047397673,1103.321044921875,1102.837646484375,-0.4833987057209015,0.08214045032858847
54,77,131,-0.4337523312866688,1103.6244261594118,1103.509521484375,1103.190673828125,-0.3188076913356781,-0.11494463995099069
55,76,131,-0.2677771974354982,1102.3839881349354,1102.369140625,1102.1162109375,-0.2529526948928833,-0.014824502542614915
56,75,131,-0.005059378690784797,1100.3157283240032,1100.210205078125,1100.3106689453125,0.10050590336322784,-0.10556528205401264
57,74,131,0.056713082832284274,1096.4457283234178,1096.5181884765625,1096.50244140625,-0.01575559936463833,0.0724686821969226
58,73,131,0.008093597814440728,1091.641442534998,1091.675048828125,1091.6495361328125,-0.02549389936029911,0.03358749717473984
59,72,131,-0.02508262445451692,1085.5181246166421,1085.48486328125,1085.4930419921875,0.0081490995362401,-0.03323172399075702
60,71,131,-0.06845170178916306,1078.2221382252267,1078.169921875,1078.1536865234375,-0.01618950068950653,-0.05226220109965653
48,84,132,0.49755717560648915,1078.3413100118935,1078.3267822265625,1078.8388671875,0.5121427774429321,-0.014585601836442974
49,83,132,0.3349421875923872,1089.5132023436577,1089.490478515625,1089.84814453125,0.3575615882873535,-0.02261940069496632
50,82,132,-0.4818741412460804,1102.8678604693712,1102.8431396484375,1102.385986328125,-0.45718321204185486,-0.024690929204225553
51,81,132,0.005828556367196143,1105.1575015217577,1105.1495361328125,1105.163330078125,0.01373360026627779,-0.007905043899081646
52,80,132,-0.19076161891222,1109.9845848610996,1109.920166015625,1109.7938232421875,-0.12633879482746124,-0.06442282408475875
53,79,132,-0.14522639520466327,1109.7090691686421,1109.653076171875,1109.5638427734375,-0.0892895981669426,-0.05593679703772067
54,78,132,-0.40519738927483556,1112.5398409439624,1112.4461669921875,1112.1346435546875,-0.3116227984428406,-0.09357459083199499
55,77,132,-0.1867757873609662,1109.627693756111,1109.53759765625,1109.44091796875,-0.09668959677219391,-0.09008619058877229
56,76,132,-0.18930598884820937,1110.0970208325982,1110.0374755859375,1109.90771484375,-0.12976039946079254,-0.05954558938741683
57,75,132,-0.011953923505498096,1104.6093660328804,1104.5438232421875,1104.597412109375,0.05362119898200035,-0.06557512248749844
58,74,132,-0.18512793138623237,1102.4308554704487,1102.506591796875,1102.2457275390625,-0.2608436048030853,0.07571567341685295
59,73,132,-0.06470340250059962,1094.4731506681255,1094.4830322265625,1094.408447265625,-0.07457640022039413,0.00987299771979451
60,72,132,-0.18168310344219207,1090.0211606425046,1089.89892578125,1089.8394775390625,-0.05947279930114746,-0.12221030414104461
50,83,133,-0.07289551950991154,1105.18324708201,1105.2418212890625,1105.1103515625,-0.1314370036125183,0.058541484102606775
51,82,133,-0.6282628232240677,1112.582120245099,1112.5091552734375,1111.953857421875,-0.5552166104316711,-0.07304621279239654
52,81,133,-0.05775409310823307,1115.7706447181083,1115.7403564453125,1115.712890625,-0.027491500601172447,-0.03026259250706062
53,80,133,-0.21016974456608295,1117.8177136898785,1117.878173828125,1117.6075439453125,-0.2707068920135498,0.060537147447466855
54,79,133,-0.1764850790426135,1119.0426960165425,1118.8822021484375,1118.8662109375,-0.01594410091638565,-0.16054097812622786
55,78,133,-0.21333721943199635,1118.4617503053696,1118.527099609375,1118.2484130859375,-0.27875378727912903,0.06541656784713268
56,77,133,-0.14076502494513987,1117.37733729057,1117.2274169921875,1117.236572265625,0.009215299971401691,-0.14998032491654156
57,76,133,-0.14129274245351553,1114.4511071955785,1114.3858642578125,1114.309814453125,-0.07611949741840363,-0.0651732450351119
58,75,133,-0.2093210718780756,1110.5636911890656,1110.52734375,1110.3543701171875,-0.17300330102443695,-0.03631777085363866
59,74,133,-0.23998750403523444,1105.2608615274728,1105.264404296875,1105.0208740234375,-0.24352039396762848,0.0035328899323940344
60,73,133,-0.19051112037152051,1098.9700521359964,1098.8768310546875,1098.779541015625,-0.09735599905252457,-0.09315512131899595
61,72,133,-0.13551083333790304,1091.1273321224005,1091.1697998046875,1090.9918212890625,-0.1779852956533432,0.042474462315440165
50,84,134,0.2979939316213131,1108.8305461074413,1108.873046875,1109.1285400390625,0.25546538829803467,0.042528543323278434
51,83,134,-0.2687765374034643,1115.6503683342785,1115.6759033203125,1115.381591796875,-0.29433318972587585,0.025556652322411555
52,82,134,-0.5688766458630562,1123.6300338724257,1123.4083251953125,1123.0611572265625,-0.34712278842926025,-0.22175385743379594
53,81,134,-0.1669021799787879,1124.0416580393537,1124.1356201171875,1123.874755859375,-0.26087480783462524,0.09397262785583735
54,80,134,-0.14447725869715214,1127.5867380008847,1127.4356689453125,1127.4422607421875,0.006580399814993143,-0.15105765851214528
55,79,134,-0.027771524854470046,1125.4125371498544,1125.418701171875,1125.384765625,-0.0338979996740818,0.006126474819611757
56,78,134,-0.15250105924904347,1126.7539414889366,1126.6951904296875,1126.6014404296875,-0.09379539638757706,-0.05870566286146642
57,77,134,-0.08167443023994565,1122.254281852115,1122.1815185546875,1122.172607421875,-0.008899199776351452,-0.0727752304635942
58,76,134,-0.3470114053785801,1121.0243795694412,1121.013427734375,1120.6773681640625,-0.3359943926334381,-0.011017012745141996
59,75,134,-0.2870157827436924,1113.9039591421188,1113.9261474609375,1113.616943359375,-0.30924779176712036,0.02223200902342798
60,74,134,-0.40607438653707506,1110.3290480193496,1110.26220703125,1109.9229736328125,-0.3392393887042999,-0.06683499783277513
61,73,134,-0.1548542555421591,1100.6196980055422,1100.597412109375,1100.46484375,-0.13255539536476135,-0.02229886017739774
50,85,135,0.2728352989256382,1110.9450602088868,1111.142822265625,1111.2178955078125,0.07506050169467926,0.19777479723095892
51,84,135,0.256075275093317,1119.3990760920942,1119.4185791015625,1119.6551513671875,0.23663100600242615,0.019444269090890864
52,83,135,-0.037924799064639955,1126.7600927678147,1126.6746826171875,1126.72216796875,0.047515999525785446,-0.0854407985904254
53,82,135,-0.6495885902643204,1131.9236364418268,1131.9427490234375,1131.2740478515625,-0.6687214970588684,0.019132906794548044
54,81,135,-0.1575175326317549,1133.7783671420068,1133.7945556640625,1133.620849609375,-0.1737705022096634,0.016252969577908505
55,80,135,-0.08023578247055412,1134.078648868408,1134.1807861328125,1133.9984130859375,-0.1824055016040802,0.10216971913352609
56,79,135,0.022096820219885557,1133.70446567978,1133.6671142578125,1133.7265625,0.05944250151515007,-0.03734568129526451
57,78,135,-0.05368308640085161,1131.6570766410885,1131.6776123046875,1131.6033935546875,-0.07422199845314026,0.020538912052288652
58,77,135,-0.22068118408322335,1128.8193139965833,1128.8681640625,1128.5986328125,-0.2695235013961792,0.04884231731295585
59,76,135,-0.38241320684552194,1124.450406370908,1124.4052734375,1124.0679931640625,-0.337334007024765,-0.04507919982075692
60,75,135,-0.4143197822570801,1118.956800251007,1118.9007568359375,1118.54248046875,-0.35823601484298706,-0.056083767414093044
61,74,135,-0.332335734218359,1112.0585320232808,1111.967041015625,1111.7261962890625,-0.24089549481868744,-0.09144023939967155
62,73,135,-0.20940546900033952,1103.9666076174378,1103.9796142578125,1103.7572021484375,-0.22244499623775482,0.013039527237415305
51,85,136,0.22479341708123685,1122.1990347079188,1122.306396484375,1122.423828125,0.11735119670629501,0.10744222037494183
52,84,136,0.38005472540855406,1131.4363515245914,1131.4425048828125,1131.81640625,0.3739064037799835,0.006148321628570541
53,83,136,-0.13447952055372298,1135.7278633096162,1135.7801513671875,1135.5933837890625,-0.18669119477272034,0.05221167421899736
54,82,136,-0.491635954529047,1142.0115334154666,1141.8817138671875,1141.5198974609375,-0.36179038882255554,-0.12984556570649147
55,81,136,-0.14481858149170876,1141.0102970971168,1141.009033203125,1140.865478515625,-0.14353279769420624,-0.001285783797502521
56,80,136,0.005942548420280218,1142.8425681937672,1142.77490234375,1142.8485107421875,0.07360240072011948,-0.06765985229983926
57,79,136,0.11438830625265836,1139.1635657953098,1139.1429443359375,1139.2779541015625,0.13503679633140564,-0.020648490078747278
58,78,136,-0.16652104780077934,1138.7536792509259,1138.8316650390625,1138.587158203125,-0.24448640644550323,0.0779653586447239
59,77,136,-0.25836184360086917,1132.8269653592258,1132.8812255859375,1132.568603515625,-0.312610387802124,0.054248544201254856
60,76,136,-0.5346942035853863,1130.0530047504603,1129.957763671875,1129.518310546875,-0.4394271969795227,-0.09526700660586362
61,75,136,-0.340043410807848,1121.2527631373703,1121.14599609375,1120.9127197265625,-0.23331519961357117,-0.10672821119427683
62,74,136,-0.4135547944903374,1115.991801864803,1116.004638671875,1115.5782470703125,-0.42644399404525757,0.012889199554920183
51,86,137,0.37362345069646835,1125.955600182116,1125.9312744140625,1126.3292236328125,0.3979331851005554,-0.02430973440408707
52,85,137,0.3583969463407993,1134.3917251239718,1134.392333984375,1134.7501220703125,0.3578090965747833,0.000587849766016002
53,84,137,0.3257545727491379,1140.5555930835008,1140.6624755859375,1140.88134765625,0.21884790062904358,0.1069066721200943
54,83,137,0.08393923662602902,1145.832320528999,1145.9072265625,1145.916259765625,0.009049500338733196,0.07488973628729582
55,82,137,-0.4997477346658707,1149.3220133596658,1149.2872314453125,1148.822265625,-0.4649597108364105,-0.03478802382946017
56,81,137,-0.042506117277080195,1149.7276867813396,1149.6805419921875,1149.6851806640625,0.004654400050640106,-0.0471605173277203
57,80,137,0.08485663989558816,1148.3693669929169,1148.317626953125,1148.4542236328125,0.1365440934896469,-0.051687453594058755
58,79,137,0.08856947522610426,1146.212944196649,1146.313232421875,1146.301513671875,-0.011708900332450867,0.10027837555855512
59,78,137,-0.1467997895181179,1142.8059794770181,1142.81396484375,1142.6591796875,-0.15471379458904266,0.007914005070924768
60,77,137,-0.3749389293789864,1138.473327601254,1138.4136962890625,1138.098388671875,-0.3153204023838043,-0.05961852699518205
61,76,137,-0.4570951800048351,1132.267153773755,1132.1202392578125,1131.81005859375,-0.31016919016838074,-0.14692598983645438
62,75,137,-0.35885131791234015,1125.2513073725997,1125.2567138671875,1124.8924560546875,-0.36421990394592285,0.005368586033582701
63,74,137,-0.1534394803456962,1116.5803193631582,1116.628662109375,1116.4268798828125,-0.20171059668064117,0.04827111633494496
52,86,138,0.43526779755949974,1138.8857771243156,1138.8558349609375,1139.321044921875,0.46515318751335144,-0.029885389953851704
53,85,138,0.2753778975456953,1144.2010625321418,1144.357421875,1144.4764404296875,0.11898999661207199,0.15638790093362331
54,84,138,0.45237953364849093,1151.382459333539,1151.5673828125,1151.8348388671875,0.2674005925655365,0.18497894108295443
55,83,138,0.22011552922427655,1153.6612321270256,1153.6998291015625,1153.88134765625,0.1814693957567215,0.03864613346755505
56,82,138,-0.28069514632225034,1158.4556219041347,1158.292236328125,1158.1749267578125,-0.11736360192298889,-0.16333154439926145
57,81,138,0.04738943396601826,1155.7723127144716,1155.761474609375,1155.8197021484375,0.058177001774311066,-0.010787567808292806
58,80,138,0.09214855177327991,1155.9389793779142,1156.0316162109375,1156.0311279296875,-0.0005304000223986804,0.09267895179567859
59,79,138,0.10277899660170078,1150.8377727612108,1150.812255859375,1150.9405517578125,0.1283089965581894,-0.025529999956488608
60,78,138,-0.2977123895287514,1149.0512524285912,1148.918212890625,1148.7535400390625,-0.16475479304790497,-0.13295759648084643
61,77,138,-0.34124216943979263,1141.2258857241272,1141.0330810546875,1140.8846435546875,-0.14850039780139923,-0.1927417716383934
62,76,138,-0.5316830745339394,1136.8753110042214,1136.8341064453125,1136.3436279296875,-0.4905467927455902,-0.04113628178834916
63,75,138,-0.09522298268973828,1126.3944173186273,1126.3037109375,1126.2991943359375,-0.00451180012896657,-0.09071118256077171
52,87,139,0.31720972672104836,1141.439626210779,1141.436279296875,1141.7568359375,0.32054761052131653,-0.003337883800268171
53,86,139,0.33678022608160973,1148.8700068832934,1148.9197998046875,1149.206787109375,0.2870100140571594,0.04977021202445031
54,85,139,0.39386244505643847,1155.1594822815061,1155.31103515625,1155.5533447265625,0.24223439395427704,0.15162805110216143
55,84,139,0.47561327293515204,1159.5142548911274,1159.585205078125,1159.9898681640625,0.4046817123889923,0.07093156054615973
56,83,139,0.3087476852536202,1162.996794306934,1163.0157470703125,1163.3055419921875,0.2898033857345581,0.01894429951906207
57,82,139,-0.23918967429548502,1164.594048072733,1164.5418701171875,1164.3548583984375,-0.18691930174827576,-0.05227037254720926
58,81,139,0.0806241244636476,1163.345523336474,1163.494873046875,1163.4261474609375,-0.06872960180044174,0.14935372626408933
59,80,139,0.12578101508319378,1160.6327639067918,1160.5833740234375,1160.758544921875,0.17510880529880524,-0.049327790215611456
60,79,139,0.017649488197639583,1157.077199144615,1156.9893798828125,1157.0948486328125,0.10547620058059692,-0.08782671238295733
61,78,139,-0.2830277715623379,1151.8695756231248,1151.6910400390625,1151.5865478515625,-0.10457470268011093,-0.17845306888222695
62,77,139,-0.40306202560663223,1145.7343608537317,1145.7879638671875,1145.331298828125,-0.45662540197372437,0.05356337636709213
63,76,139,-0.2203925734758377,1138.125910151601,1138.0234375,1137.905517578125,-0.11789929866790771,-0.10249327480793
52,88,140,0.16362980810925365,1145.6673028090781,1145.669921875,1145.8309326171875,0.16096200048923492,0.002667807620018725
53,87,140,0.15151624370366334,1152.0999486000464,1152.1263427734375,1152.25146484375,0.1251399964094162,0.026376247294247146
54,86,140,0.38130056649446487,1160.5774396678805,1160.7242431640625,1160.958740234375,0.23444999754428864,0.14685056895017623
55,85,140,0.41434661254286764,1163.9482022155821,1164.005126953125,1164.362548828125,0.35732200741767883,0.05702460512518881
56,84,140,0.5375613778829574,1169.5039425283671,1169.4410400390625,1170.04150390625,0.6004999876022339,-0.06293860971927645
57,83,140,0.3353354820609093,1169.6805336585642,1169.7027587890625,1170.015869140625,0.31308600306510925,0.022249478995800043
58,82,140,-0.11560598015785217,1172.6231743395329,1172.6826171875,1172.507568359375,-0.17502999305725098,0.059424012899398804
59,81,140,0.12179875876754523,1168.5835235068575,1168.5123291015625,1168.705322265625,0.19301800429821014,-0.07121924553066492
60,80,140,0.04368384069763124,1167.4305593233648,1167.3009033203125,1167.4742431640625,0.17324000597000122,-0.12955616527237
61,79,140,-0.0838753109332174,1160.5179573421833,1160.473388671875,1160.43408203125,-0.03931200131773949,-0.044563309615477914
62,78,140,-0.44929803237318994,1156.9583312354982,1156.9349365234375,1156.509033203125,-0.42595401406288147,-0.023344018310308468
63,77,140,-0.2215574862807989,1147.5977781894057,1147.6826171875,1147.376220703125,-0.3064199984073639,0.08486251212656498
64,76,140,-0.24120738461613656,1141.7595179314912,1141.6966552734375,1141.518310546875,-0.1782979965209961,-0.06290938809514046
65,75,140,0.2688494195789099,1129.5656232366712,1129.6142578125,1129.83447265625,0.22025200724601746,0.04859741233289244
53,88,141,-0.05001337781315669,1156.4908092762507,1156.51806640625,1156.4407958984375,-0.07732419669628143,0.02731081888312474
54,87,141,0.16258142706006765,1163.95118810419,1164.0064697265625,1164.11376953125,0.1073772981762886,0.05520412888377904
55,86,141,0.3855920957028866,1169.5489782167972,1169.504150390625,1169.9345703125,0.43048858642578125,-0.044896490722894644
56,85,141,0.4794184973835945,1174.0298588463663,1173.9769287109375,1174.50927734375,0.5323866009712219,-0.052968103587627435
57,84,141,0.4743507668375969,1176.3200828269123,1176.391845703125,1176.79443359375,0.40249499678611755,0.07185577005147936
58,83,141,0.24986535511910915,1177.9155399183185,1178.11083984375,1178.1654052734375,0.054620400071144104,0.19524495504796505
59,82,141,-0.07350872546434402,1177.9352030614018,1177.911865234375,1177.8616943359375,-0.050213199108839035,-0.023295526355504984
60,81,141,0.058743239876348524,1175.4106171116862,1175.3065185546875,1175.4693603515625,0.1628565937280655,-0.10411335385171697
61,80,141,-0.04400922521715984,1170.9237699674047,1170.8555908203125,1170.8797607421875,0.024189500138163567,-0.0681987253553234
62,79,141,-0.23576516345143317,1165.5579087181388,1165.4842529296875,1165.3221435546875,-0.16218599677085876,-0.0735791666805744
63,78,141,-0.29769778236746786,1158.892790555805,1158.693603515625,1158.5950927734375,-0.09852729737758636,-0.1991704849898815
64,77,141,-0.04704930044012144,1151.1189487145027,1151.2098388671875,1151.0718994140625,-0.1379690021276474,0.09091970168752596
65,76,141,0.1745870168507099,1141.9462625925244,1141.744140625,1142.120849609375,0.37666991353034973,-0.20208289667963983
53,89,142,-0.3207867755740881,1159.4937604083866,1159.4656982421875,1159.1729736328125,-0.2927413880825043,-0.028045387491583806
54,88,142,-0.0898984811687842,1169.0848935983563,1169.110107421875,1168.9949951171875,-0.11506900191307068,0.02517052074428648
55,87,142,0.1792274982109666,1173.577120158039,1173.6126708984375,1173.75634765625,0.1436665952205658,0.035560902990400794
56,86,142,0.41445217445492744,1180.3119882552326,1180.157958984375,1180.7264404296875,0.5684043765068054,-0.15395220205187798
57,85,142,0.40072692722082137,1181.4277642837167,1181.557373046875,1181.8284912109375,0.2711654007434845,0.12956152647733687
58,84,142,0.36768188312649724,1185.1022888199984,1185.283935546875,1185.469970703125,0.18605999648571014,0.1816218866407871
59,83,142,0.24785917706787586,1183.8026779323072,1183.7550048828125,1184.050537109375,0.29544559121131897,-0.04758641414344311
60,82,142,-0.07152711830101907,1185.262445087051,1185.1363525390625,1185.19091796875,0.05449799820780754,-0.1260251165088266
61,81,142,-0.07842647584155202,1179.533870811779,1179.5455322265625,1179.4554443359375,-0.09013540297746658,0.011708927135914565
62,80,142,-0.24211634561419487,1176.5140890018642,1176.6036376953125,1176.27197265625,-0.33157938718795776,0.08946304157376289
63,79,142,-0.20189408414065838,1168.1516011153906,1168.148193359375,1167.94970703125,-0.19853200018405914,-0.003362083956599232
64,78,142,-0.29059319764375685,1163.0548754242063,1163.0164794921875,1162.7642822265625,-0.2521798014640808,-0.03841339617967604
65,77,142,0.3173544052243233,1151.8500039932132,1151.8341064453125,1152.1673583984375,0.33326399326324463,-0.01590958803892134
54,89,143,-0.3579923138022423,1172.2443448528647,1172.1546630859375,1171.8863525390625,-0.2682265043258667,-0.08976580947637558
55,88,143,-0.02232892722124234,1178.8299461147212,1178.844970703125,1178.8076171875,-0.037310101091861725,0.014981173870619386
56,87,143,0.2510268638283014,1184.4130356361718,1184.32421875,1184.6640625,0.33984461426734924,-0.08881775043904783
57,86,143,0.31931719563901423,1187.815692569986,1187.776123046875,1188.135009765625,0.3588247001171112,-0.03950750447809698
58,85,143,0.2927143679559231,1190.251475085169,1190.4287109375,1190.544189453125,0.11546050012111664,0.17725386783480646
59,84,143,0.2744817976653576,1191.119439100772,1191.108154296875,1191.3939208984375,0.28569599986076355,-0.011214202195405976
60,83,143,0.10379528092220426,1191.2785289378278,1191.260009765625,1191.38232421875,0.12233009934425354,-0.01853481842204928
61,82,143,-0.08292796603403986,1189.4089777707215,1189.43603515625,1189.3260498046875,-0.10997629910707474,0.027048333073034878
62,81,143,-0.20332356348633765,1185.1969759072363,1185.2100830078125,1184.99365234375,-0.2163974940776825,0.013073930591344846
63,80,143,-0.2433406513929367,1179.2673885029553,1179.1519775390625,1179.0240478515625,-0.12793110311031342,-0.11540954828262329
64,79,143,-0.14433002719655633,1172.403485300634,1172.359619140625,1172.2591552734375,-0.10038840025663376,-0.04394162693992257
65,78,143,0.12749580273404718,1163.8064641582034,1163.76513671875,1163.9339599609375,0.16888320446014404,-0.04138740172609687
66,77,143,0.22378928661346437,1154.6075095415115,1154.7325439453125,1154.831298828125,0.09876389801502228,0.1250253885984421
54,90,144,-0.5635768117010593,1177.003518217951,1176.8953857421875,1176.43994140625,-0.45546799898147583,-0.1081088127195835
55,89,144,-0.23198536649346352,1182.5564482571185,1182.5120849609375,1182.324462890625,-0.1875735968351364,-0.044411769658327105
56,88,144,0.10075210363604128,1190.320146333864,1190.2254638671875,1190.4208984375,0.1953943967819214,-0.0946422931458801
57,87,144,0.1948591534793377,1192.4600480730833,1192.525634765625,1192.6549072265625,0.12922480702400208,0.06563434645533561
58,86,144,0.17958895478397607,1197.2544930764661,1197.3255615234375,1197.43408203125,0.10848720371723175,0.07110175106674432
59,85,144,0.20469585843384266,1196.8103187900037,1196.8619384765625,1197.0150146484375,0.15308159589767456,0.051614262536168104
60,84,144,0.11690546255558729,1199.1532361390068,1199.0770263671875,1199.2701416015625,0.19308720529079437,-0.07618174273520709
61,83,144,0.022947007267503067,1195.99206764117,1195.9627685546875,1196.0150146484375,0.052246399223804474,-0.029299391956301407
62,82,144,-0.1551775948703289,1195.6985125558078,1195.72998046875,1195.5433349609375,-0.18661999702453613,0.03144240215420724
63,81,144,-0.20998631052672864,1188.5023447089643,1188.60107421875,1188.2923583984375,-0.3087135851383209,0.09872727461159228
64,80,144,-0.2269785063713789,1184.1018564360588,1183.9591064453125,1183.8748779296875,-0.08420079946517944,-0.14277770690619945
65,79,144,0.2516944128274918,1173.7646630090476,1173.785400390625,1174.016357421875,0.23097120225429535,0.020723210573196427
66,78,144,-0.050060673044645225,1167.1355098917948,1167.2049560546875,1167.08544921875,-0.11958879977464676,0.06952812673000153
67,77,144,0.5032248465716839,1154.2929177315534,1154.4620361328125,1154.796142578125,0.33403119444847107,0.1691936521232128
54,91,145,-0.619478530883789,1179.6759970855712,1179.5877685546875,1179.0565185546875,-0.5312165021896362,-0.08826202869415278
55,90,145,-0.36899225249886514,1187.3710674478114,1187.366455078125,1187.0020751953125,-0.3643589913845062,-0.004633261114358911
56,89,145,-0.030002118800766767,1194.1357150094257,1194.0458984375,1194.105712890625,0.059830501675605774,-0.08983262047637254
57,88,145,0.11592055534943939,1198.522385108713,1198.5826416015625,1198.6383056640625,0.055641498416662216,0.06027905693277717
58,87,145,0.11866270389407874,1201.8788958898558,1202.0321044921875,1201.99755859375,-0.03444899991154671,0.15311170380562544
59,86,145,0.08769138522446156,1203.889481466338,1203.80859375,1203.9771728515625,0.16856749355793,-0.08087610833346844
60,85,145,0.049578532287850974,1204.8768130692747,1204.832275390625,1204.9263916015625,0.09409649670124054,-0.044517964413389566
61,84,145,-0.008050014686305076,1203.9516535303112,1203.885498046875,1203.943603515625,0.05814649909734726,-0.06619651378365234
62,83,145,-0.13496357653290034,1202.371779982783,1202.487060546875,1202.23681640625,-0.2502155005931854,0.11525192406028509
63,82,145,-0.06928631836082787,1199.1398429589858,1199.0447998046875,1199.070556640625,0.025812000036239624,-0.09509831839706749
64,81,145,-0.1330141376424581,1193.2809633563925,1193.197509765625,1193.14794921875,-0.04963250085711479,-0.0833816367853433
65,80,145,-0.005379435137147084,1185.6959311929497,1185.8883056640625,1185.6905517578125,-0.19765649735927582,0.19227706222212873
66,79,145,0.3859526201337576,1176.9654878095537,1176.9488525390625,1177.3514404296875,0.40258198976516724,-0.016629369631409652
67,78,145,0.38289007902145383,1166.9337603116035,1167.0439453125,1167.316650390625,0.2727159857749939,0.11017409324645994
54,92,146,-0.6591231551766396,1184.1593672958015,1184.12060546875,1183.500244140625,-0.6204484105110168,-0.03867474466562271
55,91,146,-0.3308083913475275,1190.76696561791,1190.6937255859375,1190.4361572265625,-0.25752899050712585,-0.07327940084040163
56,90,146,-0.028316390853142366,1199.5396689299157,1199.46728515625,1199.5113525390625,0.04412220045924187,-0.07243859131238423
57,89,146,0.09622545599937439,1202.8904688799382,1203.039794921875,1202.9866943359375,-0.05312480032444,0.14935025632381438
58,88,146,0.09270574127323926,1208.5639104696643,1208.6622314453125,1208.6566162109375,-0.005582599900662899,0.09828834117390216
59,87,146,0.07316173953004182,1209.0216868932825,1208.927490234375,1209.0948486328125,0.16734999418258667,-0.09418825465254485
60,86,146,-0.09527312096208335,1212.5480319100245,1212.3975830078125,1212.4527587890625,0.055265799164772034,-0.15053892012685538
61,85,146,-0.1455349514260888,1210.286892373301,1210.1436767578125,1210.141357421875,-0.0022299999836832285,-0.14330495144240557
62,84,146,-0.2381285586208105,1210.8069762148707,1210.9033203125,1210.56884765625,-0.3344826102256775,0.09635405160486699
63,83,146,-0.07043606480583549,1206.3308120413683,1206.2421875,1206.2603759765625,0.01822580024600029,-0.08866186505183578
64,82,146,-0.03097361763007939,1204.60079783638,1204.4281005859375,1204.56982421875,0.1417488008737564,-0.1727224185038358
65,81,146,0.0036247627367265523,1195.2115851982007,1195.323486328125,1195.2152099609375,-0.10832040011882782,0.11194516285555438
66,80,146,0.2240627605840564,1189.3134128253535,1189.33251953125,1189.5374755859375,0.20503120124340057,0.019031559340655813
67,79,146,0.8207839196920395,1177.2950608068704,1177.2333984375,1178.1158447265625,0.8823804259300232,-0.06159650623798374
68,78,146,0.06798242215067148,1169.5097763669119,1169.534912109375,1169.5777587890625,0.042945798486471176,0.0250366236642003
55,92,147,-0.30437719605863095,1195.400446531996,1195.374755859375,1195.0960693359375,-0.2786470055580139,-0.025730190500617034
56,91,147,0.07111868518870323,1203.0397211585614,1202.9364013671875,1203.11083984375,0.1744464933872223,-0.10332780819851906
57,90,147,0.19392275027930736,1208.522752054408,1208.568359375,1208.7166748046875,0.14832079410552979,0.045601956173777575
58,89,147,0.20232134994119405,1213.1002909547462,1213.12158203125,1213.3026123046875,0.1810722053050995,0.021249144636094563
59,88,147,0.11751453377306462,1215.7727442552894,1215.7694091796875,1215.8902587890625,0.12092000246047974,-0.0034054686874151197
60,87,147,-0.04587580673396587,1217.6644060801714,1217.689697265625,1217.6185302734375,-0.07122919708490372,0.025353390350937845
61,86,147,-0.2509690584987402,1217.9743577303736,1217.8026123046875,1217.723388671875,-0.07916639745235443,-0.17180266104638575
62,85,147,-0.3881744998693466,1217.1934723514319,1217.2442626953125,1216.8052978515625,-0.4389897882938385,0.0508152884244919
63,84,147,-0.24437968146055936,1214.818964642398,1214.740478515625,1214.5745849609375,-0.16591230034828186,-0.0784673811122775
64,83,147,0.002642147762235254,1211.8195014069252,1211.7705078125,1211.8221435546875,0.05161980167031288,-0.04897765390807763
65,82,147,0.12899328131228685,1206.4999129686878,1206.3739013671875,1206.62890625,0.2550249993801117,-0.12603171806782484
66,81,147,0.07960818627849221,1198.9714172043466,1199.044921875,1199.051025390625,0.0061039999127388,0.07350418636575341
67,80,147,0.5795038686692715,1189.8462773813308,1189.8236083984375,1190.42578125,0.6021993160247803,-0.02269544735550877
68,79,147,0.6811308944225312,1179.7959198868275,1179.8919677734375,1180.47705078125,0.5851280093193054,0.09600288510322574
69,78,147,0.4279289346933365,1168.4050788778068,1168.4761962890625,1168.8330078125,0.356783390045166,0.07114554464817047
55,93,148,-0.13379225121811034,1198.4676545559057,1198.4368896484375,1198.3338623046875,-0.10304120182991028,-0.030751049388200058
56,92,148,0.17513765657320618,1208.2704189840517,1208.28857421875,1208.445556640625,0.157053604722023,0.01808405185118317
57,91,148,0.298549921810627,1212.7007176563143,1212.6700439453125,1212.999267578125,0.329257994890213,-0.030708073079586007
58,90,148,0.35469182312488556,1219.4598833721875,1219.577392578125,1219.8145751953125,0.2372352033853531,0.11745661973953248
59,89,148,0.3241991040110588,1220.865986442864,1220.9320068359375,1221.190185546875,0.2581467926502228,0.066052311360836
60,88,148,0.024638359808595852,1224.9557083198788,1225.0223388671875,1224.9803466796875,-0.04201440140604973,0.06665276121464558
61,87,148,-0.11904232840519398,1223.5866936955927,1223.69775390625,1223.4676513671875,-0.23008839786052704,0.11104606945533306
62,86,148,-0.47073326736688614,1225.432891470492,1225.3856201171875,1224.962158203125,-0.4234248101711273,-0.047308457195758824
63,85,148,-0.4375063011050224,1221.56470356673,1221.564697265625,1221.127197265625,-0.4374940097332001,-1.2291371822348296e-05
64,84,148,-0.1664623563736677,1220.8285717313736,1220.7542724609375,1220.662109375,-0.09219039976596832,-0.07427195660769939
65,83,148,0.185555236376822,1214.3101723026857,1214.239501953125,1214.4957275390625,0.25623640418052673,-0.07068116780370473
66,82,148,0.10519672956317663,1210.6585972157493,1210.779541015625,1210.7637939453125,-0.01576399989426136,0.120960729457438
67,81,148,0.2037980778515339,1200.1561872737109,1200.1290283203125,1200.3599853515625,0.23100440204143524,-0.02720632418990135
68,80,148,0.5143784306943416,1192.8048354364932,1192.83447265625,1193.3192138671875,0.4847247898578644,0.029653640836477257
69,79,148,0.9051517474651337,1179.3170162212848,1179.338134765625,1180.22216796875,0.8840371966362,0.021114550828933765
56,93,149,0.22740893937647344,1211.5960773887484,1211.6456298828125,1211.823486328125,0.1779244989156723,0.04948444046080114
57,92,149,0.39598948523402216,1218.214362077266,1218.2525634765625,1218.6103515625,0.357866495847702,0.03812298938632014
58,91,149,0.4565466323494911,1223.9011193832755,1223.920166015625,1224.357666015625,0.4375194013118744,0.01902723103761672
59,90,149,0.4506469063460827,1227.4820923514665,1227.50732421875,1227.9327392578125,0.42540401220321655,0.025242894142866124
60,89,149,0.3322380254417658,1230.1026984979958,1230.0611572265625,1230.4349365234375,0.3737887144088745,-0.04155068896710873
61,88,149,0.1366329574584961,1230.949914894104,1230.9676513671875,1231.0865478515625,0.11887270212173462,0.017760255336761482
62,87,149,-0.24701625242829323,1231.2456734789907,1231.2568359375,1230.9986572265625,-0.2580766975879669,0.011060445159673693
63,86,149,-0.4578759469091892,1229.939321259409,1229.77978515625,1229.4814453125,-0.298444002866745,-0.1594319440424442
64,85,149,-0.4215319700539112,1227.5971911497413,1227.683349609375,1227.1756591796875,-0.5076544284820557,0.08612245842814448
65,84,149,0.0489006029695156,1223.479541779843,1223.262451171875,1223.5284423828125,0.2659203112125397,-0.21701970824302408
66,83,149,0.22555795624852182,1218.5576451687514,1218.6854248046875,1218.783203125,0.09771720319986343,0.12784075304865838
67,82,149,0.24417987622320653,1211.7951267644019,1211.85498046875,1212.039306640625,0.18430499732494354,0.059874878898262984
68,81,149,0.07538938731420786,1203.1770520189357,1203.16845703125,1203.25244140625,0.08398579806089401,-0.008596410746686156
56,94,150,0.1935183210670948,1216.6850217179954,1216.776123046875,1216.8785400390625,0.1024250015616417,0.0910933195054531
57,93,150,0.35365288853645327,1222.320297306776,1222.4150390625,1222.6739501953125,0.2589150071144104,0.09473788142204287
58,92,150,0.5540200911462307,1230.1675375260413,1230.16845703125,1230.7215576171875,0.5531499981880188,0.0008700929582119432
59,91,150,0.4249734881520271,1232.766188621223,1232.8397216796875,1233.191162109375,0.3514600098133087,0.07351347833871841
60,90,150,0.42623049557209014,1237.4171532934904,1237.4368896484375,1237.8433837890625,0.40656501054763794,0.0196654850244522
61,89,150,0.413730086684227,1236.6587796789408,1236.5718994140625,1237.072509765625,0.5006250143051147,-0.08689492762088774
62,88,150,-0.03571237531956285,1239.1804877659445,1239.2435302734375,1239.144775390625,-0.09872499853372574,0.06301262321416289
63,87,150,-0.08708623897284269,1236.2737317467854,1236.2022705078125,1236.1866455078125,-0.015615000389516354,-0.07147123858332634
64,86,150,-0.4266544985771179,1236.4378849673271,1236.3916015625,1236.01123046875,-0.3803449869155884,-0.04630951166152952
65,85,150,-0.2198931408300996,1230.7941118908302,1230.950927734375,1230.57421875,-0.3767400085926056,0.156846867762506
66,84,150,0.0926391725661233,1228.3691528196214,1228.3724365234375,1228.4617919921875,0.08937499672174454,0.0032641758443787694
67,83,150,0.3789698131382465,1220.2258885852993,1220.226318359375,1220.6048583984375,0.3785549998283386,0.000414813309907891
68,82,150,0.07039927904959768,1215.2635850959505,1215.3294677734375,1215.333984375,0.004569999873638153,0.06582927917595953
57,94,151,0.3804700781404972,1227.5155260156096,1227.485595703125,1227.89599609375,0.4104163944721222,-0.029946316331624978
58,93,151,0.45554361581802366,1234.4828108763695,1234.617919921875,1234.9383544921875,0.32043710350990295,0.1351065123081207
59,92,151,0.4374058462679386,1239.303560950607,1239.3902587890625,1239.740966796875,0.3507575988769531,0.08664824739098548
60,91,151,0.3974105688929558,1242.868702712357,1242.7713623046875,1243.26611328125,0.49471089243888855,-0.09730032354593277
61,90,151,0.29872235618531706,1244.279036432877,1244.43212890625,1244.5777587890625,0.1456827074289322,0.15303964875638487
62,89,151,0.2451479984819889,1244.808074657768,1244.8399658203125,1245.05322265625,0.21320149302482605,0.03194650545716285
63,88,151,0.2991536965593696,1244.1048990378156,1244.13427734375,1244.404052734375,0.26983019709587097,0.029323499463498603
64,87,151,0.11421313549741172,1242.7185505363775,1242.8876953125,1242.832763671875,-0.05493459850549698,0.1691477340029087
65,86,151,-0.12369609154760837,1239.7330710915476,1239.5400390625,1239.609375,0.06938070058822632,-0.19307679213583467
66,85,151,-0.07412016374059022,1235.6657949684281,1235.886474609375,1235.5916748046875,-0.2948139011859894,0.22069373744539916
67,84,151,0.3227053102850914,1230.11259742409,1229.9744873046875,1230.435302734375,0.46076831221580505,-0.13806300193071364
68,83,151,0.2850977681577206,1223.7003758646547,1223.835693359375,1223.9854736328125,0.1497827023267746,0.135315065830946
69,82,151,0.11136481057852507,1215.606530697234,1215.5587158203125,1215.7178955078125,0.15920239686965942,-0.047837586291134354
70,81,151,-0.13119284817017615,1205.5717446059828,1205.547119140625,1205.4405517578125,-0.10649559646844864,-0.024697251701727513
59,93,152,0.2401921409368515,1244.3610041481256,1244.43994140625,1244.6011962890625,0.16125519573688507,0.07893694519996644
60,92,152,0.46625487446784974,1250.0089648520946,1250.0491943359375,1250.4752197265625,0.42601439356803894,0.040240480899810804
61,91,152,0.17460834924131632,1250.4025400882588,1250.3717041015625,1250.5771484375,0.20544640719890594,-0.03083805795758962
62,90,152,0.08823057177476584,1253.0201678657252,1253.0977783203125,1253.1083984375,0.010595999658107758,0.07763457211665808
63,89,152,0.4507534573972225,1250.3926303316653,1250.4410400390625,1250.8433837890625,0.40241920948028564,0.04833424791693686
64,88,152,0.21102403227239847,1251.39749647554,1251.4774169921875,1251.6085205078125,0.1310615986585617,0.07996243361383676
65,87,152,0.4185750964283943,1246.582279395759,1246.705078125,1247.0008544921875,0.29580560326576233,0.12276949316263197
66,86,152,-0.15489775881171228,1245.2542629931868,1245.3233642578125,1245.099365234375,-0.22399920225143433,0.06910144343972205
67,85,152,0.14891758995130658,1238.0068441287988,1238.0277099609375,1238.15576171875,0.12806640565395355,0.020851184297353026
68,84,152,0.2304052547365427,1234.1524072452635,1234.1409912109375,1234.3828125,0.24182799458503723,-0.01142273984849454
69,83,152,0.36152161374688147,1224.5046893237532,1224.5787353515625,1224.8662109375,0.28751760721206665,0.07400400653481481
70,82,152,-0.139822981916368,1218.2404089194163,1218.346435546875,1218.1005859375,-0.2458391934633255,0.1060162115469575
59,94,153,0.3208965964615345,1250.295680551976,1250.3216552734375,1250.6165771484375,0.29492369294166565,0.025972903519868862
60,93,153,0.21740393981337547,1255.2342562164367,1255.30126953125,1255.45166015625,0.15047040581703186,0.06693353399634361
61,92,153,0.07486254134215414,1257.8139314039704,1257.8365478515625,1257.8887939453125,0.05229920148849487,0.02256333985365927
62,91,153,0.033215241627767685,1259.1214478443098,1258.9661865234375,1259.1546630859375,0.18849310278892517,-0.1552778611611575
63,90,153,0.034796298283617945,1258.8140806548413,1258.9912109375,1258.848876953125,-0.14236830174922943,0.17716460003284737
64,89,153,0.3726723250001669,1257.7160727921873,1257.724365234375,1258.0887451171875,0.36430230736732483,0.008370017632842064
65,88,153,0.5364546212553978,1255.343306120932,1255.3726806640625,1255.8797607421875,0.5070887804031372,0.029365840852260572
66,87,153,0.3721146613359451,1252.2183394402266,1252.419921875,1252.5904541015625,0.17053580284118652,0.2015788584947586
67,86,153,0.053606731020845476,1247.4902165111666,1247.5064697265625,1247.5438232421875,0.03730839863419533,0.016298332386650148
68,85,153,0.12287017099559307,1242.1063778758794,1242.1787109375,1242.229248046875,0.050443798303604126,0.07242637269198894
69,84,153,0.36534526452422145,1234.9920766104758,1234.90234375,1235.357421875,0.45506370067596436,-0.08971843615174291
71,82,153,-0.09529295236803591,1217.7497118976805,1217.740478515625,1217.6544189453125,-0.08609460294246674,-0.009198349425569172
60,94,154,0.47267191872000697,1261.62596089378,1261.6217041015625,1262.0986328125,0.4768385887145996,-0.004166669994592642
61,93,154,-0.11865834129974245,1263.5808165444248,1263.5263671875,1263.462158203125,-0.06421799957752228,-0.054440341722220176
62,92,154,0.057511626229388636,1266.9744707956456,1266.9329833984375,1267.031982421875,0.09896340221166611,-0.04145177598227747
63,91,154,-0.10194495860487222,1265.493058239855,1265.4334716796875,1265.39111328125,-0.04239239916205406,-0.05955255944281816
64,90,154,0.053882612315937876,1266.5364494189341,1266.619140625,1266.59033203125,-0.028838399797677994,0.08272101211361588
65,89,154,0.6260921810567379,1262.2868716861308,1262.287109375,1262.9129638671875,0.625866174697876,0.00022600635886194098
66,88,154,0.3590297378599644,1261.6913853012024,1261.7420654296875,1262.0504150390625,0.30830299854278564,0.05072673931717875
67,87,154,0.469203867316246,1255.1078224998712,1255.205078125,1255.5770263671875,0.3718949854373932,0.09730888187885284
68,86,154,-0.20014419496059419,1252.3532203668356,1252.3883056640625,1252.153076171875,-0.23525260388851166,0.03510840892791747
69,85,154,0.2361403426527977,1243.5014084854722,1243.42822265625,1243.737548828125,0.3093140125274658,-0.07317366987466811
70,84,154,0.1662252806313336,1238.1302835084311,1238.1507568359375,1238.2965087890625,0.14570920169353485,0.02051607893779875
59,96,155,0.26337460830807685,1260.2849652354419,1260.3111572265625,1260.54833984375,0.2371309995651245,0.02624360874295234
60,95,155,0.1558949063718319,1266.4741099764406,1266.397216796875,1266.6300048828125,0.23272499442100525,-0.07683008804917335
61,94,155,-0.014888966246508062,1270.2507288099964,1270.2711181640625,1270.23583984375,-0.03534350171685219,0.020454535470344128
62,93,155,-0.158995156660676,1272.8358750394732,1272.739990234375,1272.6768798828125,-0.06309899687767029,-0.09589615978300572
63,92,155,-0.2745095290988684,1273.5922585525364,1273.5848388671875,1273.3177490234375,-0.26708000898361206,-0.007429520115256327
64,91,155,-0.0688348446553573,1273.1558709774679,1273.054443359375,1273.0870361328125,0.03261449933052063,-0.10144934398587793
65,90,155,0.2476586075127125,1271.2352515487373,1271.4521484375,1271.48291015625,0.030718499794602394,0.2169401077181101
66,89,155,0.5492562597990036,1268.578185146451,1268.5753173828125,1269.12744140625,0.5520650148391724,-0.0028087550401687533
67,88,155,0.4974443751573563,1264.6400067967177,1264.6768798828125,1265.137451171875,0.46064749360084534,0.03679688155651095
68,87,155,0.152422499358654,1259.8561224225164,1260.0638427734375,1260.008544921875,-0.05538199841976166,0.20780449777841567
69,86,155,-0.04401935101370327,1253.8228279447637,1253.6982421875,1253.77880859375,0.08051999658346176,-0.12453934759716503
70,85,155,0.14128182895481586,1246.6112816476077,1246.7926025390625,1246.7525634765625,-0.04002700001001358,0.18130882896482944
71,84,155,0.25723947122693064,1238.1425408022105,1238.052734375,1238.3997802734375,0.3470804989337921,-0.08984102770686148
59,97,156,0.06052353509585373,1264.4469227539666,1264.41650390625,1264.5074462890625,0.09094280004501343,-0.030419264949159697
60,96,156,0.4467541763186455,1272.3593981674314,1272.386962890625,1272.80615234375,0.4192659854888916,0.0274881908297539
61,95,156,-0.24068617954850197,1275.6222779764234,1275.5693359375,1275.381591796875,-0.18770280480384827,-0.0529833747446537
62,94,156,0.08893482099287212,1279.9578181086947,1279.9808349609375,1280.0467529296875,0.06595759838819504,0.022977222604677078
63,93,156,-0.46965288057923316,1279.9850337399541,1279.920654296875,1279.515380859375,-0.4051952064037323,-0.06445767417550086
64,92,156,-0.13458593599498272,1281.66852148287,1281.5906982421875,1281.533935546875,-0.056846801191568375,-0.07773913480341435
65,91,156,0.15444163331761956,1278.3318864916823,1278.364013671875,1278.486328125,0.12222599983215332,0.032215633485466244
66,90,156,0.2581123936921358,1277.9693045984955,1278.0201416015625,1278.2274169921875,0.2072903960943222,0.050821997597813584
67,89,156,0.6464959728717804,1272.068591917753,1272.246826171875,1272.715087890625,0.4683319926261902,0.17816398024559021
68,88,156,0.013272969637764618,1270.0969565225498,1270.1376953125,1270.1102294921875,-0.027510400861501694,0.04078337049926631
69,87,156,0.10193791675847023,1261.9131988019915,1261.9781494140625,1262.01513671875,0.03700080141425133,0.06493711534421891
70,86,156,-0.29084786340594293,1257.616775597781,1257.6268310546875,1257.325927734375,-0.3009692132472992,0.010121349841356264
71,85,156,0.16450675517320634,1247.2320996901392,1247.278564453125,1247.3966064453125,0.11806879937648773,0.04643795579671861
72,84,156,0.005016583470569458,1240.546130877467,1240.6160888671875,1240.5511474609375,-0.06504560261964798,0.07006218609021744
59,98,157,0.12348147822543978,1269.4281542639621,1269.4732666015625,1269.5516357421875,0.07833100110292435,0.04515047712251544
60,97,157,0.1019387643970549,1276.7375387746654,1276.750244140625,1276.8394775390625,0.08926530182361603,0.012673462573438876
61,96,157,-0.03158981211367063,1281.7250712574262,1281.7708740234375,1281.6934814453125,-0.07739060372114182,0.045800791607471185
62,95,157,-0.20072625674307346,1285.478558287993,1285.3690185546875,1285.27783203125,-0.09127940237522125,-0.1094468543678522
63,94,157,-0.3996970662474632,1287.3723533162474,1287.3681640625,1286.97265625,-0.3955075144767761,-0.004189551770687083
64,93,157,-0.304606682062149,1288.072428947687,1287.95068359375,1287.767822265625,-0.18283039331436157,-0.12177628874778745
65,92,157,-0.07015118048060685,1287.0244968836057,1287.1082763671875,1286.954345703125,-0.15393120050430298,0.08378002002369613
66,91,157,0.2097340154647827,1285.0147532892227,1284.9866943359375,1285.2244873046875,0.23779410123825073,-0.028060085773468024
67,90,157,0.39881341889500616,1281.44908697173,1281.612548828125,1281.847900390625,0.23534390330314636,0.1634695155918598
68,89,157,0.37074175357818606,1277.3836527776718,1277.4110107421875,1277.75439453125,0.34341511130332947,0.027326642274856594
69,88,157,0.15147953424602748,1272.044077106379,1271.92431640625,1272.195556640625,0.2713254988193512,-0.11984596457332372
70,87,157,-0.16629743438214065,1265.6940073953197,1265.8525390625,1265.5277099609375,-0.3248507082462311,0.15855327386409043
71,86,157,-0.09013965256977827,1258.1310332072574,1258.090087890625,1258.0408935546875,-0.0492095984518528,-0.04093005411792547
73,84,157,0.08145423328503966,1239.7380037745274,1239.6815185546875,1239.8194580078125,0.13795439898967743,-0.05650016570463777
60,98,158,0.32501582309603694,1282.1262781222165,1282.16259765625,1282.4512939453125,0.288741797208786,0.03627402588725093
61,97,158,-0.28461315780878066,1286.6160340562462,1286.6512451171875,1286.3314208984375,-0.3198275864124298,0.03521442860364915
62,96,158,0.13776582963764666,1292.0621853422374,1292.0145263671875,1292.199951171875,0.18541499972343445,-0.047649170085787784
63,95,158,-0.605236504971981,1293.3663449034095,1293.2508544921875,1292.7611083984375,-0.4897559881210327,-0.11548051685094829
64,94,158,-0.17556159984320402,1295.9529053498431,1295.8880615234375,1295.77734375,-0.11071819812059402,-0.06484340172261
65,93,158,-0.19991832807660104,1293.914151726514,1293.8865966796875,1293.7142333984375,-0.17238479852676392,-0.02753352954983712
66,92,158,0.11879683943465352,1294.0876240590028,1294.04052734375,1294.2064208984375,0.1658916026353836,-0.04709476320073008
67,91,158,0.39389604568481446,1288.9293461418151,1289.0384521484375,1289.3232421875,0.2847977876663208,0.10909825801849365
68,90,158,0.07173879789421335,1287.2482074911684,1287.3724365234375,1287.3199462890625,-0.05256599932909012,0.12430479722330347
69,89,158,0.33060859054327013,1280.0142400422692,1279.989501953125,1280.3448486328125,0.355294793844223,-0.02468620330095289
70,88,158,-0.3812649248540401,1276.5902492998541,1276.5135498046875,1276.208984375,-0.30458420515060425,-0.07668071970343587
71,87,158,-0.10406803362071514,1266.9279205726832,1266.933837890625,1266.8238525390625,-0.10992299765348434,0.005854964032769208
72,86,158,-0.26458413220942023,1261.0563321790844,1261.0416259765625,1260.791748046875,-0.2499711960554123,-0.014612936154007938
60,99,159,-0.033401570195565,1286.1418000076956,1286.122802734375,1286.1083984375,-0.014361600391566753,-0.019039969803998247
61,98,159,-0.08338131198659539,1292.1622387338616,1292.1707763671875,1292.078857421875,-0.09185589849948883,0.008474586512893442
62,97,159,-0.20432268012315036,1297.1458510004356,1297.0418701171875,1296.9415283203125,-0.10041169822216034,-0.10391098190099002
63,96,159,-0.4057450942695141,1300.173201148957,1300.0950927734375,1299.7674560546875,-0.32759329676628113,-0.07815179750323298
64,95,159,-0.4030727683007717,1301.9981655417382,1301.8311767578125,1301.5950927734375,-0.2361142933368683,-0.16695847496390342
65,94,159,-0.22711301431059838,1302.017762428373,1302.0196533203125,1301.7906494140625,-0.22899749875068665,0.0018844844400882632
66,93,159,0.05291004816419445,1300.9519727643358,1300.8719482421875,1301.0048828125,0.13301220536231995,-0.0801021571981255
67,92,159,0.2347896458208561,1298.1125003932416,1298.251953125,1298.3472900390625,0.09535060077905655,0.13943904504179955
68,91,159,0.22944196850061416,1294.6056410393119,1294.7010498046875,1294.8350830078125,0.1340021938085556,0.09543977469205855
69,90,159,0.15303918855264784,1289.8247440145724,1289.927978515625,1289.977783203125,0.04977089911699295,0.10326828943565489
70,89,159,-0.10099959421902895,1284.496751547344,1284.4088134765625,1284.395751953125,-0.01300519984215498,-0.08799439437687397
71,88,159,-0.2553790929913521,1277.597786319554,1277.5015869140625,1277.3424072265625,-0.1591431051492691,-0.09623598784208298
72,87,159,-0.15362637309357524,1269.8125619199686,1269.8631591796875,1269.658935546875,-0.20429900288581848,0.05067262979224324
73,86,159,-0.020578490591142327,1260.6862279046536,1260.6673583984375,1260.6656494140625,-0.001802199985831976,-0.01877629060531035
60,100,160,0.16364750891923904,1291.1632567879558,1291.194580078125,1291.326904296875,0.1323080062866211,0.03133950263261795
61,99,160,-0.32817405767738816,1296.65251487799,1296.5823974609375,1296.3243408203125,-0.2580679953098297,-0.07010606236755845
62,98,160,0.14246636435389518,1303.1723529715837,1303.1385498046875,1303.3148193359375,0.176256000995636,-0.03378963664174081
63,97,160,-0.6155425456166267,1305.734561100304,1305.616455078125,1305.1190185546875,-0.49748000502586365,-0.11806254059076304
64,96,160,-0.1515056123957038,1309.3093425264583,1309.28271484375,1309.1578369140625,-0.12493599951267242,-0.026569612883031363
65,95,160,-0.4340086270868778,1308.5780515958368,1308.394775390625,1308.14404296875,-0.2508159875869751,-0.18319263949990272
66,94,160,0.08570194593630731,1309.5364904368762,1309.4483642578125,1309.6221923828125,0.17378400266170502,-0.0880820567253977
67,93,160,0.2316372901946306,1305.4375521629304,1305.3760986328125,1305.669189453125,0.29313600063323975,-0.06149871043860913
68,92,160,0.1270539052784443,1304.1954558603466,1304.2755126953125,1304.322509765625,0.04702800139784813,0.08002590388059616
69,91,160,0.24630640767514705,1297.6693430063874,1297.72998046875,1297.9156494140625,0.18561600148677826,0.060690406188368795
70,90,160,-0.3369462122023106,1294.8627030481398,1294.809814453125,1294.5257568359375,-0.2840240001678467,-0.0529222120344639
71,89,160,-0.21264009680598975,1286.2029965421184,1286.1341552734375,1285.9903564453125,-0.14379200339317322,-0.06884809341281653
72,88,160,-0.41035074219107626,1281.103710117191,1281.0206298828125,1280.693359375,-0.3272559940814972,-0.08309474810957906
73,87,160,0.020566626645158976,1270.0139792717923,1270.123291015625,1270.0345458984375,-0.0887639969587326,0.10933062360389158
74,86,160,-0.22759574964642526,1262.747737351209,1262.8463134765625,1262.5201416015625,-0.32618799805641174,0.09859224840998648
61,100,161,-0.17162002179771663,1301.8228651389852,1301.8455810546875,1301.6512451171875,-0.1944296956062317,0.022809673808515063
62,99,161,-0.2227451802790165,1307.871182680279,1307.648681640625,1307.6484375,-0.00032980000833049417,-0.222415380270686
63,98,161,-0.350070229023695,1311.9720184712112,1311.9859619140625,1311.6219482421875,-0.3640410006046295,0.013970771580934516
64,97,161,-0.41812128365039825,1315.002471869588,1314.9180908203125,1314.5843505859375,-0.33373740315437317,-0.08438388049602508
65,96,161,-0.35189712077379226,1316.1299732926489,1316.0914306640625,1315.778076171875,-0.313324898481369,-0.03857222229242324
66,95,161,-0.0813367424160242,1316.0878064689784,1315.90283203125,1316.0064697265625,0.10370270162820816,-0.18503944404423237
67,94,161,0.17904298610985278,1314.1749609201402,1314.26123046875,1314.35400390625,0.09274259954690933,0.08630038656294345
68,93,161,0.25531568489968776,1311.4277897838504,1311.48388671875,1311.68310546875,0.1991892009973526,0.056126483902335156
69,92,161,0.12738664081320167,1307.3372129685617,1307.39892578125,1307.464599609375,0.06561339646577835,0.06177324434742332
70,91,161,-0.12047680420801044,1302.566277585458,1302.5521240234375,1302.44580078125,-0.10636209696531296,-0.014114707242697477
71,90,161,-0.3759703496098518,1296.5369810917973,1296.4979248046875,1296.1610107421875,-0.33691808581352234,-0.03905226379632948
72,89,161,-0.3111779569089413,1289.563619363159,1289.468994140625,1289.25244140625,-0.2166444957256317,-0.09453346118330958
73,88,161,-0.03932394309900701,1281.210954802474,1281.1494140625,1281.171630859375,0.02215000055730343,-0.06147394365631044
75,86,161,-0.09277808123268187,1261.57751929217,1261.6490478515625,1261.4847412109375,-0.16430120170116425,0.07152312046848237
62,100,162,0.1146088001690805,1313.455947840456,1313.4271240234375,1313.570556640625,0.14353099465370178,-0.028922194484621286
63,99,162,-0.5203427708148957,1317.0602597630025,1316.9886474609375,1316.5399169921875,-0.44870659708976746,-0.0716361737251282
64,98,162,-0.058842744915746155,1321.7539111042906,1321.7640380859375,1321.695068359375,-0.0689425989985466,0.010099854082800445
65,97,162,-0.5827220511436463,1322.3572581839562,1322.58056640625,1321.7745361328125,-0.806022584438324,0.2233005332946777
66,96,162,0.019580641970969738,1324.164745529904,1324.0997314453125,1324.184326171875,0.0845090001821518,-0.06492835821118206
67,95,162,0.09244468819815665,1321.1673209368018,1321.1768798828125,1321.259765625,0.08295880258083344,0.00948588561732322
68,94,162,0.27578016452491283,1320.6399913198502,1320.6881103515625,1320.915771484375,0.22766420245170593,0.0481159620732069
69,93,162,0.2834608629345894,1314.9955918714404,1315.049072265625,1315.279052734375,0.23003840446472168,0.053422458469867706
70,92,162,-0.18709288585931064,1312.6564532374218,1312.6103515625,1312.4693603515625,-0.140994593501091,-0.046098292358219634
71,91,162,-0.30908793561160564,1304.8193418418616,1304.838623046875,1304.51025390625,-0.32835519313812256,0.019267257526516923
72,90,162,-0.5571759149432183,1300.4166729852557,1300.3929443359375,1299.8594970703125,-0.5334702134132385,-0.02370570152997975
73,89,162,-0.04736769952927716,1290.2850385979668,1290.2236328125,1290.2376708984375,0.014101600274443626,-0.06146929980372079
74,88,162,-0.11694602340459824,1283.7038600859046,1283.6590576171875,1283.5869140625,-0.0721668004989624,-0.04477922290563584
62,101,163,-0.23752045013010503,1317.8028280673177,1317.718994140625,1317.5653076171875,-0.1536439061164856,-0.08387654401361944
63,100,163,-0.2755654775351286,1322.8574746572226,1322.9107666015625,1322.5819091796875,-0.32890358567237854,0.05333810813724993
64,99,163,-0.32518662825226785,1327.0309971751274,1326.9432373046875,1326.705810546875,-0.2374279946088791,-0.08775863364338876
65,98,163,-0.3625588084757328,1329.3582863475383,1329.3680419921875,1328.9957275390625,-0.3723486065864563,0.009789798110723502
66,97,163,-0.23929907515645027,1330.481120364219,1330.370849609375,1330.2418212890625,-0.1289920061826706,-0.11030706897377968
67,96,163,0.03671643983281683,1329.4604759429797,1329.5855712890625,1329.4971923828125,-0.08842100203037262,0.12513744186318945
68,95,163,0.3013659505546093,1327.5665539713204,1327.5926513671875,1327.867919921875,0.27523109316825867,0.02613485738635063
69,94,163,0.303738429620862,1324.2669402813167,1324.371337890625,1324.5706787109375,0.19938379526138306,0.10435463435947895
70,93,163,0.06684879231499508,1320.2185515983101,1320.1544189453125,1320.285400390625,0.13097530603408813,-0.06412651371909306
71,92,163,-0.3557363015413284,1314.8554921609164,1314.86962890625,1314.499755859375,-0.3698224127292633,0.014086111187934902
72,91,163,-0.47257291242480276,1308.6692281858623,1308.565185546875,1308.1966552734375,-0.3684735894203186,-0.10409932300448416
73,90,163,-0.1952521236613393,1301.0783087642862,1301.048095703125,1300.883056640625,-0.16505150496959686,-0.030200618691742426
74,89,163,0.10346847387962044,1292.6233381667453,1292.6396484375,1292.726806640625,0.08719909936189651,0.016269374517723922
75,88,163,0.0821709741000086,1282.963971604025,1282.9510498046875,1283.046142578125,0.0950234979391098,-0.012852523839101196
62,102,164,0.07690262638381683,1323.0781266704912,1323.115966796875,1323.155029296875,0.03903080150485039,0.03787182487896644
63,101,164,-0.41479130476713183,1327.569332320392,1327.6405029296875,1327.154541015625,-0.48595041036605835,0.07115910559892652
64,100,164,0.06762938879430294,1333.2866186580807,1333.319580078125,1333.354248046875,0.03456079959869385,0.033068589195609094
65,99,164,-0.5199928738176822,1335.0989723660052,1334.9486083984375,1334.5789794921875,-0.3695856034755707,-0.15040727034211154
66,98,164,0.012218684297986329,1338.0276983078895,1338.0289306640625,1338.0399169921875,0.010984400287270546,0.0012342840107157829
67,97,164,-0.19347693208605052,1336.299678103961,1336.2593994140625,1336.106201171875,-0.15323759615421295,-0.040239335931837567
68,96,164,0.30404787495732305,1336.3417040781676,1336.4390869140625,1336.645751953125,0.20666760206222534,0.09738027289509771
69,95,164,0.3958574122190475,1331.6618818455934,1331.6231689453125,1332.0577392578125,0.43454238772392273,-0.03868497550487521
70,94,164,0.11809752775356173,1329.9425714175588,1329.944091796875,1330.0606689453125,0.11665640026330948,0.0014411274902522558
71,93,164,-0.12146065216511488,1322.8796393631026,1322.7918701171875,1322.7581787109375,-0.033705200999975204,-0.08775545116513968
72,92,164,-0.5885268405079842,1319.222560043633,1319.185546875,1318.634033203125,-0.551528811454773,-0.03699802905321126
73,91,164,-0.220938970297575,1309.905387212485,1309.86767578125,1309.6844482421875,-0.18323920667171478,-0.03769976362586022
74,90,164,-0.12349921054206789,1304.0031378824171,1304.0380859375,1303.879638671875,-0.15844599902629852,0.034946788484230634
75,89,164,0.21551189642399549,1292.4435457207635,1292.4925537109375,1292.6590576171875,0.1665228009223938,0.04898909550160169
76,88,164,-0.20918643582612276,1284.622760654576,1284.6624755859375,1284.41357421875,-0.2489120066165924,0.03972557079046965
63,102,165,-0.2252547562867403,1333.0675399125366,1333.208740234375,1332.84228515625,-0.3664284944534302,0.14117373816668988
64,101,165,-0.19931137382984163,1338.18905746758,1338.2230224609375,1337.98974609375,-0.23336200416088104,0.034050630331039416
65,100,165,-0.2188195701688528,1341.5425500389188,1341.5037841796875,1341.32373046875,-0.18007349967956543,-0.03874607048928738
66,99,165,-0.22326115921139716,1343.9075873310865,1343.744873046875,1343.684326171875,-0.06056949868798256,-0.1626916605234146
67,98,165,-0.139243946634233,1344.1381453138217,1344.248291015625,1343.9989013671875,-0.24935150146484375,0.11010755483061074
68,97,165,0.1575097429379821,1343.1358252179996,1343.0892333984375,1343.2933349609375,0.20405800640583038,-0.046548263467848294
69,96,165,0.3739066328108311,1340.5429634843767,1340.715576171875,1340.9168701171875,0.2013314962387085,0.1725751365721226
70,95,165,0.3032182066887617,1337.2844282776862,1337.298583984375,1337.587646484375,0.2890164852142334,0.014201721474528306
71,94,165,-0.04213542593177408,1332.5696012462442,1332.6630859375,1332.5274658203125,-0.13559000194072723,0.09345457600895316
72,93,165,-0.37431719198822977,1327.2222175826132,1327.073974609375,1326.847900390625,-0.2261119931936264,-0.14820519879460337
73,92,165,-0.36177763700485227,1320.459922168255,1320.5040283203125,1320.09814453125,-0.4059255123138428,0.0441478753089905
74,91,165,-0.0122326156985946,1312.7258556625736,1312.735107421875,1312.713623046875,-0.021516000851988792,0.009283385153394193
75,90,165,0.16431916799396276,1303.7357052460686,1303.7508544921875,1303.9000244140625,0.1491834968328476,0.015135671161115166
64,102,166,0.14622311241924763,1344.1078052078933,1344.1395263671875,1344.2540283203125,0.11448399722576141,0.03173911519348621
65,101,166,-0.3229221374541521,1346.8447727233915,1346.7950439453125,1346.5218505859375,-0.2731179893016815,-0.049804148152470584
66,100,166,0.15010455630719663,1350.8468436858802,1350.788330078125,1350.9969482421875,0.20853619277477264,-0.058431636467576015
67,99,166,-0.3382017471641302,1350.536199794039,1350.491943359375,1350.197998046875,-0.29388779401779175,-0.04431395314633846
68,98,166,0.23778201065957547,1351.4864611534028,1351.5633544921875,1351.7242431640625,0.16084860265254974,0.07693340800702572
69,97,166,0.2999812753498554,1347.7792423574626,1347.7432861328125,1348.0792236328125,0.3358738124370575,-0.03589253708720208
70,96,166,0.32826577916741373,1346.6492732833326,1346.668212890625,1346.9775390625,0.3092893958091736,0.018976383358240145
71,95,166,0.19927698824554682,1340.3301419570669,1340.3131103515625,1340.5294189453125,0.21625040471553802,-0.016973416469991204
72,94,166,-0.3414903497695923,1337.3860460138321,1337.3687744140625,1337.0445556640625,-0.324207603931427,-0.017282745838165303
73,93,166,-0.2182169507443905,1328.9632120679319,1328.8251953125,1328.7449951171875,-0.08025240153074265,-0.13796454921364784
74,92,166,-0.2744210395962,1323.8355782661588,1323.8326416015625,1323.5611572265625,-0.27138659358024597,-0.00303444601595404
75,91,166,0.20890343837440015,1313.0086258585006,1313.0001220703125,1313.217529296875,0.21739280223846436,-0.008489363864064209
76,90,166,-0.027209929187083617,1305.8127323901247,1305.81201171875,1305.7855224609375,-0.026458600535988808,-0.000751328651094809
64,103,167,-0.14680450644344092,1348.6106716939435,1348.6156005859375,1348.4638671875,-0.15174759924411774,0.004943092800676813
65,102,167,-0.0818116219714284,1352.9658448250964,1352.940673828125,1352.884033203125,-0.05664699897170067,-0.02516462299972773
66,101,167,-0.06032323533669114,1356.3138632743992,1356.1866455078125,1356.2535400390625,0.06684059649705887,-0.12716383183375002
67,100,167,-0.08828422009944915,1357.6893584388495,1357.7723388671875,1357.60107421875,-0.17122440040111542,0.08294018030166626
68,99,167,-0.00488653720356524,1357.9808386856412,1357.999755859375,1357.9759521484375,-0.0237783994525671,0.01889186224900186
69,98,167,0.23704774141311646,1356.317395617962,1356.4713134765625,1356.554443359375,0.08310580253601074,0.15394193887710572
70,97,167,0.341897439211607,1353.817404318601,1353.7357177734375,1354.1593017578125,0.4235660135746002,-0.08166857436299324
71,96,167,0.21070766650140285,1349.7320413569362,1349.8897705078125,1349.9427490234375,0.05294260010123253,0.15776506640017032
72,95,167,-0.049338876525871454,1345.0683818452758,1345.0489501953125,1345.01904296875,-0.029895000159740448,-0.019443876366131006
73,94,167,-0.18922061666846277,1339.1474725697935,1339.14990234375,1338.958251953125,-0.19155380129814148,0.002333184629678714
74,93,167,-0.0816392913972959,1332.2364244476473,1332.109619140625,1332.15478515625,0.04514849931001663,-0.12678779070731253
76,91,167,0.1786361836642027,1314.9848159647734,1314.9505615234375,1315.1634521484375,0.2128981053829193,-0.034261921718716615
77,90,167,-0.04502406501211226,1304.683940080637,1304.7418212890625,1304.638916015625,-0.10294180363416672,0.05791773862205446
65,103,168,-0.21997102417051792,1357.8862307897955,1357.9100341796875,1357.666259765625,-0.2437639981508255,0.02379297398030758
66,102,168,0.2761365123093128,1362.9052599720658,1362.9049072265625,1363.181396484375,0.2764776051044464,-0.0003410927951336129
67,101,168,-0.21652661096304654,1363.6277814937755,1363.6234130859375,1363.4112548828125,-0.2121247947216034,-0.004401816241443146
68,100,168,0.3011187042295933,1365.6334516082704,1365.7711181640625,1365.9345703125,0.1635303944349289,0.1375883097946644
69,99,168,0.034232251322828235,1363.3003624752396,1363.3118896484375,1363.3345947265625,0.022731199860572815,0.01150105146225542
70,98,168,0.33555230051279067,1362.8062934026123,1362.7969970703125,1363.141845703125,0.3447839915752411,-0.00923169106245042
71,97,168,0.2530117052793503,1357.3524570447207,1357.5076904296875,1357.60546875,0.09786319732666016,0.15514850795269014
72,96,168,-0.034331013828050344,1354.9360644122655,1355.0130615234375,1354.9017333984375,-0.11130479723215103,0.07697378340410069
73,95,168,0.0855277818068862,1347.3198677260057,1347.2640380859375,1347.4053955078125,0.14137840270996094,-0.055850620903074744
74,94,168,-0.14841423232108356,1342.9578624745086,1342.980712890625,1342.8094482421875,-0.17129360139369965,0.02287936907261609
75,93,168,0.19126314286142587,1332.9575405680762,1333.100341796875,1333.1488037109375,0.04850560054183006,0.1427575423195958
76,92,168,0.04221637605689466,1326.5151566708182,1326.51806640625,1326.557373046875,0.039345599710941315,0.002870776345953348
77,91,168,0.09577064462006092,1314.36272544913,1314.406982421875,1314.45849609375,0.051548801362514496,0.044221843257546425
78,90,168,-0.4364117167890072,1305.890757419914,1305.968505859375,1305.454345703125,-0.5141456127166748,0.0777338959276676
66,103,169,0.02944445796078071,1368.0209705811017,1368.013916015625,1368.0504150390625,0.03653459995985031,-0.0070901419990696025
67,102,169,0.047157907262444496,1370.3825295927375,1370.4315185546875,1370.4296875,-0.0018117999425157905,0.048969707204960286
68,101,169,0.051271041363943365,1371.7407211461361,1371.7742919921875,1371.7919921875,0.017681799829006195,0.03358924153493717
69,100,169,0.10103814266622066,1371.2621210370212,1371.345458984375,1371.3631591796875,0.017736200243234634,0.08330194242298603
70,99,169,0.21207376420497895,1369.7326283842326,1369.6639404296875,1369.9447021484375,0.280718594789505,-0.06864483058452606
71,98,169,0.176449340172112,1366.4279207770153,1366.588623046875,1366.6043701171875,0.015762299299240112,0.1606870408728719
72,97,169,0.09768350763246417,1362.4147676642426,1362.440673828125,1362.512451171875,0.0718320980668068,0.025851409565657374
73,96,169,0.10380312328226865,1357.1975884782803,1357.2318115234375,1357.3013916015625,0.06954869627952576,0.03425442700274289
74,95,169,0.18338537022471427,1351.0943245907129,1351.076904296875,1351.2777099609375,0.2007610946893692,-0.017375724464654935
75,94,169,0.2168630628287792,1343.5769601793588,1343.7860107421875,1343.7938232421875,0.007825300097465515,0.2090377627313137
76,93,169,0.22813492007553576,1335.344496915862,1335.3173828125,1335.5726318359375,0.25523218512535095,-0.02709726504981519
77,92,169,0.05353015445172787,1325.8467384002358,1325.9053955078125,1325.9002685546875,-0.005153600126504898,0.058683754578232765
67,103,170,-0.11945063611492515,1375.9774828626773,1375.9443359375,1375.8580322265625,-0.0863339975476265,-0.033116638567298656
68,102,170,0.4037829315662384,1378.9625500762463,1379.031982421875,1379.3663330078125,0.3343069851398468,0.0694759464263916
69,101,170,-0.1127415878046304,1377.8581029159295,1377.9375,1377.745361328125,-0.19204799830913544,0.07930641050450504
70,100,170,0.33631394654512403,1378.169057147205,1378.1236572265625,1378.50537109375,0.38168299198150635,-0.045369045436382316
71,99,170,0.059801945621147753,1373.8287478590664,1373.8836669921875,1373.8885498046875,0.004838000051677227,0.054963945569470526
72,98,170,0.000248733019689098,1371.933711227918,1372.0489501953125,1371.9339599609375,-0.11495400220155716,0.11520273522124626
73,97,170,0.20213340483605863,1365.139175188914,1365.150390625,1365.34130859375,0.19089500606060028,0.011238398775458347
74,96,170,0.1972645327821374,1361.4656993344054,1361.521240234375,1361.6629638671875,0.1418060064315796,0.05545852635055781
75,95,170,0.42741109654307363,1352.261309606582,1352.35205078125,1352.688720703125,0.3366599977016449,0.09075109884142873
76,94,170,0.15849734451621772,1346.4823717961087,1346.5914306640625,1346.640869140625,0.04951399937272072,0.108983345143497
78,92,170,-0.3436750790476799,1327.5331282040477,1327.400146484375,1327.189453125,-0.2107049971818924,-0.13297008186578751
67,104,171,0.0851900990307331,1382.3083645884692,1382.2958984375,1382.3935546875,0.09764090180397034,-0.012450802773237235
68,103,171,0.11031556656584143,1384.7516229099967,1384.713623046875,1384.8619384765625,0.14829160273075104,-0.037976036164909605
69,102,171,0.10736863053403795,1385.281791525716,1385.4237060546875,1385.38916015625,-0.03452010080218315,0.1418887313362211
70,101,171,0.09936413701623678,1384.8115245348588,1384.7379150390625,1384.910888671875,0.17297540605068207,-0.07361126903444529
71,100,171,0.009837429653853178,1382.4740492890962,1382.4771728515625,1382.48388671875,0.006680900231003761,0.003156529422849417
72,99,171,-0.08656157456338405,1379.2830947776883,1379.2977294921875,1379.196533203125,-0.10124769806861877,0.014686123505234724
73,98,171,0.044864264398347585,1374.7236904231017,1374.8043212890625,1374.7685546875,-0.03572940081357956,0.08059366521192715
74,97,171,0.3309468077123165,1369.3744975282252,1369.3878173828125,1369.7054443359375,0.3175981938838959,0.013348613828420619
75,96,171,0.47489635944366454,1362.6413145780564,1362.7696533203125,1363.1162109375,0.34655991196632385,0.1283364474773407
76,95,171,0.4293643206357956,1355.0972470074892,1355.0343017578125,1355.526611328125,0.49235010147094727,-0.06298578083515166
77,94,171,0.1783321760222316,1346.2292605974153,1346.36669921875,1346.4075927734375,0.0408954992890358,0.1374366767331958
78,93,171,-0.07572203000658191,1336.694496444069,1336.638916015625,1336.6187744140625,-0.020090699195861816,-0.055631330810720095
79,92,171,-0.34272975131869315,1326.0363332669438,1325.9522705078125,1325.693603515625,-0.25867989659309387,-0.08404985472559928
68,104,172,0.43236933648586273,1391.5371130853891,1391.5496826171875,1391.969482421875,0.4198055863380432,0.012563750147819519
69,103,172,-0.11602668665349483,1391.5457141866534,1391.6583251953125,1391.4296875,-0.22861239314079285,0.11258570648729802
70,102,172,0.39993675366044046,1392.6830710588395,1392.7579345703125,1393.0830078125,0.3251259922981262,0.07481076136231424
71,101,172,-0.13827280942350625,1389.509976910986,1389.4561767578125,1389.3717041015625,-0.0844447985291481,-0.05382801089435815
72,100,172,-0.07209274862427265,1388.3483378658118,1388.3399658203125,1388.2762451171875,-0.06375080347061157,-0.008341945153661073
73,99,172,-0.055285596626345065,1382.492419385689,1382.4853515625,1382.4371337890625,-0.048263199627399445,-0.007022396998945621
74,98,172,0.18165491309016943,1379.4023294619099,1379.47021484375,1379.583984375,0.11377959698438644,0.06787531610578298
75,97,172,0.554043253660202,1371.0683932697773,1371.157470703125,1371.6224365234375,0.4648880064487457,0.08915524721145629
76,96,172,0.4201819704473019,1365.9584801389276,1366.052001953125,1366.378662109375,0.3267328143119812,0.09344915613532068
77,95,172,0.37660949856042863,1355.3161395248771,1355.4053955078125,1355.6927490234375,0.2873435914516449,0.08926590710878374
78,94,172,-0.2236563616991043,1348.308617299199,1348.350341796875,1348.0849609375,-0.26531198620796204,0.041655624508857736
79,93,172,-0.19323377206921577,1335.781856818944,1335.779296875,1335.588623046875,-0.19069640338420868,-0.002537368685007091
80,92,172,-0.4924976731836796,1326.691594352871,1326.7403564453125,1326.1990966796875,-0.5412008166313171,0.04870314344763754
69,104,173,0.13277531476691365,1398.4985723414832,1398.6121826171875,1398.63134765625,0.01914910040795803,0.11362621435895562
70,103,173,0.08895253744907677,1399.0852417984884,1399.125,1399.1741943359375,0.04922519996762276,0.03972733748145402
71,102,173,-0.015709309068042784,1397.5889514965681,1397.67236328125,1397.5732421875,-0.09919759631156921,0.08348828724352643
72,101,173,-0.19781809896230698,1395.3576081380247,1395.4207763671875,1395.1597900390625,-0.2610372006893158,0.06321910172700881
73,100,173,-0.18061415001749992,1391.6579090718924,1391.623291015625,1391.477294921875,-0.1459449976682663,-0.03466915234923362
74,99,173,0.08496829786105081,1387.1468432255765,1387.1717529296875,1387.2318115234375,0.06006990000605583,0.02489839785499498
75,98,173,0.4185282701253891,1381.1156514173747,1381.2158203125,1381.5341796875,0.31832361221313477,0.10020465791225436
76,97,173,0.5533956983685493,1374.332956840694,1374.31787109375,1374.8863525390625,0.5685006976127625,-0.015104999244213158
77,96,173,0.368767399340868,1366.1864083819091,1366.36572265625,1366.55517578125,0.18943600356578827,0.17933139577507973
78,95,173,0.101368357995525,1357.2495837904419,1357.251708984375,1357.3509521484375,0.09929119795560837,0.002077160039916634
79,94,173,-0.2425749933719635,1347.316305462122,1347.3646240234375,1347.07373046875,-0.2909204065799713,0.04834541320800781
69,105,174,-0.07016267512924969,1404.2361783001293,1404.2918701171875,1404.166015625,-0.12591679394245148,0.05575411881320179
70,104,174,0.4443052616715431,1406.4986879023909,1406.589599609375,1406.9429931640625,0.3534305989742279,0.0908746626973152
71,103,174,-0.17789128102362156,1404.3751569060237,1404.4329833984375,1404.197265625,-0.2356960028409958,0.05780472181737423
72,102,174,0.04359157275408507,1403.8045529584958,1403.9249267578125,1403.84814453125,-0.07683339715003967,0.12042496990412474
73,101,174,-0.23581338606774807,1399.0475809641928,1399.038818359375,1398.811767578125,-0.22698719799518585,-0.008826188072562219
74,100,174,-0.024462453541345894,1396.744555226979,1396.7427978515625,1396.7200927734375,-0.022652799263596535,-0.001809654277749359
75,99,174,0.32978315725922586,1389.3209736786782,1389.4063720703125,1389.6507568359375,0.24437439441680908,0.08540876284241677
76,98,174,0.42163080409169196,1384.843383844346,1384.9464111328125,1385.2650146484375,0.31864678859710693,0.10298401549458502
77,97,174,0.5104884174466133,1374.9721775981784,1374.95458984375,1375.482666015625,0.5281401872634888,-0.01765176981687544
78,96,174,-0.06453680674079805,1368.6820905176783,1368.703857421875,1368.6175537109375,-0.0862881988286972,0.021751392087899155
80,94,174,-0.40232246339321137,1348.5479523462056,1348.462646484375,1348.1456298828125,-0.3170073926448822,-0.08531507074832917
69,106,175,0.1695142625644803,1410.716349995248,1410.809326171875,1410.8858642578125,0.07662250101566315,0.09289176154881715
70,105,175,0.14366749342530966,1412.4130952018872,1412.4119873046875,1412.5567626953125,0.1448725014925003,-0.0012050080671906493
71,104,175,0.041390240942128,1412.0141517512454,1412.0997314453125,1412.0555419921875,-0.044210001826286316,0.08560024276841433
72,103,175,-0.09965233539231122,1410.6059999916424,1410.6334228515625,1410.50634765625,-0.12713749706745148,0.027485161675140257
73,102,175,-0.17807028461247681,1407.70089743305,1407.7779541015625,1407.5228271484375,-0.2551800012588501,0.07710971664637328
74,101,175,-0.09099455586634576,1404.1425082277412,1404.2197265625,1404.051513671875,-0.16827499866485596,0.0772804427985102
75,100,175,0.15412615407258273,1399.0284910334274,1399.0928955078125,1399.1826171875,0.08965999633073807,0.06446615774184467
76,99,175,0.37422714129090306,1393.013956452459,1393.127685546875,1393.38818359375,0.2605549991130829,0.11367214217782018
77,98,175,0.35654353246092796,1385.5176019753517,1385.6343994140625,1385.8741455078125,0.2396399974822998,0.11690353497862815
78,97,175,0.2277713279426098,1377.3067745704948,1377.166259765625,1377.5345458984375,0.3682200014591217,-0.1404486735165119
79,96,175,-0.08390259956941008,1368.045450451132,1368.0789794921875,1367.9615478515625,-0.11743249744176865,0.03352989787235856
80,95,175,-0.0660045547131449,1357.8431041640881,1357.8623046875,1357.777099609375,-0.08524499833583832,0.01924044362269342
69,107,176,-0.028398431446403263,1416.0408496033215,1415.94140625,1416.012451171875,0.07113359868526459,-0.09953203013166785
70,106,176,0.4986527502536774,1419.3606001794337,1419.279052734375,1419.8592529296875,0.5802872180938721,-0.08163446784019468
71,105,176,-0.1312928096577525,1418.3642029659077,1418.3876953125,1418.23291015625,-0.1547784060239792,0.023485596366226685
72,104,176,0.19813184022903443,1418.712512691021,1418.7994384765625,1418.91064453125,0.11116959899663925,0.08696224123239518
73,103,176,-0.16994617827236652,1414.8459715688973,1414.8060302734375,1414.676025390625,-0.13002559542655945,-0.03992058284580707
74,102,176,0.010295442264759914,1413.2346996749227,1413.2999267578125,1413.2449951171875,-0.05490560084581375,0.06520104311057366
75,101,176,0.11028690496459603,1406.8819005950354,1406.9388427734375,1406.9921875,0.053356800228357315,0.05693010473623872
76,100,176,0.2019128715246916,1403.1988439644128,1403.2247314453125,1403.4007568359375,0.17601439356803894,0.02589847795665265
77,99,176,0.3548330149054527,1394.1169687429071,1394.1932373046875,1394.4718017578125,0.27861279249191284,0.07622022241353987
78,98,176,-0.023887431705370544,1388.3936384082679,1388.462890625,1388.3697509765625,-0.0930384024977684,0.06915097079239786
79,97,176,0.07467448349576443,1377.2615071571292,1377.267578125,1377.336181640625,0.06866879761219025,0.006005685883574183
80,96,176,-0.27770369678735735,1369.7584165874123,1369.7489013671875,1369.480712890625,-0.2681640088558197,-0.009539687931537644
81,95,176,-0.08128346399404109,1356.673324479619,1356.59716796875,1356.592041015625,-0.005140800029039383,-0.0761426639650017
70,107,177,0.20578392334282397,1424.8713645141572,1424.845458984375,1425.0771484375,0.23168429732322693,-0.025900373980402958
71,106,177,0.13458571784198284,1425.507992407158,1425.4605712890625,1425.642578125,0.18203850090503693,-0.04745278306305409
72,105,177,-0.00897054700719309,1425.1693709376323,1425.175048828125,1425.160400390625,-0.01466049998998642,0.005689952982793329
73,104,177,-0.04849412192008458,1423.1794755672327,1423.2266845703125,1423.1309814453125,-0.09571529924869537,0.047221177328610794
74,103,177,-0.0010149300761986525,1420.3895647347638,1420.431396484375,1420.3885498046875,-0.04285430163145065,0.041839371555252
75,102,177,0.09599513259716332,1416.1293466642778,1416.2164306640625,1416.225341796875,0.008846700191497803,0.08714843240566551
76,101,177,0.16002923695370555,1411.0882617786713,1411.121337890625,1411.248291015625,0.12693330645561218,0.03309593049809337
77,100,177,0.11437315574847162,1404.4190741098764,1404.4300537109375,1404.533447265625,0.10339439660310745,0.01097875914536417
78,99,177,0.09065163612365723,1396.8990944576262,1396.970703125,1396.98974609375,0.019040800631046295,0.07161083549261094
79,98,177,-0.03614646304398775,1388.270277322419,1388.3636474609375,1388.234130859375,-0.12952710688114166,0.09338064383715391
80,97,177,0.14058603446930648,1378.7960594733431,1378.8114013671875,1378.9366455078125,0.1252381056547165,0.01534792881458999
81,96,177,-0.36611551240086554,1368.6335715670884,1368.59326171875,1368.2674560546875,-0.3257935047149658,-0.04032200768589972
70,108,178,0.46477726578712464,1431.4601494920253,1431.607421875,1431.9249267578125,0.31742921471595764,0.147348051071167
71,107,178,-0.06717407655436546,1431.4968615765545,1431.48583984375,1431.4296875,-0.056161198765039444,-0.011012877789326012
72,106,178,0.30454951226711274,1432.8320471674203,1432.801025390625,1433.1365966796875,0.33560359477996826,-0.03105408251285552
74,104,178,0.15273672686889767,1429.1675757731311,1429.2080078125,1429.3203125,0.11230479925870895,0.04043192761018871
75,103,178,0.13405071821063758,1423.699567445852,1423.6719970703125,1423.8336181640625,0.1615471988916397,-0.027496480681002133
76,102,178,0.1590904255770147,1420.8141761759855,1420.780517578125,1420.9732666015625,0.19282160699367523,-0.03373118141666054
77,101,178,0.10435215910896659,1412.7319515518286,1412.708251953125,1412.8363037109375,0.12808600068092346,-0.023733841571956876
78,100,178,-0.1558213523030281,1407.6818223288656,1407.6690673828125,1407.5260009765625,-0.14303399622440338,-0.012787356078624718
79,99,178,0.03132745045237243,1397.2560260651726,1397.1922607421875,1397.287353515625,0.09516119956970215,-0.06383374911732972
80,98,178,-0.1580763863399625,1390.4932814644649,1390.4222412109375,1390.335205078125,-0.08700460195541382,-0.07107178438454867
82,96,178,-0.05617296876851469,1368.9824425000186,1368.96875,1368.92626953125,-0.04249019920825958,-0.01368276956025511
71,108,179,0.12880342289805413,1438.2494924755395,1438.2783203125,1438.3782958984375,0.09998240321874619,0.028821019679307947
72,107,179,0.02170106305042282,1438.967678819762,1438.9000244140625,1438.9893798828125,0.08941540122032166,-0.06771433816989883
73,106,179,-0.08157018588855863,1438.042629756201,1438.0120849609375,1437.9610595703125,-0.05095510184764862,-0.030615084040910012
74,105,179,0.021348951591644436,1436.111829759346,1436.16748046875,1436.1331787109375,-0.03429590165615082,0.05564485324779525
75,104,179,0.18526834424585104,1432.6086769682543,1432.6741943359375,1432.7939453125,0.11967860162258148,0.06558974262326955
76,103,179,0.18631617058068514,1428.3880246497317,1428.3277587890625,1428.5743408203125,0.24659240245819092,-0.060276231877505776
77,102,179,-0.009553122017532587,1422.581696676705,1422.60693359375,1422.5721435546875,-0.0348392017185688,0.025286079701036215
78,101,179,-0.10801472913473845,1415.9277168775723,1416.010986328125,1415.8197021484375,-0.191286101937294,0.08327137280255556
79,100,179,-0.15159436054527758,1407.9975416261702,1407.9490966796875,1407.845947265625,-0.10319460183382034,-0.04839975871145724
80,99,179,0.28441006168723104,1399.1169571258129,1399.111083984375,1399.4013671875,0.29030510783195496,-0.005895046144723914
81,98,179,-0.4124306996166706,1389.6844033558666,1389.6654052734375,1389.27197265625,-0.39346179366111755,-0.01896890595555306
82,97,179,0.21283997066318988,1378.5302020215242,1378.5618896484375,1378.7430419921875,0.18112300336360931,0.03171696729958057
71,109,180,-0.1597479895502329,1443.8755683020502,1443.967041015625,1443.7158203125,-0.25129199028015137,0.09154400072991847
72,108,180,0.2722171235084534,1446.2250973296166,1446.2877197265625,1446.497314453125,0.20955799520015717,0.06265912830829623
73,107,180,-0.2962077192217112,1444.6336100629717,1444.6595458984375,1444.33740234375,-0.3221519887447357,0.025944269523024532
74,106,180,0.12372916720807553,1444.586720051542,1444.579833984375,1444.71044921875,0.13058799505233765,-0.0068588278442621164
75,105,180,0.12969104630872608,1439.9793177427537,1439.99853515625,1440.1090087890625,0.11040399968624115,0.019287046622484927
76,104,180,0.26481091778725385,1437.7359215040879,1437.735107421875,1438.000732421875,0.26562198996543884,-0.0008110721781849906
77,103,180,0.065052251922898,1430.5354116152646,1430.5740966796875,1430.6004638671875,0.026434000581502914,0.038618251341395085
78,102,180,-0.21001061584800482,1426.205616084598,1426.2440185546875,1425.99560546875,-0.24845799803733826,0.03844738218933344
79,101,180,-0.10993358138948679,1416.688668932952,1416.657470703125,1416.5787353515625,-0.07879199832677841,-0.03114158306270838
80,100,180,-0.060752497813664375,1410.4796978103136,1410.5,1410.4189453125,-0.08109799772500992,0.020345499911345544
81,99,180,0.01619287527631968,1398.7248959919111,1398.8575439453125,1398.7410888671875,-0.11648000031709671,0.1326728755934164
82,98,180,-0.08801287387497723,1390.636352717625,1390.6258544921875,1390.54833984375,-0.0775739997625351,-0.01043887411244214
71,110,181,0.04249561967328191,1450.1248627787643,1450.1593017578125,1450.1673583984375,0.008051900193095207,0.0344437194801867
72,109,181,-0.10704502161592246,1452.000599709116,1451.9825439453125,1451.8935546875,-0.0889429971575737,-0.018102024458348756
73,108,181,-0.2841579452902079,1452.2065212265402,1452.236328125,1451.92236328125,-0.3139050006866455,0.029747055396437627
74,107,181,-0.21731124490499495,1451.336940151155,1451.2489013671875,1451.11962890625,-0.12924140691757202,-0.08806983798742293
75,106,181,0.0970375922974199,1448.6546713920775,1448.75,1448.751708984375,0.0017446000128984451,0.09529299228452145
76,105,181,0.24970453344285487,1445.0957544509322,1445.0001220703125,1445.345458984375,0.34533968567848206,-0.09563515223562719
77,104,181,0.06662861809134484,1439.9685276319087,1440.130859375,1440.03515625,-0.09568019956350327,0.16230881765484811
78,103,181,-0.13330484490841626,1434.1335489855335,1434.2669677734375,1434.000244140625,-0.26680511236190796,0.1335002674534917
79,102,181,-0.2417990494892001,1427.0163351823016,1426.9742431640625,1426.7745361328125,-0.19979789853096008,-0.04200115095824003
80,101,181,0.3427628473937511,1418.8708601994813,1418.98193359375,1419.213623046875,0.23166480660438538,0.11109804078936575
81,100,181,-0.4731846874952316,1410.2320958203077,1410.337158203125,1409.7589111328125,-0.5783122777938843,0.10512759029865265
82,99,181,0.25434460647404195,1399.8116954325885,1399.86669921875,1400.0660400390625,0.19925759732723236,0.055087009146809585
72,110,182,0.23950682669878007,1458.6643017670513,1458.7005615234375,1458.90380859375,0.20326580107212067,0.0362410256266594
73,109,182,-0.48440631687641145,1458.3303535825014,1458.2991943359375,1457.845947265625,-0.45334240794181824,-0.03106390893459321
74,108,182,-0.09070417570881545,1459.3123838632089,1459.3323974609375,1459.2216796875,-0.11064720153808594,0.01994302582927049
75,107,182,-0.10439116498455406,1455.770284719672,1455.75,1455.6658935546875,-0.08410479873418808,-0.020286366250365978
76,106,182,0.29068501591682433,1454.2090708434582,1454.130615234375,1454.499755859375,0.36917659640312195,-0.07849158048629762
77,105,182,0.12775077972561122,1447.7404132827744,1447.7908935546875,1447.8681640625,0.07734639942646027,0.05040438029915095
78,104,182,-0.1344190865755081,1444.017109516263,1444.125244140625,1443.8826904296875,-0.2425462007522583,0.1081271141767502
79,103,182,-0.17362378370016812,1435.4888093305751,1435.4783935546875,1435.315185546875,-0.16324439644813538,-0.010379387252032746
80,102,182,0.033502098420867696,1429.8867859875165,1429.968994140625,1429.9202880859375,-0.04871319979429245,0.08221529821516015
81,101,182,0.11622939869761467,1418.9324766559898,1418.93701171875,1419.0487060546875,0.11170779913663864,0.004521599560976031
82,100,182,-0.16864186629652977,1411.7485979209841,1411.6519775390625,1411.5799560546875,-0.07198719680309296,-0.09665466949343682
71,112,183,0.16742242243140937,1461.204769960381,1461.220703125,1461.3721923828125,0.1515125036239624,0.015909918807446966
72,111,183,-0.021735325717600062,1464.0422431382176,1464.0057373046875,1464.0205078125,0.014735500328242779,-0.03647082604584284
73,110,183,-0.3281027200073004,1465.2730490090698,1465.2333984375,1464.9449462890625,-0.2885200083255768,-0.039582711681723615
74,109,183,-0.4072915102541447,1465.6022377993168,1465.523193359375,1465.1949462890625,-0.3282822072505951,-0.07900930300354958
75,108,183,-0.2601488033682108,1464.084123412743,1464.184814453125,1463.823974609375,-0.3608483076095581,0.10069950424134733
76,107,183,0.13950323555618524,1461.3015368035062,1461.256591796875,1461.4410400390625,0.18440790474414825,-0.044904669187963014
77,106,183,0.12532862482592463,1456.950110828299,1457.0125732421875,1457.075439453125,0.06277920305728912,0.06254942176863551
78,105,183,-0.05831082987599075,1451.808554970501,1451.80126953125,1451.750244140625,-0.05112979933619499,-0.007181030539795755
79,104,183,-0.22053453657776118,1445.5303489897028,1445.437255859375,1445.309814453125,-0.12748520076274872,-0.09304933581501246
80,103,183,0.3565879349410534,1438.146341752559,1438.26806640625,1438.5029296875,0.23480449616909027,0.12178343877196313
81,102,183,-0.4720224730670452,1430.275489269942,1430.268310546875,1429.803466796875,-0.46486029028892517,-0.00716218277812003
82,101,183,0.2650933849811554,1420.4282659900189,1420.478759765625,1420.693359375,0.21464300155639648,0.05045038342475894
72,112,184,0.4296145686507225,1470.3366207829117,1470.29296875,1470.7662353515625,0.4732047915458679,-0.043590222895145414
73,111,184,-0.3585193160176277,1470.9738757613302,1470.8505859375,1470.6153564453125,-0.2352440059185028,-0.1232753100991249
74,110,184,-0.16147340837866067,1473.0109607130662,1472.934326171875,1472.8494873046875,-0.08479680120944977,-0.0766766071692109
75,109,184,-0.4002098622918129,1470.7007469716668,1470.666259765625,1470.300537109375,-0.3658128082752228,-0.0343970540165901
76,108,184,0.13459472684189677,1469.9590332028456,1469.916748046875,1470.0936279296875,0.17688480019569397,-0.0422900733537972
77,107,184,0.10840213898569345,1464.3889123141394,1464.49267578125,1464.497314453125,0.004647199995815754,0.1037549389898777
78,106,184,-0.04974104041233659,1461.5021336185373,1461.431884765625,1461.452392578125,0.0204584002494812,-0.0701994406618178
79,105,184,-0.12585646577179432,1453.686891622022,1453.6358642578125,1453.56103515625,-0.07482480257749557,-0.05103166319429875
80,104,184,0.0899348417390138,1448.887115939511,1448.8795166015625,1448.97705078125,0.09754639863967896,-0.007611556900665159
81,103,184,0.2187902919948101,1438.5860192783177,1438.6357421875,1438.8048095703125,0.16902320086956024,0.04976709112524985
82,102,184,-0.2158221099153161,1432.0455340239778,1432.0216064453125,1431.8297119140625,-0.19195759296417236,-0.02386451695114375
72,113,185,0.24443664595484735,1475.28315124467,1475.1846923828125,1475.527587890625,0.34294649958610535,-0.098509853631258
73,112,185,-0.03833903397200629,1477.493661299597,1477.4769287109375,1477.455322265625,-0.02157749980688095,-0.01676153416512534
74,111,185,-0.3056721567362547,1478.8575520395489,1478.68798828125,1478.5518798828125,-0.1361355036497116,-0.1695366530865431
75,110,185,-0.34559747368097304,1478.366349426806,1478.3369140625,1478.020751953125,-0.31606850028038025,-0.029528973400592795
76,109,185,-0.06999613509513437,1476.6730234788452,1476.5413818359375,1476.60302734375,0.0616304986178875,-0.13162663371302186
77,108,185,0.05903694900451228,1473.1295616838079,1473.2886962890625,1473.1885986328125,-0.10008099675178528,0.15911794575629756
78,107,185,0.007869426235556603,1468.8878825268894,1468.85888671875,1468.895751953125,0.036888498812913895,-0.029019072577357294
79,106,185,-0.144293340947479,1463.38269666126,1463.24658203125,1463.2384033203125,-0.008185000158846378,-0.13610834078863263
80,105,185,0.37833102427423,1456.8675185851007,1456.7896728515625,1457.245849609375,0.4560664892196655,-0.07773546494543554
81,104,185,-0.40464634031057356,1449.6956619653106,1449.58154296875,1449.291015625,-0.29048600792884827,-0.1141603323817253
82,103,185,0.2424688956141472,1440.5404900887609,1440.5826416015625,1440.782958984375,0.20039500296115875,0.04207389265298844
72,114,186,0.6193746796250343,1481.3075052031875,1481.3603515625,1481.9268798828125,0.5665047764778137,0.05286990314722062
73,113,186,0.03560583494137973,1482.7739644775586,1482.761474609375,1482.8095703125,0.048159800469875336,-0.012553965528495609
74,112,186,0.07662889864295722,1485.8700263747946,1485.880126953125,1485.9466552734375,0.06661640107631683,0.010012497566640383
75,111,186,-0.34714884370565413,1484.5820121249556,1484.5164794921875,1484.23486328125,-0.28156179189682007,-0.06558705180883406
76,110,186,-0.01646368071786128,1484.8534998135303,1484.806884765625,1484.8370361328125,0.03017359972000122,-0.0466372804378625
77,109,186,0.01543468883872265,1480.2050242955363,1480.19677734375,1480.220458984375,0.02370220050215721,-0.00826751166343456
78,108,186,-0.03305156891350634,1478.128144342351,1478.1065673828125,1478.0950927734375,-0.011448400095105171,-0.021603168818401172
79,107,186,-0.05668865853920579,1471.2068351429143,1471.174560546875,1471.150146484375,-0.024507399648427963,-0.032181258890777824
80,106,186,0.07628933945670724,1467.2611130042933,1467.2164306640625,1467.33740234375,0.12094700336456299,-0.04465766390785575
81,105,186,0.23820720449090005,1457.7299324439466,1457.7779541015625,1457.9681396484375,0.1901053935289383,0.048101810961961755
82,104,186,-0.18554928179830313,1451.8282494771108,1451.7935791015625,1451.6427001953125,-0.15091200172901154,-0.03463728006929159
83,103,186,0.3584646898508072,1439.5035958570243,1439.475830078125,1439.862060546875,0.3862450122833252,-0.02778032243251799
84,102,186,-0.3154958175122738,1431.3678639815748,1431.446533203125,1431.0523681640625,-0.39407679438591003,0.07858097687363624
73,114,187,0.32860077172517776,1489.0129519626498,1489.1207275390625,1489.341552734375,0.22089989483356476,0.107700876891613
74,113,187,0.08388571525691077,1491.3318857691181,1491.3468017578125,1491.415771484375,0.06895840167999268,0.014927313576918094
75,112,187,-0.14321331517770886,1491.8481693698652,1491.876953125,1491.7049560546875,-0.172005295753479,0.02879198057577015
76,111,187,-0.08520876307971775,1491.2034948958922,1491.09716796875,1491.1182861328125,0.021178200840950012,-0.10638696392066777
77,110,187,-0.023916326347971334,1488.6021633966604,1488.6451416015625,1488.5782470703125,-0.06694039702415466,0.04302407067618333
78,109,187,0.012476625395938754,1485.188939390229,1484.998779296875,1485.201416015625,0.2026287019252777,-0.19015207652933896
79,108,187,-0.10628207031637431,1480.5122879296914,1480.559814453125,1480.406005859375,-0.1538400948047638,0.047558024488389486
80,107,187,0.3669776777923107,1474.8818016190826,1474.8671875,1475.248779296875,0.3815765082836151,-0.014598830491304393
81,106,187,-0.36648437663912775,1468.4209277360142,1468.4110107421875,1468.054443359375,-0.3565550148487091,-0.009929361790418645
82,105,187,0.2679550403356552,1460.0360000377893,1460.1710205078125,1460.303955078125,0.13301299512386322,0.13494204521179198
83,104,187,-0.016866230950690807,1450.8321738481382,1450.784912109375,1450.8153076171875,0.030347900465130806,-0.04721413141582161
84,103,187,-0.08965840480290353,1440.5983253969905,1440.7955322265625,1440.5086669921875,-0.2868242859840393,0.19716588118113576
74,114,188,0.4745792199671268,1498.1299129675328,1498.1820068359375,1498.6044921875,0.4224984049797058,0.05208081498742101
75,113,188,0.031728785501327364,1497.747934300436,1497.7486572265625,1497.7796630859375,0.031057199463248253,0.0006715860380791111
76,112,188,0.046840614979155364,1499.1100197365834,1499.0867919921875,1499.1568603515625,0.07016719877719879,-0.023326583798043428
77,111,188,-0.014345321629662067,1495.4370748138172,1495.5120849609375,1495.4227294921875,-0.08932559937238693,0.07498027774272487
78,110,188,-0.10704341067001223,1494.2350951684825,1494.2056884765625,1494.1280517578125,-0.07760760188102722,-0.02943580878898501
79,109,188,-0.03921166388434358,1488.0948757263843,1487.9737548828125,1488.0556640625,0.08200439810752869,-0.12121606199187226
80,108,188,-0.05730328870005905,1485.01286969495,1485.0184326171875,1484.95556640625,-0.06279200315475464,0.0054887144546955854
81,107,188,0.18330981582403183,1476.3505036607385,1476.3741455078125,1476.5338134765625,0.15970440208911896,0.023605413734912872
82,106,188,-0.09850668078288435,1471.0395467198455,1471.06640625,1470.9410400390625,-0.12536680698394775,0.0268601262010634
83,105,188,0.3954946051537991,1459.6261118401587,1459.6678466796875,1460.0216064453125,0.3538047969341278,0.041689808219671276
84,104,188,-0.28512262389063836,1452.2217681317031,1452.2349853515625,1451.9366455078125,-0.29842719435691833,0.013304570466279975
75,114,189,0.326883005425334,1504.7242644555122,1504.7822265625,1505.0511474609375,0.2689155042171478,0.05796750120818617
76,113,189,0.12117810977622867,1505.1655650542862,1505.007568359375,1505.2867431640625,0.27915188670158386,-0.1579737769253552
77,112,189,-0.04777587671764195,1503.5813452126552,1503.68798828125,1503.5335693359375,-0.1544446051120758,0.10666872839443386
78,111,189,-0.07236223202198744,1501.0920155523345,1500.9254150390625,1501.0196533203125,0.09424950182437897,-0.1666117338463664
79,110,189,-0.16339611750096084,1497.251042601876,1497.255615234375,1497.087646484375,-0.1680563986301422,0.004660281129181376
80,109,189,0.19128271341323852,1492.4384780287742,1492.5177001953125,1492.6297607421875,0.1120712012052536,0.07921151220798492
81,108,189,-0.3166244941204786,1486.7365463691206,1486.72509765625,1486.419921875,-0.3052056133747101,-0.011418880745768523
82,107,189,0.3713166469335556,1479.1118376499414,1479.170654296875,1479.483154296875,0.3125188946723938,0.058797752261161795
83,106,189,0.06825293476693332,1470.6242519480456,1470.6090087890625,1470.6925048828125,0.08351889997720718,-0.01526596521027386
84,105,189,-0.025537433507852255,1461.215234699133,1461.1839599609375,1461.189697265625,0.005733100231736898,-0.03127053373958916
74,116,190,0.7407167825102806,1509.993536147177,1510.025634765625,1510.7342529296875,0.7087110280990601,0.032005754411220555
75,115,190,0.4587717954814434,1510.411955743581,1510.4573974609375,1510.8707275390625,0.4132789969444275,0.04549279853701593
76,114,190,0.2826563812047243,1512.8014500641077,1512.7999267578125,1513.0841064453125,0.28420698642730713,-0.0015506052225828237
77,113,190,0.01173946845694445,1510.1307165862306,1510.0633544921875,1510.1424560546875,0.07917699962854385,-0.0674375311715994
78,112,190,-0.25345539875328543,1509.8870003206282,1509.8338623046875,1509.633544921875,-0.20037899911403656,-0.05307639963924887
79,111,190,-0.11434048036113381,1504.593100245986,1504.57861328125,1504.478759765625,-0.09975499659776688,-0.014585483763366935
80,110,190,-0.19364068415015936,1502.3234014263376,1502.333251953125,1502.1297607421875,-0.2035059928894043,0.009865308739244932
81,109,190,0.123022948410362,1494.5008784187771,1494.5465087890625,1494.6239013671875,0.07734499871730804,0.04567794969305396
82,108,190,0.06543124791933223,1489.8137191427056,1489.8145751953125,1489.879150390625,0.06461399793624878,0.000817249983083454
83,107,190,0.45737110793590546,1479.1822773295642,1479.2115478515625,1479.6396484375,0.42805901169776917,0.029312096238136298
84,106,190,-0.18716938469558955,1472.507848095633,1472.39599609375,1472.3206787109375,-0.07529400289058685,-0.1118753818050027
74,117,191,0.6413223311305046,1514.824620051682,1514.904296875,1515.4659423828125,0.561643123626709,0.07967920750379565
75,116,191,0.5760623286664486,1517.240221851021,1517.296142578125,1517.8162841796875,0.520169198513031,0.05589313015341757
76,115,191,0.3409273847937584,1518.6123196855187,1518.55859375,1518.9532470703125,0.39457830786705017,-0.05365092307329178
77,114,191,-0.06411717270500958,1518.053374985205,1518.08984375,1517.9892578125,-0.10055039823055267,0.036433225525543095
78,113,191,-0.2035080360621214,1516.4503342079372,1516.2969970703125,1516.246826171875,-0.05022890120744705,-0.15327913485467434
79,112,191,-0.2950477087497711,1513.4957313024997,1513.6142578125,1513.20068359375,-0.41354289650917053,0.11849518775939943
80,111,191,0.0059203487820923325,1509.6320191043428,1509.6258544921875,1509.637939453125,0.012061799876391888,-0.006141451094299555
81,110,191,-0.2517919318377972,1504.4839696662127,1504.5345458984375,1504.232177734375,-0.30239948630332947,0.05060755446553228
82,109,191,0.5067959053814411,1497.666177727431,1497.760498046875,1498.1729736328125,0.41246381402015686,0.09433209136128429
83,108,191,0.1588497506454587,1489.867639507167,1489.92626953125,1490.0264892578125,0.10019169747829437,0.058658053167164326
84,107,191,0.11646789390593767,1481.1092401139065,1480.973388671875,1481.2257080078125,0.2523638904094696,-0.13589599650353193
85,106,191,-0.09450132004916668,1471.3115423356742,1471.25830078125,1471.217041015625,-0.04135030135512352,-0.053151018694043164
75,117,192,0.4998703275620937,1522.6180495943129,1522.6058349609375,1523.117919921875,0.5120311975479126,-0.01216086998581889
76,116,192,0.3712148264050484,1526.08215431422,1526.116943359375,1526.453369140625,0.33640798926353455,0.034806837141513836
77,115,192,0.0060121352202259,1524.3631284897797,1524.2879638671875,1524.369140625,0.08111920207738876,-0.07510706685716287
78,114,192,-0.3586575447022915,1524.9402005134523,1524.95849609375,1524.58154296875,-0.3770216107368469,0.018364066034555426
79,113,192,-0.23308993183076382,1520.7213711818308,1520.6597900390625,1520.48828125,-0.17153359949588776,-0.06155633233487606
80,112,192,-0.23467532657086848,1519.1652173187583,1519.1168212890625,1518.9305419921875,-0.18628719449043274,-0.04838813208043574
81,111,192,0.06303768233396113,1512.264110755166,1512.1951904296875,1512.3271484375,0.1318936049938202,-0.06885592265985906
82,110,192,0.29831496804952623,1508.085596164763,1508.0924072265625,1508.3839111328125,0.29144561290740967,0.006869355142116562
83,109,192,0.48279684722423555,1498.2043369418382,1498.2928466796875,1498.6871337890625,0.39428719878196716,0.08850964844226838
84,108,192,-0.049641268057748676,1492.0707594321202,1492.0423583984375,1492.0211181640625,-0.021306399255990982,-0.028334868801757694
85,107,192,0.28984101690351965,1480.2453152330966,1480.267822265625,1480.53515625,0.2673664093017578,0.022474607601761842
75,118,193,0.37470558822155,1529.185230935216,1529.3199462890625,1529.5599365234375,0.23990459740161896,0.13480099081993102
76,117,193,0.2643218732625246,1531.6494964861124,1531.700439453125,1531.913818359375,0.21338120102882385,0.050940672233700746
77,116,193,-0.06562638433650136,1532.0255873218366,1532.0599365234375,1531.9599609375,-0.09997779875993729,0.03435141442343592
78,115,193,-0.26624408438801767,1531.266488225013,1531.220947265625,1531.000244140625,-0.22078749537467957,-0.0454565890133381
79,114,193,-0.3806297531723976,1529.4146873703598,1529.36376953125,1529.0340576171875,-0.3297064006328583,-0.050923352539539335
80,113,193,-0.05142897412646562,1526.288855731939,1526.23876953125,1526.2374267578125,-0.0013889999827370048,-0.05003997414372861
81,112,193,-0.2194066083431244,1521.9326634442807,1521.8714599609375,1521.7132568359375,-0.15818850696086884,-0.06121810138225556
82,111,193,0.6255277198553085,1515.8481050926448,1515.8411865234375,1516.4736328125,0.632415771484375,-0.006888051629066472
83,110,193,0.26574979923665526,1508.5997287163884,1508.714111328125,1508.865478515625,0.15134260058403015,0.11440719865262511
84,109,193,0.2230922969430685,1500.4089877811818,1500.37255859375,1500.632080078125,0.25955700874328613,-0.036464711800217625
85,108,193,0.014765027491375805,1491.3123834100086,1491.3321533203125,1491.3271484375,-0.005110700149089098,0.019875727640464903
86,107,193,-0.12770397203043105,1481.4614442064055,1481.4395751953125,1481.333740234375,-0.10592900216579437,-0.021774969864636673
76,118,194,0.2126737916469574,1538.7864717161656,1538.8125,1538.9991455078125,0.18659919500350952,0.026074596643447884
77,117,194,-0.021987569709308444,1538.0981594447094,1538.126708984375,1538.076171875,-0.05056900158524513,0.02858143187593669
78,116,194,-0.3277813020348549,1539.49648247391,1539.57275390625,1539.168701171875,-0.40404799580574036,0.07626669377088546
79,115,194,-0.3064262778311968,1536.3623344809562,1536.2421875,1536.055908203125,-0.18633359670639038,-0.12009268112480642
80,114,194,-0.21011212278157473,1535.497343568094,1535.431884765625,1535.2872314453125,-0.14469559490680695,-0.06541652787476779
81,113,194,-0.02547668405342847,1529.439905394991,1529.403076171875,1529.4144287109375,0.011306599713861942,-0.03678328376729041
82,112,194,0.49028892800211904,1525.8180606813728,1525.89111328125,1526.308349609375,0.4171886146068573,0.07310031339526174
83,111,194,0.49493844375014306,1516.8973955406248,1516.9239501953125,1517.392333984375,0.46837300062179565,0.02656544312834741
84,110,194,0.07808250673115254,1511.055218274519,1511.1231689453125,1511.13330078125,0.010128200054168701,0.06795430667698384
85,109,194,0.34953360438346864,1500.0125269424916,1500.052734375,1500.362060546875,0.3094024062156677,0.04013119816780092
86,108,194,-0.29152898378670217,1492.8491461712867,1492.8292236328125,1492.5576171875,-0.27164340019226074,-0.019885583594441425
76,119,195,0.0931284396070987,1543.9108998807053,1543.960205078125,1544.0040283203125,0.04374450072646141,0.04938393888063729
77,118,195,-0.01844544120831415,1545.4139532537083,1545.358642578125,1545.3955078125,0.0368800014257431,-0.055325442634057254
78,117,195,-0.21819070808589458,1545.7240500830858,1545.6778564453125,1545.505859375,-0.17193500697612762,-0.046255701109766956
79,116,195,-0.3683700796961784,1544.6861191031337,1544.668701171875,1544.3177490234375,-0.3509710133075714,-0.017399066388607
80,115,195,-0.07414941757451743,1542.422171878512,1542.3326416015625,1542.3480224609375,0.015390000306069851,-0.08953941788058728
81,114,195,-0.2213808324560523,1538.6815859105811,1538.6922607421875,1538.460205078125,-0.2320134937763214,0.010632661320269104
82,113,195,0.6733391240239144,1533.4249274775386,1533.49267578125,1534.0982666015625,0.6056835055351257,0.06765561848878865
83,112,195,0.3285992947220802,1526.9066301974653,1526.997802734375,1527.2352294921875,0.23740950226783752,0.09118979245424269
84,111,195,0.26760238848626616,1519.3615480021388,1519.3065185546875,1519.629150390625,0.32267749309539795,-0.055075104609131786
85,110,195,0.0961333261989057,1510.7345551503636,1510.8778076171875,1510.8306884765625,-0.04712300002574921,0.1432563262246549
86,109,195,-0.040189442943083124,1501.595609364818,1501.574951171875,1501.555419921875,-0.01949949935078621,-0.020689943592296915
76,120,196,0.07428202697075903,1550.7910744183419,1550.797119140625,1550.8653564453125,0.06830040365457535,0.005981623316183682
77,119,196,-0.04184560514986515,1551.0988524410873,1551.173095703125,1551.0570068359375,-0.11614520102739334,0.07429959587752819
78,118,196,-0.1650713026151061,1553.5982988416777,1553.599853515625,1553.4332275390625,-0.16662119328975677,0.0015498906746506669
79,117,196,-0.2793761268258095,1551.3864317908883,1551.3116455078125,1551.1070556640625,-0.20453880727291107,-0.07483731955289841
80,116,196,-0.16996084950864315,1551.2845848729462,1551.216552734375,1551.1146240234375,-0.1019200012087822,-0.06804084829986096
81,115,196,-0.09966334236785769,1546.1143117798679,1546.1048583984375,1546.0146484375,-0.0902400016784668,-0.009423340689390894
82,114,196,0.5690415742993354,1543.1808363553882,1543.174072265625,1543.7498779296875,0.5757696032524109,-0.006728028953075449
83,113,196,0.43990992099046705,1534.938874258697,1535.0526123046875,1535.3787841796875,0.32622361183166504,0.11368630915880201
84,112,196,0.13199893951416017,1529.7784014511108,1529.72998046875,1529.910400390625,0.18047800660133362,-0.04847906708717345
85,111,196,0.33337018176913263,1519.3769569666683,1519.3919677734375,1519.7103271484375,0.3182803988456726,0.015089782923460027
86,110,196,-0.20647568881511688,1512.6624083060026,1512.7213134765625,1512.4559326171875,-0.26543599367141724,0.058960304856300355
77,120,197,-0.027028414588421583,1558.1703389614634,1558.0731201171875,1558.143310546875,0.07024089992046356,-0.09726931450888515
78,119,197,-0.0951762957405299,1559.564536647303,1559.4464111328125,1559.4693603515625,0.023034200072288513,-0.11821049581281841
79,118,197,-0.23697970800101756,1559.3567306845634,1559.384033203125,1559.1197509765625,-0.26419559121131897,0.02721588321030141
80,117,197,-0.08914780219085515,1558.0001585443783,1558.0020751953125,1557.9110107421875,-0.09111940115690231,0.001971598966047164
81,116,197,-0.20346010465174913,1555.0444024874641,1555.0338134765625,1554.8409423828125,-0.1928824931383133,-0.010577611513435836
82,115,197,0.6595836019515992,1550.6636585855483,1550.642578125,1551.3232421875,0.6806066036224365,-0.02102300167083737
83,114,197,0.2803886114060879,1544.6571113885939,1544.802001953125,1544.9375,0.13544440269470215,0.14494420871138575
84,113,197,0.18770367354154588,1537.800455506146,1537.7255859375,1537.9881591796875,0.26262080669403076,-0.07491713315248488
85,112,197,0.07428324290085583,1529.934261678974,1529.9053955078125,1530.008544921875,0.10307220369577408,-0.028788960794918245
86,111,197,0.019746135049499573,1521.245756794638,1521.2574462890625,1521.2655029296875,0.008057000115513802,0.011689134933985771
87,110,197,-0.06011849389411509,1511.5968616579567,1511.7315673828125,1511.5367431640625,-0.1948080062866211,0.134689512392506
78,120,198,-0.02798220619559288,1567.1459021280707,1567.001953125,1567.117919921875,0.11596240103244781,-0.1439446072280407
79,119,198,-0.18601043906062842,1565.9404049703107,1565.8963623046875,1565.75439453125,-0.14196500182151794,-0.044045437239110474
80,118,198,-0.07620540446136147,1566.485995443524,1566.487548828125,1566.4097900390625,-0.0777335986495018,0.0015281941881403333
81,117,198,-0.12250671753659845,1562.3093963659742,1562.2796630859375,1562.1868896484375,-0.09271779656410217,-0.029788920972496274
82,116,198,0.584878066778183,1560.0120457613468,1560.0360107421875,1560.596923828125,0.5609390139579773,0.023939052820205697
83,115,198,0.34458808168768884,1552.5684978558122,1552.56005859375,1552.9130859375,0.3530645966529846,-0.008476514965295778
84,114,198,0.04471650427207351,1547.8288186519778,1547.8770751953125,1547.87353515625,-0.0035977999214082956,0.0483143041934818
85,113,198,0.15859386224299668,1538.337011606507,1538.3302001953125,1538.49560546875,0.1653691977262497,-0.006775335483253014
86,112,198,-0.17229789055883885,1532.1504473046214,1532.0694580078125,1531.9781494140625,-0.09135100245475769,-0.08094688810408115
87,111,198,0.2503580281883478,1520.4810872843116,1520.4791259765625,1520.7314453125,0.25231459736824036,-0.0019565691798925644
77,122,199,-0.08550292567349971,1570.182548824111,1570.35009765625,1570.0970458984375,-0.25311338901519775,0.16761046334169805
78,121,199,-0.08013366665691138,1572.6626531979068,1572.557861328125,1572.58251953125,0.024581100791692734,-0.10471476744860411
79,120,199,-0.11920024700462818,1573.597105520442,1573.4805908203125,1573.4779052734375,-0.002742100041359663,-0.11645814696326852
80,119,199,-0.0382037295983173,1573.1191363467858,1573.150634765625,1573.0809326171875,-0.06970059871673584,0.03149686911841854
81,118,199,-0.1355156251974404,1570.89979785176,1570.881591796875,1570.7642822265625,-0.11728270351886749,-0.018232921678572905
82,117,199,0.6246420121192933,1567.2725747847558,1567.2716064453125,1567.897216796875,0.6256166100502014,-0.0009745979309081498
83,116,199,0.25716330252587793,1561.948403103724,1562.05517578125,1562.20556640625,0.15048320591449738,0.10668009661138056
84,115,199,0.04819392744917422,1555.7768793147384,1555.7139892578125,1555.8250732421875,0.11111819744110107,-0.06292426999192685
85,114,199,-0.11916617705486715,1548.452662270805,1548.51611328125,1548.33349609375,-0.1826716959476471,0.06350551889277994
86,113,199,-0.08270843638107181,1540.5280209363812,1540.4703369140625,1540.4453125,-0.02500320039689541,-0.0577052359841764
87,112,199,-0.022100955250207336,1531.4325013458752,1531.356689453125,1531.410400390625,0.053679898381233215,-0.07578085363144055
78,122,200,-0.031098787190858276,1579.7338575762533,1579.8397216796875,1579.7027587890625,-0.1369200050830841,0.10582121789222583
79,121,200,-0.20656833812594413,1579.6858163850009,1579.6982421875,1579.479248046875,-0.2190999984741211,0.01253166034817696
80,120,200,0.06775051340460778,1581.2513412834703,1581.1790771484375,1581.319091796875,0.1399800032377243,-0.07222948983311653
81,119,200,-0.11012351443991066,1577.9715737097524,1577.9407958984375,1577.8614501953125,-0.07924000173807144,-0.030883512701839214
82,118,200,0.5797848798334598,1576.3127932451666,1576.362060546875,1576.892578125,0.5305799841880798,0.04920489564538
83,117,200,0.3461668857932091,1569.6312501063942,1569.6993408203125,1569.9774169921875,0.2780199944972992,0.0681468912959099
84,116,200,0.02682966421241872,1565.5251722889125,1565.4881591796875,1565.552001953125,0.06385999917984009,-0.03703033496742136
85,115,200,-0.05589857335435226,1556.747426893667,1556.7520751953125,1556.6915283203125,-0.060520000755786896,0.004621427401434633
86,114,200,-0.30828420624136926,1551.0062822531163,1550.982177734375,1550.697998046875,-0.28422001004219055,-0.02406419619917871
87,113,200,0.14788794916123152,1540.1271364649012,1540.0657958984375,1540.2750244140625,0.2091600000858307,-0.06127205092459917
78,123,201,-0.12853805519640446,1585.233152313009,1585.0526123046875,1585.1046142578125,0.05202630162239075,-0.1805643568187952
79,122,201,-0.13723131641745567,1586.809960808605,1586.93017578125,1586.6727294921875,-0.25751519203186035,0.12028387561440468
80,121,201,-0.0027146143605932594,1587.4131150049857,1587.40966796875,1587.410400390625,0.0006993000279180706,-0.00341391438851133
81,120,201,-0.09859091959893704,1586.2100411149115,1586.1456298828125,1586.1114501953125,-0.03411170095205307,-0.06447921864688397
82,119,201,0.538565980643034,1583.362801206857,1583.4534912109375,1583.9013671875,0.4478817880153656,0.09068419262766836
83,118,201,0.34843416936695576,1578.668411533758,1578.8291015625,1579.016845703125,0.18766869604587555,0.1607654733210802
84,117,201,0.10924024827778339,1573.2015507673473,1573.138916015625,1573.310791015625,0.17185810208320618,-0.06261785380542279
85,116,201,-0.1713054493814707,1566.586954863444,1566.6248779296875,1566.4156494140625,-0.20927360653877258,0.037968157157301896
86,115,201,-0.2557081786543131,1559.2454542724042,1559.1605224609375,1558.98974609375,-0.17079739272594452,-0.08491078592836859
87,114,201,-0.1805232422426343,1550.6907771484925,1550.68212890625,1550.51025390625,-0.1718766987323761,-0.008646543510258203
88,113,201,-0.06312835403252393,1541.60548675247,1541.551513671875,1541.5423583984375,-0.00917080044746399,-0.053957553585059936
78,124,202,-0.10956377509981394,1592.1192073297873,1592.0753173828125,1592.0096435546875,-0.06570179760456085,-0.043861977495253085
79,123,202,-0.305971640124917,1592.8842187104374,1592.953857421875,1592.5782470703125,-0.3756200075149536,0.0696483673900366
80,122,202,0.0613869573129341,1595.0777731989372,1595.163818359375,1595.13916015625,-0.024600999429821968,0.08598795674275607
81,121,202,-0.17901721075177193,1592.9668590076267,1593.0166015625,1592.787841796875,-0.2287611961364746,0.04974398538470268
82,120,202,0.49516684174537656,1592.1349601113795,1592.1944580078125,1592.630126953125,0.4356989860534668,0.059467855691909766
83,119,202,0.37249199792742727,1586.18207343176,1586.2222900390625,1586.5545654296875,0.33228859305381775,0.040203404873609516
84,118,202,0.2415365307033062,1582.6003824146092,1582.630615234375,1582.8419189453125,0.21122939884662628,0.03030713185667991
85,117,202,-0.01268051691353321,1574.5842137200386,1574.5018310546875,1574.571533203125,0.06963259726762772,-0.08231311418116093
86,116,202,-0.33582647480070593,1569.4619251076133,1569.39892578125,1569.1260986328125,-0.27286359667778015,-0.06296287812292578
87,115,202,-0.0909727425314486,1559.2748106331564,1559.240478515625,1559.183837890625,-0.056724999099969864,-0.03424774343147874
88,114,202,-0.3521119706332684,1552.5336305253209,1552.48486328125,1552.1815185546875,-0.30331680178642273,-0.04879516884684565
79,124,203,-0.26140507362782955,1599.7878943314404,1599.8155517578125,1599.5264892578125,-0.289095014333725,0.02768994070589542
80,123,203,-0.08643836813047528,1601.1779911025055,1601.1590576171875,1601.091552734375,-0.06740839779376984,-0.01902997033670545
81,122,203,-0.1578872375935316,1600.8258559875935,1600.8687744140625,1600.66796875,-0.20075899362564087,0.04287175603210927
82,121,203,0.33319911114871503,1599.0571817482262,1599.111572265625,1599.390380859375,0.2788090109825134,0.054390100166201605
83,120,203,0.34755552776157855,1594.9491974019259,1595.067626953125,1595.2967529296875,0.22913140058517456,0.11842412717640399
84,119,203,0.3394965203106403,1590.0755425421894,1590.0712890625,1590.4150390625,0.34377041459083557,-0.004273894280195256
85,118,203,0.053244856665842236,1584.0492942058343,1584.1407470703125,1584.1025390625,-0.038186099380254745,0.09143095604609698
86,117,203,-0.1842402883991599,1577.4471797415242,1577.3797607421875,1577.262939453125,-0.11687110364437103,-0.06736918475478887
87,116,203,-0.2905509764701128,1569.5707023436576,1569.5369873046875,1569.2801513671875,-0.256767600774765,-0.033783375695347784
88,115,203,-0.2328463128209114,1561.0375338128208,1561.0296630859375,1560.8046875,-0.22500449419021606,-0.00784181863069533
80,124,204,-0.10418342983350158,1608.6610681954585,1608.6512451171875,1608.556884765625,-0.09438200294971466,-0.00980142688378692
81,123,204,-0.32346377313137054,1607.5058368200064,1607.52490234375,1607.182373046875,-0.3424552083015442,0.018991435170173654
82,122,204,0.338466816842556,1607.390415019095,1607.5062255859375,1607.7288818359375,0.22264960408210754,0.11581721276044843
83,121,204,0.2124803087115288,1602.2299025037885,1602.260009765625,1602.4423828125,0.18239720165729523,0.03008310705423356
84,120,204,0.43445378050208094,1599.1928655554354,1599.1727294921875,1599.6273193359375,0.45451080799102783,-0.020057027488946888
85,119,204,0.24243977449834347,1591.8791422567517,1591.9246826171875,1592.12158203125,0.19695119559764862,0.045488578900694854
86,118,204,-0.055631716782227156,1587.2696209745948,1587.2371826171875,1587.2139892578125,-0.02315719984471798,-0.032474516937509176
87,117,204,-0.09974343687295914,1577.9060178509355,1577.87744140625,1577.8062744140625,-0.0710923969745636,-0.02865103989839554
88,116,204,-0.4150433371961117,1571.697269899696,1571.6412353515625,1571.2822265625,-0.35905519127845764,-0.05598814591765405
80,125,205,-0.46755317330360413,1614.4392328608037,1614.3201904296875,1613.9716796875,-0.3484624922275543,-0.11909068107604981
81,124,205,-0.3122835744172335,1615.1062288869173,1615.0709228515625,1614.7939453125,-0.2769930064678192,-0.035290567949414264
82,123,205,0.1357073880918324,1614.1741070650332,1614.2379150390625,1614.309814453125,0.07188349962234497,0.06382388846948742
83,122,205,0.1813515191525221,1610.62248148866,1610.7509765625,1610.8038330078125,0.052831001579761505,0.1285205175727606
84,121,205,0.3411279219388962,1606.3587011796235,1606.4244384765625,1606.6998291015625,0.2753559947013855,0.06577192723751069
85,120,205,0.3009025993198156,1601.038697010055,1601.105224609375,1601.339599609375,0.23437300324440002,0.06652959607541559
86,119,205,0.16222927641123533,1595.0469992392138,1595.048095703125,1595.209228515625,0.16106699407100677,0.0011622823402285543
87,118,205,-0.07492366356775165,1587.8284637026302,1587.8658447265625,1587.7535400390625,-0.11233499646186829,0.03741133289411663
88,117,205,-0.21946946918964386,1579.9716667348146,1579.9698486328125,1579.752197265625,-0.2176090031862259,-0.0018604660034179654
89,116,205,-0.2723022368550301,1570.939782705605,1570.8846435546875,1570.66748046875,-0.21713949739933014,-0.05516273945569994
80,126,206,-0.3622268532216549,1621.1240676735342,1621.0494384765625,1620.7618408203125,-0.2876937985420227,-0.07453305467963217
81,125,206,-0.6591132307052612,1621.5447333478928,1621.57470703125,1620.8856201171875,-0.6891114115715027,0.02999818086624151
82,124,206,0.14337692441418767,1622.3198799115232,1622.3245849609375,1622.4632568359375,0.13872799277305603,0.004648931641131643
83,123,206,0.01143028192804195,1617.7655472571344,1617.784912109375,1617.7769775390625,-0.007929399609565735,0.019359681537607684
84,122,206,0.3639568826556206,1615.0909991720318,1615.1630859375,1615.4549560546875,0.29195618629455566,0.07200069636106493
85,121,206,0.21812309242784977,1608.5713056185095,1608.6314697265625,1608.7894287109375,0.15797759592533112,0.06014549650251866
86,120,206,0.2582125163078308,1604.5929837727547,1604.5426025390625,1604.8511962890625,0.30860981345176697,-0.05039729714393615
87,119,206,0.17390825636684895,1595.9928397905082,1595.8741455078125,1596.166748046875,0.2925074100494385,-0.11859915368258953
88,118,206,-0.16305720079690217,1590.2869585679844,1590.2794189453125,1590.1239013671875,-0.15547679364681244,-0.00758040715008973
89,117,206,-0.07042912568198517,1579.569940844432,1579.577880859375,1579.49951171875,-0.07838279753923416,0.00795367185724899
80,127,207,-0.22295623175799847,1624.6979318176955,1624.6624755859375,1624.4749755859375,-0.1875184029340744,-0.03543782882392407
81,126,207,-0.6748989400267601,1628.4123256978392,1628.4271240234375,1627.7374267578125,-0.6897652745246887,0.014866334497928624
82,125,207,-0.4413687764108181,1629.0660025654734,1629.0623779296875,1628.6246337890625,-0.43774479627609253,-0.0036239801347255907
83,124,207,0.015859662900911644,1625.880136430849,1625.882568359375,1625.89599609375,0.013402899727225304,0.0024567631736863403
84,123,207,0.19000954158604144,1622.1736379193514,1622.19140625,1622.3636474609375,0.17220619320869446,0.017803348377346984
85,122,207,0.17803894329816103,1617.3167120332644,1617.4908447265625,1617.4947509765625,0.00398290017619729,0.17405604312196374
86,121,207,0.1776894523948431,1612.0377646491677,1612.11572265625,1612.2154541015625,0.09976910054683685,0.07792035184800625
87,120,207,0.19607773020863534,1605.6000648479164,1605.547607421875,1605.796142578125,0.24843770265579224,-0.0523599724471569
88,119,207,0.11784526085481048,1598.397779739145,1598.40234375,1598.515625,0.11328790336847305,0.004557357486337427
89,118,207,-0.09970031371107325,1589.9225762902736,1589.9876708984375,1589.8228759765625,-0.16482070088386536,0.0651203871727921
80,128,208,-0.10434709835797548,1629.5995863561704,1629.5118408203125,1629.4952392578125,-0.01661119982600212,-0.08773589853197336
81,127,208,-0.39575330570340156,1632.287232797891,1632.214111328125,1631.8914794921875,-0.3226679861545563,-0.07308531954884528
82,126,208,-0.4995015822350979,1636.457021113485,1636.43017578125,1635.95751953125,-0.47272399067878723,-0.026777591556310654
83,125,208,-0.42589868292212485,1632.873652589172,1632.76953125,1632.44775390625,-0.32170718908309937,-0.10419149383902548
84,124,208,0.21791760757565498,1630.661843134612,1630.586181640625,1630.8797607421875,0.2935855984687805,-0.07566799089312554
85,123,208,0.029102918009739367,1624.7785142694902,1624.8045654296875,1624.8076171875,0.0030368000734597445,0.026066117936279623
86,122,208,0.17076879899948835,1621.1204909666255,1621.2076416015625,1621.291259765625,0.08359760046005249,0.08717119853943586
87,121,208,0.10935122914612293,1613.4109124427289,1613.4349365234375,1613.520263671875,0.08541200309991837,0.023939226046204562
88,120,208,0.15036258781328798,1608.4095739356242,1608.2596435546875,1608.5599365234375,0.300218403339386,-0.149855815526098
89,119,208,0.16702945213764905,1598.4789666416123,1598.4444580078125,1598.64599609375,0.20158879458904266,-0.03455934245139361
90,118,208,-0.2673807776719332,1591.6443339026719,1591.73486328125,1591.376953125,-0.35789281129837036,0.09051203362643717
81,128,209,-0.20682794265449048,1637.103678528592,1637.18017578125,1636.8968505859375,-0.28326109051704407,0.07643314786255359
82,127,209,-0.27461241737008096,1640.3750762845575,1640.3675537109375,1640.1004638671875,-0.26709920167922974,-0.007513215690851227
83,126,209,-0.5214375275373458,1640.2820576447248,1640.229248046875,1639.7606201171875,-0.4686621129512787,-0.05277541458606716
84,125,209,-0.25873640201985837,1637.5357139410823,1637.5543212890625,1637.2769775390625,-0.2773337960243225,0.01859739400446414
85,124,209,-0.005172716686502099,1633.262619005749,1633.289794921875,1633.2574462890625,-0.032351501286029816,0.027178784599527717
86,123,209,0.0073278402315918355,1628.4897424722685,1628.564697265625,1628.4970703125,-0.06757950037717819,0.07490734060877002
87,122,209,-0.002893835667637177,1622.4788459841052,1622.6234130859375,1622.4759521484375,-0.1474364995956421,0.1445426639280049
88,121,209,0.05648942235391587,1616.101957843271,1616.20068359375,1616.158447265625,-0.0422993004322052,0.09878872278612108
89,120,209,0.13346037426963447,1608.5039907976054,1608.4317626953125,1608.637451171875,0.20579050481319427,-0.0723301305435598
81,129,210,-0.22974825091660023,1640.8535275477916,1640.8536376953125,1640.623779296875,-0.22989000380039215,0.00014175288379192352
82,128,210,0.06274156420491636,1645.5504176154825,1645.552734375,1645.6131591796875,0.06042400002479553,0.002317564180120829
83,127,210,-0.24060767233371735,1644.7424387270212,1644.8338623046875,1644.5018310546875,-0.33210399746894836,0.09149632513523101
84,126,210,-0.2351180351525545,1645.304576042965,1645.212646484375,1645.0694580078125,-0.143202006816864,-0.09191602833569049
85,125,210,-0.37220312893390656,1640.4548447304965,1640.4493408203125,1640.0826416015625,-0.3667980134487152,-0.0054051154851913474
86,124,210,0.02721142879454419,1637.394053219643,1637.2996826171875,1637.4212646484375,0.12158700078725815,-0.09437557199271396
87,123,210,-0.1364726182818413,1630.2134989854694,1630.256103515625,1630.0770263671875,-0.17910300195217133,0.042630383670330035
88,122,210,-0.043836158961057664,1625.5769172136486,1625.6873779296875,1625.5330810546875,-0.15432700514793396,0.1104908461868763
89,121,210,0.05775636120466515,1616.640363755983,1616.5838623046875,1616.6981201171875,0.11427800357341766,-0.05652164236875251
90,120,210,0.02931595479079988,1610.5219535764593,1610.506103515625,1610.55126953125,0.04525600001215935,-0.01594004522135947
81,130,211,-0.22023298278450965,1645.665179271847,1645.7559814453125,1645.4449462890625,-0.31110650300979614,0.0908735202252865
82,129,211,0.031024181973189114,1649.3017394899018,1649.388671875,1649.332763671875,-0.05586690083146095,0.08689108280465006
83,128,211,0.13380516160279513,1649.9846030415222,1649.972412109375,1650.118408203125,0.14598050713539124,-0.01217534553259611
84,127,211,0.09075632468797266,1649.8161040268744,1649.763427734375,1649.9068603515625,0.14343379437923431,-0.05267746969126165
85,126,211,-0.3331169037520885,1648.1944450287522,1648.19580078125,1647.861328125,-0.3344995081424713,0.0013826043903827911
86,125,211,-0.3290902233123779,1644.5150033092498,1644.5216064453125,1644.1859130859375,-0.33569321036338806,0.006602987051010145
87,124,211,-0.20946399115025996,1639.2003087177127,1639.124267578125,1638.9908447265625,-0.13343429565429688,-0.07602969549596308
88,123,211,-0.18767415769398213,1633.240164392069,1633.3697509765625,1633.052490234375,-0.3172157108783722,0.12954155318439006
89,122,211,-0.13730449496768415,1626.1932126980928,1626.2757568359375,1626.055908203125,-0.21984800696372986,0.0825435119960457
90,121,211,-0.01788392132613808,1618.6036993510136,1618.760498046875,1618.5858154296875,-0.17467659711837769,0.1567926757922396
91,120,211,0.060825336836278436,1609.878749858476,1609.80224609375,1609.9395751953125,0.13729719817638397,-0.07647186134010553
82,130,212,0.10521101601421833,1654.5252821480483,1654.515869140625,1654.6304931640625,0.1145963966846466,-0.009385380670428281
83,129,212,0.10948422234505414,1654.2303595276549,1654.3026123046875,1654.33984375,0.03723200038075447,0.07225222196429967
84,128,212,0.3065716288238764,1655.7711871602387,1655.771728515625,1656.0777587890625,0.30611440539360046,0.0004572234302759326
85,127,212,0.05718011458404362,1653.133493713541,1653.248046875,1653.190673828125,-0.05737999826669693,0.11456011285074055
86,126,212,-0.10622154168784619,1652.4996541588753,1652.496826171875,1652.3934326171875,-0.1034156009554863,-0.002805940732359888
87,125,212,-0.43132220447063446,1646.6189442747832,1646.5712890625,1646.1876220703125,-0.38364601135253906,-0.0476761931180954
88,124,212,-0.22574103333055973,1642.546663884893,1642.4716796875,1642.3209228515625,-0.15075360238552094,-0.07498743094503879
89,123,212,-0.24520897939801217,1634.234955073148,1634.19091796875,1633.98974609375,-0.20125479996204376,-0.04395417943596841
90,122,212,-0.17815727887675167,1628.5449785679393,1628.5972900390625,1628.3668212890625,-0.23051360249519348,0.05235632361844181
91,121,212,0.05078753974754363,1618.29821148369,1618.329345703125,1618.3489990234375,0.019673200324177742,0.03111433942336589
81,132,213,-0.31304546557366847,1654.0122642155736,1654.036865234375,1653.69921875,-0.33762431144714355,0.024578845873475086
82,131,213,0.043257768552284685,1658.1710977001976,1658.241943359375,1658.21435546875,-0.027491599321365356,0.07074936787365005
83,130,213,0.19558187648653985,1659.5024161703884,1659.4876708984375,1659.697998046875,0.21037790179252625,-0.014796025305986393
84,129,213,0.2933536970615387,1660.048565248251,1660.1270751953125,1660.3419189453125,0.21478800475597382,0.07856569230556487
85,128,213,0.2665883612632751,1659.1827524590492,1659.270751953125,1659.4493408203125,0.17853319644927979,0.08805516481399533
86,127,213,0.18350234284996986,1657.5708921884,1657.6048583984375,1657.75439453125,0.14954879879951477,0.03395354405045509
87,126,213,-0.1696143577620387,1654.6323829124494,1654.6807861328125,1654.4627685546875,-0.21796590089797974,0.04835154313594103
88,125,213,-0.42443087592720985,1649.955192594677,1649.9986572265625,1649.53076171875,-0.4678637981414795,0.04343292221426964
89,124,213,-0.35417641773819925,1643.5189713396132,1643.4208984375,1643.164794921875,-0.25604039430618286,-0.09813602343201638
90,123,213,-0.2818343276157975,1636.5721175307408,1636.659423828125,1636.290283203125,-0.36911100149154663,0.08727667387574911
91,122,213,-0.17417512461543083,1628.3050344996154,1628.343017578125,1628.130859375,-0.2120750993490219,0.03789997473359108
82,132,214,-0.027434259402798488,1663.3608082828403,1663.2926025390625,1663.3333740234375,0.040762998163700104,-0.0681972575664986
83,131,214,0.17534254234284163,1663.5701408560947,1663.528076171875,1663.7454833984375,0.21746300160884857,-0.04212045926600694
84,130,214,0.2964706365019083,1665.950111394748,1666.014892578125,1666.24658203125,0.23171180486679077,0.06475883163511753
85,129,214,0.25693790063261984,1664.0446978415548,1664.1417236328125,1664.3016357421875,0.15987519919872284,0.097062701433897
86,128,214,0.26565181523561476,1664.2856177160145,1664.2999267578125,1664.55126953125,0.25140780210494995,0.014244013130664812
87,127,214,0.14661893993616104,1660.1314572319388,1660.15625,1660.278076171875,0.12188979983329773,0.024729140102863312
88,126,214,-0.048353764666244387,1658.3361955615412,1658.32275390625,1658.287841796875,-0.034986600279808044,-0.013367164386436342
89,125,214,-0.4739797478914261,1651.2862356072665,1651.199951171875,1650.812255859375,-0.38760361075401306,-0.08637613713741304
90,124,214,-0.36136247888207434,1646.2460060335695,1646.1558837890625,1645.8846435546875,-0.271302193403244,-0.09006028547883033
91,123,214,-0.24440123148262502,1636.7363445908577,1636.608642578125,1636.491943359375,-0.11669179797172546,-0.12770943351089956
82,133,215,-0.08170997126027942,1666.8210898540729,1666.8387451171875,1666.7393798828125,-0.09929150342941284,0.017581532169133426
83,132,215,0.07382278495468199,1668.7966606134828,1668.769287109375,1668.8704833984375,0.10119450092315674,-0.02737171596847475
84,131,215,0.25715721741318703,1670.0507041107119,1670.157958984375,1670.307861328125,0.14988799393177032,0.10726922348141671
85,130,215,0.26356057852506637,1670.0435683277249,1670.0904541015625,1670.30712890625,0.21661950647830963,0.04694107204675674
86,129,215,0.23386588118970394,1669.2771204469352,1669.2205810546875,1669.510986328125,0.290473997592926,-0.05660811640322208
87,128,215,0.19249188110232354,1666.9056526501477,1666.9510498046875,1667.09814453125,0.14704950153827667,0.04544237956404687
88,127,215,0.12002885639667511,1663.9723783701659,1663.954833984375,1664.0924072265625,0.13754649460315704,-0.01751763820648193
89,126,215,-0.06283558605238795,1659.6504820704274,1659.6739501953125,1659.587646484375,-0.08634550124406815,0.023509915191680192
90,125,215,-0.45775168150663376,1653.893908908069,1654.000732421875,1653.4361572265625,-0.5645189881324768,0.10676730662584305
91,124,215,-0.374853343218565,1646.4842283432185,1646.335205078125,1646.109375,-0.22585949301719666,-0.14899385020136835
92,123,215,-0.26676919717341663,1638.3207242752985,1638.4681396484375,1638.053955078125,-0.41415148973464966,0.14738229256123303
83,133,216,0.059030650715576484,1672.641042591472,1672.595947265625,1672.7000732421875,0.10418640077114105,-0.04515575005556457
84,132,216,0.14003054957836866,1675.7559655441717,1675.9052734375,1675.89599609375,-0.009228000417351723,0.14925854999572039
85,131,216,0.23847731143236162,1674.66105882138,1674.6485595703125,1674.8995361328125,0.2509815990924835,-0.012504287660121904
86,130,216,0.20172788582742215,1675.8500299266725,1675.8695068359375,1676.0517578125,0.18225519359111786,0.019472692236304295
87,129,216,0.16247807323932648,1672.3677953642607,1672.3695068359375,1672.5302734375,0.16081920266151428,0.0016588705778121937
88,128,216,0.12715284936130047,1671.2301469553263,1671.2667236328125,1671.3572998046875,0.09060720354318619,0.036545645818114286
89,127,216,0.08077925628051162,1665.728668985907,1665.6260986328125,1665.8094482421875,0.18330959975719452,-0.1025303434766829
90,126,216,-0.05862624897155911,1662.725984647409,1662.6949462890625,1662.6673583984375,-0.027527200058102608,-0.031099048913456502
91,125,216,-0.42880740225315095,1654.3998767381906,1654.3873291015625,1653.9710693359375,-0.41622960567474365,-0.012577796578407296
92,124,216,-0.3643772854655981,1648.4719212307782,1648.3623046875,1648.1075439453125,-0.2548551857471466,-0.1095220997184515
83,134,217,-0.1528485396504402,1677.7592938521504,1677.811279296875,1677.6064453125,-0.20485469698905945,0.05200615733861924
84,133,217,0.10818271841853858,1679.7858602503316,1679.8753662109375,1679.89404296875,0.01857619918882847,0.08960651922971011
85,132,217,0.1693556873500347,1680.5526902110876,1680.5819091796875,1680.7220458984375,0.14006760716438293,0.029288080185651766
86,131,217,0.15940792437642812,1680.6025549662486,1680.53564453125,1680.761962890625,0.2263970971107483,-0.06698917273432017
87,130,217,0.12569947216659785,1679.0449548247084,1679.09716796875,1679.170654296875,0.07352499663829803,0.05217447552829982
88,129,217,0.09269304070621728,1676.7552073499187,1676.739990234375,1676.847900390625,0.10795260220766068,-0.015259561501443392
89,128,217,0.07974328380078077,1673.0426932396367,1673.144775390625,1673.1224365234375,-0.02242160029709339,0.10216488409787416
90,127,217,0.031227769686374814,1668.821921644376,1668.8590087890625,1668.8531494140625,-0.005906499922275543,0.03713426960865036
91,126,217,-0.047677212958224115,1663.2980434238957,1663.2276611328125,1663.2503662109375,0.022695399820804596,-0.0703726127790287
83,135,218,-0.08454645371995867,1681.347485906845,1681.396484375,1681.262939453125,-0.1336040049791336,0.049057551259174936
84,134,218,-0.06731090227607638,1685.4504896132137,1685.4735107421875,1685.3831787109375,-0.09034000337123871,0.023029101095162333
85,133,218,0.18732404962182045,1685.0155568097532,1684.9476318359375,1685.202880859375,0.25528499484062195,-0.0679609452188015
86,132,218,0.08954855049494653,1687.05278543388,1687.048095703125,1687.142333984375,0.0942113995552063,-0.004662849060259766
87,131,218,0.07502116380259395,1684.39629231276,1684.4237060546875,1684.4713134765625,0.04758260026574135,0.027438563536852603
88,130,218,0.04201614134013653,1683.9764164758474,1684.0552978515625,1684.0184326171875,-0.03685380145907402,0.07886994279921056
89,129,218,0.06343146622180938,1679.0662072056532,1679.067626953125,1679.129638671875,0.06199000030755997,0.0014414659142494152
90,128,218,0.02680347076500766,1676.6597199667349,1676.7694091796875,1676.6865234375,-0.08286680281162262,0.10967027357663028
91,127,218,0.04045214360114187,1669.7938984423363,1669.7042236328125,1669.8343505859375,0.13021700084209442,-0.08976485724095255
92,126,218,-0.07433807757683099,1665.7412081947643,1665.6767578125,1665.6668701171875,-0.00986380036920309,-0.0644742772076279
84,135,219,-0.0293999613635242,1689.188213437926,1689.2200927734375,1689.1588134765625,-0.06134599819779396,0.03194603683426976
85,134,219,0.08363942539435812,1690.6843049105432,1690.72314453125,1690.7679443359375,0.04475700110197067,0.038882424292387446
86,133,219,0.07118864755611867,1691.6142361571315,1691.5074462890625,1691.6854248046875,0.17793039977550507,-0.1067417522193864
87,132,219,0.012023322314489633,1690.9877325370605,1690.9375,1690.999755859375,0.0622778981924057,-0.05025457587791607
88,131,219,-0.004346564211882651,1689.4545418767118,1689.3782958984375,1689.4501953125,0.0719359964132309,-0.07628256062511354
89,130,219,0.019087067362852393,1686.3683641045122,1686.420166015625,1686.387451171875,-0.03270909935235977,0.051796166715212165
90,129,219,0.030391994011588395,1682.6910435528634,1682.74462890625,1682.721435546875,-0.023244500160217285,0.05363649417180568
91,128,219,0.045633608722127975,1677.6935021334655,1677.841796875,1677.7391357421875,-0.10274770110845566,0.14838130983058362
92,127,219,0.007371926765626995,1672.2318858857343,1672.3468017578125,1672.2392578125,-0.10748729854822159,0.11485922531384858
93,126,219,-0.03480186579050496,1665.4840206157905,1665.4234619140625,1665.44921875,0.025769200176000595,-0.060571065966505556
84,136,220,-0.1534928244445473,1694.642140285382,1694.7093505859375,1694.4886474609375,-0.220768004655838,0.06727518021129072
85,135,220,0.24689204223453998,1694.8678540515155,1694.814697265625,1695.11474609375,0.2999739944934845,-0.05308195225894452
86,134,220,0.002145081537310034,1697.8348910512752,1697.796142578125,1697.8370361328125,0.040856000036001205,-0.03871091849869117
87,133,220,-0.04064562136656605,1696.137203238554,1696.1434326171875,1696.0965576171875,-0.046859998255968094,0.006214376889402046
88,132,220,-0.06554111127275973,1696.6121719706478,1696.5712890625,1696.546630859375,-0.024738000705838203,-0.04080311056692153
89,131,220,-0.01106645833409857,1692.3766670442717,1692.3173828125,1692.3656005859375,0.04826999828219414,-0.05933645661629271
90,130,220,0.0015690173406619579,1690.5141780529718,1690.5892333984375,1690.5157470703125,-0.07350800186395645,0.07507701920461841
91,129,220,0.09186207599937916,1684.182429916188,1684.218017578125,1684.2742919921875,0.05629200115799904,0.035570074841380125
93,127,220,0.07038492325693368,1672.4116707408057,1672.4566650390625,1672.4820556640625,0.02542399987578392,0.044960923381149764
84,137,221,0.04170994787447853,1698.2126845833754,1698.2703857421875,1698.25439453125,-0.015989400446414948,0.057699348320893476
85,136,221,0.20947590973228217,1700.3793912777678,1700.47900390625,1700.5888671875,0.10983660072088242,0.09963930901139975
86,135,221,0.10327243998646736,1702.1628408412635,1702.008056640625,1702.26611328125,0.2580038905143738,-0.15473145052790643
87,134,221,-0.08286492402665317,1702.449930353714,1702.4197998046875,1702.3670654296875,-0.05274119973182678,-0.03012372429482639
88,133,221,-0.13211163327097894,1701.894806945771,1701.950927734375,1701.7626953125,-0.18817919492721558,0.056067561656236636
89,132,221,-0.0679372366797179,1699.6406911429297,1699.601318359375,1699.57275390625,-0.028561899438500404,-0.0393753372412175
90,131,221,0.02590708519332111,1696.5686974069943,1696.41015625,1696.5946044921875,0.184456005692482,-0.1585489204991609
91,130,221,0.0789927839115262,1692.0933704973386,1692.1927490234375,1692.17236328125,-0.020378900691866875,0.09937168460339307
92,129,221,0.08308920498937368,1687.0931803262606,1687.265380859375,1687.17626953125,-0.08906289935112,0.17215210434049366
84,138,222,0.047710803216323254,1703.5772891967836,1703.629150390625,1703.625,-0.004198799841105938,0.05190960305742919
85,137,222,0.5723272091150284,1704.3433222049475,1704.380126953125,1704.9156494140625,0.535508394241333,0.03681881487369543
86,136,222,0.14539048116654157,1708.1297560032085,1708.1788330078125,1708.275146484375,0.09629979729652405,0.049090683870017526
87,135,222,-0.042482233835617084,1707.3684099682107,1707.390380859375,1707.325927734375,-0.06442280113697052,0.021940567301353436
88,134,222,-0.15154946437105538,1708.7344352065586,1708.6658935546875,1708.5828857421875,-0.08296819776296616,-0.06858126660808922
89,133,222,-0.13282155882567168,1705.4616789807008,1705.5819091796875,1705.328857421875,-0.25303301215171814,0.12021145332604646
90,132,222,0.008759377649403178,1704.3198539036007,1704.2183837890625,1704.32861328125,0.1102576032280922,-0.10149822557868901
91,131,222,0.1483427295833826,1698.5992158641666,1698.57470703125,1698.74755859375,0.1729193925857544,-0.024576663002371796
92,130,222,0.08942317072302103,1695.484063157402,1695.5838623046875,1695.573486328125,-0.010352199897170067,0.0997753706201911
93,129,222,0.19876586452126502,1687.8542126511038,1687.7996826171875,1688.052978515625,0.2533113956451416,-0.054545531123876584
85,138,223,0.5601874476671219,1709.8156670445203,1709.9764404296875,1710.3758544921875,0.3994789123535156,0.1607085353136063
86,137,223,0.4255348411202431,1712.2580589088798,1712.2322998046875,1712.68359375,0.4512439966201782,-0.025709155499935132
87,136,223,0.05104329871945083,1713.3953678340931,1713.4573974609375,1713.4464111328125,-0.011006499640643597,0.06204979836009443
88,135,223,-0.14983909635804593,1713.7734963229204,1713.8240966796875,1713.6236572265625,-0.2004522979259491,0.050613201567903165
89,134,223,-0.14870827361941338,1712.4039572970569,1712.449951171875,1712.2552490234375,-0.19478170573711395,0.04607343211770057
90,133,223,-0.018440591545077042,1710.1799396149827,1710.1072998046875,1710.1614990234375,0.054200198501348495,-0.07264079004642554
91,132,223,0.14293623823672533,1706.4377522383259,1706.3726806640625,1706.5806884765625,0.2079589068889618,-0.06502266865223646
92,131,223,0.22167262114584446,1701.994147691354,1701.8826904296875,1702.2158203125,0.333074688911438,-0.11140206776559353
93,130,223,0.203253705278039,1696.301873247847,1696.487060546875,1696.505126953125,0.018015800043940544,0.18523790523409844
85,139,224,0.7943704849481583,1713.7506734603644,1713.7647705078125,1714.5450439453125,0.7802703976631165,0.014100087285041862
86,138,224,0.49412959471344947,1718.166392866224,1718.248291015625,1718.6605224609375,0.4121864140033722,0.08194318071007728
87,137,224,0.2712030981481075,1718.1059941674769,1718.1624755859375,1718.377197265625,0.21476800739765167,0.05643509075045583
88,136,224,-0.02238133209059015,1720.3662534024031,1720.3028564453125,1720.3438720703125,0.04101359844207764,-0.06339493053266779
89,135,224,-0.15283590114675463,1718.0284462527093,1718.1121826171875,1717.8756103515625,-0.23661120235919952,0.08377530121244489
90,134,224,0.0159476761915721,1717.6226021284958,1717.5684814453125,1717.6385498046875,0.07007119804620743,-0.05412352185463533
91,133,224,0.11912313890643418,1712.8283866267186,1712.9193115234375,1712.947509765625,0.028191199526190758,0.09093193938024342
92,132,224,0.24206891976296901,1710.316280689612,1710.256591796875,1710.558349609375,0.30167919397354126,-0.059610274210572245
93,131,224,0.34831394799053667,1703.2476333176344,1703.1846923828125,1703.595947265625,0.4111832082271576,-0.06286926023662093
86,139,225,0.6678284245729447,1722.1862975519896,1722.2305908203125,1722.8541259765625,0.6235275268554688,0.04430089771747592
87,138,225,0.42493348076939585,1724.0128106598556,1724.1617431640625,1724.437744140625,0.2759299874305725,0.14900349333882335
88,137,225,0.1119627290777862,1725.2488771146723,1725.20703125,1725.36083984375,0.15381500124931335,-0.04185227217152715
89,136,225,-0.03195790789090097,1724.745336814141,1724.7803955078125,1724.71337890625,-0.06698500365018845,0.035027095759287474
90,135,225,-0.001856460183626041,1723.3928476711212,1723.3251953125,1723.3909912109375,0.0658475011587143,-0.06770396134234033
91,134,225,0.13912318844348193,1720.4202029834314,1720.496337890625,1720.559326171875,0.06295999884605408,0.07616318959742785
92,133,225,0.28693010941147806,1716.713924382776,1716.6986083984375,1717.0008544921875,0.30226749181747437,-0.015337382405996303
93,132,225,0.3449653858691454,1711.621343207881,1711.670166015625,1711.96630859375,0.29610249400138855,0.04886289186775683
86,140,226,0.5634091205894947,1727.9468447856605,1728.0888671875,1728.51025390625,0.4214591979980469,0.14194992259144779
87,139,226,0.5788429398834706,1728.505995927304,1728.533203125,1729.0848388671875,0.5516431927680969,0.02719974711537365
88,138,226,0.3057976417988539,1731.6247443503887,1731.603759765625,1731.9305419921875,0.32672640681266785,-0.020928765013813966
89,137,226,0.07551844368455932,1730.1625186656904,1730.1798095703125,1730.238037109375,0.0582071989774704,0.01731124470708892
90,136,226,0.1739742585271597,1730.6095950774104,1730.509033203125,1730.7835693359375,0.2745929956436157,-0.10061873711645603
91,135,226,0.10963934774976224,1726.7502239335001,1726.8907470703125,1726.85986328125,-0.03080179914832115,0.1404411468980834
92,134,226,0.3108701881766319,1724.8497743430735,1724.8131103515625,1725.16064453125,0.3474484086036682,-0.03657822042703629
93,133,226,0.37132310435175897,1718.4782862706481,1718.542724609375,1718.849609375,0.30686360597610474,0.06445949837565423
86,141,227,0.5395074160397053,1731.9473089902103,1732.021484375,1732.48681640625,0.46526840329170227,0.07423901274800304
87,140,227,0.529424491673708,1734.2490178911387,1734.442626953125,1734.7784423828125,0.33582261204719543,0.19360187962651254
88,139,227,0.4034977601468563,1736.1774348570407,1736.1651611328125,1736.5809326171875,0.4157103896141052,-0.012212629467248937
89,138,227,0.25352468878030776,1736.6162262877822,1736.7108154296875,1736.8697509765625,0.158993199467659,0.09453148931264876
90,137,227,0.19508827529847622,1736.1625777403265,1735.9732666015625,1736.357666015625,0.38448429107666016,-0.18939601577818393
91,136,227,0.22629819165915252,1734.0805865739658,1734.165283203125,1734.306884765625,0.14164850115776062,0.0846496905013919
92,135,227,0.30001312904059885,1731.205480035022,1731.168212890625,1731.5054931640625,0.3372614085674286,-0.03724827952682974
93,134,227,0.3381003159284592,1726.771152613759,1726.8519287109375,1727.1092529296875,0.2573983073234558,0.08070200860500337
86,142,228,0.24426763594150544,1737.6717479890585,1737.7352294921875,1737.916015625,0.18078039586544037,0.06348724007606507
87,141,228,0.5131996865570545,1738.724349141568,1738.8121337890625,1739.237548828125,0.4253908097743988,0.0878088767826557
88,140,228,0.4031079837679863,1742.327849047482,1742.4737548828125,1742.73095703125,0.25721079111099243,0.14589719265699386
89,139,228,0.30521895676851274,1741.690996863544,1741.7369384765625,1741.9962158203125,0.2592155933380127,0.046003363430500044
90,138,228,0.3414569491147995,1743.129734457135,1743.078369140625,1743.47119140625,0.39280039072036743,-0.05134344160556792
91,137,228,0.21336700052022933,1740.1618771401047,1740.143310546875,1740.375244140625,0.23186719417572021,-0.018500193655490882
92,136,228,0.37899282708764076,1739.08328744635,1739.0645751953125,1739.4622802734375,0.3977035880088806,-0.018710760921239855
94,134,228,0.26446181662380697,1730.4680821286886,1730.612060546875,1730.7325439453125,0.12041079998016357,0.1440510166436434
86,143,229,0.01505474056582898,1741.6303310016217,1741.6876220703125,1741.6453857421875,-0.0421983003616333,0.05725304092746228
87,142,229,0.25162335827946664,1744.481164727658,1744.599365234375,1744.7327880859375,0.13339799642562866,0.11822536185383797
88,141,229,0.35626471355557443,1746.9032567708193,1746.92333984375,1747.259521484375,0.33616021275520325,0.020104500800371183
89,140,229,0.33623971313238143,1747.8641997399927,1748.0130615234375,1748.200439453125,0.18738660216331482,0.14885311096906662
90,139,229,0.3051560874283314,1748.3327833656967,1748.3350830078125,1748.637939453125,0.30282101035118103,0.0023350770771503604
91,138,229,0.31014358103275297,1747.2325810283423,1747.241455078125,1747.542724609375,0.3012791872024536,0.008864393830299355
92,137,229,0.31508183278143403,1745.264874221906,1745.145263671875,1745.5799560546875,0.43470779061317444,-0.1196259578317404
93,136,229,0.2746743662655354,1741.694441844672,1741.772216796875,1741.9691162109375,0.196909099817276,0.07776526644825937
94,135,229,0.21229253690689803,1737.398059025593,1737.396240234375,1737.6103515625,0.2141014039516449,-0.0018088670447468647
95,134,229,0.1745927709341049,1731.7660810571908,1731.8284912109375,1731.940673828125,0.11223869770765305,0.06235407322645187
87,143,230,0.07130074097774923,1748.8531377355848,1748.8521728515625,1748.9244384765625,0.07220400124788284,-0.0009032602701336129
88,142,230,0.19011820517480374,1753.0495058182628,1753.040283203125,1753.2396240234375,0.1992879956960678,-0.00916979052126407
89,141,230,0.2745524076372385,1752.9341878267378,1752.9359130859375,1753.208740234375,0.2728079855442047,0.0017444220930337706
90,140,230,0.34535360381007196,1754.9951004977524,1755.12939453125,1755.3404541015625,0.21109800040721893,0.13425560340285303
91,139,230,0.22031359255313873,1752.9724354308844,1753.0360107421875,1753.1927490234375,0.15666599571704865,0.06364759683609009
92,138,230,0.39185181096196176,1752.8189636187255,1752.812255859375,1753.2108154296875,0.3985790014266968,-0.006727190464735022
93,137,230,0.15881685473024845,1748.3898891999572,1748.4083251953125,1748.5487060546875,0.14042699337005615,0.0183898613601923
94,136,230,0.1907739556580782,1745.8878393255918,1745.930419921875,1746.07861328125,0.14823199808597565,0.04254195757210255
87,144,231,-0.27075834073126315,1754.3826968172937,1754.3297119140625,1754.1119384765625,-0.21780790388584137,-0.05295043684542178
88,143,231,-0.020454464942449704,1757.44660192588,1757.4114990234375,1757.4261474609375,0.0146441999822855,-0.03509866492473521
89,142,231,0.16593119580298663,1759.092857866697,1759.082763671875,1759.2587890625,0.17605920135974884,-0.010128005556762215
90,141,231,0.23551070898771287,1760.1529170253873,1760.2474365234375,1760.388427734375,0.14095720648765564,0.09455350250005723
91,140,231,0.25028471074998376,1759.7310385314374,1759.8565673828125,1759.9813232421875,0.12473230063915253,0.12555241011083124
92,139,231,0.2357604616135359,1758.696978796199,1758.692626953125,1758.9327392578125,0.2400950938463211,-0.004334632232785213
93,138,231,0.1698199489712715,1756.0497845432162,1756.092529296875,1756.2196044921875,0.1270848959684372,0.04273505300283431
94,137,231,0.06970947519410402,1752.599724118556,1752.625244140625,1752.66943359375,0.04412560164928436,0.025583873544819655
87,145,232,-0.3998169755935669,1758.484899983406,1758.4088134765625,1758.0850830078125,-0.323659211397171,-0.07615776419639586
88,144,232,-0.26360186845064165,1763.3103547981382,1763.2022705078125,1763.0467529296875,-0.15549680590629578,-0.10810506254434588
89,143,232,0.0046743677649647,1763.86226899161,1763.762451171875,1763.866943359375,0.10441599786281586,-0.09974163009785116
90,142,232,0.20057139605283736,1766.7134911039473,1766.6878662109375,1766.9140625,0.22625839710235596,-0.0256870010495186
91,141,232,0.11818878524005413,1765.3954830897599,1765.4056396484375,1765.513671875,0.10802959650754929,0.010159188732504848
92,140,232,0.32261164106428625,1765.8954059370608,1765.96044921875,1766.218017578125,0.25757119059562683,0.06504045046865942
94,138,232,0.1350375402159989,1760.6661099207215,1760.644287109375,1760.8011474609375,0.15683519840240479,-0.021797658186405888
87,146,233,-0.5716820305585861,1763.674099022746,1763.6328125,1763.1024169921875,-0.5304734110832214,-0.041208619475364694
88,145,233,-0.43657675206661223,1767.4572066348792,1767.4365234375,1767.0206298828125,-0.4159052073955536,-0.02067154467105864
89,144,233,-0.22371801428496838,1769.69808324866,1769.68017578125,1769.474365234375,-0.20577870309352875,-0.017939311191439627
90,143,233,0.011365113050560467,1771.5074337150745,1771.4742431640625,1771.518798828125,0.04456790164113045,-0.03320278859056998
91,142,233,0.10722240893170237,1771.9800578645059,1771.93408203125,1772.0872802734375,0.15317249298095703,-0.04595008404925466
92,141,233,0.10814446633681656,1771.6751807289756,1771.7220458984375,1771.7833251953125,0.06122580170631409,0.04691866463050247
93,140,233,0.04582669855095446,1769.7299301373866,1769.9102783203125,1769.7757568359375,-0.134512796998024,0.18033949554897843
94,139,233,-0.05106437033973634,1767.0954979640896,1767.024658203125,1767.04443359375,0.0197455994784832,-0.07080996981821955
96,137,233,-0.22341323260217905,1758.280297998227,1758.218505859375,1758.056884765625,-0.16156600415706635,-0.0618472284451127
88,146,234,-0.5272813464701176,1773.0134874011576,1772.9112548828125,1772.4862060546875,-0.4250726103782654,-0.10220873609185221
89,145,234,-0.3676472970843315,1774.251802570522,1774.2183837890625,1773.8841552734375,-0.3341498076915741,-0.03349748939275743
90,144,234,-0.0882640640437603,1777.6455150406064,1777.6641845703125,1777.5572509765625,-0.10693380236625671,0.01866973832249641
91,143,234,-0.0668686154531315,1777.2096908810781,1777.156005859375,1777.142822265625,-0.013185800053179264,-0.05368281539995223
92,142,234,0.2120072662830353,1778.6230757415294,1778.5675048828125,1778.8350830078125,0.26755601167678833,-0.05554874539375304
93,141,234,-0.13854442490264773,1775.9601996983401,1775.975341796875,1775.8216552734375,-0.1536387950181961,0.015094370115548372
94,140,234,0.11769846396520733,1774.7627947000974,1774.7978515625,1774.8804931640625,0.0826726034283638,0.035025860536843534
96,138,234,-0.1907969069108367,1766.8457041334734,1766.8607177734375,1766.6549072265625,-0.20581120252609253,0.01501429561525583
89,146,235,-0.4540800577402115,1779.8138212686777,1779.773681640625,1779.3597412109375,-0.4139985144138336,-0.040081543326377866
90,145,235,-0.2868250502645969,1782.2511805190145,1782.330810546875,1781.96435546875,-0.3663569986820221,0.07953194841742517
91,144,235,-0.12052013874053955,1783.3298707246781,1783.2772216796875,1783.2093505859375,-0.0678664967417717,-0.05265364199876785
92,143,235,-0.0574101342074573,1783.9734257592074,1783.864990234375,1783.916015625,0.05095149949193001,-0.10836163369938731
93,142,235,-0.07649740315973759,1783.0087483797222,1782.9583740234375,1782.9322509765625,-0.026118500158190727,-0.05037890300154686
94,141,235,-0.1398272792994976,1781.1156573574244,1781.0367431640625,1780.975830078125,-0.06097650155425072,-0.07885077774524687
95,140,235,-0.2368813466653228,1777.7152749013528,1777.8121337890625,1777.4783935546875,-0.3337770104408264,0.09689566377550363
89,147,236,-0.48252879664301873,1784.1105805544555,1783.981201171875,1783.6280517578125,-0.3530828058719635,-0.12944599077105523
90,146,236,-0.2693751672655344,1788.1751368860155,1788.1646728515625,1787.90576171875,-0.2588368058204651,-0.01053836144506931
91,145,236,-0.2632901560515165,1788.338119257614,1788.303466796875,1788.0748291015625,-0.22872279584407806,-0.03456736020743845
92,144,236,0.038250826984876765,1790.405596829265,1790.4105224609375,1790.44384765625,0.03324560075998306,0.005005226224893702
93,143,236,-0.3100080063194037,1788.7843732406943,1788.6947021484375,1788.474365234375,-0.2202928066253662,-0.08971519969403746
94,142,236,0.06348890312947333,1788.5096312140581,1788.388916015625,1788.5731201171875,0.18416880071163177,-0.12067989758215844
96,140,236,-0.15219752132892608,1781.8548342400788,1781.8729248046875,1781.70263671875,-0.17032399773597717,0.01812647640705109
90,147,237,-0.3450810916721821,1792.5253789432347,1792.5360107421875,1792.1802978515625,-0.3557620942592621,0.01068100258707999
91,146,237,-0.22096114709973336,1794.2583146627248,1794.18115234375,1794.037353515625,-0.1437738984823227,-0.07718724861741066
92,145,237,-0.2027299266308546,1795.5198685985058,1795.536376953125,1795.317138671875,-0.21921619772911072,0.016486271098256122
93,144,237,-0.24819821305572987,1795.2980029005557,1795.2724609375,1795.0498046875,-0.2227115035057068,-0.02548670955002308
94,143,237,-0.2856661479175091,1794.425680796355,1794.2701416015625,1794.1400146484375,-0.13009630143642426,-0.15556984648108485
96,141,237,-0.34983835779130457,1788.6774750765412,1788.5499267578125,1788.32763671875,-0.22231170535087585,-0.1275266524404287
98,139,237,-0.40177957028150557,1778.2916721484064,1778.2940673828125,1777.889892578125,-0.40421590209007263,0.0024363318085670604
91,147,238,-0.23784362606704235,1798.9720965557544,1798.8861083984375,1798.7342529296875,-0.1517861932516098,-0.08605743281543254
92,146,238,0.007513852955307812,1801.7183162251697,1801.6900634765625,1801.725830078125,0.03576439991593361,-0.028250546960625796
93,145,238,-0.38507889688014985,1800.7654499906303,1800.7608642578125,1800.38037109375,-0.3804360032081604,-0.004642893671989445
94,144,238,-0.05047127461992204,1801.23748299337,1801.2698974609375,1801.18701171875,-0.08294180035591125,0.032470525735989214
95,143,238,-0.5586826197803021,1798.3027011744678,1798.229248046875,1797.7440185546875,-0.4853014051914215,-0.07338121458888058
96,142,238,-0.12874386843293906,1796.579183321558,1796.4232177734375,1796.450439453125,0.027209199965000153,-0.1559530683979392
92,147,239,-0.09101345848292113,1806.4932351381703,1806.4964599609375,1806.4022216796875,-0.09421359747648239,0.003200138993561266
93,146,239,-0.17914831891655922,1807.001536014229,1806.9757080078125,1806.8223876953125,-0.15335200726985931,-0.025796311646699904
94,145,239,-0.3545965188741684,1806.8969549173116,1806.9161376953125,1806.5423583984375,-0.3737693130970001,0.019172794222831746
95,144,239,-0.42717260360717774,1805.2654294395447,1805.3316650390625,1804.8382568359375,-0.4933949112892151,0.06622230768203735
96,143,239,-0.42496560081839563,1802.941689233631,1802.792724609375,1802.5167236328125,-0.2760500907897949,-0.1489155100286007
92,148,240,0.07110421885503455,1812.488466093645,1812.4249267578125,1812.5595703125,0.13468000292778015,-0.0635757840727456
93,147,240,-0.15223605457693337,1812.1060934764519,1812.0418701171875,1811.953857421875,-0.08793199807405472,-0.06430405650287865
94,146,240,0.03737764803925529,1813.4152590707108,1813.450439453125,1813.45263671875,0.002208000048995018,0.035169647990260275
95,145,240,-0.5608132320642472,1811.2181618648767,1811.283203125,1810.6573486328125,-0.6259639859199524,0.06515075385570523
96,144,240,-0.15771444726735354,1810.2387691347674,1810.286865234375,1810.0810546875,-0.20570799708366394,0.047993549816310405
98,142,240,-0.2154772685468197,1802.5561755107344,1802.4576416015625,1802.3406982421875,-0.1168999969959259,-0.0985772715508938
93,148,241,0.030552706349408255,1818.086512723338,1818.1142578125,1818.1170654296875,0.002833399921655655,0.0277193064277526
94,147,241,-0.0601943841855973,1818.6677383294982,1818.69189453125,1818.6075439453125,-0.08441949635744095,0.02422511217184365
95,146,241,-0.2981354817003012,1817.8929841145127,1817.930419921875,1817.5948486328125,-0.3355594873428345,0.03742400564253329
96,145,241,-0.43365377217531204,1816.3506459596754,1816.380615234375,1815.9169921875,-0.4635607898235321,0.02990701764822007
93,149,242,-0.03117626085644588,1822.954882315544,1823.0838623046875,1822.9237060546875,-0.16011640429496765,0.12894014343852178
94,148,242,0.2269674377888441,1824.9914163512738,1825.00146484375,1825.2183837890625,0.2169272005558014,0.010040237233042704
95,147,242,-0.22692080698907374,1823.4467694398015,1823.468017578125,1823.2198486328125,-0.24819140136241913,0.021270594373345386
96,146,242,-0.016172921973047778,1823.330626046973,1823.3499755859375,1823.314453125,-0.035468000918626785,0.019295078945579008
98,144,242,-0.17697713181376457,1817.1197261552513,1817.2020263671875,1816.9427490234375,-0.2592822015285492,0.08230506971478463
94,149,243,0.10885708915069699,1829.9170218170993,1830.03515625,1830.02587890625,-0.009214100427925587,0.11807118957862257
95,148,243,0.05498277775943279,1829.829172495678,1829.832275390625,1829.8841552734375,0.05186939984560013,0.003113377913832663
96,147,243,-0.11658263485878706,1829.0983941582963,1829.0430908203125,1828.9818115234375,-0.061242301017045975,-0.055340333841741085
97,146,243,-0.3038068786263466,1826.7524152770638,1826.7530517578125,1826.4486083984375,-0.30441030859947205,0.0006034299731254578
94,150,244,0.23954958721995354,1836.0286388893426,1836.054931640625,1836.2681884765625,0.21324239671230316,0.026307190507650374
95,149,244,0.004683108332101255,1835.1553510713554,1835.199462890625,1835.1600341796875,-0.039517998695373535,0.04420110702747479
96,148,244,0.24662897132337094,1835.876784114614,1835.844482421875,1836.1234130859375,0.27894121408462524,-0.0323122427612543
97,147,244,-0.28831746593117713,1832.8561885596812,1832.8001708984375,1832.56787109375,-0.2322196066379547,-0.05609785929322242
98,146,244,-0.02211715220590122,1831.154197230331,1831.2535400390625,1831.132080078125,-0.12140119820833206,0.09928404600243085
94,151,245,0.09437484420835972,1840.657944491729,1840.754150390625,1840.7523193359375,-0.0018390000332146883,0.0962138442415744
95,150,245,0.1497119626775384,1841.3078075685726,1841.24951171875,1841.45751953125,0.20794649422168732,-0.058234531544148926
96,149,245,0.12022637637332081,1841.3194708892518,1841.363037109375,1841.439697265625,0.07661350071430206,0.04361287565901875
97,148,245,0.013690104072447867,1839.7354554037402,1839.771484375,1839.7491455078125,-0.02239299938082695,0.03608310345327482
98,147,245,-0.13213632810860873,1837.401789648421,1837.417724609375,1837.2696533203125,-0.14807799458503723,0.0159416664764285
94,152,246,0.14837161287665368,1846.4707690121234,1846.60888671875,1846.619140625,0.010235399939119816,0.13813621293753386
96,150,246,0.32045371174812315,1847.8866996085644,1847.822021484375,1848.2071533203125,0.38518640398979187,-0.06473269224166872
97,149,246,-0.05010941935703159,1845.5731807084196,1845.689697265625,1845.5230712890625,-0.16656099259853363,0.11645157324150204
98,148,246,0.21860191233456136,1844.6937516032904,1844.7840576171875,1844.912353515625,0.12838800251483917,0.09021390981972219
99,147,246,-0.3643702284991741,1840.2542628066242,1840.2730712890625,1839.889892578125,-0.38318538665771484,0.018815158158540735
100,146,246,-0.03839331861119717,1837.0669577717363,1837.118408203125,1837.028564453125,-0.0897568017244339,0.05136348311323673
96,151,247,0.15665227085351943,1852.9790899166464,1852.9771728515625,1853.1357421875,0.15854540467262268,-0.0018931338191032487
97,150,247,0.13619178846478464,1852.2067037193476,1852.2384033203125,1852.3428955078125,0.10452239960432053,0.03166938886046411
98,149,247,0.058832712885923684,1850.6536917011765,1850.836181640625,1850.7125244140625,-0.12365859746932983,0.1824913103552535
99,148,247,-0.05281331561505795,1847.6271541359276,1847.5848388671875,1847.5743408203125,-0.010523499920964241,-0.04228981569409371
96,152,248,0.26818037874996664,1859.1926350509375,1859.1888427734375,1859.4608154296875,0.27198320627212524,-0.0038028275221586028
97,151,248,0.02336792292771861,1857.6830529755098,1857.668212890625,1857.7064208984375,0.03821999952197075,-0.01485207659425214
98,150,248,0.3108777742087841,1857.6777696867287,1857.7789306640625,1857.9886474609375,0.2096879929304123,0.1011897812783718
100,148,248,0.1364564173296094,1851.6394224889204,1851.554443359375,1851.77587890625,0.22151519358158112,-0.08505877625197172
96,153,249,0.10488532204180956,1863.8654515920207,1863.9022216796875,1863.9703369140625,0.06810099631547928,0.03678432572633028
97,152,249,0.1351843706332147,1863.9002160199918,1864.024169921875,1864.035400390625,0.01119100023061037,0.12399337040260433
98,151,249,0.11395576726645232,1863.2544524358586,1863.365478515625,1863.368408203125,0.0029454000759869814,0.11101036719046534
100,149,249,-0.06186012632213533,1858.1272898138222,1858.00439453125,1858.0654296875,0.06103989854454994,-0.12290002486668528
101,148,249,-0.2223616700619459,1853.487010107562,1853.5601806640625,1853.2646484375,-0.2956081032752991,0.07324643321335317
96,154,250,0.16286272324621678,1869.7303257533163,1869.734619140625,1869.8931884765625,0.15857499837875366,0.004287724867463122
97,153,250,0.015007428277749568,1868.9586253842222,1868.9898681640625,1868.9736328125,-0.016249999403953552,0.03125742768170312
98,152,250,0.2902072134613991,1869.8578640756011,1869.9891357421875,1870.1480712890625,0.15892499685287476,0.13128221660852435
100,150,250,0.22471220970153807,1865.634052438736,1865.5225830078125,1865.8587646484375,0.33617499470710754,-0.11146278500556947
101,149,250,-0.4039375601708889,1860.4093086539208,1860.413330078125,1860.00537109375,-0.407925009727478,0.00398744955658914
96,155,251,0.03609620046569034,1874.0824340729719,1874.1475830078125,1874.1185302734375,-0.02904829941689968,0.06514449988259002
97,154,251,0.08352591995149851,1874.810883259736,1874.78515625,1874.8944091796875,0.10921130329370499,-0.025685383342206478
98,153,251,0.0955560695938766,1874.9736577975937,1875.0958251953125,1875.0692138671875,-0.026651399210095406,0.122207468803972
99,152,251,0.06732979925582186,1873.7560344585568,1873.9368896484375,1873.8233642578125,-0.11353419721126556,0.18086399646708742
100,151,251,-0.0046433830063324424,1871.741337718944,1871.707275390625,1871.7366943359375,0.02937369979918003,-0.03401708280551247
101,150,251,-0.1260095329582691,1867.9682946892083,1867.9169921875,1867.84228515625,-0.07472550123929977,-0.051284031718969336
98,154,252,0.2115867369621992,1881.203696466163,1881.267578125,1881.415283203125,0.1477552056312561,0.0638315313309431
99,153,252,-0.05708921111188829,1879.2315276876743,1879.2252197265625,1879.1744384765625,-0.050785601139068604,-0.006303609972819688
100,152,252,0.22659740246832372,1878.7881731053442,1878.9208984375,1879.0147705078125,0.09395480155944824,0.13264260090887547
101,151,252,-0.2991949412971735,1874.4857183787972,1874.488037109375,1874.1865234375,-0.3014887869358063,0.0022938456386327744
102,150,252,0.04027683436637744,1871.3448550015712,1871.3013916015625,1871.3851318359375,0.08370160311460495,-0.04342476874822751
98,155,253,0.06177651178091764,1885.9788729022816,1886.0718994140625,1886.0406494140625,-0.031314101070165634,0.09309061285108328
99,154,253,0.05295841755811125,1885.4725542777544,1885.5806884765625,1885.5255126953125,-0.05513869971036911,0.10809711726848037
100,153,253,0.008277139405254274,1884.3619621184073,1884.4632568359375,1884.3702392578125,-0.09301359951496124,0.10129073892021552
102,151,253,-0.21292717456817628,1877.9646361589432,1877.8853759765625,1877.751708984375,-0.1336906999349594,-0.07923647463321687
103,150,253,-0.38343693524599076,1872.9494769743085,1872.938232421875,1872.5660400390625,-0.37225401401519775,-0.011182921230793008
98,156,254,0.16470436077564954,1891.9391774751618,1892.1033935546875,1892.1038818359375,0.000521400012075901,0.16418296076357364
99,155,254,-0.055897301137447356,1890.6242566761375,1890.6683349609375,1890.568359375,-0.09987860172986984,0.04398130059242249
100,154,254,0.18426993004977704,1890.9734449137002,1890.9775390625,1891.15771484375,0.18012559413909912,0.004144335910677921
102,152,254,0.06798531165812165,1885.4785234774045,1885.592041015625,1885.5465087890625,-0.045588601380586624,0.11357391303870827
103,151,254,-0.5378297232091427,1879.9200318716466,1879.88720703125,1879.3822021484375,-0.5049723982810974,-0.03285732492804527
99,156,255,0.046711574806831774,1896.6024583470683,1896.64453125,1896.649169921875,0.00469199987128377,0.042019574935548004
100,155,255,0.012657617748482152,1896.1909556635014,1896.15087890625,1896.20361328125,0.05266999825835228,-0.040012380509870125
101,154,255,-0.04683813377050683,1894.231774657208,1894.3270263671875,1894.1849365234375,-0.14209149777889252,0.09525336400838569
102,153,255,-0.14983951333910228,1891.5608502555267,1891.5748291015625,1891.4110107421875,-0.16377650201320648,0.0139369886741042
103,152,255,-0.3114013732969761,1887.525512701422,1887.6571044921875,1887.214111328125,-0.4429585039615631,0.13155713066458702
100,156,256,0.16733509015291928,1902.5429920582847,1902.5379638671875,1902.7103271484375,0.17236720025539398,-0.005032110102474702
102,154,256,0.07009352051652967,1898.6615959326084,1898.635009765625,1898.731689453125,0.09671760350465775,-0.026624082988128073
103,153,256,-0.4475504210591316,1893.9549967101216,1893.9290771484375,1893.5074462890625,-0.4216879904270172,-0.025862430632114408
104,152,256,-0.13002971598878502,1890.6422367472387,1890.67138671875,1890.51220703125,-0.1591344028711319,0.02910468688234688
100,157,257,0.031079386837081984,1907.543627644413,1907.50390625,1907.57470703125,0.070790596306324,-0.03971120946924202
101,156,257,-0.02007321337237954,1906.2150195024349,1906.3192138671875,1906.1949462890625,-0.1243164986371994,0.10424328526481987
102,155,257,-0.1051634561829269,1904.334411503058,1904.2822265625,1904.229248046875,-0.05308590084314346,-0.052077555339783435
104,153,257,-0.3587845052778721,1897.165425130278,1897.0982666015625,1896.806640625,-0.2916620969772339,-0.0671224083006382
105,152,257,-0.4884636019170284,1891.9131462191044,1892.0279541015625,1891.4246826171875,-0.6033118963241577,0.11484829440712929
101,157,258,-0.13567395171150565,1911.6544727798364,1911.692626953125,1911.518798828125,-0.17386700212955475,0.0381930504180491
104,154,258,-0.09235150026157499,1904.6787772815117,1904.691650390625,1904.58642578125,-0.10523059964179993,0.01287909938022494
105,153,258,-0.6282057800889015,1898.7800612488388,1898.7459716796875,1898.15185546875,-0.5940173864364624,-0.034188393652439086
102,157,259,-0.061194246341474356,1916.630896394779,1916.5926513671875,1916.5697021484375,-0.022892599925398827,-0.03830164641607553
105,154,259,-0.4057592587172985,1906.3747533993424,1906.3338623046875,1905.968994140625,-0.3649134039878845,-0.04084585472941399
106,154,260,-0.2048741140589118,1909.1298008718713,1909.06640625,1908.9249267578125,-0.14153200387954712,-0.06334211017936467
104,157,261,-0.21335727013647557,1924.0219510201364,1923.931640625,1923.80859375,-0.12309379875659943,-0.09026347137987614
106,155,261,-0.43065801650285723,1915.7365662196278,1915.68017578125,1915.305908203125,-0.374330997467041,-0.05632701903581622
107,154,261,-0.5146487256884575,1909.8305666944384,1909.823486328125,1909.31591796875,-0.5075693130493164,-0.007079412639141136
106,156,262,-0.1431649775803089,1923.3796151728927,1923.387451171875,1923.2364501953125,-0.15098319947719574,0.007818221896886829
107,155,262,-0.7076769903302192,1916.8276721075176,1916.7220458984375,1916.1199951171875,-0.6020721793174744,-0.10560481101274488
108,156,264,-0.21505522701889276,1926.6346108910814,1926.7713623046875,1926.4195556640625,-0.3517167866230011,0.13666155960410833
108,157,265,-0.4396184954047203,1933.5273870500923,1933.505615234375,1933.0877685546875,-0.4177609980106354,-0.021857497394084935
108,158,266,-0.04339055267628282,1941.3643134042388,1941.33740234375,1941.3209228515625,-0.016552599146962166,-0.026837953529320654
109,157,266,-0.8006471985578537,1933.9611696594955,1934.0220947265625,1933.1605224609375,-0.861606776714325,0.06095957815647124
110,159,269,-0.1933535696938634,1950.323236382194,1950.291748046875,1950.1298828125,-0.1618219017982483,-0.031531667895615095
110,160,270,0.1589684273954481,1958.538175127292,1958.51611328125,1958.6971435546875,0.18098199367523193,-0.022013566279783847
9,21,30,-0.9146023425459862,186.13730436891316,186.3990020751953,185.2227020263672,-1.176300048828125,0.26169770628213884
14,9,23,-0.6810310781002045,150.90953144431114,151.1479949951172,150.22850036621094,-0.9194999933242798,0.23846891522407532
15,11,26,-0.5503134843707085,187.00571204394103,187.1179962158203,186.4553985595703,-0.6625999808311462,0.11228649646043776
16,11,27,-0.5086642165482044,188.07536038354039,187.98699951171875,187.5666961669922,-0.4203000068664551,-0.0883642096817493
18,13,31,-0.8967961195111275,224.78809250622987,224.8350067138672,223.89129638671875,-0.9437000155448914,0.04690389603376388
19,15,34,-0.9650846698880196,260.78258955270053,261.0429992675781,259.8175048828125,-1.2254999876022339,0.26041531771421433
20,15,35,-0.8459295225143433,261.6211370420456,262.0679931640625,260.77520751953125,-1.292799949645996,0.4468704271316528
21,16,37,-0.527436094135046,278.41122515663506,278.7049865722656,277.8837890625,-0.8212000131607056,0.29376391902565957
21,17,38,-0.6356405824422836,294.78703828752043,294.9320068359375,294.1513977050781,-0.7806000113487244,0.14495942890644076
24,41,65,-0.4354069331288338,534.4736149409414,534.0549926757812,534.0382080078125,-0.01679999940097332,-0.41860693372786045
39,65,104,-0.32212889805436135,862.8885351480544,864.0989990234375,862.56640625,-1.5326000452041626,1.2104711471498013
40,40,80,-0.11081714192405343,669.0293962434865,669.5280151367188,668.9185791015625,-0.6093999743461609,0.49858283242210744
40,66,106,-0.00795083878794685,882.6943522059754,882.3560180664062,882.6864013671875,0.3303999900817871,-0.33835082886973394
42,70,112,0.2847503271698952,928.3779693993926,927.6619873046875,928.6627197265625,1.0006999969482422,-0.715949669778347
43,72,115,-0.03847984498832375,950.2193880481133,949.6380004882812,950.180908203125,0.542900025844574,-0.5813798708328978
47,48,95,0.4549873885512352,789.7083426895738,789.7343139648438,790.163330078125,0.42899999022483826,0.02598739832639696
49,50,99,-0.6720106872916222,822.4010145935416,822.1400146484375,821.72900390625,-0.41100001335144043,-0.26101067394018174
57,95,152,0.258736170232296,1231.2585978141426,1231.4127197265625,1231.517333984375,0.10459999740123749,0.15413617283105852
58,94,152,0.5499612495303154,1240.2482565239072,1240.3289794921875,1240.7982177734375,0.4691999852657318,0.08076126426458363
58,95,153,0.36397100061178206,1244.1835143509506,1244.3470458984375,1244.5474853515625,0.2004999965429306,0.16347100406885146
58,97,155,0.22954739138484,1253.0851498742402,1253.2650146484375,1253.314697265625,0.04969999939203262,0.1798473919928074
59,95,154,0.13205820525065065,1254.8855199197494,1254.8070068359375,1255.017578125,0.21060000360012054,-0.0785417983494699
64,104,168,0.12941762624308467,1354.0556409675069,1354.0511474609375,1354.18505859375,0.1339000016450882,-0.0044823754020035245
22,37,59,0.27003946229815484,484.72065267637373,nan,484.9906921386719,nan,nan
73,105,178,-0.1553016333654523,1430.065824094303,nan,1429.9105224609375,nan,nan
75,92,167,0.11325727563351393,1324.0210200681165,nan,1324.13427734375,nan,nan
77,93,170,0.18266545102000237,1335.1460699005424,nan,1335.3287353515625,nan,nan
79,95,174,-0.06029477212810889,1356.7294842252531,nan,1356.669189453125,nan,nan
81,97,178,-0.028188439211808147,1378.0190331657743,nan,1377.9908447265625,nan,nan
93,135,228,0.27836252845823767,1733.6690251668542,nan,1733.9473876953125,nan,nan
93,139,232,0.009085516931954772,1762.4165736627556,nan,1762.4256591796875,nan,nan
101,155,256,-0.17064644429832698,1899.8312909755484,nan,1899.66064453125,nan,nan
8,19,27,-0.4702564650028944,167.17255749039353,nan,166.70230102539062,nan,nan
8,20,28,-0.5785838238149882,167.4148875347525,nan,166.8363037109375,nan,nan
8,21,29,-0.964589379876852,164.07608535155654,nan,163.1114959716797,nan,nan
8,22,30,-1.1221634143590926,162.73655855596064,nan,161.61439514160156,nan,nan
8,23,31,-1.1551381438970565,159.527437338233,nan,158.37229919433594,nan,nan
9,22,31,-1.1301738139986992,186.4966746684909,nan,185.3665008544922,nan,nan
9,23,32,-1.147581639289856,185.02528244495392,nan,183.87770080566406,nan,nan
9,24,33,-1.0746145710349082,184.58151154369116,nan,183.50689697265625,nan,nan
9,25,34,-0.9961344107985497,181.72474158853294,nan,180.72860717773438,nan,nan
10,22,32,-1.11587950527668,213.41928526699542,nan,212.30340576171875,nan,nan
10,23,33,-1.0998023292422294,212.5954993507266,nan,211.49569702148438,nan,nan
10,24,34,-0.9706697043776512,213.73736281961203,nan,212.76669311523438,nan,nan
10,25,35,-0.8530551272630692,211.71325410187245,nan,210.86019897460938,nan,nan
10,26,36,-0.6404141268134117,211.13421905845405,nan,210.49380493164062,nan,nan
10,27,37,-0.5650911913067103,208.74709802724422,nan,208.1820068359375,nan,nan
11,24,35,-0.6903102108836174,236.22481033295392,nan,235.5345001220703,nan,nan
11,25,36,-0.57435796007514,235.70886418566107,nan,235.13450622558594,nan,nan
11,26,37,-0.4090388185530901,236.29124096699059,nan,235.8822021484375,nan,nan
11,27,38,-0.33415410974994303,235.19784734705462,nan,234.8636932373047,nan,nan
12,26,38,-0.1367025434516836,263.1399984418892,nan,263.0032958984375,nan,nan
12,27,39,0.0659643592685461,262.5018456993252,nan,262.56781005859375,nan,nan
12,28,40,0.3572051019128412,263.5651886969153,nan,263.9223937988281,nan,nan
13,8,21,-0.5590931677818298,132.4911915564537,nan,131.93209838867188,nan,nan
13,9,22,-0.5917929051816464,149.3173941014707,nan,148.72560119628906,nan,nan
13,25,38,0.9276614463329316,279.9005245888233,nan,280.82818603515625,nan,nan
13,26,39,0.8665506985783576,282.920650229156,nan,283.7872009277344,nan,nan
13,27,40,0.8541551606357097,283.4180311186612,nan,284.2721862792969,nan,nan
13,28,41,0.8220565177500248,285.85894323810936,nan,286.6809997558594,nan,nan
13,29,42,0.7783140209317208,285.8560853931308,nan,286.6343994140625,nan,nan
14,8,22,-0.7399741140007973,133.59077367454768,nan,132.85079956054688,nan,nan
14,27,41,1.0746720132231713,307.3908431234956,nan,308.46551513671875,nan,nan
14,28,42,1.018046427667141,311.5178422442079,nan,312.535888671875,nan,nan
14,29,43,0.8884816738963127,312.0861277011037,nan,312.974609375,nan,nan
14,30,44,0.8378713636100292,314.4202157945931,nan,315.2580871582031,nan,nan
15,8,23,-0.9842026656866074,129.88480691373348,nan,128.90060424804688,nan,nan
15,9,24,-0.9813948684930801,148.5453902298212,nan,147.56399536132812,nan,nan
15,10,25,-0.6222959093749523,169.78789954707025,nan,169.1656036376953,nan,nan
15,28,43,0.7796144556999206,330.4071836400032,nan,331.1867980957031,nan,nan
15,29,44,0.7039490824937821,332.08944691359994,nan,332.79339599609375,nan,nan
15,30,45,0.5713087413832545,335.1590989734605,nan,335.73040771484375,nan,nan
15,31,46,0.3566840916499496,336.2132011622563,nan,336.56988525390625,nan,nan
16,8,24,-0.9793609219789505,127.9049590665102,nan,126.92559814453125,nan,nan
16,9,25,-0.9793344515562058,147.23093662440778,nan,146.25160217285156,nan,nan
16,10,26,-0.7836009708046913,170.19459645420312,nan,169.41099548339844,nan,nan
16,29,45,0.19521584794856608,353.91727194502016,nan,354.11248779296875,nan,nan
16,30,46,0.34945036578923466,357.9026553471014,nan,358.2521057128906,nan,nan
16,31,47,0.020526682557538152,359.3032648213487,nan,359.32379150390625,nan,nan
16,32,48,0.09253970754332841,362.2396746479254,nan,362.33221435546875,nan,nan
17,9,26,-1.1415325546264647,140.34633602142333,nan,139.20480346679688,nan,nan
17,10,27,-0.8965875586867332,164.41758365243675,nan,163.52099609375,nan,nan
17,11,28,-0.8242510145902634,184.42254813373088,nan,183.59829711914062,nan,nan
17,12,29,-0.5212786665558815,206.50717954546212,nan,205.98590087890625,nan,nan
17,30,47,-0.14925049567595125,375.69426392341035,nan,375.5450134277344,nan,nan
17,31,48,-0.5412136803939939,378.28971831906586,nan,377.7485046386719,nan,nan
17,32,49,-0.31645953735802324,381.586967349858,nan,381.2705078125,nan,nan
17,33,50,-0.6483612934499979,382.6153717914969,nan,381.9670104980469,nan,nan
17,34,51,-0.572701085396111,384.2721944935992,nan,383.6994934082031,nan,nan
17,35,52,-0.7573108080029488,383.70649904042483,nan,382.9491882324219,nan,nan
17,36,53,-0.744665442854166,384.2371581186354,nan,383.49249267578125,nan,nan
18,9,27,-1.1032942405343056,134.24999223858117,nan,133.14669799804688,nan,nan
18,10,28,-0.9595502397418022,160.69644293993713,nan,159.7368927001953,nan,nan
18,11,29,-0.9343399447202683,181.9369339388609,nan,181.00259399414062,nan,nan
18,12,30,-0.8932590878009796,206.16335491299628,nan,205.2700958251953,nan,nan
18,31,49,-0.49800311110913753,398.508714781031,nan,398.0107116699219,nan,nan
18,32,50,-0.33754926921799777,402.995264112968,nan,402.65771484375,nan,nan
18,33,51,-0.6483120481669903,404.3489040891826,nan,403.7005920410156,nan,nan
18,34,52,-0.5856103244423866,407.16651242405175,nan,406.5809020996094,nan,nan
18,35,53,-0.7796323457360268,407.2386472383142,nan,406.4590148925781,nan,nan
18,36,54,-0.7525314949452877,409.1269211433828,nan,408.3743896484375,nan,nan
18,37,55,-0.9006555151939392,408.5247705054283,nan,407.6241149902344,nan,nan
18,38,56,-0.9259117841720581,409.5126122236252,nan,408.5867004394531,nan,nan
19,11,30,-1.221215571165085,176.4109128367901,nan,175.189697265625,nan,nan
19,12,31,-1.1043127450346946,201.20361694425344,nan,200.09930419921875,nan,nan
19,13,32,-1.1629994022846222,221.44420362591742,nan,220.2812042236328,nan,nan
19,14,33,-0.9063061019778251,244.00010187834502,nan,243.0937957763672,nan,nan
19,35,54,-0.7061584368348122,426.27286986261606,nan,425.56671142578125,nan,nan
19,36,55,-0.5827894027531147,428.4477796371281,nan,427.864990234375,nan,nan
19,37,56,-0.8008307573199273,429.00593939989807,nan,428.2051086425781,nan,nan
19,38,57,-0.7587223580479622,430.51210980921985,nan,429.7533874511719,nan,nan
19,39,58,-0.9370869067311287,430.5909870532155,nan,429.6539001464844,nan,nan
19,40,59,-0.9389819034934044,431.73958004802466,nan,430.80059814453125,nan,nan
20,11,31,-1.2591007885336876,172.8532932934165,nan,171.5941925048828,nan,nan
20,12,32,-1.1177395844459534,199.10834017038346,nan,197.9906005859375,nan,nan
20,13,33,-1.145513929128647,219.5337127816677,nan,218.38819885253906,nan,nan
20,14,34,-0.9039450570940971,244.07774266451597,nan,243.17379760742188,nan,nan
20,37,57,-0.7488565880060196,451.0934610801935,nan,450.3446044921875,nan,nan
20,38,58,-0.4498312901332974,453.6734335850552,nan,453.2236022949219,nan,nan
20,39,59,-0.6838501352071762,454.57246097505094,nan,453.88861083984375,nan,nan
20,40,60,-0.6341414692997932,457.10493614703415,nan,456.4707946777344,nan,nan
21,13,34,-1.2540635320544242,214.24156658381224,nan,212.9875030517578,nan,nan
21,14,35,-1.0161587238311767,238.959960603714,nan,237.9438018798828,nan,nan
21,15,36,-0.991573560833931,258.02648567020896,nan,257.034912109375,nan,nan
21,39,60,-0.5267337684333324,472.2930301551521,nan,471.76629638671875,nan,nan
21,40,61,-0.530421822220087,475.32943305268884,nan,474.79901123046875,nan,nan
21,41,62,-0.5853827966749668,476.22939524784687,nan,475.6440124511719,nan,nan
21,42,63,-0.6062604629993439,478.2968732559681,nan,477.69061279296875,nan,nan
22,13,35,-1.1886542630195618,210.65815194368363,nan,209.46949768066406,nan,nan
22,14,36,-0.9683293557167053,236.42392627954484,nan,235.45559692382812,nan,nan
22,15,37,-0.8838446933031082,256.1662391024828,nan,255.2823944091797,nan,nan
22,16,38,-0.5104777674376965,278.2046916346252,nan,277.6942138671875,nan,nan
22,17,39,-0.3583287504315376,295.08232777386905,nan,294.7239990234375,nan,nan
22,39,61,-0.17167259080335498,491.27088523728776,nan,491.0992126464844,nan,nan
22,40,62,-0.2925131916999817,495.32132178545,nan,495.02880859375,nan,nan
22,41,63,-0.49731603294610977,497.1097122731805,nan,496.6123962402344,nan,nan
22,42,64,-0.5813806620240212,500.7958887186646,nan,500.2145080566406,nan,nan
22,43,65,-0.6407791678607464,501.9760757987201,nan,501.3352966308594,nan,nan
23,14,37,-1.0700636470317841,230.56336503863335,nan,229.49330139160156,nan,nan
23,15,38,-1.0449207374453544,251.85981636732816,nan,250.8148956298828,nan,nan
23,16,39,-0.6207567527890205,274.51775992661715,nan,273.8970031738281,nan,nan
23,17,40,-0.6065979562699795,292.7562866769731,nan,292.1496887207031,nan,nan
23,18,41,-0.029228870301740244,312.61043614569235,nan,312.5812072753906,nan,nan
23,19,42,0.024324892840813846,328.8383765231748,nan,328.8627014160156,nan,nan
23,41,64,-0.4967762653529644,515.0962025348842,nan,514.5994262695312,nan,nan
23,42,65,-0.5649859477579594,519.2064654399454,nan,518.6414794921875,nan,nan
23,43,66,-0.5952434955537319,521.3530559955537,nan,520.7578125,nan,nan
24,16,40,-0.5777006243914365,273.32260418884454,nan,272.7449035644531,nan,nan
24,17,41,-0.43777958437800407,292.0423938421905,nan,291.6046142578125,nan,nan
24,18,42,-0.0626783802267164,313.38659195444546,nan,313.32391357421875,nan,nan
24,19,43,0.17783935603685677,330.11796752872874,nan,330.2958068847656,nan,nan
24,42,66,-0.44325455740094183,539.4109669597447,nan,538.9677124023438,nan,nan
24,43,67,-0.42478266708552836,541.8002099131793,nan,541.3754272460938,nan,nan
25,18,43,-0.24263477366417646,310.24113941233605,nan,309.9985046386719,nan,nan
25,19,44,-0.2025522050820291,328.54154146289454,nan,328.3389892578125,nan,nan
25,20,45,0.00413765873759985,348.6574529174343,nan,348.6615905761719,nan,nan
25,42,67,-0.3347053314745426,554.9977912689745,nan,554.6630859375,nan,nan
25,43,68,-0.2721020321547985,558.3064037899672,nan,558.0343017578125,nan,nan
25,44,69,-0.0704359549493529,562.9273085135432,nan,562.8568725585938,nan,nan
25,45,70,0.21081253941170872,565.6242704684008,nan,565.8350830078125,nan,nan
25,46,71,0.377313256370835,569.6446593998792,nan,570.02197265625,nan,nan
26,18,44,-0.26325452452525494,309.34876477843153,nan,309.08551025390625,nan,nan
26,19,45,-0.21220679245423527,328.4437131401105,nan,328.23150634765625,nan,nan
26,20,46,-0.20192546632140876,350.2011320092902,nan,349.99920654296875,nan,nan
26,21,47,-0.16215677467174827,366.06486673560926,nan,365.9027099609375,nan,nan
26,42,68,-0.00789426019677194,572.4037682836342,nan,572.3958740234375,nan,nan
26,43,69,0.05966397549957037,575.9853189346567,nan,576.0449829101562,nan,nan
26,44,70,0.18233343538828195,581.6952910763305,nan,581.8776245117188,nan,nan
26,45,71,0.356170127466321,584.828705360815,nan,585.1848754882812,nan,nan
26,46,72,0.51434221342206,589.9009409897029,nan,590.415283203125,nan,nan
26,47,73,0.6455388364195823,592.4476618471741,nan,593.0932006835938,nan,nan
27,19,46,-0.551056215763092,325.4807437157631,nan,324.9296875,nan,nan
27,20,47,-0.44408386051654813,347.93477599918845,nan,347.4906921386719,nan,nan
27,21,48,-0.5647453081607818,364.9659599077702,nan,364.4012145996094,nan,nan
27,22,49,-0.27806879617273805,383.86547113992276,nan,383.58740234375,nan,nan
27,45,72,0.5684712308645249,600.3593241792918,nan,600.9277954101562,nan,nan
27,46,73,0.6848755922913551,605.8466185483336,nan,606.531494140625,nan,nan
27,47,74,0.77433957695961,609.3955822980404,nan,610.169921875,nan,nan
27,48,75,0.8501952788233758,614.2591186860204,nan,615.1093139648438,nan,nan
27,49,76,0.8766898176074028,617.3020821550489,nan,618.1787719726562,nan,nan
27,50,77,0.8393751740455627,621.5017503142357,nan,622.3411254882812,nan,nan
27,51,78,0.7983270880579948,622.7051519158482,nan,623.5034790039062,nan,nan
27,52,79,0.8054202380776405,624.8587643322348,nan,625.6641845703125,nan,nan
28,20,48,-0.4552207917720079,347.9162193269283,nan,347.46099853515625,nan,nan
28,21,49,-0.5002429150044918,365.2689501903951,nan,364.7687072753906,nan,nan
28,22,50,-0.2953567092493177,385.1790542190149,nan,384.8836975097656,nan,nan
28,23,51,-0.23084749534726143,401.25773348167536,nan,401.0268859863281,nan,nan
28,46,74,0.714143050312996,623.8759448403121,nan,624.590087890625,nan,nan
28,47,75,0.8083150458335876,627.6708719658851,nan,628.4791870117188,nan,nan
28,48,76,0.8414331954717637,633.5814794021845,nan,634.4229125976562,nan,nan
28,49,77,0.8451782608032227,637.1203368759155,nan,637.9655151367188,nan,nan
28,50,78,0.8093134528398513,642.4453862541914,nan,643.2546997070312,nan,nan
28,51,79,0.7880561935901642,643.8117362868786,nan,644.5997924804688,nan,nan
28,52,80,0.8106394559144974,646.704863473773,nan,647.5155029296875,nan,nan
28,53,81,0.7624200654029846,647.504181497097,nan,648.2666015625,nan,nan
28,54,82,0.7906719493865967,649.9302142810822,nan,650.7208862304688,nan,nan
29,21,50,-0.7102544918656349,361.57554990202186,nan,360.86529541015625,nan,nan
29,22,51,-0.45689073905348776,381.77909532889726,nan,381.32220458984375,nan,nan
29,23,52,-0.6420217250287533,399.1700368617475,nan,398.52801513671875,nan,nan
29,24,53,-0.268037388548255,418.41113431237636,nan,418.1430969238281,nan,nan
29,25,54,-0.6093728198111057,434.7858864916861,nan,434.176513671875,nan,nan
29,51,80,0.5842985154688358,659.5471712110937,nan,660.1314697265625,nan,nan
29,52,81,0.6528238868713379,662.8523030662536,nan,663.505126953125,nan,nan
29,53,82,0.5893098647892475,664.5001676742733,nan,665.0894775390625,nan,nan
29,54,83,0.6329420603811741,667.165458818525,nan,667.7984008789062,nan,nan
29,55,84,0.5286746798455715,668.2466549099981,nan,668.7753295898438,nan,nan
29,56,85,0.5382852877676487,670.3524007473886,nan,670.8906860351562,nan,nan
30,22,52,-0.4050271774083376,380.42101838834583,nan,380.0159912109375,nan,nan
30,23,53,-0.46533853314816953,398.1862247636169,nan,397.72088623046875,nan,nan
30,24,54,-0.155804050542647,418.53309286890203,nan,418.3772888183594,nan,nan
30,25,55,-0.26592214073985815,435.0920329805836,nan,434.82611083984375,nan,nan
30,26,56,0.12778740860521792,453.937703314051,nan,454.06549072265625,nan,nan
30,27,57,-0.13640396791510284,469.40709488588385,nan,469.27069091796875,nan,nan
30,53,83,0.46217466905713084,682.7095172254741,nan,683.1716918945312,nan,nan
30,54,84,0.5673472321033478,686.1604359710217,nan,686.727783203125,nan,nan
30,55,85,0.45327671825885774,687.3244942778349,nan,687.7777709960938,nan,nan
30,56,86,0.4981634785234928,690.0862481425703,nan,690.5844116210938,nan,nan
31,24,55,-0.370685918033123,414.84627185553313,nan,414.4755859375,nan,nan
31,25,56,-0.636255676150322,432.5029548949003,nan,431.86669921875,nan,nan
31,26,57,-0.21041896112263203,451.5817263341695,nan,451.3713073730469,nan,nan
31,27,58,-0.577614618986845,468.12632067367434,nan,467.5487060546875,nan,nan
31,28,59,-0.038069881631527094,485.9762717859284,nan,485.9382019042969,nan,nan
31,29,60,-0.5176709225773811,500.12918215304614,nan,499.61151123046875,nan,nan
31,55,86,0.19677136328071357,703.3418028554693,nan,703.53857421875,nan,nan
31,56,87,0.23983123380690813,706.3287722818181,nan,706.568603515625,nan,nan
32,26,58,0.02758069499861449,451.35773424640763,nan,451.38531494140625,nan,nan
32,27,59,-0.23184660162776707,468.071751386784,nan,467.83990478515625,nan,nan
32,28,60,0.2572645155899227,486.92404041605073,nan,487.1813049316406,nan,nan
32,29,61,0.07982677454594522,501.14356189732905,nan,501.223388671875,nan,nan
32,30,62,0.47260557308793066,517.3856707940996,nan,517.8582763671875,nan,nan
32,55,87,0.17942142724990845,720.4969701743125,nan,720.6763916015625,nan,nan
32,56,88,0.21780773863196373,724.5533104254305,nan,724.7711181640625,nan,nan
32,57,89,0.12169332650955766,726.0167954430217,nan,726.1384887695312,nan,nan
32,58,90,0.12497684931382537,729.1902086975612,nan,729.315185546875,nan,nan
32,59,91,0.17590160633437335,729.9351823780406,nan,730.111083984375,nan,nan
33,28,61,-0.03500526223098859,484.09610145363723,nan,484.06109619140625,nan,nan
33,29,62,-0.549936114102602,499.6174409969151,nan,499.0675048828125,nan,nan
33,30,63,0.1705701545160264,516.0028307243903,nan,516.1734008789062,nan,nan
33,31,64,-0.7822031405568123,530.5766977694631,nan,529.7944946289062,nan,nan
33,55,88,0.09477372865658254,734.9362321307184,nan,735.031005859375,nan,nan
33,56,89,0.11710500089451671,739.0711884561367,nan,739.1882934570312,nan,nan
33,57,90,0.05650625875219703,741.4022950107791,nan,741.4588012695312,nan,nan
33,58,91,0.09023187727667391,744.9495630445983,nan,745.039794921875,nan,nan
33,59,92,0.19141111894510687,746.5944165177737,nan,746.7858276367188,nan,nan
33,60,93,0.3954778860509396,749.5133355905116,nan,749.9088134765625,nan,nan
34,29,63,0.035822899616323414,498.7942857429618,nan,498.8301086425781,nan,nan
34,30,64,0.30866828298196197,516.6373156037367,nan,516.9459838867188,nan,nan
34,31,65,0.19286531986668706,530.7656307738833,nan,530.95849609375,nan,nan
34,32,66,0.3604298635572195,547.4482859567553,nan,547.8087158203125,nan,nan
34,58,92,-0.024037932504434138,762.6305442801607,nan,762.6065063476562,nan,nan
34,59,93,0.18688274417072534,764.515937080048,nan,764.7028198242188,nan,nan
34,60,94,0.48610512152314184,768.2941072808206,nan,768.7802124023438,nan,nan
34,61,95,0.5596855615079402,769.8820868994295,nan,770.4417724609375,nan,nan
34,62,96,0.5942831625044346,773.1480264078081,nan,773.7423095703125,nan,nan
34,63,97,0.5179679021239281,774.3147347345948,nan,774.8327026367188,nan,nan
35,30,65,0.07086155227618292,513.5597536820989,nan,513.630615234375,nan,nan
35,31,66,-0.7051000152528286,529.2503270660341,nan,528.5452270507812,nan,nan
35,32,67,0.18460530877113343,545.5641739881039,nan,545.748779296875,nan,nan
35,33,68,-0.7355942776799202,560.5734238675236,nan,559.8378295898438,nan,nan
35,59,94,0.0719372485531494,778.9848864819156,nan,779.0568237304688,nan,nan
35,60,95,0.4867710046470165,783.1039272375405,nan,783.5906982421875,nan,nan
35,61,96,0.5486936421692371,785.5139894632995,nan,786.0626831054688,nan,nan
35,62,97,0.5785584379732609,789.0310607026518,nan,789.609619140625,nan,nan
35,63,98,0.4231273554265499,791.1076953984797,nan,791.5308227539062,nan,nan
35,64,99,0.4003886006772518,794.1207295633852,nan,794.5211181640625,nan,nan
35,65,100,0.11662928732461296,795.8210538181442,nan,795.9376831054688,nan,nan
35,66,101,0.15538759525399656,798.345833107871,nan,798.501220703125,nan,nan
35,67,102,0.029342243843711913,799.9080356858437,nan,799.9373779296875,nan,nan
36,31,67,0.017767069353722034,527.8835390829901,nan,527.9013061523438,nan,nan
36,32,68,0.0985419488325715,545.9139702581987,nan,546.0125122070312,nan,nan
36,33,69,0.0556284917332232,560.5339711176417,nan,560.589599609375,nan,nan
36,34,70,0.08029534586938097,577.7876245760057,nan,577.867919921875,nan,nan
36,62,98,0.6692727091908455,806.5873190876841,nan,807.256591796875,nan,nan
36,63,99,0.482456070035696,809.0056420744955,nan,809.4880981445312,nan,nan
36,64,100,0.5028015090525151,812.9312194870413,nan,813.4340209960938,nan,nan
36,65,101,0.19913551531732082,814.9185402659327,nan,815.11767578125,nan,nan
36,66,102,0.3165107080340385,818.1750054052472,nan,818.4915161132812,nan,nan
36,67,103,0.13155155980028213,819.8659459987934,nan,819.9974975585938,nan,nan
37,32,69,-0.15699843891896306,542.7821815443878,nan,542.6251831054688,nan,nan
37,33,70,-0.8676289820671081,558.9586324000359,nan,558.0910034179688,nan,nan
37,34,71,-0.14252295311540364,575.9492246132717,nan,575.8067016601562,nan,nan
37,35,72,-0.9725904229283333,590.925410247147,nan,589.9528198242188,nan,nan
37,66,103,0.04769965382060036,834.9115898969607,nan,834.9592895507812,nan,nan
37,67,104,-0.18109505917876959,837.2923011138663,nan,837.1112060546875,nan,nan
38,33,71,-0.3529036682471633,558.0263045471534,nan,557.6734008789062,nan,nan
38,34,72,-0.31222122356295584,576.5294453446567,nan,576.2172241210938,nan,nan
38,35,73,-0.46548508569598196,591.1667790310084,nan,590.7012939453125,nan,nan
38,36,74,-0.31213580250740053,608.2706318962574,nan,607.95849609375,nan,nan
38,65,103,0.04976285107899457,848.7325247465773,nan,848.7822875976562,nan,nan
38,66,104,0.33938287653028965,852.7232391937822,nan,853.0626220703125,nan,nan
38,67,105,-0.048945077527314425,855.3748728119023,nan,855.325927734375,nan,nan
38,68,106,0.3770947704464197,858.9120287647098,nan,859.2891235351562,nan,nan
39,34,73,-0.6248800636827946,573.7792990089953,nan,573.1544189453125,nan,nan
39,35,74,-1.0432974818348884,589.3653800013661,nan,588.3220825195312,nan,nan
39,36,75,-0.6466527616977692,606.4080663359165,nan,605.7614135742188,nan,nan
39,37,76,-1.0859590664505958,621.3033662930131,nan,620.2174072265625,nan,nan
39,38,77,-0.4089750850945711,637.4995512569695,nan,637.090576171875,nan,nan
39,39,78,-0.8768219527602196,651.335501151979,nan,650.4586791992188,nan,nan
39,66,105,-0.14391864955425263,867.1996437472105,nan,867.0557250976562,nan,nan
39,67,106,-0.4063307283818722,870.4459425447881,nan,870.0396118164062,nan,nan
39,68,107,-0.14084337962791324,874.3578233600966,nan,874.2169799804688,nan,nan
39,69,108,-0.3179122125171125,877.0915328179858,nan,876.7736206054688,nan,nan
39,70,109,0.05344432185636833,880.3576274554874,nan,880.4110717773438,nan,nan
39,71,110,-0.13735824305796995,882.5901780672767,nan,882.4528198242188,nan,nan
40,35,75,-0.7170950943231582,588.6162650161982,nan,587.899169921875,nan,nan
40,36,76,-0.5938832893967628,606.7009999886155,nan,606.1071166992188,nan,nan
40,37,77,-0.7523464223742485,621.633144762218,nan,620.8807983398438,nan,nan
40,38,78,-0.38148695752024653,639.0335865668952,nan,638.652099609375,nan,nan
40,39,79,-0.3413921719789505,653.0677715665101,nan,652.7263793945312,nan,nan
40,67,107,-0.24768634490668773,886.1156062667817,nan,885.867919921875,nan,nan
40,68,108,0.14218590868636966,890.7033951460012,nan,890.8455810546875,nan,nan
40,69,109,-0.05727256977930665,893.6550508900918,nan,893.5977783203125,nan,nan
40,70,110,0.3247343818470836,897.6785615165904,nan,898.0032958984375,nan,nan
40,71,111,0.02151870319037698,900.1404686014971,nan,900.1619873046875,nan,nan
40,72,112,0.23063610997051,903.7176671126857,nan,903.9483032226562,nan,nan
41,38,79,-0.6315843759477139,636.8607713876664,nan,636.2291870117188,nan,nan
41,39,80,-0.8863584244251251,651.8840390884876,nan,650.9976806640625,nan,nan
41,40,81,-0.27568480260670186,667.8087658572942,nan,667.5330810546875,nan,nan
41,41,82,-0.5897915384173393,681.4575893899798,nan,680.8677978515625,nan,nan
41,70,111,-0.0752000579982996,912.3728074798732,nan,912.297607421875,nan,nan
41,71,112,-0.12068270276300609,915.3365640504193,nan,915.2158813476562,nan,nan
41,72,113,0.03863723846152425,919.2288798513822,nan,919.2675170898438,nan,nan
41,73,114,-0.09433456394122913,921.9560288998787,nan,921.8616943359375,nan,nan
41,74,115,-0.2624348891712725,925.9517049087025,nan,925.6892700195312,nan,nan
42,38,80,-0.5006914588063955,636.8122148963064,nan,636.3115234375,nan,nan
42,39,81,-0.5431382670998574,651.7414414897561,nan,651.1983032226562,nan,nan
42,40,82,-0.24740091478452086,669.008997594472,nan,668.7615966796875,nan,nan
42,41,83,-0.17679964068345724,682.867107257871,nan,682.6903076171875,nan,nan
42,42,84,-0.05183987032622099,699.2391567648575,nan,699.1873168945312,nan,nan
42,71,113,0.22697741478681566,931.5306519797444,nan,931.7576293945312,nan,nan
42,72,114,0.06244938510935753,936.4905291305156,nan,936.552978515625,nan,nan
42,73,115,-0.13755012263078242,939.3925550054432,nan,939.2550048828125,nan,nan
42,74,116,-0.37528776300139727,944.1472604192514,nan,943.77197265625,nan,nan
42,75,117,-0.5150661040097475,946.9974879790097,nan,946.482421875,nan,nan
43,40,83,-0.3589851765334606,666.859595528096,nan,666.5006103515625,nan,nan
43,41,84,-0.47886094465851786,681.6565342845023,nan,681.1776733398438,nan,nan
43,42,85,-0.023289165258174763,698.0546612355706,nan,698.0313720703125,nan,nan
43,43,86,-0.11375469816208351,711.7352756942558,nan,711.6215209960938,nan,nan
43,73,116,-0.20514993174001575,953.7856553028338,nan,953.5805053710938,nan,nan
43,74,117,-0.4913160736113787,958.7637159759552,nan,958.2723999023438,nan,nan
43,75,118,-0.5609161700308323,962.2261383379996,nan,961.6652221679688,nan,nan
43,76,119,-0.6657688482105732,966.9297458989918,nan,966.2639770507812,nan,nan
43,77,120,-0.5836838348209858,969.9342697723209,nan,969.3505859375,nan,nan
43,78,121,-0.515400812625885,974.0243729805946,nan,973.5089721679688,nan,nan
44,41,85,-0.15975920110475272,681.763580001886,nan,681.6038208007812,nan,nan
44,42,86,-0.014678861824795603,699.2032774946373,nan,699.1885986328125,nan,nan
44,43,87,0.15971614522859454,713.2477545578964,nan,713.407470703125,nan,nan
44,44,88,0.14796972618438303,729.9461464847532,nan,730.0941162109375,nan,nan
44,74,118,-0.6774437415599823,975.1248314368725,nan,974.4473876953125,nan,nan
44,75,119,-0.6854068684577942,978.6768009114265,nan,977.9913940429688,nan,nan
44,76,120,-0.7376694655418397,984.036558625698,nan,983.2988891601562,nan,nan
44,77,121,-0.6189064154028893,987.1366066107154,nan,986.5177001953125,nan,nan
44,78,122,-0.532926029637456,991.8917517132312,nan,991.3588256835938,nan,nan
44,79,123,-0.35340161018073557,994.6831745593995,nan,994.3297729492188,nan,nan
45,42,87,0.030622299301903695,696.8376027983544,nan,696.8682250976562,nan,nan
45,43,88,0.03346982807153836,711.9755023398972,nan,712.0089721679688,nan,nan
45,44,89,0.2984748762845993,728.8314079362154,nan,729.1298828125,nan,nan
45,45,90,0.2786369943246245,742.8460578298941,nan,743.1246948242188,nan,nan
45,46,91,0.4383333794772625,757.876669061929,nan,758.3150024414062,nan,nan
45,75,120,-0.443802492916584,992.1118322780728,nan,991.6680297851562,nan,nan
45,77,122,-0.461818730533123,1001.4212303516268,nan,1000.9594116210938,nan,nan
45,78,123,-0.4125678005069494,1006.606659597382,nan,1006.194091796875,nan,nan
45,79,124,-0.17735256534069777,1010.2334438739344,nan,1010.0560913085938,nan,nan
45,80,125,0.008696350397076457,1015.0422069699155,nan,1015.0509033203125,nan,nan
46,43,89,0.25198860965669156,712.3127086559683,nan,712.564697265625,nan,nan
46,44,90,0.3258442237973213,730.1387553855777,nan,730.464599609375,nan,nan
46,45,91,0.43618941932916644,744.4638349947334,nan,744.9000244140625,nan,nan
46,78,124,-0.24649486608803273,1023.2629133231193,nan,1023.0164184570312,nan,nan
46,79,125,-0.03562902854755521,1027.0182950441726,nan,1026.982666015625,nan,nan
46,80,126,0.16568636563024483,1032.4748165640572,nan,1032.6405029296875,nan,nan
46,81,127,0.5934651613980532,1035.7435709714146,nan,1036.3370361328125,nan,nan
46,82,128,0.7395459678769112,1040.5220507118106,nan,1041.2615966796875,nan,nan
46,83,129,0.6690671353042126,1042.0677492709458,nan,1042.73681640625,nan,nan
46,84,130,0.5611545789241791,1045.0073268663882,nan,1045.5684814453125,nan,nan
46,85,131,0.48283835396170616,1046.066844263226,nan,1046.5496826171875,nan,nan
46,86,132,0.4442223823815584,1048.6069250785558,nan,1049.0511474609375,nan,nan
47,44,91,0.3900856128334999,727.8467307934166,nan,728.23681640625,nan,nan
47,45,92,0.37022267617285254,743.0407880660147,nan,743.4110107421875,nan,nan
47,46,93,0.5427068381011486,760.1371027322114,nan,760.6798095703125,nan,nan
47,47,94,0.46756895840168,774.3013519400358,nan,774.7689208984375,nan,nan
47,79,126,0.20877286486327648,1040.9561441273243,nan,1041.1649169921875,nan,nan
47,80,127,0.39820386573672295,1046.6216935952007,nan,1047.0198974609375,nan,nan
47,81,128,0.7212199851870537,1050.649141342938,nan,1051.370361328125,nan,nan
47,82,129,0.719382503926754,1055.7128684726358,nan,1056.4322509765625,nan,nan
47,83,130,0.6287401254475117,1057.8334180776774,nan,1058.462158203125,nan,nan
47,84,131,0.5355753643810749,1060.7946248309315,nan,1061.3302001953125,nan,nan
47,85,132,0.46429484531283377,1062.394836014062,nan,1062.859130859375,nan,nan
47,86,133,0.405446354970336,1065.0495096997172,nan,1065.4549560546875,nan,nan
48,44,92,0.4561891440302134,727.8699216958136,nan,728.3261108398438,nan,nan
48,45,93,0.4137474229931831,743.4211524793506,nan,743.8348999023438,nan,nan
48,46,94,0.479989418014884,761.3405061874539,nan,761.8204956054688,nan,nan
48,47,95,0.43114927388727664,775.9427520933002,nan,776.3739013671875,nan,nan
48,48,96,0.3785005370527506,792.8882230957597,nan,793.2667236328125,nan,nan
48,85,133,0.4364681150019169,1079.9584293459357,nan,1080.3948974609375,nan,nan
48,86,134,0.3746508736908436,1083.1933422903717,nan,1083.5679931640625,nan,nan
48,87,135,0.30337041087448596,1084.517308300063,nan,1084.8206787109375,nan,nan
49,46,95,0.23317424627952277,759.2454024138767,nan,759.4785766601562,nan,nan
49,47,96,0.04935169026255608,774.7029676456749,nan,774.7523193359375,nan,nan
49,48,97,-0.08542465839534998,792.1738035646454,nan,792.08837890625,nan,nan
49,49,98,-0.3897092003375292,806.7291257042438,nan,806.3394165039062,nan,nan
49,84,133,0.36691321700811386,1092.914336782992,nan,1093.28125,nan,nan
49,85,134,0.33621802389621736,1095.0251101011038,nan,1095.361328125,nan,nan
49,86,135,0.3174985840171576,1098.2553773925454,nan,1098.5728759765625,nan,nan
49,87,136,0.2568816114403307,1100.1350861619972,nan,1100.3919677734375,nan,nan
49,88,137,0.21891441547311843,1103.0833316782769,nan,1103.30224609375,nan,nan
50,47,97,-0.18860336125828325,774.9290818768833,nan,774.740478515625,nan,nan
50,48,98,-0.3606698895152658,793.1592538738903,nan,792.798583984375,nan,nan
50,49,99,-0.6901398101449012,808.2620392242075,nan,807.5718994140625,nan,nan
50,53,103,0.22946471706032753,859.220059208721,nan,859.4495239257812,nan,nan
50,86,136,0.3578157740831375,1114.6376676243544,nan,1114.9954833984375,nan,nan
50,87,137,0.2843780902400613,1116.5753631206974,nan,1116.8597412109375,nan,nan
50,88,138,0.24425328362733126,1120.1264742554351,nan,1120.3707275390625,nan,nan
50,89,139,0.10545724627329037,1121.9345818162267,nan,1122.0400390625,nan,nan
50,90,140,-0.109404318255838,1125.3824756073184,nan,1125.2730712890625,nan,nan
51,48,99,-0.6672072118520737,789.4010939306021,nan,788.73388671875,nan,nan
51,49,100,-0.8530724787712097,804.991683318615,nan,804.1386108398438,nan,nan
51,50,101,-1.0533604735136033,822.3214879149199,nan,821.2681274414062,nan,nan
51,51,102,-0.859604714512825,834.7634133082628,nan,833.90380859375,nan,nan
51,52,103,-0.24280012041330337,847.9262107649446,nan,847.6834106445312,nan,nan
51,53,104,-0.14911708315834404,858.8198934503458,nan,858.6707763671875,nan,nan
51,87,138,0.28594516433775424,1128.4470870622247,nan,1128.7330322265625,nan,nan
51,88,139,0.21619363836944103,1132.0569997210055,nan,1132.273193359375,nan,nan
51,89,140,0.006286942765582353,1134.4320675494218,nan,1134.4383544921875,nan,nan
51,90,141,-0.22733084426261485,1137.9734245942627,nan,1137.74609375,nan,nan
51,91,142,-0.3984134739637375,1139.7356937474012,nan,1139.3372802734375,nan,nan
52,48,100,-0.7207604712992907,787.3529626197368,nan,786.6322021484375,nan,nan
52,49,101,-0.8717128521203995,803.1164027935266,nan,802.2446899414062,nan,nan
52,50,102,-0.9834807389974594,820.9872038835288,nan,820.0037231445312,nan,nan
52,51,103,-0.8416167020797729,833.9022246122361,nan,833.0606079101562,nan,nan
52,55,107,0.19550923258066177,883.7673813924193,nan,883.962890625,nan,nan
52,89,141,-0.14826769344508647,1148.0978526543827,nan,1147.9495849609375,nan,nan
52,90,142,-0.4286982148885727,1152.228380832076,nan,1151.7996826171875,nan,nan
52,91,143,-0.6022124293446541,1154.2295317652822,nan,1153.6273193359375,nan,nan
52,92,144,-0.779278716146946,1157.8450746145845,nan,1157.0657958984375,nan,nan
52,93,145,-0.7364980730414391,1159.3768789324165,nan,1158.640380859375,nan,nan
52,94,146,-0.7448984971642494,1162.6291758409143,nan,1161.88427734375,nan,nan
53,50,103,-0.9506214711070061,816.3918446156382,nan,815.4412231445312,nan,nan
53,51,104,-0.8129415100812912,829.92835899055,nan,829.1154174804688,nan,nan
53,52,105,-0.5204946832358837,845.0926992730797,nan,844.5722045898438,nan,nan
53,53,106,-0.47230835050344466,857.5581848153472,nan,857.0858764648438,nan,nan
53,54,107,-0.2839405699819326,871.5175221129507,nan,871.2335815429688,nan,nan
53,55,108,-0.11551464254036546,882.7889155214466,nan,882.6734008789062,nan,nan
53,90,143,-0.5538793829083443,1163.6532446172832,nan,1163.099365234375,nan,nan
53,91,144,-0.652575228214264,1166.1971308922768,nan,1165.5445556640625,nan,nan
53,92,145,-0.7444462576508522,1169.912903288901,nan,1169.16845703125,nan,nan
53,93,146,-0.6099538740515709,1172.271208756864,nan,1171.6612548828125,nan,nan
53,94,147,-0.6090598146617413,1175.9025168459118,nan,1175.29345703125,nan,nan
53,95,148,-0.43816126715391873,1178.0743917359039,nan,1177.63623046875,nan,nan
54,50,104,-0.8160518018901348,813.9195674268901,nan,813.103515625,nan,nan
54,51,105,-0.782465403676033,827.7673897200823,nan,826.9849243164062,nan,nan
54,52,106,-0.6423778116703034,843.761457401514,nan,843.1190795898438,nan,nan
54,53,107,-0.6552904278039933,856.741716209054,nan,856.08642578125,nan,nan
54,57,111,0.0043240957932721355,908.4929903573317,nan,908.497314453125,nan,nan
54,93,147,-0.5173149843513966,1186.6475640077888,nan,1186.1302490234375,nan,nan
54,94,148,-0.4977206063270569,1190.8755282235145,nan,1190.3778076171875,nan,nan
54,95,149,-0.3576094540953636,1193.1419112119079,nan,1192.7843017578125,nan,nan
54,96,150,-0.33112212888896464,1197.0442568945139,nan,1196.713134765625,nan,nan
55,52,107,-0.7761161798238754,839.1022270196677,nan,838.3261108398438,nan,nan
55,53,108,-0.7456415136158466,852.7406366308034,nan,851.9949951171875,nan,nan
55,54,109,-0.6649635609984398,868.4363869008422,nan,867.7714233398438,nan,nan
55,55,110,-0.4818437984585762,881.3520220211149,nan,880.8701782226562,nan,nan
55,56,111,-0.30424181126058103,895.9099547018856,nan,895.605712890625,nan,nan
55,57,112,-0.18516278333961964,907.4291813380271,nan,907.2440185546875,nan,nan
55,60,115,-0.19670552782714368,944.7068983989209,nan,944.5101928710938,nan,nan
55,61,116,-0.15573596477508544,955.2668199491501,nan,955.111083984375,nan,nan
55,94,149,-0.1375129388552159,1202.8558967279178,nan,1202.7183837890625,nan,nan
55,95,150,-0.08810147523880005,1205.8096590924263,nan,1205.7215576171875,nan,nan
55,96,151,-0.11141983871348202,1209.871307534026,nan,1209.7598876953125,nan,nan
55,97,152,-0.09480062997899949,1212.5197273877916,nan,1212.4249267578125,nan,nan
56,52,108,-0.8025790253281593,836.4779940643907,nan,835.6754150390625,nan,nan
56,53,109,-0.7739269901812077,850.5339367558062,nan,849.760009765625,nan,nan
56,54,110,-0.7058086438477039,867.033018116504,nan,866.3272094726562,nan,nan
56,55,111,-0.5409991021454335,880.4531695123017,nan,879.9121704101562,nan,nan
56,56,112,-0.40067554540932176,896.1356608969718,nan,895.7349853515625,nan,nan
56,57,113,-0.32408350631594657,908.1110097758472,nan,907.7869262695312,nan,nan
56,59,115,-0.35415244206786156,933.3500630865991,nan,932.9959106445312,nan,nan
56,60,116,-0.3995001628994942,947.037073405087,nan,946.6375732421875,nan,nan
56,62,118,-0.3867934291064739,970.9958022181689,nan,970.6090087890625,nan,nan
56,95,151,0.1633933314681053,1219.7765480747819,nan,1219.93994140625,nan,nan
56,96,152,0.10043528900947422,1224.443632093803,nan,1224.5440673828125,nan,nan
56,97,153,0.053045044955797496,1227.2603094472317,nan,1227.3133544921875,nan,nan
56,98,154,0.02972334263380617,1231.6161506808037,nan,1231.6458740234375,nan,nan
56,99,155,-0.028311977637931706,1234.184806118263,nan,1234.156494140625,nan,nan
57,56,113,-0.4471503347158432,892.3036566823721,nan,891.8565063476562,nan,nan
57,57,114,-0.4249939765036106,905.3992981757224,nan,904.9743041992188,nan,nan
57,58,115,-0.4452636928856373,919.9935425014794,nan,919.5482788085938,nan,nan
57,59,116,-0.4821679440140724,932.0757958737016,nan,931.5936279296875,nan,nan
57,60,117,-0.521627317816019,946.2102259506286,nan,945.6885986328125,nan,nan
57,61,118,-0.5192442809045315,957.7105284605921,nan,957.1912841796875,nan,nan
57,62,119,-0.5001683977246284,971.0259862688184,nan,970.5258178710938,nan,nan
57,63,120,-0.4262082725763321,981.6235349327326,nan,981.1973266601562,nan,nan
57,64,121,-0.4135441526770592,994.2540592893959,nan,993.8405151367188,nan,nan
57,65,122,-0.3035517707467079,1004.583153821528,nan,1004.2796020507812,nan,nan
57,66,123,-0.29363975912332535,1016.8183589974046,nan,1016.5247192382812,nan,nan
57,96,153,0.2570395291596651,1235.970377463028,nan,1236.2274169921875,nan,nan
57,97,154,0.10145217196084559,1239.5018193124142,nan,1239.603271484375,nan,nan
57,98,155,0.06468161468859762,1243.9776767837488,nan,1244.0423583984375,nan,nan
57,99,156,-0.06815300983958877,1247.1514049629645,nan,1247.083251953125,nan,nan
57,100,157,-0.06149692418053746,1251.1921121585556,nan,1251.130615234375,nan,nan
58,56,114,-0.5044283574819565,890.4103121465445,nan,889.9058837890625,nan,nan
58,57,115,-0.4970241931080818,904.0205227282644,nan,903.5234985351562,nan,nan
58,58,116,-0.5331289744377137,920.2348501658439,nan,919.7017211914062,nan,nan
58,59,117,-0.5631927742063999,932.4529632820189,nan,931.8897705078125,nan,nan
58,60,118,-0.5871181626617908,947.2751064439118,nan,946.68798828125,nan,nan
58,61,119,-0.5950169172883034,959.1819309797883,nan,958.5869140625,nan,nan
58,62,120,-0.5676324868202209,973.1499078774452,nan,972.582275390625,nan,nan
58,63,121,-0.5375646974146366,984.0129675294459,nan,983.4754028320312,nan,nan
58,64,122,-0.5013816390931606,997.273293260187,nan,996.7719116210938,nan,nan
58,65,123,-0.4482047055661678,1007.7751090024411,nan,1007.326904296875,nan,nan
58,66,124,-0.41728040218353274,1020.4987013006211,nan,1020.0814208984375,nan,nan
58,67,125,-0.31673013150691987,1030.3371158736945,nan,1030.0203857421875,nan,nan
58,96,154,0.4507160687446594,1249.4657878375053,nan,1249.91650390625,nan,nan
58,98,156,0.2570430790632963,1258.0229862178116,nan,1258.280029296875,nan,nan
58,99,157,0.02785351831582375,1261.3077177707466,nan,1261.3355712890625,nan,nan
58,100,158,0.0701906401757151,1265.8345945160743,nan,1265.90478515625,nan,nan
58,101,159,-0.10348084692610428,1268.694545300051,nan,1268.591064453125,nan,nan
58,102,160,-0.04243851244915277,1272.881793981199,nan,1272.83935546875,nan,nan
59,65,124,-0.4919585518538952,1008.1617583565414,nan,1007.6697998046875,nan,nan
59,66,125,-0.45251919090747833,1021.0159347182512,nan,1020.5634155273438,nan,nan
59,67,126,-0.37898113273084166,1031.3848405077308,nan,1031.005859375,nan,nan
59,68,127,-0.27820469304919243,1043.5079410211742,nan,1043.229736328125,nan,nan
59,99,158,-0.10183112412225455,1273.2497803428723,nan,1273.14794921875,nan,nan
59,100,159,-0.047171809966675936,1277.827079036529,nan,1277.7799072265625,nan,nan
59,101,160,-0.20574224557727575,1281.2430957612023,nan,1281.037353515625,nan,nan
59,102,161,-0.1415390880033374,1285.5203232676909,nan,1285.3787841796875,nan,nan
60,66,126,-0.461209606975317,1023.6040318726003,nan,1023.142822265625,nan,nan
60,67,127,-0.3996042622625828,1034.079902113825,nan,1033.6802978515625,nan,nan
60,68,128,-0.34735402919352054,1046.7731352791934,nan,1046.42578125,nan,nan
60,69,129,-0.20177427057176828,1056.6309734893218,nan,1056.42919921875,nan,nan
60,101,161,-0.13940039560198783,1294.802242192477,nan,1294.662841796875,nan,nan
60,102,162,0.040386164342053235,1299.524555241908,nan,1299.56494140625,nan,nan
60,103,163,-0.18638357251882554,1302.6413396272064,nan,1302.4549560546875,nan,nan
60,104,164,-0.08377553456230089,1306.850743308,nan,1306.7669677734375,nan,nan
61,67,128,-0.4243602081388235,1033.8118113800138,nan,1033.387451171875,nan,nan
61,68,129,-0.3103787191957235,1046.6073757895083,nan,1046.2969970703125,nan,nan
61,69,130,-0.22543892739340662,1057.0708979117685,nan,1056.845458984375,nan,nan
61,70,131,-0.13959100705571473,1069.3330724523682,nan,1069.1934814453125,nan,nan
61,71,132,-0.0639164656912908,1079.2842533797539,nan,1079.2203369140625,nan,nan
61,101,162,-0.35353087753057477,1305.914443963468,nan,1305.5609130859375,nan,nan
61,102,163,-0.19935629058629276,1310.7597810952739,nan,1310.5604248046875,nan,nan
61,103,164,-0.3082641997933388,1314.3046020904183,nan,1313.996337890625,nan,nan
61,104,165,-0.2155498443543911,1318.6178935943544,nan,1318.40234375,nan,nan
62,68,130,-0.3264209522679448,1048.5387012257054,nan,1048.2122802734375,nan,nan
62,69,131,-0.22228525653481485,1059.1246290065349,nan,1058.90234375,nan,nan
62,70,132,-0.21079340133816005,1072.0085228935257,nan,1071.7977294921875,nan,nan
62,71,133,-0.12919071250595152,1082.0372717671935,nan,1081.9080810546875,nan,nan
62,72,134,-0.24441002875566484,1094.4291024115682,nan,1094.1846923828125,nan,nan
62,103,165,-0.2202614028006792,1326.8828590590506,nan,1326.66259765625,nan,nan
62,104,166,0.0015087529644370078,1331.6515674189106,nan,1331.653076171875,nan,nan
62,105,167,-0.25692995890975,1334.7894006620347,nan,1334.532470703125,nan,nan
62,106,168,-0.13336117804981767,1339.0504754358624,nan,1338.9171142578125,nan,nan
63,70,133,-0.14020108689554037,1071.5088534306456,nan,1071.36865234375,nan,nan
63,71,134,-0.07184944622218609,1082.0662342118471,nan,1081.994384765625,nan,nan
63,72,135,-0.1065604240912944,1094.5117117912787,nan,1094.4051513671875,nan,nan
63,73,136,-0.04411528670578264,1104.5405752476433,nan,1104.4964599609375,nan,nan
63,103,166,-0.3508144571632147,1337.2994228556008,nan,1336.9486083984375,nan,nan
63,104,167,-0.20687257327139377,1342.2658325342088,nan,1342.0589599609375,nan,nan
63,105,168,-0.3410215849429369,1345.8656797880678,nan,1345.524658203125,nan,nan
63,106,169,-0.27299782060086725,1350.329150164351,nan,1350.05615234375,nan,nan
64,71,135,-0.07043116504326463,1083.8565639775434,nan,1083.7861328125,nan,nan
64,72,136,-0.14622704275883736,1096.875963370884,nan,1096.729736328125,nan,nan
64,73,137,-0.02232656389242038,1106.93187246233,nan,1106.9095458984375,nan,nan
64,74,138,-0.1890369538217783,1119.5532947663219,nan,1119.3642578125,nan,nan
64,75,139,0.026907570238690823,1129.3185514141362,nan,1129.345458984375,nan,nan
64,105,169,-0.1602259325236082,1357.9441614793986,nan,1357.783935546875,nan,nan
64,106,170,0.02891151648829691,1362.9083443428867,nan,1362.937255859375,nan,nan
65,72,137,0.022702342119300736,1095.9456814469431,nan,1095.9683837890625,nan,nan
65,73,138,0.14122318669222295,1106.5415160711202,nan,1106.6827392578125,nan,nan
65,74,139,0.1116145347803831,1119.2085758949072,nan,1119.3201904296875,nan,nan
65,104,169,-0.06124673171900213,1363.5691813020314,nan,1363.5079345703125,nan,nan
65,105,170,-0.22741133756935597,1367.9179630953818,nan,1367.6905517578125,nan,nan
65,106,171,-0.15964884165674448,1373.1297416150942,nan,1372.9700927734375,nan,nan
66,73,139,0.08330302633112296,1108.0357155283564,nan,1108.1190185546875,nan,nan
66,74,140,-0.0355466063064523,1121.3551266844315,nan,1121.319580078125,nan,nan
66,75,141,0.18854865089058875,1131.7593273256718,nan,1131.9478759765625,nan,nan
66,76,142,-0.08194221293088048,1144.813875806681,nan,1144.73193359375,nan,nan
66,104,170,0.2954174117743969,1374.182732002288,nan,1374.4781494140625,nan,nan
66,105,171,0.0243238211327116,1378.7234789132424,nan,1378.747802734375,nan,nan
66,106,172,0.2716240602731705,1384.351911095977,nan,1384.62353515625,nan,nan
67,73,140,0.2107014399021864,1106.5303874272854,nan,1106.7410888671875,nan,nan
67,74,141,0.13661757834255694,1119.9739781247824,nan,1120.110595703125,nan,nan
67,75,142,0.3275408973544836,1130.9415020713955,nan,1131.26904296875,nan,nan
67,76,143,0.2474782720208168,1143.9546701654792,nan,1144.2021484375,nan,nan
67,105,172,-0.10404655653983355,1387.3574645252897,nan,1387.25341796875,nan,nan
67,106,173,0.06695835974067449,1393.1889010152593,nan,1393.255859375,nan,nan
67,107,174,-0.14012605183757842,1397.894886794025,nan,1397.7547607421875,nan,nan
67,108,175,0.046233315076678994,1403.2950752786733,nan,1403.34130859375,nan,nan
67,109,176,-0.22981244569644332,1407.663772406634,nan,1407.4339599609375,nan,nan
68,75,143,0.10895535426214337,1132.1082077316753,nan,1132.2171630859375,nan,nan
68,76,144,-0.07968031524680555,1145.7611988699343,nan,1145.6815185546875,nan,nan
68,77,145,0.2728768686950207,1156.09943758443,nan,1156.372314453125,nan,nan
68,105,173,0.12513700112700463,1396.793808311373,nan,1396.9189453125,nan,nan
68,106,174,0.4220424658060074,1403.103836440444,nan,1403.52587890625,nan,nan
68,107,175,0.07251977649342735,1408.0273337391316,nan,1408.099853515625,nan,nan
68,108,176,0.3368139877170324,1413.912697731033,nan,1414.24951171875,nan,nan
68,109,177,-0.02700799600686878,1418.439605652257,nan,1418.41259765625,nan,nan
68,110,178,0.33506730787456035,1423.7940830827504,nan,1424.129150390625,nan,nan
69,75,144,0.27256739052012563,1130.3316806563548,nan,1130.604248046875,nan,nan
69,76,145,0.1908184245042503,1144.0406268879958,nan,1144.2314453125,nan,nan
69,77,146,0.5048302605748176,1154.9041052863001,nan,1155.408935546875,nan,nan
69,80,149,0.6514924557507038,1192.5185514895618,nan,1193.1700439453125,nan,nan
69,81,150,0.09103887999430299,1203.4673107293806,nan,1203.558349609375,nan,nan
69,108,177,0.1169207389652729,1422.1576153938472,nan,1422.2745361328125,nan,nan
69,109,178,-0.14459430942311882,1427.1437398172357,nan,1426.9991455078125,nan,nan
69,110,179,0.034975052282679824,1432.7710552211547,nan,1432.8060302734375,nan,nan
69,111,180,-0.1737777508608997,1437.3596908367983,nan,1437.1859130859375,nan,nan
69,112,181,0.21659160619601608,1442.4480812453664,nan,1442.6646728515625,nan,nan
69,113,182,0.06416906434227712,1446.6805819122203,nan,1446.7447509765625,nan,nan
69,114,183,0.31610560208559035,1451.620295765102,nan,1451.9364013671875,nan,nan
70,76,146,-0.062419524595607075,1144.8480640558455,nan,1144.78564453125,nan,nan
70,77,147,0.27315588168799876,1155.807410524562,nan,1156.08056640625,nan,nan
70,78,148,0.16915801597991958,1169.92508026527,nan,1170.09423828125,nan,nan
70,79,149,0.6720889738202095,1180.8939510652424,nan,1181.5660400390625,nan,nan
70,80,150,0.42590172588825226,1194.5705582350492,nan,1194.9964599609375,nan,nan
70,83,153,0.18366049237549306,1227.1227359919994,nan,1227.306396484375,nan,nan
70,109,179,0.10993567334953695,1436.6044197954004,nan,1436.71435546875,nan,nan
70,110,180,0.40140981510281565,1442.6663392083346,nan,1443.0677490234375,nan,nan
70,111,181,0.07521962113678456,1447.4543213944883,nan,1447.529541015625,nan,nan
70,112,182,0.46914889544248584,1453.1089761045575,nan,1453.578125,nan,nan
70,113,183,0.22262248624116182,1457.4686616934464,nan,1457.6912841796875,nan,nan
70,114,184,0.5499476872384548,1462.851297429949,nan,1463.4012451171875,nan,nan
70,115,185,0.39465878061950205,1466.966303133443,nan,1467.3609619140625,nan,nan
70,116,186,0.6379514247179031,1472.1434206455947,nan,1472.7813720703125,nan,nan
71,76,147,0.20047579099424184,1141.9941042871308,nan,1142.194580078125,nan,nan
71,77,148,0.46628005377948284,1153.640531469658,nan,1154.1068115234375,nan,nan
71,78,149,0.3765609247237444,1167.9057877080888,nan,1168.2823486328125,nan,nan
71,79,150,0.7224908711016178,1179.5183538554609,nan,1180.2408447265625,nan,nan
71,80,151,0.38894036431796847,1193.414282291932,nan,1193.80322265625,nan,nan
71,81,152,-0.11391309323953465,1204.8893037182395,nan,1204.775390625,nan,nan
71,83,154,0.22588296461850405,1227.1017537541316,nan,1227.32763671875,nan,nan
71,111,182,-0.1563607375882566,1455.3687630813383,nan,1455.21240234375,nan,nan
71,113,184,0.06790122100617736,1465.9662784664938,nan,1466.0341796875,nan,nan
71,114,185,0.35908360317349436,1471.4995589749515,nan,1471.858642578125,nan,nan
71,115,186,0.35296094343066214,1476.0228935487569,nan,1476.3758544921875,nan,nan
71,116,187,0.6143898338079452,1481.2897849708795,nan,1481.9041748046875,nan,nan
72,79,151,0.5028161905333399,1180.017813692279,nan,1180.5206298828125,nan,nan
72,80,152,0.17183132053352893,1194.418378640404,nan,1194.5902099609375,nan,nan
72,81,153,-0.2799026115983725,1206.0025588615983,nan,1205.72265625,nan,nan
72,82,154,-0.28402026131749153,1219.546593503505,nan,1219.2625732421875,nan,nan
72,83,155,0.03772195457946509,1228.958982146983,nan,1228.9967041015625,nan,nan
72,85,157,0.06856642110680695,1249.5603398288931,nan,1249.62890625,nan,nan
72,115,187,0.5033539240062237,1486.0413238103688,nan,1486.544677734375,nan,nan
72,116,188,0.7579524609446525,1491.8951237109304,nan,1492.653076171875,nan,nan
72,117,189,0.6737028151750565,1496.0290559738874,nan,1496.7027587890625,nan,nan
72,118,190,0.6399204427003861,1501.7702358072995,nan,1502.41015625,nan,nan
72,119,191,0.5209440213441848,1506.3486848849059,nan,1506.86962890625,nan,nan
73,80,153,0.12879413976799697,1192.302114063357,nan,1192.430908203125,nan,nan
73,81,154,-0.2816509853862226,1204.5835308681987,nan,1204.3018798828125,nan,nan
73,82,155,-0.227234160117805,1218.1854861132429,nan,1217.958251953125,nan,nan
73,83,156,0.05074920370709151,1228.1080642728555,nan,1228.1588134765625,nan,nan
73,85,158,0.08960829092189669,1249.2994297950156,nan,1249.3890380859375,nan,nan
73,115,188,0.4263529585301876,1494.1350484086572,nan,1494.5614013671875,nan,nan
73,116,189,0.6994906848669052,1500.1385220104455,nan,1500.8380126953125,nan,nan
73,117,190,0.6450804841518402,1504.8335572111607,nan,1505.4786376953125,nan,nan
73,118,191,0.5921859638392926,1510.5634536845982,nan,1511.1556396484375,nan,nan
73,119,192,0.45215850964188575,1515.5309957872332,nan,1515.983154296875,nan,nan
73,120,193,0.3346689531207085,1521.5452138593794,nan,1521.8798828125,nan,nan
74,82,156,-0.26107059195637705,1218.957725865394,nan,1218.6966552734375,nan,nan
74,83,157,-0.08993173640919849,1229.0529444317217,nan,1228.9630126953125,nan,nan
74,84,158,-0.14329079596325756,1241.2414353272134,nan,1241.09814453125,nan,nan
74,85,159,-0.04194812306202948,1250.7920701933745,nan,1250.7501220703125,nan,nan
74,87,161,0.032018152319360525,1271.9266000117432,nan,1271.9586181640625,nan,nan
74,115,189,0.5376336307823658,1503.35164859578,nan,1503.8892822265625,nan,nan
74,118,192,0.5491699229180813,1521.1701904286444,nan,1521.7193603515625,nan,nan
74,119,193,0.36159269616007805,1525.9263711710273,nan,1526.2879638671875,nan,nan
74,120,194,0.2583574179559946,1532.4570966836066,nan,1532.7154541015625,nan,nan
74,121,195,0.1087508558947593,1536.8192276597301,nan,1536.927978515625,nan,nan
74,122,196,0.05214538273517974,1542.7230011016397,nan,1542.775146484375,nan,nan
75,82,157,-0.1357144898781553,1216.7271451539407,nan,1216.5914306640625,nan,nan
75,83,158,-0.07861280790530145,1227.3952631985303,nan,1227.316650390625,nan,nan
75,84,159,-0.10992684249999002,1239.641909264375,nan,1239.531982421875,nan,nan
75,85,160,-0.043547626656945795,1249.6759939157193,nan,1249.6324462890625,nan,nan
75,87,162,0.07626561251003296,1271.2812783328025,nan,1271.3575439453125,nan,nan
75,119,194,0.2171331726759672,1534.2400201476366,nan,1534.4571533203125,nan,nan
75,120,195,0.12083790971897543,1540.829601543406,nan,1540.950439453125,nan,nan
75,121,196,0.011965775308199226,1545.6718721153168,nan,1545.683837890625,nan,nan
75,122,197,-0.013999316149856895,1551.6215432614624,nan,1551.6075439453125,nan,nan
75,123,198,-0.09391600419301539,1556.4717236213805,nan,1556.3778076171875,nan,nan
75,124,199,-0.11070312396623194,1562.3067480458412,nan,1562.196044921875,nan,nan
76,84,160,-0.26926206730306146,1240.2261712469906,nan,1239.9569091796875,nan,nan
76,85,161,-0.21362282384186984,1250.3297116910294,nan,1250.1160888671875,nan,nan
76,86,162,-0.3134401521831751,1262.7185915193706,nan,1262.4051513671875,nan,nan
76,87,163,-0.10971033082343638,1272.4058529089484,nan,1272.296142578125,nan,nan
76,89,165,0.07816251502372325,1293.9941031099763,nan,1294.072265625,nan,nan
76,121,197,-0.019661627399036662,1555.6945883852115,nan,1555.6749267578125,nan,nan
76,122,198,-0.003166686629410833,1562.1512379756919,nan,1562.1480712890625,nan,nan
76,123,199,-0.08307379310950637,1567.061223207172,nan,1566.9781494140625,nan,nan
76,124,200,-0.07214816239662468,1573.4041794123966,nan,1573.33203125,nan,nan
76,125,201,-0.22336339425295593,1577.9761710114406,nan,1577.7528076171875,nan,nan
76,126,202,-0.298109062500298,1583.8343639453128,nan,1583.5362548828125,nan,nan
77,84,161,-0.2681702781096101,1237.7220276999847,nan,1237.453857421875,nan,nan
77,85,162,-0.1951289001479745,1248.218078118898,nan,1248.02294921875,nan,nan
77,86,163,-0.2568638365715742,1260.6238071959465,nan,1260.366943359375,nan,nan
77,87,164,-0.12634632640518248,1270.7711217170302,nan,1270.644775390625,nan,nan
77,88,165,-0.17839394211769105,1282.9719730436802,nan,1282.7935791015625,nan,nan
77,89,166,-0.00220352586125955,1292.8729310649237,nan,1292.8707275390625,nan,nan
77,121,198,-0.11709164634346962,1563.635768404156,nan,1563.5186767578125,nan,nan
77,123,200,-0.19059570875018836,1575.6455517634377,nan,1575.4549560546875,nan,nan
77,124,201,-0.1694535337947309,1582.0349320494197,nan,1581.865478515625,nan,nan
77,125,202,-0.3415975469350815,1587.1171102422477,nan,1586.7755126953125,nan,nan
77,126,203,-0.3104021445661783,1592.8864519492536,nan,1592.5760498046875,nan,nan
78,86,164,-0.38328865833580494,1260.7188599473984,nan,1260.3355712890625,nan,nan
78,87,165,-0.2866546956449747,1270.9120209065825,nan,1270.6253662109375,nan,nan
78,88,166,-0.442764179110527,1283.608657733798,nan,1283.1658935546875,nan,nan
78,89,167,-0.2857615701854229,1293.5482127420605,nan,1293.262451171875,nan,nan
78,91,169,-0.186644827388227,1315.4914543977006,nan,1315.3048095703125,nan,nan
78,125,203,-0.3389877559244633,1597.2464584590496,nan,1596.907470703125,nan,nan
78,126,204,-0.25291672695428136,1603.4310173128918,nan,1603.1781005859375,nan,nan
78,127,205,-0.1791219014301896,1606.608565260805,nan,1606.429443359375,nan,nan
78,128,206,-0.08291970693739131,1611.0444675585,nan,1610.9615478515625,nan,nan
78,129,207,-0.16831655531190337,1614.0124327662495,nan,1613.8441162109375,nan,nan
78,130,208,-0.20177977520041168,1618.447507314263,nan,1618.2457275390625,nan,nan
79,88,167,-0.40235543191432954,1281.1630976194144,nan,1280.7607421875,nan,nan
79,89,168,-0.3304797072708607,1291.5388537307083,nan,1291.2083740234375,nan,nan
79,90,169,-0.4105444821715355,1303.8705054196716,nan,1303.4599609375,nan,nan
79,91,170,-0.2744629292190075,1314.0148193745315,nan,1313.7403564453125,nan,nan
79,125,204,-0.5439717076718807,1605.4176289342345,nan,1604.8736572265625,nan,nan
79,126,205,-0.35297499753534795,1611.5122767553478,nan,1611.1593017578125,nan,nan
79,127,206,-0.21899872560054065,1615.096562202163,nan,1614.8775634765625,nan,nan
79,128,207,-0.13340836797840894,1619.5821388367285,nan,1619.44873046875,nan,nan
79,129,208,-0.20717195872217417,1622.9359317243473,nan,1622.728759765625,nan,nan
79,130,209,-0.23900768753141166,1627.393914914094,nan,1627.1549072265625,nan,nan
79,131,210,-0.3344439935684204,1630.6663531732559,nan,1630.3319091796875,nan,nan
79,132,211,-0.435061154961586,1634.9796168190242,nan,1634.5445556640625,nan,nan
79,133,212,-0.5017604304105043,1637.994314141348,nan,1637.4925537109375,nan,nan
79,134,213,-0.5750206369161606,1642.0209434884787,nan,1641.4459228515625,nan,nan
80,88,168,-0.538798164576292,1281.1042278520763,nan,1280.5654296875,nan,nan
80,89,169,-0.4372486017644405,1291.4719165705144,nan,1291.03466796875,nan,nan
80,90,170,-0.5334687472879887,1304.1466279269755,nan,1303.6131591796875,nan,nan
80,91,171,-0.3572629402577877,1314.2004025886954,nan,1313.8431396484375,nan,nan
80,93,173,-0.23857792057096958,1336.398734170571,nan,1336.16015625,nan,nan
80,129,209,-0.168834953866899,1632.960827141367,nan,1632.7919921875,nan,nan
80,130,210,-0.18151177741587163,1637.8051690039783,nan,1637.6236572265625,nan,nan
80,131,211,-0.25463535599410536,1640.9910855513067,nan,1640.7364501953125,nan,nan
80,132,212,-0.3134128937870264,1645.712826956287,nan,1645.3994140625,nan,nan
80,133,213,-0.3508829301595688,1648.705008906722,nan,1648.3541259765625,nan,nan
80,134,214,-0.4084199745208025,1653.1918672401457,nan,1652.783447265625,nan,nan
80,135,215,-0.3520241967588663,1655.8409157983215,nan,1655.4888916015625,nan,nan
81,90,171,-0.4067432300001383,1301.201909245625,nan,1300.795166015625,nan,nan
81,91,172,-0.2616173280403018,1311.8276573671028,nan,1311.5660400390625,nan,nan
81,92,173,-0.38242114081978795,1324.4400383283198,nan,1324.0576171875,nan,nan
81,93,174,-0.16386899914592504,1334.630910014771,nan,1334.467041015625,nan,nan
81,94,175,-0.3644722992181778,1346.8859566742183,nan,1346.521484375,nan,nan
81,131,212,-0.24859535098075866,1649.2826529681683,nan,1649.0340576171875,nan,nan
81,133,214,-0.3114578691869974,1657.4180252519996,nan,1657.1065673828125,nan,nan
81,134,215,-0.41447367280721664,1661.9828330478072,nan,1661.568359375,nan,nan
81,135,216,-0.34770230904221533,1665.1273653949797,nan,1664.7796630859375,nan,nan
81,136,217,-0.42590482652187345,1669.4545913499594,nan,1669.0286865234375,nan,nan
81,137,218,-0.21254717074334623,1672.075706350431,nan,1671.8631591796875,nan,nan
82,90,172,-0.2261190756969154,1300.0990438803844,nan,1299.8729248046875,nan,nan
82,91,173,-0.1219047679239884,1310.8312553538615,nan,1310.7093505859375,nan,nan
82,92,174,-0.17642988063045778,1323.817176950943,nan,1323.6407470703125,nan,nan
82,93,175,0.014189069436397403,1334.0976273368135,nan,1334.11181640625,nan,nan
82,94,176,-0.09134499527513981,1346.7128049562127,nan,1346.6214599609375,nan,nan
82,95,177,0.12593636511825024,1356.6420079708193,nan,1356.7679443359375,nan,nan
82,134,216,-0.22643857147544622,1671.894285251163,nan,1671.6678466796875,nan,nan
82,135,217,-0.21185478266328572,1675.1243303686008,nan,1674.9124755859375,nan,nan
82,136,218,-0.3434560034424067,1679.99860737063,nan,1679.6551513671875,nan,nan
82,137,219,-0.21626040069386362,1682.7093023928815,nan,1682.4930419921875,nan,nan
82,138,220,-0.2938705343008041,1687.2161117452383,nan,1686.9222412109375,nan,nan
82,139,221,0.042860126327723264,1689.6944445611723,nan,1689.7373046875,nan,nan
82,140,222,-0.044531087321229276,1694.1213133138838,nan,1694.0767822265625,nan,nan
83,93,176,0.05685329173691571,1330.1684885051382,nan,1330.225341796875,nan,nan
83,94,177,-0.045021949941292404,1342.8438500749412,nan,1342.798828125,nan,nan
83,95,178,0.13127364677377046,1353.2199226422888,nan,1353.3511962890625,nan,nan
83,96,179,-0.024377379906363784,1365.6728148799064,nan,1365.6484375,nan,nan
83,97,180,0.22077810570597647,1375.7834943552316,nan,1376.0042724609375,nan,nan
83,98,181,-0.015270654177293182,1387.9655880369899,nan,1387.9503173828125,nan,nan
83,99,182,0.2967492920905352,1397.6449010985345,nan,1397.941650390625,nan,nan
83,100,183,-0.021294353310368025,1409.531426189248,nan,1409.5101318359375,nan,nan
83,101,184,0.3467778200656176,1418.8449946408718,nan,1419.1917724609375,nan,nan
83,102,185,-0.02559368422953412,1430.4652909498545,nan,1430.439697265625,nan,nan
83,136,219,-0.2599077100306749,1686.2982377881556,nan,1686.038330078125,nan,nan
83,137,220,-0.0004969019815325736,1689.4760828394815,nan,1689.4755859375,nan,nan
83,138,221,-0.1290603526122868,1694.2951980479247,nan,1694.1661376953125,nan,nan
83,139,222,0.2922301897592843,1697.4309143414907,nan,1697.72314453125,nan,nan
83,140,223,0.13556325289886445,1702.2319904580386,nan,1702.3675537109375,nan,nan
83,141,224,0.4769262604415417,1705.267336434871,nan,1705.7442626953125,nan,nan
84,94,178,-0.044931072706822305,1341.0546966977067,nan,1341.009765625,nan,nan
84,95,179,0.10142325158230961,1351.7590503812303,nan,1351.8604736328125,nan,nan
84,96,180,-0.04386377476155758,1364.8002114310116,nan,1364.75634765625,nan,nan
84,97,181,0.16317190994042904,1374.997350550997,nan,1375.1605224609375,nan,nan
84,98,182,-0.06187116497196257,1387.616314524347,nan,1387.554443359375,nan,nan
84,99,183,0.10549378975294531,1397.530736678997,nan,1397.63623046875,nan,nan
84,100,184,-0.2416634487360716,1409.9353890346736,nan,1409.6937255859375,nan,nan
84,101,185,-0.06283143385779112,1419.4582171760453,nan,1419.3953857421875,nan,nan
84,139,223,0.3350409503653646,1706.9936944011972,nan,1707.3287353515625,nan,nan
84,140,224,0.2625894267484546,1712.2154379170015,nan,1712.47802734375,nan,nan
84,141,225,0.4219932359457016,1715.495853443742,nan,1715.9178466796875,nan,nan
84,142,226,0.19655008403584362,1720.5894606581517,nan,1720.7860107421875,nan,nan
84,143,227,0.11606795981526374,1723.9148158292473,nan,1724.0308837890625,nan,nan
84,144,228,-0.18856950822286309,1728.8667921644728,nan,1728.67822265625,nan,nan
84,145,229,-0.30436328284442427,1732.024944337532,nan,1731.7205810546875,nan,nan
85,100,185,-0.07958781443536282,1407.122434494123,nan,1407.0428466796875,nan,nan
85,101,186,0.16588043523021043,1417.0384652678947,nan,1417.204345703125,nan,nan
85,102,187,-0.19814199853688477,1429.1346654360368,nan,1428.9365234375,nan,nan
85,103,188,0.13573240995872765,1438.6804296994162,nan,1438.816162109375,nan,nan
85,104,189,-0.17847922410815953,1450.4581423100456,nan,1450.2796630859375,nan,nan
85,105,190,0.18098889719694852,1459.8237718449905,nan,1460.0047607421875,nan,nan
85,140,225,0.6637183949351311,1719.0655296519399,nan,1719.729248046875,nan,nan
85,141,226,0.6778475639224052,1722.9730313423277,nan,1723.65087890625,nan,nan
85,142,227,0.32827396780252455,1728.2525365790725,nan,1728.580810546875,nan,nan
85,143,228,0.18718818755820393,1732.0941838827544,nan,1732.2813720703125,nan,nan
85,144,229,-0.18319515269249678,1737.13668636363,nan,1736.9534912109375,nan,nan
85,145,230,-0.28754782740026713,1740.7537343508377,nan,1740.4661865234375,nan,nan
85,146,231,-0.5242714926600456,1745.520121102035,nan,1744.995849609375,nan,nan
85,147,232,-0.5934676393866539,1748.9295272096992,nan,1748.3360595703125,nan,nan
85,148,233,-0.6671425886452198,1753.3552529402077,nan,1752.6881103515625,nan,nan
86,100,186,-0.3459312449395657,1406.6176597605645,nan,1406.271728515625,nan,nan
86,101,187,-0.1299353436101228,1416.6351843670477,nan,1416.5052490234375,nan,nan
86,102,188,-0.40081294268369677,1429.1014965364336,nan,1428.70068359375,nan,nan
86,103,189,-0.17903203247115015,1438.8124548840337,nan,1438.6334228515625,nan,nan
86,104,190,-0.3851438382267952,1450.912243447602,nan,1450.527099609375,nan,nan
86,105,191,-0.20889853354543447,1460.5200557601079,nan,1460.3111572265625,nan,nan
86,106,192,-0.3589355796575546,1472.36589358747,nan,1472.0069580078125,nan,nan
86,144,230,-0.2738015404343605,1747.0667702904343,nan,1746.79296875,nan,nan
86,145,231,-0.4195833507180214,1750.766507178843,nan,1750.346923828125,nan,nan
86,146,232,-0.5785247944295406,1755.9208099506795,nan,1755.34228515625,nan,nan
86,147,233,-0.6236190488934517,1759.354698150456,nan,1758.7310791015625,nan,nan
86,148,234,-0.673271164149046,1764.2252731172741,nan,1763.552001953125,nan,nan
87,104,191,-0.28612086333334447,1448.6342653945833,nan,1448.34814453125,nan,nan
87,105,192,-0.08329243139130994,1458.6268715329538,nan,1458.5435791015625,nan,nan
87,106,193,-0.24244379699230195,1470.5219848126173,nan,1470.279541015625,nan,nan
87,107,194,0.04183388337958604,1479.9695186556828,nan,1480.0113525390625,nan,nan
87,108,195,-0.16494601238518952,1491.3589157389476,nan,1491.1939697265625,nan,nan
87,109,196,0.1705333611741662,1500.4486072638258,nan,1500.619140625,nan,nan
87,147,234,-0.599135235697031,1767.533705548197,nan,1766.9345703125,nan,nan
87,148,235,-0.648740176409483,1772.431332949847,nan,1771.7825927734375,nan,nan
87,149,236,-0.6385842669010162,1776.006260048151,nan,1775.36767578125,nan,nan
88,105,193,-0.285637366771698,1458.5927662730217,nan,1458.30712890625,nan,nan
88,106,194,-0.361637868732214,1470.8154952906073,nan,1470.453857421875,nan,nan
88,107,195,-0.17759584572166204,1480.3813311972842,nan,1480.2037353515625,nan,nan
88,108,196,-0.319062902033329,1492.1268021598457,nan,1491.8077392578125,nan,nan
88,109,197,-0.130628815125674,1501.3258192448131,nan,1501.1951904296875,nan,nan
88,110,198,-0.2626241962611675,1512.7594503681362,nan,1512.496826171875,nan,nan
88,111,199,-0.03592774181626737,1521.6918115308788,nan,1521.6558837890625,nan,nan
88,112,200,-0.23848067678511142,1532.958695520535,nan,1532.72021484375,nan,nan
88,147,235,-0.5720503439009189,1776.8884565939009,nan,1776.31640625,nan,nan
88,148,236,-0.5684239712357521,1782.1653477993607,nan,1781.596923828125,nan,nan
88,149,237,-0.5746218617260456,1785.7510134632885,nan,1785.1763916015625,nan,nan
89,108,197,-0.19930776248686016,1489.8567784656118,nan,1489.657470703125,nan,nan
89,109,198,0.0012031471170485019,1499.4288505638206,nan,1499.4300537109375,nan,nan
89,110,199,-0.14404686094261707,1510.8881874859426,nan,1510.744140625,nan,nan
89,111,200,0.11707044204697013,1520.154902214203,nan,1520.27197265625,nan,nan
89,112,201,-0.07016828400082886,1531.3997581277508,nan,1531.32958984375,nan,nan
89,113,202,0.08817368191666901,1540.4688331540208,nan,1540.5570068359375,nan,nan
89,114,203,-0.1689785237237811,1551.3625820393488,nan,1551.193603515625,nan,nan
89,115,204,-0.070658911135979,1560.280375708011,nan,1560.209716796875,nan,nan
89,148,237,-0.4760080474615097,1789.3879953521491,nan,1788.9119873046875,nan,nan
89,149,238,-0.4628238995373249,1793.3837223370374,nan,1792.9208984375,nan,nan
90,111,201,-0.07260209907777608,1520.4253853022028,nan,1520.352783203125,nan,nan
90,112,202,-0.21633599933236838,1532.0178496712074,nan,1531.801513671875,nan,nan
90,113,203,-0.08534488897421397,1541.0977960608493,nan,1541.012451171875,nan,nan
90,114,204,-0.3724020223319531,1552.4303854207694,nan,1552.0579833984375,nan,nan
90,115,205,-0.24591643430292606,1561.290838309303,nan,1561.044921875,nan,nan
90,116,206,-0.45093423038721087,1572.3514469256997,nan,1571.9005126953125,nan,nan
90,117,207,-0.20893817648291588,1580.9436793874204,nan,1580.7347412109375,nan,nan
90,119,209,0.045110272038728,1600.0075020326487,nan,1600.0526123046875,nan,nan
90,148,238,-0.27105503767728806,1798.1536233970523,nan,1797.882568359375,nan,nan
90,149,239,-0.2969980727136135,1802.1292734633387,nan,1801.832275390625,nan,nan
90,150,240,-0.19322230581194164,1807.3908541417495,nan,1807.1976318359375,nan,nan
91,114,205,-0.2381939576752484,1550.6256451295503,nan,1550.387451171875,nan,nan
91,115,206,-0.14282345923245884,1559.9021008029824,nan,1559.75927734375,nan,nan
91,116,207,-0.28525407921522855,1570.8907228292153,nan,1570.60546875,nan,nan
91,117,208,-0.09398715689312667,1579.938713719393,nan,1579.8447265625,nan,nan
91,118,209,-0.12194539149291814,1590.4882783993055,nan,1590.3663330078125,nan,nan
91,119,210,0.126072562020272,1599.3100846645423,nan,1599.4361572265625,nan,nan
91,148,239,-0.17365740124136209,1804.6242189246789,nan,1804.4505615234375,nan,nan
91,149,240,-0.2102304792404175,1809.0454355573654,nan,1808.835205078125,nan,nan
91,150,241,-0.14221590963192285,1814.3203164955694,nan,1814.1781005859375,nan,nan
91,151,242,-0.17041131222620606,1818.4310314294137,nan,1818.2606201171875,nan,nan
92,116,208,-0.428636334463954,1571.5879380922765,nan,1571.1593017578125,nan,nan
92,117,209,-0.17900096436031163,1580.4470673706103,nan,1580.26806640625,nan,nan
92,118,210,-0.24974234521389008,1591.5743273061514,nan,1591.3245849609375,nan,nan
92,119,211,-0.0023804964346345516,1600.2595826448721,nan,1600.2572021484375,nan,nan
92,120,212,-0.06790911927819251,1611.2374647833408,nan,1611.1695556640625,nan,nan
92,121,213,-0.02692373877391219,1619.5534129965863,nan,1619.5264892578125,nan,nan
92,122,214,-0.2111633207462728,1629.9009826566837,nan,1629.6898193359375,nan,nan
92,125,217,-0.3915724930167198,1656.3288283523916,nan,1655.937255859375,nan,nan
92,128,220,0.01878473652061075,1680.572157646292,nan,1680.5909423828125,nan,nan
92,149,241,-0.03736412763595581,1816.982920768261,nan,1816.945556640625,nan,nan
92,150,242,0.04422660426236689,1822.6916132394877,nan,1822.73583984375,nan,nan
92,151,243,-0.044530579489655796,1826.8349358529272,nan,1826.7904052734375,nan,nan
92,152,244,0.0063622006471268835,1832.2129981509154,nan,1832.2193603515625,nan,nan
92,153,245,-0.0779750251583755,1836.0374476814084,nan,1835.95947265625,nan,nan
92,154,246,-0.05944221339654177,1841.1304871352716,nan,1841.071044921875,nan,nan
93,118,211,-0.11785179539816454,1589.8638234750856,nan,1589.7459716796875,nan,nan
93,119,212,0.06684531005565077,1598.8917728540068,nan,1598.9586181640625,nan,nan
93,120,213,-0.019129429986933247,1609.9206186877993,nan,1609.9014892578125,nan,nan
93,121,214,0.039871164467185735,1618.6217499292827,nan,1618.66162109375,nan,nan
93,122,215,-0.1390368868224323,1628.9495837618224,nan,1628.810546875,nan,nan
93,123,216,-0.16641039814800024,1637.7285441872104,nan,1637.5621337890625,nan,nan
93,124,217,-0.31062603123486043,1647.9054746640475,nan,1647.5948486328125,nan,nan
93,125,218,-0.3049189241230488,1656.029772439748,nan,1655.724853515625,nan,nan
93,128,221,0.09024809051305055,1680.9048690969869,nan,1680.9951171875,nan,nan
93,150,243,0.05313211760018021,1828.6691579214623,nan,1828.7222900390625,nan,nan
93,151,244,-0.041924159196205436,1833.2415091201337,nan,1833.1995849609375,nan,nan
93,152,245,-0.0027882339066127317,1838.630839991719,nan,1838.6280517578125,nan,nan
93,153,246,-0.08301269037649035,1842.8725634716266,nan,1842.78955078125,nan,nan
93,154,247,-0.05415556125808507,1847.9383108346956,nan,1847.8841552734375,nan,nan
94,121,215,-0.03602001572144218,1619.196054195409,nan,1619.1600341796875,nan,nan
94,122,216,-0.16463418470695615,1629.889243559707,nan,1629.724609375,nan,nan
94,123,217,-0.18751399733126164,1638.6339251301438,nan,1638.4464111328125,nan,nan
94,124,218,-0.3052905634790659,1649.180290563479,nan,1648.875,nan,nan
94,125,219,-0.28322168596088887,1657.1838564515858,nan,1656.900634765625,nan,nan
94,126,220,-0.07156920143403113,1667.077428576434,nan,1667.005859375,nan,nan
94,127,221,0.045128403357230125,1674.0952524560178,nan,1674.140380859375,nan,nan
94,128,222,0.06680826709140092,1683.0949348969712,nan,1683.1617431640625,nan,nan
94,129,223,0.17266716338694096,1690.077332836613,nan,1690.25,nan,nan
94,130,224,0.1592614688538015,1699.0058996639586,nan,1699.1651611328125,nan,nan
94,131,225,0.31794847555458544,1705.9484089463203,nan,1706.266357421875,nan,nan
94,132,226,0.280704278126359,1714.7962000187486,nan,1715.076904296875,nan,nan
94,133,227,0.32999947786331174,1721.6641411471367,nan,1721.994140625,nan,nan
94,153,247,0.023566059751901777,1850.7248470261857,nan,1850.7484130859375,nan,nan
94,154,248,0.052021739138290286,1856.1944382217991,nan,1856.2464599609375,nan,nan
94,155,249,-0.037014640372944996,1860.1379667888104,nan,1860.1009521484375,nan,nan
94,156,250,-0.00497013509972021,1865.3529925960372,nan,1865.3480224609375,nan,nan
94,157,251,-0.04803073843941093,1869.0966147228144,nan,1869.048583984375,nan,nan
95,124,219,-0.2636344634741545,1647.898400088474,nan,1647.634765625,nan,nan
95,125,220,-0.24115868024528025,1656.3308803599327,nan,1656.0897216796875,nan,nan
95,126,221,-0.03664440295659006,1666.1698231138942,nan,1666.1331787109375,nan,nan
95,127,222,0.09559958269819617,1673.6172910423018,nan,1673.712890625,nan,nan
95,128,223,0.12013007378205658,1682.668200004343,nan,1682.788330078125,nan,nan
95,129,224,0.24507479600608348,1690.1202816493064,nan,1690.3653564453125,nan,nan
95,130,225,0.21508242964744567,1699.1101128828525,nan,1699.3251953125,nan,nan
95,131,226,0.37935587659478187,1706.5163960765303,nan,1706.895751953125,nan,nan
95,132,227,0.2973041385412216,1715.4550151973963,nan,1715.7523193359375,nan,nan
95,133,228,0.30785700507462027,1722.876347096488,nan,1723.1842041015625,nan,nan
95,135,230,0.08991897662635892,1739.144822234311,nan,1739.2347412109375,nan,nan
95,136,231,-0.009609054322354496,1747.7245748746348,nan,1747.7149658203125,nan,nan
95,137,232,-0.1337759537063539,1754.8747427505814,nan,1754.740966796875,nan,nan
95,138,233,-0.15631173333153128,1763.0557257958314,nan,1762.8994140625,nan,nan
95,139,234,-0.3020787836611271,1769.9020543695985,nan,1769.5999755859375,nan,nan
95,141,236,-0.427494215965271,1784.4808389425277,nan,1784.0533447265625,nan,nan
95,142,237,-0.3197602520883083,1792.0305756817759,nan,1791.7108154296875,nan,nan
95,151,246,0.04173396322643384,1846.337782638336,nan,1846.3795166015625,nan,nan
95,152,247,0.11200502559542656,1852.1526434119046,nan,1852.2646484375,nan,nan
95,153,248,6.744730286300183e-05,1856.7954647792596,nan,1856.7955322265625,nan,nan
95,154,249,0.03958520904649049,1862.2643698690786,nan,1862.303955078125,nan,nan
95,155,250,-0.055089112890418616,1866.6158801285155,nan,1866.560791015625,nan,nan
95,156,251,-0.015423374803503975,1871.8118100935535,nan,1871.79638671875,nan,nan
95,157,252,-0.07189064929261804,1875.9713047117925,nan,1875.8994140625,nan,nan
96,132,228,0.17277450067922473,1718.0601356555708,nan,1718.23291015625,nan,nan
96,133,229,0.17905663657002152,1725.500386722805,nan,1725.679443359375,nan,nan
96,134,230,0.049279020049143585,1734.8081428549508,nan,1734.857421875,nan,nan
96,135,231,-0.02912720571272075,1742.1591320885252,nan,1742.1300048828125,nan,nan
96,136,232,-0.11222281924216077,1751.145670084867,nan,1751.033447265625,nan,nan
96,139,235,-0.32154961079359057,1773.6959392592312,nan,1773.3743896484375,nan,nan
96,156,252,0.09652805826626717,1879.6683645198586,nan,1879.764892578125,nan,nan
96,157,253,0.02064496578183025,1883.813583549843,nan,1883.834228515625,nan,nan
96,158,254,0.0793594556080643,1889.2650008959545,nan,1889.3443603515625,nan,nan
97,132,229,0.19548927298747004,1717.93866600045,nan,1718.1341552734375,nan,nan
97,133,230,0.17413182160817087,1725.8228164205793,nan,1725.9969482421875,nan,nan
97,134,231,-0.004003769918344915,1735.181860215231,nan,1735.1778564453125,nan,nan
97,135,232,-0.09328164571314118,1742.9538773488382,nan,1742.860595703125,nan,nan
97,136,233,-0.21271783185191454,1751.982493222477,nan,1751.769775390625,nan,nan
97,137,234,-0.31630801446735857,1759.5295648504048,nan,1759.2132568359375,nan,nan
97,138,235,-0.3630817365646362,1768.2097614240647,nan,1767.8466796875,nan,nan
97,139,236,-0.4527434156835079,1775.464828376621,nan,1775.0120849609375,nan,nan
97,140,237,-0.396747192889452,1783.790912231952,nan,1783.3941650390625,nan,nan
97,141,238,-0.5246110858023166,1790.9783464373647,nan,1790.4537353515625,nan,nan
97,142,239,-0.4088913451135159,1799.0065475951135,nan,1798.59765625,nan,nan
97,143,240,-0.5947617116570473,1805.7137802663447,nan,1805.1190185546875,nan,nan
97,144,241,-0.44186920002102853,1813.168919981271,nan,1812.72705078125,nan,nan
97,145,242,-0.5712638838589191,1819.5905509932338,nan,1819.019287109375,nan,nan
97,155,252,-0.0221640665398445,1879.5463339884147,nan,1879.524169921875,nan,nan
97,156,253,0.0476181587181054,1885.1199843803445,nan,1885.1676025390625,nan,nan
97,157,254,-0.02513420539908111,1889.6653929944616,nan,1889.6402587890625,nan,nan
97,158,255,0.0276553257368505,1895.1099179164507,nan,1895.1375732421875,nan,nan
98,135,233,-0.1465515881869942,1744.986639478812,nan,1744.840087890625,nan,nan
98,136,234,-0.23743537915870547,1754.4035730744713,nan,1754.1661376953125,nan,nan
98,137,235,-0.3294694761931896,1761.9521501402558,nan,1761.6226806640625,nan,nan
98,138,236,-0.32008159317076207,1771.0118540541082,nan,1770.6917724609375,nan,nan
98,140,238,-0.28146267749369147,1786.9878835759312,nan,1786.7064208984375,nan,nan
98,141,239,-0.405156394392252,1794.1666310037672,nan,1793.761474609375,nan,nan
98,143,241,-0.41207526087760926,1809.2929346358776,nan,1808.880859375,nan,nan
98,145,243,-0.3812409661710262,1823.6277009271084,nan,1823.2464599609375,nan,nan
98,157,255,0.060497957924380896,1896.4908936436382,nan,1896.5513916015625,nan,nan
98,158,256,0.14583972092717887,1902.3069190681354,nan,1902.4527587890625,nan,nan
98,159,257,0.07281759421806783,1906.7609226401569,nan,1906.833740234375,nan,nan
99,137,236,-0.32023278281092643,1762.227947626561,nan,1761.90771484375,nan,nan
99,138,237,-0.3505899268388748,1771.3595010596514,nan,1771.0089111328125,nan,nan
99,139,238,-0.39914353273808956,1779.0376933374255,nan,1778.6385498046875,nan,nan
99,140,239,-0.38567787513136864,1787.8622403751315,nan,1787.4765625,nan,nan
99,141,240,-0.46781071573495864,1795.421912278235,nan,1794.9541015625,nan,nan
99,142,241,-0.3807333421707153,1803.9378622484207,nan,1803.55712890625,nan,nan
99,143,242,-0.5105480849742889,1811.0587658584118,nan,1810.5482177734375,nan,nan
99,144,243,-0.3665288631618023,1819.0017827694119,nan,1818.63525390625,nan,nan
99,145,244,-0.5130185529589653,1825.8896054670215,nan,1825.3765869140625,nan,nan
99,146,245,-0.2606981447339058,1833.5562303712964,nan,1833.2955322265625,nan,nan
99,149,248,-0.18182474572211504,1854.0183725972847,nan,1853.8365478515625,nan,nan
99,150,249,0.0462403205409646,1861.1157469841464,nan,1861.1619873046875,nan,nan
99,151,250,-0.0860236573824659,1867.0901740480074,nan,1867.004150390625,nan,nan
99,157,256,-0.04380664493772201,1901.5534501996253,nan,1901.5096435546875,nan,nan
99,158,257,0.04866972342832014,1907.3967648468843,nan,1907.4454345703125,nan,nan
99,159,258,-0.006026552768889815,1912.2374718652688,nan,1912.2314453125,nan,nan
100,137,237,-0.30869935095310214,1763.7458331400155,nan,1763.4371337890625,nan,nan
100,138,238,-0.3043803263828158,1773.277524857633,nan,1772.97314453125,nan,nan
100,139,239,-0.3535239515453577,1780.9538657484204,nan,1780.600341796875,nan,nan
100,140,240,-0.3095356747508049,1790.1842915341258,nan,1789.874755859375,nan,nan
100,141,241,-0.3972707672417164,1797.7559133453667,nan,1797.358642578125,nan,nan
100,142,242,-0.26355702698230743,1806.6579662066697,nan,1806.3944091796875,nan,nan
100,143,243,-0.3959001111984253,1813.7745622205734,nan,1813.378662109375,nan,nan
100,144,244,-0.17692555233836174,1822.0770720367134,nan,1821.900146484375,nan,nan
100,145,245,-0.32237776458263395,1828.979238116145,nan,1828.6568603515625,nan,nan
100,147,247,-0.20118676260113716,1843.8448635204136,nan,1843.6436767578125,nan,nan
100,158,258,0.16861249271780251,1913.7742586010322,nan,1913.94287109375,nan,nan
100,159,259,0.07245734728872776,1918.6616735120863,nan,1918.734130859375,nan,nan
101,144,245,-0.3472003363072872,1822.8325518988072,nan,1822.4853515625,nan,nan
101,145,246,-0.4429578545689583,1830.091639495194,nan,1829.648681640625,nan,nan
101,146,247,-0.30075326830148696,1838.3479944792389,nan,1838.0472412109375,nan,nan
101,147,248,-0.48351732835173605,1845.5884977971018,nan,1845.10498046875,nan,nan
101,152,253,-0.07249424445442855,1881.591659283517,nan,1881.5191650390625,nan,nan
101,153,254,-0.220463380292058,1887.5614057631046,nan,1887.3409423828125,nan,nan
101,158,259,-0.013067953456775284,1917.9416568206443,nan,1917.9285888671875,nan,nan
101,159,260,-0.09358566987328232,1923.243121802686,nan,1923.1495361328125,nan,nan
102,144,246,-0.2208644392900169,1824.9092189314774,nan,1824.6883544921875,nan,nan
102,145,247,-0.34480759702622893,1832.1781816204636,nan,1831.8333740234375,nan,nan
102,146,248,-0.13524160251952708,1840.7717162118945,nan,1840.636474609375,nan,nan
102,147,249,-0.3330346211791039,1848.0240746602417,nan,1847.6910400390625,nan,nan
102,148,250,-0.0343744540354237,1856.3209955477855,nan,1856.28662109375,nan,nan
102,149,251,-0.28616557411849497,1863.353182175681,nan,1863.0670166015625,nan,nan
102,156,258,0.08954987414181233,1911.1309091102332,nan,1911.220458984375,nan,nan
102,158,260,0.10756429962813854,1923.3223673409968,nan,1923.429931640625,nan,nan
102,159,261,-0.0009272254165261984,1928.661449686354,nan,1928.6605224609375,nan,nan
103,146,249,-0.34912201449275015,1841.2369393973052,nan,1840.8878173828125,nan,nan
103,147,250,-0.5312227183580398,1848.8775361949206,nan,1848.3463134765625,nan,nan
103,148,251,-0.39327109053730963,1857.3698335905374,nan,1856.9765625,nan,nan
103,149,252,-0.5829942429065704,1864.804063578844,nan,1864.2210693359375,nan,nan
103,154,257,-0.2246579760313034,1901.0742673510313,nan,1900.849609375,nan,nan
103,155,258,-0.36011362954974174,1907.1496644107997,nan,1906.78955078125,nan,nan
103,156,259,-0.16207135185599328,1913.9781113909185,nan,1913.8160400390625,nan,nan
103,157,260,-0.30863981433212756,1919.9164279002696,nan,1919.6077880859375,nan,nan
103,158,261,-0.1465219162777066,1926.6362680100276,nan,1926.48974609375,nan,nan
103,159,262,-0.2564300481230021,1932.415609735623,nan,1932.1591796875,nan,nan
104,148,252,-0.19702167686074973,1859.5736085909232,nan,1859.3765869140625,nan,nan
104,149,253,-0.45323796406388284,1867.0761627687514,nan,1866.6229248046875,nan,nan
104,150,254,-0.16857277117669583,1875.5693296071142,nan,1875.4007568359375,nan,nan
104,151,255,-0.4313465091586113,1882.6684070560336,nan,1882.237060546875,nan,nan
104,155,259,-0.27686464674770833,1910.8127533186228,nan,1910.535888671875,nan,nan
104,156,260,-0.043069712535943834,1918.0546663922235,nan,1918.0115966796875,nan,nan
104,158,262,0.0028707343270070853,1931.132627312548,nan,1931.135498046875,nan,nan
104,159,263,-0.11284117029979825,1936.9261956624873,nan,1936.8133544921875,nan,nan
105,148,253,-0.46884112536907196,1859.8487239378692,nan,1859.3798828125,nan,nan
105,149,254,-0.6548937603831291,1867.7020129010082,nan,1867.047119140625,nan,nan
105,150,255,-0.5065835967659951,1876.3533853545784,nan,1875.8468017578125,nan,nan
105,151,256,-0.6890856030583382,1883.808104157746,nan,1883.1190185546875,nan,nan
105,155,260,-0.5456543630361557,1912.8900147145987,nan,1912.3443603515625,nan,nan
105,156,261,-0.33089241370558736,1920.1768396793307,nan,1919.845947265625,nan,nan
105,157,262,-0.49295382872223853,1926.5724216021597,nan,1926.0794677734375,nan,nan
105,158,263,-0.2800186540931463,1933.7020157244056,nan,1933.4219970703125,nan,nan
105,159,264,-0.46223665311932566,1939.9921438796819,nan,1939.5299072265625,nan,nan
106,150,256,-0.2634452522546053,1878.1884940803795,nan,1877.925048828125,nan,nan
106,151,257,-0.5494546982645988,1885.7572183701395,nan,1885.207763671875,nan,nan
106,152,258,-0.23468085985630752,1894.1830451176688,nan,1893.9483642578125,nan,nan
106,153,259,-0.5011617763340473,1901.1904928310216,nan,1900.6893310546875,nan,nan
106,157,263,-0.3571717808395624,1929.8393495152145,nan,1929.482177734375,nan,nan
106,158,264,-0.03555885381996632,1937.2912961585075,nan,1937.2557373046875,nan,nan
106,159,265,-0.2523243514075875,1943.6204884139077,nan,1943.3681640625,nan,nan
106,160,266,0.007085035694763065,1950.9881542221178,nan,1950.9952392578125,nan,nan
107,150,257,-0.5389368230104447,1877.9752161198855,nan,1877.436279296875,nan,nan
107,151,258,-0.7682471662759781,1885.9058204084636,nan,1885.1375732421875,nan,nan
107,152,259,-0.5446097718179226,1894.4441459046304,nan,1893.8995361328125,nan,nan
107,153,260,-0.7701442649960518,1901.8320339134336,nan,1901.0618896484375,nan,nan
107,156,263,-0.4464352837204933,1924.5218747368456,nan,1924.075439453125,nan,nan
107,157,264,-0.6591673377156257,1931.3992796424031,nan,1930.7401123046875,nan,nan
107,158,265,-0.3459882941097021,1938.8856611456722,nan,1938.5396728515625,nan,nan
107,159,266,-0.5650696724653244,1945.6402649849654,nan,1945.0751953125,nan,nan
107,160,267,-0.3141702146083116,1953.0451272458583,nan,1952.73095703125,nan,nan
108,152,260,-0.3026922903954983,1895.685138579458,nan,1895.3824462890625,nan,nan
108,153,261,-0.5762694615125656,1903.1236327427625,nan,1902.54736328125,nan,nan
108,154,262,-0.2896118166297674,1911.5165405275673,nan,1911.2269287109375,nan,nan
108,155,263,-0.5326739701628685,1918.5674640092254,nan,1918.0347900390625,nan,nan
108,159,267,-0.2640547560155392,1948.1205000685156,nan,1947.8564453125,nan,nan
108,160,268,0.09605448605492711,1955.8650050842575,nan,1955.9610595703125,nan,nan
108,161,269,-0.1902617249963805,1962.622512701559,nan,1962.4322509765625,nan,nan
108,162,270,0.13449514677282423,1970.1310077829146,nan,1970.2655029296875,nan,nan
109,152,261,-0.5674338376522065,1894.7568869626523,nan,1894.189453125,nan,nan
109,153,262,-0.8587486350536346,1902.6296226584911,nan,1901.7708740234375,nan,nan
109,154,263,-0.5538910354673863,1911.0276459182799,nan,1910.4737548828125,nan,nan
109,155,264,-0.8408441838622093,1918.5296869572996,nan,1917.6888427734375,nan,nan
109,156,265,-0.502116607427597,1926.58817617774,nan,1926.0860595703125,nan,nan
109,158,267,-0.3388517964631319,1941.7588957417756,nan,1941.4200439453125,nan,nan
109,159,268,-0.6938263231515884,1949.113381987214,nan,1948.4195556640625,nan,nan
109,160,269,-0.12501482579391449,1956.7064357242314,nan,1956.5814208984375,nan,nan
109,161,270,-0.4687715880572796,1963.9485079161823,nan,1963.479736328125,nan,nan
109,162,271,-0.15532709719613194,1971.5021288550086,nan,1971.3468017578125,nan,nan
110,154,264,-0.3325385094061494,1911.6234320640935,nan,1911.2908935546875,nan,nan
110,155,265,-0.5615642543137074,1919.0707195277512,nan,1918.5091552734375,nan,nan
110,156,266,-0.2879088826477528,1927.6382506795228,nan,1927.350341796875,nan,nan
110,157,267,-0.44355339407920835,1934.8906969487666,nan,1934.4471435546875,nan,nan
110,158,268,-0.06908883346011863,1943.2102021147102,nan,1943.14111328125,nan,nan
110,161,271,-0.006497185812331736,1965.5958526545623,nan,1965.58935546875,nan,nan
110,162,272,0.2075559300929308,1973.6687868433446,nan,1973.8763427734375,nan,nan
111,155,266,-0.8234826755523682,1918.1623498630524,nan,1917.3388671875,nan,nan
111,156,267,-0.44813878580927846,1926.6729923014343,nan,1926.224853515625,nan,nan
111,157,268,-0.7698243919014931,1934.5144532981515,nan,1933.74462890625,nan,nan
111,158,269,-0.2986353074759245,1942.7553003465384,nan,1942.4566650390625,nan,nan
111,159,270,-0.6797149202227593,1950.4990508577228,nan,1949.8193359375,nan,nan
111,160,271,-0.05816106681944802,1958.4013007152569,nan,1958.3431396484375,nan,nan
111,161,272,-0.4551135047525168,1966.0483752235025,nan,1965.59326171875,nan,nan
111,162,273,-0.10246098455041647,1973.9650098126754,nan,1973.862548828125,nan,nan
112,157,269,-0.4621344557404518,1934.7011481276154,nan,1934.239013671875,nan,nan
112,158,270,-0.15018387684598566,1943.511756142471,nan,1943.361572265625,nan,nan
112,159,271,-0.29923713602125646,1950.9809998313337,nan,1950.6817626953125,nan,nan
112,160,272,0.09737043426837771,1959.4773365969816,nan,1959.57470703125,nan,nan
112,161,273,-0.09595105956774205,1966.8819618017553,nan,1966.7860107421875,nan,nan
112,162,274,0.15323563177138566,1975.291710657291,nan,1975.4449462890625,nan,nan
