Z,N,A,dataset_split,participates_in_loss,train_uncertainty,pred_residual,pred_binding_energy,actual_binding_energy,theory_binding_energy,actual_residual,pred_minus_actual_residual
8,8,16,train,True,3.2e-06,1.3492610627412795,126.68313334643841,127.61931610107422,128.0323944091797,0.41308480501174927,0.9361762577295303
8,9,17,train,True,3.4e-06,1.4392506712675095,131.4294474488497,131.76239013671875,132.8686981201172,1.1063052415847778,0.33294542968273166
9,8,17,train,True,0.0002482,1.3124186545610428,127.72697953879833,128.21958923339844,129.03939819335938,0.8198171854019165,0.4926014691591263
8,10,18,train,True,3.6e-06,1.474201871752739,139.70080118000507,139.80776977539062,141.1750030517578,1.367234230041504,0.10696764171123507
9,9,18,train,True,0.0004626,1.4056317234039306,138.12307005882263,137.36949157714844,139.52870178222656,2.159210681915283,-0.7535789585113526
10,8,18,train,True,0.0003636,1.0812698411941528,132.0451339673996,132.14263916015625,133.12640380859375,0.9837614297866821,0.09750841140747069
8,11,19,train,True,0.0026372,0.8789984354376793,143.58529599815608,143.76341247558594,144.46429443359375,0.7008911967277527,0.17810723870992662
9,10,19,train,True,3.8e-06,1.415907120704651,148.25209214687348,147.80136108398438,149.66799926757812,1.8666352033615112,-0.45072808265686026
10,9,19,train,True,0.0001596,1.278208665251732,144.19348628103734,143.77952575683594,145.47169494628906,1.69218111038208,-0.41397244513034814
11,8,19,train,True,0.0105355,0.10304117053281515,131.701356412475,131.81983947753906,131.8043975830078,-0.015441600233316422,0.11848277076613158
8,12,20,train,True,0.000884,0.1351401294535026,151.24146204339806,151.3714141845703,151.37660217285156,0.005185999907553196,0.1299541295459494
9,11,20,train,True,3e-05,0.5898683403432369,154.1434385444224,154.40269470214844,154.73330688476562,0.33059799671173096,0.2592703436315059
10,10,20,train,True,4e-06,0.36732206754386426,160.59567536897958,160.6448211669922,160.96299743652344,0.3181760013103485,0.04914606623351575
11,9,20,train,True,0.001108,0.004468484241515398,145.96322865931316,145.97006225585938,145.9676971435547,-0.0023560000117868185,0.0068244842533022165
12,8,20,train,True,0.001862,-0.5209968686103821,134.2314003109932,134.5605010986328,133.7104034423828,-0.8501039743423462,0.3291071057319641
8,13,21,train,True,0.0119994,-0.617389859855175,155.01628512352704,155.17686462402344,154.39889526367188,-0.77796870470047,0.16057884484529494
9,12,21,train,True,0.0017997,0.37338018864393235,162.63821649104358,162.50416564941406,163.0115966796875,0.507438600063324,-0.13405841141939162
10,11,21,train,True,3.78e-05,-0.28095852230675517,167.53925930355675,167.40599060058594,167.25830078125,-0.14768560230731964,-0.13327291999943552
11,10,21,train,True,4.2e-05,-0.3879648101516068,163.09696444394066,163.07672119140625,162.70899963378906,-0.3677200973033905,-0.020244712848216273
12,9,21,train,True,0.0007539,-0.41251377867534755,149.71221165465192,149.20567321777344,149.29969787597656,0.09403429925441742,-0.506548077929765
8,14,22,train,True,0.0569206,-0.8666350582242012,162.00483391076327,162.02719116210938,161.13819885253906,-0.8889883756637573,0.022353317439556153
9,13,22,train,True,0.0123992,0.03433944084914401,167.71756790778366,167.7344970703125,167.7519073486328,0.01740119978785515,0.016938241061288863
10,12,22,train,True,1.76e-05,-0.6512981049716473,177.95090442821385,177.77024841308594,177.2996063232422,-0.47064319252967834,-0.18065491244196896
11,11,22,train,True,0.000132,-0.6543844418972731,174.59469205908476,174.1445770263672,173.9403076171875,-0.2042728066444397,-0.4501116352528334
12,10,22,train,True,0.0001584,-0.9081765297055244,168.74917994767426,168.58082580566406,167.84100341796875,-0.7398189902305603,-0.16835753947496412
8,15,23,train,False,0.1217114,-1.2575325512886046,163.40603108644484,164.76016235351562,162.14849853515625,-2.611668825149536,1.3541362738609315
9,14,23,train,True,0.0333201,0.024164695914951153,175.37703464490536,175.31393432617188,175.4011993408203,0.08727189898490906,-0.0631072030699579
10,13,23,train,True,0.0001035,-0.11834971261909231,183.0302454645722,182.97088623046875,182.91189575195312,-0.058990299701690674,-0.05935941291740164
11,12,23,train,True,4.6e-06,-1.120785053372383,186.65337782680987,186.56434631347656,185.5325927734375,-1.0317528247833252,-0.0890322285890579
12,11,23,train,True,3.22e-05,-1.2011968523263932,181.84249323904515,181.725830078125,180.64129638671875,-1.0845266580581665,-0.11667019426822667
13,10,23,train,True,0.000345,-0.5296186070144177,168.7106183628738,168.7217254638672,168.18099975585938,-0.5407325029373169,0.011113895922899242
8,16,24,train,False,0.1648752,-1.1784710386395454,166.56627316266298,168.95245361328125,165.38780212402344,-3.5646519660949707,2.3861809274554253
9,15,24,train,False,0.0976704,-0.32927125176414845,178.4777697869204,179.12599182128906,178.14849853515625,-0.9774944186210632,0.6482231668569147
10,14,24,train,True,0.0005136,0.36827717170119284,191.92691936150194,191.8397979736328,192.29519653320312,0.4553951919078827,-0.08711802020668985
11,13,24,train,True,1.68e-05,-0.8830641037225724,193.53296644747257,193.52371215820312,192.64990234375,-0.8738167881965637,-0.00924731552600866
12,12,24,train,True,1.44e-05,-1.31671207010746,198.2443091160059,198.25704956054688,196.92759704589844,-1.3294471502304077,0.012735080122947773
13,11,24,train,True,0.000228,-1.177664334475994,183.69795852392912,183.58993530273438,182.52029418945312,-1.0696344375610352,-0.1080298969149589
14,10,24,train,True,0.0194712,-0.01813004261814058,171.94513199574314,172.0135955810547,171.927001953125,-0.08658959716558456,0.06845955454744398
8,17,25,train,False,0.165085,-1.1176934032142163,165.8757958202064,168.1951446533203,164.7581024169922,-3.437045097351074,2.319351694136858
9,16,25,train,False,0.0964425,-0.36265245903283355,182.50645128715783,183.4076690673828,182.143798828125,-1.2638624906539917,0.9012100316211582
10,15,25,train,True,0.029045,-0.08882478760089725,195.70833162353838,195.99497985839844,195.6195068359375,-0.37548500299453735,0.2866602153936401
11,14,25,train,True,0.0012,0.3922202583774924,202.8159859183803,202.53494262695312,203.2082061767578,0.673252522945404,-0.28103226456791164
12,13,25,train,True,4.75e-05,-0.6735836473107338,205.78749050766228,205.5875701904297,205.11390686035156,-0.47367000579833984,-0.199913641512394
13,12,25,train,True,6.5e-05,-0.8132111719250679,200.70481273442508,200.52841186523438,199.8916015625,-0.6368150115013123,-0.1763961604237556
14,11,25,train,True,0.01,0.03852039048913866,187.44977611829992,187.00277709960938,187.48829650878906,0.48552748560905457,-0.4470070951199159
8,18,26,train,False,0.1649492,-0.7846570375747979,167.22205022605135,168.9344482421875,166.43739318847656,-2.497054100036621,1.7123970624618232
9,17,26,train,False,0.1070264,-0.43634703524410723,183.79244139559566,184.13848876953125,183.35609436035156,-0.7823922038078308,0.3460451685637236
10,16,26,train,True,0.0184288,-0.06583559830905869,201.50863039811375,201.5496826171875,201.4427947998047,-0.10688599944114685,0.04105040113208816
11,15,26,train,True,0.0035022,-0.23977705812081695,208.26327559327706,208.10923767089844,208.02349853515625,-0.0857338011264801,-0.15404325699433685
12,14,26,train,True,2.86e-05,0.675432013720274,216.47576732710004,216.68064880371094,217.1511993408203,0.47055140137672424,0.2048806123435497
13,13,26,train,True,6.76e-05,0.6123770593106747,211.81651698365806,211.89389038085938,212.42889404296875,0.5350021719932556,0.07737488731741904
14,12,26,train,True,0.0001066,0.48384767562150954,205.88575071305036,206.04241943359375,206.36959838867188,0.32718420028686523,0.1566634753346443
9,18,27,train,False,0.1201986,-0.2491744732297957,185.88458096737043,185.75099182128906,185.63540649414062,-0.11558739840984344,-0.13358707481995225
10,17,27,train,True,0.0907713,-0.07544671649113298,203.17053948992864,203.05120849609375,203.0950927734375,0.04389230161905289,-0.11933901811018587
11,16,27,train,True,0.003726,-0.21714318899437784,215.00394738821313,214.83755493164062,214.78680419921875,-0.0507608987390995,-0.16638229025527834
12,15,27,train,True,4.86e-05,-0.2436519531905651,222.98214682623745,223.1240234375,222.73849487304688,-0.38551750779151917,0.14186555460095407
13,14,27,train,True,4.86e-05,0.8901931026577949,224.8930100223422,224.95193481445312,225.783203125,0.8312609195709229,0.05893218308687209
14,13,27,train,True,0.000108,0.8976321771740914,219.34026760309933,219.35723876953125,220.23789978027344,0.8806660175323486,0.01696615964174275
15,12,27,train,True,0.0090018,-0.5918893757462501,206.64848422437908,206.8494110107422,206.0565948486328,-0.792813777923584,0.20092440217733387
9,19,28,train,False,0.1203468,-0.39426944983191786,186.3339667154569,185.55198669433594,185.939697265625,0.38771238923072815,-0.7819818390626461
10,18,28,train,False,0.1260672,0.1203149686101824,207.17808591029606,206.8737030029297,207.29840087890625,0.42470359802246094,-0.3043886294122785
11,17,28,train,True,0.0102452,-0.26055269084870814,218.2876523002237,218.37940979003906,218.027099609375,-0.3523032069206238,0.09175051607191564
12,16,28,train,True,0.0002604,-0.378590632006526,231.41638665251435,231.62869262695312,231.0377960205078,-0.5908867716789246,0.21229613967239858
13,15,28,train,True,5.04e-05,0.03693595056887716,232.58756050939206,232.67710876464844,232.62449645996094,-0.05261319875717163,0.0895491493260488
14,14,28,train,True,5.6e-06,1.4672337663173676,236.27795971512793,236.53684997558594,237.7451934814453,1.2083539962768555,0.2588797700405121
15,13,28,train,True,0.001148,-0.15500916657969355,221.36291016755627,221.40956115722656,221.20790100097656,-0.20165759325027466,0.04664842667058111
16,12,28,train,False,0.1600004,-0.30625066209584473,208.41985234666615,209.40614318847656,208.1136016845703,-1.292550802230835,0.9863001401349902
9,20,29,train,False,0.525364,-0.603936849180609,187.7529389243759,186.8769073486328,187.1490020751953,0.2720893919467926,-0.8760262411274016
10,19,29,train,False,0.1495037,0.009822652919683605,207.90088291348656,207.84495544433594,207.91070556640625,0.06574829667806625,-0.055925643758382645
11,18,29,train,True,0.007337,0.14710802737623452,222.86429028805344,222.78240966796875,223.0113983154297,0.2289862036705017,-0.08187817629426719
12,17,29,train,True,0.0003451,-0.36861689761281013,235.27671321108937,235.29241943359375,234.90809631347656,-0.3843193054199219,0.01570240780711174
13,16,29,train,True,0.0003451,-0.34325217448174955,242.31604575358332,242.10546875,241.97279357910156,-0.13267630338668823,-0.21057587109506132
14,15,29,train,True,5.8e-06,0.6210798487067223,244.8364244237542,245.0104522705078,245.45750427246094,0.44705310463905334,0.17402674406766894
15,14,29,train,True,0.0003596,0.4826122408360243,239.11559332557022,239.28587341308594,239.59820556640625,0.31233280897140503,0.17027943186461925
16,13,29,train,True,0.0130413,-0.43121348798274994,224.78411876142025,224.6450958251953,224.3529052734375,-0.2921954095363617,-0.13901807844638825
10,20,30,train,False,0.253251,-0.5185882261395455,211.61958615094423,211.03594970703125,211.1009979248047,0.06504900008440018,-0.5836372262239456
11,19,30,train,True,0.004728,0.2336061280220747,225.04808637686074,225.05905151367188,225.2816925048828,0.22264499962329865,0.010961128398776054
12,18,30,train,True,0.001296,-0.11651480281725526,241.6409136065282,241.63275146484375,241.52439880371094,-0.1083500012755394,-0.008164801541715866
13,17,30,train,True,0.001935,-0.6392804431915283,247.83437932014465,247.83314514160156,247.19509887695312,-0.6380469799041748,-0.00123346328735352
14,16,30,train,True,2.4e-05,0.3911791429668665,255.67461675547062,255.61964416503906,256.0657958984375,0.44615301489830017,-0.05497387193143366
15,15,30,train,True,6.6e-05,0.6062561358511448,250.62123715028167,250.60519409179688,251.2274932861328,0.6223080158233643,-0.016051879972219463
16,14,30,train,True,0.000207,0.34677324309945107,243.68243207916618,243.68124389648438,244.02920532226562,0.34795698523521423,-0.0011837421357631661
17,13,30,train,True,0.023877,-1.199247201681137,224.23814185500146,224.16510009765625,223.0388946533203,-1.1261940002441406,-0.07305320143699645
10,21,31,train,False,0.2661939,-1.1312835976481437,211.5225799843669,211.20579528808594,210.39129638671875,-0.8144962191581726,-0.31678737848997107
11,20,31,train,True,0.0139717,-0.32267495438456534,229.42367287918924,229.3590087890625,229.1009979248047,-0.2580117881298065,-0.06466316625475882
12,19,31,train,True,0.0030752,0.250742157548666,244.04295901432633,243.94483947753906,244.293701171875,0.3488534092903137,-0.0981112517416477
13,18,31,train,True,0.0022351,-0.44382276996970177,255.14922132954,254.99105834960938,254.7053985595703,-0.28565800189971924,-0.15816476806998253
14,17,31,train,True,4.34e-05,-0.4158491729944944,262.4419417022914,262.20703125,262.0260925292969,-0.18093959987163544,-0.23490957312285898
15,16,31,train,True,6.2e-06,0.1966309883352369,262.83718248822726,262.91619873046875,263.0338134765625,0.11760129779577255,0.07902969053946435
16,15,31,train,True,0.0002294,0.16171159285120665,256.7067881630082,256.73583984375,256.8684997558594,0.1326597034931183,0.029051889358088362
17,14,31,train,True,0.0034472,-0.5406528936326503,244.0298496709764,243.9455108642578,243.48919677734375,-0.4563131034374237,-0.08433979019522664
11,21,32,train,True,0.0372608,-1.0790842035412789,231.13638095647096,231.0362091064453,230.0572967529297,-0.9789080023765564,-0.10017620116472248
12,20,32,train,True,0.0032608,0.12635484654456378,249.68564161341638,249.72291564941406,249.81199645996094,0.08908479660749435,0.03727004993706942
13,19,32,train,True,0.0071712,-0.28485343951731923,259.1885399629548,259.2110290527344,258.9036865234375,-0.30733680725097656,0.022483367733657333
14,18,32,train,True,0.0002976,-0.5933926978707313,271.4968045631051,271.4070129394531,270.9034118652344,-0.503607988357544,-0.0897847095131874
15,17,32,train,True,4.16e-05,-0.5865516121685505,270.78665537193416,270.8518371582031,270.2001037597656,-0.6517496109008789,0.06519799873232845
16,16,32,train,True,6.4e-06,0.6712019953131676,271.80059976249936,271.7801513671875,272.4718017578125,0.6916368007659912,-0.020434805452823612
17,15,32,train,True,0.0005632,-0.7319759613275528,258.28846399843695,258.3169860839844,257.5564880371094,-0.7604855895042419,0.028509628176689117
18,14,32,train,True,0.0017696,-0.923173106610775,246.46537891715764,246.40028381347656,245.54220581054688,-0.8580847978591919,-0.06508830875158311
11,22,33,train,False,0.4499121,-1.4884729081392287,233.6860742264986,233.96755981445312,232.19760131835938,-1.769964575767517,0.28149166762828837
12,21,33,train,True,0.0026631,-0.9404648575186729,252.0417679581046,252.00245666503906,251.10130310058594,-0.9011605978012085,-0.03930425971746443
13,20,33,train,True,0.0069861,0.35401883579790594,264.8179782345146,264.68035888671875,265.1719970703125,0.4916324019432068,-0.13761356614530085
14,19,33,train,True,0.0006996,-0.5421238628029823,276.25882918506863,275.91497802734375,275.7167053222656,-0.19826680421829224,-0.34385705858469007
15,18,33,train,True,0.001089,-0.7240117132663727,280.8204167425632,280.95562744140625,280.0964050292969,-0.8592408895492554,0.13522917628288267
16,17,33,train,True,6.6e-06,0.11663865958340466,280.42947340096345,280.42181396484375,280.5461120605469,0.12429679930210114,-0.007658139718696472
17,16,33,train,True,0.0003894,0.10742504526395351,273.97338550161106,274.05694580078125,274.080810546875,0.023861899971961975,0.08356314529199153
18,15,33,train,True,0.0003993,-0.8995094484090805,261.56201555192473,261.6555480957031,260.6625061035156,-0.9930446743965149,0.09353522598743436
11,23,34,train,False,0.5994166,-1.7197279226779938,234.47662489533425,234.13888549804688,232.75689697265625,-1.3819818496704102,-0.33774607300758364
12,22,34,train,True,0.0068918,-1.5297906303405762,256.4893853569031,256.71331787109375,254.9595947265625,-1.7537245750427246,0.22393394470214845
13,21,34,train,True,0.0021046,0.4955695214495063,267.4047295508161,267.2519226074219,267.9002990722656,0.6483796238899231,-0.15281010244041682
14,20,34,train,True,0.0008024,-0.15779172795824706,283.59080564397385,283.4636535644531,283.4330139160156,-0.030640600249171257,-0.1271511277090758
15,19,34,train,True,0.0008092,-0.9432567811012268,287.11296503305437,287.2383117675781,286.1697082519531,-1.068610429763794,0.12535364866256715
16,18,34,train,True,4.42e-05,-0.22206335101276636,291.88246374163776,291.8389587402344,291.660400390625,-0.17855240404605865,-0.04351094696670771
17,17,34,train,True,4.76e-05,-0.08056247289292515,285.8356589084398,285.56500244140625,285.7550964355469,0.1900995969772339,-0.27066206987015906
18,16,34,train,True,7.82e-05,-0.3070432575047016,278.7318479450047,278.7208557128906,278.4248046875,-0.29606160521507263,-0.010981652289628996
12,23,35,train,False,0.269668,-1.5923553508520127,257.32325134694577,257.4681701660156,255.73089599609375,-1.7372829914093018,0.14492764055728902
13,22,35,train,True,0.0073605,-0.15708965501748026,272.51170391283,272.5493469238281,272.3546142578125,-0.19475050270557404,0.037660847688093774
14,21,35,train,True,0.0358575,0.5583074480295181,286.0529901593924,285.93475341796875,286.6112976074219,0.6765459775924683,-0.11823852956295011
15,20,35,train,True,0.0018655,-0.6882397855818272,295.43024418011305,295.6187438964844,294.74200439453125,-0.8767359852790833,0.18849619969725606
16,19,35,train,True,4.2e-05,-0.6267496836185455,299.1204630625248,298.8247985839844,298.49371337890625,-0.33108851313591003,-0.2956611704826355
17,18,35,train,True,3.5e-05,-0.14012040524743496,298.11952104001307,298.20977783203125,297.9794006347656,-0.23036499321460724,0.09024458796717227
18,17,35,train,True,0.000679,-0.13172064213082194,291.3518134155683,291.461181640625,291.2200927734375,-0.24107350409030914,0.10935286195948721
19,16,35,train,True,0.000511,-0.7669215524196624,278.9487147653103,278.804443359375,278.1817932128906,-0.6226314902305603,-0.14429006218910212
12,24,36,train,False,0.6902388,-1.5550419622659684,260.6832463079691,260.79913330078125,259.1282043457031,-1.6709271669387817,0.11588520467281338
13,23,36,train,False,0.1495044,-0.8005858883261681,275.4204894527793,274.4465637207031,274.6199035644531,0.17334559559822083,-0.9739314839243889
14,22,36,train,True,0.0717984,0.4705156020820141,292.08508742526175,292.05072021484375,292.55560302734375,0.5048835873603821,-0.034367985278367985
15,21,36,train,True,0.0131148,0.15888926365412773,299.0854039492365,299.0832824707031,299.2442932128906,0.1610088050365448,-0.002119541382417073
16,20,36,train,True,0.0001872,-0.4714360159635544,308.81042527377605,308.71405029296875,308.3389892578125,-0.3750399947166443,-0.0963960212469101
17,19,36,train,True,3.6e-05,-0.7385163047909736,306.6632294395566,306.78955078125,305.9247131347656,-0.8648592233657837,0.12634291857481006
18,18,36,train,True,2.88e-05,0.09242003811057657,306.8409906064207,306.71673583984375,306.93341064453125,0.21665440499782562,-0.12423436688724905
19,17,36,train,True,0.000324,-0.9000366842746734,293.0081299459934,293.1200256347656,292.10809326171875,-1.0119388103485107,0.11190212607383732
20,16,36,train,True,0.0399996,-0.7841414439678193,281.4249495494366,281.3716735839844,280.64080810546875,-0.7308763861656189,-0.053265057802200366
12,25,37,train,False,0.6989485,-1.2611517915129662,261.04966497510674,261.03912353515625,259.78851318359375,-1.250625491142273,-0.010526300370693242
13,24,37,train,False,0.1802455,-1.2556374043226242,279.7248451679945,278.65869140625,278.4692077636719,-0.18949200212955475,-1.0661454021930694
14,23,37,train,False,0.1138083,0.16984973565675318,295.0180469928589,294.2574157714844,295.1878967285156,0.9304779171943665,-0.7606281815376132
15,22,37,train,True,0.0379472,0.33247319154441357,305.54612788267434,305.8995666503906,305.87860107421875,-0.02097569964826107,0.35344889119267464
16,21,37,train,True,0.0001998,0.2738878747448325,313.20841192994266,313.01763916015625,313.4822998046875,0.46465688943862915,-0.19076901469379665
17,20,37,train,True,5.18e-05,-0.4181070581078529,317.1341104760766,317.1004333496094,316.71600341796875,-0.38441920280456543,-0.033687855303287495
18,19,37,train,True,0.0002072,0.1840342571400106,315.55067643621936,315.50421142578125,315.7347106933594,0.230497807264328,-0.04646355012431741
19,18,37,train,True,9.25e-05,0.08656142231542617,308.6008470249502,308.5743713378906,308.6874084472656,0.11302399635314941,-0.026462574037723244
20,17,37,train,True,0.0006327,-0.5239318536221981,296.0670226739347,296.1278991699219,295.5430908203125,-0.5847979187965393,0.06086606517434123
14,24,38,train,False,0.1047926,-0.0383828050410375,300.5975869066035,299.9275207519531,300.5592041015625,0.6316714286804199,-0.6700542337214574
15,23,38,train,True,0.07258,0.13003517102915793,309.68087791490836,309.596435546875,309.8109130859375,0.2144538015127182,-0.08441863048356027
16,22,38,train,True,0.0071706,0.41699855506420136,321.0006039839983,321.0537414550781,321.4176025390625,0.36384978890419006,0.053148766160011296
17,21,38,train,True,9.88e-05,-0.1598964925389737,323.1862026448827,323.20831298828125,323.02630615234375,-0.18200460076332092,0.022108108224347223
18,20,38,train,True,0.0001938,0.2898423756659031,327.3511488352716,327.3426513671875,327.6409912109375,0.29833340644836426,-0.008491030782461162
19,19,38,train,True,0.0001938,-0.04103900678921491,320.8457265067892,320.646240234375,320.8046875,0.15844659507274628,-0.19948560186196118
20,18,38,train,True,0.0001938,0.14787885926663877,313.10651567198335,313.12164306640625,313.25439453125,0.13275079429149628,0.015128064975142491
14,25,39,train,False,0.1355328,0.25536913879215717,302.7051411151141,301.5081787109375,302.96051025390625,1.4523073434829712,-1.196938204690814
15,24,39,train,False,0.1126437,-0.028506361523177474,315.7456999650388,315.8208312988281,315.7171936035156,-0.10363390296697617,0.07512754144379868
16,23,39,train,True,0.0500019,0.22448864195495843,325.59741077210754,325.426513671875,325.8218994140625,0.3953778147697449,-0.17088917281478644
17,22,39,train,True,0.0017316,0.46858864337205886,331.2820217081904,331.28173828125,331.7506103515625,0.4688751995563507,-0.0002865561842918529
18,21,39,train,True,0.0049998,0.6914407992362976,333.9888570523262,333.94134521484375,334.6802978515625,0.738946795463562,-0.04750599622726437
19,20,39,train,True,1.17e-05,0.1662326918495819,333.56475485697854,333.7239990234375,333.7309875488281,0.006993799936026335,0.15923889191355556
20,19,39,train,True,0.0005967,0.1956096640601754,326.2060932167992,326.41717529296875,326.4017028808594,-0.015472900122404099,0.2110825641825795
21,18,39,train,True,0.0240006,0.162111212387681,312.49929625831544,312.52484130859375,312.6614074707031,0.13655750453472137,0.02555370785295963
14,26,40,train,False,0.121992,1.8782251304388047,306.1985876137018,306.2330017089844,308.0768127441406,1.8438119888305664,0.034413141608238274
15,25,40,train,True,0.083608,-0.0564618644095026,319.4649701651908,319.2567138671875,319.40850830078125,0.1517920047044754,-0.208253869113978
16,24,40,train,True,0.003984,-0.0744014027970843,333.11560013326584,333.17303466796875,333.04119873046875,-0.13181999325752258,0.057418590460438276
17,23,40,train,True,0.032064,0.2098217123374343,337.1080798989907,337.1106262207031,337.3179016113281,0.20725999772548676,0.002561714611947541
18,22,40,train,True,8e-06,0.860965365767479,343.69262350142003,343.81036376953125,344.5535888671875,0.743224024772644,0.11774134099483491
19,21,40,train,True,5.6e-05,0.31086658760905267,341.48841930106283,341.52362060546875,341.7992858886719,0.27567198872566223,0.03519459888339044
20,20,40,train,True,2.4e-05,0.7161209517717362,341.83087611854074,342.05218505859375,342.5469970703125,0.49481600522994995,0.22130494654178623
21,19,40,train,True,0.002828,-0.026508122335653753,326.8802068528044,326.94677734375,326.85369873046875,-0.09308800101280212,0.06657987867714837
22,18,40,train,True,0.068244,0.03865771064243745,314.5657429241232,314.634521484375,314.6044006347656,-0.030128000304102898,0.06878571094654035
15,26,41,train,False,0.1201628,0.9551300691068172,323.9436736418307,324.1686096191406,324.8988037109375,0.7301967144012451,0.22493335470557208
16,25,41,train,True,0.0041,-0.27082633417099716,337.3343334142491,337.4150695800781,337.0635070800781,-0.351567804813385,0.08074147064238785
17,24,41,train,True,0.0687242,0.10375799870118499,345.0754412200488,344.93133544921875,345.17919921875,0.24786870181560516,-0.14411070311442017
18,23,41,train,True,0.0003485,0.8447200161218643,349.8541935580969,349.9093017578125,350.69891357421875,0.7895947098731995,0.05512530624866485
19,22,41,train,True,1.23e-05,1.0621505180001258,351.47944494098425,351.6189880371094,352.5415954589844,0.9226028919219971,0.13954762607812876
20,21,41,train,True,0.0001394,1.230731285214424,350.1845824354887,350.4150085449219,351.4153137207031,1.0002925395965576,0.23043874561786648
21,20,41,train,True,7.79e-05,0.921826776266098,342.8851800596714,343.1371154785156,343.8070068359375,0.6698861122131348,0.2519406640529632
22,19,41,train,True,0.0279456,0.3820107265561819,329.30869361914694,329.4099426269531,329.6907043457031,0.28075510263442993,0.10125562392175197
15,27,42,train,True,0.0950082,2.565530070066452,326.04057954907415,326.1683044433594,328.6061096191406,2.4377875328063965,0.12774253726005558
16,26,42,train,True,0.002793,-0.32695348788052797,344.1877628140524,344.1155700683594,343.8608093261719,-0.2547549903392792,-0.0721984975412488
17,25,42,train,True,0.0596148,-0.20283748771995305,350.57234432365743,350.5272216796875,350.3695068359375,-0.15772880613803864,-0.04510868158191442
18,24,42,train,True,0.005775,0.48159333094954493,359.2496078409255,359.3357849121094,359.731201171875,0.3954077959060669,0.08618553504347803
19,23,42,train,True,0.000105,0.6715319803357125,359.05936401575804,359.1528015136719,359.73089599609375,0.5781018137931824,0.09343016654253011
20,22,42,train,True,0.000147,1.4578617495298385,361.713738592267,361.8957214355469,363.1716003417969,1.2758867740631104,0.18197497546672814
21,21,42,train,True,0.0001554,1.1510512790083884,354.6192429104447,354.68707275390625,355.7702941894531,1.0832273960113525,0.0678238829970359
22,20,42,train,True,0.0002688,0.8193993711471558,346.8555884218216,346.8880920410156,347.67498779296875,0.7869200110435486,0.03247936010360719
16,27,43,train,True,0.0049708,1.228338516652584,346.5257508388162,346.7445983886719,347.75408935546875,1.009513258934021,0.21882525771856298
17,26,43,train,True,0.0618598,-0.2126187936961651,357.876406635493,357.9263000488281,357.6637878417969,-0.26248958706855774,0.04987079337239264
18,25,43,train,True,0.0053105,0.37497458294034003,364.99453225299715,364.9942321777344,365.3695068359375,0.3752574026584625,-0.0002828197181224956
19,24,43,train,True,0.0004085,0.7802465260028839,368.7119409739971,368.7774658203125,369.4921875,0.7147228121757507,0.06552371382713318
20,23,43,train,True,0.0002279,1.328882024884224,369.6970273989439,369.82861328125,371.0259094238281,1.1972920894622803,0.13158993542194364
21,22,43,train,True,0.0018619,1.4107769167423247,367.04283636450765,366.8255310058594,368.45361328125,1.6280604600906372,-0.21728354334831246
22,21,43,train,True,0.005719,1.2019094282388687,359.3713937944174,359.1706237792969,360.57330322265625,1.402667760848999,-0.20075833261013032
23,20,43,train,True,0.0428495,0.5354842573404313,346.8215103715658,346.9890441894531,347.35699462890625,0.3679453134536743,0.16753894388675694
16,28,44,train,True,0.0052184,2.682468113899231,351.7049220228195,351.8246765136719,354.38739013671875,2.5627224445343018,0.11974566936492925
17,27,44,train,True,0.0855668,0.29871680945158,362.41338035851714,362.31707763671875,362.71209716796875,0.3950327932834625,-0.0963159838318825
18,26,44,train,True,0.001584,0.13684573996812105,373.7049511350319,373.72900390625,373.841796875,0.11279159784317017,0.024054142124950884
19,25,44,train,True,0.000418,0.28567864425480366,375.9008142756671,376.0549011230469,376.1864929199219,0.1315988004207611,0.15407984383404255
20,24,44,train,True,0.0003256,1.146696681678295,380.68551767379046,380.95977783203125,381.83221435546875,0.8724163770675659,0.27428030461072916
21,23,44,train,True,0.0017556,0.9656129169464112,376.2622923564911,376.5247497558594,377.2279052734375,0.7031580209732056,0.2624548959732056
22,22,44,train,True,0.0006996,0.9247888123989105,375.3068090879917,375.4749450683594,376.2315979003906,0.7566540241241455,0.16813478827476502
23,21,44,train,True,0.0072644,0.3536859026551247,360.8366217145324,360.95208740234375,361.1903076171875,0.2382051944732666,0.11548070818185807
24,20,44,train,True,0.0512336,0.04116637147497386,349.6658343609469,349.7835693359375,349.7070007324219,-0.07656600326299667,0.11773237473797053
17,28,45,train,False,0.1361655,0.9680733543634414,368.72531653821466,368.1719665527344,369.6933898925781,1.5214405059814453,-0.5533671516180039
18,27,45,train,True,0.000513,0.2330581819266081,378.97403410322966,378.8978576660156,379.20709228515625,0.30923300981521606,-0.07617482788860797
19,26,45,train,True,0.000522,0.3246161335706711,384.92919856369497,384.9603576660156,385.2538146972656,0.29343849420547485,0.03117763936519624
20,25,45,train,True,0.0003645,0.8465978085994721,388.22389779686927,388.3746032714844,389.07049560546875,0.6958984732627869,0.15069933533668523
21,24,45,train,True,0.0006615,1.0270214956998824,387.7911852914095,387.85235595703125,388.8182067871094,0.9658550024032593,0.06116649329662316
22,23,45,train,True,0.000837,0.8575710213184357,384.8833347404003,385.0079345703125,385.74090576171875,0.7329555153846741,0.12461550593376158
23,22,45,train,True,0.000864,0.6344753447175026,376.95713842481376,377.1017761230469,377.59161376953125,0.4898270070552826,0.14464833766221996
24,21,45,train,True,0.035397,0.38207476571202276,363.9632316307723,363.9477844238281,364.3453063964844,0.3975130021572113,-0.015438236445188547
17,29,46,train,False,0.0972486,0.9081821051612496,371.3715114983544,371.7156677246094,372.2796936035156,0.5640177726745605,0.3441643324866891
18,28,46,train,True,0.0023276,0.36207309551537037,386.99632534198463,386.9696350097656,387.3583984375,0.38875898718833923,-0.026685891672968864
19,27,46,train,True,0.0007268,-0.04065386124420911,391.71576372452546,391.8299560546875,391.67510986328125,-0.15486879646778107,0.11421493522357196
20,26,46,train,True,0.0022356,0.5295655561983585,398.6692259477079,398.7733154296875,399.19879150390625,0.42549920082092285,0.1040663553774357
21,25,46,train,True,0.0006716,0.38870438665151597,396.5967997637391,396.61297607421875,396.9855041503906,0.37251099944114685,0.016193387210369115
22,24,46,train,True,9.2e-05,0.12116014926694334,398.14003980190495,398.197265625,398.2611999511719,0.06393419951200485,0.057225949754938485
23,23,46,train,True,0.0001334,-0.5704460325837135,390.51334764391186,390.362548828125,389.9429016113281,-0.4196457862854004,-0.15080024629831312
24,22,46,train,True,0.011454,-0.2543774062395096,381.9439831191301,381.9758605957031,381.6896057128906,-0.2862718105316162,0.031894404292106604
25,21,46,train,True,0.0866272,-0.4841086801886558,364.28141092628243,364.13970947265625,363.79730224609375,-0.34240299463272095,-0.14170568555593488
18,29,47,train,True,0.0012126,-0.4404981689155102,390.6511915282905,390.636962890625,390.210693359375,-0.42627501487731934,-0.014223154038190855
19,28,47,train,True,0.0013959,0.023265189328230917,400.2631422813749,400.1993408203125,400.2864074707031,0.0870634987950325,-0.06379830946680158
20,27,47,train,True,0.0022231,0.10593801810406149,405.9381598822866,406.0496826171875,406.0440979003906,-0.005575600080192089,0.11151361818425358
21,26,47,train,True,0.0019317,0.48907099321484565,407.2707251493633,407.2594909667969,407.7597961425781,0.5002974271774292,-0.011226433962583549
22,25,47,train,True,7.99e-05,0.09438341539353132,406.9541090162471,407.07794189453125,407.0484924316406,-0.029427500441670418,0.12381091583520173
23,24,47,train,True,0.0001128,-0.13559498772025108,403.4597832201421,403.3650207519531,403.3241882324219,-0.04083560034632683,-0.09475938737392425
24,23,47,train,True,0.0051982,-0.35854788847267627,395.2684599978477,395.1387023925781,394.909912109375,-0.22881489992141724,-0.12973298855125903
25,22,47,train,True,0.0316686,-0.5314919742941856,382.31408474773167,382.3596496582031,381.7825927734375,-0.5770499110221863,0.04555793672800068
18,30,48,train,True,0.0167664,-0.4757849717885256,395.70579595811665,395.6959533691406,395.2300109863281,-0.46594879031181335,-0.009836181476712225
19,29,48,train,True,0.0007728,-0.5480840207636356,404.79579520240424,404.8431701660156,404.2477111816406,-0.5954552292823792,0.047371208518743546
20,28,48,train,True,1.92e-05,-0.15626759581267835,415.87767262510954,416.0011901855469,415.7214050292969,-0.2797968089580536,0.12352921314537524
21,27,48,train,True,0.0049488,0.059230685429647566,415.47388088683596,415.4980773925781,415.5331115722656,0.03503439947962761,0.024196285950019956
22,26,48,train,True,7.68e-05,0.12908637720160188,418.6497222165484,418.70458984375,418.77880859375,0.0742143988609314,0.05487197834067048
23,25,48,train,True,0.0009696,-0.9071038642525673,413.87960752636195,413.90728759765625,412.9725036621094,-0.9347928166389465,0.02768895238637925
24,24,48,train,True,0.0073104,-0.551694810539484,411.6138896347582,411.46826171875,411.06219482421875,-0.40605440735816956,-0.14564040318131444
25,23,48,train,True,0.0067008,-1.230118437409401,397.1070105272531,397.1612243652344,395.87689208984375,-1.2843352556228638,0.0542168182134628
26,22,48,train,True,0.0922176,-0.5963139727711677,385.13790943175553,385.0908203125,384.5415954589844,-0.5492191910743713,-0.04709478169679637
19,30,49,train,True,0.0008036,-0.5291251842677593,410.22211834833024,410.2414855957031,409.6929931640625,-0.5484896898269653,0.01936450555920599
20,29,49,train,True,0.0001764,-0.9668376013636589,420.99653120487926,421.14764404296875,420.0296936035156,-1.1179499626159668,0.15111236125230787
21,28,49,train,True,0.0022687,0.11217296070419253,425.60822498851456,425.62774658203125,425.72039794921875,0.09265550225973129,0.019517458444461233
22,27,49,train,True,7.84e-05,0.3766229742765427,426.68548029720785,426.8469543457031,427.0621032714844,0.21513749659061432,0.16148547768592836
23,26,49,train,True,0.0008232,-0.06470621998887509,425.511514081317,425.4627685546875,425.4468078613281,-0.015961499884724617,-0.04874472010415047
24,25,49,train,True,0.0022001,-0.6271529406309128,422.02464439570906,422.05059814453125,421.3974914550781,-0.6531072854995728,0.025954344868659995
25,24,49,train,True,0.0022148,-0.895165191590786,413.6173636779189,413.55584716796875,412.7221984863281,-0.8336349725723267,-0.06153021901845934
26,23,49,train,True,0.0242207,-0.6919582757353783,400.09085353940725,399.904296875,399.3988952636719,-0.5053929090499878,-0.18656536668539048
19,31,50,train,True,0.00773,-1.872905930876732,414.55320378243925,414.4291687011719,412.6802978515625,-1.748865008354187,-0.12404092252254495
20,30,50,train,True,0.001585,-1.019424877166748,427.63041730880735,427.5082092285156,426.6109924316406,-0.8971949815750122,-0.1222298955917358
21,29,50,train,True,0.002515,-0.5357587787508965,431.5994489642978,431.6737365722656,431.0636901855469,-0.6100350022315979,0.0742762234807014
22,28,50,train,True,8.5e-05,0.534762267023325,437.6856356821954,437.7861328125,438.22039794921875,0.43426498770713806,0.1004972793161869
23,27,50,train,True,9.5e-05,-0.19682805981487037,434.807942561768,434.795166015625,434.6111145019531,-0.1840600073337555,-0.012768052481114872
24,26,50,train,True,9.5e-05,-0.371235062032938,435.10304658547045,435.0509338378906,434.7318115234375,-0.3191399872303009,-0.05209507480263709
25,25,50,train,True,0.000115,-1.1806115806102753,426.896126717329,426.6341247558594,425.71551513671875,-0.9186149835586548,-0.2619965970516205
26,24,50,train,True,0.008385,-0.6309661699831486,417.74916075006126,417.70135498046875,417.1181945800781,-0.5831400156021118,-0.04782615438103677
27,23,50,train,False,0.12575,-0.9168322196602822,400.2577440848947,400.03192138671875,399.3409118652344,-0.6910349726676941,-0.22579724699258807
19,32,51,train,True,0.0130407,-2.437986605167389,419.4595930504799,419.2880859375,417.0216064453125,-2.2664849758148193,-0.17150162935256974
20,31,51,train,True,0.0005202,-2.7513812601566316,432.6396869242191,432.3226013183594,429.8883056640625,-2.434288501739502,-0.3170927584171297
21,30,51,train,True,0.0025143,-0.3406472938507795,438.50965364150704,438.4582824707031,438.16900634765625,-0.2892862856388092,-0.051361008211970316
22,29,51,train,True,0.0004845,0.0716867746389471,443.90301415309546,444.1585388183594,443.9747009277344,-0.1838511973619461,0.25553797200089323
23,28,51,train,True,9.69e-05,0.5147906322777271,445.8855999927223,445.8463439941406,446.400390625,0.5540547966957092,-0.039264164417982084
24,27,51,train,True,0.0001683,0.3117415613308549,444.1703446203098,444.3116149902344,444.4820861816406,0.17049269378185272,0.14124886754900218
25,26,51,train,True,0.000306,-0.5653813320398331,440.4171879726648,440.32177734375,439.851806640625,-0.4699701964855194,-0.09541113555431369
26,25,51,train,True,0.0013974,-0.5945262962579727,431.51402092516423,431.4853820800781,430.91949462890625,-0.565882682800293,-0.02864361345767974
27,24,51,train,True,0.0484398,-0.12751578989438714,417.792707440285,417.8559875488281,417.6651916503906,-0.19079990684986115,0.063284116955474
19,33,52,train,True,0.0335348,-2.8829184305667876,422.10880954384805,421.9815673828125,419.22589111328125,-2.7556755542755127,-0.12724287629127495
20,32,52,train,True,0.0006708,-3.2204465579986574,438.6330442142487,438.327880859375,435.41259765625,-2.915269136428833,-0.3051774215698244
21,31,52,train,True,0.0030732,-1.341265805363655,443.8615599948168,443.8028259277344,442.5202941894531,-1.282513976097107,-0.058751829266548095
22,30,52,train,True,0.0027456,0.06961087790085002,452.02038545998977,451.974609375,452.0899963378906,0.1153964027762413,-0.04578552487539128
23,29,52,train,True,0.0001612,-0.09375740218209103,453.13047004866644,453.1575927734375,453.0367126464844,-0.12088800221681595,0.027130600034724922
24,28,52,train,True,0.0001144,0.8094319888949394,456.34895424157384,456.3517150878906,457.15838623046875,0.8066807985305786,0.0027511903643607782
25,27,52,train,True,0.00013,-0.43052404016256335,450.8356143721938,450.86126708984375,450.40509033203125,-0.45615240931510925,0.025628369152545905
26,26,52,train,True,0.000182,-0.17101031126920133,447.82381182494106,447.6996154785156,447.6528015136719,-0.04681079834699631,-0.12419951292220502
27,25,52,train,True,0.0052832,-0.7143485862016677,432.9948356467485,432.92913818359375,432.2804870605469,-0.6486511826515198,-0.06569740355014797
28,24,52,train,True,0.0829036,0.5980702033638954,420.2711314567924,420.3626708984375,420.86920166015625,0.506519615650177,0.09155058771371838
19,34,53,train,False,0.111777,-2.888107044696808,425.54829381227495,425.21099853515625,422.6601867675781,-2.5507864952087402,-0.33732054948806756
20,33,53,train,True,0.043778,-3.4497668778896333,441.30267215132716,441.5206298828125,437.8529052734375,-3.6677234172821045,0.21795653939247117
21,32,53,train,True,0.0176967,-1.476040512919426,449.9746367043257,450.1201171875,448.49859619140625,-1.6215225458145142,0.1454820328950881
22,31,53,train,True,0.0028885,-0.5521086601912976,457.3464201836288,457.44964599609375,456.7943115234375,-0.6553568243980408,0.10324816420674321
23,30,53,train,True,0.0031005,-0.039526829968672246,461.72553146864055,461.6375427246094,461.6860046386719,0.04844750091433525,-0.08797433088300749
24,29,53,train,True,0.0001166,0.11062919520772993,464.1420563516673,464.2911376953125,464.252685546875,-0.03844590112566948,0.1490750963333994
25,28,53,train,True,0.0003445,0.8367745283246041,462.94261389940976,462.9115295410156,463.7793884277344,0.8678706288337708,-0.03109610050916667
26,27,53,train,True,0.0016695,0.6644006732106209,458.1907018658519,458.3863220214844,458.8551025390625,0.4687795042991638,0.1956211689114571
27,26,53,train,True,0.0017278,0.5512850128114224,449.11750771179794,449.31585693359375,449.6687927246094,0.35293659567832947,0.19834841713309292
28,25,53,train,True,0.0251485,0.790232737660408,435.41127483069897,435.5049743652344,436.2015075683594,0.696530282497406,0.09370245516300202
20,34,54,train,True,0.048438,-3.282881871461868,445.7920676624775,445.36480712890625,442.5091857910156,-2.855621814727783,-0.42726005673408496
21,33,54,train,True,0.0139752,-1.693277227282524,453.7381685847044,453.8598327636719,452.0448913574219,-1.8149210214614868,0.12164379417896276
22,32,54,train,True,0.0158328,-0.4783880053460598,464.30797784909606,464.38336181640625,463.82958984375,-0.5537518262863159,0.07536382094025612
23,31,54,train,True,0.011178,-0.4665593294799328,467.7848576693237,467.7554626464844,467.31829833984375,-0.4371627867221832,-0.029396542757749555
24,30,54,train,True,0.000135,-0.1757973069511354,473.9698036546074,474.0102233886719,473.79400634765625,-0.21622879803180695,0.04043149108067154
25,29,54,train,True,0.0010044,-0.26380654640495776,471.9134952671081,471.8507385253906,471.6496887207031,-0.20104719698429108,-0.06275934942066669
26,28,54,train,True,0.0003456,1.5035883283615112,471.5318120622635,471.7647705078125,473.035400390625,1.2706315517425537,0.23295677661895753
27,27,54,train,True,0.0003564,0.697252826243639,462.67185728117823,462.7378845214844,463.3691101074219,0.6312254071235657,0.06602741912007337
28,26,54,train,True,0.0046548,1.3850554251670837,453.02174389123917,453.2237854003906,454.40679931640625,1.1830288171768188,0.20202660799026484
20,35,55,train,False,0.160215,-3.119705628156662,447.3961948859692,446.9259338378906,444.2764892578125,-2.6494300365448,-0.47027559161186216
21,34,55,train,True,0.0624085,-1.336839458346367,458.4270494192839,458.3353271484375,457.0902099609375,-1.245116949081421,-0.09172250926494607
22,33,55,train,True,0.028875,-0.8048878321051598,468.47978407233956,468.5433349609375,467.6748962402344,-0.8684279918670654,0.06354015976190563
23,32,55,train,True,0.027016,-0.3660813790559769,475.19368758022785,475.05364990234375,474.8276062011719,-0.2260504961013794,-0.14003088295459748
24,31,55,train,True,0.000231,-0.39117961555719377,480.2194877210259,480.2565002441406,479.82830810546875,-0.42819100618362427,0.037011390626430496
25,30,55,train,True,0.0002585,-0.3736953707039356,482.1356887789071,482.07635498046875,481.7619934082031,-0.31435850262641907,-0.059336868077516536
26,29,55,train,True,0.000308,0.37481766574084757,481.02487105496226,481.0628967285156,481.3996887207031,0.33680450916290283,0.03801315657794474
27,28,55,train,True,0.000407,1.683935160636902,476.62047768115997,476.8291320800781,478.3044128417969,1.4752780199050903,0.20865714073181163
28,27,55,train,True,0.000704,1.6388261038064957,467.22927692353727,467.3527526855469,468.86810302734375,1.5153625011444092,0.12346360266208656
29,26,55,train,False,0.155562,1.072867538034916,451.9989403232932,452.8698425292969,453.0718078613281,0.20196500420570374,0.8709025338292122
20,36,56,train,False,0.2496424,-2.8298032212257387,451.0556027817726,449.8572692871094,448.2257995605469,-1.6314624547958374,-1.1983407664299013
21,35,56,train,False,0.2596664,-1.4068357944488525,461.39633774757385,461.08038330078125,459.989501953125,-1.0908735990524292,-0.31596219539642334
22,34,56,train,False,0.1002008,-0.5716786205768585,474.3898854076862,474.2051696777344,473.8182067871094,-0.38697201013565063,-0.18470661044120784
23,33,56,train,False,0.1758848,-0.5219316300749779,480.16682909101246,480.1832275390625,479.6448974609375,-0.5383335947990417,0.016401964724063856
24,32,56,train,True,0.0005768,-0.40446925669908523,488.68407130748034,488.50262451171875,488.27960205078125,-0.22301040589809418,-0.18145885080099106
25,31,56,train,True,0.0002912,-0.6835044631361962,489.3048118361831,489.3468017578125,488.6213073730469,-0.7255048155784607,0.04200035244226452
26,30,56,train,True,0.0002688,-0.12554403346963228,492.4195503811259,492.25994873046875,492.29400634765625,0.0340472012758255,-0.15959123474545778
27,29,56,train,True,0.000476,0.6488714382052422,486.69481752663853,486.91094970703125,487.34368896484375,0.43273839354515076,0.21613304466009142
28,28,56,train,True,0.0003976,2.174950962662697,484.07745992600917,483.9957275390625,486.2524108886719,2.2566583156585693,-0.08170735299587228
29,27,56,train,True,0.0063952,0.5536170771718025,467.6644920536876,467.93548583984375,468.2181091308594,0.28262078762054443,0.2709962895512581
21,36,57,train,False,0.179778,-1.1601755809783936,465.42296244621275,465.0155029296875,464.2627868652344,-0.7526962161064148,-0.4074793648719788
22,35,57,train,False,0.2058783,-0.6798100373148919,477.64532517403364,477.2553405761719,476.96551513671875,-0.2898455858230591,-0.3899644514918328
23,34,57,train,True,0.0847647,-0.3616847225278616,486.56587783776223,486.5062255859375,486.2041931152344,-0.3020119071006775,-0.05967281542718411
24,33,57,train,True,0.0018639,-0.4589805254340172,493.9048728594184,493.81378173828125,493.4458923339844,-0.36788859963417053,-0.09109192579984665
25,32,57,train,True,0.0015048,-0.5813194100558757,498.16490705654024,497.99273681640625,497.5835876464844,-0.4091322124004364,-0.17218719765543933
26,31,57,train,True,0.0002679,-0.45309561505913737,500.04638785138724,499.9061279296875,499.5932922363281,-0.3128252923488617,-0.14027032271027567
27,30,57,train,True,0.000513,0.6757152932882309,498.1592761617899,498.28741455078125,498.8349914550781,0.5475835204124451,0.1281317728757858
28,29,57,train,True,0.0005643,1.743351114988327,494.0673483479023,494.2433776855469,495.8106994628906,1.567325234413147,0.17602588057517998
29,28,57,train,True,0.0005016,1.6672467362880707,484.4601641523838,484.68609619140625,486.1274108886719,1.4413177967071533,0.22592893958091742
21,37,58,train,False,0.1900254,-1.2939704838395119,467.9440559330583,467.1867370605469,466.65008544921875,-0.536628782749176,-0.7573417010903358
22,36,58,train,False,0.183338,-0.49631542339921,482.8681110776961,481.84246826171875,482.3717956542969,0.5293179750442505,-1.0256333984434605
23,35,58,train,False,0.095816,-0.3711343629658222,490.73063143327835,490.57305908203125,490.3594970703125,-0.21354800462722778,-0.1575863583385944
24,34,58,train,True,0.0029812,-0.37527859255671503,501.3654824499786,501.3519287109375,500.9902038574219,-0.3617245852947235,-0.013554007261991519
25,33,58,train,True,0.0027028,-0.7392227998375893,504.3581192842126,504.40533447265625,503.618896484375,-0.786440372467041,0.0472175726294517
26,32,58,train,True,0.000319,-0.5190052616596222,509.9076161015034,509.95068359375,509.38861083984375,-0.5620971918106079,0.04309193015098567
27,31,58,train,True,0.0011542,-0.08776117636356502,506.94905878378546,506.8603820800781,506.8612976074219,0.000929799978621304,-0.08869097634218633
28,30,58,train,True,0.000348,1.6745038670301438,506.3045000392199,506.4595947265625,507.97900390625,1.5193982124328613,0.15510565459728243
29,29,58,train,True,0.0005626,0.9752128857374192,497.0884772998095,497.1162414550781,498.0636901855469,0.9474632143974304,0.027749671339988735
30,28,58,train,True,0.0500018,1.6412634700536728,486.7201256901026,486.96490478515625,488.36138916015625,1.3964914083480835,0.2447720617055893
21,38,59,train,False,0.2496408,-1.205970247387886,471.4983591634035,470.6080322265625,470.2923889160156,-0.315630704164505,-0.8903395432233809
23,36,59,train,False,0.1373992,-0.2288369346410036,496.3566445518285,495.82440185546875,496.1278076171875,0.3033994138240814,-0.532236348465085
24,35,59,train,True,0.0006726,-0.3216218236833811,505.766110349074,505.54736328125,505.4444885253906,-0.10287050157785416,-0.21875132210552695
25,34,59,train,True,0.0023305,-0.5441424663364888,512.1643512065708,512.1744384765625,511.6202087402344,-0.5542215704917908,0.010079104155301999
26,33,59,train,True,0.0003304,-0.5872344233095645,516.4021147944034,516.5316772460938,515.8148803710938,-0.7168014049530029,0.12956698164343838
27,32,59,train,True,0.0003953,-0.035105911057908085,517.2317001493392,517.314208984375,517.1965942382812,-0.11763609945774078,0.0825301883998327
28,31,59,train,True,0.000354,0.9160866898298263,515.5572409468889,515.4588623046875,516.4733276367188,1.0144191980361938,-0.09833250820636752
29,30,59,train,True,0.000531,1.2861512672901154,509.67585434794427,509.878173828125,510.9620056152344,1.0838407278060913,0.2023105394840241
30,29,59,train,True,0.0007611,1.2701185429096222,499.76357286334036,499.9530334472656,501.03369140625,1.0806682109832764,0.18945033192634586
22,38,60,train,False,0.240324,-0.5391875553131104,490.29657280921936,489.1671447753906,489.75738525390625,0.5902519822120667,-1.129439537525177
23,37,60,train,False,0.181944,-0.25621021727100013,500.0063017700054,499.37249755859375,499.7500915527344,0.377593994140625,-0.6338042114116251
24,36,60,train,True,0.001116,-0.20326146271079779,512.4380637088045,512.4112548828125,512.2348022460938,-0.1764560043811798,-0.026805458329617976
25,35,60,train,True,0.002328,-0.5799934381246566,517.5635139459372,517.6883544921875,516.9835205078125,-0.7048519849777222,0.12485854685306552
26,34,60,train,True,0.003408,-0.5446785877645016,525.239869017452,525.3512573242188,524.6951904296875,-0.656033992767334,0.11135540500283236
27,33,60,train,True,0.000402,-0.4913777258992195,524.8872517493368,524.80615234375,524.3958740234375,-0.41025200486183167,-0.08112572103738785
28,32,60,train,True,0.000354,0.6574074865877628,526.8831808923185,526.8466186523438,527.5405883789062,0.6939859986305237,-0.03657851204276086
29,31,60,train,True,0.001614,0.33701127260923386,519.8542729070782,519.936279296875,520.1912841796875,0.2550179958343506,0.08199327677488327
30,30,60,train,True,0.000546,1.3680985099077225,514.8949019783736,514.983154296875,516.2630004882812,1.2798559665679932,0.08824254333972936
23,38,61,train,False,0.2349171,-0.23837093153968453,505.09976009169594,504.5335388183594,504.86138916015625,0.32785630226135254,-0.566227233801037
24,37,61,train,True,0.0018605,-0.14394715271890163,516.2520404144376,516.070556640625,516.1080932617188,0.03752259910106659,-0.18146975181996822
25,36,61,train,True,0.0023302,-0.3330758458375931,524.5108712559938,524.5338745117188,524.1777954101562,-0.35605770349502563,0.022981857657432547
26,35,61,train,True,0.0026108,-0.5172897836565972,530.9187790414691,530.9298706054688,530.4014892578125,-0.5283846259117126,0.011094842255115478
27,34,61,train,True,0.0008418,-0.3705095722526312,534.1347307636589,534.1251831054688,533.7642211914062,-0.36101099848747253,-0.009498573765158669
28,33,61,train,True,0.0003538,0.1631240633688867,534.9988022061624,534.6666870117188,535.1619262695312,0.495185911655426,-0.3320618482865393
29,32,61,train,True,0.0009516,0.5323840945959091,531.379236999154,531.6464233398438,531.91162109375,0.26519718766212463,0.26718690693378444
30,31,61,train,True,0.0158966,0.7928069168329239,525.3044831222296,525.2288818359375,526.0972900390625,0.8684021830558777,-0.07559526622295376
31,30,61,train,True,0.0379908,0.8102846595644951,515.1167172935606,515.2322998046875,515.927001953125,0.6946907043457031,0.11559395521879201
23,39,62,train,False,0.2642874,-0.3941332001984119,508.4568468232453,507.6408996582031,508.0627136230469,0.4217970073223114,-0.8159302075207233
24,38,62,train,True,0.0034472,-0.0893435139209032,522.3647341389209,522.4979858398438,522.275390625,-0.22260020673274994,0.13325669281184674
25,37,62,train,True,0.006541,-0.30414755575358865,529.2992647432536,529.3870239257812,528.9951171875,-0.39191240072250366,0.08776484496891501
26,36,62,train,True,0.0027962,-0.38651335939764975,538.9032980273664,538.958740234375,538.5167846679688,-0.4419521987438202,0.05543883934617044
27,35,62,train,True,0.0185752,-0.6270002487301827,540.9144758346677,540.7227783203125,540.2874755859375,-0.4352514147758484,-0.19174883395433429
28,34,62,train,True,0.0004278,-0.05947815459221602,545.3706964163109,545.262451171875,545.3112182617188,0.04875899851322174,-0.10823715310543776
29,33,62,train,True,0.0006386,-0.23170217163860798,540.5255864489824,540.5211791992188,540.2938842773438,-0.22730180621147156,-0.004400365427136427
30,32,62,train,True,0.0006138,0.5519792260229588,538.0026472388208,538.119384765625,538.5546264648438,0.43520379066467285,0.11677543535828594
31,31,62,train,True,0.0006386,-0.09084536855109036,528.1041510326136,528.156005859375,528.0133056640625,-0.14268380403518677,0.051838435484096404
23,40,63,train,False,0.3399984,-0.4863696432113647,513.1223559713363,512.2391967773438,512.635986328125,0.3968032896518707,-0.8831729328632354
24,39,63,train,True,0.0726579,-0.16500522071728482,525.8437161582173,525.89501953125,525.6787109375,-0.2163074016571045,0.05130218093981967
25,38,63,train,True,0.0037233,-0.0949434502562508,535.6103243096312,535.8214111328125,535.515380859375,-0.30602601170539856,0.21108256144914778
26,37,63,train,True,0.0043029,-0.26407471634447577,543.8942016694695,543.7876586914062,543.630126953125,-0.15754370391368866,-0.10653101243078711
27,36,63,train,True,0.0185724,-0.401729054749012,549.243525929749,549.2212524414062,548.841796875,-0.379423588514328,-0.02230546623468399
28,35,63,train,True,0.0004284,-0.2759167326614261,552.4874035490677,552.1002197265625,552.2114868164062,0.11128350347280502,-0.3872002361342311
29,34,63,train,True,0.0004284,-0.033023759147617966,551.0562171185226,551.3848266601562,551.023193359375,-0.3616451919078827,0.32862143276026473
30,33,63,train,True,0.0015624,0.19777317345142365,547.2731130570173,547.236083984375,547.4708862304688,0.23484419286251068,-0.037071019411087036
31,32,63,train,True,0.0013041,0.31670109026134013,540.8458965659887,540.787353515625,541.16259765625,0.37521791458129883,-0.058516824319958693
32,31,63,train,True,0.0372582,0.3724020212888718,530.3808938771487,530.379150390625,530.7532958984375,0.374147891998291,-0.0017458707094192283
24,40,64,train,False,0.2999424,-0.23402686133980752,531.5670346738398,531.427978515625,531.3330078125,-0.09500639885663986,-0.13902046248316766
25,39,64,train,True,0.0035392,-0.08221415056847035,539.974914345881,539.9946899414062,539.8927001953125,-0.10202000290155411,0.019805852333083754
26,38,64,train,True,0.0050176,-0.08969172151759267,551.1971135965176,551.19287109375,551.107421875,-0.08548320084810257,-0.004208520669490096
27,37,64,train,True,0.0200064,-0.46122626706957814,555.2713458959759,555.2333984375,554.8101196289062,-0.4233272075653076,-0.03789905950427053
28,36,64,train,True,0.0004608,-0.291421240195632,561.8832181151956,561.7576904296875,561.591796875,-0.16587680578231812,-0.12554443441331387
29,35,64,train,True,0.0004288,-0.5175799691677093,559.2240619027615,559.3007202148438,558.7064819335938,-0.5942103862762451,0.0766304171085358
30,34,64,train,True,0.0006464,-0.04198933863313869,559.0071992995706,559.0979614257812,558.9652099609375,-0.1327648013830185,0.0907754627498798
31,33,64,train,True,0.0014272,-0.4767415697872639,551.2516439135372,551.1444091796875,550.77490234375,-0.36952880024909973,-0.10721276953816417
32,32,64,train,True,0.0037248,0.18581926964223386,545.9257529959827,545.8447265625,546.111572265625,0.26684480905532837,-0.08102553941309451
25,40,65,train,True,0.0037245,-0.059469950140919534,545.9104831337347,546.0443725585938,545.8510131835938,-0.19334299862384796,0.13387304848292841
26,39,65,train,True,0.005109,0.08586794150527567,555.6498498319322,555.5125732421875,555.7357177734375,0.223144993185997,-0.13727705168072135
27,38,65,train,True,0.00208,-0.15314928481355308,562.8315550465323,562.697509765625,562.6784057617188,-0.01911200024187565,-0.13403728457167743
28,37,65,train,True,0.000481,-0.2974922503530979,568.1925728167594,567.8557739257812,567.8950805664062,0.039344001561403275,-0.3368362519145012
29,36,65,train,True,0.0006435,-0.2676432359963655,568.8664591539651,569.2113037109375,568.5988159179688,-0.6124855279922485,0.344842291995883
30,35,65,train,True,0.0006435,-0.18350497767329216,567.3009976534545,567.0772705078125,567.1174926757812,0.04021000117063522,-0.22371497884392738
31,34,65,train,True,0.000793,-0.07820776112377643,562.9654147923737,563.0404052734375,562.88720703125,-0.1532064974308014,0.07499873630702496
32,33,65,train,True,0.0021645,0.017373220687732102,556.2815159394685,556.0787963867188,556.2988891601562,0.22010399401187897,-0.20273077332414685
33,32,65,train,True,0.0847665,0.03293609183980152,545.6206893964414,545.7553100585938,545.6536254882812,-0.10168150067329407,0.13461759251309557
25,41,66,train,True,0.0111804,-0.2622605621442199,549.6995774566755,549.898681640625,549.4373168945312,-0.4614076018333435,0.19914703968912362
26,40,66,train,True,0.0040986,0.2381063040345907,562.443900531903,562.433837890625,562.6820068359375,0.2481829971075058,-0.010076693072915088
27,39,66,train,True,0.0139722,-0.019778899187222122,568.2154576101248,567.9921875,568.1956787109375,0.20353460311889648,-0.2233135023061186
28,38,66,train,True,0.0013992,-0.17868966862559318,576.8071076373756,576.8075561523438,576.62841796875,-0.17916759848594666,0.00047792986035347096
29,37,66,train,True,0.0006468,-0.5004142497479915,576.204515812248,576.2772216796875,575.7041015625,-0.5731179714202881,0.07270372167229655
30,36,66,train,True,0.0007458,-0.2552830894291401,578.0520970542728,578.1358032226562,577.7968139648438,-0.339011013507843,0.08372792407870294
31,35,66,train,True,0.0010956,-0.5652356295287609,572.3227429537475,572.177978515625,571.7575073242188,-0.4204646050930023,-0.14477102443575862
32,34,66,train,True,0.0024024,-0.18031290046870707,569.2885282325,569.2789306640625,569.1082153320312,-0.17072780430316925,-0.00958509616553782
33,33,66,train,True,0.0056826,-0.6603241248428822,558.6382293982804,558.9146118164062,557.9779052734375,-0.9367244243621826,0.27640029951930045
26,41,67,train,True,0.003819,0.21959425877779723,566.2086894326285,566.1456909179688,566.4282836914062,0.2825947105884552,-0.06300045181065797
27,40,67,train,True,0.0064454,0.32879303835332396,575.1582064733655,574.9767456054688,575.4869995117188,0.5102726221084595,-0.1814795837551355
28,39,67,train,True,0.0028877,0.009629992134869099,582.4290907109902,582.6152954101562,582.438720703125,-0.17658349871635437,0.18621349085122346
29,38,67,train,True,0.0008911,-0.19059911847114563,585.0729843723774,585.4097900390625,584.8823852539062,-0.5273998975753784,0.3368007791042328
30,37,67,train,True,0.0007571,-0.22674632221460342,585.5348517909646,585.1882934570312,585.30810546875,0.119822196662426,-0.34656851887702944
31,36,67,train,True,0.0011792,-0.2254008089751005,583.2131937777251,583.4047241210938,582.98779296875,-0.4169110059738159,0.1915101969987154
32,35,67,train,True,0.0043215,-0.19059860315173865,578.6791239937768,578.4169311523438,578.488525390625,0.07157719880342484,-0.2621758019551635
33,34,67,train,True,0.0004422,-0.14452992867678405,571.586729635708,571.548095703125,571.4421997070312,-0.10588949918746948,-0.038640429489314565
34,33,67,train,True,0.067067,-0.16655807910487055,560.7294853251987,560.7587890625,560.5629272460938,-0.19590480625629425,0.029346727151423696
27,41,68,train,True,0.0038556,0.470224986076355,579.6260884904862,579.3688354492188,580.0963134765625,0.7274531722068787,-0.2572281861305237
28,40,68,train,True,0.0029784,0.30566863298416136,590.3243362498283,590.40771484375,590.6300048828125,0.2222643941640854,0.08340423882007597
29,39,68,train,True,0.0015844,-0.1604496817663312,591.67015427161,591.7286376953125,591.5097045898438,-0.2189083993434906,0.0584587175771594
30,38,68,train,True,0.000782,-0.15998466446995735,595.4543572230637,595.3863525390625,595.2943725585938,-0.09197600185871124,-0.0680086626112461
31,37,68,train,True,0.001428,-0.4372946608066559,591.6744162428379,591.6829223632812,591.2371215820312,-0.44582599401474,0.00853133320808408
32,36,68,train,True,0.0018768,-0.2688208930939436,590.7076026313752,590.7933349609375,590.4387817382812,-0.35452279448509216,0.08570190139114858
33,35,68,train,True,0.0018428,-0.5959931835532188,582.0765229687095,581.9266967773438,581.4805297851562,-0.44620761275291443,-0.1497855708003044
34,34,68,train,True,0.0004964,-0.25511364050209523,576.3813343436271,576.4392700195312,576.126220703125,-0.3130775988101959,0.057963958308100694
27,42,69,train,True,0.085698,0.4074749527871609,585.9201007308066,586.1830444335938,586.3275756835938,0.1445721983909607,0.2629027543962002
28,41,69,train,True,0.003726,0.5040078015625477,594.9262900499999,594.993896484375,595.4302978515625,0.43641379475593567,0.06759400680661198
29,40,69,train,True,0.0014007,0.3363666992634535,599.7456035155803,599.9691162109375,600.0819702148438,0.1128963977098465,0.22347030155360698
30,39,69,train,True,0.0007935,0.10262018747162074,602.1641034453409,601.8684692382812,602.2667236328125,0.3982540965080261,-0.2956339090364054
31,38,69,train,True,0.0012006,-0.05073924876982346,601.7601508698635,601.9960327148438,601.7094116210938,-0.28660619258880615,0.23586694381898268
32,37,69,train,True,0.0013179,-0.10589527384378015,599.2420036722813,598.9865112304688,599.1361083984375,0.14958399534225464,-0.2554792691860348
33,36,69,train,True,0.0320022,-0.16137436274439096,594.1801731908694,594.2156982421875,594.018798828125,-0.19687660038471222,0.03550223764032126
34,35,69,train,True,0.0014904,-0.22462842654436826,586.9361152429506,586.755859375,586.7114868164062,-0.04436580091714859,-0.18026262562721967
35,34,69,train,True,0.0420003,-0.2677756731212139,575.8679953996838,575.7982788085938,575.6002197265625,-0.1980794072151184,-0.06969626590609551
27,43,70,train,True,0.01099,0.3575343092530966,590.2833958665282,590.3938598632812,590.6409301757812,0.2470400035381317,0.11049430571496488
28,42,70,train,True,0.002142,0.3847367350757122,602.2058394367992,602.3004150390625,602.590576171875,0.2901810109615326,0.09455572411417962
29,41,70,train,True,0.001085,0.5323289714753627,605.2349439777433,605.2805786132812,605.7672729492188,0.4867149889469147,0.04561398252844806
30,40,70,train,True,0.001918,0.349395062699914,611.3125922419875,611.0866088867188,611.6619873046875,0.5753980278968811,-0.2260029651969671
31,39,70,train,True,0.001204,0.015402058134786784,609.421304484834,609.649658203125,609.4367065429688,-0.2129559963941574,0.2283580545289442
32,38,70,train,True,0.000819,-0.058719445215538145,610.4091222772468,610.5192260742188,610.3504028320312,-0.16879600286483765,0.1100765576492995
33,37,70,train,True,0.0014,-0.3054570772498846,603.7005376436562,603.5087890625,603.3950805664062,-0.11368700116872787,-0.1917700760811567
34,36,70,train,True,0.001582,-0.26124443985521795,600.1700579164177,600.3223876953125,599.9088134765625,-0.413565993309021,0.15232155345380305
35,35,70,train,True,0.014903,-0.758967017531395,588.9784494394064,589.0357666015625,588.219482421875,-0.8162479996681213,0.05728098213672639
27,44,71,train,False,0.4650287,0.4140051929652691,596.1071740062534,596.3101196289062,596.5211791992188,0.2110576033592224,0.2029475896060467
28,43,71,train,True,0.0022365,0.3723950110375881,606.7425341881811,606.5640869140625,607.1149291992188,0.5507956147193909,-0.17840060368180277
29,42,71,train,True,0.001491,0.3415922478586435,612.8980317755788,613.086669921875,613.2396240234375,0.15294569730758667,0.18864655055105684
30,41,71,train,True,0.0026554,0.5511180716753006,617.1321705025434,616.9219360351562,617.6832885742188,0.7613393068313599,-0.21022123515605928
31,40,71,train,True,0.0008094,0.5249465776979924,618.7300583051145,618.949951171875,619.2550048828125,0.3050450086593628,0.21990156903862956
32,39,71,train,True,0.0008165,0.3766531652212143,618.0890450769663,617.9351196289062,618.4656982421875,0.5305622220039368,-0.1539090567827225
33,38,71,train,True,0.0041606,0.1530561888590455,614.9793290650472,615.139404296875,615.1323852539062,-0.006984999869018793,0.1600411887280643
34,37,71,train,True,0.0027974,-0.036964059062302115,609.8080822231248,609.6102905273438,609.7711181640625,0.16079740226268768,-0.19776146132498978
35,36,71,train,True,0.0054031,-0.2214478451013565,602.2582520443201,602.183837890625,602.0368041992188,-0.1470658928155899,-0.0743819522857666
36,35,71,train,False,0.1287656,-0.3819810395687819,591.0784532075376,591.226318359375,590.6964721679688,-0.5298010110855103,0.14781997151672838
28,44,72,train,True,0.0022392,0.39536807835102084,613.554827234149,613.4552612304688,613.9501953125,0.49495041370391846,-0.09958233535289762
29,43,72,train,True,0.0013968,0.24571127891540528,618.346207666397,618.2298583984375,618.5919189453125,0.36205679178237915,-0.11634551286697387
30,42,72,train,True,0.0021456,0.12309793167747557,625.8615212089476,625.8099975585938,625.984619140625,0.17461839318275452,-0.05152046150527895
31,41,72,train,True,0.0008208,0.6354701918363571,625.4518100816011,625.470458984375,626.0872802734375,0.6168704032897949,0.01859978854656219
32,40,72,train,True,7.92e-05,0.436656472235918,628.6073498754204,628.6857299804688,629.0440063476562,0.358295202255249,0.078361269980669
33,39,72,train,True,0.0040824,0.3250777445733547,623.6186478413641,623.5472412109375,623.9437255859375,0.3964408040046692,-0.07136305943131449
34,38,72,train,True,0.0019584,0.01248693405126687,622.1769051557925,622.4033203125,622.1893920898438,-0.21389439702033997,0.22638133107160685
35,37,72,train,True,0.0010224,-0.45826967895030973,612.9813409680128,612.8145141601562,612.5230712890625,-0.29140719771385193,-0.1668624812364578
36,36,72,train,True,0.0080136,-0.4359703485667705,606.9487877313793,606.9110107421875,606.5128173828125,-0.39818960428237915,-0.03778074428439138
28,45,73,train,True,0.0024236,0.5946086783707142,617.6688800911605,617.40869140625,618.2634887695312,0.8548383116722107,-0.2602296333014965
29,44,73,train,True,0.0019418,0.18503482673317195,625.4881829467043,625.505615234375,625.6732177734375,0.16759729385375977,0.017437532879412188
30,43,73,train,True,0.0018615,0.06335689014289528,631.4935278754821,631.3292236328125,631.556884765625,0.22767849266529083,-0.16432160252239555
31,42,73,train,True,0.001679,0.22788603054359555,634.5186960007064,634.65283203125,634.74658203125,0.09379799664020538,0.13408803390339016
32,41,73,train,True,5.84e-05,0.6119683589041233,635.6333319340646,635.4686279296875,636.2453002929688,0.7766500115394592,-0.16468165263533596
33,40,73,train,True,0.0038544,0.6168764565885066,634.368108894974,634.341552734375,634.9849853515625,0.6434773206710815,-0.026600864082574893
34,39,73,train,True,0.0074241,0.44913861200213434,630.9815864856541,630.8338012695312,631.4307250976562,0.5968856811523438,-0.1477470691502094
35,38,73,train,True,0.0067379,0.07763275849632918,625.4227944875975,625.4698486328125,625.5004272460938,0.030538100749254227,0.047094657747074956
36,37,73,train,True,0.0065773,-0.25575878012925385,617.7768769441917,617.593505859375,617.5211181640625,-0.0723830983042717,-0.18337568182498215
37,36,73,train,True,0.0407924,-0.5200143742561341,606.4738107609749,606.27099609375,605.9537963867188,-0.31719329953193665,-0.20282107472419741
29,45,74,train,True,0.0061494,0.26601579889655114,630.5484983612597,630.595703125,630.8145141601562,0.21881580352783203,0.047199995368719105
30,44,74,train,True,0.002516,-0.0926058704406023,639.5658114368468,639.5638427734375,639.4732055664062,-0.09064780175685883,-0.001958068683743472
31,43,74,train,True,0.002997,0.06867184064351023,641.0212329445127,641.0744018554688,641.0899047851562,0.015497599728405476,0.053174240915104753
32,42,74,train,True,2.22e-05,0.01376989669399336,645.658837525181,645.6648559570312,645.672607421875,0.007718599867075682,0.006051296826917678
33,41,74,train,True,0.0016946,0.641718044579029,642.2885798069834,642.3201293945312,642.9302978515625,0.610152006149292,0.03156603842973704
34,40,74,train,True,2.22e-05,0.40592452988028527,642.7650959779322,642.8909301757812,643.1710205078125,0.2800529897212982,0.12587154015898705
35,39,74,train,True,0.0058386,0.1714630563603714,635.2122649709834,635.1835327148438,635.3837280273438,0.20014899969100952,-0.02868594333063812
36,38,74,train,True,0.0020128,-0.28910837799310685,631.4125214639306,631.4448852539062,631.1234130859375,-0.3214859962463379,0.032377618253231044
37,37,74,train,True,0.0030266,-1.0974100357294083,619.9974954849481,620.2467041015625,618.9000854492188,-1.346610188484192,0.24920015275478358
29,46,75,train,True,0.00072,0.515303463935852,637.0595256376266,637.1309814453125,637.5748291015625,0.4437924921512604,0.07151097178459165
30,45,75,train,True,0.0019575,0.011079754631500691,644.7633953430247,644.4373779296875,644.7744750976562,0.3371424973011017,-0.326062742669601
31,44,75,train,True,0.0006675,-0.11784409884363413,649.4200291574374,649.5567626953125,649.3021850585938,-0.2545374929904938,0.13669339414685966
32,43,75,train,True,5.25e-05,0.025892234450438992,652.2599964374245,652.1707153320312,652.285888671875,0.11518000066280365,-0.08928776621236466
33,42,75,train,True,0.000885,0.29735442958772185,652.4602749649436,652.5656127929688,652.7576293945312,0.19199000298976898,0.10536442659795286
34,41,75,train,True,7.5e-05,0.562217196971178,650.9540791897475,650.9185180664062,651.5162963867188,0.5977575182914734,-0.03554032132029539
35,40,75,train,True,0.0042825,0.4890674424171448,647.1349559950828,647.07373046875,647.6240234375,0.550272524356842,-0.06120508193969726
36,39,75,train,True,0.0081075,0.08488323122262954,641.3867964562774,641.5079956054688,641.4716796875,-0.03629250079393387,0.12117573201656341
37,38,75,train,True,0.0011775,-0.3939620743691921,633.4863693009316,633.6207275390625,633.0924072265625,-0.528315007686615,0.13435293331742287
38,37,75,train,False,0.220005,-0.653740162551403,621.9538500258327,622.2383422851562,621.3001098632812,-0.9382699728012085,0.2845298102498055
29,47,76,train,True,0.000912,0.8485025781393051,641.7116170507669,641.7137451171875,642.5601196289062,0.8463631868362427,0.002139391303062399
30,46,76,train,True,0.0014592,0.11849388293921947,652.2513181287795,652.2528076171875,652.3698120117188,0.11701399832963943,0.00147988460958004
31,45,76,train,True,0.0019532,-0.11203640192747116,655.4895388433338,655.4640502929688,655.3775024414062,-0.08656720072031021,-0.025469201207160952
32,44,76,train,True,2.28e-05,-0.24319723084568978,661.5173671527207,661.5979614257812,661.274169921875,-0.32376641035079956,0.08056917950510978
33,43,76,train,True,0.0008892,0.1839202309027314,659.9050079917536,659.8941040039062,660.0889282226562,0.19479280710220337,-0.010872576199471962
34,42,76,train,True,2.28e-05,0.05291305126156658,662.0026899760821,662.0723266601562,662.0556030273438,-0.01673560030758381,0.06964865156915039
35,41,76,train,True,0.0093252,0.520974099189043,656.1293554906547,656.3270874023438,656.6503295898438,0.3231920003890991,0.1977820987999439
36,40,76,train,True,0.0040128,0.048522083186544475,654.3084725457197,654.2694091796875,654.3569946289062,0.08761479705572128,-0.03909271386917681
37,39,76,train,True,0.0009348,-0.7861267083883285,644.8198181146383,644.9524536132812,644.03369140625,-0.9187235832214355,0.132596874833107
38,38,76,train,True,0.034466,-0.58857336550951,637.9879874280095,637.9386596679688,637.3994140625,-0.5392343997955322,-0.04933896571397778
29,48,77,train,True,0.0012089,1.4493865209817887,647.6090241235495,647.666259765625,649.0584106445312,1.3921422958374023,0.05724422514438632
30,47,77,train,True,0.0019712,0.48449631974101065,656.969605242759,656.810302734375,657.4541015625,0.6438151001930237,-0.15931878045201303
31,46,77,train,True,0.0024255,-0.05851640238426626,663.2653035117593,663.2310791015625,663.206787109375,-0.02428390085697174,-0.03423250152729452
32,45,77,train,True,5.39e-05,-0.18768581157550215,667.7492092490755,667.6692504882812,667.5615234375,-0.1077561005949974,-0.07992971098050475
33,44,77,train,True,0.001694,-0.06088087024632841,669.4790937608714,669.5903930664062,669.418212890625,-0.1721753031015396,0.1112944328552112
34,43,77,train,True,6.16e-05,0.14367455994710326,669.5572531744278,669.4912109375,669.700927734375,0.20970839262008667,-0.0660338326729834
35,42,77,train,True,0.0028105,0.3436215409636498,667.2849795332551,667.3441772460938,667.6286010742188,0.284437894821167,0.05918364614248278
36,41,77,train,True,0.0019558,0.3819519203901291,663.4283508139848,663.4964599609375,663.810302734375,0.313850998878479,0.06810092151165009
37,40,77,train,True,0.0013013,-0.026089245995972305,657.4781156131835,657.3751220703125,657.4520263671875,0.07685080170631409,-0.10294004770228639
38,39,77,train,True,0.0079156,-0.44213871002197264,649.2818603897094,649.5657348632812,648.8397216796875,-0.7260475754737854,0.28390886545181276
29,49,78,train,True,0.0133302,2.3631176364421846,651.5735889065265,651.6642456054688,653.9367065429688,2.2724790573120117,0.09063857913017292
30,48,78,train,True,0.0019422,1.1018602919578553,663.6835400986671,663.5756225585938,664.785400390625,1.2097599506378174,-0.1078996586799621
31,47,78,train,True,0.001053,0.1276463312190026,668.9384547429997,669.01416015625,669.0661010742188,0.05196459963917732,0.07568173157982527
32,46,78,train,True,0.0035334,-0.20347549330443143,676.3762660206481,676.3897705078125,676.1727905273438,-0.21696080267429352,0.013485309369862086
33,45,78,train,True,0.0097812,-0.09721729164943099,676.5276982486807,676.5623168945312,676.4304809570312,-0.13182799518108368,0.03461070353165269
34,44,78,train,True,0.0001794,-0.1829937019199133,679.9372051277012,679.9889526367188,679.7542114257812,-0.23476159572601318,0.05176789380609989
35,43,78,train,True,0.0035802,0.2872493291646242,675.6566593622416,675.6328125,675.9439086914062,0.31106680631637573,-0.02381747715175153
36,42,78,train,True,0.0003042,0.02383935435442254,675.4257456065831,675.5765991210938,675.4495849609375,-0.1270029991865158,0.15084235354093833
37,41,78,train,True,0.003237,-0.10205862975679338,667.6283647821006,667.5513916015625,667.5263061523438,-0.025093600153923035,-0.07696502960287034
38,40,78,train,True,0.007449,-0.31591851003468036,663.1679082561284,663.007568359375,662.8519897460938,-0.1555738002061844,-0.16034470982849597
29,50,79,train,False,0.1049831,3.0476878774166107,657.1783253061772,657.3541259765625,660.2260131835938,2.8718979358673096,0.17578994154930117
30,49,79,train,True,0.0022278,2.1480989050865174,667.5516081261635,667.5960083007812,669.69970703125,2.103682518005371,0.04441638708114626
31,48,79,train,True,0.0012087,0.5576427009701729,676.0117542716861,675.9297485351562,676.5693969726562,0.6396725177764893,-0.08202981680631638
32,47,79,train,True,0.0371616,-0.015639551309868695,682.2017357427161,682.126220703125,682.1860961914062,0.05989690124988556,-0.07553645255975425
33,46,79,train,True,0.0053246,-0.167656857855618,685.4924859594181,685.4527587890625,685.3248291015625,-0.12795880436897278,-0.039698053486645235
34,45,79,train,True,0.0002212,-0.09013235381804406,687.1166216116305,686.9517822265625,687.0264892578125,0.07470829784870148,-0.16484065166674555
35,44,79,train,True,0.0010033,0.07861003624275327,686.3015779520385,686.320068359375,686.3801879882812,0.06014759838581085,0.018462437856942418
36,43,79,train,True,0.0034839,0.21274810984730722,683.9081625346839,683.9119262695312,684.1209106445312,0.2089730054140091,0.003775104433298121
37,42,79,train,True,0.0019434,0.2095712099969387,679.432030352503,679.4900512695312,679.6416015625,0.1515320986509323,0.058039111346006395
38,41,79,train,True,0.0074181,-0.03054229425964877,673.4088381926972,673.3845825195312,673.3782958984375,-0.006308199837803841,-0.024234094421844928
39,40,79,train,True,0.080106,-0.2846571272984147,664.9776502913609,664.925537109375,664.6929931640625,-0.23252519965171814,-0.05213192764669655
30,50,80,train,True,0.002584,2.9261574387550353,673.8908591628075,673.8836669921875,676.8170166015625,2.9333438873291016,-0.007186448574066251
31,49,80,train,True,0.002888,1.6648561692237853,680.5908201003075,680.6763305664062,682.2556762695312,1.5793399810791016,0.08551618814468376
32,48,80,train,True,0.002056,0.17784644490107893,690.2945656644739,690.2056274414062,690.472412109375,0.2667439877986908,-0.08889754289761187
33,47,80,train,True,0.003336,-0.05080490268301219,692.1169059769018,692.1026000976562,692.0661010742188,-0.0364920012652874,-0.014312901417724788
34,46,80,train,True,0.000944,-0.21709883254021406,696.8688932661339,696.8651123046875,696.6517944335938,-0.2133360058069229,-0.003762826733291147
35,45,80,train,True,0.000992,0.06939127814723178,694.2611140929465,694.2123413085938,694.3305053710938,0.11817199736833572,-0.04878071922110394
36,44,80,train,True,0.000696,-0.1258255553431809,695.3570267272182,695.4343872070312,695.231201171875,-0.20320799946784973,0.07738244412466883
37,43,80,train,True,0.001864,0.21504755515605212,688.7218420932815,688.93408203125,688.9368896484375,0.0028200000524520874,0.21222755510360003
38,42,80,train,True,0.003464,-0.08053674702998251,686.1861275673425,686.2877197265625,686.1055908203125,-0.18212799727916718,0.10159125024918467
39,41,80,train,True,0.00624,-0.5544110117852687,676.3396893320978,676.3421020507812,675.7852783203125,-0.556771993637085,0.002360981851816213
30,51,81,train,True,0.0050301,2.6963062489032747,676.3209667003155,676.5060424804688,679.0172729492188,2.511277914047241,0.18502833485603354
31,50,81,train,True,0.0032643,2.428122252225876,687.0548489391804,687.1519775390625,689.4829711914062,2.3310344219207764,0.09708783030509949
32,49,81,train,True,0.0020574,1.3672545486688614,694.8874451583624,695.0333251953125,696.2546997070312,1.22134530544281,0.14590924322605137
33,48,81,train,True,0.0026406,0.06564989170525223,700.5117426864198,700.4926147460938,700.577392578125,0.08477489650249481,-0.01912500479724258
34,47,81,train,True,0.0009801,-0.08038134349510073,703.6784648395889,703.5659790039062,703.5980834960938,0.032116200774908066,-0.1124975442700088
35,46,81,train,True,0.0009801,-0.051486174629535524,704.3342620535358,704.3716430664062,704.2827758789062,-0.08886650204658508,0.03738032741704956
36,45,81,train,True,0.0010773,0.08335485088638961,703.4021187819261,703.3084716796875,703.4854736328125,0.17703139781951904,-0.09367654693312943
37,44,81,train,True,0.0049005,0.1916062743589282,700.2756178467348,700.28662109375,700.4672241210938,0.18057410418987274,0.011032170169055472
38,43,81,train,True,0.0031266,0.1985354518890381,695.5953488254547,695.5757446289062,695.7938842773438,0.21818549931049347,-0.019650047421455374
39,42,81,train,True,0.0054027,0.09570639346085955,688.9249234893516,688.9781494140625,689.0206298828125,0.042448900640010834,0.05325749282084871
40,41,81,train,True,0.0922185,0.04463913361250889,680.3776631124813,680.00732421875,680.4223022460938,0.41499608755111694,-0.37035695393860807
30,52,82,train,True,0.003075,2.5758396196365356,680.560757060051,680.691650390625,683.1365966796875,2.44496488571167,0.1308747339248657
31,51,82,train,True,0.0024272,2.1650862699747084,690.403212069869,690.5260620117188,692.5682983398438,2.0422492027282715,0.12283706724643695
32,50,82,train,True,0.0022386,2.0616523104906084,702.2013481777907,702.22802734375,704.2630004882812,2.0349504947662354,0.026701815724373024
33,49,82,train,True,0.003731,1.0187426346540451,706.0699414473772,706.1360473632812,707.0886840820312,0.9526454210281372,0.06609721362590792
34,48,82,train,True,0.0004674,-0.024390478825662285,712.8707649905444,712.8421630859375,712.8463745117188,0.0042213997803628445,-0.02861187860602513
35,47,82,train,True,0.0009676,-0.0067003385722637174,711.9227769987285,711.964599609375,711.9160766601562,-0.04851460084319115,0.04181426227092743
36,46,82,train,True,2.46e-05,-0.1317898229509592,714.254592557326,714.275390625,714.122802734375,-0.1525827944278717,0.020792971476912503
37,45,82,train,True,0.0030094,0.2482558709383011,709.1102646368741,709.0890502929688,709.3585205078125,0.26944500207901,-0.021189131140708917
38,44,82,train,True,0.0059942,-0.04549415292334743,707.9997177857358,708.1289672851562,707.9542236328125,-0.17475800216197968,0.12926384923863224
39,43,82,train,True,0.0055022,0.04100239418214187,699.2498911605054,699.400634765625,699.2908935546875,-0.10974840074777603,0.1507507949299179
40,42,82,train,True,0.0015826,0.017891565985046327,694.206717809015,694.1682739257812,694.224609375,0.05633879825472832,-0.03844723226968199
31,52,83,train,True,0.0026145,2.00448148727417,694.8671005439759,694.9237670898438,696.87158203125,1.9478251934051514,0.056656293869018715
32,51,83,train,True,0.0024236,1.80317872941494,705.6901074033975,705.8607177734375,707.4932861328125,1.6325653791427612,0.17061335027217872
33,50,83,train,True,0.0027971,1.504285256266594,713.7596917945147,713.7713012695312,715.2639770507812,1.492717981338501,0.011567274928093063
34,49,83,train,True,0.0030378,0.7959181317687034,718.713786458075,718.66015625,719.5097045898438,0.8495519757270813,-0.05363384395837789
35,48,83,train,True,0.0037931,0.029718207958503627,721.406683159229,721.5509643554688,721.4364013671875,-0.11457160115242004,0.14428980911092368
36,47,83,train,True,2.49e-05,0.026475764628266917,721.981641911153,721.7455444335938,722.0081176757812,0.262551486492157,-0.23607572186389006
37,46,83,train,True,0.0023323,0.17148630933836104,720.1933208195679,720.043212890625,720.3648071289062,0.3215981125831604,-0.15011180324479936
38,45,83,train,True,0.0068309,0.2914289700984955,716.8980851900577,716.9878540039062,717.1895141601562,0.20166920125484467,0.08975976884365083
39,44,83,train,True,0.0186335,0.3407601421326399,711.5664664203673,711.613525390625,711.9072265625,0.2936607003211975,0.04709944181144238
40,43,83,train,True,0.0064325,0.2720245174318552,704.6508880802244,704.5371704101562,704.9229125976562,0.38572490215301514,-0.11370038472115995
41,42,83,train,False,0.1620824,0.16873083624057472,695.5038765856344,695.4560546875,695.672607421875,0.21652129292488098,-0.04779045668430626
31,53,84,train,True,0.0298116,1.6649156391620636,697.7519544780255,697.8320922851562,699.4168701171875,1.5848000049591064,0.0801156342029572
32,52,84,train,True,0.0031668,1.6656938672065735,711.0258954882622,711.1040649414062,712.6915893554688,1.587550401687622,0.07814346551895146
33,51,84,train,True,0.0031668,1.30453919172287,718.0077777028084,718.02685546875,719.3123168945312,1.285465955734253,0.019073235988616988
34,50,84,train,True,0.0019572,1.1426041340827942,727.2803694987297,727.3386840820312,728.4229736328125,1.084346055984497,0.058258078098297084
35,49,84,train,True,0.0257292,0.452605784535408,728.3370670670271,728.3916625976562,728.7896728515625,0.3980304002761841,0.054575384259223925
36,48,84,train,True,2.52e-05,-0.026291471493896098,732.2487035808689,732.2655639648438,732.222412109375,-0.04317320138216019,0.01688172988826409
37,47,84,train,True,0.0021924,0.1690161768347025,728.7271019872278,728.8028564453125,728.8961181640625,0.09325040131807327,0.07576577551662922
38,46,84,train,True,0.0012432,0.03686020276043564,728.8009693870833,728.9111328125,728.8378295898438,-0.0733088031411171,0.11016900590155274
39,45,84,train,True,0.0043008,0.4106061613559723,721.327919229269,721.3735961914062,721.738525390625,0.36487919092178345,0.04572697043418883
40,44,84,train,True,0.005502,0.1082299899449572,718.0169531155238,718.1185302734375,718.1251831054688,0.006671600043773651,0.10155838990118354
41,43,84,train,True,0.0004032,-0.13409680260112508,707.0230128182261,707.1083374023438,706.888916015625,-0.21942919492721558,0.0853323923260905
31,54,85,train,True,0.037264,1.569997836947441,701.5272311669588,701.5533447265625,703.0972290039062,1.5438605546951294,0.0261372822523116
32,53,85,train,True,0.0037315,1.3468038231134414,714.0040872901678,714.1503295898438,715.3508911132812,1.2005435228347778,0.14626030027866355
33,52,85,train,True,0.003077,1.186563596725464,723.5380457782745,723.4337158203125,724.724609375,1.290866494178772,-0.10430289745330801
34,51,85,train,True,0.0026095,0.9632929942011833,731.68300827533,731.8758544921875,732.6463012695312,0.7704175114631653,0.19287548273801802
35,50,85,train,True,0.003077,0.6695732054114342,737.2524238649011,737.25537109375,737.9219970703125,0.6666290163993835,0.0029441890120506242
36,49,85,train,True,0.0019975,0.18666103821247815,739.5900113250688,739.3778686523438,739.7766723632812,0.3988195061683655,-0.21215846795588733
37,48,85,train,True,2.55e-05,0.07760320786794182,739.3487883936946,739.2825317382812,739.4263916015625,0.1438640058040619,-0.06626079793612007
38,47,85,train,True,0.0028135,0.26813322059810163,737.3959903145582,737.4361572265625,737.6641235351562,0.2279594987630844,0.04017372183501722
39,46,85,train,True,0.0189635,0.44275919944047926,733.351064042747,733.3926391601562,733.7938232421875,0.4011690020561218,0.04159019738435743
40,45,85,train,True,0.006426,0.4396557578444481,727.8978686562181,727.943359375,728.3375244140625,0.3941510021686554,0.04550475567579271
41,44,85,train,True,0.004097,0.27805373646318915,720.2711405994743,720.2655029296875,720.5491943359375,0.2837055027484894,-0.00565176628530023
42,43,85,train,True,0.0158355,0.021637771584209986,710.7272635956033,710.7131958007812,710.7489013671875,0.035679999738931656,-0.01404222815472167
32,54,86,train,False,0.4378002,1.2614460271596908,718.6857585626841,718.4981689453125,719.9472045898438,1.4490200281143188,-0.18757400095462806
33,53,86,train,True,0.0034486,0.9596340990066529,727.2632662916184,727.278076171875,728.222900390625,0.9448509812355042,0.014783117771148713
34,52,86,train,True,0.0025198,0.8497196507453918,738.0359004664421,738.0367431640625,738.8856201171875,0.8488736152648926,0.0008460354804992187
35,51,86,train,True,0.0030788,0.4995660188794136,742.4007635709644,742.3834838867188,742.9003295898438,0.5168325901031494,-0.017266571223735816
36,50,86,train,True,2.58e-05,0.2874873501062393,749.3204838413,749.2345581054688,749.6079711914062,0.3734630048274994,-0.08597565472126006
37,49,86,train,True,0.0001978,-0.24126298874616622,747.8759675785899,747.9335327148438,747.6347045898438,-0.2988204061985016,0.05755741745233536
38,48,86,train,True,2.58e-05,0.05382538972888142,748.7945632821461,748.92724609375,748.848388671875,-0.0788675993680954,0.13269298909697683
39,47,86,train,True,0.0141384,0.42827220126986504,742.8008537752926,742.9049072265625,743.2291259765625,0.3241801857948303,0.10409201547503472
40,46,86,train,True,0.003569,0.25130939818918707,740.7435026135296,740.8084716796875,740.9948120117188,0.18630219995975494,0.06500719822943213
41,45,86,train,True,0.0054954,0.1621210722066462,731.1234013887308,731.191162109375,731.2855224609375,0.09431339800357819,0.06780767420306802
42,44,86,train,True,0.0029326,-0.29315726794302466,725.2483574632555,725.3856811523438,724.9552001953125,-0.43050500750541687,0.1373477395623922
33,54,87,train,True,0.0029841,0.9022763705253601,732.0999208950997,732.005126953125,733.002197265625,0.9970672726631165,-0.09479090213775632
34,53,87,train,True,0.0022446,0.6593285113573074,741.8705787152052,742.031005859375,742.5299072265625,0.4988960027694702,0.1604325085878372
35,52,87,train,True,0.0031668,0.4513511547446251,748.9292640796303,748.7142333984375,749.380615234375,0.6663864850997925,-0.21503533035516736
36,51,87,train,True,0.0002436,0.12595432394184172,754.6633523166831,754.7496948242188,754.789306640625,0.03959200158715248,0.08636232235468924
37,50,87,train,True,2.61e-05,-0.28213105045259,758.0141256793588,757.8556518554688,757.7319946289062,-0.12363409996032715,-0.15849695049226287
38,49,87,train,True,2.61e-05,-0.16431943694129586,757.4690069369412,757.3555297851562,757.3046875,-0.05085809901356697,-0.11346133792772889
39,48,87,train,True,0.001131,0.2802215219289064,754.4912018179149,754.7115478515625,754.7714233398438,0.059876300394535065,0.22034522153437136
40,47,87,train,True,0.0041499,0.4707828129827976,750.2953304682673,750.2579345703125,750.76611328125,0.5081585049629211,-0.03737569198012353
41,46,87,train,True,0.0068034,0.3591182144731283,743.9826786605269,744.0029296875,744.341796875,0.33886268734931946,0.020255527123808847
42,45,87,train,True,0.0028536,-0.043288274914957584,736.1507711850712,736.2308959960938,736.1074829101562,-0.12341409921646118,0.0801258243015036
43,44,87,train,True,0.0041934,-0.3746473917365074,726.3438246378303,726.2537841796875,725.9691772460938,-0.28460630774497986,-0.09004108399152755
34,54,88,train,True,0.0033616,0.6169664895534516,747.5402600729466,747.5604248046875,748.1572265625,0.5968040227890015,0.020162466764450104
35,53,88,train,True,0.003168,0.3064913976937532,753.4953884851187,753.6098022460938,753.8018798828125,0.19208480417728424,0.11440659351646898
36,52,88,train,True,0.0026048,0.13366394625976682,761.8989288271778,761.8027954101562,762.0325927734375,0.22980880737304688,-0.09614486111328005
37,51,88,train,True,0.0001584,-0.4470309017598629,764.0573214291036,763.9381713867188,763.6102905273438,-0.3278551995754242,-0.11917570218443868
38,50,88,train,True,2.64e-05,-0.40214275524020193,768.4651310364902,768.4684448242188,768.06298828125,-0.405430406332016,0.003287651091814059
39,49,88,train,True,0.001496,-0.23132985835894943,764.077032983359,764.0634765625,763.845703125,-0.2177848070859909,-0.01354505127295852
40,48,88,train,True,0.0054032,0.27442582719027997,762.648975051716,762.6109619140625,762.9234008789062,0.31241679191589355,-0.037990964725613585
41,47,88,train,True,0.0578072,0.32003560453653335,754.3190635165572,754.371337890625,754.6390991210938,0.26778560876846313,0.05224999576807021
42,46,88,train,True,0.0038192,-0.33609409630298615,750.0649148970842,750.1039428710938,749.7288208007812,-0.3751656115055084,0.03907151520252228
43,45,88,train,True,0.0041008,-0.6904024937748909,738.3359103062749,738.3053588867188,737.6455078125,-0.6598743796348572,-0.030528114140033757
34,55,89,train,True,0.0037291,0.6374700891971589,750.6410333287716,750.7399291992188,751.2785034179688,0.5385888814926147,0.09888120770454412
35,54,89,train,True,0.0032663,0.3138478323817253,759.3253733590245,759.2394409179688,759.6392211914062,0.39976221323013306,-0.08591438084840775
36,53,89,train,True,0.0021449,0.0028954181470908225,766.6250342693529,766.7186279296875,766.6279296875,-0.09070619940757751,0.09360161755466834
37,52,89,train,True,0.005429,-0.2949537721276283,771.4125685182214,771.1128540039062,771.1176147460938,0.004734499845653772,-0.29968827197328207
38,51,89,train,True,9.79e-05,-0.584495112746954,774.7538066361844,774.8271484375,774.1693115234375,-0.657846987247467,0.07335187450051306
39,50,89,train,True,0.0003382,-0.4530521339178085,775.3670535987616,775.5469970703125,774.9140014648438,-0.6329789757728577,0.17992684185504915
40,49,89,train,True,0.0027768,0.22128065663389862,772.0674156324286,771.931396484375,772.2886962890625,0.3573015034198761,-0.13602084678597748
41,48,89,train,True,0.0236295,0.2750629387050867,766.8633647956699,766.8968505859375,767.138427734375,0.2415623962879181,0.0335005424171686
42,47,89,train,True,0.003916,-0.028637631703168152,760.4287230809219,760.503662109375,760.4000854492188,-0.10357390344142914,0.07493627173826098
43,46,89,train,True,0.0038181,-0.4353466795384884,752.178144531101,752.1012573242188,751.7427978515625,-0.3584462106227875,-0.0769004689157009
44,45,89,train,True,0.0242169,-0.8698247435688973,742.2743047240376,742.29345703125,741.4044799804688,-0.8889639973640442,0.019139253795146915
34,56,90,train,False,0.329751,0.7345007407665253,755.6152917397022,755.6190185546875,756.3497924804688,0.7307519912719727,0.0037487494945526167
35,55,90,train,True,0.003357,0.38307709112763405,763.1734414635598,763.0368041992188,763.5565185546875,0.5197150111198425,-0.13663791999220848
36,54,90,train,True,0.001863,0.00483748676488176,773.2453456187038,773.21337890625,773.2501831054688,0.03680900111794472,-0.03197151435306296
37,53,90,train,True,0.006453,-0.4104857401549816,776.84139394328,776.8373413085938,776.430908203125,-0.4064579904079437,-0.004027749747037901
38,52,90,train,True,0.001449,-0.38820241957902907,782.7677800562977,782.640380859375,782.3795776367188,-0.2607870101928711,-0.12741540938615797
39,51,90,train,True,0.000351,-0.6758620963990688,782.3371780143679,782.4039916992188,781.6613159179688,-0.7427020072937012,0.06683991089463237
40,50,90,train,True,0.000117,-0.013059350862167775,783.9980447024246,783.8972778320312,783.9849853515625,0.08770900219678879,-0.10076835305895657
41,49,90,train,True,0.003321,0.026293102249037473,777.0044075813447,777.00390625,777.0307006835938,0.02676999941468239,-0.0004768971656449149
42,48,90,train,True,0.003465,-0.18978674471378326,773.6711710220575,773.7325439453125,773.4813842773438,-0.2511650025844574,0.061378257870674136
43,47,90,train,True,0.001026,-0.603809489607811,763.559925212264,763.5023803710938,762.9561157226562,-0.5462999939918518,-0.057509495615959194
44,46,90,train,True,0.003726,-0.9154479870200157,756.9472473034263,756.879150390625,756.0317993164062,-0.8473560214042664,-0.06809196561574937
34,57,91,train,False,0.4331418,0.9033661863207817,758.090713403523,758.4702758789062,758.9940795898438,0.5238237977027893,0.3795423886179924
35,56,91,train,True,0.0035399,0.5078050190210343,768.2999952739477,768.215087890625,768.8078002929688,0.59269779920578,-0.08489278018474578
36,55,91,train,True,0.0022386,0.04796546674333513,777.2655110957567,777.2994384765625,777.3134765625,0.014077099971473217,0.03388836677186191
37,54,91,train,True,0.0077987,-0.32431328043341634,783.612521288246,783.2881469726562,783.2882080078125,4.890000127488747e-05,-0.3243621804346912
38,53,91,train,True,0.0054509,-0.5195791073143482,788.4114858455956,788.4127197265625,787.8919067382812,-0.5208069086074829,0.0012278012931347115
39,52,91,train,True,0.0018473,-0.3683786391466856,790.5259714125842,790.3297119140625,790.1575927734375,-0.17213110625743866,-0.19624753288924696
40,51,91,train,True,0.0001001,-0.1818137635383755,791.1620994080696,791.0916748046875,790.9802856445312,-0.11135590076446533,-0.07045786277391017
41,50,91,train,True,0.0029302,-0.048177474522963164,789.059163802648,789.0517578125,789.010986328125,-0.04074529930949211,-0.0074321752134710525
42,49,91,train,True,0.0062426,-0.13148121108300984,783.8371696876455,783.8402099609375,783.7056884765625,-0.1345026046037674,0.0030213935207575593
43,48,91,train,True,0.002366,-0.3843015591800213,776.8546995083988,776.835693359375,776.4703979492188,-0.36527779698371887,-0.01902376219630242
44,47,91,train,True,0.0022204,-0.8065131723880767,768.4606269419194,768.3065185546875,767.6541137695312,-0.652411699295044,-0.1541014730930328
35,57,92,train,True,0.0067068,0.754526861011982,771.5136005803943,771.4119262695312,772.2681274414062,0.8561683893203735,-0.10164152830839157
36,56,92,train,True,0.0027048,0.1504463946353644,783.2193656170834,783.1660766601562,783.3698120117188,0.2037000060081482,-0.05325361137278378
37,55,92,train,True,0.0061272,-0.3436141295731068,788.4341292662918,788.3868408203125,788.0905151367188,-0.2963699996471405,-0.04724412992596627
38,54,92,train,True,0.0034224,-0.4909113989770412,795.9650935278833,795.699462890625,795.4741821289062,-0.22524400055408478,-0.26566739842295645
39,53,92,train,True,0.0091264,-0.5382043455541133,796.8710900877417,796.8662109375,796.3328857421875,-0.5333247780799866,-0.004879567474126767
40,52,92,train,True,0.0001012,0.25749336268752815,799.8651262662187,799.7263793945312,800.1226196289062,0.3961963951587677,-0.13870303247123955
41,51,92,train,True,0.0017848,-0.30000917479395867,796.9593109326065,796.9383544921875,796.6593017578125,-0.27902519702911377,-0.020983977764844897
42,50,92,train,True,0.0001564,-0.19839890360832213,796.4814189231396,796.5112915039062,796.2830200195312,-0.22827039659023285,0.02987149298191072
43,49,92,train,True,0.0031004,-0.6143567189574242,787.8680798634887,787.8460693359375,787.2537231445312,-0.5923479795455933,-0.022008739411830902
44,48,92,train,True,0.002714,-0.7387513017654419,782.4571350908279,782.439208984375,781.7183837890625,-0.7208080291748047,-0.017943272590637216
45,47,92,train,True,0.0043792,-1.2091673290729523,770.3392942821979,770.354736328125,769.130126953125,-1.22464120388031,0.015473874807357735
46,46,92,train,False,0.3450276,-1.157213925421238,761.392992734015,761.3524169921875,760.2357788085938,-1.1165939569473267,-0.04061996847391125
35,58,93,train,False,0.4308132,0.9284942656755447,776.0539276093244,776.1406860351562,776.982421875,0.8417301774024963,0.08676408827304838
36,57,93,train,True,0.002511,0.45025760009884835,786.4978625170886,786.6040649414062,786.9481201171875,0.34400948882102966,0.10624811127781869
37,56,93,train,True,0.0078306,-0.17755194911733269,794.5303351522423,794.3056640625,794.352783203125,0.04715630039572716,-0.22470824951305984
38,55,93,train,True,0.0075516,-0.5627499067783356,801.0112362349033,800.9892578125,800.448486328125,-0.540737509727478,-0.022012397050857557
39,54,93,train,True,0.0104904,-0.45872131034731867,804.6309014861286,804.3482055664062,804.1721801757812,-0.17600220441818237,-0.2827191059291363
40,53,93,train,True,0.0004557,0.17486892602406442,806.3450285349135,806.4607543945312,806.5198974609375,0.05917489901185036,0.11569402701221407
41,52,93,train,True,0.001488,0.27389812681823966,805.8927278497442,805.7692260742188,806.1666259765625,0.3974043130874634,-0.12350618626922372
42,51,93,train,True,0.000186,-0.29037394374608994,804.4866630062461,804.5810546875,804.1962890625,-0.3847835063934326,0.09440956264734268
43,50,93,train,True,0.0010137,-0.41505135253071784,800.6380738134682,800.5977783203125,800.2230224609375,-0.3747726082801819,-0.04027874425053596
44,49,93,train,True,0.0020646,-0.6780123052000999,793.5506929692626,793.426025390625,792.8726806640625,-0.5533310770988464,-0.12468122810125348
45,48,93,train,True,0.0026319,-0.934708177447319,784.5960851305723,784.4387817382812,783.661376953125,-0.7773715257644653,-0.1573366516828537
46,47,93,train,False,0.3700098,-1.156104878783226,773.9681776326895,773.6264038085938,772.8120727539062,-0.8143240809440613,-0.3417807978391647
36,58,94,train,True,0.0121072,0.6938709151744843,791.7915416824818,791.88720703125,792.4854125976562,0.5982108116149902,0.09566010355949406
37,57,94,train,True,0.0020304,0.13646805400960146,798.5516422975529,798.31982421875,798.6881103515625,0.3682464063167572,-0.23177835230715574
38,56,94,train,True,0.0016638,-0.4623064908385277,807.9190936002135,807.8204345703125,807.456787109375,-0.3636336028575897,-0.09867288798093798
39,55,94,train,True,0.0063826,-0.6173808912932873,810.447886262387,810.5438232421875,809.8305053710938,-0.7133392095565796,0.09595831826329226
40,54,94,train,True,0.0001692,0.21451703377068043,814.8136812084168,814.6793212890625,815.0281982421875,0.3488495945930481,-0.13433256082236766
41,53,94,train,True,0.0014946,0.25182105977088215,812.9790749363228,812.9967041015625,813.2308959960938,0.2341683954000473,0.017652664370834847
42,52,94,train,True,0.000141,0.11165096078999341,814.1809515782725,814.2593994140625,814.2926025390625,0.03319460153579712,0.07845635925419629
43,51,94,train,True,0.0040702,-0.6135490629076957,809.281822988689,809.2213134765625,808.6682739257812,-0.5530061721801758,-0.06054289072751995
44,50,94,train,True,0.0031396,-0.5584082375466823,806.968381382078,806.8642578125,806.4099731445312,-0.454228013753891,-0.10418022379279135
45,49,94,train,True,0.0033746,-1.0828570264577866,796.4285601514578,796.4058837890625,795.345703125,-1.0602102279663086,-0.022646798491477993
46,48,94,train,True,0.0042864,-0.9674782755970955,788.8299050334095,788.8182373046875,787.8624267578125,-0.9558207988739014,-0.011657476723194171
36,59,95,train,True,0.0186295,0.9716507765650749,794.6470626023412,794.7696533203125,795.6187133789062,0.8490514755249023,0.12259930104017258
37,58,95,train,True,0.0202445,0.5974450868368149,803.8059362608194,803.7186889648438,804.4033813476562,0.6847134828567505,-0.08726839601993563
38,57,95,train,True,0.005814,-0.2781114216893911,812.2162217732518,812.163330078125,811.9381103515625,-0.22521249949932098,-0.05289892219007014
39,56,95,train,True,0.006783,-0.5169090148806572,817.5847190734744,817.4716186523438,817.0678100585938,-0.4038180112838745,-0.1130910035967827
40,55,95,train,True,0.000874,-0.23144285671412945,821.1129125832766,821.1412963867188,820.8814697265625,-0.2597779929637909,0.02833513624966144
41,54,95,train,True,0.000513,0.43058119595050814,821.6366185110808,821.4852905273438,822.0671997070312,0.5819364786148071,-0.15135528266429898
42,53,95,train,True,0.0001235,0.21678041238337756,821.3781292555853,821.6285400390625,821.5949096679688,-0.03361399844288826,0.2503944108262658
43,52,95,train,True,0.0050825,-0.20271682787686587,819.2833442692831,819.1556396484375,819.0806274414062,-0.07505449652671814,-0.12766233135014773
44,51,95,train,True,0.0095,-0.6375127550959587,815.7708135363459,815.8096923828125,815.13330078125,-0.676406979560852,0.03889422446489332
45,50,95,train,True,0.0038855,-0.7192972192168235,810.0313089379669,809.9102172851562,809.31201171875,-0.5982164740562439,-0.12108074516057965
46,49,95,train,True,0.0030305,-0.9244032588601112,800.8771010127664,800.753173828125,799.9526977539062,-0.8004664778709412,-0.12393678098917005
36,60,96,train,True,0.0192768,0.938689141869545,799.7383128112555,799.7637329101562,800.677001953125,0.9132784008979797,0.02541074097156526
37,59,96,train,True,0.0033504,0.9056522458791733,807.4070308595896,807.2540283203125,808.3126831054688,1.0586551427841187,-0.1530028969049454
38,58,96,train,True,0.0084672,0.33094892736524345,818.0874470687285,818.0355834960938,818.4183959960938,0.3828063905239105,-0.05185746315866707
39,57,96,train,True,0.0060768,-0.4624254786968231,822.7155382716655,822.6649780273438,822.2531127929688,-0.4118824005126953,-0.05054307818412779
40,56,96,train,True,0.0001152,-0.24024054780602455,829.050055000931,828.9915161132812,828.809814453125,-0.18171679973602295,-0.0585237480700016
41,55,96,train,True,0.000144,0.2626910877227783,828.3378338146209,828.3731079101562,828.6005249023438,0.22736720740795135,0.03532388031482697
42,54,96,train,True,0.0001248,0.3162905118614435,830.7289365389198,830.7828369140625,831.0452270507812,0.26235198974609375,0.053938522115349774
43,53,96,train,True,0.0051456,-0.11558997901156545,827.0554703501053,827.0272827148438,826.9398803710938,-0.08736079931259155,-0.0282291796989739
44,52,96,train,True,0.0001728,-0.42995888605713845,826.5115628899634,826.503662109375,826.0816040039062,-0.42204800248146057,-0.007910883575677874
45,51,96,train,True,0.0100032,-0.8844036048650742,819.4006999915838,819.3286743164062,818.5162963867188,-0.8123559951782227,-0.07204760968685153
46,50,96,train,True,0.0041952,-0.7094269120693206,815.1674347245694,815.0419921875,814.4580078125,-0.5839871764183044,-0.12543973565101618
47,49,96,train,True,0.0900864,-1.2144234430789949,802.6081002008915,802.587890625,801.3936767578125,-1.1941688060760498,-0.020254637002945053
36,61,97,train,False,0.1304068,0.7964067927002907,802.6048993596435,802.1768798828125,803.4013061523438,1.2244435548782349,-0.4280367621779442
37,60,97,train,True,0.0019109,0.7892025369405746,812.7317935568094,812.4901733398438,813.52099609375,1.030841588973999,-0.2416390520334244
38,59,97,train,True,0.0033853,0.8157647982239723,821.6309515103698,821.7693481445312,822.4467163085938,0.6773567199707031,0.13840807825326917
39,58,97,train,True,0.0067124,0.26944275337271395,828.6659820513148,828.5217895507812,828.9354248046875,0.4136247932910919,-0.14418203991837797
40,57,97,train,True,0.0001261,-0.37350957684218883,834.5386096744984,834.5606689453125,834.1651000976562,-0.395565390586853,0.0220558137446642
41,56,97,train,True,0.0042486,0.29778332287445664,836.5239940208755,836.4443969726562,836.82177734375,0.37737518548965454,-0.0795918626151979
42,55,97,train,True,0.0001649,0.4307494895160198,837.3607544167339,837.60400390625,837.79150390625,0.18751780688762665,0.24323168262839318
43,54,97,train,True,0.0041225,0.0750732733681798,836.6051025078818,836.5013427734375,836.68017578125,0.17883619666099548,-0.10376292329281568
44,53,97,train,True,0.0027645,-0.3840778887271881,834.5779865801335,834.6151733398438,834.1939086914062,-0.4212503135204315,0.0371724247932434
45,52,97,train,True,0.0354632,-0.6147121772170067,830.4073147162795,830.309814453125,829.7926025390625,-0.5172052979469299,-0.09750687927007673
46,51,97,train,True,0.0048403,-0.7794847121834755,824.7337693801522,824.7357177734375,823.9542846679688,-0.7814391255378723,0.0019544133543968334
47,50,97,train,True,0.0120183,-0.8233847585320473,817.1853842702508,817.0515747070312,816.3619995117188,-0.6895737051963806,-0.13381105333566667
48,49,97,train,False,0.4201749,-0.8763764375448226,805.9000580781699,806.0992431640625,805.023681640625,-1.0755261182785034,0.19914968073368078
37,61,98,train,True,0.0160818,0.5500385892391205,816.4862773287297,816.4114990234375,817.0363159179688,0.6248188018798828,-0.07478021264076229
38,60,98,train,True,0.0032242,0.6919167602062225,827.7471091187,827.682373046875,828.4390258789062,0.7566270232200623,-0.06471026301383975
39,59,98,train,True,0.0079184,0.951096179485321,832.7356103634834,832.766357421875,833.6867065429688,0.9203124046325684,0.030783774852752632
40,58,98,train,True,0.0084476,0.6056939272582531,840.952716717273,840.97705078125,841.5584106445312,0.5813568234443665,0.02433710381388665
41,57,98,train,True,0.004998,0.40558370865881443,842.4634958811849,842.4375610351562,842.8690795898438,0.4315432012081146,-0.02595949254930019
42,56,98,train,True,0.0001764,0.4968457254767418,846.1519579854607,846.24658203125,846.6488037109375,0.4022282063961029,0.09461751908063887
43,55,98,train,True,0.003381,0.2195882584154606,843.786881468147,843.7804565429688,844.0064697265625,0.22603939473628998,-0.006451136320829387
44,54,98,train,True,0.0064582,-0.3394856871664524,844.8336873473227,844.790771484375,844.4942016601562,-0.2965719997882843,-0.042913687378168086
45,53,98,train,True,0.011907,-0.6514670929312706,839.0643699249625,838.9588012695312,838.4129028320312,-0.5458723902702332,-0.10559470266103743
46,52,98,train,True,0.0047432,-0.6539593768119812,836.3675824236869,836.3222045898438,835.713623046875,-0.6085901856422424,-0.04536919116973881
47,51,98,train,True,0.0329084,-0.9896267160773278,827.2779567942023,827.2852783203125,826.288330078125,-0.9969868063926697,0.007360090315341905
48,50,98,train,True,0.051793,-0.632015480697155,821.1370203635097,821.0729370117188,820.5050048828125,-0.5679394006729126,-0.06407608002424237
37,62,99,train,True,0.0040293,0.4081320005655289,821.3654886049032,821.2348022460938,821.7736206054688,0.5388010144233704,-0.13066901385784147
38,61,99,train,True,0.0047421,0.3288979509472847,831.7184042951465,831.849853515625,832.0473022460938,0.19747349619865417,0.13142445474863051
39,60,99,train,True,0.0066132,0.7211991554498672,839.1318281883001,839.1926879882812,839.85302734375,0.6603137850761414,0.06088537037372588
40,59,99,train,True,0.0105039,1.229532740712166,845.224141575694,845.38330078125,846.4536743164062,1.070425033569336,0.15910770714282996
41,58,99,train,True,0.0120087,1.155256316959858,849.3641528627277,849.319580078125,850.5194091796875,1.1997958421707153,-0.044539525210857356
42,57,99,train,True,0.0002277,0.8014313319325447,852.0826629063487,852.1719970703125,852.8840942382812,0.7120782136917114,0.08935311824083325
43,56,99,train,True,0.0009108,0.3530500365793705,852.7747575806081,852.7474365234375,853.1278076171875,0.38036051392555237,-0.02731047734618186
44,55,99,train,True,0.0003465,-0.16864829715341328,852.2201619690284,852.2626342773438,852.051513671875,-0.2111068069934845,0.04245850984007121
45,54,99,train,True,0.0194535,-0.5173097841441632,849.5345216982066,849.4393920898438,849.0172119140625,-0.42219409346580505,-0.09511569067835812
46,53,99,train,True,0.0051084,-0.7036181855201721,845.3045092988015,845.25537109375,844.6008911132812,-0.6544867753982544,-0.049131410121917685
47,52,99,train,True,0.0062667,-0.7489487680792809,839.1365220102667,839.002685546875,838.3875732421875,-0.6150655746459961,-0.1338831934332848
48,51,99,train,True,0.001584,-0.6977567011117936,831.4300565057993,831.43896484375,830.7322998046875,-0.7066665887832642,0.008909887671470607
37,63,100,train,True,0.01312,0.30185910016298295,824.6210534974932,824.4508666992188,824.9229125976562,0.4720500111579895,-0.17019091099500655
38,62,100,train,True,0.00692,0.2159809844009578,837.3686137421615,837.2200927734375,837.5845947265625,0.36447998881340027,-0.14849900441244246
39,61,100,train,True,0.01118,0.2582066535949707,843.9440638542176,843.9415283203125,844.2022705078125,0.26078999042510986,-0.0025833368301391713
40,60,100,train,True,0.00814,1.1064982983469962,852.2445148852468,852.2106323242188,853.3510131835938,1.140339970588684,-0.03384167224168788
41,59,100,train,True,0.00798,1.4687992990016938,854.6499140799045,854.8468017578125,856.1187133789062,1.2718700170516968,0.19692928194999704
42,58,100,train,True,0.0003,0.9125958064198494,860.2818011662364,860.4662475585938,861.1943969726562,0.7281399965286255,0.1844558098912239
43,57,100,train,True,0.00135,0.5519963096082211,859.4151057411731,859.5118408203125,859.9671020507812,0.4552600085735321,0.096736301034689
44,56,100,train,True,0.00034,-0.2071978622302413,861.9659869247303,861.9359130859375,861.7587890625,-0.17712999880313873,-0.030067863427102576
45,55,100,train,True,0.01813,-0.47272757172584534,857.5782573568821,857.517333984375,857.1055297851562,-0.4118199944496155,-0.06090757727622986
46,54,100,train,True,0.01764,-0.672327711880207,856.3875376728178,856.3565063476562,855.7152099609375,-0.641319990158081,-0.031007721722125958
47,53,100,train,True,0.005,-0.8534553223848342,848.5863654786349,848.4994506835938,847.73291015625,-0.766569972038269,-0.0868853503465652
48,52,100,train,True,0.00168,-0.5527249105274677,843.8163357503712,843.7737426757812,843.2636108398438,-0.5101500153541565,-0.042574895173311256
49,51,100,train,True,0.00224,-0.8760195097327232,832.9253359159827,832.9749755859375,832.04931640625,-0.9256500005722046,0.049630490839481345
50,50,100,train,False,0.24001,-0.4141385325044393,825.0211331614107,825.16259765625,824.6069946289062,-0.5555999875068665,0.14146145500242713
37,64,101,train,True,0.0204929,0.29357676818966866,828.9266380755603,828.82373046875,829.22021484375,0.39649468660354614,-0.10291791841387748
38,63,101,train,True,0.008484,0.049902207681443544,840.7530152727873,840.798828125,840.8029174804688,0.0040489002130925655,0.04585330746835098
39,62,101,train,True,0.0070801,0.07167561425361782,849.8158976279339,849.7463989257812,849.8875732421875,0.14121949672698975,-0.06954388247337193
40,61,101,train,True,0.0083325,0.7123818728327751,857.1079306271672,857.0702514648438,857.8203125,0.7500661015510559,-0.03768422871828081
41,60,101,train,True,0.0037471,1.3115635412931441,861.9284266930819,862.0183715820312,863.239990234375,1.2216144800186157,0.0899490612745284
42,59,101,train,True,0.0003131,1.16498364508152,865.7936955541372,865.864501953125,866.9586791992188,1.0941940546035767,0.07078959047794342
43,58,101,train,True,0.0240077,0.7040057253837585,867.8124127316474,867.9067993164062,868.5164184570312,0.6096034049987793,0.0944023203849792
44,57,101,train,True,0.0004141,0.10235711604356766,868.701720032394,868.7379760742188,868.8040771484375,0.0661339983344078,0.036223117709159855
45,56,101,train,True,0.0058378,-0.34820422425866127,867.4400010992587,867.409912109375,867.091796875,-0.31813719868659973,-0.030067025572061534
46,55,101,train,True,0.0045854,-0.6344406649470329,864.6829636141658,864.6472778320312,864.0485229492188,-0.5988044142723083,-0.035636250674724534
47,54,101,train,True,0.0048379,-0.7525821927189827,859.9147526028752,859.7672119140625,859.1621704101562,-0.6049965023994446,-0.14758569031953817
48,53,101,train,True,0.0014948,-0.6004159381985664,853.4882943561673,853.4869384765625,852.8878784179688,-0.5990356802940369,-0.0013802579045295582
49,52,101,train,True,0.0116655,-0.5518222658336163,845.4804111330211,845.4130249023438,844.9285888671875,-0.48442599177360535,-0.06739627406001092
50,51,101,train,False,0.3000003,-0.4983390559256077,836.0236686457694,836.3914184570312,835.5253295898438,-0.8661029934883118,0.3677639375627041
37,65,102,train,True,0.0829056,0.3006306912004948,831.7278727267683,831.5798950195312,832.0285034179688,0.44858139753341675,-0.14795070633292196
38,64,102,train,True,0.067065,0.1264472732739523,845.7877372970386,845.70458984375,845.9141845703125,0.2096274048089981,-0.0831801315350458
39,63,102,train,True,0.00408,-0.10674234157660976,853.9686197829828,853.935546875,853.8618774414062,-0.07365439832210541,-0.03308794325450436
40,62,102,train,True,0.0087618,0.5359089951217174,863.717692079097,863.56201171875,864.2536010742188,0.6916120052337646,-0.15570301011204724
41,61,102,train,True,0.0025092,1.0699163535237313,867.35140933007,867.4964599609375,868.4213256835938,0.9248149991035461,0.14510135442018512
42,60,102,train,True,0.0083028,0.8726134631037712,873.885382142365,873.9767456054688,874.7579956054688,0.7812612056732178,0.09135225743055342
43,59,102,train,True,0.0091698,0.8201006734371186,874.0846234476567,874.2064208984375,874.9047241210938,0.6982572078704834,0.12184346556663517
44,58,102,train,True,0.0004182,-0.013126866763923318,877.975529210514,877.9575805664062,877.96240234375,0.004794999957084656,-0.017921866721007974
45,57,102,train,True,0.0064056,-0.23564616367220878,874.9287613980472,874.8521728515625,874.693115234375,-0.1590435951948166,-0.07660256847739219
46,56,102,train,True,0.0004182,-0.6203213316202164,875.1911221128702,875.189453125,874.57080078125,-0.6186473965644836,-0.001673935055732767
47,55,102,train,True,0.0081702,-0.7760279867053032,868.7565577718616,868.7508544921875,867.9805297851562,-0.770330011844635,-0.005697974860668142
48,54,102,train,True,0.0016626,-0.5813331164419651,865.3605079211295,865.3814697265625,864.7791748046875,-0.6022843718528748,0.020951255410909697
49,53,102,train,True,0.0045696,-0.7087432309985161,855.6736480161547,855.6343383789062,854.9649047851562,-0.6694337725639343,-0.03930945843458178
50,52,102,train,False,0.1001028,-0.2575270886719227,849.0471389050782,849.0919799804688,848.7896118164062,-0.3023926019668579,0.04486551329493521
39,64,103,train,True,0.0112064,-0.03531682298984379,859.1315082292399,859.291259765625,859.09619140625,-0.19506080448627472,0.15974398149643093
40,63,103,train,True,0.0092185,0.2719885112345219,868.050887465328,867.8609008789062,868.3228759765625,0.4620288908481598,-0.1900403796136379
41,62,103,train,True,0.0039346,0.8179818361997604,874.228587988019,874.2982177734375,875.0465698242188,0.7484040260314941,0.06957781016826625
42,61,103,train,True,0.0092185,0.7385910499095917,879.3436843407154,879.4415283203125,880.082275390625,0.6407784223556519,0.09781262755393982
43,60,103,train,True,0.0098056,0.6302967183291912,882.2907237894833,882.3087768554688,882.9210205078125,0.612236499786377,0.018060218542814255
44,59,103,train,True,0.0004429,0.3465992550551891,884.1891063113511,884.1896362304688,884.5357055664062,0.346043199300766,0.0005560557544231348
45,58,103,train,True,0.0022969,-0.10252614431083203,884.2109245818108,884.171875,884.1083984375,-0.06344810128211975,-0.039078043028712275
46,57,103,train,True,0.0008755,-0.48015465810894964,882.8762728221715,882.8147583007812,882.3961181640625,-0.41868188977241516,-0.06147276833653448
47,56,103,train,True,0.0040994,-0.6930672380328179,879.4898812028765,879.378173828125,878.7968139648438,-0.5813559889793396,-0.11171124905347829
48,55,103,train,True,0.0018128,-0.5694048954546451,874.4249346806109,874.4447631835938,873.8555297851562,-0.5892341136932373,0.019829218238592183
49,54,103,train,True,0.0089816,-0.502849870622158,867.6850398120284,867.6431274414062,867.1821899414062,-0.46094968914985657,-0.041900181472301457
40,64,104,train,True,0.0093184,0.4066319300234318,873.9155726598203,873.8408813476562,874.3222045898438,0.48134639859199524,-0.07471446856856345
41,63,104,train,True,0.0017888,0.6894760930538177,879.1474379694462,879.15185546875,879.8369140625,0.6850472092628479,0.00442888379096984
42,62,104,train,True,0.0089128,0.49002800017595294,886.9145740506053,886.9022827148438,887.4046020507812,0.5023447871208191,-0.012316786944866154
43,61,104,train,True,0.0248872,0.5539966386556625,888.3352855879068,888.275146484375,888.8892822265625,0.6141719818115234,-0.06017534315586093
44,60,104,train,True,0.002496,0.10164383644238115,893.0813395619952,893.089599609375,893.1829833984375,0.09342080354690552,0.00822303289547563
45,59,104,train,True,0.0022984,0.04258865128038451,891.2171159385633,891.1708374023438,891.2597045898438,0.08888959884643555,-0.046300947566051034
46,58,104,train,True,0.0013416,-0.48608717665076256,892.8584626649321,892.82421875,892.3723754882812,-0.4518440067768097,-0.03424316987395287
47,57,104,train,True,0.0042224,-0.636370660662651,887.7684507387877,887.7632446289062,887.132080078125,-0.6311399936676025,-0.005230666995048483
48,56,104,train,True,0.0016744,-0.5924101449549198,885.7532377816736,885.8328247070312,885.1608276367188,-0.6720128059387207,0.07960266098380087
49,55,104,train,True,0.005772,-0.616318841278553,877.3138286069036,877.2647705078125,876.697509765625,-0.567251980304718,-0.04906686097383495
50,54,104,train,True,0.0057408,-0.2551164447516203,872.0002946674078,871.9267578125,871.7451782226562,-0.18158559501171112,-0.0735308497399092
52,52,104,train,False,0.3176056,-0.3638422983698547,848.0294306772761,848.3618774414062,847.6655883789062,-0.6962624192237854,0.3324201208539307
40,65,105,train,True,0.0121065,0.38518057137727735,877.6303223583102,877.6527709960938,878.0155029296875,0.36270999908447266,0.02247057229280469
41,64,105,train,True,0.004032,0.6654329250752926,885.328768735081,885.3276977539062,885.9942016601562,0.6664875149726868,-0.0010545898973941537
42,63,105,train,True,0.009051,0.45035717576742174,891.8665373554826,891.9606323242188,892.31689453125,0.3562850058078766,0.09407216995954515
43,62,105,train,True,0.035259,0.332872378975153,896.0727062343061,896.1337890625,896.4055786132812,0.271822988986969,0.06104938998818399
44,61,105,train,True,0.002499,0.23766044236719608,899.0776471748203,898.9996948242188,899.3153076171875,0.3156319856643677,-0.0779715432971716
45,60,105,train,True,0.002499,0.06429414045531302,900.0766970704822,900.134033203125,900.1409912109375,0.006943500135093927,0.057350640320219096
46,59,105,train,True,0.001134,-0.23666562557220458,899.9633501958847,899.9183349609375,899.7266845703125,-0.19164450466632843,-0.04502112090587615
47,58,105,train,True,0.0045465,-0.5382689887285232,897.9176635199785,897.7889404296875,897.37939453125,-0.4095340073108673,-0.12873498141765594
48,57,105,train,True,0.0013965,-0.5307456351816654,894.2648154594004,894.2695922851562,893.7340698242188,-0.5354859828948975,0.004740347713232063
49,56,105,train,True,0.010248,-0.4734473191201687,888.7802710495889,888.7939453125,888.3068237304688,-0.48717251420021057,0.013725195080041885
50,55,105,train,True,0.003969,-0.327075797393918,881.857593375519,881.7090454101562,881.530517578125,-0.1785449981689453,-0.1485307992249727
51,54,105,train,True,0.0218295,-0.47965995997190475,871.5468596670031,871.6041870117188,871.0671997070312,-0.5369914770126343,0.05733151704072953
52,53,105,train,False,0.3000165,-0.5273805867135525,859.4393068562448,859.6178588867188,858.9119262695312,-0.7059640288352966,0.17858344212174415
41,65,106,train,True,0.0014204,0.7083301675319672,889.7081737387181,889.6861572265625,890.41650390625,0.7303357720375061,-0.0220056045055389
42,64,106,train,True,0.0091266,0.4013788655400276,898.787830118835,898.8291625976562,899.189208984375,0.36005881428718567,0.04132005125284194
43,63,106,train,True,0.0122536,0.3047090616822243,901.6752103719115,901.695068359375,901.9799194335938,0.28485798835754395,0.019851073324680335
44,62,106,train,True,0.0053954,0.029168059446383267,907.4524603585223,907.459716796875,907.4816284179688,0.021896399557590485,0.007271659888792782
45,61,106,train,True,0.0053848,0.1510456247255206,906.7212688283995,906.7167358398438,906.872314453125,0.15553979575634003,-0.004494171030819422
46,60,106,train,True,0.0011024,-0.2951973329484463,909.4872139345109,909.4793090820312,909.1920166015625,-0.2873004078865051,-0.007896925061941173
47,59,106,train,True,0.003021,-0.39887928336858747,905.6665794786811,905.7318115234375,905.2677001953125,-0.4641081988811493,0.06522891551256182
48,58,106,train,True,0.0011024,-0.5616409720480442,905.0580398978293,905.1392211914062,904.4963989257812,-0.6428151726722717,0.08117420062422753
49,57,106,train,True,0.0122218,-0.5347363984584809,897.8818433320522,897.8328857421875,897.3471069335938,-0.4857577979564667,-0.04897860050201419
50,56,106,train,True,0.005088,-0.29462832789868115,893.8774530349299,893.7960815429688,893.5828247070312,-0.21325980126857758,-0.08136852663010358
51,55,106,train,True,0.0074518,-0.6519710421562195,882.0064632296562,882.13330078125,881.3544921875,-0.7788143754005432,0.12684333324432373
52,54,106,train,False,0.100541,-0.5116059482097626,872.9978120028973,873.097412109375,872.4862060546875,-0.6112291812896729,0.09962323307991028
41,66,107,train,True,0.008025,0.8190948048233986,895.3107269725203,895.2786254882812,896.1298217773438,0.8511914014816284,-0.03209659665822984
42,65,107,train,True,0.0092234,0.4799161782860756,903.2295564779639,903.3174438476562,903.70947265625,0.39206698536872864,0.08784919291734694
43,64,107,train,True,0.0086777,0.2403650689125061,908.7828282904625,908.7400512695312,909.023193359375,0.2831246852874756,-0.04275961637496947
44,63,107,train,True,0.0086777,0.08097062970045954,913.1179429445183,913.0703125,913.1989135742188,0.12856680154800415,-0.04759617184754461
45,62,107,train,True,0.0120482,0.05553935655858368,915.1970851551602,915.2891235351562,915.2526245117188,-0.03652799874544144,0.09206735530402511
46,61,107,train,True,0.0011984,-0.014904156941920519,916.1222039616295,916.0157470703125,916.1072998046875,0.09157779812812805,-0.10648195507004857
47,60,107,train,True,0.0023861,-0.2815522424131632,915.2655610314756,915.2674560546875,914.9840087890625,-0.2834284007549286,0.0018761583417654104
48,59,107,train,True,0.0016585,-0.43293194100260735,913.0376072339714,913.0687255859375,912.6046752929688,-0.46400681138038635,0.031074870377779007
49,58,107,train,True,0.0096514,-0.46587685465812684,908.8592484366894,908.8626708984375,908.3933715820312,-0.46929728984832764,0.003420435190200799
50,57,107,train,True,0.0053072,-0.34329550981521606,903.2173799824715,903.0259399414062,902.8740844726562,-0.15182219445705414,-0.19147331535816192
51,56,107,train,True,0.0041516,-0.49582247003912927,894.3166232512891,894.3845825195312,893.82080078125,-0.5637807846069336,0.06795831456780432
41,67,108,train,True,0.0082404,0.9413963332772255,899.2606910690665,899.1713256835938,900.2020874023438,1.030776858329773,-0.08938052505254745
42,66,108,train,True,0.0092232,0.5439529150724411,909.6108322411776,909.5930786132812,910.15478515625,0.5617251992225647,-0.017772284150123552
43,65,108,train,True,0.0087696,0.27402367629110813,913.9494870658964,913.9842529296875,914.2235107421875,0.23924240469932556,0.03478127159178257
44,64,108,train,True,0.0086832,-0.015725597843993456,920.9278960080003,920.9404907226562,920.9121704101562,-0.028283599764108658,0.012558001920115202
45,63,108,train,True,0.0139968,0.1028371427860111,921.4860910798702,921.5278930664062,921.5889282226562,0.0610044002532959,0.0418327425327152
46,62,108,train,True,0.0011124,-0.12871807239949704,925.222346002087,925.2385864257812,925.0936279296875,-0.1450027972459793,0.016284724846482274
47,61,108,train,True,0.0023868,-0.08193895363248885,922.5382377817575,922.538818359375,922.456298828125,-0.08252959698438644,0.0005906433518975962
48,60,108,train,True,0.0011232,-0.44878277122974397,923.3098057204485,923.402099609375,922.8610229492188,-0.5411167740821838,0.09233400285243987
49,59,108,train,True,0.00864,-0.44639713302254674,917.4401105119288,917.4871826171875,916.9937133789062,-0.4934728145599365,0.04707568153738978
50,58,108,train,True,0.0053784,-0.3750000521540642,914.7673950716853,914.6549682617188,914.3923950195312,-0.26254838705062866,-0.11245166510343552
51,57,108,train,True,0.0054972,-0.5982592335343361,904.2213671436906,904.2479858398438,903.6231079101562,-0.6248927712440491,0.026633537709712996
52,56,108,train,True,0.0054108,-0.6247743311524391,896.7575868311525,896.802001953125,896.1328125,-0.6691867709159851,0.04441243976354603
54,54,108,train,False,0.3795012,-0.8743726405501365,871.9105664882064,872.0879516601562,871.0361938476562,-1.0517687797546387,0.17739613920450215
41,68,109,train,False,0.4308116,1.0591867223381997,904.4331838831306,904.3872680664062,905.4923706054688,1.1051536798477173,-0.045966957509517625
42,67,109,train,True,0.0111834,0.72575773447752,913.57831941396,913.5744018554688,914.3040771484375,0.7297232747077942,-0.003965540230274178
43,66,109,train,True,0.0096683,0.30681429624557494,920.509958164692,920.4155883789062,920.8167724609375,0.4012235999107361,-0.09440930366516115
44,65,109,train,True,0.0089489,0.060471078653354195,926.1750025541592,926.0888671875,926.2354736328125,0.14664800465106964,-0.08617692599771545
45,64,109,train,True,0.0040439,0.008282889744732529,929.4868953329116,929.5673217773438,929.4951782226562,-0.0721035972237587,0.08038648696849122
46,63,109,train,True,0.0011118,0.09076969536021352,931.5031023749523,931.3922119140625,931.5938720703125,0.20170749723911285,-0.11093780187889933
47,62,109,train,True,0.0012862,-0.008434536592685617,931.6810419584676,931.7227783203125,931.672607421875,-0.05018949881196022,0.041754962219274605
48,61,109,train,True,0.0015369,-0.22910902246832848,930.7624342177809,930.725341796875,930.5333251953125,-0.19204139709472656,-0.03706762537360192
49,60,109,train,True,0.0039676,-0.41397479742765425,927.9299660083651,927.92822265625,927.5159912109375,-0.41219431161880493,-0.0017804858088493192
50,59,109,train,True,0.0079461,-0.3699708878993988,923.5946412980556,923.2864990234375,923.2246704101562,-0.0617946982383728,-0.308176189661026
51,58,109,train,True,0.0052647,-0.5050194516777993,916.022414471209,916.1249389648438,915.5173950195312,-0.6075549125671387,0.1025354608893394
52,57,109,train,True,0.0043818,-0.6149655044078827,906.9050656020642,906.8070068359375,906.2901000976562,-0.5169245004653931,-0.0980410039424896
53,56,109,train,True,0.0067253,-0.8412733581662178,896.0930433776974,895.9818115234375,895.2517700195312,-0.729987621307373,-0.1112857368588448
54,55,109,train,False,0.3001097,-0.9804721018671989,883.5730013987422,883.6964721679688,882.592529296875,-1.1039738655090332,0.1235017636418343
41,69,110,train,False,0.838343,1.1828471326828003,908.0468281602859,908.0786743164062,909.2296752929688,1.151023030281067,0.03182410240173339
42,68,110,train,True,0.024222,0.8983834233880043,919.4420096430182,919.522216796875,920.3403930664062,0.8181700110435486,0.08021341234445567
43,67,110,train,True,0.009493,0.41346485748887063,925.2486445175111,925.2386474609375,925.662109375,0.4234670102596283,-0.010002152770757666
44,66,110,train,True,0.008921,0.03474461098667234,933.4830776546384,933.4943237304688,933.517822265625,0.023446999490261078,0.011297611496411265
45,65,110,train,True,0.017809,0.05953463065903634,935.3969473029347,935.4680786132812,935.4564819335938,-0.011560999788343906,0.07109563044738024
46,64,110,train,True,0.000616,-0.03506915804231539,940.1622664236673,940.1879272460938,940.127197265625,-0.06072999909520149,0.025660841052886102
47,63,110,train,True,0.001287,0.18617035571485757,938.5657217341289,938.531982421875,938.7518920898438,0.21992099285125732,-0.03375063713639975
48,62,110,train,True,0.000385,-0.26736102178692817,940.5819362170994,940.6403198242188,940.3145751953125,-0.32570499181747437,0.0583439700305462
49,61,110,train,True,0.01155,-0.2973442906141281,936.0016289585828,935.97998046875,935.7042846679688,-0.2756569981575012,-0.021687292456626872
50,60,110,train,True,0.013772,-0.4220277032256126,934.6670228204131,934.5696411132812,934.2449951171875,-0.3246249854564667,-0.09740271776914594
51,59,110,train,True,0.005962,-0.5134882611036301,925.3842158001661,925.39501953125,924.8707275390625,-0.5243309736251831,0.010842712521553
52,58,110,train,True,0.006578,-0.6718140146136284,919.3671875497698,919.3927612304688,918.6953735351562,-0.6973599791526794,0.025545964539051003
53,57,110,train,True,0.061941,-0.943142127096653,906.8312646856904,906.8484497070312,905.8881225585938,-0.9603369832038879,0.017194856107234924
54,56,110,train,False,0.100991,-1.0544012042880058,897.511188313663,897.5208740234375,896.456787109375,-1.064087986946106,0.00968678265810019
42,69,111,train,True,0.0125763,1.1390862607955932,922.9936041688919,922.99755859375,924.1326904296875,1.1351548433303833,0.003931417465209863
43,68,111,train,True,0.0105783,0.5273729601502418,931.2980054578185,931.300048828125,931.8253784179688,0.5253434181213379,0.00202954202890393
44,67,111,train,True,0.0096792,0.1555072544887662,938.3095806361363,938.2783813476562,938.465087890625,0.18673980236053467,-0.031232547871768462
45,66,111,train,True,0.0068487,0.02391008996637538,942.8858799490961,943.0145874023438,942.9097900390625,-0.1047637015581131,0.1286737915244885
46,65,111,train,True,0.0007326,0.13133188959211112,946.1021886182203,945.9142456054688,946.2335205078125,0.3192721903324127,-0.1879403007403016
47,64,111,train,True,0.0014541,0.16500724544748663,947.3321851373651,947.3614501953125,947.4971923828125,0.13575419783592224,0.029253047611564387
48,63,111,train,True,0.0003552,0.028780423239804804,947.5481238736352,947.6159057617188,947.576904296875,-0.03899110108613968,0.06777152432594448
49,62,111,train,True,0.0034188,-0.2703216465562582,946.002926627025,945.9733276367188,945.7326049804688,-0.2407463937997818,-0.029575252756476378
50,61,111,train,True,0.0053391,-0.32951755791902543,942.9798471477628,942.737548828125,942.6503295898438,-0.08724100142717361,-0.2422765564918518
51,60,111,train,True,0.0088467,-0.4680005921423435,936.6979810608923,936.8533325195312,936.22998046875,-0.6233533024787903,0.15535271033644676
52,59,111,train,True,0.0064269,-0.5616413243114948,928.9303547032177,928.82177734375,928.3687133789062,-0.4530484974384308,-0.10859282687306404
53,58,111,train,True,0.0047508,-0.8299910548329353,919.5173689845204,919.4057006835938,918.6873779296875,-0.7183073163032532,-0.11168373852968216
43,69,112,train,True,0.0055104,0.7675958329439163,935.5610784834623,935.6056518554688,936.3286743164062,0.7230696082115173,0.04452622473239898
44,68,112,train,True,0.0095984,0.15865969084203244,945.1747143325955,945.1952514648438,945.3333740234375,0.13817280530929565,0.02048688553273678
45,67,112,train,True,0.0440832,0.10931239223107696,948.4038101663626,948.5130615234375,948.5131225585938,4.0800001443130895e-05,0.10927159222963383
46,66,112,train,True,0.0065408,0.03633681474486366,954.2974644547863,954.3206787109375,954.3338012695312,0.013104000128805637,0.02323281461605802
47,65,112,train,True,0.0024192,0.3413514355570078,953.8611632128805,953.801025390625,954.2025146484375,0.4014616012573242,-0.06011016570031641
48,64,112,train,True,0.0002464,-0.06748543633613735,956.9747119988361,957.0098266601562,956.9072265625,-0.10262720286846161,0.03514176653232426
49,63,112,train,True,0.004256,-0.07056179572828114,953.604436307447,953.6427612304688,953.5338745117188,-0.10884880274534225,0.038287007017061114
50,62,112,train,True,0.0002912,-0.3806429071724415,953.5822420282661,953.5253295898438,953.2015991210938,-0.32371678948402405,-0.05692611768841743
51,61,112,train,True,0.0178304,-0.37758400425314903,945.5409140823781,945.6868896484375,945.163330078125,-0.5235959887504578,0.14601198449730873
52,60,112,train,True,0.0083888,-0.615072394311428,940.8630582341552,940.8731079101562,940.2479858398438,-0.6251024007797241,0.010030006468296104
53,59,112,train,True,0.010248,-0.813135014474392,929.6618288621306,929.5865478515625,928.8486938476562,-0.7378712296485901,-0.07526378482580187
54,58,112,train,True,0.008288,-1.0999234431982041,921.842294048667,921.7672119140625,920.7423706054688,-1.024835228919983,-0.07508821427822121
43,70,113,train,True,0.0033561,0.9294124948978424,941.1495669972896,941.2295532226562,942.0789794921875,0.8494324088096619,0.07998008608818052
44,69,113,train,True,0.0382844,0.374860170930624,949.5448175634443,949.5034790039062,949.919677734375,0.4162158966064453,-0.0413557256758213
45,68,113,train,True,0.0071303,0.12277122113853693,955.4106150093302,955.6202392578125,955.5333862304688,-0.08686450123786926,0.2096357223764062
46,67,113,train,True,0.0069495,0.21082340665161609,959.8532635074109,959.6614990234375,960.0640869140625,0.4026165008544922,-0.1917930942028761
47,66,113,train,True,0.0166449,0.2848221377283335,962.2109664364904,962.3154296875,962.4957885742188,0.18034200370311737,0.10448013402521611
48,65,113,train,True,0.0002486,0.24903644293546676,963.5294669750333,963.549560546875,963.7785034179688,0.22892379760742188,0.02011264532804488
49,64,113,train,True,0.0001921,-0.06699196211993694,963.1611692082137,963.091064453125,963.0941772460938,0.0031439000740647316,-0.07013586219400167
50,63,113,train,True,0.0015707,-0.18891392823308706,961.3928323852643,961.2697143554688,961.2039184570312,-0.06582210212945938,-0.12309182610362768
51,62,113,train,True,0.0171873,-0.3485793030261993,956.3671950256825,956.5762329101562,956.0186157226562,-0.5576105713844299,0.2090312683582306
52,61,113,train,True,0.0279449,-0.41585573837161066,949.8831408946216,949.7239379882812,949.46728515625,-0.25663578510284424,-0.15921995326876642
53,60,113,train,True,0.0080117,-0.6922962307929993,941.7782947659492,941.7140502929688,941.0859985351562,-0.6280664205551147,-0.06422981023788454
54,59,113,train,True,0.0068365,-0.9651257526874543,932.2078015339374,932.0158081054688,931.24267578125,-0.7731301188468933,-0.19199563384056095
55,58,113,train,True,0.0085767,-1.2063195544481278,920.8647057849169,920.7943725585938,919.6583862304688,-1.1359989643096924,-0.07032059013843539
43,71,114,train,False,0.433143,1.1409316807985306,945.2623886317015,945.089599609375,946.4033203125,1.313671350479126,-0.1727396696805954
44,70,114,train,True,0.0035568,0.44553604155778886,955.9444786068797,955.92822265625,956.3900146484375,0.46179860830307007,-0.016262566745281204
45,69,114,train,True,0.0715578,0.2848273343592882,960.5068596773594,960.6349487304688,960.7916870117188,0.15678060054779053,0.12804673381149767
46,68,114,train,True,0.006954,0.14074913654476404,967.6086405118928,967.6326293945312,967.7493896484375,0.11676160246133804,0.023987534083425993
47,67,114,train,True,0.00456,0.49756252631545067,968.3455160869657,968.290771484375,968.8430786132812,0.5523396134376526,-0.05477708712220192
48,66,114,train,True,0.0002736,0.13523050671443343,972.5435414659419,972.592529296875,972.6787719726562,0.08626099675893784,0.048969509955495594
49,65,114,train,True,0.0003078,0.2083861639443785,970.3181030938681,970.3650512695312,970.5264892578125,0.16144120693206787,0.046944957012310634
50,64,114,train,True,4.56e-05,-0.24034970052540303,971.5515679622441,971.5726318359375,971.3112182617188,-0.26144939661026,0.021099696084856984
51,63,114,train,True,0.0197676,-0.17660934675484896,964.7325175498798,964.7271728515625,964.555908203125,-0.17127740383148193,-0.005331942923367028
52,62,114,train,True,0.0244302,-0.4633396227657795,961.3139255602658,961.337890625,960.8505859375,-0.4872890114784241,0.02394938871264457
53,61,114,train,True,0.0200298,-0.594129146039486,951.3953986772894,951.3048095703125,950.80126953125,-0.5035060048103333,-0.09062314122915271
54,60,114,train,True,0.0111834,-1.0206172782182694,944.9886348563433,944.9694213867188,943.968017578125,-1.0014156103134155,-0.019201667904853892
55,59,114,train,True,0.0850668,-1.2017938512563706,931.8164789098502,931.787109375,930.6146850585938,-1.1724053621292114,-0.02938848912715919
56,58,114,train,False,0.1026798,-1.418622230887413,922.0640079730749,922.2242431640625,920.6453857421875,-1.5788609981536865,0.1602387672662735
44,71,115,train,True,0.025162,0.7310186514258384,960.0032953134179,959.8836059570312,960.7343139648438,0.8506900072097778,-0.11967135578393939
45,70,115,train,True,0.007314,0.3538619750738144,967.0391433960199,967.2251586914062,967.3930053710938,0.1678130030632019,0.1860489720106125
46,69,115,train,True,0.013547,0.36416849195957185,972.7515541642904,972.639404296875,973.11572265625,0.476267009973526,-0.11209851801395415
47,68,115,train,True,0.0182735,0.45019067615270614,976.2522019019723,976.4138793945312,976.702392578125,0.2885405123233795,0.16165016382932662
48,67,115,train,True,0.0006555,0.47079317733645437,978.7052932484448,978.7333984375,979.1760864257812,0.4427019953727722,0.028091181963682155
49,66,115,train,True,3.45e-05,0.1769763399194926,979.462794167893,979.4029541015625,979.6397705078125,0.23687200248241425,-0.05989566256292164
50,65,115,train,True,3.45e-05,0.033843181740958246,978.8946846502903,979.1181030273438,978.9285278320312,-0.1895730048418045,0.22341618658276274
51,64,115,train,True,0.016031,-0.1681106187775731,975.10133815784,975.3052978515625,974.9332275390625,-0.3720940053462982,0.2039833865687251
52,63,115,train,True,0.027945,-0.1946803192421794,969.8345728973671,969.582275390625,969.639892578125,0.057603999972343445,-0.2522843192145229
53,62,115,train,True,0.0288765,-0.47758442878723145,962.9861903858185,963.0750122070312,962.5086059570312,-0.5663865208625793,0.0888020920753479
54,61,115,train,True,0.0121095,-0.8005432438850403,954.788824493885,954.611572265625,953.98828125,-0.6232960224151611,-0.17724722146987915
44,72,116,train,True,0.0037236,0.7000374945998192,965.8995718804002,965.9185180664062,966.599609375,0.681056022644043,0.018981471955776263
45,71,116,train,True,0.073834,0.5928846645355225,971.7833970737457,971.8030395507812,972.3762817382812,0.5732731819152832,0.019611482620239262
46,70,116,train,True,0.007134,0.27671178579330447,980.1233126282692,980.115966796875,980.4000244140625,0.28404200077056885,-0.007330214977264382
47,69,116,train,True,0.0032596,0.6737956175208092,982.0318928590417,982.0452270507812,982.7056884765625,0.660453200340271,0.01334241718053819
48,68,116,train,True,0.0001624,0.3508585560321808,987.311555994749,987.4327392578125,987.6624145507812,0.2296724021434784,0.12118615388870241
49,67,116,train,True,0.0002204,0.5488597048819065,986.1702565060556,986.1876831054688,986.7191162109375,0.5314468145370483,0.017412890344858156
50,66,116,train,True,0.0001044,-0.011682494757696987,988.6224613033514,988.6815185546875,988.6107788085938,-0.07072559744119644,0.05904310268349945
51,65,116,train,True,0.0051504,0.06772030143532902,983.0227948352834,983.1951904296875,983.0905151367188,-0.10471279919147491,0.17243310062680395
52,64,116,train,True,0.0242092,-0.27455229170620443,980.8277749479562,980.8546752929688,980.55322265625,-0.30144599080085754,0.026893699094653112
53,63,116,train,True,0.0750404,-0.3376653341203928,972.1395452169329,972.2291259765625,971.8018798828125,-0.42725279927253723,0.08958746515214444
54,62,116,train,True,0.0130152,-0.90305255651474,967.0956795096397,967.0730590820312,966.192626953125,-0.880433976650238,-0.022618579864501998
44,73,117,train,False,0.4331457,0.8601240912079811,969.5007767876982,969.4108276367188,970.3609008789062,0.9500874876976013,-0.08996339648962026
45,72,117,train,True,0.008892,0.5627295441925526,977.7898705534637,978.0353393554688,978.3526000976562,0.3172377943992615,0.24549174979329114
46,71,117,train,True,0.007254,0.48201254576444624,984.9332706573606,984.7801513671875,985.415283203125,0.6351569294929504,-0.1531443837285042
47,70,117,train,True,0.013572,0.5416546481847763,989.6043414455652,989.7557983398438,990.14599609375,0.3901745080947876,0.15148014008998867
48,69,117,train,True,0.0010179,0.6604032450914383,993.1373262470961,993.2099609375,993.7977294921875,0.5877419710159302,0.07266127407550815
49,68,117,train,True,0.0048789,0.49240116819739344,994.9079894568026,994.9522705078125,995.400390625,0.4481599032878876,0.04424126490950586
50,67,117,train,True,0.0004797,0.36843745186924937,995.4906323723495,995.6246337890625,995.8590698242188,0.23449599742889404,0.13394145444035532
51,66,117,train,True,0.0084357,0.0659229837480234,992.9439036764082,993.0841064453125,993.0098266601562,-0.07427769899368286,0.14020068274170627
52,65,117,train,True,0.013455,0.01447337212273851,988.9170451825647,988.7576904296875,988.9315185546875,0.17382490634918213,-0.15935153422644363
53,64,117,train,True,0.0255528,-0.2564568651467562,983.261644853428,983.3184204101562,983.0051879882812,-0.31319189071655273,0.05673502556979654
54,63,117,train,True,0.0103779,-0.6437811869382858,976.4026923197508,976.2828369140625,975.7589111328125,-0.5239192247390747,-0.11986196219921108
55,62,117,train,True,0.0624078,-1.0568113499879837,967.8063841038943,967.8082275390625,966.7495727539062,-1.0586284399032593,0.001817089915275627
56,61,117,train,False,0.2503332,-1.3837260204553603,957.7100199657679,957.9906616210938,956.3262939453125,-1.6643881797790527,0.28066215932369243
45,73,118,train,True,0.0242372,0.7122928032279014,982.1016110053658,982.0967407226562,982.8139038085938,0.7171397805213928,-0.004846977293491372
46,72,118,train,True,0.0024898,0.31018263824284076,991.7794169711322,991.81591796875,992.089599609375,0.27367541193962097,0.036507226303219786
47,71,118,train,True,0.0025134,0.6524042135477066,995.0969243997336,995.1990356445312,995.7493286132812,0.550279974937439,0.10212423861026765
48,70,118,train,True,0.020001,0.4246457090973854,1001.4593264588714,1001.5645141601562,1001.8839721679688,0.31946998834609985,0.10517572075128556
49,69,118,train,True,0.0077526,0.8102576360106468,1001.3274376764894,1001.3087158203125,1002.1376953125,0.8289939761161804,-0.0187363401055336
50,68,118,train,True,0.0004956,0.3291939077526331,1004.8031913461537,1004.9510498046875,1005.1323852539062,0.18137620389461517,0.1478177038580179
51,67,118,train,True,0.0030208,0.3968161886930466,1000.4062843972445,1000.5120239257812,1000.8031005859375,0.2910591959953308,0.10575699269771577
52,66,118,train,True,0.0183018,-0.08030933018773795,999.4720939981565,999.4242553710938,999.3917846679688,-0.0324460007250309,-0.04786332946270705
53,65,118,train,True,0.019765,-0.0952756901178509,991.9887693424616,991.9221801757812,991.8934936523438,-0.028695400804281235,-0.06658028931356967
54,64,118,train,True,0.010384,-0.79468705534935,988.261911176443,988.2478637695312,987.4672241210938,-0.7806642055511475,-0.014022849798202563
55,63,118,train,True,0.0127558,-1.076282405257225,977.8661993974447,977.7958374023438,976.7899169921875,-1.0059254169464111,-0.07035698831081394
45,74,119,train,True,0.0093177,0.6317427974939346,987.933442749381,988.1040649414062,988.565185546875,0.46115928888320923,0.17058350861072535
46,73,119,train,True,0.0082467,0.46475601896643637,996.158168785721,995.9061889648438,996.6229248046875,0.7167314291000366,-0.25197541013360025
47,72,119,train,True,0.0147084,0.39842035666108133,1002.1631641159952,1002.3623046875,1002.5615844726562,0.1993006020784378,0.19911975458264353
48,71,119,train,True,0.0376992,0.5719290103018284,1006.9593820248544,1006.9111328125,1007.5313110351562,0.6201661229133606,-0.048237112611532185
49,70,119,train,True,0.0073066,0.5877663306891918,1009.8142112083733,1009.8505249023438,1010.4019775390625,0.5514947175979614,0.03627161309123039
50,69,119,train,True,0.0007259,0.675818664431572,1011.3478629761935,1011.4344482421875,1012.023681640625,0.5892214179039001,0.08659724652767187
51,68,119,train,True,0.0069972,0.41185688704252243,1009.86853862077,1010.0626831054688,1010.2803955078125,0.21770580112934113,0.1941510859131813
52,67,119,train,True,0.0072828,0.23925484281033277,1007.1358672275022,1006.9873657226562,1007.3751220703125,0.3877584934234619,-0.14850365061312915
53,66,119,train,True,0.0217056,-0.091637820918113,1002.7044307896681,1002.8001708984375,1002.61279296875,-0.1873956024646759,0.0957577815465629
54,65,119,train,True,0.0103768,-0.5072435079514981,997.1047166524827,997.0346069335938,996.5974731445312,-0.4370979964733124,-0.07014551147818571
55,64,119,train,True,0.0139349,-1.0043424734473227,989.8125700125098,989.7628173828125,988.8082275390625,-0.9546293020248413,-0.04971317142248144
56,63,119,train,False,0.2002651,-1.4521685940027238,981.125081191659,981.2655029296875,979.6729125976562,-1.5926152467727661,0.1404466527700423
46,74,120,train,True,0.002292,0.30180297389626504,1002.7843786667287,1002.8497924804688,1003.086181640625,0.23639599978923798,0.06540697410702706
47,73,120,train,True,0.004476,0.435144928842783,1007.3297476492822,1007.4393920898438,1007.764892578125,0.32552799582481384,0.10961693301796915
48,72,120,train,True,0.003732,0.15610067397356034,1014.8525052830577,1014.962890625,1015.0086059570312,0.04571999981999397,0.11038067415356637
49,71,120,train,True,0.040008,0.7090267902612686,1015.8812442058324,1015.950927734375,1016.5902709960938,0.6394000053405762,0.06962678492069241
50,70,120,train,True,0.000924,0.4631452748179436,1020.4368791392445,1020.53857421875,1020.9000244140625,0.3614400029182434,0.10170527189970019
51,69,120,train,True,0.0072,0.7081378242373466,1017.0125653007626,1017.0756225585938,1017.720703125,0.6450999975204468,0.06303782671689984
52,68,120,train,True,0.001752,0.17486062794923782,1017.2245534345508,1017.23828125,1017.3994140625,0.16111600399017334,0.013744623959064478
53,67,120,train,True,0.015096,0.12040103602688759,1010.9906829483481,1010.8409423828125,1011.111083984375,0.2701599895954132,-0.14975895356852562
54,66,120,train,True,0.01182,-0.6582705309987068,1008.4870669177175,1008.48388671875,1007.8287963867188,-0.6550639867782593,-0.003206544220447527
55,65,120,train,True,0.009972,-1.0015293127298355,999.4220005041361,999.417724609375,998.4204711914062,-0.9972320199012756,-0.00429729282855984
56,64,120,train,False,0.300168,-1.5789684009552003,993.746143693924,993.6353759765625,992.1671752929688,-1.4681880474090576,-0.11078035354614268
45,76,121,train,False,0.6194474,0.7750317701697349,997.6327441087365,997.6740112304688,998.4077758789062,0.7337962985038757,0.04123547166585917
46,75,121,train,True,0.0033517,0.4685573206841946,1006.981943167597,1006.8238525390625,1007.4505004882812,0.6266335844993591,-0.15807626381516454
47,74,121,train,True,0.0121121,0.2368124683201313,1014.1123696605861,1014.2620239257812,1014.3491821289062,0.08719740062952042,0.1496150676906109
48,73,121,train,True,0.0019481,0.21641759648919107,1020.0954720519483,1020.150634765625,1020.3118896484375,0.16123880445957184,0.05517879202961923
49,72,121,train,True,0.0274186,0.211353216804564,1024.020214166008,1024.1290283203125,1024.2315673828125,0.10251930356025696,0.10883391324430705
50,71,121,train,True,0.0009801,0.5635626336932182,1026.5787713506818,1026.708740234375,1027.142333984375,0.4335356056690216,0.13002702802419663
51,70,121,train,True,0.0025047,0.5490242937207221,1026.2200186750292,1026.3289794921875,1026.76904296875,0.44005459547042847,0.10896969825029368
52,69,121,train,True,0.0258335,0.480397461950779,1024.5163066396117,1024.4906005859375,1024.9967041015625,0.5061439275741577,-0.025746465623378734
53,68,121,train,True,0.004719,0.11416714823804795,1021.2482596095745,1021.4107666015625,1021.3624267578125,-0.048343099653720856,0.16251024789176882
54,67,121,train,True,0.0102487,-0.32553023889660837,1016.8636161763966,1016.86376953125,1016.5380859375,-0.3256446123123169,0.0001143734157085241
55,66,121,train,True,0.0142901,-0.8824760490655899,1010.8132621818781,1010.7027587890625,1009.9307861328125,-0.771939218044281,-0.11053683102130885
56,65,121,train,False,0.1418967,-1.4311906862258912,1003.4726945924759,1003.5629272460938,1002.04150390625,-1.5214042663574219,0.09021358013153069
46,76,122,train,True,0.0195566,0.38407914713025093,1013.323745559901,1013.3290405273438,1013.7078247070312,0.3787890076637268,0.005290139466524124
47,75,122,train,True,0.038186,0.30869211606681346,1019.0888298565894,1019.03662109375,1019.3975219726562,0.3608897924423218,-0.05219767637550832
48,74,122,train,True,0.0022936,-0.11835369599983096,1027.6955021334998,1027.760498046875,1027.5771484375,-0.18333740532398224,0.06498370932415128
49,73,122,train,True,0.0500566,0.2747595004737377,1029.9001672573388,1029.9371337890625,1030.1749267578125,0.23773619532585144,0.037023305147886265
50,72,122,train,True,0.0024522,0.06028230949130375,1035.355367104571,1035.5234375,1035.4156494140625,-0.10780960321426392,0.16809191270556767
51,71,122,train,True,0.002501,0.6063110110163689,1033.0399292233587,1033.13525390625,1033.646240234375,0.5109915733337402,0.09531943768262863
52,70,122,train,True,0.0013542,0.30293164663016797,1034.2941142518073,1034.33203125,1034.5970458984375,0.2649570107460022,0.037974635884165775
53,69,122,train,True,0.005185,0.3016533002257347,1029.1800361528992,1029.315673828125,1029.481689453125,0.16600419580936432,0.1356491044163704
54,68,122,train,True,0.0111142,-0.46784580647945406,1027.7752188533545,1027.80908203125,1027.307373046875,-0.5016567707061768,0.033810964226722695
55,67,122,train,True,0.0336842,-0.8090938040614128,1019.9381831595301,1019.8164672851562,1019.1290893554688,-0.6873829960823059,-0.12171080797910694
56,66,122,train,True,0.0279502,-1.5065159857273103,1015.5413060247898,1015.498291015625,1014.0347900390625,-1.463517427444458,-0.04299855828285226
46,77,123,train,False,0.7894386,0.5492459005117416,1017.3578585916757,1017.2139282226562,1017.9071044921875,0.6931886076927185,-0.1439427071809769
47,76,123,train,True,0.0326073,0.20615552097558976,1025.5506804165243,1025.5704345703125,1025.7568359375,0.18640390038490295,0.019751620590686803
48,75,123,train,True,0.0026937,-0.0017750244517810642,1032.7122242432017,1032.6336669921875,1032.71044921875,0.07685349881649017,-0.07862852326827124
49,74,123,train,True,0.0198276,-0.19262323439121246,1037.7797814375162,1037.8662109375,1037.587158203125,-0.27895259857177734,0.08632936418056489
50,73,123,train,True,0.0024846,0.05412669775076211,1041.4328117788118,1041.469482421875,1041.4869384765625,0.01745009981095791,0.0366765979398042
51,72,123,train,True,0.001353,0.15576875142753124,1041.89782011576,1042.0953369140625,1042.0535888671875,-0.04171080142259598,0.19747955285012722
52,71,123,train,True,0.001353,0.37474012657999994,1041.3036045999825,1041.2611083984375,1041.6783447265625,0.41724899411201477,-0.04250886753201483
53,70,123,train,True,0.00369,0.20202931255102158,1039.0739716640114,1039.2503662109375,1039.2760009765625,0.025679200887680054,0.17635011166334152
54,69,123,train,True,0.0095325,-0.14983782798051834,1035.7575038436055,1035.773681640625,1035.607666015625,-0.16593970358371735,0.016101875603199006
55,68,123,train,True,0.0121155,-0.6419115638732911,1030.7882738685607,1030.7867431640625,1030.1463623046875,-0.6402907967567444,-0.0016207671165466842
56,67,123,train,True,0.0121155,-1.275377151966095,1024.7415026402473,1024.6156005859375,1023.4661254882812,-1.1495578289031982,-0.12581932306289678
47,77,124,train,False,0.2515092,0.30206573352217675,1030.351010438353,1030.3031005859375,1030.653076171875,0.35002079606056213,-0.047955062538385385
48,76,124,train,True,0.002604,-0.19038614455610514,1039.9561332148687,1039.990234375,1039.7657470703125,-0.22441959381103516,0.034033449254930015
49,75,124,train,True,0.030566,-0.09482628539670258,1043.4712911291467,1043.376220703125,1043.37646484375,0.0002868000010494143,-0.095113085397752
50,74,124,train,True,0.0013144,-0.3595760466903448,1049.9097469451278,1049.95751953125,1049.5501708984375,-0.40736278891563416,0.047786742225289336
51,73,124,train,True,0.001364,0.11807513885898516,1048.551846736141,1048.5628662109375,1048.669921875,0.10708919912576675,0.010985939733218403
52,72,124,train,True,0.0013516,-0.03086183878593147,1050.6664819559735,1050.685546875,1050.6356201171875,-0.049942001700401306,0.019080162914469838
53,71,124,train,True,0.002294,0.2221521493792534,1046.7331701162457,1046.74365234375,1046.955322265625,0.2116931974887848,0.01045895189046861
54,70,124,train,True,0.001364,-0.3077326299250126,1046.23375802055,1046.26416015625,1045.926025390625,-0.33811119198799133,0.03037856206297873
55,69,124,train,True,0.0091512,-0.501252806186676,1039.4429031968116,1039.555419921875,1038.941650390625,-0.6137136220932007,0.11246081590652468
56,68,124,train,True,0.0124992,-1.288841969370842,1036.2632072037459,1036.121826171875,1034.974365234375,-1.1473915576934814,-0.1414504116773605
57,67,124,train,True,0.056668,-1.7083477014303208,1026.6705059045553,1026.50830078125,1024.962158203125,-1.54618239402771,-0.16216530740261081
47,78,125,train,False,0.43315,0.3147362256795168,1036.4787208055704,1036.6644287109375,1036.79345703125,0.12901249527931213,0.18572373040020468
48,77,125,train,True,0.0028875,-0.04434748402098194,1044.7744500230835,1044.710205078125,1044.7301025390625,0.01991249993443489,-0.06425998395541682
49,76,125,train,True,0.001775,-0.3723874761164188,1050.938183374554,1050.9920654296875,1050.5657958984375,-0.4262624979019165,0.05387502178549769
50,75,125,train,True,0.001325,-0.3197006817162037,1055.7731918926538,1055.6910400390625,1055.4534912109375,-0.23756250739097595,-0.08213817432522774
51,74,125,train,True,0.0025125,-0.26914439372718335,1057.1033729093522,1057.2701416015625,1056.834228515625,-0.43595001101493835,0.166805617287755
52,73,125,train,True,0.00135,-0.06270587406354025,1057.404624819376,1057.2545166015625,1057.3419189453125,0.08738750219345093,-0.15009337625699118
53,72,125,train,True,0.00135,-0.06837220552144573,1056.1389288461464,1056.286376953125,1056.070556640625,-0.21578750014305115,0.1474152946216054
54,71,125,train,True,0.0014125,-0.1709592243656516,1053.9932248493656,1053.867431640625,1053.822265625,-0.04507499933242798,-0.12588422503322363
55,70,125,train,True,0.0077375,-0.4124647895991802,1049.8904921333492,1049.9754638671875,1049.47802734375,-0.4974125027656555,0.08494771316647531
56,69,125,train,True,0.0109875,-0.8600003725290298,1044.832656622529,1044.7723388671875,1043.97265625,-0.7996000051498413,-0.060400367379188524
57,68,125,train,True,0.026,-1.508516182899475,1038.246919503212,1038.0804443359375,1036.7384033203125,-1.342074990272522,-0.16644119262695312
48,78,126,train,True,0.0023058,-0.09001113287173211,1051.6714320313092,1051.689208984375,1051.5814208984375,-0.10775180160999298,0.01774066873826087
49,77,126,train,True,0.0041958,-0.30136906042695044,1056.5024188651144,1056.46044921875,1056.2010498046875,-0.2593441903591156,-0.04202487006783484
50,76,126,train,True,0.0106848,-0.5368790617585182,1063.8476700773836,1063.8839111328125,1063.310791015625,-0.5730602145195007,0.03618115276098255
51,75,126,train,True,0.0318528,-0.24959267489612103,1063.5310868155211,1063.4794921875,1063.281494140625,-0.19801360368728638,-0.05157907120883465
52,74,126,train,True,0.0013482,-0.369667371660471,1066.4248431529104,1066.3681640625,1066.05517578125,-0.31300219893455505,-0.056665172725915924
53,73,126,train,True,0.00378,-0.12593229664489627,1063.4248824919573,1063.43212890625,1063.2989501953125,-0.13327540457248688,0.007343107927590603
54,72,126,train,True,3.78e-05,-0.420477412045002,1063.8820252636076,1063.8857421875,1063.4615478515625,-0.42412498593330383,0.003647573888301836
55,71,126,train,True,0.0103572,-0.33859647512435914,1058.2729226469994,1058.3077392578125,1057.934326171875,-0.37337979674339294,0.0347833216190338
56,70,126,train,True,0.0124992,-0.8511415836215019,1055.8591982242465,1055.8446044921875,1055.008056640625,-0.8365561962127686,-0.014585387408733386
57,69,126,train,True,0.0905058,-1.216104302406311,1047.423745903969,1047.36572265625,1046.2076416015625,-1.1580767631530762,-0.05802753925323478
58,68,126,train,True,0.0279468,-1.8816763335466384,1042.3770376616717,1042.4305419921875,1040.495361328125,-1.9351205825805664,0.05344424903392797
48,79,127,train,True,0.0061976,0.0907329422608018,1056.2859760421143,1056.2459716796875,1056.376708984375,0.1307682991027832,-0.04003535684198141
49,78,127,train,True,0.0100076,-0.40540768414735795,1063.5738647153973,1063.602294921875,1063.16845703125,-0.4338923990726471,0.028484714925289145
50,77,127,train,True,0.0092202,-0.49193738371133805,1069.5380799618363,1069.40966796875,1069.046142578125,-0.36352139711380005,-0.128415986597538
51,76,127,train,True,0.00508,-0.45615020185709,1071.660984186232,1071.85595703125,1071.204833984375,-0.6511970162391663,0.19504681438207627
52,75,127,train,True,0.0013716,-0.3218071723729372,1072.882354047373,1072.6558837890625,1072.560546875,-0.09534300118684769,-0.22646417118608952
53,74,127,train,True,0.0036195,-0.33610351100564,1072.4752636672556,1072.576171875,1072.13916015625,-0.43701401352882385,0.10091050252318384
54,73,127,train,True,0.0040894,-0.37784456431865693,1071.1847293299436,1071.131591796875,1070.806884765625,-0.3246381878852844,-0.053206376433372504
55,72,127,train,True,0.0055753,-0.43240019485354425,1068.1889919917285,1068.268310546875,1067.756591796875,-0.5117359161376953,0.07933572128415106
56,71,127,train,True,0.0113538,-0.5559155595302582,1064.2492749345301,1064.06396484375,1063.693359375,-0.3706119954586029,-0.18530356407165527
57,70,127,train,True,0.0259969,-0.904330957531929,1058.385287988782,1058.3597412109375,1057.48095703125,-0.8787323832511902,-0.02559857428073886
58,69,127,train,True,0.0288798,-1.5262285935878754,1051.7159258592128,1051.66064453125,1050.189697265625,-1.4709093570709229,-0.055319236516952586
48,80,128,train,True,0.0064384,0.24841916851699353,1062.774530050233,1062.8143310546875,1063.02294921875,0.20870240032672882,0.039716768190264706
49,79,128,train,True,0.0013184,-0.34642438739538195,1068.9960825905205,1068.9837646484375,1068.649658203125,-0.33412081003189087,-0.01230357736349108
50,78,128,train,True,0.0176768,-0.5796409662067891,1077.2780052240194,1077.372802734375,1076.6983642578125,-0.6743872165679932,0.0947462503612041
51,77,128,train,True,0.0187904,-0.4077885600924492,1077.889844224155,1077.85888671875,1077.4820556640625,-0.37676718831062317,-0.031021371781826013
52,76,128,train,True,0.000704,-0.44720478624105453,1081.4800417003034,1081.4404296875,1081.0328369140625,-0.4076608121395111,-0.03954397410154342
53,75,128,train,True,0.0036224,-0.28404864795506,1079.4505525542052,1079.40234375,1079.16650390625,-0.23585520684719086,-0.04819344110786916
54,74,128,train,True,3.84e-05,-0.5438189646601677,1080.7160601755977,1080.7425537109375,1080.1722412109375,-0.570302426815033,0.0264834621548653
55,73,128,train,True,0.005376,-0.4197901122272015,1076.0207422606647,1076.0313720703125,1075.6009521484375,-0.4304983913898468,0.010708279162645329
56,72,128,train,True,0.0016128,-0.6802614492177963,1074.6949098867178,1074.6864013671875,1074.0146484375,-0.6718384027481079,-0.008423046469688389
57,71,128,train,True,0.0544512,-0.6767144784331321,1067.3679986581205,1067.160400390625,1066.6912841796875,-0.4690712094306946,-0.20764326900243757
58,70,128,train,True,0.0279424,-1.3676004242897033,1063.3036355805398,1063.2864990234375,1061.93603515625,-1.3505152463912964,-0.01708517789840691
59,69,128,train,True,0.0298112,-1.740469487309456,1053.4611726123094,1053.301025390625,1051.720703125,-1.580304741859436,-0.1601647454500199
48,81,129,train,True,0.0053148,0.8797550901770592,1066.7685603395105,1066.76953125,1067.6483154296875,0.8787881135940552,0.0009669765830040422
49,80,129,train,True,0.0019737,-0.31776572607457637,1075.7147383823246,1075.699951171875,1075.39697265625,-0.30291101336479187,-0.014854712709784501
50,79,129,train,True,0.0172731,-0.5668993799388409,1082.8315478174388,1082.6732177734375,1082.2646484375,-0.4085769057273865,-0.1583224742114544
51,78,129,train,True,0.0212205,-0.5042531776428223,1085.6716115760803,1085.9296875,1085.1673583984375,-0.7623142004013062,0.25806102275848386
52,77,129,train,True,0.0007095,-0.37154496237635615,1087.707604532689,1087.5228271484375,1087.3360595703125,-0.186764195561409,-0.18478076681494715
53,76,129,train,True,0.0031476,-0.36762400895357134,1088.101388657391,1088.2427978515625,1087.7337646484375,-0.5090131759643555,0.14138916701078413
54,75,129,train,True,3.87e-05,-0.4303088998794556,1087.715831360817,1087.6494140625,1087.2855224609375,-0.3638615906238556,-0.0664473092556
55,74,129,train,True,0.0045537,-0.5144565397500992,1085.6335971647502,1085.6700439453125,1085.119140625,-0.5507984757423401,0.03634193599224089
56,73,129,train,True,0.0105006,-0.5653039667010308,1082.5661584588886,1082.449462890625,1082.0008544921875,-0.4485619068145752,-0.11674205988645558
57,72,129,train,True,0.0213495,-0.6485639259219169,1077.8691449806095,1077.9298095703125,1077.2205810546875,-0.7091920971870422,0.06062817126512532
58,71,129,train,True,0.0279414,-0.9195225208997726,1072.3068516224623,1072.1114501953125,1071.3873291015625,-0.7241019010543823,-0.19542061984539028
59,70,129,train,True,0.0298119,-1.4013715386390686,1065.0433393120766,1064.8150634765625,1063.6419677734375,-1.1731232404708862,-0.22824829816818237
48,82,130,train,True,0.02236,1.2806199187040328,1072.8089796906709,1072.8363037109375,1074.089599609375,1.253316044807434,0.027303873896598718
49,81,130,train,True,0.001794,-0.13631903016008437,1080.8576325067227,1080.8428955078125,1080.7213134765625,-0.12157999724149704,-0.01473903291858733
50,80,130,train,True,0.001872,-0.5761192557215691,1090.288155388534,1090.2862548828125,1089.7120361328125,-0.574209988117218,-0.0019092676043510615
51,79,130,train,True,0.014209,-0.49479788839817046,1091.7684795290231,1091.6573486328125,1091.273681640625,-0.38363298773765564,-0.11116490066051482
52,78,130,train,True,3.9e-05,-0.4117222724854946,1095.9800816474856,1095.9422607421875,1095.568359375,-0.37386301159858704,-0.03785926088690755
53,77,130,train,True,0.003159,-0.2806671524047852,1094.8387726211547,1094.7431640625,1094.55810546875,-0.18504300713539124,-0.09562414526939395
54,76,130,train,True,3.9e-05,-0.47945603758096694,1096.8582402172685,1096.905029296875,1096.3787841796875,-0.526282012462616,0.046825974881649024
55,75,130,train,True,0.008359,-0.4161919943988323,1093.1487359397113,1093.1419677734375,1092.7325439453125,-0.40952399373054504,-0.006668000668287266
56,74,130,train,True,0.000286,-0.6853392708301544,1092.7065795052051,1092.7166748046875,1092.021240234375,-0.6954900026321411,0.010150731801986668
57,73,130,train,True,0.025948,-0.5873302981257439,1086.2701916262508,1086.304931640625,1085.682861328125,-0.6220470070838928,0.034716708958148934
58,72,130,train,True,0.02795,-0.9514300954341889,1083.3430316579343,1083.318115234375,1082.3916015625,-0.926531970500946,-0.024898124933242838
59,71,130,train,True,0.064272,-1.1136920309066773,1074.428023085594,1074.288330078125,1073.3143310546875,-0.9740449786186218,-0.13964705228805552
60,70,130,train,True,0.02795,-1.5540089845657348,1069.1620412111283,1068.9267578125,1067.6080322265625,-1.31876802444458,-0.2352409601211547
48,83,131,train,True,0.0192439,1.116483356654644,1074.8814414480328,1075.0018310546875,1075.9979248046875,0.9961276054382324,0.12035575121641151
49,82,131,train,True,0.0022008,0.16818350166082383,1087.079375092089,1087.031982421875,1087.24755859375,0.21557359397411346,-0.04739009231328964
50,81,131,train,True,0.0036156,-0.5909932808578015,1095.6982930855454,1095.4898681640625,1095.1072998046875,-0.38259729743003845,-0.208395983427763
51,80,131,train,True,0.0020829,-0.5454501922428608,1099.264444332868,1099.4244384765625,1098.718994140625,-0.7053775191307068,0.15992732688784594
52,79,131,train,True,6.55e-05,-0.3698980766534805,1102.0376226860285,1101.87158203125,1101.667724609375,-0.20394089818000793,-0.16595717847347258
53,78,131,train,True,0.0006026,-0.310305799394846,1103.1636993540824,1103.321044921875,1102.8533935546875,-0.46759870648384094,0.15729290708899496
54,77,131,train,True,3.93e-05,-0.3344274379312992,1103.5924840785563,1103.509521484375,1103.258056640625,-0.2514077126979828,-0.08301972523331641
55,76,131,train,True,0.0001834,-0.42002819538116454,1102.367782101631,1102.369140625,1101.94775390625,-0.42135271430015564,0.0013245189189911022
56,75,131,train,True,0.0004192,-0.532343699336052,1100.279902293086,1100.210205078125,1099.74755859375,-0.46269410848617554,-0.06964959084987643
57,74,131,train,True,0.0279423,-0.6329181632399559,1096.5141437491775,1096.5181884765625,1095.8812255859375,-0.6369556188583374,0.004037455618381536
58,73,131,train,True,0.0328024,-0.7341012817621231,1091.7549753051997,1091.675048828125,1091.0208740234375,-0.6540939211845398,-0.08000736057758329
59,72,131,train,True,0.0469897,-0.974369169473648,1085.5229531538487,1085.48486328125,1084.548583984375,-0.9362509250640869,-0.03811824440956113
60,71,131,train,True,0.0275231,-1.3506860369443894,1078.3329858416319,1078.169921875,1076.9822998046875,-1.1875895261764526,-0.16309651076793674
48,84,132,train,True,0.0600732,1.3256564503908157,1078.3146023386716,1078.3267822265625,1079.6402587890625,1.3134428262710571,0.01221362411975857
49,83,132,train,True,0.0600336,0.21874580282717943,1089.5191692362353,1089.490478515625,1089.7379150390625,0.24736160039901733,-0.02861579757183791
50,82,132,train,True,0.00198,-0.47830627247691154,1102.8269390849769,1102.8431396484375,1102.3486328125,-0.4945831894874573,0.016276917010545733
51,81,132,train,True,0.0024684,-0.6105049869418144,1105.2607735416293,1105.1495361328125,1104.6502685546875,-0.4992663860321045,-0.11123860090970994
52,80,132,train,True,0.0034848,-0.3556208261847496,1110.0146784433723,1109.920166015625,1109.6590576171875,-0.26113879680633545,-0.09448202937841416
53,79,132,train,True,0.0040656,-0.25729601658880713,1109.7299522665887,1109.653076171875,1109.47265625,-0.18038959801197052,-0.07690641857683661
54,78,132,train,True,3.96e-05,-0.33704736530780793,1112.4174917012454,1112.4461669921875,1112.0804443359375,-0.36582279205322266,0.028775426745414723
55,77,132,train,True,0.0010428,-0.2815238007158041,1109.6106253632158,1109.53759765625,1109.3291015625,-0.20848959684371948,-0.07303420387208459
56,76,132,train,True,0.001056,-0.5543386493623257,1110.0221120868623,1110.0374755859375,1109.4677734375,-0.5696604251861572,0.01532177582383154
57,75,132,train,True,0.0363528,-0.5213554438948631,1104.6088798579574,1104.5438232421875,1104.0875244140625,-0.45627880096435547,-0.06507664293050763
58,74,132,train,True,0.0204072,-0.8298129320144654,1102.5300082445144,1102.506591796875,1101.7001953125,-0.8063436150550842,-0.023469316959381148
59,73,132,train,True,0.0288816,-0.8308229407668114,1094.4647340735794,1094.4830322265625,1093.6339111328125,-0.8490763902664185,0.018253449499607055
60,72,132,train,True,0.0242088,-1.3041257280111314,1089.975756587386,1089.89892578125,1088.671630859375,-1.2273727655410767,-0.0767529624700547
50,83,133,train,True,0.0019019,-0.4809069949388504,1105.2328601199388,1105.2418212890625,1104.751953125,-0.4899370074272156,0.009030012488365158
51,82,133,train,True,0.0031255,-0.5739931532740593,1112.4305605360867,1112.5091552734375,1111.8565673828125,-0.6525166034698486,0.07852345019578932
52,81,133,train,True,0.0020615,-0.36932682573795317,1115.920596356988,1115.7403564453125,1115.55126953125,-0.1890915036201477,-0.18023532211780546
53,80,133,train,True,0.0059052,-0.2541099068522453,1117.7491050240396,1117.878173828125,1117.4949951171875,-0.38320690393447876,0.12909699708223343
54,79,133,train,True,0.002394,-0.2297929409146309,1118.9545243862271,1118.8822021484375,1118.7247314453125,-0.15744410455226898,-0.07234883636236192
55,78,133,train,True,3.99e-05,-0.2551967368274927,1118.4976283774524,1118.527099609375,1118.242431640625,-0.28475379943847656,0.029557062610983842
56,77,133,train,True,0.0009975,-0.3534792949259281,1117.2865847636758,1117.2274169921875,1116.93310546875,-0.2942847013473511,-0.05919459357857704
57,76,133,train,True,0.0279433,-0.4903219282627106,1114.4461324751378,1114.3858642578125,1113.955810546875,-0.43011951446533203,-0.06020241379737856
58,75,133,train,True,0.016359,-0.6298904582858086,1110.6744461223484,1110.52734375,1110.0445556640625,-0.48290330171585083,-0.14698715656995776
59,74,133,train,True,0.012502,-0.7944581004977226,1105.3086182567476,1105.264404296875,1104.51416015625,-0.7502204179763794,-0.04423768252134319
60,73,133,train,True,0.0465766,-1.0650529977679253,1099.0119524118304,1098.8768310546875,1097.9468994140625,-0.9299560189247131,-0.13509697884321215
61,72,133,train,True,0.0503006,-1.3489453572034835,1091.160590865016,1091.1697998046875,1089.8116455078125,-1.3581852912902832,0.009239934086799684
50,84,134,train,True,0.0031624,-0.09840580211952328,1109.0266284583695,1108.873046875,1108.92822265625,0.05516539886593819,-0.15357120098546145
51,83,134,train,True,0.0030686,-0.6079523494839668,1115.5648615291714,1115.6759033203125,1114.9569091796875,-0.7190331816673279,0.11108083218336107
52,82,134,train,True,0.002747,-0.26742242723703386,1123.566982974112,1123.4083251953125,1123.299560546875,-0.10872279852628708,-0.15869962871074678
53,81,134,train,True,0.0048508,-0.2662180423736572,1124.1714914798736,1124.1356201171875,1123.9052734375,-0.2303747981786728,-0.035843244194984414
54,80,134,train,True,4.02e-05,-0.1846476064622402,1127.4566202627122,1127.4356689453125,1127.27197265625,-0.16371959447860718,-0.020928011983633033
55,79,134,train,True,4.02e-05,-0.15353037267923356,1125.5412256851791,1125.418701171875,1125.3876953125,-0.030998000875115395,-0.12253237180411816
56,78,134,train,True,0.0002546,-0.3271802769601345,1126.6795972691477,1126.6951904296875,1126.3524169921875,-0.34279540181159973,0.015615124851465212
57,77,134,train,True,0.0199258,-0.32312861025333406,1122.2262047821284,1122.1815185546875,1121.903076171875,-0.27839919924736023,-0.04472941100597383
58,76,134,train,True,0.0203814,-0.6447712704539299,1121.0425984188914,1121.013427734375,1120.3978271484375,-0.6155943870544434,-0.029176883399486542
59,75,134,train,True,0.0203144,-0.6418227708339691,1113.9612807786464,1113.9261474609375,1113.3194580078125,-0.606647789478302,-0.0351749813556671
60,74,134,train,True,0.0118188,-1.0637020695209503,1110.3499569523335,1110.26220703125,1109.2862548828125,-0.9760394096374512,-0.08766265988349908
61,73,134,train,True,0.0419152,-1.158544129729271,1100.6814933484793,1100.597412109375,1099.52294921875,-1.0744553804397583,-0.0840887492895126
50,85,135,train,True,0.003078,-0.07523908197879792,1111.158735175729,1111.142822265625,1111.08349609375,-0.0593395009636879,-0.01589958101511002
51,84,135,train,True,0.002646,-0.27353048384189604,1119.5116896635293,1119.4185791015625,1119.2381591796875,-0.18036900460720062,-0.09316147923469542
52,83,135,train,True,0.001728,-0.31907222002744673,1126.8029589387775,1126.6746826171875,1126.48388671875,-0.1907840073108673,-0.12828821271657942
53,82,135,train,True,0.0020655,-0.20878239892423153,1131.8613702895493,1131.9427490234375,1131.652587890625,-0.29012149572372437,0.08133909679949283
54,81,135,train,True,0.003672,-0.13607843849807977,1133.813324532248,1133.7945556640625,1133.67724609375,-0.11727049946784973,-0.018807939030230036
55,80,135,train,True,0.0003645,-0.11897964298725128,1134.1159278851746,1134.1807861328125,1133.9969482421875,-0.18380549550056458,0.0648258525133133
56,79,135,train,True,0.000243,-0.15904199898242952,1133.7117763739825,1133.6671142578125,1133.552734375,-0.11445750296115875,-0.044584496021270764
57,78,135,train,True,0.0094365,-0.24254221953451632,1131.6849250320345,1131.6776123046875,1131.4423828125,-0.2352219969034195,-0.007320222631096829
58,77,135,train,True,0.01026,-0.40143845409154894,1128.8574931415915,1128.8681640625,1128.4560546875,-0.41202351450920105,0.010585060417652115
59,76,135,train,True,0.0118125,-0.5662064619362355,1124.4120316572487,1124.4052734375,1123.8458251953125,-0.5595340132713318,-0.006672448664903685
60,75,135,train,True,0.0191295,-0.7607069206237793,1119.0162000846863,1118.9007568359375,1118.2554931640625,-0.6452360153198242,-0.1154709053039551
61,74,135,train,True,0.0829035,-1.03294454485178,1112.1201027479767,1111.967041015625,1111.087158203125,-0.8798955082893372,-0.15304903656244284
62,73,135,train,False,0.154629,-1.2888223499059677,1104.128666099906,1103.9796142578125,1102.83984375,-1.1397449970245361,-0.14907735288143154
51,85,136,train,True,0.0058344,-0.2132529704272747,1122.3098105876147,1122.306396484375,1122.0965576171875,-0.20994879305362701,-0.0033041773736476876
52,84,136,train,True,0.0022848,-0.0346282578073442,1131.4967864609323,1131.4425048828125,1131.462158203125,0.019706400111317635,-0.054334657918661836
53,83,136,train,True,0.0141848,-0.2616249026358128,1135.7555213870107,1135.7801513671875,1135.493896484375,-0.2861911952495575,0.02456629261374471
54,82,136,train,True,4.08e-05,-0.02086537721566856,1141.9694737756531,1141.8817138671875,1141.9486083984375,0.06690959632396698,-0.08777497353963554
55,81,136,train,True,0.0018768,-0.08624306617304683,1140.989563378673,1141.009033203125,1140.9033203125,-0.10573279857635498,0.019489732403308146
56,80,136,train,True,0.0002448,-0.10342520730569958,1142.7734691526182,1142.77490234375,1142.6700439453125,-0.10489760339260101,0.0014723960869014313
57,79,136,train,True,0.053176,-0.09853012915700674,1139.226215676032,1139.1429443359375,1139.127685546875,-0.015263199806213379,-0.08326692935079336
58,78,136,train,True,0.0003264,-0.3512546907365322,1138.8346531282366,1138.8316650390625,1138.4833984375,-0.34828639030456543,-0.002968300431966775
59,77,136,train,True,0.0114512,-0.3748337127268314,1132.7439743377267,1132.8812255859375,1132.369140625,-0.5121104121208191,0.13727669939398768
60,76,136,train,True,0.0118184,-0.7434919515252113,1129.9912946859001,1129.957763671875,1129.247802734375,-0.7099272012710571,-0.033564750254154174
61,75,136,train,True,0.0690744,-0.7619391560554505,1121.2604743123054,1121.14599609375,1120.49853515625,-0.6475151777267456,-0.11442397832870488
62,74,136,train,True,0.0124984,-1.2353755986690522,1116.079613879919,1116.004638671875,1114.84423828125,-1.1604440212249756,-0.07493157744407664
51,86,137,train,True,0.0521696,0.10403718858258798,1125.9777499207923,1125.9312744140625,1126.081787109375,0.15053319931030273,-0.046496010727714754
52,85,137,train,True,0.0020961,-0.02157515475526452,1134.4060966391303,1134.392333984375,1134.384521484375,-0.007790899835526943,-0.013784254919737577
53,84,137,train,True,0.0083844,-0.06355324558448046,1140.652786644022,1140.6624755859375,1140.5892333984375,-0.07325209677219391,0.00969885118771345
54,83,137,train,True,0.0001096,-0.04955327051691711,1145.9354175283295,1145.9072265625,1145.8858642578125,-0.021350499242544174,-0.028202771274372936
55,82,137,train,True,0.0003014,-0.01723258226411417,1149.2237755510141,1149.2872314453125,1149.20654296875,-0.08065970242023468,0.06342712015612051
56,81,137,train,True,0.0002466,-0.019613377957139164,1149.621908299832,1149.6805419921875,1149.602294921875,-0.0782456025481224,0.058632224590983245
57,80,137,train,True,0.001644,-0.04508772672619671,1148.3800486642263,1148.317626953125,1148.3349609375,0.017344100400805473,-0.06243182712700218
58,79,137,train,True,0.0003562,-0.12648819431662559,1146.3781971786916,1146.313232421875,1146.251708984375,-0.0615089014172554,-0.06497929289937018
59,78,137,train,True,0.0081378,-0.2496492174267769,1142.7910310533643,1142.81396484375,1142.5413818359375,-0.27251380681991577,0.022864589393138873
60,77,137,train,True,0.0117272,-0.4316008812189102,1138.3387053734064,1138.4136962890625,1137.9071044921875,-0.5066204071044922,0.07501952588558197
61,76,137,train,True,0.0130424,-0.6041543933749199,1132.291898534,1132.1202392578125,1131.687744140625,-0.4324691891670227,-0.17168520420789724
62,75,137,train,True,0.0286193,-0.8572127503156662,1125.2997176331282,1125.2567138671875,1124.4425048828125,-0.8142198920249939,-0.04299285829067234
63,74,137,train,True,0.004384,-1.115146842598915,1116.772373405099,1116.628662109375,1115.6572265625,-0.9714105725288391,-0.14373627007007594
52,86,138,train,True,0.0037812,0.19340690109878778,1138.8814222004637,1138.8558349609375,1139.0748291015625,0.2189532071352005,-0.025546306036412725
53,85,138,train,True,0.0059616,-0.06824800699483603,1144.2447616788697,1144.357421875,1144.176513671875,-0.18091000616550446,0.11266199917066842
54,84,138,train,True,0.0028014,0.050282521592453125,1151.5888776346576,1151.5673828125,1151.63916015625,0.071800597012043,-0.021518075419589874
55,83,138,train,True,0.0091632,-0.03702843500301242,1153.800944450628,1153.6998291015625,1153.763916015625,0.06406939774751663,-0.10109783275052905
56,82,138,train,True,0.0002484,0.08432948691770434,1158.3282681693322,1158.292236328125,1158.41259765625,0.12033639848232269,-0.036006911564618355
57,81,138,train,True,0.000414,0.004019957577838795,1155.7482993783597,1155.761474609375,1155.7523193359375,-0.009223000146448612,0.013242957724287407
58,80,138,train,True,0.0004968,-0.07526173883117736,1156.0242363482062,1156.0316162109375,1155.948974609375,-0.08263040333986282,0.007368664508685466
59,79,138,train,True,0.0100188,-0.07698847434483469,1150.8546984352824,1150.812255859375,1150.7777099609375,-0.03459100052714348,-0.04239747381769121
60,78,138,train,True,0.0116058,-0.3741147281229496,1148.9245297671855,1148.918212890625,1148.5504150390625,-0.3678548038005829,-0.006259924322366717
61,77,138,train,True,0.0116058,-0.3690972962975502,1141.1652398744225,1141.0330810546875,1140.796142578125,-0.23700040578842163,-0.1320968905091286
62,76,138,train,True,0.0118128,-0.8090360680222511,1136.8878934898974,1136.8341064453125,1136.078857421875,-0.7553467750549316,-0.0536892929673195
63,75,138,train,True,0.027945,-0.7898285892605782,1126.4692719486357,1126.3037109375,1125.679443359375,-0.6242117881774902,-0.16561680108308796
52,87,139,train,True,0.0035445,0.2979625675827265,1141.4471546199172,1141.436279296875,1141.7451171875,0.3088476061820984,-0.010885038599371899
53,86,139,train,True,0.0040032,0.09588397500105202,1148.8668845796865,1148.9197998046875,1148.9627685546875,0.04301000013947487,0.05287397486157715
54,85,139,train,True,0.0021406,-0.018688666275702415,1155.3221554631507,1155.31103515625,1155.303466796875,-0.007565599866211414,-0.011123066409491001
55,84,139,train,True,0.0031275,0.011577289723791183,1159.6325877493387,1159.585205078125,1159.6441650390625,0.058981701731681824,-0.04740441200789064
56,83,139,train,True,0.0002502,0.07142810191493482,1163.00547619496,1163.0157470703125,1163.076904296875,0.061203401535749435,0.01022470037918538
57,82,139,train,True,0.0006116,0.06544816243462265,1164.5591856266278,1164.5418701171875,1164.6246337890625,0.08278069645166397,-0.017332534017041323
58,81,139,train,True,0.002085,0.011159714952809737,1163.4121801287972,1163.494873046875,1163.42333984375,-0.07152959704399109,0.08268931199680082
59,80,139,train,True,0.0036557,-0.03293832938885316,1160.6279090325138,1160.5833740234375,1160.594970703125,0.011608799919486046,-0.044547129308339206
60,79,139,train,True,0.027522,-0.1129489740356803,1157.0106540521606,1156.9893798828125,1156.897705078125,-0.09162379801273346,-0.02132517602294684
61,78,139,train,True,0.0135942,-0.20871210422366857,1151.8190636667237,1151.6910400390625,1151.6103515625,-0.08067470043897629,-0.12803740378469228
62,77,139,train,True,0.0108837,-0.39133030220866205,1145.7394748334586,1145.7879638671875,1145.34814453125,-0.4398253858089447,0.04849508360028265
63,76,139,train,True,0.0131494,-0.5879570549726486,1138.1257988518475,1138.0234375,1137.537841796875,-0.4855993092060089,-0.1023577457666397
52,88,140,train,True,0.014378,0.4701236559450626,1145.6862484143674,1145.669921875,1146.1563720703125,0.4864619970321655,-0.016338341087102914
53,87,140,train,True,0.01211,0.17385737482458352,1152.131196336113,1152.1263427734375,1152.3050537109375,0.178739994764328,-0.004882619939744481
54,86,140,train,True,0.002324,0.04145079640380572,1160.7144085785962,1160.7242431640625,1160.755859375,0.031550001353025436,0.009900795050780287
55,85,140,train,True,0.008204,-0.06160937855485827,1163.9981328160547,1164.005126953125,1163.9365234375,-0.06867799907922745,0.007068620524369178
56,84,140,train,True,0.007896,0.07325669568963349,1169.5049903746228,1169.4410400390625,1169.5782470703125,0.1371999979019165,-0.06394330221228302
57,83,140,train,True,0.000602,0.06133737757569179,1169.8115874271118,1169.7027587890625,1169.8729248046875,0.17008599638938904,-0.10874861881369724
58,82,140,train,True,0.001316,0.08163469978142529,1172.7059629564685,1172.6826171875,1172.78759765625,0.10497000068426132,-0.02333530090283603
59,81,140,train,True,0.006146,-0.016709475617390127,1168.5550395537423,1168.5123291015625,1168.538330078125,0.02601799927651882,-0.04272747489390895
60,80,140,train,True,0.003262,-0.11528959419578313,1167.3032778754457,1167.3009033203125,1167.18798828125,-0.11296000331640244,-0.0023295908793806996
61,79,140,train,True,0.02422,-0.05402175027877092,1160.4627131565287,1160.473388671875,1160.40869140625,-0.06471200287342072,0.010690252594649792
62,78,140,train,True,0.012502,-0.357706692814827,1156.9741617709399,1156.9349365234375,1156.616455078125,-0.31855401396751404,-0.03915267884731294
63,77,140,train,True,0.051534,-0.30806264989078047,1147.5462218295784,1147.6826171875,1147.2381591796875,-0.4445199966430664,0.13645734675228594
64,76,140,train,True,0.027944,-0.7845429584383965,1141.7253388568759,1141.6966552734375,1140.9407958984375,-0.7557979822158813,-0.02874497622251515
65,75,140,train,False,0.800492,-0.6989345192909241,1129.605428659916,1129.6142578125,1128.906494140625,-0.7077479958534241,0.008813476562499978
53,88,141,train,True,0.0158343,0.3324173408001661,1156.4610396904498,1156.51806640625,1156.79345703125,0.2752757966518402,0.057141544148325896
54,87,141,train,True,0.0028905,0.06654991209739819,1164.0895780175902,1164.0064697265625,1164.1561279296875,0.1496773064136505,-0.08312739431625232
55,86,141,train,True,0.0091932,-0.04541739342501387,1169.5422435653,1169.504150390625,1169.496826171875,-0.0073114000260829926,-0.03810599339893088
56,85,141,train,True,0.0053157,-0.021723049972206355,1173.9811957062223,1173.9769287109375,1173.95947265625,-0.01741340011358261,-0.004309649858623744
57,84,141,train,True,0.0041313,0.06509260850958526,1176.4471144227405,1176.391845703125,1176.51220703125,0.12029500305652618,-0.055202394546940925
58,83,141,train,True,0.0013113,0.08769472972489893,1178.0652593718376,1178.11083984375,1178.1529541015625,0.042120400816202164,0.04557432890869677
59,82,141,train,True,0.0014946,0.009480818894226105,1177.9851480873558,1177.911865234375,1177.99462890625,0.08268679678440094,-0.07320597789017483
60,81,141,train,True,0.0031866,-0.07957226132974028,1175.2958808550798,1175.3065185546875,1175.21630859375,-0.090243399143219,0.010671137813478712
61,80,141,train,True,0.0139731,-0.08465902457013726,1170.929629727695,1170.8555908203125,1170.844970703125,-0.01061050035059452,-0.07404852421954274
62,79,141,train,True,0.0085305,-0.08334407150745392,1165.6360784465076,1165.4842529296875,1165.552734375,0.06841400265693665,-0.15175807416439058
63,78,141,train,True,0.0126336,-0.1188335556909442,1158.820249571316,1158.693603515625,1158.701416015625,0.0077726999297738075,-0.126606255620718
64,77,141,train,True,0.0197541,-0.3174158176034689,1151.1455408176034,1151.2098388671875,1150.828125,-0.38176900148391724,0.06435318388044836
65,76,141,train,False,0.1052565,-0.5271723707020283,1141.963939948827,1141.744140625,1141.436767578125,-0.30733010172843933,-0.21984226897358894
53,89,142,train,True,0.0049416,0.4590216760337353,1159.4386834020913,1159.4656982421875,1159.897705078125,0.4319585859775543,0.02706309005618096
54,88,142,train,True,0.002698,0.1635294561088085,1169.1548299188912,1169.110107421875,1169.318359375,0.20833100378513336,-0.044801547676324854
55,87,142,train,True,0.0070716,-0.04253528268542141,1173.5756163373728,1173.6126708984375,1173.5330810546875,-0.0795333981513977,0.0369981154659763
56,86,142,train,True,0.0059214,-0.04563726336869877,1180.1944409743062,1180.157958984375,1180.1488037109375,-0.00919559970498085,-0.03644166366371792
57,85,142,train,True,0.0062906,0.008891460373997689,1181.4765821724386,1181.557373046875,1181.4854736328125,-0.07183460146188736,0.08072606183588504
58,84,142,train,True,0.0024424,0.08691503710113466,1185.290282228524,1185.283935546875,1185.377197265625,0.09325999766588211,-0.006344960564747454
59,83,142,train,True,0.0015052,0.0265487430524081,1183.8823868038226,1183.7550048828125,1183.908935546875,0.15384559333324432,-0.12729685028083623
60,82,142,train,True,0.0012496,-0.06855066261254252,1185.2182088657376,1185.1363525390625,1185.149658203125,0.013198000378906727,-0.08174866299144924
61,81,142,train,True,0.0236004,-0.17653920494019984,1179.5068614705651,1179.5455322265625,1179.330322265625,-0.2152353972196579,0.03869619227945806
62,80,142,train,True,0.0018602,-0.19330845154821874,1176.6403299359233,1176.6036376953125,1176.447021484375,-0.1565794050693512,-0.036729046478867544
63,79,142,train,True,0.0300614,-0.0029765819106251003,1168.0786601756606,1168.148193359375,1168.07568359375,-0.07253199815750122,0.06955541624687613
64,78,142,train,True,0.0279456,-0.3277929530292749,1163.0561865077168,1163.0164794921875,1162.7283935546875,-0.28807979822158813,-0.03971315480768678
65,77,142,train,False,0.700557,-0.2069747269526124,1151.9461104691402,1151.8341064453125,1151.7391357421875,-0.09503600001335144,-0.11193872693926096
54,89,143,train,True,0.0046618,0.27765117079019547,1172.1840187510847,1172.1546630859375,1172.461669921875,0.3070735037326813,-0.029422332942485807
55,88,143,train,True,0.007579,0.016859918690752238,1178.7675639094343,1178.844970703125,1178.784423828125,-0.060510098934173584,0.07737001762492582
56,87,143,train,True,0.0067496,-0.06208873408380896,1184.3172156872088,1184.32421875,1184.255126953125,-0.06915540248155594,0.007066668397746979
57,86,143,train,True,0.0073359,-0.008397136718849651,1187.8031969414064,1187.776123046875,1187.7947998046875,0.018624700605869293,-0.027021837324718946
58,85,143,train,True,0.0024453,0.049402036829851566,1190.4000608537951,1190.4287109375,1190.449462890625,0.02076050080358982,0.028641536026261745
59,84,143,train,True,0.0018161,0.07347958641126752,1191.2066717807763,1191.108154296875,1191.2801513671875,0.17199599742889404,-0.09851641101762652
60,83,143,train,True,0.0012584,-0.04236340994015336,1191.2342579411902,1191.260009765625,1191.19189453125,-0.06806989759206772,0.025706487651914356
61,82,143,train,True,0.0029458,-0.1875961347296834,1189.5711410566046,1189.43603515625,1189.383544921875,-0.05237630009651184,-0.13521983463317155
62,81,143,train,True,0.0027456,-0.24725307852029801,1185.2915646019578,1185.2100830078125,1185.0443115234375,-0.16579750180244446,-0.08145557671785356
63,80,143,train,True,0.0109824,-0.12092576019465923,1179.2628935336322,1179.1519775390625,1179.1419677734375,-0.009931099601089954,-0.11099466059356927
64,79,143,train,False,0.2003001,-0.015135938343591988,1172.2797843758435,1172.359619140625,1172.2646484375,-0.09488839656114578,0.07975245821755379
65,78,143,train,True,0.0512369,-0.027828947576199425,1163.8872039475762,1163.76513671875,1163.859375,0.09428320080041885,-0.12211214837661828
66,77,143,train,True,0.0130416,-0.2619745472818613,1154.6450311879069,1154.7325439453125,1154.383056640625,-0.34943610429763794,0.08746155701577663
54,90,144,train,True,0.0053136,0.4361541666090488,1176.9038116537035,1176.8953857421875,1177.3399658203125,0.44463199377059937,-0.008477827161550544
55,89,144,train,True,0.0201312,0.11601630958728493,1182.45368583885,1182.5120849609375,1182.5697021484375,0.057626400142908096,0.05838990944437683
56,88,144,train,True,0.0071424,-0.044441004218533635,1190.187873621406,1190.2254638671875,1190.1434326171875,-0.0821055993437767,0.03766459512524307
57,87,144,train,True,0.0129312,0.0031244306685402987,1192.498950764644,1192.525634765625,1192.5020751953125,-0.023575199767947197,0.026699630436487494
58,86,144,train,True,0.0028368,0.027441791789606214,1197.3253414113353,1197.3255615234375,1197.352783203125,0.027187200263142586,0.0002545915264636281
59,85,144,train,True,0.0027072,0.09864573306404054,1196.8128532903734,1196.8619384765625,1196.9114990234375,0.04958159849047661,0.04906413457356393
60,84,144,train,True,0.0012528,0.028166815909789877,1199.0849923637777,1199.0770263671875,1199.1131591796875,0.036187201738357544,-0.008020385828567667
61,83,144,train,True,0.0029088,-0.15092501394450664,1196.0918429826945,1195.9627685546875,1195.94091796875,-0.021853599697351456,-0.12907141424715518
62,82,144,train,True,0.0014544,-0.2855616702884436,1195.8461085452884,1195.72998046875,1195.560546875,-0.1693200021982193,-0.11624166809022429
63,81,144,train,True,0.0107856,-0.3051742196083069,1188.4864486336708,1188.60107421875,1188.1812744140625,-0.4198136031627655,0.11463938355445863
64,80,144,train,True,0.0279504,-0.20505667328834534,1183.9791045248508,1183.9591064453125,1183.7740478515625,-0.18510079383850098,-0.019955879449844366
65,79,144,train,True,0.0279504,0.12308071267791093,1173.6956448732597,1173.785400390625,1173.8187255859375,0.03327120095491409,0.08980951172299684
66,78,144,train,True,0.0071712,-0.2931676448881626,1167.2176061214507,1167.2049560546875,1166.9244384765625,-0.2805888056755066,-0.012578839212656012
67,77,144,train,True,0.0084816,-0.14705436906777322,1154.4781090565677,1154.4620361328125,1154.3310546875,-0.13096879422664642,-0.0160855748411268
54,91,145,train,True,0.0111795,0.6075766891241073,1179.6266762405635,1179.5877685546875,1180.2342529296875,0.6465834975242615,-0.039006808400154136
55,90,145,train,True,0.0090625,0.25143484339118005,1187.2685846878587,1187.366455078125,1187.52001953125,0.15354099869728088,0.09789384469389917
56,89,145,train,True,0.0084825,0.01566373705456499,1193.9670022785704,1194.0458984375,1193.982666015625,-0.06316950172185898,0.07883323877642397
57,88,145,train,True,0.012267,-0.00357787876855582,1198.4950329568935,1198.5826416015625,1198.491455078125,-0.09125850349664688,0.08768062472809106
58,87,145,train,True,0.033901,0.07345541685353965,1202.0686344268966,1202.0321044921875,1202.14208984375,0.1100509986281395,-0.036595581774599845
59,86,145,train,True,0.0071485,0.1251984578743577,1203.8196257608756,1203.80859375,1203.94482421875,0.1361674964427948,-0.01096903856843709
60,85,145,train,True,0.001276,0.08276332471519708,1204.7717288627848,1204.832275390625,1204.8544921875,0.02219649963080883,0.06056682508438825
61,84,145,train,True,0.0027985,-0.021580059727421032,1204.04074509879,1203.885498046875,1204.0191650390625,0.13374650478363037,-0.1553265645110514
62,83,145,train,True,0.001479,-0.23885597974061967,1202.4937387922407,1202.487060546875,1202.2548828125,-0.2321155071258545,-0.0067404726147651806
63,82,145,train,True,0.0030595,-0.33415001444518566,1199.1797310691327,1199.0447998046875,1198.8455810546875,-0.1991879940032959,-0.13496202044188976
64,81,145,train,True,0.01972,-0.2820581329613924,1193.2364038360863,1193.197509765625,1192.954345703125,-0.24323250353336334,-0.038825629428029085
65,80,145,train,False,0.110896,-0.02045020192163065,1185.5454746159842,1185.8883056640625,1185.5250244140625,-0.3632565140724182,0.34280631215078755
66,79,145,train,True,0.006525,0.10125100166071206,1176.9704042717767,1176.9488525390625,1177.0716552734375,0.12288200110197067,-0.02163099944125861
67,78,145,train,True,0.007453,0.029853854635730384,1167.0855025906767,1167.0439453125,1167.1153564453125,0.07141599804162979,-0.04156214340589941
54,92,146,train,True,0.0242214,0.7118716433644294,1184.121746520698,1184.12060546875,1184.8336181640625,0.7129516005516052,-0.0010799571871757951
55,91,146,train,True,0.0028908,0.41223578810691835,1190.649043508768,1190.6937255859375,1191.061279296875,0.36757099628448486,0.04466479182243349
56,90,146,train,True,0.0017666,0.09838130557909608,1199.4786450616084,1199.46728515625,1199.5770263671875,0.10972219705581665,-0.011340891476720572
57,89,146,train,True,0.001679,0.02304008911829442,1202.9156806140068,1203.039794921875,1202.938720703125,-0.10112480074167252,0.12416488985996693
58,88,146,train,True,0.0146584,0.04751658581662923,1208.6868584141835,1208.6622314453125,1208.734375,0.07221739739179611,-0.024700811575166882
59,87,146,train,True,0.0343538,0.22957990370690823,1209.0715675572305,1208.927490234375,1209.3011474609375,0.3736500144004822,-0.14407011069357395
60,86,146,train,True,0.0012702,0.1126146564958617,1212.335139249754,1212.3975830078125,1212.44775390625,0.05026580020785332,0.06234885628800839
61,85,146,train,True,0.0042778,0.09533755166456104,1210.1911614717728,1210.1436767578125,1210.2864990234375,0.1428699940443039,-0.047532442379742856
62,84,146,train,True,0.0030514,-0.10283533080015332,1210.9520784948627,1210.9033203125,1210.8492431640625,-0.05408259853720665,-0.04875273226294667
63,83,146,train,True,0.0060152,-0.26810641296207904,1206.291055631712,1206.2421875,1206.02294921875,-0.21927419304847717,-0.04883221991360187
64,82,146,train,True,0.0040734,-0.33753319539129734,1204.4051601485162,1204.4281005859375,1204.067626953125,-0.36045119166374207,0.02291799627244473
65,81,146,train,True,0.0448658,-0.20000219436362385,1195.3342795381136,1195.323486328125,1195.13427734375,-0.1892203986644745,-0.01078179569914936
66,80,146,train,True,0.0067014,-0.10503684272058308,1189.3120680927207,1189.33251953125,1189.20703125,-0.12546880543231964,0.020431962711736557
67,79,146,train,True,0.0065846,0.26079573184251786,1177.4098585650324,1177.2333984375,1177.670654296875,0.4372803866863251,-0.1764846548438072
68,78,146,train,True,0.0067014,-0.260531814545393,1169.4919771270454,1169.534912109375,1169.2314453125,-0.30345419049263,0.042922375947237024
55,92,147,train,True,0.008379,0.5134981870651245,1195.2011014223099,1195.374755859375,1195.714599609375,0.3398529887199402,0.17364519834518433
56,91,147,train,True,0.0197421,0.19480063762515784,1202.9594962373749,1202.9364013671875,1203.154296875,0.21794649958610535,-0.023145861960947506
57,90,147,train,True,0.0107163,0.013620289778336882,1208.6023465070966,1208.568359375,1208.615966796875,0.04762079939246178,-0.034000509614124895
58,89,147,train,True,0.0085848,0.0601075645617675,1213.1865965370007,1213.12158203125,1213.2467041015625,0.1251721978187561,-0.06506463325698861
59,88,147,train,True,0.0158613,0.21864704646170138,1215.7867240472883,1215.7694091796875,1216.00537109375,0.23601999878883362,-0.017372952327132235
60,87,147,train,True,0.0012789,0.28042544178664686,1217.6166692847758,1217.689697265625,1217.8970947265625,0.2073708027601242,0.07305463902652265
61,86,147,train,True,0.0012936,0.21082318622618915,1217.8069990793988,1217.8026123046875,1218.017822265625,0.21523359417915344,-0.004410407952964296
62,85,147,train,True,0.0012642,0.03557573104975745,1217.2008744642628,1217.2442626953125,1217.2364501953125,-0.007789799943566322,0.04336553099332377
63,84,147,train,True,0.0025725,-0.09562056229449808,1214.8778471247945,1214.740478515625,1214.7822265625,0.041687700897455215,-0.1373082631919533
64,83,147,train,True,0.0018816,-0.24951778527349233,1211.6394103633984,1211.7705078125,1211.389892578125,-0.38058018684387207,0.13106240157037974
65,82,147,train,True,0.0080997,-0.21550320383161306,1206.6371340632065,1206.3739013671875,1206.421630859375,0.047724999487400055,-0.2632282033190131
66,81,147,train,True,0.0088494,-0.09567689629271627,1199.0770001384801,1199.044921875,1198.9813232421875,-0.06359600275754929,-0.03208089353516698
67,80,147,train,True,0.004998,0.15179172590374945,1189.8751858131589,1189.8236083984375,1190.0269775390625,0.20339930057525635,-0.051607574671506895
68,79,147,train,True,0.0381906,0.18354602307081222,1179.8141346409916,1179.8919677734375,1179.9976806640625,0.10572800040245056,0.07781802266836166
69,78,147,train,True,0.0068355,0.041278487066738305,1168.4490779582457,1168.4761962890625,1168.4903564453125,0.014183400198817253,0.027095086867921052
55,93,148,train,True,0.0130388,0.5257521384954452,1198.4901170021296,1198.4368896484375,1199.015869140625,0.5789588093757629,-0.05320667088031772
56,92,148,train,True,0.0014948,0.23263664748519658,1208.2259815165773,1208.28857421875,1208.4586181640625,0.1700536012649536,0.06258304622024297
57,91,148,train,True,0.019462,-0.0008785113389603794,1212.810204683214,1212.6700439453125,1212.809326171875,0.1392579972743988,-0.1401365086133592
58,90,148,train,True,0.0111888,-0.06239424069412053,1219.5974284203817,1219.577392578125,1219.5350341796875,-0.04236479848623276,-0.02002944220788777
59,89,148,train,True,0.0150368,0.20902200642973184,1220.8847279935703,1220.9320068359375,1221.09375,0.1616467982530594,0.047375208176672456
60,88,148,train,True,0.0020572,0.24035943508148194,1224.9300507211685,1225.0223388671875,1225.17041015625,0.1480855941772461,0.09227384090423585
61,87,148,train,True,0.0056832,0.43317262634634973,1223.5698791314662,1223.69775390625,1224.0030517578125,0.3053115904331207,0.127861035913229
62,86,148,train,True,0.0012432,0.12698779491707682,1225.368861814458,1225.3856201171875,1225.495849609375,0.11017519980669022,0.016812595110386602
63,85,148,train,True,0.0099604,0.0833195253321901,1221.5801326231053,1221.564697265625,1221.6634521484375,0.0988060012459755,-0.015486475913785394
64,84,148,train,True,0.0014652,-0.09140075837261975,1220.7245794693101,1220.7542724609375,1220.6331787109375,-0.12109039723873138,0.02968963886611163
65,83,148,train,True,0.0124616,-0.11564619608223438,1214.3125456101448,1214.239501953125,1214.1968994140625,-0.04256359860301018,-0.0730825974792242
66,82,148,train,True,0.0087172,-0.14536777479574084,1210.8499576185457,1210.779541015625,1210.70458984375,-0.0749640017747879,-0.07040377302095294
67,81,148,train,True,0.0838272,0.050907143633812664,1200.1684532079287,1200.1290283203125,1200.2193603515625,0.09030439704656601,-0.039397253412753346
68,80,148,train,True,0.0102416,0.0145061223837547,1192.7555134088661,1192.83447265625,1192.77001953125,-0.06447520107030869,0.07898132345406339
69,79,148,train,True,0.0102416,0.28466522119939325,1179.369021302238,1179.338134765625,1179.6536865234375,0.3155372142791748,-0.030871993079781557
56,93,149,train,True,0.0025181,0.1937472113221884,1211.5842068902402,1211.6456298828125,1211.7779541015625,0.13232450187206268,0.061422709450125706
57,92,149,train,False,0.200256,-0.10731199076864868,1218.2859008579562,1218.2525634765625,1218.1785888671875,-0.07393349707126617,-0.03337849369738251
58,91,149,train,True,0.0102512,-0.26943038634955885,1224.045675503537,1223.920166015625,1223.7762451171875,-0.14388060569763184,-0.125549780651927
59,90,149,train,True,0.0098787,-0.09119318769313395,1227.5671453361306,1227.50732421875,1227.4759521484375,-0.03129599988460541,-0.05989718780852854
60,89,149,train,True,0.0020562,0.2576405246555805,1230.0790293972195,1230.0611572265625,1230.336669921875,0.2755886912345886,-0.017948166579008107
61,88,149,train,True,0.0021903,0.45724603995680807,1230.9421680225432,1230.9676513671875,1231.3994140625,0.43177270889282227,0.025473331063985805
62,87,149,train,True,0.0011622,0.42465041279792787,1231.1604325950145,1231.2568359375,1231.5850830078125,0.3283233046531677,0.09632710814476014
63,86,149,train,True,0.0039038,0.27636291600763796,1229.7944378652423,1229.77978515625,1230.07080078125,0.2909559905529022,-0.014593074545264262
64,85,149,train,True,0.0033078,0.11676651300862431,1227.5267881744915,1227.683349609375,1227.6435546875,-0.03985439985990524,0.15662091286852955
65,84,149,train,True,0.0036356,0.09173850769177079,1223.5204441094957,1223.262451171875,1223.6121826171875,0.349720299243927,-0.2579817915521562
66,83,149,train,True,0.0091784,5.1572285592556e-05,1218.6319064355268,1218.6854248046875,1218.6319580078125,-0.053582798689603806,0.05363437097519636
67,82,149,train,True,0.0119796,0.05011332658585161,1212.091488235914,1211.85498046875,1212.1416015625,0.28660500049591064,-0.23649167391005904
68,81,149,train,True,0.0279375,0.1374263828061521,1203.014917367194,1203.16845703125,1203.15234375,-0.01611419953405857,0.15354058234021067
56,94,150,train,True,0.005685,0.06307374252704903,1216.7341674684105,1216.776123046875,1216.7972412109375,0.021124999970197678,0.041948742556851354
57,93,150,train,True,0.00252,-0.33677902810275556,1222.4576286374777,1222.4150390625,1222.120849609375,-0.29418501257896423,-0.04259401552379133
58,92,150,train,True,0.0117,-0.547107689678669,1230.3117561271786,1230.16845703125,1229.7646484375,-0.4038499891757965,-0.14325770050287245
59,91,150,train,True,0.009015,-0.620286350697279,1232.9225324444474,1232.8397216796875,1232.30224609375,-0.5374400019645691,-0.0828463487327099
60,90,150,train,True,0.001125,-0.19139724168926478,1237.4883943120017,1237.4368896484375,1237.2969970703125,-0.13983500003814697,-0.05156224165111781
61,89,150,train,True,0.020025,0.4688738979399204,1236.6408673129977,1236.5718994140625,1237.1097412109375,0.5378249883651733,-0.06895109042525294
62,88,150,train,True,0.00111,0.3652492667734623,1239.152206787914,1239.2435302734375,1239.5174560546875,0.27387499809265137,0.09137426868081094
63,87,150,train,True,0.006225,0.5780895210802555,1236.0869495414197,1236.2022705078125,1236.6650390625,0.4628849923610687,0.11520452871918674
64,86,150,train,True,0.00606,0.2096267196536064,1236.3371262100338,1236.3916015625,1236.5467529296875,0.1552550047636032,0.0543717148900032
65,85,150,train,True,0.007365,0.3126541341096163,1230.773893717453,1230.950927734375,1231.0865478515625,0.13556000590324402,0.17709412820637227
66,84,150,train,True,0.00432,0.15637671064585448,1228.3458205549791,1228.3724365234375,1228.502197265625,0.1297750025987625,0.02660170804709197
67,83,150,train,True,0.014175,0.18268203970044852,1220.3092613196745,1220.226318359375,1220.491943359375,0.2655549943447113,-0.08287295464426278
68,82,150,train,True,0.01719,0.11159230453893543,1215.3870649220235,1215.3294677734375,1215.4986572265625,0.16917000710964203,-0.0575777025707066
57,94,151,train,False,0.4354689,-0.4884029330313206,1227.6766353549062,1227.485595703125,1227.188232421875,-0.2973836064338684,-0.1910193265974522
58,93,151,train,True,0.0176972,-0.8982665213942528,1234.6361815604569,1234.617919921875,1233.7379150390625,-0.8800628781318665,-0.018203643262386326
59,92,151,train,True,0.0116572,-0.9708690282702446,1239.4335155126453,1239.3902587890625,1238.462646484375,-0.9276424050331116,-0.043226623237133
60,91,151,train,True,0.0011325,-0.6767288962006569,1242.8730179587008,1242.7713623046875,1242.1962890625,-0.5750890970230103,-0.10163979917764665
61,90,151,train,True,0.0046055,-0.19835601769387723,1244.3743814083189,1244.43212890625,1244.176025390625,-0.2561173141002655,0.057761296406388274
62,89,151,train,True,0.0011174,0.431122662872076,1244.884551165253,1244.8399658203125,1245.315673828125,0.4757015109062195,-0.04457884803414347
63,88,151,train,True,0.0011627,0.6095869661867619,1244.1197831510008,1244.13427734375,1244.7293701171875,0.595130205154419,0.014456761032342946
64,87,151,train,True,0.0029898,0.5658708898723126,1242.6882795007527,1242.8876953125,1243.254150390625,0.3663654029369354,0.19950548693537717
65,86,151,train,True,0.0040921,0.5051468896865845,1239.6406050634384,1239.5400390625,1240.145751953125,0.6057807207107544,-0.1006338310241699
66,85,151,train,True,0.0032465,0.4272623863816261,1235.6862630042433,1235.886474609375,1236.113525390625,0.2269860953092575,0.2002762910723686
67,84,151,train,True,0.008305,0.4126856628060341,1230.1274754700064,1229.9744873046875,1230.5401611328125,0.5656682848930359,-0.1529826220870018
68,83,151,train,True,0.0164741,0.28732895031571387,1223.7206056199968,1223.835693359375,1224.0079345703125,0.17218269407749176,0.11514625623822211
69,82,151,train,True,0.0193733,0.3089238784462214,1215.7186640121788,1215.5587158203125,1216.027587890625,0.4689024090766907,-0.1599785306304693
70,81,151,train,False,0.30049,0.27121719524264337,1205.211082609445,1205.547119140625,1205.4822998046875,-0.0647955983877182,0.3360127936303616
59,93,152,train,True,0.018544,-1.256147901415825,1244.5380082529782,1244.43994140625,1243.2818603515625,-1.1580448150634766,-0.09810308635234843
60,92,152,train,True,0.024472,-0.9362959656119346,1250.1449141296744,1250.0491943359375,1249.2086181640625,-0.8405855894088745,-0.09571037620306011
61,91,152,train,True,0.0259008,-0.6715129426121712,1250.4727824738623,1250.3717041015625,1249.80126953125,-0.570353627204895,-0.10115931540727618
62,90,152,train,True,0.0010184,-0.21591439474374055,1253.1459681056813,1253.0977783203125,1252.9300537109375,-0.16780400276184082,-0.04811039198189973
63,89,152,train,True,0.0011704,0.6416923707723617,1250.4010322386027,1250.4410400390625,1251.042724609375,0.6017192006111145,0.03997317016124724
64,88,152,train,True,0.0010032,0.41352284893393515,1251.411916604191,1251.4774169921875,1251.825439453125,0.3479616045951843,0.06556124433875082
65,87,152,train,True,0.0400064,0.7517308348417282,1246.5763941651583,1246.705078125,1247.328125,0.6230056285858154,0.12872520625591277
66,86,152,train,True,0.0045904,0.40404415637254715,1245.23474978894,1245.3233642578125,1245.6387939453125,0.3154008090496063,0.08864334732294082
67,85,152,train,True,0.0125248,0.6388691493868828,1237.9476787021756,1238.0277099609375,1238.5865478515625,0.5587664246559143,0.08010272473096847
68,84,152,train,True,0.0088312,0.4133321590721607,1234.067869012803,1234.1409912109375,1234.481201171875,0.34022799134254456,0.07310416772961614
69,83,152,train,True,0.0540208,0.44983475118875504,1224.4800968894363,1224.5787353515625,1224.929931640625,0.3512175977230072,0.09861715346574784
70,82,152,train,False,0.1497048,0.33325840301811693,1218.1323177688569,1218.346435546875,1218.465576171875,0.11916080117225647,0.21409760184586046
59,94,153,train,True,0.0118881,-1.2379918432235717,1250.4801793432237,1250.3216552734375,1249.2421875,-1.0794763565063477,-0.15851548671722404
60,93,153,train,True,0.002754,-1.244877576828003,1255.3668258190155,1255.30126953125,1254.1219482421875,-1.1793296337127686,-0.06554794311523438
61,92,153,train,True,0.0090576,-0.9482654112577439,1257.8978503721953,1257.8365478515625,1256.9495849609375,-0.886900782585144,-0.06136462867259984
62,91,153,train,True,0.0010251,-0.46566285207867625,1259.2149304302036,1258.9661865234375,1258.749267578125,-0.21690690517425537,-0.24875594690442088
63,90,153,train,True,0.0011781,-0.08384753736900166,1258.855820193619,1258.9912109375,1258.77197265625,-0.2192683070898056,0.13542076972080394
64,89,153,train,True,0.0010098,0.503315245360136,1257.7333790905773,1257.724365234375,1258.2366943359375,0.5123022794723511,-0.00898703411221502
65,88,153,train,True,0.0039474,0.6692687100172043,1255.3721131259204,1255.3726806640625,1256.0413818359375,0.6686887741088867,0.0005799359083176192
66,87,153,train,True,0.0040086,0.7036215335130691,1252.2394937008619,1252.419921875,1252.943115234375,0.523135781288147,0.18048575222492214
67,86,153,train,True,0.0050643,0.7108582711219787,1247.5648985648156,1247.5064697265625,1248.2757568359375,0.7693083882331848,-0.05845011711120607
68,85,153,train,True,0.0092871,0.6565420800447463,1242.0149667090177,1242.1787109375,1242.6715087890625,0.4927437901496887,0.16379828989505762
69,84,153,train,True,0.0119799,0.6305983287096023,1234.957658507228,1234.90234375,1235.5882568359375,0.6858636736869812,-0.055265344977378894
71,82,153,train,False,0.1500165,0.3788173509389162,1217.3837558912485,1217.740478515625,1217.7625732421875,0.022105399519205093,0.3567119514197111
60,94,154,train,True,0.0010318,-1.141487620472908,1261.8617024642228,1261.6217041015625,1260.72021484375,-0.9015613794326782,-0.23992624104022986
61,93,154,train,True,0.025025,-1.2459863686561585,1263.7129053139686,1263.5263671875,1262.4669189453125,-1.0595179796218872,-0.18646838903427132
62,92,154,train,True,0.001309,-0.6278637324273586,1267.1224926386774,1266.9329833984375,1266.49462890625,-0.4384365975856781,-0.1894271348416805
63,91,154,train,True,0.0011858,-0.3316213558614254,1265.523882098049,1265.4334716796875,1265.1922607421875,-0.24119240045547485,-0.09042895540595053
64,90,154,train,True,0.001001,-0.08993187324376777,1266.5739406623063,1266.619140625,1266.4840087890625,-0.1351384073495865,0.04520653410581872
65,89,154,train,True,0.0453068,0.6504027859866619,1262.2873413546383,1262.287109375,1262.937744140625,0.6505662202835083,-0.00016343429684639865
66,88,154,train,True,0.0074382,0.4074804684519768,1261.7249658206106,1261.7420654296875,1262.1324462890625,0.39030298590660095,0.017177482545375822
67,87,154,train,True,0.0082236,0.8874584355950356,1255.1396411737799,1255.205078125,1256.027099609375,0.8219950199127197,0.06546341568231584
68,86,154,train,True,0.0049588,0.5080608673393726,1252.2886920623482,1252.3883056640625,1252.7967529296875,0.40844741463661194,0.09961345270276067
69,85,154,train,True,0.0144144,0.8052161791920662,1243.380330695808,1243.42822265625,1244.185546875,0.7573140263557434,0.04790215283632282
70,84,154,train,True,0.0172788,0.5392769385874271,1238.0478812645376,1238.1507568359375,1238.587158203125,0.43640920519828796,0.10286773338913913
59,96,155,train,True,0.017205,-1.1620209044218064,1260.4308197325468,1260.3111572265625,1259.268798828125,-1.04236900806427,-0.11965189635753637
60,95,155,train,True,0.0091605,-1.303284342288971,1266.5578009438514,1266.397216796875,1265.2545166015625,-1.142775058746338,-0.16050928354263316
61,94,155,train,True,0.004712,-1.217174493074417,1270.3953971493245,1270.2711181640625,1269.17822265625,-1.092943549156189,-0.12423094391822809
62,93,155,train,True,0.001333,-0.8641409742832183,1272.9700980055331,1272.739990234375,1272.10595703125,-0.634099006652832,-0.2300419676303863
63,92,155,train,True,0.0012555,-0.4955072508752346,1273.5681390868128,1273.5848388671875,1273.0726318359375,-0.512179970741272,0.016672719866037355
64,91,155,train,True,0.0009765,-0.196426482796669,1273.218765349984,1273.054443359375,1273.0223388671875,-0.03208550065755844,-0.16434098213911055
65,90,155,train,True,0.009827,0.0923621787270531,1271.218672977523,1271.4521484375,1271.31103515625,-0.14118149876594543,0.23354367749299854
66,89,155,train,True,0.009641,0.4891051433980465,1268.648590169102,1268.5753173828125,1269.1376953125,0.5623649954795837,-0.07325985208153724
67,88,155,train,True,0.0174685,0.7086783254146576,1264.6577767527103,1264.6768798828125,1265.366455078125,0.6895474791526794,0.01913084626197814
68,87,155,train,True,0.006076,0.7926825967431068,1259.8863945516944,1260.0638427734375,1260.6790771484375,0.6152179837226868,0.17746461302042005
69,86,155,train,True,0.00992,0.7935092827677727,1253.6892788031698,1253.6982421875,1254.4827880859375,0.7845199704170227,0.008989312350749956
70,85,155,train,True,0.0166005,0.7085588777065277,1246.627988973856,1246.7926025390625,1247.3365478515625,0.5438730120658875,0.16468586564064025
71,84,155,train,True,0.019251,0.5794153533875942,1238.041800466925,1238.052734375,1238.6212158203125,0.5684804916381836,0.010934861749410607
59,97,156,train,True,0.0010296,-1.1850153893232345,1264.5751521080733,1264.41650390625,1263.39013671875,-1.0263571739196777,-0.15865821540355673
60,96,156,train,True,0.0013104,-1.0472495806217195,1272.499031807184,1272.386962890625,1271.4517822265625,-0.9351339936256409,-0.1121155869960786
61,95,156,train,True,0.0011856,-1.3939417350292205,1275.7104700553418,1275.5693359375,1274.3165283203125,-1.252802848815918,-0.1411388862133025
62,94,156,train,True,0.0085176,-0.7154593640565872,1280.1296439343691,1279.9808349609375,1279.4141845703125,-0.5666424036026001,-0.14881696045398707
63,93,156,train,True,0.0035256,-0.7161327901482583,1279.9640575948358,1279.920654296875,1279.2479248046875,-0.6726952195167542,-0.04343757063150411
64,92,156,train,True,0.0009828,-0.26392218299210074,1281.720465151742,1281.5906982421875,1281.45654296875,-0.1341467946767807,-0.12977538831532004
65,91,156,train,True,0.0037752,-0.004317871045786887,1278.3475795897957,1278.364013671875,1278.34326171875,-0.020773999392986298,0.01645612834719941
66,90,156,train,True,0.0009828,0.03186952622840181,1277.9671539112717,1278.0201416015625,1277.9990234375,-0.021109599620103836,0.05297912584850564
67,89,156,train,True,0.0384228,0.6998796463012695,1272.1288557052612,1272.246826171875,1272.8287353515625,0.581932008266449,0.11794763803482056
68,88,156,train,True,0.0246324,0.40487642005085944,1270.0615542440116,1270.1376953125,1270.4664306640625,0.3286896049976349,0.07618681505322455
69,87,156,train,True,0.014274,0.9555146381258964,1261.8275664165617,1261.9781494140625,1262.7830810546875,0.8050007820129395,0.15051385611295698
70,86,156,train,True,0.0093132,0.5026383855938912,1257.5381330987811,1257.6268310546875,1258.040771484375,0.4139308035373688,0.0887075820565224
71,85,156,train,True,0.0541164,0.6702065494656563,1247.1623129817845,1247.278564453125,1247.83251953125,0.5539687871932983,0.11623776227235794
72,84,156,train,False,0.1497444,0.3328937423974276,1240.0882488357277,1240.6160888671875,1240.421142578125,-0.19494560360908508,0.5278393460065127
59,98,157,train,True,0.0031714,-0.9787725532054901,1269.542127045393,1269.4732666015625,1268.5633544921875,-0.9098690152168274,-0.06890353798866267
60,97,157,train,True,0.0021352,-1.1531559735536576,1276.7722965985536,1276.750244140625,1275.619140625,-1.1311347484588623,-0.022021225094795316
61,96,157,train,True,0.0070022,-1.1860922557115554,1281.7888754588366,1281.7708740234375,1280.602783203125,-1.168090581893921,-0.01800167381763451
62,95,157,train,True,0.0044274,-0.950778120458126,1285.5752898392082,1285.3690185546875,1284.62451171875,-0.7445793747901917,-0.2061987456679344
63,94,157,train,True,0.004239,-0.6587779676914215,1287.3289439833163,1287.3681640625,1286.670166015625,-0.6980075240135193,0.03922955632209779
64,93,157,train,True,0.0009734,-0.35068963080644605,1288.077618341744,1287.95068359375,1287.7269287109375,-0.2237304002046585,-0.12695923060178754
65,92,157,train,True,0.0010205,-0.10910158453509211,1287.020722678285,1287.1082763671875,1286.91162109375,-0.19663119316101074,0.08752960862591863
66,91,157,train,True,0.0051496,0.06131591560784727,1285.0309692406422,1284.9866943359375,1285.09228515625,0.10559409856796265,-0.044278182960115375
67,90,157,train,True,0.0234715,0.2848033664375544,1281.5401478054375,1281.612548828125,1281.824951171875,0.21244390308856964,0.07235946334898474
68,89,157,train,True,0.0265016,0.604804285466671,1277.441948644221,1277.4110107421875,1278.0467529296875,0.635715126991272,-0.030910841524600996
69,88,157,train,True,0.027946,0.7646087688207627,1271.9637847858667,1271.92431640625,1272.7283935546875,0.8041254878044128,-0.03951671898365017
70,87,157,train,True,0.0109115,0.7915025326609612,1265.6886000064014,1265.8525390625,1266.4801025390625,0.6275492906570435,0.1639532420039177
71,86,157,train,True,0.0120733,0.6529511511325836,1258.140872091055,1258.090087890625,1258.7938232421875,0.7036904096603394,-0.05073925852775574
73,84,157,train,False,0.1500449,0.1812552178837359,1239.3109322821163,1239.6815185546875,1239.4921875,-0.1893455982208252,0.3706008161045611
60,98,158,train,True,0.0013114,-0.8143882974982262,1282.2427330240607,1282.16259765625,1281.4283447265625,-0.7341582179069519,-0.08023007959127426
61,97,158,train,True,0.0008848,-1.2856318432092666,1286.6597773510218,1286.6512451171875,1285.3741455078125,-1.2771276235580444,-0.008504219651222167
62,96,158,train,True,0.0047874,-0.6178230831027031,1292.1285652706026,1292.0145263671875,1291.5107421875,-0.5037850141525269,-0.11403806895017621
63,95,158,train,True,0.0020382,-0.9107194995880127,1293.358229265213,1293.2508544921875,1292.447509765625,-0.8033559918403625,-0.10736350774765013
64,94,158,train,True,0.0009796,-0.2556334535777569,1295.9638854067027,1295.8880615234375,1295.708251953125,-0.17981819808483124,-0.07581525549292567
65,93,158,train,True,0.001264,-0.1665273431688547,1293.8734365228563,1293.8865966796875,1293.7069091796875,-0.1796848028898239,0.013157459720969211
66,92,158,train,True,0.0023384,0.061792191676795484,1294.1138669880106,1294.04052734375,1294.1756591796875,0.1350916028022766,-0.07329941112548113
67,91,158,train,True,0.0271128,0.31884573519229886,1289.0094013351202,1289.0384521484375,1289.3282470703125,0.2898977994918823,0.02894793570041654
68,90,158,train,True,0.0252168,0.18856657208874822,1287.3144851857237,1287.3724365234375,1287.5030517578125,0.13053399324417114,0.058032578844577076
69,89,158,train,True,0.0252168,0.8217883372306823,1279.916859123707,1279.989501953125,1280.7386474609375,0.7491948008537292,0.0725935363769531
70,88,158,train,True,0.007979,0.4127442240715027,1276.4336913228035,1276.5135498046875,1276.846435546875,0.3328157961368561,0.0799284279346466
71,87,158,train,True,0.0151206,0.8003028559684754,1266.898793823719,1266.933837890625,1267.6990966796875,0.7652770280838013,0.03502582788467412
72,86,158,train,True,0.0174906,0.1752780843898654,1260.947524649985,1261.0416259765625,1261.122802734375,0.0811287984251976,0.09414928596466779
60,99,159,train,True,0.0298125,-0.9058666443824768,1286.1456127381325,1286.122802734375,1285.23974609375,-0.8830615878105164,-0.022805056571960414
61,98,159,train,True,0.0100329,-0.9599959534406662,1292.2093856018782,1292.1707763671875,1291.2493896484375,-0.9213559031486511,-0.038640050292015116
62,97,159,train,True,0.0059307,-0.8436415919661522,1297.1757949122787,1297.0418701171875,1296.3321533203125,-0.7098116874694824,-0.13382990449666976
63,96,159,train,True,0.0043248,-0.6834566006064415,1300.1092378506064,1300.0950927734375,1299.42578125,-0.6692932844161987,-0.014163316190242803
64,95,159,train,True,0.0009858,-0.45040401816368103,1302.0109508931637,1301.8311767578125,1301.560546875,-0.27071431279182434,-0.1796897053718567
65,94,159,train,True,0.0010971,-0.14873531760647893,1301.9519579738565,1302.0196533203125,1301.80322265625,-0.2163974940776825,0.06766217647120357
66,93,159,train,True,0.0014469,0.15297042978927494,1300.9129475389607,1300.8719482421875,1301.06591796875,0.19401219487190247,-0.041041765082627524
67,92,159,train,True,0.0030528,0.32480819441378117,1298.2187709071486,1298.251953125,1298.5435791015625,0.29165059328079224,0.033157601132988934
68,91,159,train,True,0.0036411,0.38440077036619186,1294.6468492296337,1294.7010498046875,1295.03125,0.3302021920681,0.05419857829809188
69,90,159,train,True,0.0279522,0.5284732255339623,1289.8114925947784,1289.927978515625,1290.3399658203125,0.41197091341018677,0.11650231212377549
70,89,159,train,True,0.0175854,0.7015844488143921,1284.2810815668106,1284.4088134765625,1284.982666015625,0.5738947987556458,0.12768965005874633
71,88,159,train,True,0.0376671,0.6990843009948731,1277.6013307380676,1277.5015869140625,1278.3004150390625,0.7988569140434265,-0.09977261304855345
72,87,159,train,True,0.0168063,0.4343374362587929,1269.7357065090537,1269.8631591796875,1270.1700439453125,0.3069010078907013,0.1274364283680916
73,86,159,train,True,0.0196842,0.0820880421390757,1260.6377605906735,1260.6673583984375,1260.7198486328125,0.052397798746824265,0.02969024339225143
60,100,160,train,True,0.046576,-0.572299575060606,1291.2433200828732,1291.194580078125,1290.6710205078125,-0.5235919952392578,-0.04870757982134821
61,99,160,train,True,0.002048,-1.0095379468798638,1296.6732342359423,1296.5823974609375,1295.6636962890625,-0.9186679720878601,-0.09086997479200365
62,98,160,train,True,0.001952,-0.38861198231577876,1303.1959850291908,1303.1385498046875,1302.807373046875,-0.3311440050601959,-0.057467977255582836
63,97,160,train,True,0.000912,-0.911791622042656,1305.7278316611053,1305.616455078125,1304.8160400390625,-0.8003799915313721,-0.11141163051128389
64,96,160,train,True,0.00112,-0.2302942154556513,1309.3321008560806,1309.28271484375,1309.101806640625,-0.18093599379062653,-0.049358221665024765
65,95,160,train,True,0.001104,-0.344391645938158,1308.5299385209382,1308.394775390625,1308.185546875,-0.20931600034236908,-0.13507564559578894
66,94,160,train,True,0.000704,0.22829453267157077,1309.454933006391,1309.4483642578125,1309.6832275390625,0.23478400707244873,-0.006489474400877965
67,93,160,train,True,0.015024,0.5083573593199253,1305.41351764068,1305.3760986328125,1305.921875,0.5458359718322754,-0.037478612512350074
68,92,160,train,True,0.02424,0.4509785421192646,1304.2716777078808,1304.2755126953125,1304.72265625,0.4471279978752136,0.0038505442440509574
69,91,160,train,True,0.032688,0.634981220960617,1297.5813273727895,1297.72998046875,1298.21630859375,0.4863159954547882,0.14866522550582884
70,90,160,train,True,0.005488,0.31423970840871335,1294.7017515025289,1294.809814453125,1295.0159912109375,0.2061759978532791,0.10806371055543423
71,89,160,train,True,0.056816,0.7964721059799195,1286.11026617527,1286.1341552734375,1286.90673828125,0.7725080251693726,0.023964080810546906
72,88,160,train,True,0.009536,0.14223809234797954,1281.018162298277,1281.0206298828125,1281.160400390625,0.13974399864673615,0.0024940937012433995
73,87,160,train,True,0.05432,0.13210837256163357,1269.994966822751,1270.123291015625,1270.1270751953125,0.003836000105366111,0.12827237245626746
74,86,160,train,False,0.149808,-0.24992740847170353,1262.4877203772216,1262.8463134765625,1262.23779296875,-0.6084880232810974,0.3585606148093939
61,100,161,train,True,0.0090321,-0.669004567861557,1301.809019216299,1301.8455810546875,1301.1400146484375,-0.7056297063827515,0.03662513852119442
62,99,161,train,True,0.0068103,-0.5827430294454098,1307.8344520138205,1307.648681640625,1307.251708984375,-0.3970297873020172,-0.18571324214339258
63,98,161,train,True,0.0104006,-0.5473590698838234,1311.9117389526964,1311.9859619140625,1311.3643798828125,-0.6215410232543945,0.0741819533705711
64,97,161,train,True,0.0014973,-0.46828548386693003,1315.016381186992,1314.9180908203125,1314.548095703125,-0.37003740668296814,-0.09824807718396189
65,96,161,train,True,0.0012236,-0.2724594637006521,1316.0952133699507,1316.0914306640625,1315.82275390625,-0.2686249017715454,-0.0038345619291066946
66,95,161,train,True,0.0006923,0.1260889208782464,1316.0163671338094,1315.90283203125,1316.1424560546875,0.23970270156860352,-0.1136137806903571
67,94,161,train,True,0.0021574,0.5403479054570198,1314.1138268992304,1314.26123046875,1314.6541748046875,0.3929426074028015,0.14740529805421831
68,93,161,train,True,0.0087745,0.761494770348072,1311.4344280812145,1311.48388671875,1312.1959228515625,0.7119892239570618,0.049505546391010236
69,92,161,train,True,0.0279496,0.7248466151952744,1307.3137276035548,1307.39892578125,1308.03857421875,0.6396133899688721,0.08523322522640231
70,91,161,train,True,0.0151018,0.5885256858170033,1302.316747751683,1302.5521240234375,1302.9052734375,0.35313791036605835,0.2353877754509449
71,90,161,train,True,0.0279496,0.6164475408196449,1296.536506560743,1296.4979248046875,1297.1529541015625,0.6550819277763367,-0.038634386956691746
72,89,161,train,True,0.0234577,0.47010420814156534,1289.4276008699835,1289.468994140625,1289.897705078125,0.4286555051803589,0.04144870296120645
73,88,161,train,True,0.0243754,0.13402508616447448,1281.1513753044605,1281.1494140625,1281.285400390625,0.1359499990940094,-0.001924912929534922
75,86,161,train,False,0.1499071,-0.357518045976758,1261.3903549600393,1261.6490478515625,1261.0328369140625,-0.6162012219429016,0.2586831759661436
62,100,162,train,True,0.0035316,-0.149167154841125,1313.4781466470286,1313.4271240234375,1313.3289794921875,-0.09806899726390839,-0.05109815757721661
63,99,162,train,True,0.0013122,-0.675284903049469,1317.0539470124245,1316.9886474609375,1316.378662109375,-0.6099066138267517,-0.06537828922271727
64,98,162,train,True,0.003969,-0.11927769748494028,1321.78065465061,1321.7640380859375,1321.661376953125,-0.10264260321855545,-0.016635094266384834
65,97,162,train,True,0.0020574,-0.5119106957316398,1322.315987844169,1322.58056640625,1321.8040771484375,-0.7764226198196411,0.2645119240880013
66,96,162,train,True,0.0006966,0.17396702930331231,1324.132795666009,1324.0997314453125,1324.3067626953125,0.20700900256633759,-0.03304197326302527
67,95,162,train,True,0.0031104,0.5064352321624755,1321.10306183815,1321.1768798828125,1321.6094970703125,0.4326587915420532,0.07377644062042232
68,94,162,train,True,0.0007614,0.8837410926818847,1320.5294669151306,1320.6881103515625,1321.4132080078125,0.725064218044281,0.15867687463760372
69,93,162,train,True,0.0260658,1.0486175036430359,1314.915249683857,1315.049072265625,1315.9638671875,0.9148383736610413,0.1337791299819946
70,92,162,train,True,0.0150984,0.5888300925493241,1312.577795884013,1312.6103515625,1313.1666259765625,0.5562053918838501,0.03262470066547396
71,91,162,train,True,0.0750384,0.6833498057723045,1304.7819822254778,1304.838623046875,1305.46533203125,0.6266447901725769,0.056705015599727626
72,90,162,train,True,0.0089586,0.1200249111931771,1300.4269721591193,1300.3929443359375,1300.5469970703125,0.15402980148792267,-0.03400489029474557
73,89,162,train,True,0.0633258,0.20675674963742494,1290.1889952034876,1290.2236328125,1290.395751953125,0.17210160195827484,0.034655147679150095
74,88,162,train,True,0.017658,-0.3208095904439688,1283.6322109576315,1283.6590576171875,1283.3114013671875,-0.34766680002212524,0.02685720957815646
62,101,163,train,True,0.0073513,-0.347736865952611,1317.7539868659526,1317.718994140625,1317.40625,-0.3126438856124878,-0.0350929803401232
63,100,163,train,True,0.0009128,-0.3189000467211008,1322.8279332498462,1322.9107666015625,1322.509033203125,-0.4018036127090454,0.08290356598794463
64,99,163,train,True,0.0007987,-0.321246704608202,1327.0349918217958,1326.9432373046875,1326.7137451171875,-0.22952799499034882,-0.09171870961785317
65,98,163,train,True,0.0040587,-0.29393816240131854,1329.2892994905262,1329.3680419921875,1328.995361328125,-0.37264859676361084,0.0787104343622923
66,97,163,train,True,0.0007009,-0.07737299408763647,1330.4264940878377,1330.370849609375,1330.34912109375,-0.021692000329494476,-0.05568099375814199
67,96,163,train,True,0.0007009,0.39521113976836203,1329.4785681571066,1329.5855712890625,1329.873779296875,0.2881790101528168,0.10703212961554526
68,95,163,train,True,0.0046292,0.9487482315301895,1327.499738096595,1327.5926513671875,1328.448486328125,0.8558310866355896,0.0929171448945999
69,94,163,train,True,0.0055094,1.1882194596529008,1324.1090217512847,1324.371337890625,1325.2972412109375,0.9258838295936584,0.2623356300592423
70,93,163,train,True,0.0151101,1.0189120987057685,1320.1670009872316,1320.1544189453125,1321.1859130859375,1.031475305557251,-0.012563206851482489
71,92,163,train,True,0.0279382,0.5532670544087886,1314.8092817737163,1314.86962890625,1315.362548828125,0.4929775893688202,0.06028946503996846
72,91,163,train,True,0.0256888,0.3847555360198021,1308.5935159483552,1308.565185546875,1308.978271484375,0.4131264090538025,-0.028370873034000377
73,90,163,train,True,0.0380605,0.1614410787820816,1301.0405852884055,1301.048095703125,1301.2020263671875,0.15384849905967712,0.0075925797224044855
74,89,163,train,True,0.0584192,-0.09682005574926734,1292.6565124385618,1292.6396484375,1292.5596923828125,-0.07990089803934097,-0.016919157709926372
75,88,163,train,True,0.0185331,-0.36939737379550935,1282.982800694108,1282.9510498046875,1282.6134033203125,-0.3376764953136444,-0.031720878481864945
62,102,164,train,True,0.0041,-0.013310823789797723,1323.1109670737899,1323.115966796875,1323.09765625,-0.018369199708104134,0.0050583759183064105
63,101,164,train,True,0.0020664,-0.4220588582754135,1327.580384053588,1327.6405029296875,1327.1583251953125,-0.4821504056453705,0.06009154736995698
64,100,164,train,True,0.0010004,0.049670394969871266,1333.3632934722177,1333.319580078125,1333.4129638671875,0.0933607965707779,-0.04369040160090663
65,99,164,train,True,0.0018696,-0.4535603527724743,1335.0412068371475,1334.9486083984375,1334.587646484375,-0.3608855903148651,-0.0926747624576092
66,98,164,train,True,0.0006888,0.09761360501404852,1337.9767272152985,1338.0289306640625,1338.0743408203125,0.045484401285648346,0.05212920372840017
67,97,164,train,True,0.001394,0.1417125571705401,1336.2763782631419,1336.2593994140625,1336.4180908203125,0.15866239368915558,-0.01694983651861548
68,96,164,train,True,0.0007052,0.9301580128073692,1336.2756525340676,1336.4390869140625,1337.205810546875,0.7666676044464111,0.16349040836095807
69,95,164,train,True,0.02501,1.3147751277685165,1331.4786819034814,1331.6231689453125,1332.79345703125,1.1703424453735352,0.1444326823949813
70,94,164,train,True,0.0151044,1.2172245424985886,1329.7520137387514,1329.944091796875,1330.96923828125,1.0251563787460327,0.19206816375255586
71,93,164,train,True,0.0279456,0.6171524322032929,1322.7648055756092,1322.7918701171875,1323.3819580078125,0.5899947881698608,0.027157644033432016
72,92,164,train,True,0.0158096,0.09584264752455056,1319.196759891538,1319.185546875,1319.2926025390625,0.10707119852304459,-0.011228550998494027
73,91,164,train,True,0.0279456,0.2022674075886607,1309.8179962642864,1309.86767578125,1310.020263671875,0.1526608020067215,0.04960660558193922
74,90,164,train,True,0.009676,-0.3026443268358707,1304.044587686211,1304.0380859375,1303.741943359375,-0.2960459887981415,-0.0065983380377292455
75,89,164,train,True,0.0545464,-0.3089835099875927,1292.5177237443627,1292.4925537109375,1292.208740234375,-0.2838771939277649,-0.025106316059827827
76,88,164,train,False,0.149896,-0.6200191624462604,1284.4223873265087,1284.6624755859375,1283.8023681640625,-0.8601120114326477,0.24009284898638728
63,102,165,train,True,0.005214,-0.1421475299447775,1333.0247158893199,1333.208740234375,1332.882568359375,-0.3261285126209259,0.1839809826761484
64,101,165,train,True,0.0013035,-0.13116166612133384,1338.2134370567464,1338.2230224609375,1338.082275390625,-0.14076200127601624,0.009600335154682393
65,100,165,train,True,0.0015345,-0.16562496758997441,1341.5126708660275,1341.5037841796875,1341.3470458984375,-0.15677349269390106,-0.008851474896073352
66,99,165,train,True,0.000693,-0.12198253485374153,1343.8336524567287,1343.744873046875,1343.711669921875,-0.03316950052976608,-0.08881303432397544
67,98,165,train,True,0.000792,0.10621116167865693,1344.1202292680089,1344.248291015625,1344.2264404296875,-0.021851500496268272,0.1280626621749252
68,97,165,train,True,0.000924,0.7056069213151932,1343.1104331177473,1343.0892333984375,1343.8160400390625,0.7268580198287964,-0.021251098513603184
69,96,165,train,True,0.0016665,1.2857437354326249,1340.3670882958174,1340.715576171875,1341.65283203125,0.9372314810752869,0.348512254357338
70,95,165,train,True,0.026532,1.4091883850097657,1337.1382969665528,1337.298583984375,1338.5474853515625,1.248916506767273,0.16027187824249278
71,94,165,train,True,0.026532,0.38587906941771505,1332.5483250321447,1332.6630859375,1332.9342041015625,0.27110999822616577,0.11476907119154928
72,93,165,train,True,0.027951,0.27381673857569694,1327.1461051364242,1327.073974609375,1327.419921875,0.3458879888057709,-0.07207125023007394
73,92,165,train,True,0.0135795,0.10189048257656395,1320.3777237752358,1320.5040283203125,1320.4796142578125,-0.024425499141216278,0.12631598171778025
74,91,165,train,True,0.0257565,-0.059655406451784077,1312.7459347033268,1312.735107421875,1312.686279296875,-0.048815999180078506,-0.01083940727170557
75,90,165,train,True,0.023595,-0.2821769578754902,1303.8351554735004,1303.7508544921875,1303.552978515625,-0.19781650602817535,-0.08436045184731483
64,102,166,train,True,0.001577,0.16564100508578122,1344.2128990339768,1344.1395263671875,1344.3785400390625,0.23908400535583496,-0.07344300027005374
65,101,166,train,True,0.0014608,-0.2849947099387646,1346.8452974443137,1346.7950439453125,1346.560302734375,-0.23471799492835999,-0.05027671501040459
66,100,166,train,True,0.0007968,0.15666406818665565,1350.8533456974383,1350.788330078125,1351.010009765625,0.22163620591163635,-0.0649721377249807
67,99,166,train,True,0.0007802,-0.11610534695908427,1350.4878094485216,1350.491943359375,1350.3717041015625,-0.12018779665231705,0.004082449693232779
68,98,166,train,True,0.000332,0.6643634393811226,1351.4619793340564,1351.5633544921875,1352.1263427734375,0.5630486011505127,0.10131483823060994
69,97,166,train,True,0.0115536,1.1452794581651689,1347.58787483871,1347.7432861328125,1348.733154296875,0.9897738099098206,0.1555056482553483
70,96,166,train,True,0.0070052,1.4691917645931243,1346.3986060869693,1346.668212890625,1347.8677978515625,1.1995893716812134,0.2696023929119109
71,95,166,train,True,0.0298136,0.20765779826790096,1340.4528646626695,1340.3131103515625,1340.6605224609375,0.3473503887653351,-0.13969259049743413
72,94,166,train,True,0.0279378,0.026871757579501717,1337.374373359608,1337.3687744140625,1337.4012451171875,0.03239240124821663,-0.005520643668714912
73,93,166,train,True,0.0279378,0.13045487573370337,1328.8774796945788,1328.8251953125,1329.0079345703125,0.18264760076999664,-0.05219272503629327
74,92,166,train,True,0.009462,-0.270400485470891,1323.8070215792209,1323.8326416015625,1323.53662109375,-0.2959865927696228,0.025586107298731786
75,91,166,train,True,0.0882456,-0.1896279262378812,1313.0499794887378,1313.0001220703125,1312.8603515625,-0.13980719447135925,-0.049820731766521936
76,90,166,train,True,0.0179612,-0.5891783931851386,1305.8241637447477,1305.81201171875,1305.2349853515625,-0.5769585967063904,-0.012219796478748268
64,103,167,train,True,0.0052104,-0.01796165642386768,1348.6938649767364,1348.6156005859375,1348.6759033203125,0.06025239825248718,-0.07821405467635487
65,102,167,train,True,0.0019372,-0.02932121919002384,1352.929955984815,1352.940673828125,1352.900634765625,-0.04004700109362602,0.010725781903602183
66,101,167,train,True,0.004008,-0.03214191222912632,1356.2844612481667,1356.1866455078125,1356.2523193359375,0.06564059853553772,-0.09778251076466404
67,100,167,train,True,0.0051937,0.027846990451216698,1357.7111666814237,1357.7723388671875,1357.739013671875,-0.03332440182566643,0.061171392276883126
68,99,167,train,True,0.0002839,0.3428423597663641,1357.9808881089837,1357.999755859375,1358.32373046875,0.3239215910434723,0.018920768722891834
69,98,167,train,True,0.0012525,0.9758976876735688,1356.156548601389,1356.4713134765625,1357.1324462890625,0.6611058115959167,0.314791876077652
70,97,167,train,True,0.0039579,1.3953813928365708,1353.6236615759135,1353.7357177734375,1355.01904296875,1.2833659648895264,0.11201542794704444
71,96,167,train,True,0.0372577,-0.02823925930657424,1349.896037110869,1349.8897705078125,1349.8677978515625,-0.02195739932358265,-0.006281859982991592
72,95,167,train,True,0.0279391,0.051867883087252264,1345.1735959841003,1345.0489501953125,1345.2254638671875,0.1766050010919571,-0.12473711800470483
73,94,167,train,True,0.0279391,0.023344189503695816,1339.0998247558089,1339.14990234375,1339.1231689453125,-0.026653800159692764,0.04999798966338858
74,93,167,train,True,0.018704,-0.07183872296009212,1332.2527469260851,1332.109619140625,1332.180908203125,0.07124850153923035,-0.14308722449932249
76,91,167,train,True,0.0808948,-0.3719291850924492,1315.0472221538425,1314.9505615234375,1314.67529296875,-0.27530190348625183,-0.09662728160619738
77,90,167,train,True,0.0183533,-0.5839975094795227,1304.7810189938546,1304.7418212890625,1304.197021484375,-0.5448418259620667,-0.03915568351745602
65,103,168,train,True,0.0042,-0.1669593668356538,1357.9118324137107,1357.9100341796875,1357.744873046875,-0.16516399383544922,-0.0017953730002045754
66,102,168,train,False,0.1400112,0.23439013697206973,1362.9022065427155,1362.9049072265625,1363.1365966796875,0.2316776067018509,0.002712530270218838
67,101,168,train,True,0.0300048,-0.14556952569633722,1363.6428839788214,1363.6234130859375,1363.497314453125,-0.1261247992515564,-0.01944472644478082
68,100,168,train,True,0.0002688,0.4968281838297844,1365.7031229880452,1365.7711181640625,1366.199951171875,0.428930401802063,0.0678977820277214
69,99,168,train,True,0.00168,0.6704117643833161,1363.1392806184292,1363.3118896484375,1363.8096923828125,0.49783119559288025,0.17258056879043582
70,98,168,train,True,0.0001008,1.3400120258331298,1362.5484157085418,1362.7969970703125,1363.888427734375,1.0913840532302856,0.2486279726028442
71,97,168,train,True,0.037968,-0.27453357946127654,1357.5756810403989,1357.5076904296875,1357.3011474609375,-0.20653679966926575,-0.0679967797920108
72,96,168,train,True,0.0279384,-0.14499635607004166,1355.0187756529451,1355.0130615234375,1354.873779296875,-0.13920480012893677,-0.005791555941104892
73,95,168,train,True,0.0279384,-0.0026285910257138312,1347.3640787863383,1347.2640380859375,1347.3614501953125,0.09747839719057083,-0.10010698821628466
74,94,168,train,True,0.0132552,-0.24430796273052693,1342.9445032752305,1342.980712890625,1342.7001953125,-0.2804935872554779,0.03618562452495097
75,93,168,train,True,0.030828,-0.08661493555642664,1332.9695495058688,1333.100341796875,1332.8829345703125,-0.2173943966627121,0.13077946110628547
76,92,168,train,True,0.0098952,-0.47199421241879463,1326.5136201889813,1326.51806640625,1326.0416259765625,-0.47645440697669983,0.004460194557905195
77,91,168,train,True,0.0552216,-0.46318315535783766,1314.438524952233,1314.406982421875,1313.975341796875,-0.43165120482444763,-0.03153195053339003
78,90,168,train,False,0.14994,-0.7314202320575715,1305.7454583179951,1305.968505859375,1305.0140380859375,-0.9544456005096436,0.2230253684520721
66,103,169,train,False,0.3006679,0.043051979886367914,1367.9518210669887,1368.013916015625,1367.994873046875,-0.018965400755405426,0.06201738064177334
67,102,169,train,True,0.0200434,0.05998568788170815,1370.3755611871184,1370.4315185546875,1370.435546875,0.0040882001630961895,0.05589748771861196
68,101,169,train,True,0.0003042,0.18995238944888115,1371.806385501176,1371.7742919921875,1371.996337890625,0.22198179364204407,-0.032029404193162914
69,100,169,train,True,0.0007436,0.5641301116347313,1371.1978327789902,1371.345458984375,1371.761962890625,0.41653621196746826,0.147593899667263
70,99,169,train,True,0.0001859,1.0805062368512153,1369.5442496225237,1369.6639404296875,1370.624755859375,0.96071857213974,0.11978766471147528
71,98,169,train,True,0.0030082,-0.44855539605021477,1366.6109089116753,1366.588623046875,1366.162353515625,-0.42623770236968994,-0.02231769368052483
72,97,169,train,True,0.0279526,-0.23403781671077012,1362.6280807854607,1362.440673828125,1362.39404296875,-0.046567898243665695,-0.18746991846710442
73,96,169,train,True,0.0279526,-0.13379599280655385,1357.2675850553067,1357.2318115234375,1357.1337890625,-0.09805130213499069,-0.03574469067156316
74,95,169,train,True,0.0154297,-0.12033247279003262,1351.1648881368526,1351.076904296875,1351.0445556640625,-0.03243890032172203,-0.08789357246831059
75,94,169,train,True,0.0113737,-0.12374592006206513,1343.667935373187,1343.7860107421875,1343.544189453125,-0.24177469313144684,0.11802877306938171
76,93,169,train,True,0.0259415,-0.19664447754621506,1335.3835341259837,1335.3173828125,1335.1868896484375,-0.13046780228614807,-0.06617667526006699
77,92,169,train,True,0.0233051,-0.3873998291790485,1325.8880101807415,1325.9053955078125,1325.5006103515625,-0.40485361218452454,0.01745378300547601
67,103,170,train,True,0.050014,-0.12124398976564407,1375.9371619585156,1375.9443359375,1375.81591796875,-0.12843400239944458,0.007190012633800508
68,102,170,train,True,0.001394,0.4366507664322853,1379.0150093898178,1379.031982421875,1379.45166015625,0.419607013463974,0.017043752968311288
69,101,170,train,True,0.000731,0.22454149520024658,1377.8226997157371,1377.9375,1378.0472412109375,0.10985200107097626,0.11468949412927032
70,100,170,train,True,5.1e-05,1.0275182476639748,1378.0304651507736,1378.1236572265625,1379.0579833984375,0.9342830181121826,0.0932352295517922
71,99,170,train,True,0.016847,-0.685492427945137,1373.9841984826326,1373.8836669921875,1373.2987060546875,-0.584962010383606,-0.10053041756153103
72,98,170,train,True,0.027948,-0.36230772331357003,1372.071658309251,1372.0489501953125,1371.7093505859375,-0.3395540118217468,-0.022753711491823203
73,97,170,train,True,0.027948,-0.2312473901361227,1365.311325515136,1365.150390625,1365.080078125,-0.0703049972653389,-0.1609423928707838
74,96,170,train,True,0.013192,-0.2598132371157408,1361.4945544480533,1361.521240234375,1361.2347412109375,-0.28639400005340576,0.02658076293766498
75,95,170,train,True,0.011424,-0.047658040421665646,1352.3271990560468,1352.35205078125,1352.279541015625,-0.07254000008106232,0.02488195965939667
76,94,170,train,True,0.009758,-0.32558848939836027,1346.5537379034608,1346.5914306640625,1346.2281494140625,-0.3631860017776489,0.037597512379288656
78,92,170,train,True,0.018241,-0.6168478435277939,1327.4144552654027,1327.400146484375,1326.797607421875,-0.6026049852371216,-0.014242858290672289
67,104,171,train,False,0.6000048,0.07680301641114057,1382.259378624214,1382.2958984375,1382.336181640625,0.040240898728370667,0.0365621176827699
68,103,171,train,True,0.0014022,0.13925724846310913,1384.718652907787,1384.713623046875,1384.85791015625,0.14429159462451935,-0.005034346161410214
69,102,171,train,True,0.0009747,0.2936799933761358,1385.2718717644364,1385.4237060546875,1385.5655517578125,0.14187990128993988,0.15180009208619594
70,101,171,train,True,5.13e-05,0.6607680955529213,1384.7294906935097,1384.7379150390625,1385.3902587890625,0.6523754000663757,0.008392695486545532
71,100,171,train,True,0.0018639,-0.734360973238945,1382.5473492544888,1382.4771728515625,1381.81298828125,-0.664219081401825,-0.07014189183712005
72,99,171,train,True,0.0288819,-0.4764665828645229,1379.399196075052,1379.2977294921875,1378.9227294921875,-0.3750477135181427,-0.10141886934638022
73,98,171,train,True,0.0279414,-0.33648399367928505,1374.845883407742,1374.8043212890625,1374.5093994140625,-0.2949293851852417,-0.041554608494043355
74,97,171,train,True,0.0279414,-0.23118240803480147,1369.5092585799098,1369.3878173828125,1369.278076171875,-0.10970179736614227,-0.1214806106686592
75,96,171,train,True,0.0279414,-0.13539404429495336,1362.73720068492,1362.7696533203125,1362.601806640625,-0.16784009337425232,0.03244604907929896
76,95,171,train,True,0.0182457,-0.07133292893413454,1355.1498241398717,1355.0343017578125,1355.0784912109375,0.04425010085105896,-0.1155830297851935
77,94,171,train,True,0.0384579,-0.1441037400625646,1346.3323361619375,1346.36669921875,1346.188232421875,-0.17850449681282043,0.034400756750255834
78,93,171,train,True,0.0809514,-0.3518354993313551,1336.777738819644,1336.638916015625,1336.4259033203125,-0.21299070119857788,-0.13884479813277723
79,92,171,train,True,0.0207081,-0.5868458724021912,1325.9674611067771,1325.9522705078125,1325.380615234375,-0.5716798901557922,-0.015165982246398979
68,104,172,train,True,0.003956,0.3809244088828564,1391.5222738333046,1391.5496826171875,1391.9031982421875,0.35350561141967773,0.027418797463178657
69,103,172,train,True,0.0054868,-0.03091859311563894,1391.500767225928,1391.6583251953125,1391.4698486328125,-0.1884123980998993,0.15749380498426035
70,102,172,train,True,5.16e-05,0.7136023104190826,1392.687032455206,1392.7579345703125,1393.400634765625,0.6427260041236877,0.07087630629539488
71,101,172,train,True,0.0023392,-0.9638140085339546,1389.6131060007215,1389.4561767578125,1388.6492919921875,-0.8068447709083557,-0.1569692376255989
72,100,172,train,True,0.024424,-0.48390935093164444,1388.3858868899943,1388.3399658203125,1387.9019775390625,-0.4379507899284363,-0.045958561003208165
73,99,172,train,True,0.02795,-0.43897541642189025,1382.599619947672,1382.4853515625,1382.16064453125,-0.3246631920337677,-0.11431222438812255
74,98,172,train,True,0.02795,-0.32479067146778107,1379.4622418433428,1379.47021484375,1379.137451171875,-0.3328203856945038,0.008029714226722717
75,97,172,train,True,0.0355696,-0.11078381652012467,1371.159856082145,1371.157470703125,1371.049072265625,-0.1084119975566864,-0.0023718189634382714
76,96,172,train,True,0.0127624,-0.21623534306883813,1366.0110351477563,1366.052001953125,1365.7947998046875,-0.25716719031333923,0.04093184724450111
77,95,172,train,True,0.0324048,0.029684881411958484,1355.3758326967131,1355.4053955078125,1355.405517578125,0.0001436000020476058,0.02954128140991088
78,94,172,train,True,0.0103716,-0.4059603723883629,1348.3791049036383,1348.350341796875,1347.97314453125,-0.3771120011806488,-0.028848371207714107
79,93,172,train,True,0.056158,-0.4305900131165981,1335.7694572006167,1335.779296875,1335.3388671875,-0.44039639830589294,0.00980638518929483
80,92,172,train,False,0.15007,-0.647380279302597,1326.4349779355525,1326.7403564453125,1325.78759765625,-0.9527007937431335,0.30532051444053654
69,104,173,train,True,0.0043942,0.17096052315086127,1398.3952015862242,1398.6121826171875,1398.566162109375,-0.04595090076327324,0.2169114239141345
70,103,173,train,True,5.19e-05,0.3008042363077402,1399.0401381465047,1399.125,1399.3409423828125,0.2159252017736435,0.08487903453409673
71,102,173,train,True,0.0015743,-0.8964459019899368,1397.7090679723024,1397.67236328125,1396.8126220703125,-0.8597975969314575,-0.03664830505847927
72,101,173,train,True,0.0279395,-0.5753292691707611,1395.3806271207332,1395.4207763671875,1394.8052978515625,-0.6155372262001038,0.040207957029342656
73,100,173,train,True,0.0279395,-0.4511555130779743,1391.6951740677655,1391.623291015625,1391.2440185546875,-0.37924501299858093,-0.07191050007939337
74,99,173,train,True,0.0279395,-0.3393181425333023,1387.2170036894083,1387.1717529296875,1386.877685546875,-0.294030100107193,-0.04528804242610929
75,98,173,train,True,0.0279395,-0.20506280221045017,1381.236434872523,1381.2158203125,1381.0313720703125,-0.18447640538215637,-0.0205863968282938
76,97,173,train,True,0.0149645,-0.0413161645270884,1374.3894606957772,1374.31787109375,1374.34814453125,0.030200699344277382,-0.07151686387136579
77,96,173,train,True,0.0105357,0.04276528644724749,1366.2200520963652,1366.36572265625,1366.2628173828125,-0.10296399891376495,0.14572928536101243
78,95,173,train,True,0.0634391,-0.05160203768406063,1357.365078600184,1357.251708984375,1357.3134765625,0.06179120019078255,-0.11339323787484318
79,94,173,train,True,0.0227841,-0.31518861003220083,1347.3574249381572,1347.3646240234375,1347.042236328125,-0.3224203884601593,0.0072317784279584685
69,105,174,train,True,0.044718,-0.12582752456888557,1404.2253148292564,1404.2918701171875,1404.0994873046875,-0.19241680204868317,0.06658927747979759
70,104,174,train,True,5.22e-05,0.5123278649151325,1406.42590455696,1406.589599609375,1406.938232421875,0.3486306071281433,0.16369725778698918
71,103,174,train,True,0.001566,-1.0973941671848297,1404.4402896749973,1404.4329833984375,1403.3428955078125,-1.0900959968566895,-0.0072981703281402854
72,102,174,train,True,0.002262,-0.49841484278440473,1403.9439714834093,1403.9249267578125,1403.445556640625,-0.47933340072631836,-0.019081442058086373
73,101,174,train,True,0.0279444,-0.5275862836837768,1399.1248763227463,1399.038818359375,1398.5972900390625,-0.441487193107605,-0.08609909057617182
74,100,174,train,True,0.0279444,-0.35303813964128494,1396.7559922412038,1396.7427978515625,1396.4029541015625,-0.33975279331207275,-0.013285346329212189
75,99,174,train,True,0.0279444,-0.20030578531324864,1389.3880499259383,1389.4063720703125,1389.187744140625,-0.21872560679912567,0.018419821485877036
76,98,174,train,True,0.0102486,-0.16848838981240988,1384.906891710125,1384.9464111328125,1384.7384033203125,-0.20795319974422455,0.03946480993181467
77,97,174,train,True,0.011223,0.18814247090369463,1375.009977646284,1374.95458984375,1375.1981201171875,0.2435401976108551,-0.05539772670716048
78,96,174,train,True,0.0103356,-0.16205297838896512,1368.703801025264,1368.703857421875,1368.541748046875,-0.16208820044994354,3.522206097841818e-05
80,94,174,train,True,0.0192096,-0.5243611019849778,1348.44355055511,1348.462646484375,1347.919189453125,-0.5434073805809021,0.019046278595924337
69,106,175,train,True,0.0499975,0.059235743964090946,1410.7255542950984,1410.809326171875,1410.7847900390625,-0.024477500468492508,0.08371324443258346
70,105,175,train,True,8.75e-05,0.15155972925946115,1412.3459988644906,1412.4119873046875,1412.49755859375,0.0855725035071373,0.06598722575232385
71,104,175,train,True,0.0012075,-0.9337967020273209,1412.085041819215,1412.0997314453125,1411.1512451171875,-0.9485099911689758,0.014713289141654928
72,103,175,train,True,0.002275,-0.6087568381428718,1410.6417158225179,1410.6334228515625,1410.032958984375,-0.6005374789237976,-0.00821935921907424
73,102,175,train,True,0.0279475,-0.4722718496620655,1407.802838255912,1407.7779541015625,1407.33056640625,-0.447380006313324,-0.024891843348741505
74,101,175,train,True,0.0279475,-0.3647095449268818,1404.1990601308644,1404.2197265625,1403.8343505859375,-0.3854750096797943,0.02076546475291252
75,100,175,train,True,0.0279475,-0.24183241844177247,1399.0688587856293,1399.0928955078125,1398.8270263671875,-0.26594001054763794,0.024107592105865466
76,99,175,train,True,0.0117775,-0.06585806897841394,1393.0585338502285,1393.127685546875,1392.99267578125,-0.13494500517845154,0.0690869362000376
77,98,175,train,True,0.01239,0.12051437247544527,1385.5999446118994,1385.6343994140625,1385.720458984375,0.08594000339508057,0.03457436908036471
78,97,175,train,True,0.01862,0.1855054733902216,1377.4065355422347,1377.166259765625,1377.592041015625,0.425819993019104,-0.2403145196288824
79,96,175,train,True,0.03857,0.012801800724118947,1368.0909579649008,1368.0789794921875,1368.103759765625,0.024867499247193336,-0.012065698523074389
80,95,175,train,True,0.0810775,-0.2582818526774645,1357.99277892299,1357.8623046875,1357.7344970703125,-0.12784500420093536,-0.13043684847652914
69,107,176,train,False,0.1000032,-0.2528380900621414,1416.2099914103746,1415.94140625,1415.9571533203125,0.01573359966278076,-0.2685716897249222
70,106,176,train,True,5.28e-05,0.40607683941721917,1419.2877708168328,1419.279052734375,1419.69384765625,0.4147872030735016,-0.008710363656282416
71,105,176,train,True,0.0012144,-1.1060129451751708,1418.4755197811128,1418.3876953125,1417.3695068359375,-1.0181783437728882,-0.08783460140228261
72,104,176,train,True,0.0014784,-0.47379735991358757,1418.802044430226,1418.7994384765625,1418.3282470703125,-0.4712303876876831,-0.0025669722259044625
73,103,176,train,True,0.0307472,-0.5689095178246498,1414.9478157678247,1414.8060302734375,1414.37890625,-0.42712560296058655,-0.14178391486406328
74,102,176,train,True,0.0279488,-0.31547372974455357,1413.339033300057,1413.2999267578125,1413.0235595703125,-0.27630558609962463,-0.03916814364492893
75,101,176,train,True,0.0279488,-0.22584489397704602,1406.9141993861645,1406.9388427734375,1406.6883544921875,-0.2505432069301605,0.024698312953114504
76,100,176,train,True,0.0109472,-0.13266269233077765,1403.1866177704558,1403.2247314453125,1403.053955078125,-0.17078560590744019,0.03812291357666253
77,99,176,train,True,0.0080784,0.22293815769255163,1394.1468128188699,1394.1932373046875,1394.3697509765625,0.17651279270648956,0.04642536498606206
78,98,176,train,True,0.0127072,0.0432715833815746,1388.457094627556,1388.462890625,1388.5003662109375,0.03756159916520119,0.0057099842163734135
79,97,176,train,True,0.033176,0.24125794179737567,1377.2729022144526,1377.267578125,1377.51416015625,0.24656879901885986,-0.005310857221484194
80,96,176,train,True,0.0111232,-0.2989118391275406,1369.7597272688151,1369.7489013671875,1369.4608154296875,-0.28806400299072266,-0.010847836136817945
81,95,176,train,True,0.0830544,-0.34165149807929995,1356.5671153652668,1356.59716796875,1356.2254638671875,-0.37164080142974854,0.029989303350448582
70,107,177,train,True,0.0002301,-0.00910663636168465,1424.8911867144866,1424.845458984375,1424.882080078125,0.036684300750494,-0.04579093711217865
71,106,177,train,True,0.0012213,-0.7839148585498333,1425.6006873194874,1425.4605712890625,1424.8167724609375,-0.6437615156173706,-0.14015334293246273
72,105,177,train,True,0.001416,-0.6360337951779366,1425.229539654553,1425.175048828125,1424.593505859375,-0.581560492515564,-0.0544733026623726
73,104,177,train,True,0.0033099,-0.4924235078692436,1423.2515787813068,1423.2266845703125,1422.7591552734375,-0.4675152897834778,-0.02490821808576582
74,103,177,train,True,0.0279483,-0.34302453115582465,1420.4848702342808,1420.431396484375,1420.141845703125,-0.28945431113243103,-0.05357022002339362
75,102,177,train,True,0.0279483,-0.207701166421175,1416.1892685492337,1416.2164306640625,1415.9815673828125,-0.23485329747200012,0.027152131050825118
76,101,177,train,True,0.0146202,-0.056243573492392895,1411.0605160344298,1411.121337890625,1411.0042724609375,-0.11706669628620148,0.06082312279380858
77,100,177,train,True,0.0197532,0.13195358389988543,1404.4231001270375,1404.4300537109375,1404.5550537109375,0.12499439716339111,0.006959186736494316
78,99,177,train,True,0.0149919,0.32459674663841726,1396.933093683049,1396.970703125,1397.2576904296875,0.2870407998561859,0.03755594678223134
79,98,177,train,True,0.0099651,0.279956171810627,1388.2833983203768,1388.3636474609375,1388.5633544921875,0.1997728943824768,0.08018327742815018
80,97,177,train,True,0.0847299,0.08675236778333784,1378.9083648197166,1378.8114013671875,1378.9951171875,0.1837380975484848,-0.09698572976514697
81,96,177,train,True,0.0216294,-0.31442280136048795,1368.422210887298,1368.59326171875,1368.1077880859375,-0.4854935109615326,0.17107070960104465
70,108,178,train,True,0.006586,0.19892636969685554,1431.4894281224906,1431.607421875,1431.6883544921875,0.08092919737100601,0.11799717232584953
71,107,178,train,True,0.0022606,-0.9184052863717079,1431.6325166144968,1431.48583984375,1430.714111328125,-0.7717611789703369,-0.14664410740137102
72,106,178,train,True,0.001424,-0.37590918838977816,1432.9147275477649,1432.801025390625,1432.538818359375,-0.2621963918209076,-0.11371279656887057
74,104,178,train,True,0.0152012,-0.28382350467145445,1429.271982684359,1429.2080078125,1428.9881591796875,-0.21979519724845886,-0.06402830742299559
75,103,178,train,True,0.027946,-0.19431537732481957,1423.7352089320123,1423.6719970703125,1423.5408935546875,-0.13115279376506805,-0.06316258355975152
76,102,178,train,True,0.0136348,-0.050541754555888475,1420.7830856998685,1420.780517578125,1420.7325439453125,-0.04787839949131012,-0.0026633550645783557
77,101,178,train,True,0.0188146,0.21811439864337445,1412.6971688044816,1412.708251953125,1412.915283203125,0.2070859968662262,0.011028401777148256
78,100,178,train,True,0.0101282,0.19205244809389113,1407.6509651300312,1407.6690673828125,1407.843017578125,0.17396600544452667,0.01808644264936446
79,99,178,train,True,0.0102528,0.5054034127295017,1397.190275298208,1397.1922607421875,1397.6956787109375,0.5034611821174622,0.001942230612039575
80,98,178,train,True,0.0107512,-0.02557860149536282,1390.4350024296205,1390.4222412109375,1390.409423828125,-0.012804600410163403,-0.012774001085199417
82,96,178,train,True,0.0231756,-0.42592166900634765,1368.9587585830689,1368.96875,1368.5328369140625,-0.43599021434783936,0.010068545341491708
71,108,179,train,True,0.0051552,-0.47356036394834516,1438.2679939576983,1438.2783203125,1437.79443359375,-0.48391759395599365,0.010357230007648488
72,107,179,train,True,0.0014141,-0.5902951863408089,1439.0644162800909,1438.9000244140625,1438.47412109375,-0.4258846044540405,-0.16441058188676838
73,106,179,train,True,0.0014678,-0.5720278276503086,1438.0877748979628,1438.0120849609375,1437.5157470703125,-0.496255099773407,-0.07577272787690159
74,105,179,train,True,0.0145706,-0.40248585373163226,1436.188984877169,1436.16748046875,1435.7864990234375,-0.38099589943885803,-0.021489954292774227
75,104,179,train,True,0.0246304,-0.18028660897165538,1432.6645395386593,1432.6741943359375,1432.4842529296875,-0.19002139568328857,0.009734786711633192
76,103,179,train,True,0.0155014,0.0154922993312357,1428.3584090678562,1428.3277587890625,1428.3739013671875,0.04619240015745163,-0.03070010082621593
77,102,179,train,True,0.0097734,0.17962885081768035,1422.58001470387,1422.60693359375,1422.7596435546875,0.1526608020067215,0.02696804881095885
78,101,179,train,True,0.0079834,0.40753388822078707,1415.8958108383417,1416.010986328125,1416.3033447265625,0.29231390357017517,0.1152199846506119
79,100,179,train,True,0.0116887,0.4784183192253113,1407.9366207432747,1407.9490966796875,1408.4150390625,0.46590539813041687,0.012512921094894436
80,99,179,train,True,0.0281209,0.40347576439380645,1399.2552156418562,1399.111083984375,1399.65869140625,0.5476050972938538,-0.1441293329000473
81,98,179,train,True,0.0386461,-0.06973955933935941,1389.6141731530893,1389.6654052734375,1389.54443359375,-0.12106180191040039,0.05132224257104098
82,97,179,train,True,0.0812302,-0.12641500663710759,1378.6635243816372,1378.5618896484375,1378.537109375,-0.0247770007699728,-0.10163800586713478
71,109,180,train,True,0.070722,-0.6322401797771454,1443.9969862735272,1443.967041015625,1443.36474609375,-0.6023920178413391,-0.029848161935806306
72,108,180,train,True,0.001422,-0.20261045962572097,1446.2649883893132,1446.2877197265625,1446.0623779296875,-0.2253420054912567,0.022731545865535746
73,107,180,train,True,0.00207,-0.7923247787356377,1444.7273833724857,1444.6595458984375,1443.93505859375,-0.724452018737793,-0.0678727599978447
74,106,180,train,True,0.00144,-0.3605741712450981,1444.6453642103077,1444.579833984375,1444.2847900390625,-0.2950119972229004,-0.06556217402219772
75,105,180,train,True,0.021384,-0.25384130746126177,1439.9902915027737,1439.99853515625,1439.7364501953125,-0.26209598779678345,0.00825468033552168
76,104,180,train,True,0.015714,0.03864915082929656,1437.7255110054207,1437.735107421875,1437.76416015625,0.02912200056016445,0.00952715026913211
77,103,180,train,True,0.021708,0.2688944163918495,1430.5539815601705,1430.5740966796875,1430.8228759765625,0.24883399903774261,0.020060417354106908
78,102,180,train,True,0.010044,0.3412136513739824,1426.2214084189386,1426.2440185546875,1426.5626220703125,0.3185420036315918,0.02267164774239061
79,101,180,train,True,0.004752,0.6865841019153595,1416.5786746871472,1416.657470703125,1417.2652587890625,0.607807993888855,0.07877610802650448
80,100,180,train,True,0.012636,0.2592290662229061,1410.4988275744022,1410.5,1410.758056640625,0.25800201296806335,0.001227053254842736
81,99,180,train,True,0.069912,0.38481204465031627,1398.7638695959747,1398.8575439453125,1399.148681640625,0.2911199927330017,0.09369205191731456
82,98,180,train,True,0.012402,-0.2028158964961767,1390.6472739043086,1390.6258544921875,1390.4444580078125,-0.1814740002155304,-0.02134189628064631
71,110,181,train,False,0.1257588,-0.19811745783314108,1450.2680637468957,1450.1593017578125,1450.0699462890625,-0.08934810012578964,-0.10876935770735144
72,109,181,train,True,0.0014299,-0.41208926543593405,1452.0738324294985,1451.9825439453125,1451.6617431640625,-0.32084301114082336,-0.09124625429511068
73,108,181,train,True,0.0015747,-0.5821201722323894,1452.1704990784824,1452.236328125,1451.58837890625,-0.6479049921035767,0.06578481987118723
74,107,181,train,True,0.001448,-0.5697444358468056,1451.3258479514718,1451.2489013671875,1450.756103515625,-0.4927414059638977,-0.07700302988290786
75,106,181,train,True,0.0125433,-0.3146169651299715,1448.63639430888,1448.75,1448.32177734375,-0.42815539240837097,0.11353842727839947
76,105,181,train,True,0.02534,0.018601917269843397,1445.0708756217928,1445.0001220703125,1445.0894775390625,0.08933970332145691,-0.07073778605161352
77,104,181,train,True,0.005249,0.27232997432351114,1440.048837017864,1440.130859375,1440.3211669921875,0.19031980633735657,0.08201016798615457
78,103,181,train,True,0.0136836,0.525323615372181,1434.1935484549404,1434.2669677734375,1434.7188720703125,0.4518949091434479,0.0734287062287331
79,102,181,train,True,0.0199824,0.6539217135310174,1426.995736489594,1426.9742431640625,1427.649658203125,0.6753020882606506,-0.021380374729633278
80,101,181,train,True,0.015385,0.6903333082795143,1419.0269518479704,1418.98193359375,1419.71728515625,0.7353647947311401,-0.0450314864516258
81,100,181,train,True,0.0091043,0.23478332752361894,1410.1562078834138,1410.337158203125,1410.3909912109375,0.053787700831890106,0.18099562669172883
82,99,181,train,True,0.0850338,0.2629826982319355,1399.9116999189555,1399.86669921875,1400.1746826171875,0.30795758962631226,-0.04497489139437677
72,110,182,train,True,0.0061698,0.0851869640685618,1458.7988462390565,1458.7005615234375,1458.884033203125,0.18346579372882843,-0.09827882966026663
73,109,182,train,True,0.0015834,-0.7105066585540771,1458.390194158554,1458.2991943359375,1457.6796875,-0.6195424199104309,-0.09096423864364622
74,108,182,train,True,0.0007462,-0.4391153132915497,1459.3375528132915,1459.3323974609375,1458.8984375,-0.43394720554351807,-0.005168107748031614
75,107,182,train,False,0.1019746,-0.46521698504686354,1455.723273625672,1455.75,1455.258056640625,-0.4919047951698303,0.026687810122966782
76,106,182,train,True,0.021749,-0.00422083267942071,1454.1389864576795,1454.130615234375,1454.134765625,0.004176599904894829,-0.008397432584315538
77,105,182,train,True,0.0209664,0.30934189438819887,1447.7722010743619,1447.7908935546875,1448.08154296875,0.29064640402793884,0.018695490360260025
78,104,182,train,True,0.0130858,0.5158948557078838,1444.1292467458545,1444.125244140625,1444.6451416015625,0.5199537873268127,-0.004058931618928896
79,103,182,train,True,0.0187642,0.8378333321213722,1435.3721276053786,1435.4783935546875,1436.2099609375,0.7314556241035461,0.10637770801782609
80,102,182,train,True,0.0097916,0.5753709472715854,1429.9221876464785,1429.968994140625,1430.49755859375,0.5285868048667908,0.04678414240479467
81,101,182,train,True,0.0119756,0.8167765015363693,1418.904536975026,1418.93701171875,1419.7213134765625,0.7843077778816223,0.032468723654746956
82,100,182,train,True,0.0120848,0.11231492733582854,1411.6646626117267,1411.6519775390625,1411.7769775390625,0.12501280009746552,-0.012697872761636975
71,112,183,train,True,0.0801174,0.4917530246078968,1461.1348338894545,1461.220703125,1461.6265869140625,0.40591248869895935,0.08584053590893748
72,111,183,train,True,0.0300486,0.085213114162907,1464.0511394248997,1464.0057373046875,1464.1363525390625,0.13053549826145172,-0.04532238409854472
73,110,183,train,True,0.0015921,-0.3254479535669088,1465.284432328567,1465.2333984375,1464.958984375,-0.27441999316215515,-0.05102796040475366
74,109,183,train,True,0.0007503,-0.5833290094137191,1465.6170204156638,1465.523193359375,1465.03369140625,-0.48948219418525696,-0.09384681522846217
75,108,183,train,True,0.0080337,-0.48661126077175143,1463.9659813779592,1464.184814453125,1463.4793701171875,-0.7054483294487,0.21883706867694852
76,107,183,train,True,0.049776,-0.11860283954069019,1461.2556878004782,1461.256591796875,1461.1370849609375,-0.11949209868907928,0.000889259148389096
77,106,183,train,True,0.0246684,0.29125998318195345,1456.936523219943,1457.0125732421875,1457.227783203125,0.2151792049407959,0.07608077824115755
78,105,183,train,True,0.0142191,0.6789857915043831,1451.8135679194331,1451.80126953125,1452.4925537109375,0.6911702156066895,-0.012184424102306357
79,104,183,train,True,0.0094245,0.8292602491378784,1445.4269653367996,1445.437255859375,1446.2562255859375,0.8189147710800171,0.010345478057861346
80,103,183,train,True,0.0070821,0.93960025370121,1438.2232415431738,1438.26806640625,1439.162841796875,0.8948044776916504,0.04479577600955964
81,102,183,train,True,0.009333,0.6754365222156048,1429.9621367199718,1430.268310546875,1430.6375732421875,0.3692396879196167,0.3061968342959881
82,101,183,train,True,0.0289872,0.724110369682312,1420.5041611146926,1420.478759765625,1421.228271484375,0.7495430111885071,-0.025432641506195064
72,112,184,train,True,0.0397072,0.7250502651929855,1470.261522000432,1470.29296875,1470.986572265625,0.6936048269271851,0.031445438265800485
73,111,184,train,True,0.0260176,-0.2098248870112002,1470.924180355761,1470.8505859375,1470.71435546875,-0.13634400069713593,-0.07348088631406427
74,110,184,train,True,0.000736,-0.28033494666218756,1473.0933232279122,1472.934326171875,1472.81298828125,-0.12129680067300797,-0.1590381459891796
75,109,184,train,True,0.0042688,-0.5591033753752709,1470.6507781800628,1470.666259765625,1470.0916748046875,-0.5746127963066101,0.015509420931339224
76,108,184,train,True,0.000828,-0.10617932073771953,1469.9366236566752,1469.916748046875,1469.8304443359375,-0.08631519973278046,-0.019864121004939075
77,107,184,train,True,0.0279496,0.28477989353239536,1464.392344129905,1464.49267578125,1464.6771240234375,0.18444719910621643,0.10033269442617893
78,106,184,train,True,0.0147384,0.6748047271370887,1461.4050292572379,1461.431884765625,1462.079833984375,0.6478583812713623,0.026946345865726418
79,105,184,train,True,0.0222824,1.0011407417058944,1453.519367070794,1453.6358642578125,1454.5205078125,0.8846752047538757,0.11646553695201867
80,104,184,train,True,0.0095312,0.8529532495141029,1448.765210812986,1448.8795166015625,1449.6181640625,0.738646388053894,0.11430686146020885
81,103,184,train,True,0.0100096,1.1418924754858018,1438.5449971729518,1438.6357421875,1439.6868896484375,1.0511231422424316,0.09076933324337011
82,102,184,train,True,0.0128064,0.5666958522796631,1431.9539340305328,1432.0216064453125,1432.5206298828125,0.49894240498542786,0.06775344729423527
72,113,185,train,True,0.064269,1.3518610817193986,1475.2960881370307,1475.1846923828125,1476.64794921875,1.463246464729309,-0.11138538300991052
73,112,185,train,True,0.0141525,0.32078221831470727,1477.2898134848103,1477.4769287109375,1477.610595703125,0.13372249901294708,0.18705971930176019
74,111,185,train,True,0.00074,-0.21477678902447223,1478.8190248358994,1478.68798828125,1478.604248046875,-0.08373550325632095,-0.13104128576815127
75,110,185,train,True,0.000814,-0.4205110150575638,1478.3625276166201,1478.3369140625,1477.9420166015625,-0.39486849308013916,-0.025642521977424615
76,109,185,train,True,0.0008325,-0.18189572513103486,1476.682628147006,1476.5413818359375,1476.500732421875,-0.04066950082778931,-0.14122622430324555
77,108,185,train,True,0.0279535,0.28762324947863815,1473.1757556567713,1473.2886962890625,1473.46337890625,0.17471900582313538,0.11290424365550278
78,107,185,train,True,0.025826,0.8206296080350876,1468.78752468884,1468.85888671875,1469.608154296875,0.7491884827613831,0.0714411252737045
79,106,185,train,True,0.0026085,0.9967563670873641,1463.2230922657252,1463.24658203125,1464.2198486328125,0.9732149839401245,0.023541383147239636
80,105,185,train,True,0.0136345,1.1327885925769805,1456.847680157423,1456.7896728515625,1457.98046875,1.190766453742981,-0.057977861166000455
81,104,185,train,True,0.020683,1.027916966378689,1449.2452763929964,1449.58154296875,1450.273193359375,0.6917139887809753,0.33620297759771356
82,103,185,train,True,0.016169,1.0853324967622757,1440.5996040266753,1440.5826416015625,1441.6849365234375,1.1022950410842896,-0.01696254432201383
72,114,186,train,True,0.0512244,1.8103736674785613,1481.2927757465839,1481.3603515625,1483.1031494140625,1.742804765701294,0.06756890177726738
73,113,186,train,True,0.0600036,1.0025418856739998,1482.728415145576,1482.761474609375,1483.73095703125,0.9694597721099854,0.03308211356401447
74,112,186,train,True,0.001209,0.1632582138851285,1485.8473619033023,1485.880126953125,1486.0106201171875,0.1305163949728012,0.0327418189123273
75,111,186,train,True,0.0008184,-0.3010940729826689,1484.5204544245453,1484.5164794921875,1484.2193603515625,-0.2971617877483368,-0.003932285234332089
76,110,186,train,True,0.0007626,-0.06699115913594142,1484.900975534136,1484.806884765625,1484.833984375,0.0271735992282629,-0.09416475836420432
77,109,186,train,True,0.0165168,0.3403390792012215,1480.2523122879863,1480.19677734375,1480.5926513671875,0.39590218663215637,-0.0555631074309349
78,108,186,train,True,0.0217434,0.7688072326779366,1478.079581439197,1478.1065673828125,1478.848388671875,0.7418516278266907,0.02695560485124593
79,107,186,train,True,0.0209622,1.1381425142288208,1471.0409346342087,1471.174560546875,1472.1790771484375,1.0044926404953003,0.13364987373352055
80,106,186,train,True,0.0116436,1.0468286702036858,1467.0569310954213,1467.2164306640625,1468.103759765625,0.8873469829559326,0.15948168724775313
81,105,186,train,True,0.0207576,1.3510849213600158,1457.6844375395774,1457.7779541015625,1459.0355224609375,1.2575054168701172,0.0935795044898986
82,104,186,train,True,0.0110112,0.9579822242259979,1451.7042492210865,1451.7935791015625,1452.6622314453125,0.8685879707336426,0.0893942534923553
83,103,186,train,True,0.0169446,1.0789454475045204,1439.452914904058,1439.475830078125,1440.5318603515625,1.0560450553894043,0.022900392115116075
84,102,186,train,True,0.0182838,0.0289107675710693,1431.249653685554,1431.446533203125,1431.278564453125,-0.16787679493427277,0.19678756250534207
73,114,187,train,True,0.0558943,1.3487392574548722,1488.8764804691077,1489.1207275390625,1490.2252197265625,1.1044999361038208,0.24423932135105142
74,113,187,train,True,0.0012155,0.6075817276537419,1491.4893421004713,1491.3468017578125,1492.096923828125,0.7500584125518799,-0.14247668489813803
75,112,187,train,True,0.0007293,-0.010317467634449714,1491.698916100447,1491.876953125,1491.6885986328125,-0.18840530514717102,0.1780878375127213
76,111,187,train,True,0.0007293,0.010813488545827567,1491.1515400270791,1491.09716796875,1491.162353515625,0.06517820060253143,-0.054364712056703866
77,110,187,train,True,0.0279378,0.3830165840685368,1488.6289463065564,1488.6451416015625,1489.011962890625,0.3668596148490906,0.016156969219446204
78,109,187,train,True,0.0240669,0.8801147919893265,1485.1716430205106,1484.998779296875,1486.0517578125,1.0529286861419678,-0.17281389415264126
79,108,187,train,True,0.0224961,1.0746797493100166,1480.45071087569,1480.559814453125,1481.525390625,0.9655598998069763,0.10911984950304032
80,107,187,train,True,0.0128656,1.260380755662918,1474.8947706115246,1474.8671875,1476.1551513671875,1.2878764867782593,-0.027495731115341204
81,106,187,train,True,0.008041,1.236772752404213,1468.0460641616583,1468.4110107421875,1469.2828369140625,0.871845006942749,0.3649277454614639
82,105,187,train,True,0.0050864,1.3279083544015884,1460.2066375440359,1460.1710205078125,1461.5345458984375,1.3635129928588867,-0.03560463845729833
83,104,187,train,True,0.0100045,0.9768163552880287,1450.6773584493994,1450.784912109375,1451.6541748046875,0.8692479133605957,0.10756844192743298
84,103,187,train,True,0.0326315,0.3852719087153673,1440.5746890287846,1440.7955322265625,1440.9599609375,0.1643756926059723,0.22089621610939503
74,114,188,train,True,0.0030832,0.9269219410419464,1498.1852606761456,1498.1820068359375,1499.1121826171875,0.9301983714103699,-0.0032764303684235108
75,113,188,train,True,0.0007332,0.3633978345990181,1497.840459587276,1497.7486572265625,1498.203857421875,0.45525720715522766,-0.09185937255620957
76,112,188,train,True,0.0007332,0.1944074740447104,1498.9321794400178,1499.0867919921875,1499.1265869140625,0.03986719995737076,0.15454027408733964
77,111,188,train,True,0.0094188,0.4911865857243538,1495.3200927111507,1495.5120849609375,1495.811279296875,0.29927441477775574,0.19191217094659807
78,110,188,train,True,0.0053016,0.750653472840786,1494.186358245909,1494.2056884765625,1494.93701171875,0.7312924265861511,0.01936104625463486
79,109,188,train,True,0.0027072,1.1526425421237945,1488.0191103875636,1487.9737548828125,1489.1717529296875,1.1980043649673462,-0.045361822843551725
80,108,188,train,True,0.0067868,1.1127271649241448,1484.826725960076,1485.0184326171875,1485.939453125,0.9210079908370972,0.19171917408704764
81,107,188,train,True,0.0299108,1.4846398973464965,1476.264505610466,1476.3741455078125,1477.7491455078125,1.3750044107437134,0.1096354866027831
82,106,188,train,True,0.0101332,1.229713453054428,1470.959129320383,1471.06640625,1472.1888427734375,1.1224331855773926,0.10728026747703545
83,105,188,train,True,0.011186,1.3199133133888246,1459.5856042647363,1459.6678466796875,1460.905517578125,1.2377047538757324,0.08220855951309214
84,104,188,train,True,0.0199656,0.21435173452366144,1452.2468299061013,1452.2349853515625,1452.461181640625,0.2261728048324585,-0.01182107030879706
75,114,189,train,True,0.0081837,0.5451997022330761,1504.729946782142,1504.7822265625,1505.275146484375,0.49301549792289734,0.05218420431017878
76,113,189,train,True,0.0006615,0.37131986796855926,1505.2385434132814,1505.007568359375,1505.60986328125,0.6023519039154053,-0.23103203594684601
77,112,189,train,True,0.0125685,0.49898710519075395,1503.3546505901218,1503.68798828125,1503.8536376953125,0.16555540263652802,0.33343170255422594
78,111,189,train,True,0.0100926,0.8101727256178856,1500.9920733681322,1500.9254150390625,1501.80224609375,0.8768494725227356,-0.06667674690485004
79,110,189,train,True,0.0200907,1.0008547475934029,1497.1561276742816,1497.255615234375,1498.156982421875,0.901343584060669,0.09951116353273393
80,109,189,train,True,0.0315441,1.238572005033493,1492.433180924654,1492.5177001953125,1493.6717529296875,1.1539711952209473,0.0846008098125457
81,108,189,train,True,0.0083727,1.3019369977712631,1486.3494301897288,1486.72509765625,1487.6513671875,0.9262943863868713,0.3756426113843918
82,107,189,train,True,0.0140616,1.5154620116949082,1479.2436932617427,1479.170654296875,1480.7591552734375,1.5884188413619995,-0.07295682966709127
83,106,189,train,True,0.0208467,1.2639920192956924,1470.4208224338292,1470.6090087890625,1471.684814453125,1.0758188962936401,0.18817312300205224
84,105,189,train,True,0.0220563,0.6531793284416199,1461.1783636403084,1461.1839599609375,1461.83154296875,0.647533118724823,0.005646209716796857
74,116,190,train,True,0.035397,1.1227203974127768,1509.9821380010246,1510.025634765625,1511.1048583984375,1.0792109966278076,0.04350940078496923
75,115,190,train,True,0.004864,0.5712116308510303,1510.377274697274,1510.4573974609375,1510.948486328125,0.4910790026187897,0.08013262823224065
76,114,190,train,True,0.000646,0.3775419506430626,1512.810690471232,1512.7999267578125,1513.188232421875,0.38830700516700745,-0.010765054523944828
77,113,190,train,True,0.001368,0.5488852868974209,1510.189029752165,1510.0633544921875,1510.7379150390625,0.674576997756958,-0.12569171085953712
78,112,190,train,True,0.000665,0.6060374134778976,1509.7175709849596,1509.8338623046875,1510.3236083984375,0.48972100019454956,0.11631641328334807
79,111,190,train,True,0.003439,0.993793443441391,1504.4844780409337,1504.57861328125,1505.478271484375,0.899744987487793,0.09404845595359801
80,110,190,train,True,0.015903,0.9971480476856232,1502.1099076163769,1502.333251953125,1503.1070556640625,0.7736939787864685,0.22345406889915465
81,109,190,train,True,0.007258,1.4434351712465285,1494.3682103365659,1494.5465087890625,1495.8116455078125,1.265144944190979,0.17829022705554953
82,108,190,train,True,0.012521,1.3629858607053758,1489.7203881627322,1489.8145751953125,1491.0833740234375,1.268813967704773,0.0941718930006028
83,107,190,train,True,0.020976,1.5333137702941895,1479.1018180656433,1479.2115478515625,1480.6351318359375,1.4235589504241943,0.10975481986999513
84,106,190,train,True,0.013167,0.5908644627034664,1472.399980263859,1472.39599609375,1472.9908447265625,0.5948060154914856,-0.00394155278801922
74,117,191,train,True,0.0419245,1.151550849378109,1514.946593681872,1514.904296875,1516.09814453125,1.193843126296997,-0.04229227691888804
75,116,191,train,True,0.0102567,0.5468644164502621,1517.2779646851122,1517.296142578125,1517.8248291015625,0.5286691784858704,0.01819523796439171
76,115,191,train,True,0.0006685,0.3361026053875685,1518.5644100899249,1518.55859375,1518.9005126953125,0.3418782949447632,-0.0057756895571947076
77,114,191,train,True,0.0013179,0.4010705602169037,1517.9880895960332,1518.08984375,1518.38916015625,0.2993496060371399,0.10172095417976379
78,113,191,train,True,0.0041256,0.5925557754933835,1516.5853006698192,1516.2969970703125,1517.1778564453125,0.8808711171150208,-0.2883153416216373
79,112,191,train,True,0.0049278,0.745374755859375,1513.3472766113282,1513.6142578125,1514.0926513671875,0.47835710644721985,0.2670176494121551
80,111,191,train,True,0.0222897,1.0196410197019576,1509.490612886548,1509.6258544921875,1510.51025390625,0.8844618201255798,0.1351791995763778
81,110,191,train,True,0.0073535,1.1566830083727837,1504.2042789056898,1504.5345458984375,1505.3609619140625,0.8264005184173584,0.3302824899554253
82,109,191,train,True,0.0066086,1.5283060848712922,1497.8154439151288,1497.760498046875,1499.34375,1.583163857460022,-0.054857772588729814
83,108,191,train,True,0.0074872,1.4298020440340042,1489.634651080966,1489.92626953125,1491.064453125,1.1380916833877563,0.2917103606462479
84,107,191,train,True,0.0071052,1.0600255274772643,1480.9800135350226,1480.973388671875,1482.0400390625,1.0667638778686523,-0.006738350391388037
85,106,191,train,True,0.0161013,0.452504435479641,1471.258310994208,1471.25830078125,1471.7108154296875,0.4524497091770172,5.472630262376432e-05
75,117,192,train,True,0.0707904,0.6115656745433807,1522.7255925285817,1522.6058349609375,1523.337158203125,0.7312312126159668,-0.11966553807258606
76,116,192,train,True,0.0023232,0.22960385039448739,1526.064219391793,1526.116943359375,1526.2938232421875,0.17680799961090088,0.052795850783586507
77,115,192,train,True,0.0013056,0.2844894663989544,1524.3120681507885,1524.2879638671875,1524.5965576171875,0.3085192143917084,-0.02402974799275398
78,114,192,train,True,0.0025728,0.3023389478772879,1525.0209032396226,1524.95849609375,1525.3232421875,0.36467841267585754,-0.062339464798569666
79,113,192,train,True,0.0158208,0.6409397003054619,1520.6790065887571,1520.6597900390625,1521.3199462890625,0.6600664258003235,-0.019126725494861607
80,112,192,train,True,0.0155328,0.6711703887581826,1518.9174526581169,1519.1168212890625,1519.588623046875,0.47181281447410583,0.19935757428407674
81,111,192,train,True,0.03168,1.1688941198587417,1512.0364281457662,1512.1951904296875,1513.205322265625,1.0100935697555542,0.1588005501031875
82,110,192,train,True,0.0057216,1.2826086300611497,1508.0453942996264,1508.0924072265625,1509.3280029296875,1.2355456352233887,0.047062994837760996
83,109,192,train,True,0.0301056,1.5715061277151108,1498.1322292238474,1498.2928466796875,1499.7037353515625,1.4108872413635254,0.1606188863515854
84,108,192,train,True,0.0106368,0.9511494940519333,1491.8982157403232,1492.0423583984375,1492.849365234375,0.8069936037063599,0.1441558903455734
85,107,192,train,True,0.0278784,0.9238444322347641,1480.2012776380777,1480.267822265625,1481.1251220703125,0.8572664260864258,0.06657800614833831
75,118,193,train,True,0.0391211,0.6805616560578346,1529.3268846330047,1529.3199462890625,1530.0074462890625,0.6874045729637146,-0.006842916905880014
76,117,193,train,True,0.002316,0.21043113075196743,1531.6267270723731,1531.700439453125,1531.837158203125,0.1366811990737915,0.07374993167817592
77,116,193,train,True,0.0013317,0.0922893906198442,1531.9644733046925,1532.0599365234375,1532.0567626953125,-0.0031777999829500914,0.0954671906027943
78,115,193,train,True,0.001351,0.18799809508025647,1531.3985497564822,1531.220947265625,1531.5865478515625,0.365512490272522,-0.1775143951922655
79,114,193,train,True,0.0086657,0.3055927601456642,1529.2486064586044,1529.36376953125,1529.55419921875,0.1903935968875885,0.11519916325807572
80,113,193,train,True,0.0154979,0.5726651887595654,1526.2151766081154,1526.23876953125,1526.787841796875,0.549111008644104,0.0235541801154614
81,112,193,train,True,0.0067164,0.769028154015541,1521.6215968459844,1521.8714599609375,1522.390625,0.5191115140914917,0.24991663992404933
82,111,193,train,True,0.0102869,1.3180714893341063,1515.9492624950408,1515.8411865234375,1517.267333984375,1.4261157512664795,-0.10804426193237315
83,110,193,train,True,0.0075849,1.3619099527597427,1508.4121378988027,1508.714111328125,1509.7740478515625,1.059842586517334,0.3020673662424087
84,109,193,train,True,0.0145329,1.249118047952652,1500.320584100485,1500.37255859375,1501.5697021484375,1.1971570253372192,0.051961022615432784
85,108,193,train,True,0.0216353,0.8144073709845543,1491.238937355578,1491.3321533203125,1492.0533447265625,0.7211893200874329,0.09321805089712143
86,107,193,train,True,0.0251093,0.32989573903381825,1481.4331657844036,1481.4395751953125,1481.7630615234375,0.3234710097312927,0.0064247293025255225
76,118,194,train,True,0.0024056,0.24323538415133952,1538.7911884439736,1538.8125,1539.034423828125,0.22189919650554657,0.021336187645792953
77,117,194,train,True,0.0013386,0.004335308177396655,1538.1027203558851,1538.126708984375,1538.1070556640625,-0.019669000059366226,0.024004308236762882
78,116,194,train,True,0.0005044,-0.09452521165367216,1539.6462830241537,1539.57275390625,1539.5517578125,-0.020948000252246857,-0.0735772114014253
79,115,194,train,True,0.0021146,0.09739010268356652,1536.2041235691913,1536.2421875,1536.301513671875,0.05926639959216118,0.038123703091405337
80,114,194,train,True,0.0028906,0.16725601628422737,1535.3349412493408,1535.431884765625,1535.502197265625,0.07030440121889114,0.09695161506533623
81,113,194,train,True,0.013968,0.626280061006546,1529.308656462431,1529.403076171875,1529.9349365234375,0.5318065881729126,0.09447347283363339
82,112,194,train,True,0.0174406,0.9903989198803902,1525.9121889707446,1525.89111328125,1526.902587890625,1.0114885568618774,-0.021089636981487248
83,111,194,train,True,0.0052574,1.3660936778783799,1516.7261914783717,1516.9239501953125,1518.09228515625,1.1683729887008667,0.19772068917751318
84,110,194,train,True,0.0129204,1.060812957882881,1510.959206573367,1511.1231689453125,1512.02001953125,0.8968281745910645,0.16398478329181665
85,109,194,train,True,0.0234934,1.1618134009838104,1499.9778350365161,1500.052734375,1501.1396484375,1.0870023965835571,0.07481100440025323
86,108,194,train,True,0.0166646,0.23745222821831702,1492.8208973811568,1492.8292236328125,1493.058349609375,0.22915659844875336,0.008295629769563662
76,119,195,train,True,0.055887,0.35689384281635284,1544.0388581103086,1543.960205078125,1544.395751953125,0.43544450402259827,-0.07855066120624543
77,118,195,train,True,0.001326,-0.0028942981909494845,1545.3662976185035,1545.358642578125,1545.3634033203125,0.004780000075697899,-0.007674298266647383
78,117,195,train,True,0.000507,-0.2034967451170087,1545.854619791992,1545.6778564453125,1545.651123046875,-0.02673500031232834,-0.17676174480468035
79,116,195,train,True,0.0011115,-0.23692054308950902,1544.5877506212146,1544.668701171875,1544.350830078125,-0.31787100434303284,0.08095046125352381
80,115,195,train,True,0.0231465,-0.02718182935146615,1542.3496915949765,1542.3326416015625,1542.322509765625,-0.010110000148415565,-0.017071829203050583
81,114,195,train,True,0.0111345,0.1966552720963955,1538.559570313841,1538.6922607421875,1538.7562255859375,0.06398650258779526,0.13266876950860024
82,113,195,train,True,0.0050895,0.8979658138751984,1533.521956061125,1533.49267578125,1534.419921875,0.927283525466919,-0.029317711591720585
83,112,195,train,True,0.0052845,1.0446976497769356,1526.7498580142856,1526.997802734375,1527.7945556640625,0.7968094944953918,0.24788815528154373
84,111,195,train,True,0.006045,1.1964026069641114,1519.2038659477234,1519.3065185546875,1520.4002685546875,1.0937775373458862,0.10262506961822515
85,110,195,train,True,0.0095745,0.9955480107665062,1510.695492028296,1510.8778076171875,1511.6910400390625,0.8131769895553589,0.18237102121114734
86,109,195,train,True,0.0516945,0.6480395513772964,1501.5906079095603,1501.574951171875,1502.2386474609375,0.6638004779815674,-0.015760926604270975
76,120,196,train,True,0.0400624,0.507843469530344,1550.8761897335946,1550.797119140625,1551.384033203125,0.5869004130363464,-0.07905694350600245
77,119,196,train,True,0.038416,0.03205778147326782,1551.2096414372768,1551.173095703125,1551.24169921875,0.06855479627847672,-0.036497014805208894
78,118,196,train,True,0.0005096,-0.28846918359398843,1553.7129076601566,1553.599853515625,1553.4244384765625,-0.17542119324207306,-0.11304799035191537
79,117,196,train,True,0.0029596,-0.43291685715317724,1551.3789617790283,1551.3116455078125,1550.946044921875,-0.3655388057231903,-0.06737805142998693
80,116,196,train,True,0.00294,-0.3573136643320322,1551.222059758082,1551.216552734375,1550.86474609375,-0.35172000527381897,-0.005593659058213241
81,115,196,train,True,0.0121128,-0.026202729222131894,1546.0736880807847,1546.1048583984375,1546.0474853515625,-0.057339999824762344,0.03113727060263045
82,114,196,train,True,0.0077028,0.5572007186710835,1543.151051234454,1543.174072265625,1543.708251953125,0.5340695977210999,0.023131120949983597
83,113,196,train,True,0.0244216,0.9098587149381637,1534.896049488187,1535.0526123046875,1535.805908203125,0.7533236145973206,0.15653510034084317
84,112,196,train,True,0.00539,0.9245949026942253,1529.5579490426182,1529.72998046875,1530.4825439453125,0.7526779770851135,0.17191692560911176
85,111,196,train,True,0.0302428,1.1907145714759826,1519.246541287899,1519.3919677734375,1520.437255859375,1.0452804565429688,0.14543411493301384
86,110,196,train,True,0.0140532,0.524737908244133,1512.632244513631,1512.7213134765625,1513.156982421875,0.43566399812698364,0.08907391011714938
77,120,197,train,True,0.0201137,0.1918834050744772,1558.0910755793004,1558.0731201171875,1558.282958984375,0.20994089543819427,-0.018057490363717066
78,119,197,train,True,0.0005319,-0.2707784871757031,1559.6174581746757,1559.4464111328125,1559.3466796875,-0.0996657982468605,-0.17111268892884257
79,118,197,train,True,0.0005516,-0.6075663045048714,1559.4049295857549,1559.384033203125,1558.79736328125,-0.5865955948829651,-0.02097070962190628
80,117,197,train,True,0.0032111,-0.5393571698665619,1558.0674333417417,1558.0020751953125,1557.528076171875,-0.4740194082260132,-0.06533776164054872
81,116,197,train,True,0.0135733,-0.3271494548767805,1555.0179453533142,1555.0338134765625,1554.6907958984375,-0.3429825007915497,0.015833045914769195
82,115,197,train,True,0.0048068,0.40592421546578406,1550.6835533235967,1550.642578125,1551.0894775390625,0.44690659642219543,-0.04098238095641138
83,114,197,train,True,0.0083331,0.5521054846048356,1544.5820497888326,1544.802001953125,1545.1341552734375,0.3321444094181061,0.21996107518672947
84,113,197,train,True,0.0098697,0.8875245201587677,1537.7583495032786,1537.7255859375,1538.6458740234375,0.9203208088874817,-0.032796288728713985
85,112,197,train,True,0.0079785,0.9375705870985985,1529.6639919129013,1529.9053955078125,1530.6015625,0.6961721777915955,0.24139840930700307
86,111,197,train,True,0.0161934,0.843864264190197,1521.1353837826848,1521.2574462890625,1521.979248046875,0.7218570113182068,0.12200725287199021
87,110,197,train,True,0.0564405,0.5258119910955429,1511.5381528526545,1511.7315673828125,1512.06396484375,0.33249199390411377,0.19331999719142912
78,120,198,train,True,0.0020988,-0.15294584500603378,1567.0679849075061,1567.001953125,1566.9150390625,-0.08693759888410568,-0.0660082461219281
79,119,198,train,True,0.0005346,-0.6877424886822701,1565.9134504964948,1565.8963623046875,1565.2257080078125,-0.6706650257110596,-0.01707746297121049
80,118,198,train,True,0.0004554,-0.6707636848092079,1566.5551630988716,1566.487548828125,1565.8843994140625,-0.6031336188316345,-0.06763006597757337
81,117,198,train,True,0.0075438,-0.49538265392184255,1562.3335174195468,1562.2796630859375,1561.838134765625,-0.44151780009269714,-0.05386485382914541
82,116,198,train,True,0.0087516,0.18831074764952063,1560.025434369538,1560.0360107421875,1560.2137451171875,0.177838996052742,0.010471751596778628
83,115,198,train,True,0.0275616,0.358448823094368,1552.5280257862805,1552.56005859375,1552.886474609375,0.32646459341049194,0.03198422968387604
84,114,198,train,True,0.017424,0.5492558811604976,1547.7988886500896,1547.8770751953125,1548.34814453125,0.47110220789909363,0.07815367326140399
85,113,198,train,True,0.0049104,0.9689448243379593,1538.265918456912,1538.3302001953125,1539.23486328125,0.9046692252159119,0.06427559912204739
86,112,198,train,True,0.0134244,0.64850505143404,1531.8630916282534,1532.0694580078125,1532.5115966796875,0.44214901328086853,0.2063560381531715
87,111,198,train,True,0.0311256,0.8712049636244774,1520.370128044188,1520.4791259765625,1521.2413330078125,0.7622146010398865,0.10899036258459094
77,122,199,train,True,0.0410537,0.47690545037388804,1570.3106922058762,1570.35009765625,1570.78759765625,0.43748658895492554,0.0394188614189625
78,121,199,train,True,0.0021691,-0.035893520906101914,1572.681157192781,1572.557861328125,1572.645263671875,0.08738110214471817,-0.12327462305082008
79,120,199,train,True,0.0005373,-0.6463014003634453,1573.5132447597384,1573.4805908203125,1572.866943359375,-0.6136420965194702,-0.032659303843975085
80,119,199,train,True,0.0005373,-0.747643763422966,1573.124352747798,1573.150634765625,1572.376708984375,-0.7739006280899048,0.026256864666938773
81,118,199,train,True,0.0279396,-0.6330977487564087,1570.924479584694,1570.881591796875,1570.2913818359375,-0.5901827216148376,-0.04291502714157103
82,117,199,train,True,0.0068257,0.06918625430203974,1567.3789338628856,1567.2716064453125,1567.4481201171875,0.1765166074037552,-0.10733035310171544
83,116,199,train,True,0.0106067,0.11710503547918051,1561.9136566832708,1562.05517578125,1562.03076171875,-0.024316800758242607,0.1414218362374231
84,115,199,train,True,0.0054327,0.39011619605124,1555.7274375148863,1555.7139892578125,1556.1175537109375,0.4035181999206543,-0.013402003869414314
85,114,199,train,True,0.0053929,0.6072094321250916,1548.386931192875,1548.51611328125,1548.994140625,0.4780282974243164,0.1291811347007752
86,113,199,train,True,0.0073033,0.8001189202070236,1540.4998078376054,1540.4703369140625,1541.2999267578125,0.8295968174934387,-0.029477897286415145
87,112,199,train,True,0.013731,0.7604476648569107,1531.1082046788931,1531.356689453125,1531.86865234375,0.5118799209594727,0.24856774389743808
78,122,200,train,True,0.02012,0.15258101142942906,1579.8420478948206,1579.8397216796875,1579.99462890625,0.15488000214099884,-0.002298990711569776
79,121,200,train,True,0.02672,-0.6334298995137214,1579.7487863448262,1579.6982421875,1579.1153564453125,-0.5830000042915344,-0.05042989522218699
80,120,200,train,True,0.00054,-0.6861411309242249,1581.2201987481117,1581.1790771484375,1580.5340576171875,-0.6451200246810913,-0.0410211062431336
81,119,200,train,True,0.00576,-0.7048002877831459,1577.9854399362207,1577.9407958984375,1577.2806396484375,-0.660040020942688,-0.04476026684045786
82,118,200,train,True,0.01,0.01692818085080944,1576.3784575613367,1576.362060546875,1576.3953857421875,0.03338000178337097,-0.01645182093256153
83,117,200,train,True,0.0227,-0.028636993413674646,1569.6597405090388,1569.6993408203125,1569.631103515625,-0.06827999651432037,0.039643003100645724
84,116,200,train,True,0.00758,0.1421865389496088,1565.4916025235505,1565.4881591796875,1565.6337890625,0.14565999805927277,-0.0034734591096639567
85,115,200,train,True,0.02446,0.4833879067003727,1556.6391706870497,1556.7520751953125,1557.12255859375,0.3704800009727478,0.11290790572762488
86,114,200,train,True,0.0058,0.4840181930363178,1550.9382230179012,1550.982177734375,1551.4222412109375,0.43998000025749207,0.04403819277882576
87,113,200,train,True,0.03052,0.955060537159443,1540.149797861278,1540.0657958984375,1541.1048583984375,1.0390599966049194,-0.08399945944547649
78,123,201,train,True,0.0501093,0.2734538707137108,1585.2464435902239,1585.0526123046875,1585.5198974609375,0.4673263132572174,-0.1938724425435066
79,122,201,train,True,0.003216,-0.39985674008727073,1586.9314729510247,1586.93017578125,1586.5316162109375,-0.3986152112483978,-0.0012415288388729073
80,121,201,train,True,0.0007236,-0.6780575522780419,1587.519366146028,1587.40966796875,1586.84130859375,-0.5684006810188293,-0.10965687125921253
81,120,201,train,True,0.0141906,-0.6834759575128555,1586.2135052543879,1586.1456298828125,1585.530029296875,-0.6156116724014282,-0.06786428511142728
82,119,201,train,True,0.0137484,-0.06393723517190665,1583.5296354773593,1583.4534912109375,1583.4656982421875,0.012181799858808517,-0.07611903503071517
83,118,201,train,True,0.0121806,-0.12297765599563718,1578.7013467966206,1578.8291015625,1578.578369140625,-0.25073128938674927,0.1277536333911121
84,117,201,train,True,0.0049446,0.013756088567897678,1573.2182995754947,1573.138916015625,1573.2320556640625,0.09315810352563858,-0.07940201495774091
85,116,201,train,True,0.0081807,0.16718546986579896,1566.508595780134,1566.6248779296875,1566.67578125,0.05092639848589897,0.11625907137989999
86,115,201,train,True,0.0101304,0.4418163315951824,1559.1436328871548,1559.1605224609375,1559.58544921875,0.4250026047229767,0.016813726872205725
87,114,201,train,True,0.0090852,0.6950270622968674,1550.6041672736405,1550.68212890625,1551.2991943359375,0.6170232892036438,0.0780037730932236
88,113,201,train,True,0.020301,0.7413652902841568,1541.6645184987783,1541.551513671875,1542.4058837890625,0.8543292284011841,-0.11296393811702732
78,124,202,train,True,0.025149,0.5412382955849171,1592.095968735665,1592.0753173828125,1592.63720703125,0.5618981719017029,-0.020659876316785786
79,123,202,train,True,0.0232906,-0.35966371014714243,1592.945601210147,1592.953857421875,1592.5859375,-0.36792001128196716,0.008256301134824728
80,122,202,train,True,0.000707,-0.46136497721076014,1595.2470095084607,1595.163818359375,1594.78564453125,-0.3782010078430176,-0.08316396936774256
81,121,202,train,True,0.0018382,-0.704630177617073,1593.0509436541795,1593.0166015625,1592.3463134765625,-0.6702612042427063,-0.03436897337436673
82,120,202,train,True,0.0037976,0.020405538957566024,1592.2026169219798,1592.1944580078125,1592.2230224609375,0.028598999604582787,-0.008193460647016763
83,119,202,train,True,0.0139986,-0.21115805007517338,1586.2248299250753,1586.2222900390625,1586.013671875,-0.208611398935318,-0.002546651139855388
84,118,202,train,True,0.0086658,-0.08172901238780468,1582.6300688561378,1582.630615234375,1582.54833984375,-0.08227059990167618,0.0005415875138714971
85,117,202,train,True,0.0275932,0.050613082041963936,1574.580490433583,1574.5018310546875,1574.631103515625,0.12923260033130646,-0.07861951828934252
86,116,202,train,True,0.0175134,0.12851095020771028,1569.3712449091672,1569.39892578125,1569.499755859375,0.10083640366792679,0.02767454653978349
87,115,202,train,True,0.0060398,0.6788926994800568,1559.13263073802,1559.240478515625,1559.8115234375,0.5709750056266785,0.10791769385337835
88,114,202,train,True,0.0150086,0.5094931596517562,1552.4437539106607,1552.48486328125,1552.9532470703125,0.46838319301605225,0.04110996663570399
79,124,203,train,True,0.0030856,0.007010501683107577,1599.757149654567,1599.8155517578125,1599.76416015625,-0.0513949990272522,0.05840550071035978
80,123,203,train,True,0.001624,-0.3953500445187092,1601.2892709429561,1601.1590576171875,1600.8939208984375,-0.2651084065437317,-0.1302416379749775
81,122,203,train,True,0.0011774,-0.5621776041388512,1600.9407176432014,1600.8687744140625,1600.3785400390625,-0.4901590049266815,-0.07201859921216969
82,121,203,train,True,0.0065569,-0.048127487753517925,1599.1654370580661,1599.111572265625,1599.1173095703125,0.005708999931812286,-0.05383648768533021
83,120,203,train,True,0.0127687,-0.18236482299864293,1594.9313882604986,1595.067626953125,1594.7490234375,-0.3186686038970947,0.1363037808984518
84,119,203,train,True,0.0046487,-0.15062011620029808,1590.1113134755753,1590.0712890625,1589.960693359375,-0.11052960157394409,-0.04009051462635399
85,118,203,train,True,0.0106169,-0.1142465334199369,1584.0797006349824,1584.1407470703125,1583.9654541015625,-0.17528609931468964,0.061039565894752734
86,117,203,train,True,0.0058058,0.051403869362547996,1577.418688904075,1577.3797607421875,1577.4700927734375,0.09032890200614929,-0.038925032643601296
87,116,203,train,True,0.0062321,0.3321192169189453,1569.447665939331,1569.5369873046875,1569.77978515625,0.24283240735530853,0.08928680956363677
88,115,203,train,True,0.0096831,0.6138450992107392,1560.9016578304768,1561.0296630859375,1561.5155029296875,0.4857954978942871,0.12804960131645204
80,124,204,train,True,0.00051,-0.02839123351732269,1608.6405738507049,1608.6512451171875,1608.6121826171875,-0.03908199816942215,0.01069076465209946
81,123,204,train,True,0.0011628,-0.5648741775751114,1607.5718321853876,1607.52490234375,1607.0069580078125,-0.5179551839828491,-0.04691899359226226
82,122,204,train,True,0.0011424,0.14198975248262286,1607.5275659115798,1607.5062255859375,1607.6695556640625,0.16334959864616394,-0.021359846163541085
83,121,204,train,True,0.00918,-0.2558991935104132,1602.260171654448,1602.260009765625,1602.0042724609375,-0.25570279359817505,-0.00019639991223813213
84,120,204,train,True,0.0100776,-0.11749026177451015,1599.1804785430245,1599.1727294921875,1599.06298828125,-0.10978920012712479,-0.007701061647385363
85,119,204,train,True,0.0226644,-0.17510611519217492,1591.9077721308172,1591.9246826171875,1591.732666015625,-0.191948801279068,0.01684268608689307
86,118,204,train,True,0.007446,-0.11279356744140387,1587.277222278379,1587.2371826171875,1587.1644287109375,-0.07275719940662384,-0.04003636803478003
87,117,204,train,True,0.024582,0.2422309233993292,1577.8559136078507,1577.87744140625,1578.09814453125,0.22070759534835815,0.02152332805097104
88,116,204,train,True,0.0089148,0.2788718714565039,1571.556943558231,1571.6412353515625,1571.8358154296875,0.19454480707645416,0.08432706438004972
80,125,205,train,True,0.003649,0.14905055878683926,1614.3564426052756,1614.3201904296875,1614.5054931640625,0.18533749878406525,-0.036286939997225987
81,124,205,train,True,0.00123,-0.3264908408373594,1615.1347183798998,1615.0709228515625,1614.8082275390625,-0.26269298791885376,-0.06379785291850565
82,123,205,train,True,0.001148,0.05502296357881278,1614.3179018411088,1614.2379150390625,1614.3729248046875,0.13498349487781525,-0.07996053129900246
83,122,205,train,True,0.0048175,-0.13659333480522037,1610.6522183348052,1610.7509765625,1610.515625,-0.2353689968585968,0.09877566205337643
84,121,205,train,True,0.0100655,-0.171334910094738,1606.4475800272821,1606.4244384765625,1606.2762451171875,-0.14814400672912598,-0.023190903365612026
85,120,205,train,True,0.012054,-0.20977180376648902,1601.0437561787664,1601.105224609375,1600.833984375,-0.27122700214385986,0.061455198377370845
86,119,205,train,True,0.005084,-0.14835361894220114,1595.076087993942,1595.048095703125,1594.927734375,-0.12043300271034241,-0.027920616231858736
87,118,205,train,True,0.007831,0.015195677869487554,1587.8112203377555,1587.8658447265625,1587.826416015625,-0.039434999227523804,0.05463067709701136
88,117,205,train,True,0.0227755,0.2630321911722422,1579.9231250353903,1579.9698486328125,1580.1861572265625,0.21629099547863007,0.046741195693612125
89,116,205,train,True,0.059327,0.5318834482133389,1570.8299329580366,1570.8846435546875,1571.36181640625,0.4771605134010315,0.05472293481230739
80,126,206,train,True,0.0204352,0.9083951777219772,1621.0743929082155,1621.0494384765625,1621.9827880859375,0.9333062171936035,-0.024911039471626317
81,125,206,train,True,0.0012772,-0.2834382814913988,1621.516958789304,1621.57470703125,1621.2335205078125,-0.3412114083766937,0.0577731268852949
82,124,206,train,True,0.0011536,0.39154482319951056,1622.314631934613,1622.3245849609375,1622.7061767578125,0.38162800669670105,0.009916816502809511
83,123,206,train,True,0.0076426,-0.21362923197448253,1617.7895569663494,1617.784912109375,1617.575927734375,-0.2090294063091278,-0.004599825665354718
84,122,206,train,True,0.004017,-0.03582370615215041,1615.187435034277,1615.1630859375,1615.151611328125,-0.011443800292909145,-0.024379905859241262
85,121,206,train,True,0.0135342,-0.24698736533522606,1608.6472559200226,1608.6314697265625,1608.4002685546875,-0.23112240433692932,-0.015864960998296734
86,120,206,train,True,0.0085902,-0.18749527305364608,1604.5744581636786,1604.5426025390625,1604.386962890625,-0.1555902063846588,-0.031905066668987264
87,119,206,train,True,0.02781,-0.030029669448267668,1595.9687503725734,1595.8741455078125,1595.938720703125,0.06450740247964859,-0.09453707192791626
88,118,206,train,True,0.0180044,0.035384267764166,1590.2309731541109,1590.2794189453125,1590.266357421875,-0.012976800091564655,0.048361067855730654
89,117,206,train,True,0.065096,0.49650038793683055,1579.5556236355008,1579.577880859375,1580.0521240234375,0.4742172062397003,0.022283181697130228
80,127,207,train,True,0.029808,0.6421515357494354,1624.599913893938,1624.6624755859375,1625.2420654296875,0.579581618309021,0.0625699174404144
81,126,207,train,True,0.0054441,0.4994718877971172,1628.2893464715778,1628.4271240234375,1628.788818359375,0.3616347014904022,0.137837186306715
82,125,207,train,True,0.0011385,0.18369519874453544,1629.018819449693,1629.0623779296875,1629.2025146484375,0.14015519618988037,0.043540002554655066
83,124,207,train,True,0.0024012,-0.014783254843205213,1625.8619512235932,1625.882568359375,1625.84716796875,-0.03539710119366646,0.020613846350461245
84,123,207,train,True,0.0066654,-0.08906556000001728,1622.23896790375,1622.19140625,1622.14990234375,-0.04149379953742027,-0.04757176046259701
85,122,207,train,True,0.0123993,-0.19093679301440716,1617.4435002695768,1617.4908447265625,1617.2525634765625,-0.23821710050106049,0.04728030748665332
86,121,207,train,True,0.0047403,-0.2081061577796936,1612.1384040093421,1612.11572265625,1611.9302978515625,-0.18543089926242828,-0.022675258517265318
87,120,207,train,True,0.0175536,-0.1289242026209831,1605.5418880698085,1605.547607421875,1605.4129638671875,-0.13466230034828186,0.0057380977272987466
88,119,207,train,True,0.0582912,0.0276088416390121,1598.3631382286735,1598.40234375,1598.3907470703125,-0.011612099595367908,0.03922094123438001
89,118,207,train,True,0.0562419,0.24703943952918053,1589.936310169846,1589.9876708984375,1590.183349609375,0.19567930698394775,0.05136013254523278
80,128,208,train,True,0.0307424,0.6167296472191811,1629.5257264074683,1629.5118408203125,1630.1424560546875,0.6305888295173645,-0.013859182298183392
81,127,208,train,True,0.0018512,0.2192200783267617,1632.2079039451107,1632.214111328125,1632.4271240234375,0.21293200552463531,0.006288072802126399
82,126,208,train,True,0.001144,0.8289746934175491,1636.4738817518949,1636.43017578125,1637.3028564453125,0.8725759983062744,-0.04360130488872527
83,125,208,train,True,0.0023088,-0.10154565097764134,1632.7990554166026,1632.76953125,1632.697509765625,-0.0720072016119957,-0.029538449365645647
84,124,208,train,True,0.001664,0.19119402341544628,1630.5910325390846,1630.586181640625,1630.7822265625,0.1959856003522873,-0.004791576936841013
85,123,208,train,True,0.0089232,-0.217084496691823,1624.8190132076293,1624.8045654296875,1624.6019287109375,-0.20266319811344147,-0.014421298578381536
86,122,208,train,True,0.0101712,-0.1544600937142968,1621.2941085312143,1621.2076416015625,1621.1396484375,-0.0681023970246315,-0.08635769668966531
87,121,208,train,True,0.011648,-0.1534120685234666,1613.4556581622735,1613.4349365234375,1613.30224609375,-0.1325879991054535,-0.020824069418013097
88,120,208,train,True,0.0090272,-0.07694357150234282,1608.292885954315,1608.2596435546875,1608.2159423828125,-0.04368159919977188,-0.03326197230257094
89,119,208,train,True,0.06448,0.21984665602445602,1598.4278584221006,1598.4444580078125,1598.647705078125,0.20328879356384277,0.01655786246061325
90,118,208,train,True,0.0318656,0.2252397321909666,1591.6451215959341,1591.73486328125,1591.870361328125,0.13550719618797302,0.08973253600299358
81,128,209,train,True,0.0061028,0.2111706018075347,1637.027232718505,1637.18017578125,1637.2384033203125,0.05823890119791031,0.15293170060962438
82,127,209,train,True,0.0017556,0.4625166219472885,1640.3696366983652,1640.3675537109375,1640.8321533203125,0.4645008146762848,-0.0019841927289963035
83,126,209,train,True,0.0013585,0.5059413070976734,1640.2098790054024,1640.229248046875,1640.7158203125,0.486537903547287,0.01940340355038639
84,125,209,train,True,0.0017765,0.03559547113487497,1637.51591820074,1637.5543212890625,1637.551513671875,-0.0028337999247014523,0.03842927105957642
85,124,209,train,True,0.0047443,-0.07274655212648212,1633.266960419314,1633.289794921875,1633.1942138671875,-0.095551498234272,0.02280494610778988
86,123,209,train,True,0.0099693,-0.15950783725827933,1628.606407251321,1628.564697265625,1628.4468994140625,-0.11777950078248978,-0.04172833647578955
87,122,209,train,True,0.011495,-0.16336694568395616,1622.6730105003714,1622.6234130859375,1622.5096435546875,-0.11383649706840515,-0.049530448615551004
88,121,209,train,True,0.0057475,-0.08043787682428956,1616.1817562361994,1616.20068359375,1616.101318359375,-0.09939929842948914,0.018961421605199577
89,120,209,train,True,0.0558448,0.06960595135577023,1608.4373520564568,1608.4317626953125,1608.5069580078125,0.0752905011177063,-0.005684549761936067
81,129,210,train,True,0.011613,-0.09128321792930365,1640.9090322413667,1640.8536376953125,1640.8177490234375,-0.035989999771118164,-0.055293218158185484
82,128,210,train,True,0.001449,0.5002554135024547,1645.5251352114976,1645.552734375,1646.025390625,0.4726240038871765,0.027631409615278213
83,127,210,train,True,0.001365,0.12430897758342326,1644.658772077104,1644.8338623046875,1644.7830810546875,-0.05080400034785271,0.17511297793127595
84,126,210,train,True,0.001155,0.694576995074749,1645.2321808174252,1645.212646484375,1645.9267578125,0.7140979766845703,-0.019520981609821297
85,125,210,train,True,0.007686,-0.12608798790723086,1640.4366348629073,1640.4493408203125,1640.310546875,-0.13889800012111664,0.01281001221388578
86,124,210,train,True,0.004557,0.03225677251815796,1637.3609317040443,1637.2996826171875,1637.3931884765625,0.09348700195550919,-0.06123022943735123
87,123,210,train,True,0.013419,-0.1744245783239603,1630.3353132501989,1630.256103515625,1630.160888671875,-0.09520299732685089,-0.07922158099710941
88,122,210,train,True,0.009198,-0.09629236937500536,1625.7538851428126,1625.6873779296875,1625.6575927734375,-0.029827000573277473,-0.06646536880172789
89,121,210,train,True,0.062202,0.05513393213506788,1616.6761893100525,1616.5838623046875,1616.7313232421875,0.14747799932956696,-0.09234406719449909
90,120,210,train,True,0.0189,0.10979529510252178,1610.45819786896,1610.506103515625,1610.5679931640625,0.061955999583005905,0.04783929551951588
81,130,211,train,True,0.0419257,-0.14455655142664908,1645.6765389733016,1645.7559814453125,1645.531982421875,-0.2240065038204193,0.07944995239377023
82,129,211,train,True,0.0022577,0.07717949610669166,1649.4175714804558,1649.388671875,1649.4947509765625,0.10603310167789459,-0.028853605571202937
83,128,211,train,True,0.0054438,0.11484277918934822,1649.9525400333107,1649.972412109375,1650.0673828125,0.09498050063848495,0.01986227855086327
84,127,211,train,True,0.001266,0.283163338303566,1649.7899567788838,1649.763427734375,1650.0731201171875,0.3096337914466858,-0.0264704531431198
85,126,211,train,True,0.0027219,0.4848757055401802,1648.1409787866473,1648.19580078125,1648.6258544921875,0.43000051379203796,0.05487519174814226
86,125,211,train,True,0.0068153,-0.045295871885609816,1644.4947587625106,1644.5216064453125,1644.449462890625,-0.07209320366382599,0.026797331778216173
87,124,211,train,True,0.0119848,-0.07861872774548828,1639.1648003683704,1639.124267578125,1639.086181640625,-0.03803430125117302,-0.04058442649431526
88,123,211,train,True,0.0049585,-0.09094426334835588,1633.3778094977233,1633.3697509765625,1633.286865234375,-0.08281569927930832,-0.008128564069047564
89,122,211,train,True,0.0537628,-0.012289024437777699,1626.3158778916252,1626.2757568359375,1626.3035888671875,0.027852000668644905,-0.040141025106422604
90,121,211,train,True,0.0860669,0.13189463317394257,1618.6743797808886,1618.760498046875,1618.8062744140625,0.04582339897751808,0.08607123419642448
91,120,211,train,True,0.0694823,0.3127162279933691,1609.817288654819,1609.80224609375,1610.1300048828125,0.32769718766212463,-0.014980959668755511
82,130,212,train,True,0.0018444,-0.018249132400378586,1654.6232296011503,1654.515869140625,1654.60498046875,0.08909639716148376,-0.10734552956186236
83,129,212,train,True,0.0018444,-0.2351607955247164,1654.3098678267747,1654.3026123046875,1654.07470703125,-0.2278680056333542,-0.0072927898913622
84,128,212,train,True,0.0011448,0.17531872909516097,1655.7171373255924,1655.771728515625,1655.8924560546875,0.12071440368890762,0.054604325406253346
85,127,212,train,True,0.0023956,0.0803351207729429,1653.205797691727,1653.248046875,1653.2861328125,0.038019999861717224,0.042315120911225676
86,126,212,train,True,0.0031164,0.5917810486257076,1652.5250402404367,1652.496826171875,1653.1168212890625,0.6199843883514404,-0.028203339725732857
87,125,212,train,True,0.0087768,-0.09585287421010434,1646.5803499445226,1646.5712890625,1646.4844970703125,-0.08674599975347519,-0.009106874456629152
88,124,212,train,True,0.0102608,0.026004443706478923,1642.5341762203561,1642.4716796875,1642.5601806640625,0.08854640275239944,-0.06254195904592053
89,123,212,train,True,0.0218784,-0.021853989430819638,1634.2927280128683,1634.19091796875,1634.2708740234375,0.07994519919157028,-0.10179918862238992
90,122,212,train,True,0.0101124,0.05658085018396378,1628.6640002045035,1628.5972900390625,1628.7205810546875,0.1232864037156105,-0.06670555353164673
91,121,212,train,True,0.0875984,0.31310385674238206,1618.3862369635701,1618.329345703125,1618.6993408203125,0.36997321248054504,-0.056869355738162986
81,132,213,train,True,0.0270084,-0.392664382904768,1654.0512337188422,1654.036865234375,1653.6585693359375,-0.37822431325912476,-0.014440069645643261
82,131,213,train,True,0.0069438,-0.33757407024502756,1658.344898288995,1658.241943359375,1658.00732421875,-0.23459160327911377,-0.10298246696591379
83,130,213,train,True,0.0050907,-0.30127256132662295,1659.5622588894516,1659.4876708984375,1659.260986328125,-0.2266221046447754,-0.07465045668184755
84,129,213,train,True,0.0030459,-0.21655086889863015,1660.181272548586,1660.1270751953125,1659.9647216796875,-0.16241200268268585,-0.0541388662159443
85,128,213,train,True,0.004899,-0.08164868840016425,1659.2800129462128,1659.270751953125,1659.1983642578125,-0.07236679643392563,-0.009281891966238617
86,127,213,train,True,0.0033654,0.202116512209177,1657.6570143471658,1657.6048583984375,1657.859130859375,0.25424879789352417,-0.05213228568434716
87,126,213,train,True,0.0047073,0.47337092652916907,1654.6394220422208,1654.6807861328125,1655.11279296875,0.43203410506248474,0.041336821466684326
88,125,213,train,True,0.0098193,0.011015998614020646,1649.907441032636,1649.9986572265625,1649.91845703125,-0.08016379922628403,0.09117979784030467
89,124,213,train,True,0.0116724,0.026506709647364915,1643.5167061809777,1643.4208984375,1643.543212890625,0.12235960364341736,-0.09585289399605244
90,123,213,train,True,0.0092229,0.07289278932847082,1636.613020296609,1636.659423828125,1636.6859130859375,0.026489000767469406,0.04640378856100141
91,122,213,train,True,0.0571692,0.1995467387139797,1628.450111464411,1628.343017578125,1628.649658203125,0.3066248893737793,-0.10707815065979959
82,132,214,train,True,0.0019688,-0.4439212253689766,1663.4755374363065,1663.2926025390625,1663.0316162109375,-0.2610369920730591,-0.18288423329591752
83,131,214,train,True,0.0112136,-0.4738123673200607,1663.6770594376326,1663.528076171875,1663.2032470703125,-0.324737012386322,-0.1490753549337387
84,130,214,train,True,0.0014552,-0.31575498439371585,1666.0037432656436,1666.014892578125,1665.68798828125,-0.32688820362091064,0.01113321922719479
85,129,214,train,True,0.0039804,-0.3511659317463636,1664.1368104629964,1664.1417236328125,1663.78564453125,-0.3560248017311096,0.004858869984745995
86,128,214,train,True,0.0091806,-0.05325324038974941,1664.3356018732022,1664.2999267578125,1664.2823486328125,-0.017492199316620827,-0.03576104107312858
87,127,214,train,True,0.0085172,0.11315090511925519,1660.2319418683182,1660.15625,1660.3450927734375,0.18888980150222778,-0.0757388963829726
88,126,214,train,True,0.005243,0.5572648291289807,1658.336533998996,1658.32275390625,1658.893798828125,0.5710133910179138,-0.013748561888933142
89,125,214,train,True,0.0135462,0.04541061490541324,1651.1931147757196,1651.199951171875,1651.238525390625,0.03859639912843704,0.006814215776976197
90,124,214,train,True,0.0106572,0.1279595134779811,1646.1712348224596,1646.1558837890625,1646.2991943359375,0.14329780638217926,-0.015338292904198164
91,123,214,train,True,0.081213,0.1929394319653511,1636.752983419597,1636.608642578125,1636.9459228515625,0.33730819821357727,-0.14436876624822617
82,133,215,train,True,0.052675,-0.6110821464657783,1666.9709454277158,1666.8387451171875,1666.35986328125,-0.4787915050983429,-0.1322906413674354
83,132,215,train,True,0.005633,-0.522448982000351,1668.8110232007502,1668.769287109375,1668.28857421875,-0.48070549964904785,-0.041743482351303096
84,131,215,train,True,0.0021285,-0.4494777841866016,1670.1307521982492,1670.157958984375,1669.6812744140625,-0.4767119884490967,0.027234204262495065
85,130,215,train,True,0.006622,-0.4095513164997101,1669.9985405743123,1670.0904541015625,1669.5889892578125,-0.5014805197715759,0.09192920327186582
86,129,215,train,True,0.0060845,-0.32693007729947565,1669.2656507804245,1669.2205810546875,1668.938720703125,-0.281825989484787,-0.045104087814688665
87,128,215,train,True,0.0070735,-0.1564395635575056,1667.02081944637,1666.9510498046875,1666.8643798828125,-0.08665049821138382,-0.06978906534612178
88,127,215,train,True,0.0072025,0.212586235627532,1663.998473334685,1663.954833984375,1664.2110595703125,0.25624650716781616,-0.04366027154028415
89,126,215,train,True,0.0124055,0.5146496324241161,1659.6791980238258,1659.6739501953125,1660.19384765625,0.5198544859886169,-0.005204853564500844
90,125,215,train,True,0.0063425,0.16872169258072972,1653.8057656121068,1654.000732421875,1653.9744873046875,-0.026218999177217484,0.1949406917579472
91,124,215,train,True,0.0824525,0.20122205697000026,1646.37592638053,1646.335205078125,1646.5771484375,0.24194049835205078,-0.040718441382050524
92,123,215,train,False,0.104146,0.2778054575622082,1638.3751486440003,1638.4681396484375,1638.6529541015625,0.18474850058555603,0.09305695697665217
83,133,216,train,True,0.0111888,-0.5562807455658912,1672.7142397299408,1672.595947265625,1672.157958984375,-0.43801361322402954,-0.1182671323418617
84,132,216,train,True,0.0018144,-0.45330127358436584,1675.7848442423344,1675.9052734375,1675.33154296875,-0.5736280083656311,0.12032673478126527
85,131,216,train,True,0.0035856,-0.41610427796840666,1674.7144441217183,1674.6485595703125,1674.29833984375,-0.35021838545799255,-0.0658858925104141
86,130,216,train,True,0.0057672,-0.371740276068449,1675.732702190131,1675.8695068359375,1675.3609619140625,-0.5085448026657104,0.13680452659726144
87,129,216,train,True,0.0041688,-0.33899172067642214,1672.3526635956764,1672.3695068359375,1672.013671875,-0.35578081011772156,0.01678908944129942
88,128,216,train,True,0.0080136,-0.1030669098906219,1671.3214506989532,1671.2667236328125,1671.2183837890625,-0.04829280078411102,-0.05477410910651087
89,127,216,train,True,0.0092232,0.2079920394718647,1665.7711339370906,1665.6260986328125,1665.9791259765625,0.3530096113681793,-0.14501757189631462
90,126,216,train,True,0.0111024,0.5833486039936543,1662.6885019819438,1662.6949462890625,1663.2718505859375,0.5768728256225586,0.006475778371095697
91,125,216,train,True,0.0246456,0.2571597059071064,1654.327312950343,1654.3873291015625,1654.58447265625,0.1971704065799713,0.05998929932713509
92,124,216,train,True,0.0281016,0.29110870137810707,1648.3291305564344,1648.3623046875,1648.6202392578125,0.25784480571746826,0.03326389566063881
83,134,217,train,True,0.0177072,-0.6055122727155685,1677.7407661789655,1677.811279296875,1677.13525390625,-0.6760547161102295,0.07054244339466098
84,133,217,train,True,0.0065534,-0.40900368928909303,1679.8189157986642,1679.8753662109375,1679.409912109375,-0.4655238091945648,0.05652011990547179
85,132,217,train,True,0.004991,-0.33445230454206465,1680.6189982029796,1680.5819091796875,1680.2845458984375,-0.29733240604400635,-0.0371198984980583
86,131,217,train,True,0.0041881,-0.3311857461929321,1680.6875089883804,1680.53564453125,1680.3563232421875,-0.1793029010295868,-0.15188284516334533
87,130,217,train,True,0.0065317,-0.3370615643262863,1679.0670420330762,1679.09716796875,1678.72998046875,-0.36717501282691956,0.030113448500633244
88,129,217,train,True,0.0070525,-0.2798889887332916,1676.7195862543583,1676.739990234375,1676.439697265625,-0.3002474009990692,0.020358412265777615
89,128,217,train,True,0.0112189,-0.10658537512645125,1673.1930111563765,1673.144775390625,1673.08642578125,-0.058421600610017776,-0.04816377451643347
90,127,217,train,True,0.0106113,0.28801005430519583,1668.8571315472573,1668.8590087890625,1669.1451416015625,0.28609350323677063,0.0019165510684251985
91,126,217,train,True,0.0124992,0.5784879373013974,1663.3043245626986,1663.2276611328125,1663.8828125,0.6550953984260559,-0.07660746112465855
83,135,218,train,True,0.0270102,-0.5497170506417751,1681.4742775975167,1681.396484375,1680.924560546875,-0.4720039963722229,-0.07771305426955222
84,134,218,train,True,0.001962,-0.4087616980075836,1685.438913065195,1685.4735107421875,1685.0301513671875,-0.443340003490448,0.03457830548286439
85,133,218,train,True,0.0115104,-0.1483912844955921,1685.084304370433,1684.9476318359375,1684.9359130859375,-0.011714999563992023,-0.13667628493160008
86,132,218,train,True,0.0023108,-0.21347912177443504,1687.1260767780245,1687.048095703125,1686.91259765625,-0.1354885995388031,-0.07799052223563194
87,131,218,train,True,0.0042292,-0.20427008472383024,1684.4785620769114,1684.4237060546875,1684.2742919921875,-0.14941740036010742,-0.054852684363722815
88,130,218,train,True,0.00981,-0.2623734240233898,1684.0524124865233,1684.0552978515625,1683.7900390625,-0.26525381207466125,0.002880388051271443
89,129,218,train,True,0.0576174,-0.23117402650415897,1679.0088839874415,1679.067626953125,1678.7777099609375,-0.2899099886417389,0.05873596213757992
90,128,218,train,True,0.0105076,-0.03959061071567703,1676.7569978372783,1676.7694091796875,1676.7174072265625,-0.05196680128574371,0.012376190570066684
91,127,218,train,True,0.0178542,0.3221157955378294,1669.8789340091496,1669.7042236328125,1670.2010498046875,0.4969170093536377,-0.17480121381580832
92,126,218,train,True,0.0137122,0.6180931401252746,1665.6437476801873,1665.6767578125,1666.2618408203125,0.5850362181663513,0.03305692195892329
84,135,219,train,True,0.0158337,-0.30046819858253004,1689.1849896829576,1689.2200927734375,1688.884521484375,-0.33564600348472595,0.03517780490219591
85,134,219,train,True,0.0032412,-0.03485059058526531,1690.6940302780852,1690.72314453125,1690.6591796875,-0.06394299864768982,0.02909240806242451
86,133,219,train,True,0.0021024,-0.0016141101368702948,1691.6584744616994,1691.5074462890625,1691.6568603515625,0.14943039417266846,-0.15104450430953875
87,132,219,train,True,0.0068766,-0.03510319522349164,1690.9867633514734,1690.9375,1690.95166015625,0.014077899977564812,-0.04918109520105645
88,131,219,train,True,0.0068109,-0.08948293034918606,1689.5347954303493,1689.3782958984375,1689.4453125,0.06703600287437439,-0.15651893322356045
89,130,219,train,True,0.0514869,-0.16571357782930135,1686.4607575231419,1686.420166015625,1686.2950439453125,-0.12520909309387207,-0.04050448473542928
90,129,219,train,True,0.0564582,-0.15397691570222377,1682.6376194938273,1682.74462890625,1682.483642578125,-0.2609444856643677,0.1069675699621439
91,128,219,train,True,0.0697077,0.012549209408462048,1677.862817001529,1677.841796875,1677.8753662109375,0.033552300184965134,-0.021003090776503086
92,127,219,train,True,0.0133371,0.38092510238289834,1672.2891188429296,1672.3468017578125,1672.6700439453125,0.3233126997947693,0.05761240258812905
93,126,219,train,True,0.0919581,0.6173423461616039,1665.5684486694634,1665.4234619140625,1666.185791015625,0.7623692154884338,-0.14502686932682995
84,136,220,train,True,0.017688,-0.4153137716650963,1694.68215947479,1694.7093505859375,1694.266845703125,-0.44256800413131714,0.02725423246622083
85,135,220,train,True,0.01397,0.13960504295304418,1694.942914488297,1694.814697265625,1695.08251953125,0.26777398586273193,-0.12816894290968775
86,134,220,train,True,0.001804,0.10823189843446017,1697.837935093753,1697.796142578125,1697.9461669921875,0.15005600452423096,-0.04182410608977079
87,133,220,train,True,0.004026,0.14267347153276205,1696.0981712550297,1696.1434326171875,1696.2408447265625,0.09743999689817429,0.04523347463458777
88,132,220,train,True,0.00759,0.07489934998564422,1696.5886748687644,1696.5712890625,1696.66357421875,0.09226199984550476,-0.017362649859860538
89,131,220,train,True,0.006138,0.041830941690132024,1692.4285059723725,1692.3173828125,1692.4703369140625,0.15297000110149384,-0.11113905941136182
90,130,220,train,True,0.013684,-0.08218022526940331,1690.5721704596444,1690.5892333984375,1690.489990234375,-0.09920799732208252,0.017027772052679205
91,129,220,train,True,0.014652,-0.06771673500537873,1684.158414977193,1684.218017578125,1684.0906982421875,-0.12730799615383148,0.05959126114845276
93,127,220,train,True,0.030712,0.42188583135604857,1672.5961805748939,1672.4566650390625,1673.01806640625,0.5614240169525146,-0.13953818559646608
84,137,221,train,True,0.0195585,-0.30641989469528197,1698.2104726290702,1698.2703857421875,1697.904052734375,-0.3662894070148468,0.05986951231956483
85,136,221,train,True,0.0139672,0.15342494755983352,1700.3963797399401,1700.47900390625,1700.5498046875,0.0707366019487381,0.08268834561109542
86,135,221,train,True,0.0057239,0.2626654216647148,1702.1828912189603,1702.008056640625,1702.445556640625,0.4374038875102997,-0.1747384658455849
87,134,221,train,True,0.0048841,0.26320013277232646,1702.3709551406653,1702.4197998046875,1702.6341552734375,0.21435880661010742,0.048841326162219034
88,133,221,train,True,0.004641,0.24517075151205062,1701.801704248488,1701.950927734375,1702.046875,0.09602080285549164,0.14914994865655898
89,132,221,train,True,0.0569075,0.218267154507339,1699.5913031579926,1699.601318359375,1699.8095703125,0.20823809504508972,0.010029059462249273
90,131,221,train,True,0.0080002,0.1462652938812971,1696.6280266983063,1696.41015625,1696.7742919921875,0.36415600776672363,-0.21789071388542652
91,130,221,train,True,0.0593827,0.03307959000696428,1692.1169448240555,1692.1927490234375,1692.1500244140625,-0.042778901755809784,0.07585849176277407
92,129,221,train,True,0.0721344,0.018457144321873783,1687.0632078947406,1687.265380859375,1687.0816650390625,-0.18366290628910065,0.20212005061097443
84,138,222,train,True,0.0400488,-0.4561671034991741,1703.5095118300617,1703.629150390625,1703.0533447265625,-0.5757988095283508,0.11963170602917672
85,137,222,train,True,0.0158286,0.2561847036331892,1704.4958904916793,1704.380126953125,1704.7520751953125,0.37200841307640076,-0.11582370944321158
86,136,222,train,True,0.0019536,0.30160636849701405,1708.174223709628,1708.1788330078125,1708.475830078125,0.29699981212615967,0.004606556370854387
87,135,222,train,True,0.0074592,0.37190358966588977,1707.3036335197091,1707.390380859375,1707.675537109375,0.28517720103263855,0.08672638863325122
88,134,222,train,True,0.0044622,0.3519255980849266,1708.62732244879,1708.6658935546875,1708.979248046875,0.31333181262016296,0.038593785464763664
89,133,222,train,True,0.0047064,0.35485768899321557,1705.3570563735068,1705.5819091796875,1705.7119140625,0.12996700406074524,0.22489068493247033
90,132,222,train,True,0.010212,0.3203825133293867,1704.3081575257331,1704.2183837890625,1704.6285400390625,0.41025760769844055,-0.08987509436905383
91,131,222,train,True,0.0866022,0.26518358297646044,1698.665114268586,1698.57470703125,1698.9302978515625,0.3556194007396698,-0.09043581776320936
92,130,222,train,True,0.0519924,0.10829054098343477,1695.3917094590165,1695.5838623046875,1695.5,-0.08385220170021057,0.19214274268364534
93,129,222,train,True,0.0380508,0.14118897311389447,1687.819504386261,1687.7996826171875,1687.960693359375,0.16101139783859253,-0.019822424724698057
85,138,223,train,True,0.0139821,0.12436731418594718,1709.8449930373765,1709.9764404296875,1709.9693603515625,-0.007021099794656038,0.13138841398060322
86,137,223,train,True,0.0078273,0.37160708993673325,1712.3635003319382,1712.2322998046875,1712.735107421875,0.5027440190315247,-0.1311369290947914
87,136,223,train,True,0.0019401,0.4201373656094074,1713.3716106812656,1713.4573974609375,1713.791748046875,0.3343935012817383,0.08574386432766912
88,135,223,train,True,0.0020962,0.42812869921326635,1713.6694054804743,1713.8240966796875,1714.0975341796875,0.2733477056026459,0.15478099361062048
89,134,223,train,True,0.0069576,0.44728801980614663,1712.3008809255064,1712.449951171875,1712.7481689453125,0.298218309879303,0.14906970992684365
90,133,223,train,True,0.0079388,0.45904357329010964,1710.1648577938975,1710.1072998046875,1710.6239013671875,0.5166001915931702,-0.057556618303060525
91,132,223,train,True,0.0756416,0.4423719967901707,1706.4602158938349,1706.3726806640625,1706.902587890625,0.5298588871955872,-0.08748689040541646
92,131,223,train,True,0.0590504,0.35612991511821745,1702.0311991864444,1701.8826904296875,1702.3873291015625,0.504574716091156,-0.14844480097293855
93,130,223,train,True,0.0828668,0.24301220335066318,1696.0909721716494,1696.487060546875,1696.333984375,-0.15308420360088348,0.3960964069515467
85,139,224,train,True,0.0223552,0.12339622240513563,1713.8313156916574,1713.7647705078125,1713.9547119140625,0.18997040390968323,-0.0665741815045476
86,138,224,train,True,0.0098112,0.2990582352131605,1718.2122943038494,1718.248291015625,1718.5113525390625,0.2630864083766937,0.03597182683646677
87,137,224,train,True,0.0111776,0.4569878172874451,1718.1350531983376,1718.1624755859375,1718.592041015625,0.42966800928115845,0.02731980800628664
88,136,224,train,True,0.0018144,0.4551452976465225,1720.295709194541,1720.3028564453125,1720.7508544921875,0.44791358709335327,0.007231710553169235
89,135,224,train,True,0.0040992,0.48106894105672837,1717.9024759808183,1718.1121826171875,1718.383544921875,0.27128881216049194,0.20978012889623643
90,134,224,train,True,0.0096096,0.5321119411289692,1717.6420823948085,1717.5684814453125,1718.1741943359375,0.6057711839675903,-0.07365924283862113
91,133,224,train,True,0.0075936,0.5579377968609333,1712.8339079062641,1712.9193115234375,1713.391845703125,0.47259119153022766,0.0853466053307056
92,132,224,train,True,0.0152544,0.5213591980934144,1710.3282501769065,1710.256591796875,1710.849609375,0.5929791927337646,-0.07161999464035029
93,131,224,train,True,0.0289184,0.4758667926490307,1703.2154173870385,1703.1846923828125,1703.6912841796875,0.5065832138061523,-0.030716421157121643
86,139,225,train,True,0.0111375,0.27031222231686114,1722.2683840667457,1722.2305908203125,1722.5386962890625,0.3081274926662445,-0.03781527034938337
87,138,225,train,True,0.01197,0.42610546708106994,1724.0112724626065,1724.1617431640625,1724.4373779296875,0.27562999725341797,0.15047546982765198
88,137,225,train,True,0.0025875,0.4593721015751362,1725.1507353202999,1725.20703125,1725.610107421875,0.40311500430107117,0.05625709727406503
89,136,225,train,True,0.0047475,0.486637931317091,1724.637141365558,1724.7803955078125,1725.123779296875,0.3434149920940399,0.14322293922305107
90,135,225,train,True,0.005085,0.5388734048604965,1723.3476012045146,1723.3251953125,1723.886474609375,0.561347484588623,-0.02247407972812654
91,134,225,train,True,0.0818775,0.6049083289504051,1720.4402576866746,1720.496337890625,1721.045166015625,0.5488600134849548,0.056048315465450305
92,133,225,train,True,0.009945,0.6366689455509186,1716.7942392575742,1716.6986083984375,1717.430908203125,0.7322674989700317,-0.09559855341911316
93,132,225,train,True,0.09162,0.6166007712483406,1711.6540291115641,1711.670166015625,1712.2706298828125,0.6004024744033813,0.016198296844959215
86,140,226,train,True,0.0104864,0.0173948026727885,1728.0505983613898,1728.0888671875,1728.0679931640625,-0.020840799435973167,0.03823560210876167
87,139,226,train,True,0.0062376,0.39116080552339555,1728.6095716163516,1728.533203125,1729.000732421875,0.46754321455955505,-0.0763824090361595
88,138,226,train,True,0.001921,0.436086455732584,1731.55426998958,1731.603759765625,1731.9903564453125,0.38662639260292053,0.049460063129663445
89,137,226,train,True,0.0030962,0.45037111088633536,1730.048774396926,1730.1798095703125,1730.4991455078125,0.31930720806121826,0.1310639028251171
90,136,226,train,True,0.0044748,0.5340660519897937,1730.6047278933227,1730.509033203125,1731.1387939453125,0.6297929883003235,-0.09572693631052975
91,135,226,train,True,0.0112096,0.5721401631832123,1726.6783481180669,1726.8907470703125,1727.25048828125,0.3597981929779053,0.21234197020530698
92,134,226,train,True,0.011074,0.6662651932239533,1724.906976994276,1724.8131103515625,1725.5732421875,0.7600483894348145,-0.09378319621086117
93,133,226,train,False,0.1020616,0.7004857623577118,1718.6214136517049,1718.542724609375,1719.3218994140625,0.7791635990142822,-0.07867783665657047
86,141,227,train,True,0.0140967,-0.1775620275363326,1732.043895035349,1732.021484375,1731.8663330078125,-0.15523159503936768,-0.022330432496964925
87,140,227,train,True,0.005902,0.25620729073882104,1734.3258239592612,1734.442626953125,1734.58203125,0.13942259550094604,0.11678469523787499
88,139,227,train,True,0.0019522,0.39143695756793023,1736.206219292432,1736.1651611328125,1736.59765625,0.4325104057788849,-0.041073448210954655
89,138,227,train,True,0.0019295,0.4228496365249157,1736.5275898166,1736.7108154296875,1736.950439453125,0.23959319293498993,0.18325644358992577
90,137,227,train,True,0.0020884,0.46764664322137833,1736.1074265989662,1735.9732666015625,1736.5750732421875,0.6018843054771423,-0.134237662255764
91,136,227,train,True,0.007264,0.5437416526675224,1734.0470786598326,1734.165283203125,1734.5908203125,0.4255484938621521,0.11819315880537029
92,135,227,train,True,0.0085125,0.6261048197746277,1731.2293639302254,1731.168212890625,1731.85546875,0.6872614026069641,-0.06115658283233638
93,134,227,train,True,0.0769984,0.6965691822767258,1726.8695929270982,1726.8519287109375,1727.566162109375,0.7142983078956604,-0.017729125618934582
86,142,228,train,True,0.01767,-0.5903950683772564,1737.7439595215023,1737.7352294921875,1737.153564453125,-0.5816196203231812,-0.008775448054075263
87,141,228,train,True,0.006726,0.1030799419619143,1738.8112266986632,1738.8121337890625,1738.914306640625,0.10219080001115799,0.000889141950756317
88,140,228,train,True,0.0020064,0.2938636238127947,1742.4171959464998,1742.4737548828125,1742.7110595703125,0.23721079528331757,0.05665282852947712
89,139,228,train,True,0.0020976,0.34519950330257415,1741.7254792076349,1741.7369384765625,1742.0706787109375,0.3337155878543854,0.011483915448188775
90,138,228,train,True,0.0018012,0.4346553857624531,1743.1026981298626,1743.078369140625,1743.537353515625,0.4590004086494446,-0.024345022886991474
91,137,228,train,True,0.004332,0.42728424042463303,1740.0917587283254,1740.143310546875,1740.51904296875,0.37576720118522644,0.05151703923940659
92,136,228,train,True,0.0134748,0.5889812521636486,1739.0958332009614,1739.0645751953125,1739.684814453125,0.6202036142349243,-0.03122236207127571
94,134,228,train,True,0.0233472,0.7015105128288269,1730.5146760106086,1730.612060546875,1731.2161865234375,0.6041107773780823,0.09739973545074465
86,143,229,train,True,0.0130301,-0.8851042094826699,1741.6139860454202,1741.6876220703125,1740.7288818359375,-0.9586982727050781,0.07359406322240825
87,142,229,train,True,0.0049922,-0.2654860520735383,1744.5030348801986,1744.599365234375,1744.237548828125,-0.36180201172828674,0.09631595965474843
88,141,229,train,True,0.0154346,0.14932587210088968,1746.920986627899,1746.92333984375,1747.0703125,0.14696019887924194,0.0023656732216477405
89,140,229,train,True,0.0121141,0.26723501704633235,1747.9717786548288,1748.0130615234375,1748.239013671875,0.22598659992218018,0.04124841712415217
90,139,229,train,True,0.0024045,0.31325105398893355,1748.3904842975735,1748.3350830078125,1748.7037353515625,0.36862099170684814,-0.0553699377179146
91,138,229,train,True,0.0032747,0.3683620165288448,1747.1849827100336,1747.241455078125,1747.5533447265625,0.311979204416275,0.05638281211256979
92,137,229,train,True,0.0059311,0.4485699692368507,1745.2264788588882,1745.145263671875,1745.675048828125,0.5298078060150146,-0.08123783677816393
93,136,229,train,False,0.1011722,0.5478839080035687,1741.6879559357465,1741.772216796875,1742.23583984375,0.46360909938812256,0.08427480861544612
94,135,229,train,True,0.0606392,0.6274250292778015,1737.4190837597846,1737.396240234375,1738.0465087890625,0.6502013802528381,-0.022776350975036608
95,134,229,train,False,0.1063476,0.6974923998117447,1731.6546804517507,1731.8284912109375,1732.3521728515625,0.52373868227005,0.17375371754169466
87,143,230,train,True,0.006532,-0.5649685072898865,1748.9088405776024,1748.8521728515625,1748.3438720703125,-0.508296012878418,-0.05667249441146849
88,142,230,train,True,0.010304,-0.08978754801675677,1753.0133715323918,1753.040283203125,1752.923583984375,-0.11671199649572372,0.026924448478966953
89,141,230,train,True,0.015847,0.12093752109445631,1752.988315408593,1752.9359130859375,1753.1092529296875,0.17340800166130066,-0.05247048056684435
90,140,230,train,True,0.001219,0.2422356031090021,1755.1397224047034,1755.12939453125,1755.3819580078125,0.25259798765182495,-0.010362384542822844
91,139,230,train,True,0.003036,0.19168290179222822,1753.0190104575827,1753.0360107421875,1753.210693359375,0.17466600239276886,0.017016899399459356
92,138,230,train,True,0.004508,0.3851645720005035,1752.813199685812,1752.812255859375,1753.1983642578125,0.38617900013923645,-0.0010144281387329257
93,137,230,train,True,0.055016,0.35923512585461137,1748.3368097960204,1748.4083251953125,1748.696044921875,0.2878269851207733,0.07140814073383805
94,136,230,train,True,0.014444,0.5492189806699753,1745.8796140271425,1745.930419921875,1746.4288330078125,0.4984320104122162,0.050786970257759134
87,144,231,train,True,0.0077385,-0.9388632357120514,1754.3540243685245,1754.3297119140625,1753.4151611328125,-0.9145079255104065,-0.024355310201644942
88,143,231,train,True,0.0113652,-0.3568192304670811,1757.3977127851547,1757.4114990234375,1757.0408935546875,-0.3705557882785797,0.013736557811498629
89,142,231,train,True,0.0130515,-0.034008221249096096,1759.0355951353115,1759.082763671875,1759.0015869140625,-0.08114080131053925,0.04713258006144315
90,141,231,train,True,0.0012243,0.06695772177074105,1760.2163674735418,1760.2474365234375,1760.2833251953125,0.035857200622558594,0.03110052114818246
91,140,231,train,True,0.0017787,0.1040143195539713,1759.842030602321,1759.8565673828125,1759.946044921875,0.08943229913711548,0.014582020416855815
92,139,231,train,True,0.0026796,0.1644828586652875,1758.7382271022723,1758.692626953125,1758.9027099609375,0.2100950926542282,-0.04561223398894071
93,138,231,train,True,0.0511434,0.25832670770585536,1756.0330551282316,1756.092529296875,1756.2913818359375,0.19888490438461304,0.059441803321242326
94,137,231,train,True,0.0220605,0.3635387472808361,1752.588609690219,1752.625244140625,1752.9521484375,0.3268255889415741,0.03671315833926203
87,145,232,train,True,0.0139664,-1.163427529335022,1758.46396463871,1758.4088134765625,1757.300537109375,-1.1082592010498047,-0.05516832828521734
88,144,232,train,True,0.0091408,-0.6421819262206554,1763.2813420824707,1763.2022705078125,1762.63916015625,-0.563096821308136,-0.07908510491251941
89,143,232,train,True,0.0130384,-0.2342611350119114,1763.8631673850118,1763.762451171875,1763.62890625,-0.13358399271965027,-0.10067714229226113
90,142,232,train,True,0.0014152,-0.01148245441087056,1766.695076204411,1766.6878662109375,1766.68359375,-0.004241600167006254,-0.007240854243864305
91,141,232,train,True,0.007656,-0.09921800938434899,1765.436498282822,1765.4056396484375,1765.3372802734375,-0.06837040185928345,-0.030847607525065546
92,140,232,train,True,0.0018096,0.12175940975546837,1766.0042171527446,1765.96044921875,1766.1259765625,0.1655711978673935,-0.043811788111925126
94,138,232,train,True,0.0168896,0.2871565493941307,1760.7262711849808,1760.644287109375,1761.013427734375,0.36913520097732544,-0.08197865158319473
87,146,233,train,True,0.019572,-1.3760129487514496,1763.5007688081264,1763.6328125,1762.124755859375,-1.5080734491348267,0.13206050038337702
88,145,233,train,True,0.0085977,-0.9029692748188972,1767.4244536498188,1767.4365234375,1766.521484375,-0.9150052070617676,0.012035932242870362
89,144,233,train,True,0.013048,-0.4225108885765076,1769.6727550292014,1769.68017578125,1769.250244140625,-0.42997869849205017,0.007467809915542578
90,143,233,train,True,0.0014213,-0.191297110542655,1771.5172248449176,1771.4742431640625,1771.325927734375,-0.14833210408687592,-0.04296500645577908
91,142,233,train,True,0.0013281,-0.14998257551342248,1771.9295235911384,1771.93408203125,1771.779541015625,-0.15452750027179718,0.004544924758374702
92,141,233,train,True,0.0022601,-0.1324743127822876,1771.6827672815323,1771.7220458984375,1771.55029296875,-0.17177419364452362,0.039299880862236014
93,140,233,train,True,0.0509804,-0.07086504605598748,1769.818911921056,1769.9102783203125,1769.748046875,-0.1623128056526184,0.09144775959663093
94,139,233,train,True,0.0541725,0.03837506695825141,1767.1992958314793,1767.024658203125,1767.2376708984375,0.21304559707641602,-0.1746705301181646
96,137,233,train,True,0.081084,0.30603705540299414,1758.139031303972,1758.218505859375,1758.445068359375,0.22663399577140808,0.07940305963158606
88,146,234,train,True,0.0083772,-1.0967579582333564,1772.966508934796,1772.9112548828125,1771.8697509765625,-1.0414725542068481,-0.05528540402650828
89,145,234,train,True,0.0139698,-0.6282893267273902,1774.2678156939148,1774.2183837890625,1773.6395263671875,-0.5788497924804688,-0.04943953424692149
90,144,234,train,True,0.0025974,-0.24530892133712767,1777.6995325541495,1777.6641845703125,1777.4542236328125,-0.21003380417823792,-0.03527511715888976
91,143,234,train,True,0.004095,-0.30143077701330184,1777.2123194488884,1777.156005859375,1776.910888671875,-0.24508580565452576,-0.056344971358776086
92,142,234,train,True,0.0011232,-0.09048632684163749,1778.570100584654,1778.5675048828125,1778.4796142578125,-0.08794400095939636,-0.0025423258822411254
93,141,234,train,True,0.0084006,-0.32474829487502577,1775.96610571675,1775.975341796875,1775.641357421875,-0.33403879404067993,0.009290499165654165
94,140,234,train,True,0.0068094,0.03476650133030489,1774.9511954127322,1774.7978515625,1774.9859619140625,0.1881725937128067,-0.1534060923825018
96,138,234,train,True,0.017082,0.2341247956454754,1766.7912658293544,1766.8607177734375,1767.025390625,0.16468879580497742,0.06943599984049798
89,146,235,train,True,0.0139825,-0.8037336191534996,1779.8005597910285,1779.773681640625,1778.996826171875,-0.7768985033035278,-0.02683511584997178
90,145,235,train,True,0.0130425,-0.41534983545541765,1782.2588556948303,1782.330810546875,1781.843505859375,-0.4872570037841797,0.07190716832876204
91,144,235,train,True,0.0139825,-0.2846853743493557,1783.351946116537,1783.2772216796875,1783.0672607421875,-0.21006649732589722,-0.07461887702345849
92,143,235,train,True,0.001128,-0.30148103803396226,1783.931363850534,1783.864990234375,1783.6298828125,-0.23514850437641144,-0.06633253365755082
93,142,235,train,True,0.0013865,-0.30412268854677676,1782.9206998369843,1782.9583740234375,1782.6165771484375,-0.34181851148605347,0.0376958229392767
94,141,235,train,True,0.0205155,-0.24088085770606996,1781.157140623331,1781.0367431640625,1780.916259765625,-0.12047649919986725,-0.12040435850620271
95,140,235,train,True,0.052781,-0.12536122288554907,1777.8123729416357,1777.8121337890625,1777.68701171875,-0.12517699599266052,-0.00018422689288855043
89,147,236,train,True,0.0381848,-0.9692243951559066,1784.1213240045308,1783.981201171875,1783.152099609375,-0.8290827870368958,-0.14014160811901089
90,146,236,train,True,0.0139712,-0.4725603370368481,1788.1773943214118,1788.1646728515625,1787.704833984375,-0.45983681082725525,-0.012723526209592828
91,145,236,train,True,0.0139712,-0.39182147204875944,1788.3353029173613,1788.303466796875,1787.9434814453125,-0.36002281308174133,-0.03179865896701811
92,144,236,train,True,0.0011092,-0.18385826628655194,1790.4560750631615,1790.4105224609375,1790.272216796875,-0.13835440576076508,-0.045503860525786866
93,143,236,train,True,0.0504096,-0.4912743006646633,1788.7271141444146,1788.6947021484375,1788.23583984375,-0.4587928056716919,-0.03248149499297143
94,142,236,train,True,0.0018172,-0.13754214020445943,1788.494109523017,1788.388916015625,1788.3565673828125,-0.0323311984539032,-0.10521094175055623
96,140,236,train,True,0.0176292,0.036771146736573425,1781.967257173576,1781.8729248046875,1782.0040283203125,0.13107599318027496,-0.09430484644370155
90,147,237,train,True,0.0158316,-0.6472719404101371,1792.4943178388476,1792.5360107421875,1791.8470458984375,-0.6889621019363403,0.041690161526203195
91,146,237,train,True,0.013035,-0.3687449090182781,1794.1875925652682,1794.18115234375,1793.81884765625,-0.36237388849258423,-0.006371020525693882
92,145,237,train,True,0.0012087,-0.32600623786449434,1795.4805472534895,1795.536376953125,1795.154541015625,-0.38181620836257935,0.055809970498085004
93,144,237,train,True,0.0011139,-0.37281050711870195,1795.2819901946186,1795.2724609375,1794.9091796875,-0.3633114993572235,-0.00949900776147844
94,143,237,train,True,0.0017064,-0.3929323060810566,1794.3918336732686,1794.2701416015625,1793.9989013671875,-0.27119630575180054,-0.12173600032925608
96,141,237,train,True,0.0743943,-0.19545213498175143,1788.6167167834192,1788.5499267578125,1788.4212646484375,-0.1286116987466812,-0.06684043623507022
98,139,237,train,False,0.0973359,0.15223488386720418,1778.3234731239454,1778.2940673828125,1778.4757080078125,0.18158410489559174,-0.02934922102838755
91,147,238,train,True,0.015827,-0.47570317432284354,1798.921748096198,1798.8861083984375,1798.446044921875,-0.4399861991405487,-0.03571697518229483
92,146,238,train,True,0.0014994,-0.20104799084365368,1801.715818498656,1801.6900634765625,1801.5147705078125,-0.1752355992794037,-0.025812391564249998
93,145,238,train,True,0.0011424,-0.47933991938829423,1800.7398379662634,1800.7608642578125,1800.260498046875,-0.5003359913825989,0.020996071994304644
94,144,238,train,True,0.0011424,-0.1985803657397628,1801.3377405219899,1801.2698974609375,1801.13916015625,-0.13074180483818054,-0.06783856090158225
95,143,238,train,True,0.058905,-0.5588982005417347,1798.2057487864793,1798.229248046875,1797.6468505859375,-0.5824013948440552,0.023503194302320507
96,142,238,train,True,0.0122332,-0.08895457134582102,1796.4464985166583,1796.4232177734375,1796.3575439453125,-0.06559079885482788,-0.02336377249099314
92,147,239,train,True,0.0015057,-0.3103270157426596,1806.44448228918,1806.4964599609375,1806.1341552734375,-0.3623135983943939,0.05198658265173434
93,146,239,train,True,0.0013145,-0.327197525203228,1806.9659914705157,1806.9757080078125,1806.6387939453125,-0.33695200085639954,0.009754475653171557
94,145,239,train,True,0.0011233,-0.4012864127755165,1806.9017746940256,1806.9161376953125,1806.50048828125,-0.4156692922115326,0.014382879436016072
95,144,239,train,True,0.0019837,-0.4173007674515247,1805.239444322139,1805.3316650390625,1804.8221435546875,-0.5094949007034302,0.09219413325190545
96,143,239,train,False,0.1500681,-0.3388353583216667,1802.814787506759,1802.792724609375,1802.4759521484375,-0.31685009598731995,-0.021985262334346778
92,148,240,train,True,0.002544,-0.21817099303007126,1812.4375313445926,1812.4249267578125,1812.2193603515625,-0.20552000403404236,-0.0126509889960289
93,147,240,train,True,0.01704,-0.38727561861276627,1812.1133498373629,1812.0418701171875,1811.72607421875,-0.3157320022583008,-0.07154361635446549
94,146,240,train,True,0.001104,-0.1748119755461812,1813.5196606083587,1813.450439453125,1813.3448486328125,-0.10559199750423431,-0.06921997804194688
95,145,240,train,True,0.013824,-0.5884367790818215,1811.2208830681443,1811.283203125,1810.6324462890625,-0.650763988494873,0.06232720941305159
96,144,240,train,True,0.001896,-0.14635288916528225,1810.2444974204152,1810.286865234375,1810.09814453125,-0.18860800564289093,0.042255116477608684
98,142,240,train,True,0.018024,0.09045140456408263,1802.4301784782483,1802.4576416015625,1802.5206298828125,0.06300000101327896,0.027451403550803666
93,148,241,train,False,0.100015,-0.24828019216656685,1818.0637098796665,1818.1142578125,1817.8154296875,-0.2988665997982025,0.05058640763163566
94,147,241,train,True,0.0011086,-0.32346992775797845,1818.7535236386955,1818.69189453125,1818.4300537109375,-0.2618195116519928,-0.06165041610598565
95,146,241,train,True,0.0011086,-0.40040627896785735,1817.9012607711554,1817.930419921875,1817.5008544921875,-0.42955949902534485,0.029153220057487494
96,145,241,train,True,0.0016147,-0.3936286434531212,1816.3170905575157,1816.380615234375,1815.9234619140625,-0.4570608139038086,0.06343217045068739
93,149,242,train,False,0.200013,-0.29650382727384567,1822.9401805850864,1823.0838623046875,1822.6436767578125,-0.44011640548706055,0.14361257821321488
94,148,242,train,True,0.0012584,-0.11382814683020115,1825.0991797093302,1825.00146484375,1824.9853515625,-0.016072800382971764,-0.09775534644722939
95,147,242,train,True,0.0011132,-0.5109120361506939,1823.5460682861508,1823.468017578125,1823.03515625,-0.4328913986682892,-0.07802063748240473
96,146,242,train,True,0.0011374,-0.1595551948994398,1823.3993012886494,1823.3499755859375,1823.23974609375,-0.11016800254583359,-0.049387192353606224
98,144,242,train,True,0.0128986,0.039765342813916506,1817.150420204061,1817.2020263671875,1817.190185546875,-0.011782200075685978,0.051547542889602484
94,149,243,train,True,0.0025515,-0.21225150369107723,1830.0109575583785,1830.03515625,1829.7987060546875,-0.2364141047000885,0.02416260100901127
95,148,243,train,True,0.0013851,-0.31911666333675387,1829.9205570930242,1829.832275390625,1829.6014404296875,-0.23093059659004211,-0.08818606674671176
96,147,243,train,True,0.0015066,-0.3849330675601959,1829.1620326769353,1829.0430908203125,1828.777099609375,-0.2659423053264618,-0.11899076223373412
97,146,243,train,True,0.0045198,-0.343361309915781,1826.7911152161657,1826.7530517578125,1826.44775390625,-0.30521029233932495,-0.03815101757645606
94,150,244,train,True,0.0023424,-0.039391533967573195,1836.1104364558425,1836.054931640625,1836.071044921875,0.016042400151491165,-0.05543393411906436
95,149,244,train,True,0.0014884,-0.3839740462601185,1835.2496967025102,1835.199462890625,1834.86572265625,-0.3338179886341095,-0.050156057626009
96,148,244,train,True,0.001098,-0.15535662660375238,1835.9477150250414,1835.844482421875,1835.7923583984375,-0.05205880105495453,-0.10329782554879785
97,147,244,train,True,0.014396,-0.543595292121172,1832.9607095499337,1832.8001708984375,1832.4171142578125,-0.3830195963382721,-0.16057569578289987
98,146,244,train,True,0.0026108,-0.014621191436890512,1831.2543672851868,1831.2535400390625,1831.23974609375,-0.013701199553906918,-0.0009199918829835944
94,151,245,train,True,0.013622,-0.08782874584197999,1840.7070914411545,1840.754150390625,1840.6192626953125,-0.1348389983177185,0.04701025247573852
95,150,245,train,True,0.0018865,-0.2005021144449711,1841.33648844257,1841.24951171875,1841.135986328125,-0.1135535016655922,-0.0869486127793789
96,149,245,train,True,0.0011515,-0.33756913036108016,1841.3843220600486,1841.363037109375,1841.0467529296875,-0.31638649106025696,-0.021182639300823203
97,148,245,train,True,0.0017885,-0.3814729727804661,1839.830813793093,1839.771484375,1839.4493408203125,-0.32209300994873047,-0.05937996283173563
98,147,245,train,True,0.0024255,-0.29215987838804724,1837.509200894013,1837.417724609375,1837.217041015625,-0.2006780058145523,-0.09148187257349494
94,152,246,train,True,0.0149814,0.053674125134712085,1846.5599733358029,1846.60888671875,1846.6136474609375,0.004735399968922138,0.04893872516578995
96,150,246,train,True,0.0015252,-0.11933714479207992,1847.8863049182296,1847.822021484375,1847.7669677734375,-0.05501360073685646,-0.06432354405522346
97,149,246,train,True,0.060024,-0.5463466849923134,1845.6840419974924,1845.689697265625,1845.1376953125,-0.5519610047340393,0.005614319741725882
98,148,246,train,True,0.0015252,-0.11420608317479491,1844.7956025675498,1844.7840576171875,1844.681396484375,-0.10261200368404388,-0.01159407949075103
99,147,246,train,True,0.089913,-0.402238684296608,1840.3153246217967,1840.2730712890625,1839.9130859375,-0.3599854111671448,-0.0422532731294632
100,146,246,train,True,0.0136776,0.18950430313125252,1837.1942847593687,1837.118408203125,1837.3837890625,0.26544320583343506,-0.07593890270218254
96,151,247,train,True,0.0038038,-0.21898619040846826,1852.964225448221,1852.9771728515625,1852.7452392578125,-0.2318546026945114,0.012868412286043157
97,150,247,train,True,0.005187,-0.3819713227450848,1852.2450084321201,1852.2384033203125,1851.863037109375,-0.3753775954246521,-0.006593727320432674
98,149,247,train,True,0.014326,-0.40777992457151413,1850.7744791433215,1850.836181640625,1850.36669921875,-0.46945860981941223,0.0616786852478981
99,148,247,train,True,0.0194389,-0.2782405422627926,1847.676678042263,1847.5848388671875,1847.3984375,-0.18642349541187286,-0.09181704685091974
96,152,248,train,True,0.002356,0.016224146832246333,1859.1604115953553,1859.1888427734375,1859.1766357421875,-0.012216799892485142,0.028440946724731474
97,151,248,train,True,0.0500464,-0.4547953435778618,1857.7300638982654,1857.668212890625,1857.2752685546875,-0.39287999272346497,-0.06191535085439681
98,150,248,train,True,0.0051336,-0.2347840007394552,1857.759808414802,1857.7789306640625,1857.5250244140625,-0.2539120018482208,0.019128001108765613
100,148,248,train,True,0.0085064,0.029775095582008363,1851.661631154418,1851.554443359375,1851.69140625,0.1370151937007904,-0.10724009811878205
96,153,249,train,True,0.0023655,0.02225326043670066,1863.8597047473759,1863.9022216796875,1863.8819580078125,-0.020299000665545464,0.04255226110224612
97,152,249,train,True,0.001245,-0.24061842046678067,1863.9402033814042,1864.024169921875,1863.6995849609375,-0.32460901141166687,0.0839905909448862
98,151,249,train,True,0.0011952,-0.45268228828907014,1863.376998694539,1863.365478515625,1862.92431640625,-0.4411545991897583,-0.011527689099311844
100,149,249,train,True,0.0062001,-0.3268835489451885,1858.1246130411328,1858.00439453125,1857.7977294921875,-0.20666010677814484,-0.12022344216704367
101,148,249,train,False,0.1644147,-0.14984186930581928,1853.6382451896184,1853.5601806640625,1853.4884033203125,-0.0718080997467041,-0.07803376955911517
96,154,250,train,True,0.010275,0.24341982170939447,1869.785754982978,1869.734619140625,1870.0291748046875,0.2945750057697296,-0.051155184060335146
97,153,250,train,True,0.0029,-0.18295056723058223,1869.024869512543,1868.9898681640625,1868.8419189453125,-0.14794999361038208,-0.03500057362020015
98,152,250,train,True,0.00155,-0.21031102918088437,1869.9938803651185,1869.9891357421875,1869.7835693359375,-0.20557500422000885,-0.004736024960875523
100,150,250,train,True,0.0079,-0.21728584297001363,1865.602295608595,1865.5225830078125,1865.385009765625,-0.13762499392032623,-0.0796608490496874
101,149,250,train,True,0.090925,-0.5309366072714329,1860.527640708834,1860.413330078125,1859.9967041015625,-0.4166249930858612,-0.11431161418557167
96,155,251,train,True,0.0226904,0.2943624694645405,1874.1731668274106,1874.1475830078125,1874.467529296875,0.31995171308517456,-0.025589243620634083
97,154,251,train,True,0.0107428,0.09307987321168185,1874.8781115330382,1874.78515625,1874.97119140625,0.18601129949092865,-0.0929314262792468
98,153,251,train,True,0.0038905,-0.24004502676427364,1875.1419004955142,1875.0958251953125,1874.90185546875,-0.19395139813423157,-0.04609362863004207
99,152,251,train,True,0.0052961,-0.5030898770689964,1873.853675814569,1873.9368896484375,1873.3505859375,-0.586334228515625,0.08324435144662856
100,151,251,train,True,0.0142819,-0.5619027127325534,1871.7581917752325,1871.707275390625,1871.1962890625,-0.5110263228416443,-0.050876389890909146
101,150,251,train,True,0.0189254,-0.43292675852775575,1868.0349775397779,1867.9169921875,1867.60205078125,-0.3150255084037781,-0.11790125012397767
98,154,252,train,True,0.0023688,0.10036282637156546,1881.367776822066,1881.267578125,1881.4681396484375,0.20065520703792572,-0.10029238066636026
99,153,252,train,True,0.0500472,-0.4934940366446972,1879.3833866147697,1879.2252197265625,1878.889892578125,-0.33528560400009155,-0.15820843264460566
100,152,252,train,True,0.0052164,-0.3753431475162506,1878.8528822100163,1878.9208984375,1878.4775390625,-0.44324520230293274,0.06790205478668215
101,151,252,train,True,0.0912744,-0.7721879091858864,1874.590547284186,1874.488037109375,1873.818359375,-0.6696888208389282,-0.1024990883469582
102,150,252,train,True,0.0092988,-0.19698119366541506,1871.5819909592904,1871.3013916015625,1871.385009765625,0.08360160142183304,-0.2805827950872481
98,155,253,train,True,0.0042504,0.20645986180752515,1886.1029883803799,1886.0718994140625,1886.3094482421875,0.2375859022140503,-0.03112604040652514
99,154,253,train,True,0.0012397,-0.1659304563794285,1885.6120974485668,1885.5806884765625,1885.4461669921875,-0.13443869352340698,-0.03149176285602151
100,153,253,train,True,0.0015433,-0.5016416674852371,1884.5015195971728,1884.4632568359375,1883.9998779296875,-0.46331360936164856,-0.038328058123588526
102,151,253,train,True,0.0069069,-0.5672198830544949,1878.1685382424296,1877.8853759765625,1877.601318359375,-0.28409069776535034,-0.28312918528914455
103,150,253,train,False,0.1645259,-0.43053233399987223,1873.12047374025,1872.938232421875,1872.68994140625,-0.24825400114059448,-0.18227833285927775
98,156,254,train,True,0.0114554,0.5285322198271751,1892.0742509832978,1892.1033935546875,1892.602783203125,0.4994213879108429,0.029110831916332236
99,155,254,train,True,0.0029464,0.019116994299110956,1890.6924308572634,1890.6683349609375,1890.7115478515625,0.04322139918804169,-0.02410440488893073
100,154,254,train,True,0.0018542,-0.13387436957098545,1891.113122416446,1890.9775390625,1890.979248046875,0.0016256000380963087,-0.13549996960908176
102,152,254,train,True,0.009652,-0.4311953395605087,1885.7268496364354,1885.592041015625,1885.295654296875,-0.29648861289024353,-0.13470672667026518
103,151,254,train,True,0.091313,-0.7780431202054023,1880.074307768643,1879.88720703125,1879.2962646484375,-0.5908724069595337,-0.18717071324586865
99,156,255,train,True,0.010812,0.436160697042942,1896.6026576623321,1896.64453125,1897.038818359375,0.3942919969558716,0.04186870008707044
100,155,255,train,True,0.003927,0.016049957077484578,1896.2014793397975,1896.15087890625,1896.217529296875,0.06656999886035919,-0.050520041782874614
101,154,255,train,True,0.005559,-0.3967993589490652,1894.409982952699,1894.3270263671875,1894.01318359375,-0.31379151344299316,-0.08300784550607204
102,153,255,train,True,0.0140505,-0.6137854140996933,1891.8297277969123,1891.5748291015625,1891.2159423828125,-0.358876496553421,-0.2549089175462723
103,152,255,train,True,0.017697,-0.6594943156838418,1887.6641329875588,1887.6571044921875,1887.004638671875,-0.6524584889411926,-0.007035826742649132
100,156,256,train,True,0.0030208,0.5178043422102928,1902.5570247593523,1902.5379638671875,1903.0748291015625,0.5368672013282776,-0.019062859117984776
102,154,256,train,True,0.007552,-0.27909449011087417,1898.8812673416733,1898.635009765625,1898.6021728515625,-0.03278239816427231,-0.24631209194660186
103,153,256,train,True,0.0828928,-0.8107037448883057,1894.1306500339508,1893.9290771484375,1893.3199462890625,-0.6091880202293396,-0.20151572465896606
104,152,256,train,True,0.0178432,-0.47162297770380973,1890.7462811808289,1890.67138671875,1890.274658203125,-0.3967343866825104,-0.07488859102129936
100,157,257,train,True,0.0043433,0.8400595420598984,1907.6369912391901,1907.50390625,1908.47705078125,0.9731906056404114,-0.13313106358051296
101,156,257,train,True,0.0015677,0.4271883051097393,1906.2285734136403,1906.3192138671875,1906.65576171875,0.3365834951400757,0.09060480996966364
102,155,257,train,True,0.0061937,-0.1310656311782077,1904.4265978577407,1904.2822265625,1904.2955322265625,0.013214100152254105,-0.1442797313304618
104,153,257,train,True,0.0108197,-0.6742248819768428,1897.262115506977,1897.0982666015625,1896.587890625,-0.5103620886802673,-0.1638627932965755
105,152,257,train,False,0.1646342,-0.6839054095745086,1891.7654483783244,1892.0279541015625,1891.08154296875,-0.9464119076728821,0.26250649809837345
101,157,258,train,True,0.003483,0.7758845311403274,1911.6972600001097,1911.692626953125,1912.47314453125,0.7804329991340637,-0.004548467993736316
104,154,258,train,True,0.0160992,-0.35635044701397417,1904.8095975173264,1904.691650390625,1904.4532470703125,-0.23843060433864594,-0.11791984267532823
105,153,258,train,True,0.091848,-0.8612844568490982,1898.637163363099,1898.7459716796875,1897.77587890625,-0.9700173735618591,0.10873291671276097
102,157,259,train,True,0.0063714,0.9090302056074142,1916.70803522408,1916.5926513671875,1917.6170654296875,1.0245074033737183,-0.11547719776630405
105,154,259,train,True,0.0566951,-0.5429447893798351,1906.4561527971923,1906.3338623046875,1905.9132080078125,-0.4207133948802948,-0.12223139449954035
106,154,260,train,True,0.02054,-0.2631831701472402,1909.2043452795222,1909.06640625,1908.941162109375,-0.12523199617862701,-0.13795117396861317
104,157,261,train,True,0.0656676,0.893113999068737,1924.1299572899939,1923.931640625,1925.0230712890625,1.091406226158142,-0.19829222708940508
106,155,261,train,True,0.0185049,-0.1360943825636059,1915.9245465310012,1915.68017578125,1915.7884521484375,0.10826899856328964,-0.24436338112689554
107,154,261,train,False,0.1798029,-0.22568225524388252,1909.7579088177438,1909.823486328125,1909.5322265625,-0.29126930236816406,0.06558704712428154
106,156,262,train,True,0.0221652,0.5280495397746563,1923.5887717492878,1923.387451171875,1924.1168212890625,0.729316771030426,-0.20126723125576973
107,155,262,train,True,0.0930624,-0.11500274541089311,1916.8695193469734,1916.7220458984375,1916.7545166015625,0.032427798956632614,-0.14743054436752573
108,156,264,train,True,0.0288816,0.9085764509439468,1926.7252126115561,1926.7713623046875,1927.6337890625,0.8624832034111023,0.046093247532844495
108,157,265,train,True,0.023956,1.1594129312038421,1933.4266466391086,1933.505615234375,1934.5860595703125,1.0805389881134033,0.07887394309043883
108,158,266,train,True,0.0271054,1.6784627264738083,1941.3319132500887,1941.33740234375,1943.0103759765625,1.6729474067687988,0.005515319705009514
109,157,266,train,False,0.0964782,1.2880121332406997,1933.7720464605093,1934.0220947265625,1935.06005859375,1.0379931926727295,0.25001894056797025
110,159,269,train,True,0.0313923,2.346800857782364,1950.2279061734675,1950.291748046875,1952.57470703125,2.282978057861328,0.06382279992103568
110,160,270,train,True,0.039285,2.68656548500061,1958.3944892024995,1958.51611328125,1961.0810546875,2.5648820400238037,0.1216834449768065
9,21,30,test,False,nan,-1.0680740416049956,187.36737518906594,186.3990020751953,186.29930114746094,-0.09969999641180038,-0.9683740451931953
14,9,23,test,False,nan,-0.3133698187954724,150.97207648383454,151.1479949951172,150.65870666503906,-0.489300012588501,0.1759301937930286
15,11,26,test,False,nan,-1.010630842447281,187.37192844986916,187.1179962158203,186.36129760742188,-0.7566999793052673,-0.25393086314201363
16,11,27,test,False,nan,-0.657782397866249,187.48508342325687,187.98699951171875,186.82730102539062,-1.1597000360488892,0.5019176381826401
18,13,31,test,False,nan,-1.2064789342880249,224.8863800573349,224.8350067138672,223.67990112304688,-1.1550999879837036,-0.05137894630432127
19,15,34,test,False,nan,-1.3857574409246445,261.014266962409,261.0429992675781,259.6285095214844,-1.4144999980926514,0.028742557168006888
20,15,35,test,False,nan,-1.2106030589342118,261.9870923167467,262.0679931640625,260.7764892578125,-1.2914999723434448,0.080896913409233
21,16,37,test,False,nan,-0.9338040116429329,279.02160308390853,278.7049865722656,278.0877990722656,-0.6172000169754028,-0.3166039946675301
21,17,38,test,False,nan,-0.9451358199119568,295.13825105428697,294.9320068359375,294.193115234375,-0.7389000058174133,-0.2062358140945435
24,41,65,test,False,nan,-0.42487006686627865,534.3851972153038,534.0549926757812,533.9603271484375,-0.09470000118017197,-0.3301700656861067
39,65,104,test,False,nan,0.007552318286616355,862.7099769785884,864.0989990234375,862.717529296875,-1.381500005722046,1.3890523240086623
40,40,80,test,False,nan,-0.270579582080245,669.1275742109865,669.5280151367188,668.8569946289062,-0.6710000038146973,0.40042042173445225
40,66,106,test,False,nan,0.6202466134727002,882.9825365896523,882.3560180664062,883.602783203125,1.2467999458312988,-0.6265533323585987
42,70,112,test,False,nan,1.27799878180027,928.5000163549184,927.6619873046875,929.7780151367188,2.115999937057495,-0.8380011552572251
43,72,115,test,False,nan,1.2136579728126526,950.3219255232812,949.6380004882812,951.5355834960938,1.8976000547409058,-0.6839420819282531
47,48,95,test,False,nan,-1.07648257791996,789.8748834568262,789.7343139648438,788.7984008789062,-0.9358999729156494,-0.14058260500431063
49,50,99,test,False,nan,-0.6921049386262894,822.1321073800325,822.1400146484375,821.4400024414062,-0.699999988079071,0.007895049452781633
57,95,152,test,False,nan,-0.623094133734703,1231.5026107352971,1231.4127197265625,1230.8795166015625,-0.5332000255584717,-0.08989410817623134
58,94,152,test,False,nan,-0.8515537670254707,1240.390738337338,1240.3289794921875,1239.5391845703125,-0.7897999882698059,-0.06175377875566479
58,95,153,test,False,nan,-0.9880571398139,1244.3495073351264,1244.3470458984375,1243.3614501953125,-0.9854999780654907,-0.0025571617484092535
58,97,155,test,False,nan,-0.8973997437953949,1253.2155149781704,1253.2650146484375,1252.318115234375,-0.9469000101089478,0.049500266313552865
59,95,154,test,False,nan,-1.3276754432916642,1255.0351949745416,1254.8070068359375,1253.70751953125,-1.0994999408721924,-0.22817550241947182
64,104,168,test,False,nan,0.19852954801172018,1354.3816706473008,1354.0511474609375,1354.5802001953125,0.5289999842643738,-0.3304704362526536
22,37,59,unlabeled,False,nan,-0.5869445607066155,485.5410461232066,nan,484.9541015625,nan,nan
73,105,178,unlabeled,False,nan,-0.667768181860447,1430.164228142798,nan,1429.4964599609375,nan,nan
75,92,167,unlabeled,False,nan,-0.18668494809418917,1324.0482572137191,nan,1323.861572265625,nan,nan
77,93,170,unlabeled,False,nan,-0.22060651071369647,1335.2185313154012,nan,1334.9979248046875,nan,nan
79,95,174,unlabeled,False,nan,-0.10408697181381285,1356.8305274015013,nan,1356.7264404296875,nan,nan
81,97,178,unlabeled,False,nan,-0.021773815241758712,1378.0028529168042,nan,1377.9810791015625,nan,nan
93,135,228,unlabeled,False,nan,0.6180884963274003,1733.7003929489852,nan,1734.3184814453125,nan,nan
93,139,232,unlabeled,False,nan,0.006025611367076636,1762.4596726308205,nan,1762.4656982421875,nan,nan
101,155,256,unlabeled,False,nan,-0.19158959890715777,1899.8540651848446,nan,1899.6624755859375,nan,nan
8,19,27,unlabeled,False,nan,-0.7287908749002964,165.5624853329081,nan,164.8336944580078,nan,nan
8,20,28,unlabeled,False,nan,-0.6726930285990238,166.2756898547709,nan,165.60299682617188,nan,nan
8,21,29,unlabeled,False,nan,-1.027931810244918,163.85823881708086,nan,162.83030700683594,nan,nan
8,22,30,unlabeled,False,nan,-1.3031810054928064,163.63377792932093,nan,162.33059692382812,nan,nan
8,23,31,unlabeled,False,nan,-1.63545011267066,161.0033547757566,nan,159.36790466308594,nan,nan
9,22,31,unlabeled,False,nan,-1.4296669752895832,187.45026634052397,nan,186.02059936523438,nan,nan
9,23,32,unlabeled,False,nan,-1.7667108756303787,186.68960821449755,nan,184.9228973388672,nan,nan
9,24,33,unlabeled,False,nan,-1.9059382237493991,186.27314098253845,nan,184.36720275878906,nan,nan
9,25,34,unlabeled,False,nan,-2.0111882032454016,185.5216862501204,nan,183.510498046875,nan,nan
10,22,32,unlabeled,False,nan,-1.5388903948664665,213.6204943987727,nan,212.08160400390625,nan,nan
10,23,33,unlabeled,False,nan,-1.8547882518172265,212.814688154161,nan,210.95989990234375,nan,nan
10,24,34,unlabeled,False,nan,-1.9131873846054077,214.26339185237885,nan,212.35020446777344,nan,nan
10,25,35,unlabeled,False,nan,-1.9060411636531354,213.1985368911922,nan,211.29249572753906,nan,nan
10,26,36,unlabeled,False,nan,-1.6362943380884827,214.41009804902598,nan,212.7738037109375,nan,nan
10,27,37,unlabeled,False,nan,-1.466309152506292,213.60040339078753,nan,212.13409423828125,nan,nan
11,24,35,unlabeled,False,nan,-1.7899248868227005,236.2191241055727,nan,234.42919921875,nan,nan
11,25,36,unlabeled,False,nan,-1.6917160368710755,236.71822055347263,nan,235.02650451660156,nan,nan
11,26,37,unlabeled,False,nan,-1.2967794525809586,237.90557461859657,nan,236.60879516601562,nan,nan
11,27,38,unlabeled,False,nan,-0.8312973904982209,238.39839028600602,nan,237.5670928955078,nan,nan
12,26,38,unlabeled,False,nan,-0.6070046943239867,263.6807961982302,nan,263.07379150390625,nan,nan
12,27,39,unlabeled,False,nan,0.5654477793164552,263.36866476951167,nan,263.9341125488281,nan,nan
12,28,40,unlabeled,False,nan,1.4760823605954647,265.9473185183108,nan,267.42340087890625,nan,nan
13,8,21,unlabeled,False,nan,-0.5656285887956619,131.8970342284441,nan,131.33140563964844,nan,nan
13,9,22,unlabeled,False,nan,-0.8120091880857945,149.52671560898423,nan,148.71470642089844,nan,nan
13,25,38,unlabeled,False,nan,-0.568552534300834,281.19504789562893,nan,280.6264953613281,nan,nan
13,26,39,unlabeled,False,nan,0.9606905690673738,283.2531155832764,nan,284.21380615234375,nan,nan
13,27,40,unlabeled,False,nan,1.965294588059187,284.5828011150658,nan,286.548095703125,nan,nan
13,28,41,unlabeled,False,nan,2.4043171268701555,287.77408863484857,nan,290.17840576171875,nan,nan
13,29,42,unlabeled,False,nan,2.446495779156685,287.6442024630308,nan,290.0906982421875,nan,nan
14,8,22,unlabeled,False,nan,-0.25727833351353185,132.5326842173026,nan,132.27540588378906,nan,nan
14,27,41,unlabeled,False,nan,2.6532569444179535,307.86783070206644,nan,310.5210876464844,nan,nan
14,28,42,unlabeled,False,nan,2.962807887792587,312.7005832254887,nan,315.66339111328125,nan,nan
14,29,43,unlabeled,False,nan,2.8352329254150392,312.656466293335,nan,315.49169921875,nan,nan
14,30,44,unlabeled,False,nan,2.7414735662937164,314.48652325987814,nan,317.2279968261719,nan,nan
15,8,23,unlabeled,False,nan,-0.5369188361242414,127.6363222174719,nan,127.09940338134766,nan,nan
15,9,24,unlabeled,False,nan,-0.7990917299687862,148.12178460106253,nan,147.32269287109375,nan,nan
15,10,25,unlabeled,False,nan,-0.4766759772598743,169.72467707589269,nan,169.2480010986328,nan,nan
15,28,43,unlabeled,False,nan,2.942044823169708,331.0153526377678,nan,333.9573974609375,nan,nan
15,29,44,unlabeled,False,nan,2.7106552398204804,332.44004056096077,nan,335.15069580078125,nan,nan
15,30,45,unlabeled,False,nan,2.5044839572906494,334.62951872825624,nan,337.1340026855469,nan,nan
15,31,46,unlabeled,False,nan,1.9107703378796577,335.44952018946407,nan,337.36029052734375,nan,nan
16,8,24,unlabeled,False,nan,-0.48586294800043106,124.2492601647973,nan,123.76339721679688,nan,nan
16,9,25,unlabeled,False,nan,-0.6611160162836314,145.51681364811958,nan,144.85569763183594,nan,nan
16,10,26,unlabeled,False,nan,-0.5410907360911369,169.24209476441146,nan,168.7010040283203,nan,nan
16,29,45,unlabeled,False,nan,2.4758202850818636,353.26587893366815,nan,355.74169921875,nan,nan
16,30,46,unlabeled,False,nan,2.2041019588708877,356.9389034122229,nan,359.14300537109375,nan,nan
16,31,47,unlabeled,False,nan,1.3800308248400688,358.0992782571912,nan,359.47930908203125,nan,nan
16,32,48,unlabeled,False,nan,0.7584546013064392,361.09014769361545,nan,361.8486022949219,nan,nan
17,9,26,unlabeled,False,nan,-1.1481851345300675,140.37789094507696,nan,139.22970581054688,nan,nan
17,10,27,unlabeled,False,nan,-1.0231034165620805,164.64210671246053,nan,163.61900329589844,nan,nan
17,11,28,unlabeled,False,nan,-1.369069090485573,184.78436755239963,nan,183.41529846191406,nan,nan
17,12,29,unlabeled,False,nan,-0.917896009683609,206.31549427628516,nan,205.39759826660156,nan,nan
17,30,47,unlabeled,False,nan,0.5794483155338094,375.4505504637631,nan,376.0299987792969,nan,nan
17,31,48,unlabeled,False,nan,-0.16813613152131437,377.81642104363067,nan,377.6482849121094,nan,nan
17,32,49,unlabeled,False,nan,-0.6701007199008018,380.9776873898227,nan,380.3075866699219,nan,nan
17,33,50,unlabeled,False,nan,-1.3824482442438601,382.5383625508845,nan,381.1559143066406,nan,nan
17,34,51,unlabeled,False,nan,-1.7512651139497757,384.67747361004353,nan,382.92620849609375,nan,nan
17,35,52,unlabeled,False,nan,-1.9238106244802475,385.098310136199,nan,383.17449951171875,nan,nan
17,36,53,unlabeled,False,nan,-1.80589136749506,386.0396865335107,nan,384.2337951660156,nan,nan
18,9,27,unlabeled,False,nan,-1.0961835449934005,135.39388251960278,nan,134.29769897460938,nan,nan
18,10,28,unlabeled,False,nan,-1.0835626876354219,161.80656988978387,nan,160.72300720214844,nan,nan
18,11,29,unlabeled,False,nan,-1.2755234119296075,182.66982578009367,nan,181.39430236816406,nan,nan
18,12,30,unlabeled,False,nan,-1.1282499647140503,206.2118528699875,nan,205.08360290527344,nan,nan
18,31,49,unlabeled,False,nan,-1.1753821080923081,398.2356848424673,nan,397.060302734375,nan,nan
18,32,50,unlabeled,False,nan,-1.5922984439134598,402.62888902008535,nan,401.0365905761719,nan,nan
18,33,51,unlabeled,False,nan,-2.24679716527462,404.2897048801184,nan,402.04290771484375,nan,nan
18,34,52,unlabeled,False,nan,-2.329332894682884,407.499529427886,nan,405.1701965332031,nan,nan
18,35,53,unlabeled,False,nan,-2.455177719593048,407.9776691746712,nan,405.5224914550781,nan,nan
18,36,54,unlabeled,False,nan,-2.3184859699010847,410.2882735675573,nan,407.96978759765625,nan,nan
18,37,55,unlabeled,False,nan,-2.230314065217972,410.0464151394367,nan,407.81610107421875,nan,nan
18,38,56,unlabeled,False,nan,-2.1220374780893327,411.8534522730112,nan,409.7314147949219,nan,nan
19,11,30,unlabeled,False,nan,-1.636018734574318,177.94032476484776,nan,176.30430603027344,nan,nan
19,12,31,unlabeled,False,nan,-1.480296207666397,202.05889423012732,nan,200.57859802246094,nan,nan
19,13,32,unlabeled,False,nan,-1.6440857708454133,222.31599128842353,nan,220.67190551757812,nan,nan
19,14,33,unlabeled,False,nan,-1.2768926584720612,244.4830999338627,nan,243.20620727539062,nan,nan
19,35,54,unlabeled,False,nan,-2.8982953345775604,427.14280217051504,nan,424.2445068359375,nan,nan
19,36,55,unlabeled,False,nan,-2.6475787949562073,429.58639105081556,nan,426.9388122558594,nan,nan
19,37,56,unlabeled,False,nan,-2.435068666934967,430.47815948724747,nan,428.0430908203125,nan,nan
19,38,57,unlabeled,False,nan,-2.2314685010910034,432.37886840343475,nan,430.14739990234375,nan,nan
19,39,58,unlabeled,False,nan,-2.111548065543175,433.00824606359004,nan,430.8966979980469,nan,nan
19,40,59,unlabeled,False,nan,-2.1062854382395746,434.6482776257396,nan,432.5419921875,nan,nan
20,11,31,unlabeled,False,nan,-1.5531770181655884,173.96347059726716,nan,172.41029357910156,nan,nan
20,12,32,unlabeled,False,nan,-1.4354637479782104,199.91306384563447,nan,198.47760009765625,nan,nan
20,13,33,unlabeled,False,nan,-1.5081285858154296,220.90803092956543,nan,219.39990234375,nan,nan
20,14,34,unlabeled,False,nan,-1.2848883065581322,244.7300939950347,nan,243.44520568847656,nan,nan
20,37,57,unlabeled,False,nan,-2.620970204472542,452.08007664978504,nan,449.4591064453125,nan,nan
20,38,58,unlabeled,False,nan,-2.3219841039180755,455.16439133048056,nan,452.8424072265625,nan,nan
20,39,59,unlabeled,False,nan,-2.072132597565651,455.7378430467844,nan,453.66571044921875,nan,nan
20,40,60,unlabeled,False,nan,-1.770347445309162,458.3783491542935,nan,456.6080017089844,nan,nan
21,13,34,unlabeled,False,nan,-1.691625284552574,215.94353263318538,nan,214.2519073486328,nan,nan
21,14,35,unlabeled,False,nan,-1.4580763125419616,240.2782820010185,nan,238.82020568847656,nan,nan
21,15,36,unlabeled,False,nan,-1.5353542524576187,259.0688625532389,nan,257.53350830078125,nan,nan
21,39,60,unlabeled,False,nan,-1.2667189157009124,473.5504103219509,nan,472.28369140625,nan,nan
21,40,61,unlabeled,False,nan,-1.1495150724053382,476.5685214200616,nan,475.41900634765625,nan,nan
21,41,62,unlabeled,False,nan,-1.0556103926151992,477.8378979902715,nan,476.78228759765625,nan,nan
21,42,63,unlabeled,False,nan,-0.9346376712247729,479.9062258059904,nan,478.9715881347656,nan,nan
22,13,35,unlabeled,False,nan,-1.5575185957551003,212.05242216020824,nan,210.49490356445312,nan,nan
22,14,36,unlabeled,False,nan,-1.3905153328180313,238.0237093025446,nan,236.63319396972656,nan,nan
22,15,37,unlabeled,False,nan,-1.3460060548782349,257.4504982423782,nan,256.1044921875,nan,nan
22,16,38,unlabeled,False,nan,-0.9919231006503105,279.0067241260409,nan,278.0148010253906,nan,nan
22,17,39,unlabeled,False,nan,-0.65126898676157,295.60436346918345,nan,294.9530944824219,nan,nan
22,39,61,unlabeled,False,nan,-0.6763509581983089,492.5690511535108,nan,491.8927001953125,nan,nan
22,40,62,unlabeled,False,nan,-0.7153010688722133,496.9273066841066,nan,496.2120056152344,nan,nan
22,41,63,unlabeled,False,nan,-0.8189613773673773,498.47127460978925,nan,497.6523132324219,nan,nan
22,42,64,unlabeled,False,nan,-0.8255150981247426,501.8591149516404,nan,501.0335998535156,nan,nan
22,43,65,unlabeled,False,nan,-0.8577831126376987,502.89968374740334,nan,502.0419006347656,nan,nan
23,14,37,unlabeled,False,nan,-1.5262299624085427,232.3344269838929,nan,230.80819702148438,nan,nan
23,15,38,unlabeled,False,nan,-1.6199848884344101,253.27348830640315,nan,251.65350341796875,nan,nan
23,16,39,unlabeled,False,nan,-1.2282697141170502,275.3260785520077,nan,274.0978088378906,nan,nan
23,17,40,unlabeled,False,nan,-1.2863104292750358,293.53841614216566,nan,292.2521057128906,nan,nan
23,18,41,unlabeled,False,nan,-0.14351325230207293,312.6659131546458,nan,312.52239990234375,nan,nan
23,19,42,unlabeled,False,nan,-0.2253473406750709,328.91003972348756,nan,328.6846923828125,nan,nan
23,41,64,unlabeled,False,nan,-0.6642018830776215,515.8045217072963,nan,515.1403198242188,nan,nan
23,42,65,unlabeled,False,nan,-0.7175430051982403,519.4331191770732,nan,518.715576171875,nan,nan
23,43,66,unlabeled,False,nan,-0.7683464655652642,521.5862175593153,nan,520.81787109375,nan,nan
24,16,40,unlabeled,False,nan,-1.217477517426014,273.9012848904729,nan,272.6838073730469,nan,nan
24,17,41,unlabeled,False,nan,-1.1340713968873024,292.6721573343873,nan,291.5380859375,nan,nan
24,18,42,unlabeled,False,nan,-0.47209326416254044,313.5005051293969,nan,313.0284118652344,nan,nan
24,19,43,unlabeled,False,nan,-0.06324806708376855,330.0219577838806,nan,329.9587097167969,nan,nan
24,42,66,unlabeled,False,nan,-0.4503689033538103,539.0839748603851,nan,538.6336059570312,nan,nan
24,43,67,unlabeled,False,nan,-0.45813503973186015,541.2920583795756,nan,540.8339233398438,nan,nan
25,18,43,unlabeled,False,nan,-0.6371347570419311,310.47652074337003,nan,309.8393859863281,nan,nan
25,19,44,unlabeled,False,nan,-0.7238329443335533,328.59553704589604,nan,327.8717041015625,nan,nan
25,20,45,unlabeled,False,nan,-0.2745627825707197,348.474574989602,nan,348.20001220703125,nan,nan
25,42,67,unlabeled,False,nan,-0.22709414628334343,554.5876898494083,nan,554.360595703125,nan,nan
25,43,68,unlabeled,False,nan,-0.2276791375875473,557.8036068719625,nan,557.575927734375,nan,nan
25,44,69,unlabeled,False,nan,-0.021164132335106844,562.1943819057726,nan,562.1732177734375,nan,nan
25,45,70,unlabeled,False,nan,0.20099463539663703,565.0425356380408,nan,565.2435302734375,nan,nan
25,46,71,unlabeled,False,nan,0.4269654405582696,569.1658079969417,nan,569.5927734375,nan,nan
26,18,44,unlabeled,False,nan,-0.5062223932892084,309.69060960032044,nan,309.18438720703125,nan,nan
26,19,45,unlabeled,False,nan,-0.46455158658325674,328.32725300259887,nan,327.8627014160156,nan,nan
26,20,46,unlabeled,False,nan,-0.40638688288629055,349.70237687312067,nan,349.2959899902344,nan,nan
26,21,47,unlabeled,False,nan,-0.4511020042002201,366.02440522685646,nan,365.57330322265625,nan,nan
26,42,68,unlabeled,False,nan,0.16343443170189859,572.198137833923,nan,572.361572265625,nan,nan
26,43,69,unlabeled,False,nan,0.11249977413564921,575.6234011047706,nan,575.7359008789062,nan,nan
26,44,70,unlabeled,False,nan,0.21386657675728202,581.1503302005865,nan,581.3641967773438,nan,nan
26,45,71,unlabeled,False,nan,0.35655065840110184,584.1909346931614,nan,584.5474853515625,nan,nan
26,46,72,unlabeled,False,nan,0.6028510373830795,589.3399590212107,nan,589.9428100585938,nan,nan
26,47,73,unlabeled,False,nan,0.8486821299791336,592.1514399403334,nan,593.0001220703125,nan,nan
27,19,46,unlabeled,False,nan,-0.8026377055048942,325.7173410746455,nan,324.9147033691406,nan,nan
27,20,47,unlabeled,False,nan,-0.39682610554620623,347.21683342976496,nan,346.82000732421875,nan,nan
27,21,48,unlabeled,False,nan,-0.7400848583877087,364.8043853954971,nan,364.0643005371094,nan,nan
27,22,49,unlabeled,False,nan,-0.3505984789133072,383.9282046800852,nan,383.5776062011719,nan,nan
27,45,72,unlabeled,False,nan,0.5441314132511615,600.1193817703426,nan,600.6635131835938,nan,nan
27,46,73,unlabeled,False,nan,0.8147566318511963,605.4520280361176,nan,606.2667846679688,nan,nan
27,47,74,unlabeled,False,nan,1.0792332845926285,609.2188624185324,nan,610.298095703125,nan,nan
27,48,75,unlabeled,False,nan,1.6310947906970978,614.0562831389904,nan,615.6873779296875,nan,nan
27,49,76,unlabeled,False,nan,2.5134018564224245,617.1473037099838,nan,619.6607055664062,nan,nan
27,50,77,unlabeled,False,nan,3.0892240691184996,621.8067720246315,nan,624.89599609375,nan,nan
27,51,78,unlabeled,False,nan,2.9540884530544282,623.1402108633519,nan,626.0942993164062,nan,nan
27,52,79,unlabeled,False,nan,2.9578957951068876,625.2136740291119,nan,628.1715698242188,nan,nan
28,20,48,unlabeled,False,nan,-0.09722306759562344,346.9822328332206,nan,346.885009765625,nan,nan
28,21,49,unlabeled,False,nan,-0.15730155895464124,364.8436113734078,nan,364.6863098144531,nan,nan
28,22,50,unlabeled,False,nan,0.12504475635010748,385.08354289013425,nan,385.2085876464844,nan,nan
28,23,51,unlabeled,False,nan,0.15079285837709905,401.4840948369354,nan,401.6348876953125,nan,nan
28,46,74,unlabeled,False,nan,0.8934087970852852,623.9493646404147,nan,624.8427734375,nan,nan
28,47,75,unlabeled,False,nan,1.2308182892203332,627.7732710662484,nan,629.0040893554688,nan,nan
28,48,76,unlabeled,False,nan,1.863534425497055,633.5228791487217,nan,635.3864135742188,nan,nan
28,49,77,unlabeled,False,nan,2.55894322514534,636.8887496459485,nan,639.4476928710938,nan,nan
28,50,78,unlabeled,False,nan,3.161748206615448,642.5262400746345,nan,645.68798828125,nan,nan
28,51,79,unlabeled,False,nan,3.016107872724533,643.8081719124317,nan,646.8242797851562,nan,nan
28,52,80,unlabeled,False,nan,3.003404132127762,646.8211808288097,nan,649.8245849609375,nan,nan
28,53,81,unlabeled,False,nan,2.7719637537002564,647.6369107580185,nan,650.4088745117188,nan,nan
28,54,82,unlabeled,False,nan,2.7051059830188753,650.1241176497937,nan,652.8292236328125,nan,nan
29,21,50,unlabeled,False,nan,-0.435184064861387,360.6154819164239,nan,360.1802978515625,nan,nan
29,22,51,unlabeled,False,nan,0.2828322144690901,380.8737534788903,nan,381.1565856933594,nan,nan
29,23,52,unlabeled,False,nan,-0.22675055044514011,398.7276355602108,nan,398.5008850097656,nan,nan
29,24,53,unlabeled,False,nan,0.6183832173049449,417.6048223491013,nan,418.22320556640625,nan,nan
29,25,54,unlabeled,False,nan,0.03189515345962718,434.32259703404037,nan,434.3544921875,nan,nan
29,51,80,unlabeled,False,nan,2.8482719469070434,659.4700263929367,nan,662.3182983398438,nan,nan
29,52,81,unlabeled,False,nan,2.7813346469402314,662.6872932827473,nan,665.4686279296875,nan,nan
29,53,82,unlabeled,False,nan,2.491660525798798,664.5372091031074,nan,667.0288696289062,nan,nan
29,54,83,unlabeled,False,nan,2.3998819363117216,667.1693319308757,nan,669.5692138671875,nan,nan
29,55,84,unlabeled,False,nan,2.18756669819355,668.4689274424314,nan,670.656494140625,nan,nan
29,56,85,unlabeled,False,nan,2.1616932660341264,670.4841197222471,nan,672.6458129882812,nan,nan
30,22,52,unlabeled,False,nan,0.49015865977853534,378.69444217029957,nan,379.1846008300781,nan,nan
30,23,53,unlabeled,False,nan,0.37958791371434925,396.72530100230125,nan,397.1048889160156,nan,nan
30,24,54,unlabeled,False,nan,0.81316241055727,416.941049015224,nan,417.75421142578125,nan,nan
30,25,55,unlabeled,False,nan,0.7967488023638726,433.6877482679486,nan,434.4844970703125,nan,nan
30,26,56,unlabeled,False,nan,1.2424886071681975,452.76230265259744,nan,454.0047912597656,nan,nan
30,27,57,unlabeled,False,nan,1.1667358097434044,468.59736331135036,nan,469.76409912109375,nan,nan
30,53,83,unlabeled,False,nan,2.2141171991825104,682.5627993047237,nan,684.7769165039062,nan,nan
30,54,84,unlabeled,False,nan,2.1186923962831496,686.1855068224669,nan,688.30419921875,nan,nan
30,55,85,unlabeled,False,nan,1.9250013607740402,687.5165269595385,nan,689.4415283203125,nan,nan
30,56,86,unlabeled,False,nan,1.9368172776699066,690.4989737379551,nan,692.435791015625,nan,nan
31,24,55,unlabeled,False,nan,0.6567723029851913,412.8504298454523,nan,413.5072021484375,nan,nan
31,25,56,unlabeled,False,nan,0.10745416730467695,430.98803533464843,nan,431.0954895019531,nan,nan
31,26,57,unlabeled,False,nan,0.8851945039629936,450.1975996854901,nan,451.0827941894531,nan,nan
31,27,58,unlabeled,False,nan,0.3091170315444469,467.2809708590805,nan,467.590087890625,nan,nan
31,28,59,unlabeled,False,nan,1.0864094585180282,485.584000697732,nan,486.67041015625,nan,nan
31,29,60,unlabeled,False,nan,0.39956365488469603,499.6881438646466,nan,500.08770751953125,nan,nan
31,55,86,unlabeled,False,nan,1.4488851779699325,703.7085855251551,nan,705.157470703125,nan,nan
31,56,87,unlabeled,False,nan,1.429685589671135,706.8450946837663,nan,708.2747802734375,nan,nan
32,26,58,unlabeled,False,nan,1.0611223196983337,449.3326765084267,nan,450.393798828125,nan,nan
32,27,59,unlabeled,False,nan,0.7142281645536422,466.75287388622763,nan,467.46710205078125,nan,nan
32,28,60,unlabeled,False,nan,1.0580320027470589,486.24137595623733,nan,487.2994079589844,nan,nan
32,29,61,unlabeled,False,nan,0.7160017123818397,500.6687028774619,nan,501.38470458984375,nan,nan
32,30,62,unlabeled,False,nan,0.775138008594513,517.1948326945305,nan,517.969970703125,nan,nan
32,55,87,unlabeled,False,nan,1.16410449385643,720.9294013655185,nan,722.093505859375,nan,nan
32,56,88,unlabeled,False,nan,1.1850589379668235,724.9587398901582,nan,726.143798828125,nan,nan
32,57,89,unlabeled,False,nan,1.2074338206648827,726.6176394215227,nan,727.8250732421875,nan,nan
32,58,90,unlabeled,False,nan,1.2615464097261428,730.1178481215238,nan,731.37939453125,nan,nan
32,59,91,unlabeled,False,nan,1.2864267098903657,731.3522451651096,nan,732.638671875,nan,nan
33,28,61,unlabeled,False,nan,0.6719755686819553,483.55541090592743,nan,484.2273864746094,nan,nan
33,29,62,unlabeled,False,nan,0.06791776123922318,499.0247946411045,nan,499.09271240234375,nan,nan
33,30,63,unlabeled,False,nan,0.34324269771575927,515.8847846460343,nan,516.22802734375,nan,nan
33,31,64,unlabeled,False,nan,-0.4290876414626837,530.1443586375565,nan,529.7152709960938,nan,nan
33,55,88,unlabeled,False,nan,0.8875706642866135,735.1179224997759,nan,736.0054931640625,nan,nan
33,56,89,unlabeled,False,nan,0.9754728528857232,739.2343049791456,nan,740.2097778320312,nan,nan
33,57,90,unlabeled,False,nan,1.0923099249601365,741.6738033562899,nan,742.76611328125,nan,nan
33,58,91,unlabeled,False,nan,1.1977977448701858,745.2456226652861,nan,746.4434204101562,nan,nan
33,59,92,unlabeled,False,nan,1.2306325587630271,747.3630564060808,nan,748.5936889648438,nan,nan
33,60,93,unlabeled,False,nan,1.1921915850043296,750.5958333173394,nan,751.7880249023438,nan,nan
34,29,63,unlabeled,False,nan,0.31391964497044683,498.58378543315456,nan,498.897705078125,nan,nan
34,30,64,unlabeled,False,nan,0.2624236555956304,516.5525787858106,nan,516.8150024414062,nan,nan
34,31,65,unlabeled,False,nan,0.012913157725706696,530.9223895766493,nan,530.935302734375,nan,nan
34,32,66,unlabeled,False,nan,-0.07268001899588854,547.6512933002459,nan,547.57861328125,nan,nan
34,58,92,unlabeled,False,nan,1.0460399755835532,762.5103565087915,nan,763.556396484375,nan,nan
34,59,93,unlabeled,False,nan,1.1461328393220902,764.6215673559905,nan,765.7677001953125,nan,nan
34,60,94,unlabeled,False,nan,1.1193167495727538,768.743659324646,nan,769.8629760742188,nan,nan
34,61,95,unlabeled,False,nan,1.0352885502576827,770.6409809809924,nan,771.67626953125,nan,nan
34,62,96,unlabeled,False,nan,0.9590209457278251,774.3815552261472,nan,775.340576171875,nan,nan
34,63,97,unlabeled,False,nan,0.8960569781064988,775.8908692914248,nan,776.7869262695312,nan,nan
35,30,65,unlabeled,False,nan,-0.0542539044492878,513.8662656231993,nan,513.81201171875,nan,nan
35,31,66,unlabeled,False,nan,-0.5910785584151745,529.2593524841964,nan,528.6682739257812,nan,nan
35,32,67,unlabeled,False,nan,-0.20169724453240634,546.0362919710949,nan,545.8345947265625,nan,nan
35,33,68,unlabeled,False,nan,-0.829848766028881,560.3147730824352,nan,559.4849243164062,nan,nan
35,59,94,unlabeled,False,nan,1.0746568658947944,778.9490247747302,nan,780.023681640625,nan,nan
35,60,95,unlabeled,False,nan,1.0363052904605865,783.2056991040706,nan,784.2420043945312,nan,nan
35,61,96,unlabeled,False,nan,0.9308622872829437,785.9704438650608,nan,786.9013061523438,nan,nan
35,62,97,unlabeled,False,nan,0.8668684017658234,789.7937150943279,nan,790.6605834960938,nan,nan
35,63,98,unlabeled,False,nan,0.7725054469704628,792.1933759006857,nan,792.9658813476562,nan,nan
35,64,99,unlabeled,False,nan,0.7303363850712776,795.5688579508662,nan,796.2991943359375,nan,nan
35,65,100,unlabeled,False,nan,0.6733346666395664,797.6041921888292,nan,798.2775268554688,nan,nan
35,66,101,unlabeled,False,nan,0.7236985991895198,800.4891309906542,nan,801.2128295898438,nan,nan
35,67,102,unlabeled,False,nan,0.7288813611865044,802.158203599751,nan,802.8870849609375,nan,nan
36,31,67,unlabeled,False,nan,-0.22861890085041522,528.7449152875691,nan,528.5162963867188,nan,nan
36,32,68,unlabeled,False,nan,-0.32350586652755736,546.7431225657463,nan,546.4196166992188,nan,nan
36,33,69,unlabeled,False,nan,-0.3466212476044893,561.0175196851045,nan,560.6708984375,nan,nan
36,34,70,unlabeled,False,nan,-0.42684092715382577,577.8790503998101,nan,577.4522094726562,nan,nan
36,62,98,unlabeled,False,nan,0.7231804785132409,807.2914069238306,nan,808.0145874023438,nan,nan
36,63,99,unlabeled,False,nan,0.6113242405653,809.7475624781847,nan,810.35888671875,nan,nan
36,64,100,unlabeled,False,nan,0.6057732750475406,813.9544073890149,nan,814.5601806640625,nan,nan
36,65,101,unlabeled,False,nan,0.5785587427020072,815.9719173315167,nan,816.5504760742188,nan,nan
36,66,102,unlabeled,False,nan,0.6534829393029213,819.7102865919471,nan,820.36376953125,nan,nan
36,67,103,unlabeled,False,nan,0.6576699590682984,821.3664389276505,nan,822.0241088867188,nan,nan
37,32,69,unlabeled,False,nan,-0.4897615429759026,543.9983675000071,nan,543.5086059570312,nan,nan
37,33,70,unlabeled,False,nan,-1.0598087057471275,559.5147037252784,nan,558.4548950195312,nan,nan
37,34,71,unlabeled,False,nan,-0.5152172431349754,576.2504467353225,nan,575.7352294921875,nan,nan
37,35,72,unlabeled,False,nan,-1.1759918174147606,590.7875030478835,nan,589.6115112304688,nan,nan
37,66,103,unlabeled,False,nan,0.3925834307819605,835.5201973309368,nan,835.9127807617188,nan,nan
37,67,104,unlabeled,False,nan,0.38344943419098854,838.017673612684,nan,838.401123046875,nan,nan
38,33,71,unlabeled,False,nan,-0.5735720060765743,558.9344728849828,nan,558.3609008789062,nan,nan
38,34,72,unlabeled,False,nan,-0.6445309035480022,576.9827267043293,nan,576.3381958007812,nan,nan
38,35,73,unlabeled,False,nan,-0.692660753428936,591.4771456167102,nan,590.7844848632812,nan,nan
38,36,74,unlabeled,False,nan,-0.6827811026573181,608.4415701651574,nan,607.7587890625,nan,nan
38,65,103,unlabeled,False,nan,0.09602999384049327,848.669472935847,nan,848.7655029296875,nan,nan
38,66,104,unlabeled,False,nan,0.2596236887574196,853.2171829518676,nan,853.476806640625,nan,nan
38,67,105,unlabeled,False,nan,0.24949096746742724,855.7345788567513,nan,855.9840698242188,nan,nan
38,68,106,unlabeled,False,nan,0.39157546430826184,859.9238542231917,nan,860.3154296875,nan,nan
39,34,73,unlabeled,False,nan,-0.8545955872535705,574.3798031067848,nan,573.5252075195312,nan,nan
39,35,74,unlabeled,False,nan,-1.2602844816446304,589.8898010832071,nan,588.6295166015625,nan,nan
39,36,75,unlabeled,False,nan,-0.8045504647493362,606.8853610116244,nan,606.080810546875,nan,nan
39,37,76,unlabeled,False,nan,-1.2623665779829025,621.4844735115767,nan,620.2221069335938,nan,nan
39,38,77,unlabeled,False,nan,-0.6427013584971428,637.4671032139659,nan,636.8244018554688,nan,nan
39,39,78,unlabeled,False,nan,-1.0252222883701325,651.1428980696202,nan,650.11767578125,nan,nan
39,66,105,unlabeled,False,nan,0.21401215820573272,867.312782275388,nan,867.5267944335938,nan,nan
39,67,106,unlabeled,False,nan,0.2775028130039573,870.5385982612148,nan,870.8161010742188,nan,nan
39,68,107,unlabeled,False,nan,0.45277393523603676,874.7676240139828,nan,875.2203979492188,nan,nan
39,69,108,unlabeled,False,nan,0.6180341111123562,877.5766680373251,nan,878.1947021484375,nan,nan
39,70,109,unlabeled,False,nan,1.091160236299038,881.1238666191697,nan,882.2150268554688,nan,nan
39,71,110,unlabeled,False,nan,1.3190223705768584,883.7222984302044,nan,885.0413208007812,nan,nan
40,35,75,unlabeled,False,nan,-0.8711623831093311,589.4676589651406,nan,588.5964965820312,nan,nan
40,36,76,unlabeled,False,nan,-0.8067849169671536,607.5146096239984,nan,606.7078247070312,nan,nan
40,37,77,unlabeled,False,nan,-0.8179797433316708,622.2100695870816,nan,621.39208984375,nan,nan
40,38,78,unlabeled,False,nan,-0.576107147783041,639.1715050970018,nan,638.5953979492188,nan,nan
40,39,79,unlabeled,False,nan,-0.38596653684973714,652.8416550134123,nan,652.4556884765625,nan,nan
40,67,107,unlabeled,False,nan,0.6652836707234383,886.2748408409954,nan,886.9401245117188,nan,nan
40,68,108,unlabeled,False,nan,0.8168858361244201,891.3195277380943,nan,892.1364135742188,nan,nan
40,69,109,unlabeled,False,nan,0.911571481525898,894.2241096708178,nan,895.1356811523438,nan,nan
40,70,110,unlabeled,False,nan,1.2251526162028312,898.7328551962971,nan,899.9580078125,nan,nan
40,71,111,unlabeled,False,nan,1.4366057044267655,901.339700447917,nan,902.7763061523438,nan,nan
40,72,112,unlabeled,False,nan,1.7103031718730926,905.3222896015644,nan,907.0325927734375,nan,nan
41,38,79,unlabeled,False,nan,-0.48983078338205815,637.1452262911946,nan,636.6553955078125,nan,nan
41,39,80,unlabeled,False,nan,-0.8056733617186547,651.8943574437499,nan,651.0886840820312,nan,nan
41,40,81,unlabeled,False,nan,-0.10055162929464131,668.0665550472634,nan,667.9660034179688,nan,nan
41,41,82,unlabeled,False,nan,-0.48651097759604456,681.8358151768148,nan,681.3493041992188,nan,nan
41,70,111,unlabeled,False,nan,1.342921086549759,912.7720691478253,nan,914.114990234375,nan,nan
41,71,112,unlabeled,False,nan,1.518752040863037,916.2245340919494,nan,917.7432861328125,nan,nan
41,72,113,unlabeled,False,nan,1.6860837578773498,920.3375368475914,nan,922.0236206054688,nan,nan
41,73,114,unlabeled,False,nan,1.7829075354337691,923.2169703942537,nan,924.9998779296875,nan,nan
41,74,115,unlabeled,False,nan,1.8465022748708726,927.2286930376291,nan,929.0751953125,nan,nan
42,38,80,unlabeled,False,nan,-0.36608649069443344,637.0554785805382,nan,636.6893920898438,nan,nan
42,39,81,unlabeled,False,nan,-0.3672200024873018,652.0079060376436,nan,651.6406860351562,nan,nan
42,40,82,unlabeled,False,nan,-0.20462404984980823,669.2956274678186,nan,669.0910034179688,nan,nan
42,41,83,unlabeled,False,nan,-0.05913973382906988,683.057430749454,nan,682.998291015625,nan,nan
42,42,84,unlabeled,False,nan,-0.12689852892421186,699.1994693297055,nan,699.0725708007812,nan,nan
42,71,113,unlabeled,False,nan,1.4348831743001937,931.9784469038248,nan,933.413330078125,nan,nan
42,72,114,unlabeled,False,nan,1.531599344611168,936.9309861046075,nan,938.4625854492188,nan,nan
42,73,115,unlabeled,False,nan,1.642012416124344,939.8069011580944,nan,941.4489135742188,nan,nan
42,74,116,unlabeled,False,nan,1.6797970390319825,944.623425617218,nan,946.30322265625,nan,nan
42,75,117,unlabeled,False,nan,1.7231435781717301,947.4133310312033,nan,949.136474609375,nan,nan
43,40,83,unlabeled,False,nan,-0.3057956418208778,667.1967868527584,nan,666.8909912109375,nan,nan
43,41,84,unlabeled,False,nan,-0.5877119643986225,681.9100386245549,nan,681.3223266601562,nan,nan
43,42,85,unlabeled,False,nan,-0.279876119652763,698.1394952602777,nan,697.859619140625,nan,nan
43,43,86,unlabeled,False,nan,-0.6571105587482452,711.9000304806233,nan,711.242919921875,nan,nan
43,73,116,unlabeled,False,nan,1.3481234842538834,953.9077969259024,nan,955.2559204101562,nan,nan
43,74,117,unlabeled,False,nan,1.3942109233140945,958.7760161274672,nan,960.1702270507812,nan,nan
43,75,118,unlabeled,False,nan,1.4818494981527328,962.265648060441,nan,963.7474975585938,nan,nan
43,76,119,unlabeled,False,nan,1.554284666776657,966.8974975597858,nan,968.4517822265625,nan,nan
43,77,120,unlabeled,False,nan,1.671945874094963,970.219167407155,nan,971.89111328125,nan,nan
43,78,121,unlabeled,False,nan,1.780558604001999,974.6128129780293,nan,976.3933715820312,nan,nan
44,41,85,unlabeled,False,nan,-0.48834348529577254,682.3596203407645,nan,681.8712768554688,nan,nan
44,42,86,unlabeled,False,nan,-0.6790102112293244,699.6386049377918,nan,698.9595947265625,nan,nan
44,43,87,unlabeled,False,nan,-0.7096781639754772,713.5765604881942,nan,712.8668823242188,nan,nan
44,44,88,unlabeled,False,nan,-0.8862133580446243,730.1664257603884,nan,729.2802124023438,nan,nan
44,74,118,unlabeled,False,nan,0.8333131566643714,975.1868894800543,nan,976.0202026367188,nan,nan
44,75,119,unlabeled,False,nan,1.0278933036327362,978.5906369698048,nan,979.6185302734375,nan,nan
44,76,120,unlabeled,False,nan,1.1283840870857238,983.9504122996331,nan,985.0787963867188,nan,nan
44,77,121,unlabeled,False,nan,1.3688940531015397,987.1492333883048,nan,988.5181274414062,nan,nan
44,78,122,unlabeled,False,nan,1.513426901102066,992.2719734895229,nan,993.785400390625,nan,nan
44,79,123,unlabeled,False,nan,1.620584436058998,995.4481411498786,nan,997.0687255859375,nan,nan
45,42,87,unlabeled,False,nan,-0.9367013880610466,697.724299044311,nan,696.78759765625,nan,nan
45,43,88,unlabeled,False,nan,-1.1421476101875305,712.3660245633125,nan,711.223876953125,nan,nan
45,44,89,unlabeled,False,nan,-1.0816117352247239,729.1707840985059,nan,728.0891723632812,nan,nan
45,45,90,unlabeled,False,nan,-1.2557322460412979,743.11822003901,nan,741.8624877929688,nan,nan
45,46,91,unlabeled,False,nan,-1.0948215946555138,758.0906101688743,nan,756.9957885742188,nan,nan
45,75,120,unlabeled,False,nan,0.7762533411383629,992.1002725377679,nan,992.8765258789062,nan,nan
45,77,122,unlabeled,False,nan,0.9647228661179542,1001.6063830909133,nan,1002.5711059570312,nan,nan
45,78,123,unlabeled,False,nan,1.1046653306484222,1006.7847389662265,nan,1007.889404296875,nan,nan
45,79,124,unlabeled,False,nan,1.275896248817444,1010.6307809972764,nan,1011.9066772460938,nan,nan
45,80,125,unlabeled,False,nan,1.4551627933979034,1015.5598518550396,nan,1017.0150146484375,nan,nan
46,43,89,unlabeled,False,nan,-1.1580617767572403,712.9449880462885,nan,711.7869262695312,nan,nan
46,44,90,unlabeled,False,nan,-1.177736676633358,730.3659080633521,nan,729.1881713867188,nan,nan
46,45,91,unlabeled,False,nan,-1.2177779632806778,744.688297982812,nan,743.4705200195312,nan,nan
46,78,124,unlabeled,False,nan,0.625177513062954,1023.3372248306871,nan,1023.96240234375,nan,nan
46,79,125,unlabeled,False,nan,0.9028609058260918,1027.0928666332363,nan,1027.9957275390625,nan,nan
46,80,126,unlabeled,False,nan,1.1883222702145577,1032.6637285110355,nan,1033.85205078125,nan,nan
46,81,127,unlabeled,False,nan,1.5114974957704543,1036.210792543292,nan,1037.7222900390625,nan,nan
46,82,128,unlabeled,False,nan,1.9556541574001312,1041.4239845144748,nan,1043.379638671875,nan,nan
46,83,129,unlabeled,False,nan,1.9122519129514695,1042.8436074620486,nan,1044.755859375,nan,nan
46,84,130,unlabeled,False,nan,1.998360270857811,1045.8308633619547,nan,1047.8292236328125,nan,nan
46,85,131,unlabeled,False,nan,1.9214450389146804,1047.0050686329603,nan,1048.926513671875,nan,nan
46,86,132,unlabeled,False,nan,1.9720656728744508,1049.7237351083756,nan,1051.69580078125,nan,nan
47,44,91,unlabeled,False,nan,-1.285840089917183,728.3530397969485,nan,727.0671997070312,nan,nan
47,45,92,unlabeled,False,nan,-1.3767199063301085,743.2432360196113,nan,741.8665161132812,nan,nan
47,46,93,unlabeled,False,nan,-1.2354589200019837,760.3122411465645,nan,759.0767822265625,nan,nan
47,47,94,unlabeled,False,nan,-1.3558510023355483,774.605973072648,nan,773.2501220703125,nan,nan
47,79,126,unlabeled,False,nan,0.49671841263771055,1041.0400247514249,nan,1041.5367431640625,nan,nan
47,80,127,unlabeled,False,nan,0.7957872444391251,1046.6631971305608,nan,1047.458984375,nan,nan
47,81,128,unlabeled,False,nan,1.188218184709549,1050.8610982215405,nan,1052.04931640625,nan,nan
47,82,129,unlabeled,False,nan,1.5784157890081405,1056.1771994453668,nan,1057.755615234375,nan,nan
47,83,130,unlabeled,False,nan,1.5329276579618454,1058.2269600373506,nan,1059.7598876953125,nan,nan
47,84,131,unlabeled,False,nan,1.6793976080417634,1061.0878143060208,nan,1062.7672119140625,nan,nan
47,85,132,unlabeled,False,nan,1.5948253321647643,1062.9187244725226,nan,1064.5135498046875,nan,nan
47,86,133,unlabeled,False,nan,1.5975050216913222,1065.612333845496,nan,1067.2098388671875,nan,nan
48,44,92,unlabeled,False,nan,-1.2608993846178054,728.433079560399,nan,727.1721801757812,nan,nan
48,45,93,unlabeled,False,nan,-1.282401368021965,743.729911133647,nan,742.447509765625,nan,nan
48,46,94,unlabeled,False,nan,-1.1416106298565865,761.3234343603253,nan,760.1818237304688,nan,nan
48,47,95,unlabeled,False,nan,-1.1316032218933105,775.9876823234558,nan,774.8560791015625,nan,nan
48,48,96,unlabeled,False,nan,-0.9060458585619926,792.8954257413745,nan,791.9893798828125,nan,nan
48,85,133,unlabeled,False,nan,1.159523383975029,1080.1250225144624,nan,1081.2845458984375,nan,nan
48,86,134,unlabeled,False,nan,1.1794442364573479,1083.4573965838551,nan,1084.6368408203125,nan,nan
48,87,135,unlabeled,False,nan,0.9177642157673835,1085.1083588311076,nan,1086.026123046875,nan,nan
49,46,95,unlabeled,False,nan,-1.1448704513907433,759.260654142797,nan,758.1157836914062,nan,nan
49,47,96,unlabeled,False,nan,-1.2183548927307128,774.518464756012,nan,773.3001098632812,nan,nan
49,48,97,unlabeled,False,nan,-0.94613171428442,791.8205213627219,nan,790.8743896484375,nan,nan
49,49,98,unlabeled,False,nan,-1.0783619195222856,806.5420460015536,nan,805.4636840820312,nan,nan
49,84,133,unlabeled,False,nan,0.4205214065313339,1092.9046739059686,nan,1093.3251953125,nan,nan
49,85,134,unlabeled,False,nan,0.38252874828875066,1095.1890044548363,nan,1095.571533203125,nan,nan
49,86,135,unlabeled,False,nan,0.5417303577065468,1098.3200860485435,nan,1098.86181640625,nan,nan
49,87,136,unlabeled,False,nan,0.40314741551876065,1100.4709980922937,nan,1100.8741455078125,nan,nan
49,88,137,unlabeled,False,nan,0.38613431390374897,1103.4932602173462,nan,1103.87939453125,nan,nan
50,47,97,unlabeled,False,nan,-0.9665382194519043,774.8736427116394,nan,773.9071044921875,nan,nan
50,48,98,unlabeled,False,nan,-0.7072659841179848,792.7076932302117,nan,792.0004272460938,nan,nan
50,49,99,unlabeled,False,nan,-0.6979146015644073,807.7845845234394,nan,807.086669921875,nan,nan
50,53,103,unlabeled,False,nan,-0.35899277336895463,859.4728843749315,nan,859.1138916015625,nan,nan
50,86,136,unlabeled,False,nan,0.19819384621456265,1114.786547364723,nan,1114.9847412109375,nan,nan
50,87,137,unlabeled,False,nan,0.23437894264236092,1116.6667441042327,nan,1116.901123046875,nan,nan
50,88,138,unlabeled,False,nan,0.3687782444059849,1120.167598708719,nan,1120.536376953125,nan,nan
50,89,139,unlabeled,False,nan,0.34489348117262125,1121.8777627688273,nan,1122.22265625,nan,nan
50,90,140,unlabeled,False,nan,0.45533539466559886,1125.1467153865844,nan,1125.60205078125,nan,nan
51,48,99,unlabeled,False,nan,-0.8000781175494194,788.4634692308307,nan,787.6633911132812,nan,nan
51,49,100,unlabeled,False,nan,-0.8584920102357865,803.9952107602358,nan,803.13671875,nan,nan
51,50,101,unlabeled,False,nan,-0.5509235375374556,821.5199176781624,nan,820.968994140625,nan,nan
51,51,102,unlabeled,False,nan,-0.7117143796384334,834.121016137451,nan,833.4093017578125,nan,nan
51,52,103,unlabeled,False,nan,-0.45181048460304735,847.6173988635093,nan,847.1655883789062,nan,nan
51,53,104,unlabeled,False,nan,-0.6605913397669793,858.6444780585169,nan,857.98388671875,nan,nan
51,87,138,unlabeled,False,nan,0.20920292526483536,1128.4979503950476,nan,1128.7071533203125,nan,nan
51,88,139,unlabeled,False,nan,0.423669925481081,1131.9836787073314,nan,1132.4073486328125,nan,nan
51,89,140,unlabeled,False,nan,0.465205814614892,1134.3435100056977,nan,1134.8087158203125,nan,nan
51,90,141,unlabeled,False,nan,0.5908846239745617,1137.641171040088,nan,1138.2320556640625,nan,nan
51,91,142,unlabeled,False,nan,0.6480230990052224,1139.7653069791197,nan,1140.413330078125,nan,nan
52,48,100,unlabeled,False,nan,-0.5765231343358755,785.9989474507421,nan,785.4224243164062,nan,nan
52,49,101,unlabeled,False,nan,-0.6196180708706379,801.8702894575894,nan,801.2506713867188,nan,nan
52,50,102,unlabeled,False,nan,-0.3521021006256342,819.8240869639069,nan,819.4719848632812,nan,nan
52,51,103,unlabeled,False,nan,-0.4644181185588241,832.8727433138713,nan,832.4083251953125,nan,nan
52,55,107,unlabeled,False,nan,-0.6001761427521706,883.7657034865022,nan,883.16552734375,nan,nan
52,89,141,unlabeled,False,nan,0.5739486964046955,1148.0097915379704,nan,1148.583740234375,nan,nan
52,90,142,unlabeled,False,nan,0.6897611562907696,1152.0342378671467,nan,1152.7239990234375,nan,nan
52,91,143,unlabeled,False,nan,0.7651078274846077,1154.1472456881404,nan,1154.912353515625,nan,nan
52,92,144,unlabeled,False,nan,0.7855847495794296,1158.0020129066706,nan,1158.78759765625,nan,nan
52,93,145,unlabeled,False,nan,0.6966486154496669,1160.0452947439253,nan,1160.741943359375,nan,nan
52,94,146,unlabeled,False,nan,0.5248837561532855,1163.8322939782217,nan,1164.357177734375,nan,nan
53,50,103,unlabeled,False,nan,-0.5002569093182683,815.330273999162,nan,814.8300170898438,nan,nan
53,51,104,unlabeled,False,nan,-0.6863744048029184,828.9506566313654,nan,828.2642822265625,nan,nan
53,52,105,unlabeled,False,nan,-0.5761880418658256,844.5298013231159,nan,843.95361328125,nan,nan
53,53,106,unlabeled,False,nan,-0.8534345689415932,857.5173139634728,nan,856.6638793945312,nan,nan
53,54,107,unlabeled,False,nan,-0.7424629375338554,871.4486396953464,nan,870.7061767578125,nan,nan
53,55,108,unlabeled,False,nan,-0.9531619983911515,882.8076541858911,nan,881.8544921875,nan,nan
53,90,143,unlabeled,False,nan,0.6210778707265854,1163.4748693948984,nan,1164.095947265625,nan,nan
53,91,144,unlabeled,False,nan,0.7492775133252144,1166.2189842054247,nan,1166.96826171875,nan,nan
53,92,145,unlabeled,False,nan,0.8007732912898063,1170.0817950680853,nan,1170.882568359375,nan,nan
53,93,146,unlabeled,False,nan,0.7229216898977756,1172.8029572163523,nan,1173.52587890625,nan,nan
53,94,147,unlabeled,False,nan,0.5613577813655138,1176.599897101447,nan,1177.1612548828125,nan,nan
53,95,148,unlabeled,False,nan,0.35698325586505236,1179.2205313925724,nan,1179.5775146484375,nan,nan
54,50,104,unlabeled,False,nan,-0.409502568282187,812.6994805956259,nan,812.2899780273438,nan,nan
54,51,105,unlabeled,False,nan,-0.6078218452632427,826.790133856982,nan,826.1823120117188,nan,nan
54,52,106,unlabeled,False,nan,-0.6301895225048065,842.9967666709423,nan,842.3665771484375,nan,nan
54,53,107,unlabeled,False,nan,-0.7918796807527542,856.339792278409,nan,855.5479125976562,nan,nan
54,57,111,unlabeled,False,nan,-1.0462256196141242,908.5123511078954,nan,907.4661254882812,nan,nan
54,93,147,unlabeled,False,nan,0.6994073055684566,1186.7815497256815,nan,1187.48095703125,nan,nan
54,94,148,unlabeled,False,nan,0.5330909308791161,1191.2741600456834,nan,1191.8072509765625,nan,nan
54,95,149,unlabeled,False,nan,0.31936801921576263,1193.8901046370343,nan,1194.20947265625,nan,nan
54,96,150,unlabeled,False,nan,0.10851092081982643,1198.1562595869927,nan,1198.2647705078125,nan,nan
55,52,107,unlabeled,False,nan,-0.8329509195685386,838.5155681070686,nan,837.6826171875,nan,nan
55,53,108,unlabeled,False,nan,-1.038798085153103,852.3766887101531,nan,851.337890625,nan,nan
55,54,109,unlabeled,False,nan,-1.018848526775837,868.2550545814634,nan,867.2362060546875,nan,nan
55,55,110,unlabeled,False,nan,-1.223689751625061,881.4271809625626,nan,880.2034912109375,nan,nan
55,56,111,unlabeled,False,nan,-1.1928094440698624,895.7075799518824,nan,894.5147705078125,nan,nan
55,57,112,unlabeled,False,nan,-1.272037637233734,907.2431680083275,nan,905.9711303710938,nan,nan
55,60,115,unlabeled,False,nan,-1.1209119635820388,944.8369153815507,nan,943.7160034179688,nan,nan
55,61,116,unlabeled,False,nan,-1.1140961477160454,955.3174042531848,nan,954.2033081054688,nan,nan
55,94,149,unlabeled,False,nan,0.3896554548293352,1202.9885183732956,nan,1203.378173828125,nan,nan
55,95,150,unlabeled,False,nan,0.1621575685404241,1206.2772955564596,nan,1206.439453125,nan,nan
55,96,151,unlabeled,False,nan,-0.04566945152822882,1210.5575102718408,nan,1210.5118408203125,nan,nan
55,97,152,unlabeled,False,nan,-0.27211272361688316,1213.6071957314293,nan,1213.3350830078125,nan,nan
56,52,108,unlabeled,False,nan,-0.8826547074317932,835.9662728714943,nan,835.0836181640625,nan,nan
56,53,109,unlabeled,False,nan,-0.960797761976719,850.1367010822892,nan,849.1759033203125,nan,nan
56,54,110,unlabeled,False,nan,-1.0558123365044594,866.6010393872857,nan,865.5452270507812,nan,nan
56,55,111,unlabeled,False,nan,-1.2238850563764572,880.1853718727828,nan,878.9614868164062,nan,nan
56,56,112,unlabeled,False,nan,-1.3263081204891205,895.9920796048641,nan,894.665771484375,nan,nan
56,57,113,unlabeled,False,nan,-1.342543978691101,907.8546289396286,nan,906.5120849609375,nan,nan
56,59,115,unlabeled,False,nan,-1.3503138649463653,933.3089930641651,nan,931.9586791992188,nan,nan
56,60,116,unlabeled,False,nan,-1.4484606182575226,946.964451829195,nan,945.5159912109375,nan,nan
56,62,118,unlabeled,False,nan,-1.5377019596099855,970.877301568985,nan,969.339599609375,nan,nan
56,95,151,unlabeled,False,nan,-0.12453723992221058,1219.9840343102346,nan,1219.8594970703125,nan,nan
56,96,152,unlabeled,False,nan,-0.23736926992423832,1224.8331944652368,nan,1224.5958251953125,nan,nan
56,97,153,unlabeled,False,nan,-0.42046663485467434,1227.8235428067296,nan,1227.403076171875,nan,nan
56,98,154,unlabeled,False,nan,-0.5060224837064743,1232.3613691633939,nan,1231.8553466796875,nan,nan
56,99,155,unlabeled,False,nan,-0.6996989656984806,1235.1064372469484,nan,1234.40673828125,nan,nan
57,56,113,unlabeled,False,nan,-1.397029836177826,892.1608237814903,nan,890.7637939453125,nan,nan
57,57,114,unlabeled,False,nan,-1.4573543804883957,905.4284847515821,nan,903.9711303710938,nan,nan
57,58,115,unlabeled,False,nan,-1.4504192316532134,919.9808147394657,nan,918.5303955078125,nan,nan
57,59,116,unlabeled,False,nan,-1.5122081995010377,931.7839367151261,nan,930.271728515625,nan,nan
57,60,117,unlabeled,False,nan,-1.5305071079730987,945.7524919712544,nan,944.2219848632812,nan,nan
57,61,118,unlabeled,False,nan,-1.6304693830013275,957.1007452619076,nan,955.4702758789062,nan,nan
57,62,119,unlabeled,False,nan,-1.6891469448804854,970.532774874568,nan,968.8436279296875,nan,nan
57,63,120,unlabeled,False,nan,-1.792807136774063,981.4167085039616,nan,979.6239013671875,nan,nan
57,64,121,unlabeled,False,nan,-1.7959138095378875,994.2421418368816,nan,992.4462280273438,nan,nan
57,65,122,unlabeled,False,nan,-1.8360172456502915,1004.6125065034628,nan,1002.7764892578125,nan,nan
57,66,123,unlabeled,False,nan,-1.7666953992843628,1016.8345054578781,nan,1015.0678100585938,nan,nan
57,96,153,unlabeled,False,nan,-0.6109723354876041,1236.257822921425,nan,1235.6468505859375,nan,nan
57,97,154,unlabeled,False,nan,-0.7139872851967811,1239.8021220508217,nan,1239.088134765625,nan,nan
57,98,155,unlabeled,False,nan,-0.696486428976059,1244.252882913351,nan,1243.556396484375,nan,nan
57,99,156,unlabeled,False,nan,-0.7987059791386127,1247.545410080701,nan,1246.7467041015625,nan,nan
57,100,157,unlabeled,False,nan,-0.7632627700269222,1251.6783018325268,nan,1250.9150390625,nan,nan
58,56,114,unlabeled,False,nan,-1.4722301918268204,890.4230358558893,nan,888.9508056640625,nan,nan
58,57,115,unlabeled,False,nan,-1.4723820561170577,904.0594792240859,nan,902.5870971679688,nan,nan
58,58,116,unlabeled,False,nan,-1.5394630831480027,920.0318336886168,nan,918.4923706054688,nan,nan
58,59,117,unlabeled,False,nan,-1.5622451025247575,932.1689345556498,nan,930.606689453125,nan,nan
58,60,118,unlabeled,False,nan,-1.6593294471502305,946.6433382362127,nan,944.9840087890625,nan,nan
58,61,119,unlabeled,False,nan,-1.7374134582281113,958.3107166808844,nan,956.5733032226562,nan,nan
58,62,120,unlabeled,False,nan,-1.8698935902118683,972.2544761097431,nan,970.3845825195312,nan,nan
58,63,121,unlabeled,False,nan,-1.9486448788642883,983.4245359921456,nan,981.4758911132812,nan,nan
58,64,122,unlabeled,False,nan,-2.0128086376190186,996.7590244579316,nan,994.7462158203125,nan,nan
58,65,123,unlabeled,False,nan,-2.0279736906290053,1007.3854566007852,nan,1005.3574829101562,nan,nan
58,66,124,unlabeled,False,nan,-2.042261531352997,1020.1490730547905,nan,1018.1068115234375,nan,nan
58,67,125,unlabeled,False,nan,-1.9768058532476425,1030.2309562438727,nan,1028.254150390625,nan,nan
58,96,154,unlabeled,False,nan,-0.8237689903378487,1249.6605609825253,nan,1248.8367919921875,nan,nan
58,98,156,unlabeled,False,nan,-0.7413068473339081,1258.1727033317088,nan,1257.431396484375,nan,nan
58,99,157,unlabeled,False,nan,-0.8142603343725204,1261.3980005687474,nan,1260.583740234375,nan,nan
58,100,158,unlabeled,False,nan,-0.6897046422958374,1266.0367505407332,nan,1265.3470458984375,nan,nan
58,101,159,unlabeled,False,nan,-0.760964917242527,1268.940286206305,nan,1268.1793212890625,nan,nan
58,102,160,unlabeled,False,nan,-0.6668312905728817,1273.2693703530729,nan,1272.6025390625,nan,nan
59,65,124,unlabeled,False,nan,-2.2035069066286086,1007.6640171605349,nan,1005.4605102539062,nan,nan
59,66,125,unlabeled,False,nan,-2.1363282603025437,1020.6981568735838,nan,1018.5618286132812,nan,nan
59,67,126,unlabeled,False,nan,-2.175953266620636,1031.322071430683,nan,1029.1461181640625,nan,nan
59,68,127,unlabeled,False,nan,-1.9548347717523575,1043.5972908264398,nan,1041.6424560546875,nan,nan
59,99,158,unlabeled,False,nan,-0.9956121051311493,1273.3482732379437,nan,1272.3526611328125,nan,nan
59,100,159,unlabeled,False,nan,-0.7988306567072868,1277.9498316332697,nan,1277.1510009765625,nan,nan
59,101,160,unlabeled,False,nan,-0.832943645119667,1281.4512297779322,nan,1280.6182861328125,nan,nan
59,102,161,unlabeled,False,nan,-0.6989097276329994,1285.7515220323205,nan,1285.0526123046875,nan,nan
60,66,126,unlabeled,False,nan,-2.0633894526958465,1023.1951643550397,nan,1021.1317749023438,nan,nan
60,67,127,unlabeled,False,nan,-2.0147192239761353,1034.009836411476,nan,1031.9951171875,nan,nan
60,68,128,unlabeled,False,nan,-1.8805488002300264,1046.812921847105,nan,1044.932373046875,nan,nan
60,69,129,unlabeled,False,nan,-1.716874806880951,1056.966630666256,nan,1055.249755859375,nan,nan
60,101,161,unlabeled,False,nan,-0.681716557443142,1294.8190456590057,nan,1294.1373291015625,nan,nan
60,102,162,unlabeled,False,nan,-0.413675287514925,1299.617288568765,nan,1299.20361328125,nan,nan
60,103,163,unlabeled,False,nan,-0.5141448944807052,1302.8480071991683,nan,1302.3338623046875,nan,nan
60,104,164,unlabeled,False,nan,-0.31491439186036585,1307.3600804074854,nan,1307.045166015625,nan,nan
61,67,128,unlabeled,False,nan,-2.039741888642311,1033.9298786073923,nan,1031.89013671875,nan,nan
61,68,129,unlabeled,False,nan,-1.739512705206871,1046.8719589942693,nan,1045.1324462890625,nan,nan
61,69,130,unlabeled,False,nan,-1.7407721924781798,1057.6084479737283,nan,1055.86767578125,nan,nan
61,70,131,unlabeled,False,nan,-1.5187765294313431,1070.0118185216188,nan,1068.4930419921875,nan,nan
61,71,132,unlabeled,False,nan,-1.4547850155830384,1079.327099468708,nan,1077.872314453125,nan,nan
61,101,162,unlabeled,False,nan,-0.7398271226882934,1305.9480790758132,nan,1305.208251953125,nan,nan
61,102,163,unlabeled,False,nan,-0.4450529159605503,1310.7416837753356,nan,1310.296630859375,nan,nan
61,103,164,unlabeled,False,nan,-0.511631218791008,1314.5405618828536,nan,1314.0289306640625,nan,nan
61,104,165,unlabeled,False,nan,-0.30876819051802157,1319.049979128018,nan,1318.7412109375,nan,nan
62,68,130,unlabeled,False,nan,-1.6170420837402344,1048.8523936462402,nan,1047.2353515625,nan,nan
62,69,131,unlabeled,False,nan,-1.5927566862106324,1059.820417819023,nan,1058.2276611328125,nan,nan
62,70,132,unlabeled,False,nan,-1.4543773758411407,1072.7234203445912,nan,1071.26904296875,nan,nan
62,71,133,unlabeled,False,nan,-1.4395398724079131,1081.9818982708455,nan,1080.5423583984375,nan,nan
62,72,134,unlabeled,False,nan,-1.4210445141792298,1094.3366939282416,nan,1092.9156494140625,nan,nan
62,103,165,unlabeled,False,nan,-0.20103077907115222,1327.019878435321,nan,1326.81884765625,nan,nan
62,104,166,unlabeled,False,nan,0.03428639494813979,1332.0988923159894,nan,1332.1331787109375,nan,nan
62,105,167,unlabeled,False,nan,-0.1119469883106649,1335.6204919101856,nan,1335.508544921875,nan,nan
62,106,168,unlabeled,False,nan,0.030272112656384707,1340.4274915592187,nan,1340.457763671875,nan,nan
63,70,133,unlabeled,False,nan,-1.421228688955307,1072.4202521264554,nan,1070.9990234375,nan,nan
63,71,134,unlabeled,False,nan,-1.4175440961122512,1081.8378321820499,nan,1080.4202880859375,nan,nan
63,72,135,unlabeled,False,nan,-1.3584971207380294,1094.4230723160506,nan,1093.0645751953125,nan,nan
63,73,136,unlabeled,False,nan,-1.2341154861450194,1104.6399992752076,nan,1103.4058837890625,nan,nan
63,103,166,unlabeled,False,nan,-0.2704847306758165,1337.4483411759884,nan,1337.1778564453125,nan,nan
63,104,167,unlabeled,False,nan,-0.048552284850738946,1342.5557544332883,nan,1342.5072021484375,nan,nan
63,105,168,unlabeled,False,nan,-0.15329964173957705,1346.6117957354895,nan,1346.45849609375,nan,nan
63,106,169,unlabeled,False,nan,-0.050442799124866725,1351.4532748303748,nan,1351.40283203125,nan,nan
64,71,135,unlabeled,False,nan,-1.3221264576911926,1083.4374829030037,nan,1082.1153564453125,nan,nan
64,72,136,unlabeled,False,nan,-1.3031394183635712,1096.4767234027386,nan,1095.173583984375,nan,nan
64,73,137,unlabeled,False,nan,-1.197775386571884,1106.9466767537594,nan,1105.7489013671875,nan,nan
64,74,138,unlabeled,False,nan,-1.1627351868152618,1119.5838777649403,nan,1118.421142578125,nan,nan
64,75,139,unlabeled,False,nan,-0.8228422027826309,1129.476284585595,nan,1128.6534423828125,nan,nan
64,105,169,unlabeled,False,nan,0.031389190210029484,1358.4850903019774,nan,1358.5164794921875,nan,nan
64,106,170,unlabeled,False,nan,0.14115286769345403,1363.8976654916814,nan,1364.038818359375,nan,nan
65,72,137,unlabeled,False,nan,-1.20346443682909,1095.554050374329,nan,1094.3505859375,nan,nan
65,73,138,unlabeled,False,nan,-1.0761037844419479,1106.402031518817,nan,1105.325927734375,nan,nan
65,74,139,unlabeled,False,nan,-0.9869462680816651,1119.2522050571442,nan,1118.2652587890625,nan,nan
65,104,169,unlabeled,False,nan,0.029921857948065737,1363.6462256029895,nan,1363.6761474609375,nan,nan
65,105,170,unlabeled,False,nan,-0.12009514724835753,1368.2835472956858,nan,1368.1634521484375,nan,nan
65,106,171,unlabeled,False,nan,-0.03349262034753338,1373.7312465265975,nan,1373.69775390625,nan,nan
66,73,139,unlabeled,False,nan,-1.0231988182663918,1107.7351128807663,nan,1106.7119140625,nan,nan
66,74,140,unlabeled,False,nan,-0.9928757256269455,1121.0480515068768,nan,1120.05517578125,nan,nan
66,75,141,unlabeled,False,nan,-0.731202629506588,1131.6586928638817,nan,1130.927490234375,nan,nan
66,76,142,unlabeled,False,nan,-0.700034430027008,1144.570884039402,nan,1143.870849609375,nan,nan
66,104,170,unlabeled,False,nan,0.2544391724839807,1374.2217571165786,nan,1374.4761962890625,nan,nan
66,105,171,unlabeled,False,nan,0.05019512806553394,1378.912329285997,nan,1378.9625244140625,nan,nan
66,106,172,unlabeled,False,nan,0.21796031054109336,1384.832820939459,nan,1385.05078125,nan,nan
67,73,140,unlabeled,False,nan,-0.9334495443105698,1106.2483909505606,nan,1105.31494140625,nan,nan
67,74,141,unlabeled,False,nan,-0.8772514548897743,1119.8224418845773,nan,1118.9451904296875,nan,nan
67,75,142,unlabeled,False,nan,-0.6061741232872009,1130.8156467795372,nan,1130.20947265625,nan,nan
67,76,143,unlabeled,False,nan,-0.47651930794119834,1143.8943659876286,nan,1143.4178466796875,nan,nan
67,105,172,unlabeled,False,nan,-0.1399034662358463,1387.4903673334234,nan,1387.3504638671875,nan,nan
67,106,173,unlabeled,False,nan,0.01477692000567913,1393.4500668299943,nan,1393.46484375,nan,nan
67,107,174,unlabeled,False,nan,-0.25185714844614265,1398.373927460946,nan,1398.1220703125,nan,nan
67,108,175,unlabeled,False,nan,-0.0721655513800215,1403.9126196529426,nan,1403.8404541015625,nan,nan
67,109,176,unlabeled,False,nan,-0.38399253897368907,1408.5336507420986,nan,1408.149658203125,nan,nan
68,75,143,unlabeled,False,nan,-0.635938941091299,1131.9264662848414,nan,1131.29052734375,nan,nan
68,76,144,unlabeled,False,nan,-0.6305757455527783,1145.5263276986777,nan,1144.895751953125,nan,nan
68,77,145,unlabeled,False,nan,-0.2032722494378686,1156.2433113119378,nan,1156.0400390625,nan,nan
68,105,173,unlabeled,False,nan,0.08015959582291543,1396.8503823963647,nan,1396.9305419921875,nan,nan
68,106,174,unlabeled,False,nan,0.2853469948470593,1403.2914352317155,nan,1403.5767822265625,nan,nan
68,107,175,unlabeled,False,nan,-0.07298810963518917,1408.3080955315102,nan,1408.235107421875,nan,nan
68,108,176,unlabeled,False,nan,0.10931108770892024,1414.3831205529161,nan,1414.492431640625,nan,nan
68,109,177,unlabeled,False,nan,-0.2263844389375299,1419.017033853,nan,1418.7906494140625,nan,nan
68,110,178,unlabeled,False,nan,0.06907916423399002,1424.6019413435786,nan,1424.6710205078125,nan,nan
69,75,144,unlabeled,False,nan,-0.43842000313103197,1130.0519453937561,nan,1129.613525390625,nan,nan
69,76,145,unlabeled,False,nan,-0.3898240531235933,1143.8936082328112,nan,1143.5037841796875,nan,nan
69,77,146,unlabeled,False,nan,-0.10509016486816108,1155.1402464148682,nan,1155.03515625,nan,nan
69,80,149,unlabeled,False,nan,0.2545610021799803,1192.41438431032,nan,1192.6689453125,nan,nan
69,81,150,unlabeled,False,nan,0.27610935755074023,1203.1811660330743,nan,1203.457275390625,nan,nan
69,108,177,unlabeled,False,nan,-0.12651582339778542,1422.3699240265228,nan,1422.243408203125,nan,nan
69,109,178,unlabeled,False,nan,-0.4495824420452118,1427.5133031451703,nan,1427.063720703125,nan,nan
69,110,179,unlabeled,False,nan,-0.20610992969945074,1433.167169500012,nan,1432.9610595703125,nan,nan
69,111,180,unlabeled,False,nan,-0.22620395640842617,1437.664558448596,nan,1437.4383544921875,nan,nan
69,112,181,unlabeled,False,nan,0.4013370732963085,1442.5542293329536,nan,1442.95556640625,nan,nan
69,113,182,unlabeled,False,nan,0.8784818563610315,1446.645443924889,nan,1447.52392578125,nan,nan
69,114,183,unlabeled,False,nan,1.5901606503129004,1451.330981927812,nan,1452.921142578125,nan,nan
70,76,146,unlabeled,False,nan,-0.5118378959596157,1144.5446748100221,nan,1144.0328369140625,nan,nan
70,77,147,unlabeled,False,nan,-0.1792320794146508,1155.9963707512898,nan,1155.817138671875,nan,nan
70,78,148,unlabeled,False,nan,-0.23856232240796088,1169.9039675958454,nan,1169.6654052734375,nan,nan
70,79,149,unlabeled,False,nan,0.13014267024584114,1180.9315028375668,nan,1181.0616455078125,nan,nan
70,80,150,unlabeled,False,nan,0.06361369834281504,1194.4173433329072,nan,1194.48095703125,nan,nan
70,83,153,unlabeled,False,nan,0.5054697304964065,1227.0284658163787,nan,1227.533935546875,nan,nan
70,109,179,unlabeled,False,nan,-0.22601602151989936,1436.7417630918324,nan,1436.5157470703125,nan,nan
70,110,180,unlabeled,False,nan,0.12834449645597487,1442.8136721051064,nan,1442.9420166015625,nan,nan
70,111,181,unlabeled,False,nan,0.00954237302998081,1447.406717392595,nan,1447.416259765625,nan,nan
70,112,182,unlabeled,False,nan,0.5874341187626123,1452.8852221312375,nan,1453.47265625,nan,nan
70,113,183,unlabeled,False,nan,1.0107227928936482,1457.238178574294,nan,1458.2489013671875,nan,nan
70,114,184,unlabeled,False,nan,1.7435142016410827,1462.4536293530464,nan,1464.1971435546875,nan,nan
70,115,185,unlabeled,False,nan,1.9888530266284943,1466.347694824934,nan,1468.3365478515625,nan,nan
70,116,186,unlabeled,False,nan,2.304286314845085,1471.8044783335924,nan,1474.1087646484375,nan,nan
71,76,147,unlabeled,False,nan,-0.3096022501774132,1142.1623854533025,nan,1141.852783203125,nan,nan
71,77,148,unlabeled,False,nan,-0.14420419424772263,1154.0892725536228,nan,1153.945068359375,nan,nan
71,78,149,unlabeled,False,nan,-0.0816487175389193,1168.0900715691014,nan,1168.0084228515625,nan,nan
71,79,150,unlabeled,False,nan,0.09070997391361743,1179.6219365104614,nan,1179.712646484375,nan,nan
71,80,151,unlabeled,False,nan,0.12689498520456255,1193.1891450538578,nan,1193.3160400390625,nan,nan
71,81,152,unlabeled,False,nan,0.21358133379369973,1204.4116628068314,nan,1204.625244140625,nan,nan
71,83,154,unlabeled,False,nan,0.49007263138890267,1226.797769165486,nan,1227.287841796875,nan,nan
71,111,182,unlabeled,False,nan,-0.09664438360370696,1455.3999891101662,nan,1455.3033447265625,nan,nan
71,113,184,unlabeled,False,nan,1.1805719476938248,1466.1443792241812,nan,1467.324951171875,nan,nan
71,114,185,unlabeled,False,nan,1.7848276197910309,1471.458336442709,nan,1473.2431640625,nan,nan
71,115,186,unlabeled,False,nan,2.0044804793596267,1475.8609980362653,nan,1477.865478515625,nan,nan
71,116,187,unlabeled,False,nan,2.2005170142650603,1481.389326735735,nan,1483.58984375,nan,nan
72,79,151,unlabeled,False,nan,-0.06919464504811913,1180.0129202309856,nan,1179.9437255859375,nan,nan
72,80,152,unlabeled,False,nan,-0.032927486044354734,1193.974944087607,nan,1193.9420166015625,nan,nan
72,81,153,unlabeled,False,nan,0.08810932505177334,1205.4032236827607,nan,1205.4913330078125,nan,nan
72,82,154,unlabeled,False,nan,0.30919705165550115,1218.725348846782,nan,1219.0345458984375,nan,nan
72,83,155,unlabeled,False,nan,0.3973004636913538,1228.329628247246,nan,1228.7269287109375,nan,nan
72,85,157,unlabeled,False,nan,0.3831653422117233,1249.4023571187258,nan,1249.7855224609375,nan,nan
72,115,187,unlabeled,False,nan,1.9475002527236938,1485.7779636144637,nan,1487.7254638671875,nan,nan
72,116,188,unlabeled,False,nan,2.0588391858339308,1491.9349352282286,nan,1493.9937744140625,nan,nan
72,117,189,unlabeled,False,nan,1.9842609721422195,1496.4608073872328,nan,1498.445068359375,nan,nan
72,118,190,unlabeled,False,nan,1.9493040347099304,1502.566076824665,nan,1504.515380859375,nan,nan
72,119,191,unlabeled,False,nan,1.8954640370607376,1506.8872508066893,nan,1508.78271484375,nan,nan
73,80,153,unlabeled,False,nan,-0.023076856341212988,1191.8520563485288,nan,1191.8289794921875,nan,nan
73,81,154,unlabeled,False,nan,-0.0031883958261460068,1203.769545817701,nan,1203.766357421875,nan,nan
73,82,155,unlabeled,False,nan,0.23823835980147123,1217.345379804261,nan,1217.5836181640625,nan,nan
73,83,156,unlabeled,False,nan,0.19750650191912428,1227.4094270918308,nan,1227.60693359375,nan,nan
73,85,158,unlabeled,False,nan,0.11821016929112375,1249.0852810416463,nan,1249.2034912109375,nan,nan
73,115,188,unlabeled,False,nan,1.47390476167202,1493.8956020742655,nan,1495.3695068359375,nan,nan
73,116,189,unlabeled,False,nan,1.6103654646873473,1500.0563825821876,nan,1501.666748046875,nan,nan
73,117,190,unlabeled,False,nan,1.6146690881252288,1505.0343787634372,nan,1506.6490478515625,nan,nan
73,118,191,unlabeled,False,nan,1.685887861251831,1511.0534920215607,nan,1512.7393798828125,nan,nan
73,119,192,unlabeled,False,nan,1.6549445706605912,1515.8907097262145,nan,1517.545654296875,nan,nan
73,120,193,unlabeled,False,nan,1.6670098382234573,1521.7490057867765,nan,1523.416015625,nan,nan
74,82,156,unlabeled,False,nan,0.2136253277072683,1217.8809791644803,nan,1218.0946044921875,nan,nan
74,83,157,unlabeled,False,nan,0.10688368615694344,1228.1809581107182,nan,1228.287841796875,nan,nan
74,84,158,unlabeled,False,nan,-0.014802691673394293,1240.5189530822984,nan,1240.504150390625,nan,nan
74,85,159,unlabeled,False,nan,-0.11167752447538078,1250.4852126807255,nan,1250.37353515625,nan,nan
74,87,161,unlabeled,False,nan,-0.1636249104887247,1271.9557391683013,nan,1271.7921142578125,nan,nan
74,115,189,unlabeled,False,nan,0.9908179321885109,1503.285671325624,nan,1504.2764892578125,nan,nan
74,118,192,unlabeled,False,nan,1.2860505437850953,1521.4423430109025,nan,1522.7283935546875,nan,nan
74,119,193,unlabeled,False,nan,1.3321304136514664,1526.2055893129111,nan,1527.5377197265625,nan,nan
74,120,194,unlabeled,False,nan,1.4248979604244232,1532.5311567270755,nan,1533.9560546875,nan,nan
74,121,195,unlabeled,False,nan,1.4087662130594254,1537.1605697244406,nan,1538.5693359375,nan,nan
74,122,196,unlabeled,False,nan,1.4230701607465743,1543.3404796439409,nan,1544.7635498046875,nan,nan
75,82,157,unlabeled,False,nan,0.13951478783041238,1215.7530633371696,nan,1215.892578125,nan,nan
75,83,158,unlabeled,False,nan,-0.11318645456805826,1226.501125907693,nan,1226.387939453125,nan,nan
75,84,159,unlabeled,False,nan,-0.18371085779042914,1238.982905193728,nan,1238.7991943359375,nan,nan
75,85,160,unlabeled,False,nan,-0.3215011633187532,1249.3079513586313,nan,1248.9864501953125,nan,nan
75,87,162,unlabeled,False,nan,-0.38168425895273683,1271.3028268370776,nan,1270.921142578125,nan,nan
75,119,194,unlabeled,False,nan,0.8030507525801659,1534.5406992474198,nan,1535.34375,nan,nan
75,120,195,unlabeled,False,nan,0.9469934755563736,1540.8480504697561,nan,1541.7950439453125,nan,nan
75,121,196,unlabeled,False,nan,1.04512551009655,1545.8992104274034,nan,1546.9443359375,nan,nan
75,122,197,unlabeled,False,nan,1.1563473266363145,1552.0072268921137,nan,1553.16357421875,nan,nan
75,123,198,unlabeled,False,nan,1.1757215103507042,1556.9351183333993,nan,1558.11083984375,nan,nan
75,124,199,unlabeled,False,nan,1.2764261147379876,1562.808778963387,nan,1564.085205078125,nan,nan
76,84,160,unlabeled,False,nan,-0.300178954936564,1239.3203205564992,nan,1239.0201416015625,nan,nan
76,85,161,unlabeled,False,nan,-0.4219001293182373,1249.7914069652556,nan,1249.3695068359375,nan,nan
76,86,162,unlabeled,False,nan,-0.5110069876909256,1262.246846831441,nan,1261.73583984375,nan,nan
76,87,163,unlabeled,False,nan,-0.5542453753948212,1272.3293918597699,nan,1271.775146484375,nan,nan
76,89,165,unlabeled,False,nan,-0.521481985449791,1294.0611548370123,nan,1293.5396728515625,nan,nan
76,121,197,unlabeled,False,nan,0.6486778599023819,1555.9006385463476,nan,1556.54931640625,nan,nan
76,122,198,unlabeled,False,nan,0.8451535698771476,1562.4703981879354,nan,1563.3155517578125,nan,nan
76,123,199,unlabeled,False,nan,0.963193516433239,1567.3097557023168,nan,1568.27294921875,nan,nan
76,124,200,unlabeled,False,nan,1.1584089604020118,1573.644813695848,nan,1574.80322265625,nan,nan
76,125,201,unlabeled,False,nan,1.26648539185524,1578.2709901940823,nan,1579.5374755859375,nan,nan
76,126,202,unlabeled,False,nan,1.6041616660356521,1584.2135873574018,nan,1585.8177490234375,nan,nan
77,84,161,unlabeled,False,nan,-0.4183349820971489,1236.9505615445971,nan,1236.5322265625,nan,nan
77,85,162,unlabeled,False,nan,-0.5457434275746346,1247.7172522166372,nan,1247.1715087890625,nan,nan
77,86,163,unlabeled,False,nan,-0.5841729918122291,1260.3090265074372,nan,1259.724853515625,nan,nan
77,87,164,unlabeled,False,nan,-0.6600669330358505,1270.7301352924108,nan,1270.070068359375,nan,nan
77,88,165,unlabeled,False,nan,-0.6588444685935975,1282.9332585310935,nan,1282.2744140625,nan,nan
77,89,166,unlabeled,False,nan,-0.6266865696012974,1292.9614033664764,nan,1292.334716796875,nan,nan
77,121,198,unlabeled,False,nan,0.26829839318990706,1563.708019966185,nan,1563.976318359375,nan,nan
77,123,200,unlabeled,False,nan,0.5515506076812744,1575.7303097438812,nan,1576.2818603515625,nan,nan
77,124,201,unlabeled,False,nan,0.8120272332429885,1582.0391690558195,nan,1582.8511962890625,nan,nan
77,125,202,unlabeled,False,nan,0.9506828397512436,1587.1807868868113,nan,1588.1314697265625,nan,nan
77,126,203,unlabeled,False,nan,1.3495898249745368,1593.0952343937754,nan,1594.44482421875,nan,nan
78,86,164,unlabeled,False,nan,-0.618817447423935,1260.2236758458614,nan,1259.6048583984375,nan,nan
78,87,165,unlabeled,False,nan,-0.7015005815029144,1270.8085562455653,nan,1270.1070556640625,nan,nan
78,88,166,unlabeled,False,nan,-0.7321383315324783,1283.3515230971575,nan,1282.619384765625,nan,nan
78,89,167,unlabeled,False,nan,-0.7163107010722161,1293.5440694901347,nan,1292.8277587890625,nan,nan
78,91,169,unlabeled,False,nan,-0.6024923799932003,1315.5337667940557,nan,1314.9312744140625,nan,nan
78,125,203,unlabeled,False,nan,0.7124233706295491,1597.231058074683,nan,1597.9434814453125,nan,nan
78,126,204,unlabeled,False,nan,1.2110795626044273,1603.603739773333,nan,1604.8148193359375,nan,nan
78,127,205,unlabeled,False,nan,0.910156116783619,1606.8669434925914,nan,1607.777099609375,nan,nan
78,128,206,unlabeled,False,nan,0.7219846096634864,1611.6373903903366,nan,1612.359375,nan,nan
78,129,207,unlabeled,False,nan,0.43787434689700605,1614.7997965515406,nan,1615.2376708984375,nan,nan
78,130,208,unlabeled,False,nan,0.36639570735394955,1619.3485701129584,nan,1619.7149658203125,nan,nan
79,88,167,unlabeled,False,nan,-0.7494882392883301,1281.0048593330384,nan,1280.25537109375,nan,nan
79,89,168,unlabeled,False,nan,-0.7485556271672249,1291.5092978146672,nan,1290.7607421875,nan,nan
79,90,169,unlabeled,False,nan,-0.7233289587497711,1303.8433240759373,nan,1303.1199951171875,nan,nan
79,91,170,unlabeled,False,nan,-0.6533200669288636,1314.003661863804,nan,1313.350341796875,nan,nan
79,125,204,unlabeled,False,nan,0.1513727002684027,1605.458124370044,nan,1605.6094970703125,nan,nan
79,126,205,unlabeled,False,nan,0.8709338733553886,1611.664832728207,nan,1612.5357666015625,nan,nan
79,127,206,unlabeled,False,nan,0.6187569156289101,1615.2863944515586,nan,1615.9051513671875,nan,nan
79,128,207,unlabeled,False,nan,0.5771515436470509,1619.8192107610405,nan,1620.3963623046875,nan,nan
79,129,208,unlabeled,False,nan,0.28698289431631563,1623.4077192541213,nan,1623.6947021484375,nan,nan
79,130,209,unlabeled,False,nan,0.21502411829540505,1627.8629788113922,nan,1628.0780029296875,nan,nan
79,131,210,unlabeled,False,nan,-0.013060188209638,1631.3114000319597,nan,1631.29833984375,nan,nan
79,132,211,unlabeled,False,nan,-0.08112662051338702,1635.6497301361385,nan,1635.568603515625,nan,nan
79,133,212,unlabeled,False,nan,-0.13348403489217162,1638.8394166520798,nan,1638.7059326171875,nan,nan
79,134,213,unlabeled,False,nan,-0.14869065165519715,1643.0058683860302,nan,1642.857177734375,nan,nan
80,88,168,unlabeled,False,nan,-0.7596315410733223,1280.5080446270108,nan,1279.7484130859375,nan,nan
80,89,169,unlabeled,False,nan,-0.7222420918941498,1291.1278817403318,nan,1290.4056396484375,nan,nan
80,90,170,unlabeled,False,nan,-0.70000254124403,1303.764943947494,nan,1303.06494140625,nan,nan
80,91,171,unlabeled,False,nan,-0.6383442421257496,1314.0786518593131,nan,1313.4403076171875,nan,nan
80,93,173,unlabeled,False,nan,-0.5159874461591244,1336.3989220164717,nan,1335.8829345703125,nan,nan
80,129,209,unlabeled,False,nan,0.2716424322873354,1633.0570929192752,nan,1633.3287353515625,nan,nan
80,130,210,unlabeled,False,nan,0.15428739589639007,1637.9807223697287,nan,1638.135009765625,nan,nan
80,131,211,unlabeled,False,nan,-0.08831988104153425,1641.329652888854,nan,1641.2413330078125,nan,nan
80,132,212,unlabeled,False,nan,-0.15521726093254984,1646.1028490968702,nan,1645.9476318359375,nan,nan
80,133,213,unlabeled,False,nan,-0.2474022617470473,1649.2162743320596,nan,1648.9688720703125,nan,nan
80,134,214,unlabeled,False,nan,-0.31764198463410137,1653.8868558518216,nan,1653.5692138671875,nan,nan
80,135,215,unlabeled,False,nan,-0.43916907440871,1656.9386807931587,nan,1656.49951171875,nan,nan
81,90,171,unlabeled,False,nan,-0.6469432456791401,1300.950898323804,nan,1300.303955078125,nan,nan
81,91,172,unlabeled,False,nan,-0.6218010185658932,1311.5911613701285,nan,1310.9693603515625,nan,nan
81,92,173,unlabeled,False,nan,-0.6013013462722302,1324.0868970493973,nan,1323.485595703125,nan,nan
81,93,174,unlabeled,False,nan,-0.5360437285900116,1334.423983181715,nan,1333.887939453125,nan,nan
81,94,175,unlabeled,False,nan,-0.5083051100373268,1346.5954633131623,nan,1346.087158203125,nan,nan
81,131,212,unlabeled,False,nan,-0.3440654066950083,1649.3893534926326,nan,1649.0452880859375,nan,nan
81,133,214,unlabeled,False,nan,-0.49416364714503286,1657.5940171627701,nan,1657.099853515625,nan,nan
81,134,215,unlabeled,False,nan,-0.5528959140181542,1662.159097085893,nan,1661.606201171875,nan,nan
81,135,216,unlabeled,False,nan,-0.6340185157954693,1665.6025243751706,nan,1664.968505859375,nan,nan
81,136,217,unlabeled,False,nan,-0.7677470773458481,1670.1274882882833,nan,1669.3597412109375,nan,nan
81,137,218,unlabeled,False,nan,-0.8194484789669514,1673.4555568774044,nan,1672.6361083984375,nan,nan
82,90,172,unlabeled,False,nan,-0.5518285131454468,1299.9177953100204,nan,1299.365966796875,nan,nan
82,91,173,unlabeled,False,nan,-0.5498216584324837,1310.731096072495,nan,1310.1812744140625,nan,nan
82,92,174,unlabeled,False,nan,-0.5548137485980987,1323.5463908970355,nan,1322.9915771484375,nan,nan
82,93,175,unlabeled,False,nan,-0.5031829807162285,1334.0400482150912,nan,1333.536865234375,nan,nan
82,94,176,unlabeled,False,nan,-0.5353601399064064,1346.582601350844,nan,1346.0472412109375,nan,nan
82,95,177,unlabeled,False,nan,-0.3908749740570784,1356.7143613021822,nan,1356.323486328125,nan,nan
82,134,216,unlabeled,False,nan,-0.7075133526325226,1671.997674485445,nan,1671.2901611328125,nan,nan
82,135,217,unlabeled,False,nan,-0.7649055919051171,1675.304456373155,nan,1674.53955078125,nan,nan
82,136,218,unlabeled,False,nan,-0.8372707054018974,1680.2050685569643,nan,1679.3677978515625,nan,nan
82,137,219,unlabeled,False,nan,-0.8034313197433949,1683.3324840541184,nan,1682.529052734375,nan,nan
82,138,220,unlabeled,False,nan,-0.8453499099612236,1688.0947395583987,nan,1687.2493896484375,nan,nan
82,139,221,unlabeled,False,nan,-0.752898761332035,1691.068572589457,nan,1690.315673828125,nan,nan
82,140,222,unlabeled,False,nan,-0.8251530925929547,1695.7451970379054,nan,1694.9200439453125,nan,nan
83,93,176,unlabeled,False,nan,-0.497282060533762,1329.9582195605337,nan,1329.4609375,nan,nan
83,94,177,unlabeled,False,nan,-0.49834179669618606,1342.7185566404462,nan,1342.22021484375,nan,nan
83,95,178,unlabeled,False,nan,-0.36768244061619043,1353.2391424015536,nan,1352.8714599609375,nan,nan
83,96,179,unlabeled,False,nan,-0.3537095694243908,1365.6625474600494,nan,1365.308837890625,nan,nan
83,97,180,unlabeled,False,nan,-0.0836705669388175,1375.7737340435012,nan,1375.6900634765625,nan,nan
83,98,181,unlabeled,False,nan,-0.06886781298089772,1387.873311172356,nan,1387.804443359375,nan,nan
83,99,182,unlabeled,False,nan,0.32208250045776365,1397.5906372261047,nan,1397.9127197265625,nan,nan
83,100,183,unlabeled,False,nan,0.2707008869946003,1409.430348917693,nan,1409.7010498046875,nan,nan
83,101,184,unlabeled,False,nan,0.7660152539610863,1418.763281621039,nan,1419.529296875,nan,nan
83,102,185,unlabeled,False,nan,0.660025001168251,1430.3275238269568,nan,1430.987548828125,nan,nan
83,136,219,unlabeled,False,nan,-0.6399305118620395,1686.4266736759246,nan,1685.7867431640625,nan,nan
83,137,220,unlabeled,False,nan,-0.5342476040124893,1690.0243599087,nan,1689.4901123046875,nan,nan
83,138,221,unlabeled,False,nan,-0.6544807337224483,1694.88385085091,nan,1694.2293701171875,nan,nan
83,139,222,unlabeled,False,nan,-0.5847141763567925,1698.4213840982318,nan,1697.836669921875,nan,nan
83,140,223,unlabeled,False,nan,-0.7110490769147872,1703.1570939987898,nan,1702.446044921875,nan,nan
83,141,224,unlabeled,False,nan,-0.6940469361841679,1706.6443643189966,nan,1705.9503173828125,nan,nan
84,94,178,unlabeled,False,nan,-0.4796665449440479,1340.7368686933814,nan,1340.2572021484375,nan,nan
84,95,179,unlabeled,False,nan,-0.32892159674316646,1351.4553864404932,nan,1351.12646484375,nan,nan
84,96,180,unlabeled,False,nan,-0.3633689789846539,1364.3011131196097,nan,1363.937744140625,nan,nan
84,97,181,unlabeled,False,nan,-0.03782511608675122,1374.5549149598367,nan,1374.51708984375,nan,nan
84,98,182,unlabeled,False,nan,-0.10400604997295887,1387.110353706223,nan,1387.00634765625,nan,nan
84,99,183,unlabeled,False,nan,0.28658892123028634,1397.0051591256447,nan,1397.291748046875,nan,nan
84,100,184,unlabeled,False,nan,0.019693696298636498,1409.4363609912014,nan,1409.4560546875,nan,nan
84,101,185,unlabeled,False,nan,0.29678279515355827,1419.145477947034,nan,1419.4422607421875,nan,nan
84,139,223,unlabeled,False,nan,-0.40658666744828226,1706.9443063940107,nan,1706.5377197265625,nan,nan
84,140,224,unlabeled,False,nan,-0.5988780522346496,1712.2858897709846,nan,1711.68701171875,nan,nan
84,141,225,unlabeled,False,nan,-0.6661541433632374,1715.8404705496132,nan,1715.17431640625,nan,nan
84,142,226,unlabeled,False,nan,-0.9116748747229576,1721.0972217497228,nan,1720.185546875,nan,nan
84,143,227,unlabeled,False,nan,-1.1225712195038795,1724.668469657004,nan,1723.5458984375,nan,nan
84,144,228,unlabeled,False,nan,-1.3554138669371605,1729.7666687497497,nan,1728.4112548828125,nan,nan
84,145,229,unlabeled,False,nan,-1.466474859714508,1733.1019729065895,nan,1731.635498046875,nan,nan
85,100,185,unlabeled,False,nan,0.18326580053661018,1406.4307478713383,nan,1406.614013671875,nan,nan
85,101,186,unlabeled,False,nan,0.3193767177313566,1416.6429035557062,nan,1416.9622802734375,nan,nan
85,102,187,unlabeled,False,nan,0.10128813450690359,1428.8742978029932,nan,1428.9755859375,nan,nan
85,103,188,unlabeled,False,nan,0.3824799833446741,1438.6383940400929,nan,1439.0208740234375,nan,nan
85,104,189,unlabeled,False,nan,0.1656898985709995,1450.513509320179,nan,1450.67919921875,nan,nan
85,105,190,unlabeled,False,nan,0.5691433875262737,1459.8443087609112,nan,1460.4134521484375,nan,nan
85,140,225,unlabeled,False,nan,-0.20302534895017743,1719.1310038645752,nan,1718.927978515625,nan,nan
85,141,226,unlabeled,False,nan,-0.3756074947863817,1723.077878002599,nan,1722.7022705078125,nan,nan
85,142,227,unlabeled,False,nan,-0.7842748439311982,1728.2218969142436,nan,1727.4376220703125,nan,nan
85,143,228,unlabeled,False,nan,-1.0203698784112931,1732.2983239799737,nan,1731.2779541015625,nan,nan
85,144,229,unlabeled,False,nan,-1.2973017656803132,1737.4264521563052,nan,1736.129150390625,nan,nan
85,145,230,unlabeled,False,nan,-1.4270781964063644,1741.3025664776565,nan,1739.87548828125,nan,nan
85,146,231,unlabeled,False,nan,-1.5816072869300841,1746.1383699822427,nan,1744.5567626953125,nan,nan
85,147,232,unlabeled,False,nan,-1.6636603397130967,1749.8207648319005,nan,1748.1571044921875,nan,nan
85,148,233,unlabeled,False,nan,-1.714658510684967,1754.37408233881,nan,1752.659423828125,nan,nan
86,100,186,unlabeled,False,nan,-0.15244712709449232,1405.751446150532,nan,1405.5989990234375,nan,nan
86,101,187,unlabeled,False,nan,0.05082580751739443,1416.066483762795,nan,1416.1173095703125,nan,nan
86,102,188,unlabeled,False,nan,-0.18775702863000332,1428.6793341770674,nan,1428.4915771484375,nan,nan
86,103,189,unlabeled,False,nan,0.03358752050437033,1438.652325565433,nan,1438.6859130859375,nan,nan
86,104,190,unlabeled,False,nan,-0.1780744860507548,1450.8863264391757,nan,1450.708251953125,nan,nan
86,105,191,unlabeled,False,nan,0.05089062639279291,1460.5225957017321,nan,1460.573486328125,nan,nan
86,106,192,unlabeled,False,nan,-0.061397647117264566,1472.2972374908672,nan,1472.23583984375,nan,nan
86,144,230,unlabeled,False,nan,-1.176666696369648,1746.9579166963697,nan,1745.78125,nan,nan
86,145,231,unlabeled,False,nan,-1.3721942955255508,1750.6226825767756,nan,1749.25048828125,nan,nan
86,146,232,unlabeled,False,nan,-1.532776371240616,1755.9866337931155,nan,1754.453857421875,nan,nan
86,147,233,unlabeled,False,nan,-1.6217171078920365,1759.628797186017,nan,1758.007080078125,nan,nan
86,148,234,unlabeled,False,nan,-1.658266677260399,1764.6906153100729,nan,1763.0323486328125,nan,nan
87,104,191,unlabeled,False,nan,-0.2364459006488323,1448.3996539084612,nan,1448.1632080078125,nan,nan
87,105,192,unlabeled,False,nan,-0.1181778441555798,1458.497694445718,nan,1458.3795166015625,nan,nan
87,106,193,unlabeled,False,nan,-0.13647371273487807,1470.3282461736724,nan,1470.1917724609375,nan,nan
87,107,194,unlabeled,False,nan,0.14719261241145432,1479.9249509422762,nan,1480.0721435546875,nan,nan
87,108,195,unlabeled,False,nan,0.17347166858613491,1491.3249414173513,nan,1491.4984130859375,nan,nan
87,109,196,unlabeled,False,nan,0.5432584483921528,1500.4884798328578,nan,1501.03173828125,nan,nan
87,147,234,unlabeled,False,nan,-1.4881135416030884,1767.3561555337906,nan,1765.8680419921875,nan,nan
87,148,235,unlabeled,False,nan,-1.5494531708955765,1772.410903366208,nan,1770.8614501953125,nan,nan
87,149,236,unlabeled,False,nan,-1.56232970058918,1776.313062122464,nan,1774.750732421875,nan,nan
88,105,193,unlabeled,False,nan,-0.36687950391322377,1458.1514254023507,nan,1457.7845458984375,nan,nan
88,106,194,unlabeled,False,nan,-0.38430085487663745,1470.3320547611265,nan,1469.94775390625,nan,nan
88,107,195,unlabeled,False,nan,-0.12879648978167096,1480.0819214897817,nan,1479.953125,nan,nan
88,108,196,unlabeled,False,nan,-0.15107285435311496,1491.883494729353,nan,1491.732421875,nan,nan
88,109,197,unlabeled,False,nan,0.14537221593782307,1501.2282850106246,nan,1501.3736572265625,nan,nan
88,110,198,unlabeled,False,nan,0.13105788078159095,1512.6299284473434,nan,1512.760986328125,nan,nan
88,111,199,unlabeled,False,nan,0.5263772729039192,1521.501943039596,nan,1522.0283203125,nan,nan
88,112,200,unlabeled,False,nan,0.43237425938248636,1532.579222420305,nan,1533.0115966796875,nan,nan
88,147,235,unlabeled,False,nan,-1.2602685987949371,1776.7813867628574,nan,1775.5211181640625,nan,nan
88,148,236,unlabeled,False,nan,-1.3381359249353408,1781.964478698373,nan,1780.6263427734375,nan,nan
88,149,237,unlabeled,False,nan,-1.3842397725582123,1785.5858999288082,nan,1784.20166015625,nan,nan
89,108,197,unlabeled,False,nan,-0.12967912435065954,1489.545084397788,nan,1489.4154052734375,nan,nan
89,109,198,unlabeled,False,nan,0.10840813059359788,1499.2902735100315,nan,1499.398681640625,nan,nan
89,110,199,unlabeled,False,nan,0.1849757860135287,1510.7270115186739,nan,1510.9119873046875,nan,nan
89,111,200,unlabeled,False,nan,0.5376341061294079,1519.984704761058,nan,1520.5223388671875,nan,nan
89,112,201,unlabeled,False,nan,0.539521149545908,1531.0770559988916,nan,1531.6165771484375,nan,nan
89,113,202,unlabeled,False,nan,0.8236037600040436,1540.6123093259334,nan,1541.4359130859375,nan,nan
89,114,203,unlabeled,False,nan,0.7062407296895981,1551.3639496999979,nan,1552.0701904296875,nan,nan
89,115,204,unlabeled,False,nan,0.8024375170469285,1560.1700966626406,nan,1560.9725341796875,nan,nan
89,148,237,unlabeled,False,nan,-1.069883354306221,1789.3202495652438,nan,1788.2503662109375,nan,nan
89,149,238,unlabeled,False,nan,-1.0962444984912871,1793.2739788734914,nan,1792.177734375,nan,nan
90,111,201,unlabeled,False,nan,0.3588604464009404,1520.202418850474,nan,1520.561279296875,nan,nan
90,112,202,unlabeled,False,nan,0.34212120577692984,1531.6575125832856,nan,1531.9996337890625,nan,nan
90,113,203,unlabeled,False,nan,0.6920485536754132,1541.2889084775745,nan,1541.98095703125,nan,nan
90,114,204,unlabeled,False,nan,0.5065719424188138,1552.4505813778937,nan,1552.9571533203125,nan,nan
90,115,205,unlabeled,False,nan,0.6693816837668419,1561.256155425608,nan,1561.925537109375,nan,nan
90,116,206,unlabeled,False,nan,0.39377647280693057,1572.2640604412557,nan,1572.6578369140625,nan,nan
90,117,207,unlabeled,False,nan,0.47689242392778397,1580.9192257401346,nan,1581.3961181640625,nan,nan
90,119,209,unlabeled,False,nan,0.2675674220919609,1600.098155234158,nan,1600.36572265625,nan,nan
90,148,238,unlabeled,False,nan,-0.7036781784892082,1798.1510658738016,nan,1797.4473876953125,nan,nan
90,149,239,unlabeled,False,nan,-0.7739888438582421,1802.1206685313582,nan,1801.3466796875,nan,nan
90,150,240,unlabeled,False,nan,-0.6831568078696728,1807.3751734094321,nan,1806.6920166015625,nan,nan
91,114,205,unlabeled,False,nan,0.6709360723197461,1550.6492543573677,nan,1551.3201904296875,nan,nan
91,115,206,unlabeled,False,nan,0.7812441736459732,1559.8382626622915,nan,1560.6195068359375,nan,nan
91,116,207,unlabeled,False,nan,0.599230728149414,1570.8375368499755,nan,1571.436767578125,nan,nan
91,117,208,unlabeled,False,nan,0.6591376353800297,1579.847942442745,nan,1580.507080078125,nan,nan
91,118,209,unlabeled,False,nan,0.4570153649151325,1590.5924231116473,nan,1591.0494384765625,nan,nan
91,119,210,unlabeled,False,nan,0.48071438044309617,1599.395994603932,nan,1599.876708984375,nan,nan
91,148,239,unlabeled,False,nan,-0.4773091897368431,1804.5236959084868,nan,1804.04638671875,nan,nan
91,149,240,unlabeled,False,nan,-0.5723818984627723,1809.0020693984627,nan,1808.4296875,nan,nan
91,150,241,unlabeled,False,nan,-0.5124185419082642,1814.2734048700333,nan,1813.760986328125,nan,nan
91,151,242,unlabeled,False,nan,-0.5072368325293064,1818.4125102700293,nan,1817.9052734375,nan,nan
92,116,208,unlabeled,False,nan,0.44179717734456064,1571.5350094632804,nan,1571.976806640625,nan,nan
92,117,209,unlabeled,False,nan,0.615397075265646,1580.4966634716093,nan,1581.112060546875,nan,nan
92,118,210,unlabeled,False,nan,0.3984632071852684,1591.5899401131273,nan,1591.9884033203125,nan,nan
92,119,211,unlabeled,False,nan,0.48816172778606415,1600.376584365964,nan,1600.86474609375,nan,nan
92,120,212,unlabeled,False,nan,0.3182308568060398,1611.1347720728816,nan,1611.4530029296875,nan,nan
92,121,213,unlabeled,False,nan,0.3717782247066498,1619.6825430643557,nan,1620.0543212890625,nan,nan
92,122,214,unlabeled,False,nan,0.25010648801922797,1630.0904696838559,nan,1630.340576171875,nan,nan
92,125,217,unlabeled,False,nan,0.3724801188707352,1656.2549612873793,nan,1656.62744140625,nan,nan
92,128,220,unlabeled,False,nan,0.08555724722333252,1680.7028949012142,nan,1680.7884521484375,nan,nan
92,149,241,unlabeled,False,nan,-0.3180171697586775,1816.898705646321,nan,1816.5806884765625,nan,nan
92,150,242,unlabeled,False,nan,-0.2447582010179758,1822.639777732268,nan,1822.39501953125,nan,nan
92,151,243,unlabeled,False,nan,-0.28423684887588024,1826.7875327473134,nan,1826.5032958984375,nan,nan
92,152,244,unlabeled,False,nan,-0.17451760368654504,1832.227129908374,nan,1832.0526123046875,nan,nan
92,153,245,unlabeled,False,nan,-0.15575569436885417,1836.0696961240565,nan,1835.9139404296875,nan,nan
92,154,246,unlabeled,False,nan,-0.10291914819739759,1841.4371476638223,nan,1841.334228515625,nan,nan
93,118,211,unlabeled,False,nan,0.5598712587356567,1589.8715252256393,nan,1590.431396484375,nan,nan
93,119,212,unlabeled,False,nan,0.5992625099420548,1599.0324513572455,nan,1599.6317138671875,nan,nan
93,120,213,unlabeled,False,nan,0.4681559629738331,1609.8198079042136,nan,1610.2879638671875,nan,nan
93,121,214,unlabeled,False,nan,0.5087244169414044,1618.7066076143085,nan,1619.21533203125,nan,nan
93,122,215,unlabeled,False,nan,0.4044061028957367,1629.1491827642917,nan,1629.5535888671875,nan,nan
93,123,216,unlabeled,False,nan,0.40094319120049476,1637.7909513400496,nan,1638.19189453125,nan,nan
93,124,217,unlabeled,False,nan,0.38812939539551733,1647.808037596792,nan,1648.1961669921875,nan,nan
93,125,218,unlabeled,False,nan,0.46146118178963663,1656.0690563963353,nan,1656.530517578125,nan,nan
93,128,221,unlabeled,False,nan,0.17373965164646507,1681.065640231166,nan,1681.2393798828125,nan,nan
93,150,243,unlabeled,False,nan,-0.17955991201102733,1828.629511083886,nan,1828.449951171875,nan,nan
93,151,244,unlabeled,False,nan,-0.2163767309486866,1833.2416452856362,nan,1833.0252685546875,nan,nan
93,152,245,unlabeled,False,nan,-0.10874080610461533,1838.662329673292,nan,1838.5535888671875,nan,nan
93,153,246,unlabeled,False,nan,-0.12052804238628596,1843.0013874173862,nan,1842.880859375,nan,nan
93,154,247,unlabeled,False,nan,-0.0211782453476917,1848.1574087140978,nan,1848.13623046875,nan,nan
94,121,215,unlabeled,False,nan,0.49524381414055824,1619.3580276702344,nan,1619.853271484375,nan,nan
94,122,216,unlabeled,False,nan,0.4058284778892994,1630.1148014049231,nan,1630.5206298828125,nan,nan
94,123,217,unlabeled,False,nan,0.4358906263113022,1638.7569804674388,nan,1639.19287109375,nan,nan
94,124,218,unlabeled,False,nan,0.44241872102022173,1649.0857795211673,nan,1649.5281982421875,nan,nan
94,125,219,unlabeled,False,nan,0.5173928919434547,1657.364076834619,nan,1657.8814697265625,nan,nan
94,126,220,unlabeled,False,nan,0.6178859633207321,1667.2499118882417,nan,1667.8677978515625,nan,nan
94,127,221,unlabeled,False,nan,0.45143130972981454,1674.3416595105828,nan,1674.7930908203125,nan,nan
94,128,222,unlabeled,False,nan,0.23763614661991597,1683.1997417830676,nan,1683.4373779296875,nan,nan
94,129,223,unlabeled,False,nan,0.22274239767342807,1690.0170036960765,nan,1690.23974609375,nan,nan
94,130,224,unlabeled,False,nan,0.3108646574616432,1698.5471675691008,nan,1698.8580322265625,nan,nan
94,131,225,unlabeled,False,nan,0.5419703194499016,1705.77834218055,nan,1706.3203125,nan,nan
94,132,226,unlabeled,False,nan,0.6492802584171296,1714.7153437650204,nan,1715.3646240234375,nan,nan
94,133,227,unlabeled,False,nan,0.7243940088152886,1721.7825639989971,nan,1722.5069580078125,nan,nan
94,153,247,unlabeled,False,nan,0.03580284520401619,1850.865076061046,nan,1850.90087890625,nan,nan
94,154,248,unlabeled,False,nan,0.15869091467000543,1856.4635014681426,nan,1856.6221923828125,nan,nan
94,155,249,unlabeled,False,nan,0.19866640829481186,1860.4547759745176,nan,1860.6534423828125,nan,nan
94,156,250,unlabeled,False,nan,0.372834989503026,1866.1289960651845,nan,1866.5018310546875,nan,nan
94,157,251,unlabeled,False,nan,0.3968641182780266,1870.3212755301595,nan,1870.7181396484375,nan,nan
95,124,219,unlabeled,False,nan,0.5012279084324837,1647.9009937712551,nan,1648.4022216796875,nan,nan
95,125,220,unlabeled,False,nan,0.5461937595903873,1656.5313208888472,nan,1657.0775146484375,nan,nan
95,126,221,unlabeled,False,nan,0.6127772502601146,1666.4920811481775,nan,1667.1048583984375,nan,nan
95,127,222,unlabeled,False,nan,0.4656273838877678,1673.9665015223623,nan,1674.43212890625,nan,nan
95,128,223,unlabeled,False,nan,0.28075475737452504,1682.9016182895004,nan,1683.182373046875,nan,nan
95,129,224,unlabeled,False,nan,0.28985306903719904,1690.1018705637753,nan,1690.3917236328125,nan,nan
95,130,225,unlabeled,False,nan,0.38827854000031947,1698.5987820068747,nan,1698.987060546875,nan,nan
95,131,226,unlabeled,False,nan,0.6358970142900944,1706.1564613841474,nan,1706.7923583984375,nan,nan
95,132,227,unlabeled,False,nan,0.7179101383686066,1715.2347265803814,nan,1715.95263671875,nan,nan
95,133,228,unlabeled,False,nan,0.7547684907913208,1722.7851485013962,nan,1723.5399169921875,nan,nan
95,135,230,unlabeled,False,nan,0.5932331512868404,1739.0342082549632,nan,1739.62744140625,nan,nan
95,136,231,unlabeled,False,nan,0.48308656483888623,1747.6156683179736,nan,1748.0987548828125,nan,nan
95,137,232,unlabeled,False,nan,0.28050745971500873,1754.78858433716,nan,1755.069091796875,nan,nan
95,138,233,unlabeled,False,nan,0.16960034966468812,1763.0358439862728,nan,1763.2054443359375,nan,nan
95,139,234,unlabeled,False,nan,-0.07026046481798404,1769.947946011693,nan,1769.877685546875,nan,nan
95,141,236,unlabeled,False,nan,-0.37470129802823066,1784.4400089152157,nan,1784.0653076171875,nan,nan
95,142,237,unlabeled,False,nan,-0.33363621063530446,1791.889178202823,nan,1791.5555419921875,nan,nan
95,151,246,unlabeled,False,nan,-0.21632342211902142,1846.350600765869,nan,1846.13427734375,nan,nan
95,152,247,unlabeled,False,nan,-0.02650028528412804,1852.1411243087216,nan,1852.1146240234375,nan,nan
95,153,248,unlabeled,False,nan,-0.0032973145064897837,1856.856202587944,nan,1856.8529052734375,nan,nan
95,154,249,unlabeled,False,nan,0.17437046961858868,1862.3738473038188,nan,1862.5482177734375,nan,nan
95,155,250,unlabeled,False,nan,0.2200038996245712,1866.8105136785005,nan,1867.030517578125,nan,nan
95,156,251,unlabeled,False,nan,0.3837770987302065,1872.2630734872073,nan,1872.6468505859375,nan,nan
95,157,252,unlabeled,False,nan,0.4384215012192726,1876.8766419753433,nan,1877.3150634765625,nan,nan
96,132,228,unlabeled,False,nan,0.7234359300136566,1717.4881119215488,nan,1718.2115478515625,nan,nan
96,133,229,unlabeled,False,nan,0.7438492608070374,1725.146043317318,nan,1725.889892578125,nan,nan
96,134,230,unlabeled,False,nan,0.6736417502164841,1734.469546726346,nan,1735.1431884765625,nan,nan
96,135,231,unlabeled,False,nan,0.5840076792240143,1741.9124522817135,nan,1742.4964599609375,nan,nan
96,136,232,unlabeled,False,nan,0.47878686562180517,1750.9310031734408,nan,1751.4097900390625,nan,nan
96,139,235,unlabeled,False,nan,0.02812199778156355,1773.720535228781,nan,1773.7486572265625,nan,nan
96,156,252,unlabeled,False,nan,0.4916271707415581,1879.919139430821,nan,1880.4107666015625,nan,nan
96,157,253,unlabeled,False,nan,0.5841099590063095,1884.4410365253686,nan,1885.025146484375,nan,nan
96,158,254,unlabeled,False,nan,0.7168813443183899,1890.3345102572441,nan,1891.0513916015625,nan,nan
97,132,229,unlabeled,False,nan,0.7781531983613967,1717.2054893797635,nan,1717.983642578125,nan,nan
97,133,230,unlabeled,False,nan,0.7557930150628089,1725.3280692896246,nan,1726.0838623046875,nan,nan
97,134,231,unlabeled,False,nan,0.6601618282496929,1734.7780705936252,nan,1735.438232421875,nan,nan
97,135,232,unlabeled,False,nan,0.5557318133115768,1742.659722288251,nan,1743.2154541015625,nan,nan
97,136,233,unlabeled,False,nan,0.4495202127099037,1751.76825322479,nan,1752.2177734375,nan,nan
97,137,234,unlabeled,False,nan,0.28512922413647174,1759.392971361801,nan,1759.6781005859375,nan,nan
97,138,235,unlabeled,False,nan,0.191371225528419,1768.142979360409,nan,1768.3343505859375,nan,nan
97,139,236,unlabeled,False,nan,0.008326060593826696,1775.4773917128437,nan,1775.4857177734375,nan,nan
97,140,237,unlabeled,False,nan,-0.026083248392678796,1783.8300383265178,nan,1783.803955078125,nan,nan
97,141,238,unlabeled,False,nan,-0.2278345950320363,1790.8781031497194,nan,1790.6502685546875,nan,nan
97,142,239,unlabeled,False,nan,-0.1858691276423633,1798.8224658073298,nan,1798.6365966796875,nan,nan
97,143,240,unlabeled,False,nan,-0.4044172686338425,1805.5893537920713,nan,1805.1849365234375,nan,nan
97,144,241,unlabeled,False,nan,-0.28576534524559977,1813.1329333139956,nan,1812.84716796875,nan,nan
97,145,242,unlabeled,False,nan,-0.5033087942004204,1819.6068244192004,nan,1819.103515625,nan,nan
97,155,252,unlabeled,False,nan,0.19456507701426745,1879.6529691026733,nan,1879.8475341796875,nan,nan
97,156,253,unlabeled,False,nan,0.45975158154964446,1885.2420306450128,nan,1885.7017822265625,nan,nan
97,157,254,unlabeled,False,nan,0.6146901206672192,1890.1404368324577,nan,1890.755126953125,nan,nan
97,158,255,unlabeled,False,nan,0.8184402805566787,1895.9249679225684,nan,1896.743408203125,nan,nan
98,135,233,unlabeled,False,nan,0.5457142214477062,1744.6987926144898,nan,1745.2445068359375,nan,nan
98,136,234,unlabeled,False,nan,0.4522663442790508,1754.214481702596,nan,1754.666748046875,nan,nan
98,137,235,unlabeled,False,nan,0.32970715299248693,1761.8634080813824,nan,1762.193115234375,nan,nan
98,138,236,unlabeled,False,nan,0.29037717763334514,1770.980985127054,nan,1771.2713623046875,nan,nan
98,140,238,unlabeled,False,nan,0.1659560505859554,1787.053038090039,nan,1787.218994140625,nan,nan
98,141,239,unlabeled,False,nan,0.0013722684793174267,1794.1059275362081,nan,1794.1072998046875,nan,nan
98,143,241,unlabeled,False,nan,-0.11262765462510288,1809.2115046077502,nan,1809.098876953125,nan,nan
98,145,243,unlabeled,False,nan,-0.2013822474144399,1823.6668363489769,nan,1823.4654541015625,nan,nan
98,157,255,unlabeled,False,nan,0.7335343286395073,1896.8775496557355,nan,1897.611083984375,nan,nan
98,158,256,unlabeled,False,nan,1.0024757078289985,1903.0398826906085,nan,1904.0423583984375,nan,nan
98,159,257,unlabeled,False,nan,1.0943993425369263,1907.678305735588,nan,1908.772705078125,nan,nan
99,137,236,unlabeled,False,nan,0.33946802869439124,1762.2205905650555,nan,1762.56005859375,nan,nan
99,138,237,unlabeled,False,nan,0.30832465790212155,1771.4081060061603,nan,1771.7164306640625,nan,nan
99,139,238,unlabeled,False,nan,0.1947698908112943,1779.1329888982511,nan,1779.3277587890625,nan,nan
99,140,239,unlabeled,False,nan,0.18147255902178586,1787.9545137691032,nan,1788.135986328125,nan,nan
99,141,240,unlabeled,False,nan,0.04298798883333802,1795.3903616205416,nan,1795.433349609375,nan,nan
99,142,241,unlabeled,False,nan,0.09047388288774527,1803.8101608827374,nan,1803.900634765625,nan,nan
99,143,242,unlabeled,False,nan,-0.08792468532454223,1810.9787938259497,nan,1810.890869140625,nan,nan
99,144,243,unlabeled,False,nan,1.9738320261240006e-05,1819.0251267460546,nan,1819.025146484375,nan,nan
99,145,244,unlabeled,False,nan,-0.23346949514001608,1825.9469704717026,nan,1825.7135009765625,nan,nan
99,146,245,unlabeled,False,nan,-0.11832429612986743,1833.638099686755,nan,1833.519775390625,nan,nan
99,149,248,unlabeled,False,nan,-0.5878000761568546,1854.0895090605318,nan,1853.501708984375,nan,nan
99,150,249,unlabeled,False,nan,-0.47161592841148375,1861.143612998724,nan,1860.6719970703125,nan,nan
99,151,250,unlabeled,False,nan,-0.6832292652130127,1867.1735857105255,nan,1866.4903564453125,nan,nan
99,157,256,unlabeled,False,nan,0.7141858038306236,1901.7609118524194,nan,1902.47509765625,nan,nan
99,158,257,unlabeled,False,nan,1.0365649312734604,1907.8418530374765,nan,1908.87841796875,nan,nan
99,159,258,unlabeled,False,nan,1.1305093771219255,1912.9091634744407,nan,1914.0396728515625,nan,nan
100,137,237,unlabeled,False,nan,0.37369993157684805,1763.8564026074857,nan,1764.2301025390625,nan,nan
100,138,238,unlabeled,False,nan,0.3693730502575636,1773.41907909818,nan,1773.7884521484375,nan,nan
100,139,239,unlabeled,False,nan,0.28403910603374244,1781.1706728080287,nan,1781.4547119140625,nan,nan
100,140,240,unlabeled,False,nan,0.2931456673145294,1790.3748230826855,nan,1790.66796875,nan,nan
100,141,241,unlabeled,False,nan,0.18086394403595477,1797.828413399714,nan,1798.00927734375,nan,nan
100,142,242,unlabeled,False,nan,0.24558733351528644,1806.6390562211723,nan,1806.8846435546875,nan,nan
100,143,243,unlabeled,False,nan,0.11751700934953987,1813.7904419750255,nan,1813.907958984375,nan,nan
100,144,244,unlabeled,False,nan,0.24586227741092442,1822.2062861600891,nan,1822.4521484375,nan,nan
100,145,245,unlabeled,False,nan,0.0783284791233018,1829.0862223021268,nan,1829.16455078125,nan,nan
100,147,247,unlabeled,False,nan,-0.09252955511212349,1843.8825686176122,nan,1843.7900390625,nan,nan
100,158,258,unlabeled,False,nan,1.1580157569050789,1914.1514324852824,nan,1915.3094482421875,nan,nan
100,159,259,unlabeled,False,nan,1.258065276145935,1919.170645661354,nan,1920.4287109375,nan,nan
101,144,245,unlabeled,False,nan,0.19667521318420766,1823.1945601383784,nan,1823.3912353515625,nan,nan
101,145,246,unlabeled,False,nan,0.04863239030586555,1830.4508793284442,nan,1830.49951171875,nan,nan
101,146,247,unlabeled,False,nan,0.08514527249615639,1838.6707141025038,nan,1838.755859375,nan,nan
101,147,248,unlabeled,False,nan,-0.22544962879270314,1845.786606855355,nan,1845.5611572265625,nan,nan
101,152,253,unlabeled,False,nan,-0.6167187802493572,1881.7232861630619,nan,1881.1065673828125,nan,nan
101,153,254,unlabeled,False,nan,-0.7167060834169388,1887.753571317792,nan,1887.036865234375,nan,nan
101,158,259,unlabeled,False,nan,1.119018027484417,1918.1683354881407,nan,1919.287353515625,nan,nan
101,159,260,unlabeled,False,nan,1.2203170743584633,1923.6053665193915,nan,1924.82568359375,nan,nan
102,144,246,unlabeled,False,nan,0.32187367796897887,1825.6003675329684,nan,1825.9222412109375,nan,nan
102,145,247,unlabeled,False,nan,0.18598450251854956,1832.872487177169,nan,1833.0584716796875,nan,nan
102,146,248,unlabeled,False,nan,0.23593171928077936,1841.4739071479066,nan,1841.7098388671875,nan,nan
102,147,249,unlabeled,False,nan,0.007149484120309353,1848.526908133067,nan,1848.5340576171875,nan,nan
102,148,250,unlabeled,False,nan,0.07169667042326182,1856.7886548920767,nan,1856.8603515625,nan,nan
102,149,251,unlabeled,False,nan,-0.2740224045887589,1863.6517079514638,nan,1863.377685546875,nan,nan
102,156,258,unlabeled,False,nan,0.5082329612970352,1911.3156195777656,nan,1911.8238525390625,nan,nan
102,158,260,unlabeled,False,nan,1.2158994182944298,1923.6344423785806,nan,1924.850341796875,nan,nan
102,159,261,unlabeled,False,nan,1.3210726922750473,1929.03464019835,nan,1930.355712890625,nan,nan
103,146,249,unlabeled,False,nan,0.12628787852823734,1842.0635314574092,nan,1842.1898193359375,nan,nan
103,147,250,unlabeled,False,nan,-0.1579448396433145,1849.5550395662058,nan,1849.3970947265625,nan,nan
103,148,251,unlabeled,False,nan,-0.1441060928022489,1857.8994771865523,nan,1857.75537109375,nan,nan
103,149,252,unlabeled,False,nan,-0.4845596861094236,1865.1442276548594,nan,1864.65966796875,nan,nan
103,154,257,unlabeled,False,nan,-0.5032459887862205,1901.2144276294111,nan,1900.711181640625,nan,nan
103,155,258,unlabeled,False,nan,-0.335151647394523,1907.352607702082,nan,1907.0174560546875,nan,nan
103,156,259,unlabeled,False,nan,0.4108117847889662,1914.1339880198984,nan,1914.5447998046875,nan,nan
103,157,260,unlabeled,False,nan,0.7706308445334434,1919.9704580226542,nan,1920.7410888671875,nan,nan
103,158,261,unlabeled,False,nan,1.1269389918446542,1926.839491672218,nan,1927.9664306640625,nan,nan
103,159,262,unlabeled,False,nan,1.2266835191845893,1932.6530772230028,nan,1933.8797607421875,nan,nan
104,148,252,unlabeled,False,nan,-0.005474895611405373,1860.2308166924863,nan,1860.225341796875,nan,nan
104,149,253,unlabeled,False,nan,-0.28244541130028666,1867.426122169113,nan,1867.1436767578125,nan,nan
104,150,254,unlabeled,False,nan,-0.22589150493964552,1875.7869266611897,nan,1875.56103515625,nan,nan
104,151,255,unlabeled,False,nan,-0.5827240273356438,1882.7570404335856,nan,1882.17431640625,nan,nan
104,155,259,unlabeled,False,nan,-0.22343893659301103,1911.1349379600306,nan,1910.9114990234375,nan,nan
104,156,260,unlabeled,False,nan,0.46222578376531603,1918.3795710912348,nan,1918.841796875,nan,nan
104,158,262,unlabeled,False,nan,1.2373245361447334,1931.4170944091677,nan,1932.6544189453125,nan,nan
104,159,263,unlabeled,False,nan,1.3488577884435653,1937.1978951412439,nan,1938.5467529296875,nan,nan
105,148,253,unlabeled,False,nan,-0.22624726415611804,1860.4615988266562,nan,1860.2353515625,nan,nan
105,149,254,unlabeled,False,nan,-0.5064416845142842,1868.0321985204519,nan,1867.5257568359375,nan,nan
105,150,255,unlabeled,False,nan,-0.4630526024103165,1876.4350985008477,nan,1875.9720458984375,nan,nan
105,151,256,unlabeled,False,nan,-0.7994483852386475,1883.7607520961762,nan,1882.9613037109375,nan,nan
105,155,260,unlabeled,False,nan,-0.40710423305630683,1913.1666257174313,nan,1912.759521484375,nan,nan
105,156,261,unlabeled,False,nan,0.3414605551213026,1920.3553167886287,nan,1920.69677734375,nan,nan
105,157,262,unlabeled,False,nan,0.6985691912472248,1926.5725489728152,nan,1927.2711181640625,nan,nan
105,158,263,unlabeled,False,nan,1.181086520254612,1933.7223558625578,nan,1934.9034423828125,nan,nan
105,159,264,unlabeled,False,nan,1.3400809627771377,1939.8526680606603,nan,1941.1927490234375,nan,nan
106,150,256,unlabeled,False,nan,-0.2849585626460612,1878.2339331720211,nan,1877.948974609375,nan,nan
106,151,257,unlabeled,False,nan,-0.5678240486979484,1885.5191179940105,nan,1884.9512939453125,nan,nan
106,152,258,unlabeled,False,nan,-0.4203823655098677,1893.8699673264473,nan,1893.4495849609375,nan,nan
106,153,259,unlabeled,False,nan,-0.6232181389629841,1900.950122435838,nan,1900.326904296875,nan,nan
106,157,263,unlabeled,False,nan,0.8845758673548698,1929.799506163895,nan,1930.68408203125,nan,nan
106,158,264,unlabeled,False,nan,1.3739663058519362,1937.339412600398,nan,1938.71337890625,nan,nan
106,159,265,unlabeled,False,nan,1.6045083659887314,1943.3852377277613,nan,1944.98974609375,nan,nan
106,160,266,unlabeled,False,nan,1.8641688966751098,1950.8428623533248,nan,1952.70703125,nan,nan
107,150,257,unlabeled,False,nan,-0.523804531544447,1878.005860195607,nan,1877.4820556640625,nan,nan
107,151,258,unlabeled,False,nan,-0.7110019885003567,1885.5573154650629,nan,1884.8463134765625,nan,nan
107,152,259,unlabeled,False,nan,-0.505949629470706,1893.9165941607207,nan,1893.41064453125,nan,nan
107,153,260,unlabeled,False,nan,-0.6280894790589809,1901.5220103774964,nan,1900.8939208984375,nan,nan
107,156,263,unlabeled,False,nan,0.5297083780169487,1924.570145137608,nan,1925.099853515625,nan,nan
107,157,264,unlabeled,False,nan,0.7937695610523224,1931.2553027045726,nan,1932.049072265625,nan,nan
107,158,265,unlabeled,False,nan,1.379475662112236,1938.7089032441377,nan,1940.08837890625,nan,nan
107,159,266,unlabeled,False,nan,1.6645742070674896,1945.0871347773075,nan,1946.751708984375,nan,nan
107,160,267,unlabeled,False,nan,2.037756881713867,1952.4352655792236,nan,1954.4730224609375,nan,nan
108,152,260,unlabeled,False,nan,-0.08462850230745972,1895.25320760387,nan,1895.1685791015625,nan,nan
108,153,261,unlabeled,False,nan,-0.12184174593538045,1902.787735300623,nan,1902.6658935546875,nan,nan
108,154,262,unlabeled,False,nan,0.28800624936819075,1911.3902164068818,nan,1911.67822265625,nan,nan
108,155,263,unlabeled,False,nan,0.3982920208573341,1918.5112538775802,nan,1918.9095458984375,nan,nan
108,159,267,unlabeled,False,nan,1.9712713116407394,1947.7004816180468,nan,1949.6717529296875,nan,nan
108,160,268,unlabeled,False,nan,2.3718003606796265,1955.4111586236954,nan,1957.782958984375,nan,nan
108,161,269,unlabeled,False,nan,2.595764700174332,1961.543517526388,nan,1964.1392822265625,nan,nan
108,162,270,unlabeled,False,nan,2.8806735169887543,1969.0449856626988,nan,1971.9256591796875,nan,nan
109,152,261,unlabeled,False,nan,-0.06053099481156096,1894.5511315807491,nan,1894.4906005859375,nan,nan
109,153,262,unlabeled,False,nan,-0.01513486051466316,1902.3630352511398,nan,1902.347900390625,nan,nan
109,154,263,unlabeled,False,nan,0.4475247792899609,1910.9427340097725,nan,1911.3902587890625,nan,nan
109,155,264,unlabeled,False,nan,0.5469889403134585,1918.4405598878116,nan,1918.987548828125,nan,nan
109,156,265,unlabeled,False,nan,1.0499694314599037,1926.6868469747901,nan,1927.73681640625,nan,nan
109,158,267,unlabeled,False,nan,1.8087980061769486,1941.6946199625731,nan,1943.50341796875,nan,nan
109,159,268,unlabeled,False,nan,2.0714892780780794,1948.4691601359843,nan,1950.5406494140625,nan,nan
109,160,269,unlabeled,False,nan,2.492244484424591,1956.1737711405754,nan,1958.666015625,nan,nan
109,161,270,unlabeled,False,nan,2.694948058128357,1962.7103253793716,nan,1965.4052734375,nan,nan
109,162,271,unlabeled,False,nan,2.901003761291504,1970.297604637146,nan,1973.1986083984375,nan,nan
110,154,264,unlabeled,False,nan,0.8404751479625702,1911.8057650864125,nan,1912.646240234375,nan,nan
110,155,265,unlabeled,False,nan,0.9838252362608909,1919.2756962481142,nan,1920.259521484375,nan,nan
110,156,266,unlabeled,False,nan,1.4022526976466179,1927.9755549195409,nan,1929.3778076171875,nan,nan
110,157,267,unlabeled,False,nan,1.673973725438118,1935.0391610401869,nan,1936.713134765625,nan,nan
110,158,268,unlabeled,False,nan,2.1032561725378036,1943.4281158977747,nan,1945.5313720703125,nan,nan
110,161,271,unlabeled,False,nan,2.863382399082184,1964.9569301009178,nan,1967.8203125,nan,nan
110,162,272,unlabeled,False,nan,3.0200385129451752,1972.9815484011174,nan,1976.0015869140625,nan,nan
111,155,266,unlabeled,False,nan,1.0387859505414963,1918.4006671744585,nan,1919.439453125,nan,nan
111,156,267,unlabeled,False,nan,1.5346625238656997,1927.0551812261342,nan,1928.58984375,nan,nan
111,157,268,unlabeled,False,nan,1.796589287519455,1934.4895435249805,nan,1936.2861328125,nan,nan
111,158,269,unlabeled,False,nan,2.1721925324201585,1942.9602537566423,nan,1945.1324462890625,nan,nan
111,159,270,unlabeled,False,nan,2.394195395708084,1950.148529213667,nan,1952.542724609375,nan,nan
111,160,271,unlabeled,False,nan,2.7194438314437868,1958.3525776529311,nan,1961.072021484375,nan,nan
111,161,272,unlabeled,False,nan,2.8879929256439207,1965.2973098087311,nan,1968.185302734375,nan,nan
111,162,273,unlabeled,False,nan,3.0383911180496215,1973.3441772413253,nan,1976.382568359375,nan,nan
112,157,269,unlabeled,False,nan,1.980762351155281,1935.0633050316571,nan,1937.0440673828125,nan,nan
112,158,270,unlabeled,False,nan,2.26256661593914,1943.9928044778108,nan,1946.25537109375,nan,nan
112,159,271,unlabeled,False,nan,2.4900276458263395,1951.1916129791737,nan,1953.681640625,nan,nan
112,160,272,unlabeled,False,nan,2.7861325669288637,1959.794922120571,nan,1962.5810546875,nan,nan
112,161,273,unlabeled,False,nan,2.958074549436569,1966.7462711536884,nan,1969.704345703125,nan,nan
112,162,274,unlabeled,False,nan,3.089468102455139,1975.1911715459823,nan,1978.2806396484375,nan,nan
