Z,N,A,I,I2A,A23,Am13,Ec,Npair,Zm,vp,Nm,vn,Casten,Esh,Edef,Eth,Eexp,residual,uncertainty
8,8,16,0.0,0.0,6.3496042078727974,0.3968502629920499,20.572717633507864,2,1.0,0.0,1.0,0.0,0.0,-1.5467,0.0173,127.2488,127.6193152,-0.3705151999999998,3.2e-06
8,9,17,0.058823529411764705,0.058823529411764705,6.611489018457944,0.3889111187328203,20.161152395109404,1,1.0,0.0,1.0,1.0,0.0,0.1642,0.1355,131.969,131.7623947,0.20660530000000676,3.4e-06
9,8,17,-0.058823529411764705,0.058823529411764705,6.611489018457944,0.3889111187328203,25.968461366859326,1,1.0,1.0,1.0,0.0,0.0,-0.4663,0.1327,128.3671,128.2195828,0.14751719999998159,0.0002482
8,10,18,0.1111111111111111,0.2222222222222222,6.868285455319991,0.38157141418444396,19.78066211132158,2,1.0,0.0,1.0,2.0,0.0,0.4714,0.4119,140.4809,139.8077658,0.6731341999999927,3.6e-06
9,9,18,0.0,0.0,6.868285455319991,0.38157141418444396,25.47837295120872,0,1.0,1.0,1.0,1.0,0.5,1.4888,0.3366,138.3174,137.3694894,0.9479106000000002,0.0004626
10,8,18,-0.1111111111111111,0.2222222222222222,6.868285455319991,0.38157141418444396,31.90940416347387,2,1.0,2.0,1.0,0.0,0.0,-0.5489,0.4425,132.6503,132.1426386,0.5076613999999893,0.0003636
8,11,19,0.15789473684210525,0.47368421052631576,7.1203673589019925,0.3747561767843155,19.427360204498914,1,1.0,0.0,1.0,3.0,0.0,0.1255,0.5885,144.2311,143.7634088,0.4676911999999902,0.0026372
9,10,19,0.05263157894736842,0.05263157894736842,7.1203673589019925,0.3747561767843155,25.023304374851566,1,1.0,1.0,1.0,2.0,0.6666666666666666,1.8489,0.8328,148.5991,147.8013648,0.7977352000000053,3.8e-06
10,9,19,-0.05263157894736842,0.05263157894736842,7.1203673589019925,0.3747561767843155,31.33947110091588,1,1.0,2.0,1.0,1.0,0.6666666666666666,1.2385,0.8907,144.5883,143.7795189,0.8087811000000045,0.0001596
11,8,19,-0.15789473684210525,0.47368421052631576,7.1203673589019925,0.3747561767843155,38.3778530836576,1,1.0,3.0,1.0,0.0,0.0,-1.1736,0.6581,131.6579,131.8198416,-0.16194159999997737,0.0105355
8,12,20,0.2,0.8,7.368062997280773,0.36840314986403866,19.098019288951768,2,1.0,0.0,1.0,4.0,0.0,-1.1436,0.6519,151.9017,151.371414,0.530286000000018,0.000884
9,11,20,0.1,0.2,7.368062997280773,0.36840314986403866,24.59909862141523,0,1.0,1.0,1.0,3.0,0.75,1.7658,1.1406,154.3455,154.402702,-0.05720200000001796,3e-05
10,10,20,0.0,0.0,7.368062997280773,0.36840314986403866,30.808190988924707,2,1.0,2.0,1.0,2.0,1.0,1.571,1.2544,160.2279,160.644824,-0.4169239999999945,4e-06
11,9,20,-0.1,0.2,7.368062997280773,0.36840314986403866,37.72725531132728,0,1.0,3.0,1.0,1.0,0.75,0.7021,1.2831,145.7178,145.970056,-0.2522559999999885,0.001108
12,8,20,-0.2,0.8,7.368062997280773,0.36840314986403866,45.357947672869614,2,1.0,4.0,1.0,0.0,0.0,-2.6766,0.7562,134.1202,134.560504,-0.4403039999999976,0.001862
8,13,21,0.23809523809523808,1.1904761904761905,7.611662611020244,0.3624601243342974,18.78993284548998,1,1.0,0.0,1.0,5.0,0.0,-2.484,0.2423,155.442,155.1768687,0.2651313000000073,0.0119994
9,12,21,0.14285714285714285,0.42857142857142855,7.611662611020244,0.3624601243342974,24.20226957375468,1,1.0,1.0,1.0,4.0,0.8,0.8153,1.245,163.1227,162.5041614,0.6185386000000221,0.0017997
10,11,21,0.047619047619047616,0.047619047619047616,7.611662611020244,0.3624601243342974,30.31119777472473,1,1.0,2.0,1.0,3.0,1.2,1.617,1.7789,166.9895,167.4059856,-0.41648560000001567,3.78e-05
11,10,21,-0.047619047619047616,0.047619047619047616,7.611662611020244,0.3624601243342974,37.11864476723983,1,1.0,3.0,1.0,2.0,1.2,1.0286,1.8945,162.6029,163.0767201,-0.4738200999999833,4.2e-05
12,9,21,-0.14285714285714285,0.42857142857142855,7.611662611020244,0.3624601243342974,44.62623991983869,1,1.0,4.0,1.0,1.0,0.8,-0.5092,1.4624,149.3945,149.2056657,0.18883429999999635,0.0007539
8,14,22,0.2727272727272727,1.6363636363636365,7.851424410539689,0.3568829277518041,18.50081097465353,2,1.0,0.0,1.0,6.0,0.0,-5.1638,0.0125,162.4161,162.0271884,0.38891160000000013,0.0569206
9,13,22,0.18181818181818182,0.7272727272727273,7.851424410539689,0.3568829277518041,23.829867739475016,0,1.0,1.0,1.0,5.0,0.8333333333333334,0.2156,0.7247,168.0717,167.7344988,0.3372011999999813,0.0123992
10,12,22,0.09090909090909091,0.18181818181818182,7.851424410539689,0.3568829277518041,29.84479748048283,2,1.0,2.0,1.0,4.0,1.3333333333333333,0.9044,1.9078,177.6417,177.7702432,-0.12854320000002417,1.76e-05
11,11,22,0.0,0.0,7.851424410539689,0.3568829277518041,36.54749786074123,0,1.0,3.0,1.0,3.0,1.5,1.4875,1.8497,174.1838,174.1445728,0.03922719999999913,0.000132
12,10,22,-0.09090909090909091,0.18181818181818182,7.851424410539689,0.3568829277518041,43.93957317759341,2,1.0,4.0,1.0,2.0,1.3333333333333333,-0.3211,2.1868,168.3357,168.580819,-0.24511899999998832,0.0001584
8,15,23,0.30434782608695654,2.130434782608696,8.087579399090064,0.35163388691695935,18.228700697775174,1,1.0,0.0,1.0,5.0,0.0,-6.6812,0.0036,164.7689,164.7601688,0.008731199999999717,0.1217114
9,14,23,0.21739130434782608,1.0869565217391304,8.087579399090064,0.35163388691695935,23.47937759515395,1,1.0,1.0,1.0,6.0,0.8571428571428571,-1.5336,0.2793,175.5591,175.3139281,0.24517190000000255,0.0333201
10,13,23,0.13043478260869565,0.391304347826087,8.087579399090064,0.35163388691695935,29.405839636044625,1,1.0,2.0,1.0,5.0,1.4285714285714286,0.8368,1.3465,183.1338,182.9708903,0.16290970000000016,0.0001035
11,12,23,0.043478260869565216,0.043478260869565216,8.087579399090064,0.35163388691695935,36.00995657264731,1,1.0,3.0,1.0,4.0,1.7142857142857142,1.1952,1.9936,185.926,186.5643528,-0.6383528000000069,4.6e-06
12,11,23,-0.043478260869565216,0.043478260869565216,8.087579399090064,0.35163388691695935,43.29330910626961,1,1.0,4.0,1.0,3.0,1.7142857142857142,0.3395,2.1454,181.2028,181.7258267,-0.5230267000000026,3.22e-05
13,10,23,-0.13043478260869565,0.391304347826087,8.087579399090064,0.35163388691695935,51.25725440678919,1,1.0,5.0,1.0,2.0,1.4285714285714286,-0.6602,1.6422,168.3432,168.7217325,-0.3785325000000057,0.000345
8,16,24,0.3333333333333333,2.6666666666666665,8.320335292207616,0.3466806371753174,17.971924231168455,2,1.0,0.0,1.0,4.0,0.0,-8.9953,0.007,169.3797,168.952452,0.42724800000002006,0.1648752
9,15,24,0.25,1.5,8.320335292207616,0.3466806371753174,23.14863808074937,0,1.0,1.0,1.0,5.0,0.8333333333333334,-2.3762,0.2169,179.1665,179.1259944,0.04050560000001724,0.0976704
10,14,24,0.16666666666666666,0.6666666666666666,8.320335292207616,0.3466806371753174,28.991617705225995,2,1.0,2.0,1.0,6.0,1.5,-0.2903,0.7804,192.0725,191.8398048,0.23269519999999488,0.0005136
11,13,24,0.08333333333333333,0.16666666666666666,8.320335292207616,0.3466806371753174,35.50270651875211,0,1.0,3.0,1.0,5.0,1.875,1.3825,1.4119,193.0719,193.5237168,-0.4518167999999889,1.68e-05
12,12,24,0.0,0.0,8.320335292207616,0.3466806371753174,42.68346295627071,2,1.0,4.0,1.0,4.0,2.0,0.7951,1.6757,197.5306,198.2570472,-0.7264471999999955,1.44e-05
13,11,24,-0.08333333333333333,0.16666666666666666,8.320335292207616,0.3466806371753174,50.53522507004423,0,1.0,5.0,1.0,3.0,1.875,0.2749,1.6375,183.0215,183.5899344,-0.568434400000001,0.000228
14,10,24,-0.16666666666666666,0.6666666666666666,8.320335292207616,0.3466806371753174,59.05915654835833,2,1.0,6.0,1.0,2.0,1.5,-1.968,1.0459,171.4222,172.0135896,-0.5913895999999852,0.0194712
8,17,25,0.36,3.24,8.549879733383484,0.3419951893353394,17.729030615143994,1,1.0,0.0,1.0,3.0,0.0,-7.736,0.1017,167.9281,168.195145,-0.267044999999996,0.165085
9,16,25,0.28,1.96,8.549879733383484,0.3419951893353394,22.835780295620086,1,1.0,1.0,1.0,4.0,0.8,-4.0889,0.2182,184.3866,183.4076625,0.9789375000000007,0.0964425
10,15,25,0.2,1.0,8.549879733383484,0.3419951893353394,28.599791055600548,1,1.0,2.0,1.0,5.0,1.4285714285714286,-0.6502,0.6684,195.9852,195.994985,-0.009785000000022137,0.029045
11,14,25,0.12,0.36,8.549879733383484,0.3419951893353394,35.02288139518302,1,1.0,3.0,1.0,6.0,2.0,0.6041,0.8754,202.9285,202.5349475,0.39355250000002684,0.0012
12,13,25,0.04,0.04,8.549879733383484,0.3419951893353394,42.10658868679687,1,1.0,4.0,1.0,5.0,2.2222222222222223,1.1825,1.2035,205.2951,205.58757,-0.29247000000000867,4.75e-05
13,12,25,-0.04,0.04,8.549879733383484,0.3419951893353394,49.85223289870037,1,1.0,5.0,1.0,4.0,2.2222222222222223,0.4521,1.3017,200.2325,200.528415,-0.2959150000000079,6.5e-05
14,11,25,-0.12,0.36,8.549879733383484,0.3419951893353394,58.26096199173391,1,1.0,6.0,1.0,3.0,2.0,-0.8425,1.0898,187.13,187.0027725,0.1272275000000036,0.01
8,18,26,0.38461538461538464,3.8461538461538463,8.776382955329126,0.33755319058958183,17.498757400163925,2,1.0,0.0,1.0,2.0,0.0,-7.3166,0.2704,168.5065,168.934454,-0.4279539999999997,0.1649492
9,17,26,0.3076923076923077,2.4615384615384617,8.776382955329126,0.33755319058958183,22.539178148587904,0,1.0,1.0,1.0,3.0,0.75,-3.189,0.4898,184.7879,184.1384922,0.6494078000000059,0.1070264
10,16,26,0.23076923076923078,1.3846153846153846,8.776382955329126,0.33755319058958183,28.228323152075927,2,1.0,2.0,1.0,4.0,1.3333333333333333,-1.8834,0.6923,202.6789,201.549686,1.1292139999999904,0.0184288
11,15,26,0.15384615384615385,0.6153846153846154,8.776382955329126,0.33755319058958183,34.56798729116779,0,1.0,3.0,1.0,5.0,1.875,0.5027,0.753,208.3364,208.1092338,0.2271661999999992,0.0035022
12,14,26,0.07692307692307693,0.15384615384615385,8.776382955329126,0.33755319058958183,41.559687970157015,2,1.0,4.0,1.0,6.0,2.4,0.6337,0.7069,216.8452,216.6806486,0.16455139999999346,2.86e-05
13,13,26,0.0,0.0,8.776382955329126,0.33755319058958183,49.204728012916426,0,1.0,5.0,1.0,5.0,2.5,1.2414,0.5763,212.5071,211.8938978,0.6132022000000177,6.76e-05
14,12,26,-0.07692307692307693,0.15384615384615385,8.776382955329126,0.33755319058958183,57.50424047001639,2,1.0,6.0,1.0,4.0,2.4,-0.5571,0.8418,206.1479,206.0424158,0.10548420000000647,0.0001066
9,18,27,0.3333333333333333,3.0,8.999999999999998,0.33333333333333337,22.25740888344166,1,1.0,1.0,1.0,2.0,0.6666666666666666,-3.0563,0.8173,186.6022,185.7509874,0.8512125999999967,0.1201986
10,17,27,0.25925925925925924,1.8148148148148149,8.999999999999998,0.33333333333333337,27.875432118585895,1,1.0,2.0,1.0,3.0,1.2,-1.2981,1.1463,203.9932,203.0512077,0.9419923000000097,0.0907713
11,16,27,0.18518518518518517,0.9259259259259259,8.999999999999998,0.33333333333333337,34.13584214761351,1,1.0,3.0,1.0,4.0,1.7142857142857142,-0.4121,0.7964,215.7937,214.8375609,0.9561391000000015,0.003726
12,15,27,0.1111111111111111,0.3333333333333333,8.999999999999998,0.33333333333333337,41.04013740527574,1,1.0,4.0,1.0,5.0,2.2222222222222223,0.7112,0.6255,222.894,223.1240175,-0.23001750000000243,4.86e-05
13,14,27,0.037037037037037035,0.037037037037037035,8.999999999999998,0.33333333333333337,48.589604428439635,1,1.0,5.0,1.0,6.0,2.727272727272727,0.7548,0.2263,224.9154,224.9519391,-0.036539099999998825,4.86e-05
14,13,27,-0.037037037037037035,0.037037037037037035,8.999999999999998,0.33333333333333337,56.78536210305851,1,1.0,6.0,1.0,5.0,2.727272727272727,0.0862,0.2461,219.5232,219.357234,0.1659659999999974,0.000108
15,12,27,-0.1111111111111111,0.3333333333333333,8.999999999999998,0.33333333333333337,65.62839411754422,1,1.0,5.0,1.0,4.0,2.2222222222222223,-0.8749,0.7942,206.2163,206.8494138,-0.633113800000018,0.0090018
9,19,28,0.35714285714285715,3.5714285714285716,9.220872584116892,0.32931687800417475,21.989221217872178,0,1.0,1.0,1.0,1.0,0.5,-2.5001,0.464,186.0716,185.5519876,0.5196123999999998,0.1203468
10,18,28,0.2857142857142857,2.2857142857142856,9.220872584116892,0.32931687800417475,27.53955083493002,2,1.0,2.0,1.0,2.0,1.0,-1.4207,1.5952,207.7437,206.8736964,0.8700035999999898,0.1260672
11,17,28,0.21428571428571427,1.2857142857142858,9.220872584116892,0.32931687800417475,33.724526892286214,0,1.0,3.0,1.0,3.0,1.5,0.1208,1.2556,218.8467,218.3794032,0.4672967999999855,0.0102452
12,16,28,0.14285714285714285,0.5714285714285714,9.220872584116892,0.32931687800417475,40.545629769503286,2,1.0,4.0,1.0,4.0,2.0,0.0309,0.6962,231.9571,231.6286868,0.32841319999999996,0.0002604
13,15,28,0.07142857142857142,0.14285714285714285,9.220872584116892,0.32931687800417475,48.0041305014947,0,1.0,5.0,1.0,5.0,2.5,1.0608,0.1804,232.4946,232.6771132,-0.1825132000000167,5.04e-05
14,14,28,0.0,0.0,9.220872584116892,0.32931687800417475,56.101134492347434,2,1.0,6.0,1.0,6.0,3.0,-0.43,0.0244,236.3086,236.536846,-0.2282459999999844,5.6e-06
15,13,28,-0.07142857142857142,0.14285714285714285,9.220872584116892,0.32931687800417475,64.83761357765162,0,1.0,5.0,1.0,5.0,2.5,-0.105,0.214,221.1794,221.4095576,-0.2301576000000125,0.001148
16,12,28,-0.14285714285714285,0.5714285714285714,9.220872584116892,0.32931687800417475,74.21443012333523,2,1.0,4.0,1.0,4.0,2.0,-1.9238,0.8996,209.0376,209.4061508,-0.3685508000000084,0.1600004
9,20,29,0.3793103448275862,4.172413793103448,9.43913067739236,0.32548726473766765,21.733509412857874,1,1.0,1.0,2.0,0.0,0.0,-2.8825,0.2471,187.0723,186.8769106,0.19538940000001048,0.525364
10,19,29,0.3103448275862069,2.793103448275862,9.43913067739236,0.32548726473766765,27.21929446097715,1,1.0,2.0,1.0,1.0,0.6666666666666666,-0.5501,1.0928,207.722,207.8449517,-0.12295169999998734,0.1495037
11,18,29,0.2413793103448276,1.6896551724137931,9.43913067739236,0.32548726473766765,33.33234567043053,1,1.0,3.0,1.0,2.0,1.2,-0.0342,1.6667,223.61,222.7824138,0.8275862000000132,0.007337
12,17,29,0.1724137931034483,0.8620689655172413,9.43913067739236,0.32548726473766765,40.074126205503724,1,1.0,4.0,1.0,3.0,1.7142857142857142,0.4842,1.1088,235.738,235.2924193,0.4455806999999936,0.0003451
13,16,29,0.10344827586206896,0.3103448275862069,9.43913067739236,0.32548726473766765,47.445892320294234,1,1.0,5.0,1.0,4.0,2.2222222222222223,0.5874,0.213,242.4701,242.1054763,0.3646237000000099,0.0003451
14,15,29,0.034482758620689655,0.034482758620689655,9.43913067739236,0.32548726473766765,55.44873656418758,1,1.0,6.0,1.0,5.0,2.727272727272727,0.1095,0.0062,244.3567,245.0104469,-0.6537469000000158,5.8e-06
15,14,29,-0.034482758620689655,0.034482758620689655,9.43913067739236,0.32548726473766765,64.0836194713353,1,1.0,5.0,1.0,6.0,2.727272727272727,-0.62,0.0122,238.6184,239.2858672,-0.6674672000000044,0.0003596
16,13,29,-0.10344827586206896,0.3103448275862069,9.43913067739236,0.32548726473766765,73.35139337924527,1,1.0,4.0,1.0,5.0,2.2222222222222223,-0.9999,0.2513,224.9723,224.6450954,0.3272045999999875,0.0130413
10,20,30,0.3333333333333333,3.3333333333333335,9.654893846056297,0.3218297948685433,26.913433801789502,2,1.0,2.0,2.0,0.0,0.0,-3.5268,1.2482,210.7208,211.035951,-0.3151510000000144,0.253251
11,19,30,0.26666666666666666,2.1333333333333333,9.654893846056297,0.3218297948685433,32.95779322809429,0,1.0,3.0,1.0,1.0,0.75,0.7727,1.1568,225.1813,225.059055,0.12224499999999239,0.004728
12,18,30,0.2,1.2,9.654893846056297,0.3218297948685433,39.623817007550166,2,1.0,4.0,1.0,2.0,1.3333333333333333,0.4007,1.4676,242.2498,241.63275,0.6170500000000061,0.001296
13,17,30,0.13333333333333333,0.5333333333333333,9.654893846056297,0.3218297948685433,46.91274727784517,0,1.0,5.0,1.0,3.0,1.875,1.1876,0.464,247.8139,247.833147,-0.01924700000000712,0.001935
14,16,30,0.06666666666666667,0.13333333333333333,9.654893846056297,0.3218297948685433,54.82566431148982,2,1.0,6.0,1.0,4.0,2.4,-0.1682,0.0251,255.8637,255.619647,0.24405300000000807,2.4e-05
15,15,30,0.0,0.0,9.654893846056297,0.3218297948685433,63.3635178492035,0,1.0,5.0,1.0,5.0,2.5,0.392,0.0011,250.6516,250.605192,0.04640800000001377,6.6e-05
16,14,30,-0.06666666666666667,0.13333333333333333,9.654893846056297,0.3218297948685433,72.52715065085741,2,1.0,4.0,1.0,6.0,2.4,-1.4307,0.0215,244.0966,243.681243,0.4153570000000002,0.000207
17,13,30,-0.13333333333333333,0.5333333333333333,9.654893846056297,0.3218297948685433,82.31731656983825,0,1.0,3.0,1.0,5.0,1.875,-0.519,0.5673,223.601,224.165094,-0.5640940000000114,0.023877
10,21,31,0.3548387096774194,3.903225806451613,9.868272403218972,0.31833136784577337,26.620873306804356,1,1.0,2.0,2.0,1.0,0.6666666666666666,-4.2292,2.7533,210.4265,211.2057962,-0.7792962000000045,0.2661939
11,20,31,0.2903225806451613,2.6129032258064515,9.868272403218972,0.31833136784577337,32.59952797025163,1,1.0,3.0,2.0,0.0,0.0,-1.8263,1.189,228.9751,229.3590118,-0.3839117999999928,0.0139717
12,19,31,0.22580645161290322,1.5806451612903225,9.868272403218972,0.31833136784577337,39.19308923039975,1,1.0,4.0,1.0,1.0,0.8,1.0144,1.0257,244.5569,243.9448466,0.6120534000000077,0.0030752
13,18,31,0.16129032258064516,0.8064516129032258,9.868272403218972,0.31833136784577337,46.40278572237071,1,1.0,5.0,1.0,2.0,1.4285714285714286,1.1555,0.6894,255.2287,254.991058,0.2376419999999939,0.0022351
14,17,31,0.0967741935483871,0.2903225806451613,9.868272403218972,0.31833136784577337,54.22968597565247,1,1.0,6.0,1.0,3.0,2.0,0.5753,0.1438,261.9276,262.2070396,-0.27943959999998924,4.34e-05
15,16,31,0.03225806451612903,0.03225806451612903,9.868272403218972,0.31833136784577337,62.67472940687807,1,1.0,5.0,1.0,4.0,2.2222222222222223,0.5532,0.0049,262.6667,262.9161987,-0.24949870000000374,6.2e-06
16,15,31,-0.03225806451612903,0.03225806451612903,9.868272403218972,0.31833136784577337,71.73874961475973,1,1.0,4.0,1.0,5.0,2.2222222222222223,-0.1602,0.0053,256.6553,256.7358403,-0.08054029999999557,0.0002294
17,14,31,-0.0967741935483871,0.2903225806451613,9.868272403218972,0.31833136784577337,81.42249225797659,1,1.0,3.0,1.0,6.0,2.0,-0.9131,0.159,243.575,243.9455131,-0.3705131000000108,0.0034472
11,21,32,0.3125,3.125,10.079368399158984,0.3149802624737183,32.25634955825016,0,1.0,3.0,2.0,1.0,0.75,-2.6044,2.6015,230.1997,231.036208,-0.8365079999999807,0.0372608
12,20,32,0.25,2.0,10.079368399158984,0.3149802624737183,38.780499755613654,2,1.0,4.0,2.0,0.0,0.0,0.878,0.69,249.639,249.7229152,-0.08391519999997854,0.0032608
13,19,32,0.1875,1.125,10.079368399158984,0.3149802624737183,45.91429906909219,0,1.0,5.0,1.0,1.0,0.8333333333333334,1.4825,0.3999,259.3028,259.2110368,0.0917632000000026,0.0071712
14,18,32,0.125,0.5,10.079368399158984,0.3149802624737183,53.65880477965952,2,1.0,6.0,1.0,2.0,1.5,0.5362,0.2986,270.9992,271.407008,-0.40780800000004547,0.0002976
15,17,32,0.0625,0.125,10.079368399158984,0.3149802624737183,62.014946414618116,0,1.0,5.0,1.0,3.0,1.875,1.4976,0.1074,270.1655,270.8518496,-0.6863495999999714,4.16e-05
16,16,32,0.0,0.0,10.079368399158984,0.3149802624737183,70.98354879730523,2,1.0,4.0,1.0,4.0,2.0,0.3935,0.0149,272.4143,271.7801632,0.6341368000000216,6.4e-06
17,15,32,-0.0625,0.125,10.079368399158984,0.3149802624737183,80.56534973677832,0,1.0,3.0,1.0,5.0,1.875,0.425,0.1124,257.7159,258.3169856,-0.6010856000000331,0.0005632
18,14,32,-0.125,0.5,10.079368399158984,0.3149802624737183,90.7610138502651,2,1.0,2.0,1.0,6.0,1.5,-1.1312,0.3557,245.6821,246.4002848,-0.7181848000000173,0.0017696
11,22,33,0.3333333333333333,3.6666666666666665,10.288276478101775,0.311765953881872,31.927180166135212,1,1.0,3.0,2.0,2.0,1.2,-3.9013,4.3161,233.0022,233.9675646,-0.9653646000000151,0.4499121
12,21,33,0.2727272727272727,2.4545454545454546,10.288276478101775,0.311765953881872,38.384752756796665,1,1.0,4.0,2.0,1.0,0.8,-2.0419,1.8614,251.3466,252.0024606,-0.6558606000000111,0.0026631
13,20,33,0.21212121212121213,1.4848484848484849,10.288276478101775,0.311765953881872,45.44575312012595,1,1.0,5.0,2.0,0.0,0.0,0.9404,0.2017,265.4007,264.6803676,0.7203323999999611,0.0069861
14,19,33,0.15151515151515152,0.7575757575757576,10.288276478101775,0.311765953881872,53.11122774776263,1,1.0,6.0,1.0,1.0,0.8571428571428571,0.6775,0.0993,275.8562,275.9149668,-0.058766800000000785,0.0006996
15,18,33,0.09090909090909091,0.2727272727272727,10.288276478101775,0.311765953881872,61.382096681374826,1,1.0,5.0,1.0,2.0,1.4285714285714286,1.6355,0.2261,280.1145,280.9556409,-0.8411408999999708,0.001089
16,17,33,0.030303030303030304,0.030303030303030304,10.288276478101775,0.311765953881872,70.25917632714781,1,1.0,4.0,1.0,3.0,1.7142857142857142,1.5654,0.1365,280.3657,280.4218032,-0.05610319999999547,6.6e-06
17,16,33,-0.030303030303030304,0.030303030303030304,10.288276478101775,0.311765953881872,79.74319696494985,1,1.0,3.0,1.0,4.0,1.7142857142857142,0.9712,0.1442,274.093,274.0569381,0.036061899999992875,0.0003894
18,15,33,-0.09090909090909091,0.2727272727272727,10.288276478101775,0.311765953881872,89.83481642972696,1,1.0,2.0,1.0,5.0,1.4285714285714286,0.3583,0.2554,260.7944,261.6555447,-0.8611447000000112,0.0003993
11,23,34,0.35294117647058826,4.235294117647059,10.49508462297634,0.30867895949930413,31.61104870727349,0,1.0,3.0,2.0,3.0,1.5,-3.8295,5.3489,233.4343,234.1388818,-0.7045817999999997,0.5994166
12,22,34,0.29411764705882354,2.9411764705882355,10.49508462297634,0.30867895949930413,38.004680735906966,2,1.0,4.0,2.0,2.0,1.3333333333333333,-3.3228,3.4402,255.6834,256.7133246,-1.0299246000000153,0.0068918
13,21,34,0.23529411764705882,1.8823529411764706,10.49508462297634,0.30867895949930413,44.995765612360586,0,1.0,5.0,2.0,1.0,0.8333333333333334,1.3402,0.5834,267.9129,267.2519204,0.6609795999999619,0.0021046
14,20,34,0.17647058823529413,1.0588235294117647,10.49508462297634,0.30867895949930413,52.58533946628996,2,1.0,6.0,2.0,0.0,0.0,-0.1513,0.0176,283.6663,283.4636406,0.20265939999995908,0.0008024
15,19,34,0.11764705882352941,0.47058823529411764,10.49508462297634,0.30867895949930413,60.7743132294414,0,1.0,5.0,1.0,1.0,0.8333333333333334,1.7902,0.0681,286.4286,287.2383104,-0.8097103999999717,0.0008092
16,18,34,0.058823529411764705,0.11764705882352941,10.49508462297634,0.30867895949930413,69.56349522423967,2,1.0,4.0,1.0,2.0,1.3333333333333333,1.8664,0.2436,291.7818,291.8389524,-0.057152400000006764,4.42e-05
17,17,34,0.0,0.0,10.49508462297634,0.30867895949930413,78.95360849958433,0,1.0,3.0,1.0,3.0,1.5,2.099,0.2872,285.6177,285.5650004,0.05269960000003948,4.76e-05
18,16,34,-0.058823529411764705,0.11764705882352941,10.49508462297634,0.30867895949930413,88.94530437677629,2,1.0,2.0,1.0,4.0,1.3333333333333333,0.934,0.2629,278.7239,278.7208616,0.003038400000036745,7.82e-05
12,23,35,0.3142857142857143,3.4571428571428573,10.699874805650794,0.30571070873287987,37.639228477984865,1,1.0,4.0,2.0,3.0,1.7142857142857142,-2.658,4.5025,256.8097,257.468183,-0.6584829999999897,0.269668
13,22,35,0.2571428571428571,2.3142857142857145,10.699874805650794,0.30571070873287987,44.56308722060568,1,1.0,5.0,2.0,2.0,1.4285714285714286,0.4062,1.5353,272.5439,272.5493505,-0.005450499999994918,0.0073605
14,21,35,0.2,1.4,10.699874805650794,0.30571070873287987,52.079679882537704,1,1.0,6.0,2.0,1.0,0.8571428571428571,0.5394,0.1864,286.6159,285.934754,0.6811460000000125,0.0358575
15,20,35,0.14285714285714285,0.7142857142857143,10.699874805650794,0.30571070873287987,60.189908636025606,1,1.0,5.0,2.0,0.0,0.0,1.0375,0.0098,294.9668,295.618736,-0.6519360000000347,0.0018655
16,19,35,0.08571428571428572,0.2571428571428571,10.699874805650794,0.30571070873287987,68.89457403068172,1,1.0,4.0,1.0,1.0,0.8,2.0726,0.0843,298.7342,298.8247885,-0.09058850000002394,4.2e-05
17,18,35,0.02857142857142857,0.02857142857142857,10.699874805650794,0.30571070873287987,78.19439216258166,1,1.0,3.0,1.0,2.0,1.2,2.493,0.4081,297.8227,298.209765,-0.3870650000000069,3.5e-05
18,17,35,-0.02857142857142857,0.02857142857142857,10.699874805650794,0.30571070873287987,88.09000808993365,1,1.0,2.0,1.0,3.0,1.2,1.9652,0.4392,291.2352,291.4611735,-0.2259734999999523,0.000679
19,16,35,-0.08571428571428572,0.2571428571428571,10.699874805650794,0.30571070873287987,98.58200648150833,1,1.0,1.0,1.0,4.0,0.8,0.9964,0.0885,278.512,278.8044315,-0.2924315000000206,0.000511
12,24,36,0.3333333333333333,4.0,10.902723556992836,0.30285343213869,37.28743940589357,2,1.0,4.0,2.0,4.0,2.0,-4.1285,5.6354,260.4101,260.7991272,-0.3890271999999868,0.6902388
13,23,36,0.2777777777777778,2.7777777777777777,10.902723556992836,0.30285343213869,44.1465854022427,0,1.0,5.0,2.0,3.0,1.875,-0.5625,2.4417,275.0208,274.4465544,0.5742455999999834,0.1495044
14,22,36,0.2222222222222222,1.7777777777777777,10.902723556992836,0.30285343213869,51.59292542444871,2,1.0,6.0,2.0,2.0,1.5,0.2517,0.6431,292.3694,292.0507164,0.31868359999998574,0.0717984
15,21,36,0.16666666666666666,1.0,10.902723556992836,0.30285343213869,59.62735321274663,0,1.0,5.0,2.0,1.0,0.8333333333333334,1.8267,0.1412,299.241,299.0832912,0.15770879999996623,0.0131148
16,20,36,0.1111111111111111,0.4444444444444444,10.902723556992836,0.30285343213869,68.25066183453896,2,1.0,4.0,2.0,0.0,0.0,1.4313,0.0197,308.6528,308.71404,-0.06123999999999796,0.0001872
17,19,36,0.05555555555555555,0.1111111111111111,10.902723556992836,0.30285343213869,77.46356069302307,0,1.0,3.0,1.0,1.0,0.75,2.9135,0.216,306.11,306.7895592,-0.6795591999999715,3.6e-05
18,18,36,0.0,0.0,10.902723556992836,0.30285343213869,87.26668881747307,2,1.0,2.0,1.0,2.0,1.0,2.3151,0.5143,306.8522,306.7167456,0.1354543999999578,2.88e-05
19,17,36,-0.05555555555555555,0.1111111111111111,10.902723556992836,0.30285343213869,97.66062541214576,0,1.0,1.0,1.0,3.0,0.75,2.1234,0.2279,292.4373,293.1200388,-0.6827387999999814,0.000324
20,16,36,-0.1111111111111111,0.4444444444444444,10.902723556992836,0.30285343213869,108.64589834553493,2,2.0,0.0,1.0,4.0,0.0,0.2844,0.0186,280.9798,281.3716764,-0.391876400000001,0.0399996
12,25,37,0.35135135135135137,4.5675675675675675,11.103702468586784,0.30010006671856176,36.94844392038658,1,1.0,4.0,2.0,5.0,2.2222222222222223,-4.5766,5.7583,260.7289,261.0391255,-0.3102255000000014,0.6989485
13,24,37,0.2972972972972973,3.27027027027027,11.103702468586784,0.30010006671856176,43.74523059240978,1,1.0,5.0,2.0,4.0,2.2222222222222223,-2.1109,3.3215,279.225,278.658692,0.5663080000000491,0.1802455
14,23,37,0.24324324324324326,2.189189189189189,11.103702468586784,0.30010006671856176,51.12387286729665,1,1.0,6.0,2.0,3.0,2.0,-0.4378,1.2136,295.1247,294.2574221,0.8672779000000332,0.1138083
15,22,37,0.1891891891891892,1.3243243243243243,11.103702468586784,0.30010006671856176,59.08525635992126,1,1.0,5.0,2.0,2.0,1.4285714285714286,1.6262,0.5159,305.6064,305.8995757,-0.29317570000000615,0.0379472
16,21,37,0.13513513513513514,0.6756756756756757,11.103702468586784,0.30010006671856176,67.63016692758335,1,1.0,4.0,2.0,1.0,0.8,2.2756,0.1541,313.4337,313.0176431,0.41605690000000095,0.0001998
17,20,37,0.08108108108108109,0.24324324324324326,11.103702468586784,0.30010006671856176,76.75930752400336,1,1.0,3.0,2.0,0.0,0.0,2.4355,0.1106,316.7677,317.1004192,-0.33271919999998545,5.18e-05
18,19,37,0.02702702702702703,0.02702702702702703,11.103702468586784,0.30010006671856176,86.47331136877675,1,1.0,2.0,1.0,1.0,0.6666666666666666,2.9617,0.2859,315.7567,315.5042022,0.25249780000001465,0.0002072
19,18,37,-0.02702702702702703,0.02702702702702703,11.103702468586784,0.30010006671856176,96.77275240037565,1,1.0,1.0,1.0,2.0,0.6666666666666666,2.5053,0.3042,308.8658,308.574376,0.29142400000000634,9.25e-05
20,17,37,-0.08108108108108109,0.24324324324324326,11.103702468586784,0.30010006671856176,107.6581536882237,1,2.0,0.0,1.0,3.0,0.0,1.5231,0.1239,295.7,296.1278979,-0.42789790000000494,0.0006327
14,24,38,0.2631578947368421,2.6315789473684212,11.302878635921052,0.29744417462950146,50.671425485344834,2,1.0,6.0,2.0,4.0,2.4,-1.578,1.7856,300.5736,299.9275286,0.6460713999999825,0.1047926
15,23,38,0.21052631578947367,1.6842105263157894,11.302878635921052,0.29744417462950146,58.5623505616577,0,1.0,5.0,2.0,3.0,1.875,0.9592,1.0555,309.657,309.5964462,0.060553799999979674,0.07258
16,22,38,0.15789473684210525,0.9473684210526315,11.302878635921052,0.29744417462950146,67.03163848575782,2,1.0,4.0,2.0,2.0,1.3333333333333333,2.1811,0.5092,321.1792,321.0537502,0.12544979999995576,0.0071706
17,21,38,0.10526315789473684,0.42105263157894735,11.302878635921052,0.29744417462950146,76.07998599020998,0,1.0,3.0,2.0,1.0,0.75,3.1291,0.3096,322.9102,323.2083046,-0.2981046000000447,9.88e-05
18,20,38,0.05263157894736842,0.10526315789473684,11.302878635921052,0.29744417462950146,85.7080206906025,2,1.0,2.0,2.0,0.0,0.0,2.6312,0.1809,327.7511,327.3426666,0.40843340000003536,0.0001938
19,19,38,0.0,0.0,11.302878635921052,0.29744417462950146,95.91631144603963,0,1.0,1.0,1.0,1.0,0.5,2.7997,0.1437,321.0646,320.6462534,0.4183466000000067,0.0001938
20,18,38,-0.05263157894736842,0.10526315789473684,11.302878635921052,0.29744417462950146,106.70537669676925,2,2.0,0.0,1.0,2.0,0.0,1.93,0.1947,313.5649,313.1216492,0.4432508000000439,0.0001938
14,25,39,0.28205128205128205,3.1025641025641026,11.500315051230226,0.29487987310846736,50.2345811141048,1,1.0,6.0,2.0,5.0,2.727272727272727,-2.2354,1.7645,302.6918,301.5081927,1.1836073000000056,0.1355328
15,24,39,0.23076923076923078,2.076923076923077,11.500315051230226,0.29487987310846736,58.05747758908178,1,1.0,5.0,2.0,4.0,2.2222222222222223,-0.2808,1.6324,315.7712,315.8208339,-0.04963390000000345,0.1126437
16,23,39,0.1794871794871795,1.2564102564102564,11.500315051230226,0.29487987310846736,66.45375077711286,1,1.0,4.0,2.0,3.0,1.7142857142857142,1.4506,1.0529,325.7002,325.4265222,0.2736777999999731,0.0500019
17,22,39,0.1282051282051282,0.6410256410256411,11.500315051230226,0.29487987310846736,75.42409140414873,1,1.0,3.0,2.0,2.0,1.2,3.127,0.7154,331.4122,331.2817248,0.13047519999997803,0.0017316
18,21,39,0.07692307692307693,0.23076923076923078,11.500315051230226,0.29487987310846736,84.96912167502927,1,1.0,2.0,2.0,1.0,0.6666666666666666,3.2688,0.4094,334.4698,333.9413532,0.5284468000000402,0.0049998
19,20,39,0.02564102564102564,0.02564102564102564,11.500315051230226,0.29487987310846736,95.08940554465687,1,1.0,1.0,2.0,0.0,0.0,2.472,0.0792,333.8633,333.7240062,0.13929379999996172,1.17e-05
20,19,39,-0.02564102564102564,0.02564102564102564,11.500315051230226,0.29487987310846736,105.78545698374457,1,2.0,0.0,1.0,1.0,0.0,2.0627,0.0766,326.7413,326.4171729,0.32412709999999834,0.0005967
21,18,39,-0.07692307692307693,0.23076923076923078,11.500315051230226,0.29487987310846736,117.05774671252163,1,2.0,1.0,1.0,2.0,0.6666666666666666,2.1889,0.4898,312.6883,312.5248425,0.16345750000004955,0.0240006
14,26,40,0.3,3.6,11.696070952851462,0.2924017738212866,49.812421818055135,2,1.0,6.0,2.0,6.0,3.0,-3.2473,1.5275,307.1206,306.232988,0.8876120000000469,0.121992
15,25,40,0.25,2.5,11.696070952851462,0.2924017738212866,57.56957655903726,0,1.0,5.0,2.0,5.0,2.5,-1.0372,1.703,319.2508,319.256708,-0.00590799999997671,0.083608
16,24,40,0.2,1.6,11.696070952851462,0.2924017738212866,65.89528949355595,2,1.0,4.0,2.0,4.0,2.0,0.1132,1.6457,333.2085,333.17302,0.03548000000000684,0.003984
17,23,40,0.15,0.9,11.696070952851462,0.2924017738212866,74.7902455428677,0,1.0,3.0,2.0,3.0,1.5,2.6819,1.0861,337.0687,337.11064,-0.04194000000001097,0.032064
18,22,40,0.1,0.4,11.696070952851462,0.2924017738212866,84.25506168295306,2,1.0,2.0,2.0,2.0,1.0,3.2026,0.8216,344.3204,343.810376,0.5100239999999872,8e-06
19,21,40,0.05,0.1,11.696070952851462,0.2924017738212866,94.29029712937354,0,1.0,1.0,2.0,1.0,0.5,3.3661,0.2173,341.6831,341.523628,0.15947200000005068,5.6e-05
20,20,40,0.0,0.0,11.696070952851462,0.2924017738212866,104.89646153355633,2,2.0,0.0,2.0,0.0,0.0,1.5711,0.0311,342.6026,342.052184,0.5504159999999843,2.4e-05
21,19,40,-0.05,0.1,11.696070952851462,0.2924017738212866,116.07402165991154,0,2.0,1.0,1.0,1.0,0.5,2.4924,0.2344,327.0713,326.946788,0.12451199999998153,0.002828
22,18,40,-0.1,0.4,11.696070952851462,0.2924017738212866,127.82340688505992,2,2.0,2.0,1.0,2.0,1.0,1.7556,1.0205,314.7273,314.634528,0.09277200000002495,0.068244
15,26,41,0.2682926829268293,2.951219512195122,11.890202136872691,0.2900049301676267,57.09767355921567,1,1.0,5.0,2.0,6.0,2.727272727272727,-2.1689,1.5557,324.3766,324.1686033,0.2079967000000238,0.1201628
16,25,41,0.21951219512195122,1.975609756097561,11.890202136872691,0.2900049301676267,65.3551398755675,1,1.0,4.0,2.0,5.0,2.2222222222222223,-0.7185,1.7886,337.1917,337.4150678,-0.2233677999999486,0.0041
17,24,41,0.17073170731707318,1.1951219512195121,11.890202136872691,0.2900049301676267,74.17718316967343,1,1.0,3.0,2.0,4.0,1.7142857142857142,1.6454,1.542,345.1036,344.9313313,0.17226869999996097,0.0687242
18,23,41,0.12195121951219512,0.6097560975609756,11.890202136872691,0.2900049301676267,83.5644153601064,1,1.0,2.0,2.0,3.0,1.2,3.0987,1.0645,350.3723,349.9093053,0.46299469999996745,0.0003485
19,22,41,0.07317073170731707,0.21951219512195122,11.890202136872691,0.2900049301676267,93.5173910784876,1,1.0,1.0,2.0,2.0,0.6666666666666666,3.5869,0.4909,352.156,351.6189971,0.5370029000000045,1.23e-05
20,21,41,0.024390243902439025,0.024390243902439025,11.890202136872691,0.2900049301676267,104.03661579858566,1,2.0,0.0,2.0,1.0,0.0,2.7054,0.1678,350.7576,350.4150075,0.3425925000000234,0.0001394
21,20,41,-0.024390243902439025,0.024390243902439025,11.890202136872691,0.2900049301676267,115.12255245870078,1,2.0,1.0,2.0,0.0,0.0,2.0322,0.1643,343.4658,343.1371139,0.3286861000000272,7.79e-05
22,19,41,-0.07317073170731707,0.21951219512195122,11.890202136872691,0.2900049301676267,126.77562691581493,1,2.0,2.0,1.0,1.0,0.6666666666666666,2.3537,0.5575,329.7279,329.4099449,0.3179550999999492,0.0279456
15,27,42,0.2857142857142857,3.4285714285714284,12.082761235960547,0.28768479133239405,56.64087260155746,0,1.0,5.0,2.0,7.0,2.9166666666666665,-2.3305,0.6559,326.9343,326.1683124,0.7659876000000168,0.0950082
16,26,42,0.23809523809523808,2.380952380952381,12.082761235960547,0.28768479133239405,64.83227635728277,2,1.0,4.0,2.0,6.0,2.4,-1.9805,1.7064,343.7062,344.115555,-0.4093549999999482,0.002793
17,25,42,0.19047619047619047,1.5238095238095237,12.082761235960547,0.28768479133239405,73.58374028144168,0,1.0,3.0,2.0,5.0,1.875,0.9049,1.6129,350.3065,350.5272288,-0.22072879999996076,0.0596148
18,24,42,0.14285714285714285,0.8571428571428571,12.082761235960547,0.28768479133239405,82.89587139704884,2,1.0,2.0,2.0,4.0,1.3333333333333333,2.2529,1.3763,359.6193,359.3357922,0.2835077999999953,0.005775
19,23,42,0.09523809523809523,0.38095238095238093,12.082761235960547,0.28768479133239405,92.76921989848242,0,1.0,1.0,2.0,3.0,0.75,3.5625,0.6503,359.4121,359.1527982,0.2593018000000029,0.000105
20,22,42,0.047619047619047616,0.09523809523809523,12.082761235960547,0.28768479133239405,103.2042872155476,2,2.0,0.0,2.0,2.0,0.0,3.1225,0.3481,362.4742,361.8957132,0.5784868000000074,0.000147
21,21,42,0.0,0.0,12.082761235960547,0.28768479133239405,114.20153258287952,0,2.0,1.0,2.0,1.0,0.5,3.0657,0.3,355.3759,354.6870726,0.6888273999999797,0.0001554
22,20,42,-0.047619047619047616,0.09523809523809523,12.082761235960547,0.28768479133239405,125.76137845045838,2,2.0,2.0,2.0,0.0,0.0,1.9912,0.3654,347.4741,346.88808,0.5860200000000191,0.0002688
16,27,43,0.2558139534883721,2.813953488372093,12.273797969521459,0.28543716208189446,64.32575350620603,1,1.0,4.0,2.0,7.0,2.5454545454545454,-2.0909,0.8307,346.6691,346.7445868,-0.07548679999996466,0.0049708
17,26,43,0.20930232558139536,1.8837209302325582,12.273797969521459,0.28543716208189446,73.00884382531778,1,1.0,3.0,2.0,6.0,2.0,-0.2441,1.4984,357.4082,357.9262896,-0.5180895999999962,0.0618598
18,25,43,0.16279069767441862,1.1395348837209303,12.273797969521459,0.28543716208189446,82.24822094450064,1,1.0,2.0,2.0,5.0,1.4285714285714286,1.5761,1.4056,365.2475,364.9942426,0.2532573999999954,0.0053105
19,24,43,0.11627906976744186,0.5813953488372093,12.273797969521459,0.28543716208189446,92.04443075956357,1,1.0,1.0,2.0,4.0,0.8,2.9304,0.8606,369.2658,368.7774772,0.48832279999999173,0.0004085
20,23,43,0.06976744186046512,0.20930232558139536,12.273797969521459,0.28543716208189446,102.39797078273135,1,2.0,0.0,2.0,3.0,0.0,3.1818,0.4549,370.3271,369.8286079,0.49849209999996447,0.0002279
21,22,43,0.023255813953488372,0.023255813953488372,12.273797969521459,0.28543716208189446,113.30929666072198,1,2.0,1.0,2.0,2.0,0.6666666666666666,3.5954,0.5554,367.4602,366.8255395,0.6346604999999954,0.0018619
22,21,43,-0.023255813953488372,0.023255813953488372,12.273797969521459,0.28543716208189446,124.77882754299036,1,2.0,2.0,2.0,1.0,0.6666666666666666,2.9697,0.5736,359.9005,359.1706322,0.7298678000000223,0.005719
23,20,43,-0.06976744186046512,0.20930232558139536,12.273797969521459,0.28543716208189446,136.80695054654686,1,2.0,3.0,2.0,0.0,0.0,1.6921,0.4946,347.2714,346.9890547,0.28234530000003133,0.0428495
16,28,44,0.2727272727272727,3.272727272727273,12.463359368739502,0.2832581674713524,63.83469806974233,2,1.0,4.0,2.0,8.0,2.6666666666666665,-2.989,0.1936,352.1159,351.8246776,0.29122240000003785,0.0052184
17,27,44,0.22727272727272727,2.272727272727273,12.463359368739502,0.2832581674713524,72.45150267163986,0,1.0,3.0,2.0,7.0,2.1,-0.6647,0.7792,361.7667,362.3170672,-0.5503671999999824,0.0855668
18,26,44,0.18181818181818182,1.4545454545454546,12.463359368739502,0.2832581674713524,81.62034744387593,2,1.0,2.0,2.0,6.0,1.5,0.5344,1.27,373.6552,373.7290084,-0.07380840000001854,0.001584
19,25,44,0.13636363636363635,0.8181818181818182,12.463359368739502,0.2832581674713524,91.34177411495342,0,1.0,1.0,2.0,5.0,0.8333333333333334,2.2838,0.8524,376.1264,376.0549012,0.0714987999999721,0.000418
20,24,44,0.09090909090909091,0.36363636363636365,12.463359368739502,0.2832581674713524,101.61627639914579,2,2.0,0.0,2.0,4.0,0.0,2.6826,0.5854,381.4404,380.9597836,0.4806164000000308,0.0003256
21,23,44,0.045454545454545456,0.09090909090909091,12.463359368739502,0.2832581674713524,112.44430646481614,0,2.0,1.0,2.0,3.0,0.75,3.6098,0.7466,376.4573,376.524742,-0.0674420000000282,0.0017556
22,22,44,0.0,0.0,12.463359368739502,0.2832581674713524,123.8262802616804,2,2.0,2.0,2.0,2.0,1.0,3.134,0.8322,375.855,375.474946,0.38005400000002965,0.0006996
23,21,44,-0.045454545454545456,0.09090909090909091,12.463359368739502,0.2832581674713524,135.76258195154205,0,2.0,3.0,2.0,1.0,0.75,2.5321,0.8176,360.8943,360.9520948,-0.05779480000001058,0.0072644
24,20,44,-0.09090909090909091,0.36363636363636365,12.463359368739502,0.2832581674713524,148.2535676261662,2,2.0,4.0,2.0,0.0,0.0,0.887,0.6631,349.9918,349.783566,0.20823400000000447,0.0512336
17,28,45,0.24444444444444444,2.688888888888889,12.651489979526238,0.2811442217672498,71.91079966492434,1,1.0,3.0,2.0,8.0,2.1818181818181817,-2.1529,0.3892,368.026,368.1719595,-0.14595950000000357,0.1361655
18,27,45,0.2,1.8,12.651489979526238,0.2811442217672498,81.01121767230882,1,1.0,2.0,2.0,7.0,1.5555555555555556,-0.449,0.7816,378.6592,378.897867,-0.23866700000002083,0.000513
19,26,45,0.15555555555555556,1.0888888888888888,12.651489979526238,0.2811442217672498,90.66009367933123,1,1.0,1.0,2.0,6.0,0.8571428571428571,1.2057,0.7287,385.1819,384.9603615,0.2215385000000083,0.000522
20,25,45,0.1111111111111111,0.5555555555555556,12.651489979526238,0.2811442217672498,100.85791771569279,1,2.0,0.0,2.0,5.0,0.0,2.0575,0.5498,388.8058,388.3746015,0.4311984999999936,0.0003645
21,24,45,0.06666666666666667,0.2,12.651489979526238,0.2811442217672498,111.60513857524016,1,2.0,1.0,2.0,4.0,0.8,3.148,0.9039,388.2226,387.852345,0.370254999999986,0.0006615
22,23,45,0.022222222222222223,0.022222222222222223,12.651489979526238,0.2811442217672498,122.90216910347114,1,2.0,2.0,2.0,3.0,1.2,3.1726,1.2527,385.122,385.0079445,0.1140555000000063,0.000837
23,22,45,-0.022222222222222223,0.022222222222222223,12.651489979526238,0.2811442217672498,134.74939059520327,1,2.0,3.0,2.0,2.0,1.2,2.5769,1.3121,377.2861,377.101773,0.18432699999999613,0.000864
24,21,45,-0.06666666666666667,0.2,12.651489979526238,0.2811442217672498,147.14715648470138,1,2.0,4.0,2.0,1.0,0.8,1.7096,1.0399,364.3408,363.947787,0.3930129999999963,0.035397
17,29,46,0.2608695652173913,3.130434782608696,12.838232045991905,0.27909200099982406,71.38588460337019,0,1.0,3.0,2.0,9.0,2.25,-2.4311,0.6087,371.0953,371.7156822,-0.6203821999999946,0.0972486
18,28,46,0.21739130434782608,2.1739130434782608,12.838232045991905,0.27909200099982406,80.41987383370349,2,1.0,2.0,2.0,8.0,1.6,-2.1762,0.568,386.3727,386.969641,-0.5969410000000153,0.0023276
19,27,46,0.17391304347826086,1.391304347826087,12.838232045991905,0.27909200099982406,89.99831757788424,0,1.0,1.0,2.0,7.0,0.875,0.2257,0.3385,391.5144,391.8299688,-0.3155687999999941,0.0007268
20,26,46,0.13043478260869565,0.782608695652174,12.838232045991905,0.27909200099982406,100.12170228862702,2,2.0,0.0,2.0,6.0,0.0,0.9731,0.4333,399.1523,398.7733008,0.37899920000000975,0.0022356
21,25,46,0.08695652173913043,0.34782608695652173,12.838232045991905,0.27909200099982406,110.79047348379416,0,2.0,1.0,2.0,5.0,0.8333333333333334,2.7237,0.8572,396.6597,396.612989,0.04671099999995931,0.0006716
22,24,46,0.043478260869565216,0.08695652173913043,12.838232045991905,0.27909200099982406,122.00504099530531,2,2.0,2.0,2.0,4.0,1.3333333333333333,2.7221,1.4562,397.9487,398.1972658,-0.24856580000005124,9.2e-05
23,23,46,0.0,0.0,12.838232045991905,0.27909200099982406,133.76578333470488,0,2.0,3.0,2.0,3.0,1.5,2.5757,1.5247,390.1134,390.3625458,-0.24914580000000797,0.0001334
24,22,46,-0.043478260869565216,0.08695652173913043,12.838232045991905,0.27909200099982406,146.0730513563536,2,2.0,4.0,2.0,2.0,1.3333333333333333,1.591,1.6256,381.8621,381.9758718,-0.11377179999999498,0.011454
25,21,46,-0.08695652173913043,0.34782608695652173,12.838232045991905,0.27909200099982406,158.9271713560707,0,2.0,5.0,2.0,1.0,0.8333333333333334,1.0232,1.0156,364.061,364.139703,-0.07870300000001862,0.0866272
18,29,47,0.23404255319148937,2.574468085106383,13.023625676689214,0.2770984186529621,79.84542655381946,1,1.0,2.0,2.0,9.0,1.6363636363636365,-2.4478,0.7952,389.8301,390.636975,-0.8068749999999909,0.0012126
19,28,47,0.19148936170212766,1.7234042553191489,13.023625676689214,0.2770984186529621,89.3554505070696,1,1.0,1.0,2.0,8.0,0.8888888888888888,-1.5357,0.1352,399.7828,400.1993365,-0.4165365000000065,0.0013959
20,27,47,0.14893617021276595,1.0425531914893618,13.023625676689214,0.2770984186529621,99.40652285852752,1,2.0,0.0,2.0,7.0,0.0,-0.2175,0.1532,406.0384,406.0496756,-0.011275599999976293,0.0022231
21,26,47,0.10638297872340426,0.5319148936170213,13.023625676689214,0.2770984186529621,109.99908594367646,1,2.0,1.0,2.0,6.0,0.8571428571428571,1.8984,0.692,407.4664,407.2595026,0.20689740000000256,0.0019317
22,25,47,0.06382978723404255,0.19148936170212766,13.023625676689214,0.2770984186529621,121.13354666696527,1,2.0,2.0,2.0,5.0,1.4285714285714286,2.5303,1.396,406.7522,407.0779275,-0.32572749999997086,7.99e-05
23,24,47,0.02127659574468085,0.02127659574468085,13.023625676689214,0.2770984186529621,132.8102808361922,1,2.0,3.0,2.0,4.0,1.7142857142857142,2.1546,1.8547,403.2928,403.3650356,-0.07223559999999907,0.0001128
24,23,47,-0.02127659574468085,0.02127659574468085,13.023625676689214,0.2770984186529621,145.02963679952984,1,2.0,4.0,2.0,3.0,1.7142857142857142,1.6862,1.9614,395.1931,395.1387149,0.054385099999990416,0.0051982
25,22,47,-0.06382978723404255,0.19148936170212766,13.023625676689214,0.2770984186529621,157.79193852203338,1,2.0,5.0,2.0,2.0,1.4285714285714286,0.9962,1.6293,382.0545,382.3596499,-0.3051499000000035,0.0316686
18,30,48,0.25,3.0,13.207708995578505,0.27516060407455223,79.28704865925225,2,1.0,2.0,2.0,10.0,1.6666666666666667,-3.1017,1.0488,395.476,395.6959488,-0.2199487999999974,0.0167664
19,29,48,0.20833333333333334,2.0833333333333335,13.207708995578505,0.27516060407455223,88.73056677263793,0,1.0,1.0,2.0,9.0,0.9,-1.5531,0.2335,404.2995,404.8431552,-0.5436551999999892,0.0007728
20,28,48,0.16666666666666666,1.3333333333333333,13.207708995578505,0.27516060407455223,98.7113496052094,2,2.0,0.0,2.0,8.0,0.0,-2.1071,0.0238,415.5956,416.0011968,-0.4055968000000121,1.92e-05
21,27,48,0.125,0.75,13.207708995578505,0.27516060407455223,109.22983639909364,0,2.0,1.0,2.0,7.0,0.875,1.0226,0.3253,415.311,415.4980656,-0.18706560000003947,0.0049488
22,26,48,0.08333333333333333,0.3333333333333333,13.207708995578505,0.27516060407455223,120.28643121316071,2,2.0,2.0,2.0,6.0,1.5,1.8811,1.1765,418.5556,418.7045856,-0.14898559999994632,7.68e-05
23,25,48,0.041666666666666664,0.08333333333333333,13.207708995578505,0.27516060407455223,131.8815072270963,0,2.0,3.0,2.0,5.0,1.875,2.0659,1.7963,413.0605,413.9072928,-0.8467928000000029,0.0009696
24,24,48,0.0,0.0,13.207708995578505,0.27516060407455223,144.01541035299215,2,2.0,4.0,2.0,4.0,2.0,1.2555,2.0389,411.6675,411.4682544,0.1992456000000402,0.0073104
25,23,48,-0.041666666666666664,0.08333333333333333,13.207708995578505,0.27516060407455223,156.68846229033934,0,2.0,5.0,2.0,3.0,1.875,0.9921,1.9981,396.4139,397.1612352,-0.7473352000000091,0.0067008
26,22,48,-0.08333333333333333,0.3333333333333333,13.207708995578505,0.27516060407455223,169.9009631292285,2,2.0,6.0,2.0,2.0,1.5,0.1035,1.439,384.8609,385.0908192,-0.22991919999998345,0.0922176
19,30,49,0.22448979591836735,2.4693877551020407,13.390518279406722,0.27327588325319846,88.12280409073304,1,1.0,1.0,2.0,10.0,0.9090909090909091,-1.973,0.3662,410.3319,410.2414897,0.09041030000003047,0.0008036
20,29,49,0.1836734693877551,1.653061224489796,13.390518279406722,0.27327588325319846,98.03522325154555,1,2.0,0.0,2.0,9.0,0.0,-1.9702,0.0627,420.4462,421.14765,-0.7014500000000226,0.0001764
21,28,49,0.14285714285714285,1.0,13.390518279406722,0.27327588325319846,108.48166335423922,1,2.0,1.0,2.0,8.0,0.8888888888888888,-0.5733,0.1563,425.2198,425.6277445,-0.40794449999998506,0.0022687
22,27,49,0.10204081632653061,0.5102040816326531,13.390518279406722,0.27327588325319846,119.46252569007078,1,2.0,2.0,2.0,7.0,1.5555555555555556,1.4068,0.678,426.5773,426.8469625,-0.2696625000000381,7.84e-05
23,26,49,0.061224489795918366,0.1836734693877551,13.390518279406722,0.27327588325319846,130.97818088262048,1,2.0,3.0,2.0,6.0,2.0,1.6096,1.5379,425.3382,425.4627615,-0.12456150000002708,0.0008232
24,25,49,0.02040816326530612,0.02040816326530612,13.390518279406722,0.27327588325319846,143.02897247464472,1,2.0,4.0,2.0,5.0,2.2222222222222223,1.2814,1.999,421.6488,422.0506073,-0.40180730000002995,0.0022001
25,24,49,-0.02040816326530612,0.02040816326530612,13.390518279406722,0.27327588325319846,155.61521996214435,1,2.0,5.0,2.0,4.0,2.2222222222222223,0.6741,2.1249,413.2694,413.555835,-0.2864349999999831,0.0022148
26,23,49,-0.061224489795918366,0.1836734693877551,13.390518279406722,0.27327588325319846,168.73722137973388,1,2.0,6.0,2.0,3.0,2.0,0.0828,1.8118,399.8169,399.9042929,-0.08739289999999755,0.0242207
19,31,50,0.24,2.88,13.572088082974531,0.2714417616594907,87.53135805474625,0,1.0,1.0,2.0,11.0,0.9166666666666666,-2.2373,0.2429,414.0587,414.429165,-0.37046500000002425,0.00773
20,30,50,0.2,2.0,13.572088082974531,0.2714417616594907,97.37724890792948,2,2.0,0.0,2.0,10.0,0.0,-2.2133,0.1234,427.5967,427.508195,0.08850499999999784,0.001585
21,29,50,0.16,1.28,13.572088082974531,0.2714417616594907,107.75357656183463,0,2.0,1.0,2.0,9.0,0.9,-0.3872,0.2389,431.1247,431.673735,-0.5490350000000035,0.002515
22,28,50,0.12,0.72,13.572088082974531,0.2714417616594907,118.6607396144074,2,2.0,2.0,2.0,8.0,1.6,0.0781,0.4285,437.4022,437.786135,-0.38393500000000813,8.5e-05
23,27,50,0.08,0.32,13.572088082974531,0.2714417616594907,130.0991062017464,0,2.0,3.0,2.0,7.0,2.1,1.381,0.9707,434.2754,434.79516,-0.5197600000000193,9.5e-05
24,26,50,0.04,0.08,13.572088082974531,0.2714417616594907,142.0690175608826,2,2.0,4.0,2.0,6.0,2.4,0.9213,1.7511,434.8932,435.05094,-0.15774000000004662,9.5e-05
25,25,50,0.0,0.0,13.572088082974531,0.2714417616594907,154.57079104348378,0,2.0,5.0,2.0,5.0,2.5,0.8057,1.8901,426.318,426.634115,-0.3161150000000248,0.000115
26,24,50,-0.04,0.08,13.572088082974531,0.2714417616594907,167.60472268387176,2,2.0,6.0,2.0,4.0,2.4,-0.1678,1.9745,417.708,417.70134,0.006660000000010768,0.008385
27,23,50,-0.08,0.32,13.572088082974531,0.2714417616594907,181.17108940201047,0,2.0,7.0,2.0,3.0,2.1,-0.3677,1.2036,399.498,400.031935,-0.5339349999999854,0.12575
19,32,51,0.2549019607843137,3.3137254901960786,13.752451353579682,0.2696559088937193,86.95547718469102,1,1.0,1.0,2.0,12.0,0.9230769230769231,-2.9157,0.1184,419.2769,419.288085,-0.011185000000011769,0.0130407
20,31,51,0.21568627450980393,2.372549019607843,13.752451353579682,0.2696559088937193,96.73659056478337,1,2.0,0.0,2.0,11.0,0.0,-2.604,0.0587,431.7201,432.3225885,-0.6024884999999927,0.0005202
21,30,51,0.17647058823529413,1.588235294117647,13.752451353579682,0.2696559088937193,107.04465092876973,1,2.0,1.0,2.0,10.0,0.9090909090909091,-0.5573,0.3426,438.6862,438.4582863,0.22791369999998778,0.0025143
22,29,51,0.13725490196078433,0.9607843137254902,13.752451353579682,0.2696559088937193,117.88005425216494,1,2.0,2.0,2.0,9.0,1.6363636363636365,0.3008,0.5599,443.6126,444.1585512,-0.5459511999999904,0.0004845
23,28,51,0.09803921568627451,0.49019607843137253,13.752451353579682,0.2696559088937193,129.24316624904958,1,2.0,3.0,2.0,8.0,2.1818181818181817,0.4092,0.6021,445.3851,445.8463452,-0.46124519999995073,9.69e-05
24,27,51,0.058823529411764705,0.17647058823529413,13.752451353579682,0.2696559088937193,141.13432591140904,1,2.0,4.0,2.0,7.0,2.5454545454545454,0.8764,1.1454,444.1517,444.3116073,-0.1599072999999862,0.0001683
25,26,51,0.0196078431372549,0.0196078431372549,13.752451353579682,0.2696559088937193,153.55384850301076,1,2.0,5.0,2.0,6.0,2.727272727272727,0.5259,1.6545,439.9405,440.3217702,-0.3812702000000172,0.000306
26,25,51,-0.0196078431372549,0.0196078431372549,13.752451353579682,0.2696559088937193,166.50202811052597,1,2.0,6.0,2.0,5.0,2.727272727272727,-0.0609,1.7603,431.2736,431.4853827,-0.21178270000001476,0.0013974
27,24,51,-0.058823529411764705,0.17647058823529413,13.752451353579682,0.2696559088937193,179.97913983202403,1,2.0,7.0,2.0,4.0,2.5454545454545454,-0.5527,1.3677,417.7716,417.8559999,-0.08439989999999398,0.0484398
19,33,52,0.2692307692307692,3.769230769230769,13.93163953576523,0.2679161449185622,86.39445848768132,0,1.0,1.0,2.0,13.0,0.9285714285714286,-2.2928,0.1108,421.4348,421.9815756,-0.5467755999999895,0.0335348
20,32,52,0.23076923076923078,2.769230769230769,13.93163953576523,0.2679161449185622,96.11246615366035,2,2.0,0.0,2.0,12.0,0.0,-3.3946,0.0121,438.1488,438.3278692,-0.17906920000001492,0.0006708
21,31,52,0.19230769230769232,1.9230769230769231,13.93163953576523,0.2679161449185622,106.35402105092588,0,2.0,1.0,2.0,11.0,0.9166666666666666,-0.6882,0.2406,443.7361,443.802814,-0.06671399999999039,0.0030732
22,30,52,0.15384615384615385,1.2307692307692308,13.93163953576523,0.2679161449185622,117.11951660024089,2,2.0,2.0,2.0,10.0,1.6666666666666667,0.1795,0.713,452.2257,451.9746036,0.25109639999999445,0.0027456
23,29,52,0.11538461538461539,0.6923076923076923,13.93163953576523,0.2679161449185622,128.4093161561745,0,2.0,3.0,2.0,9.0,2.25,0.5874,0.7841,452.6149,453.157588,-0.5426879999999983,0.0001612
24,28,52,0.07692307692307693,0.3076923076923077,13.93163953576523,0.2679161449185622,140.22375652360626,2,2.0,4.0,2.0,8.0,2.6666666666666665,0.1273,0.7564,456.1948,456.3517192,-0.15691920000000437,0.0001144
25,27,52,0.038461538461538464,0.07692307692307693,13.93163953576523,0.2679161449185622,152.5631509322872,0,2.0,5.0,2.0,7.0,2.9166666666666665,0.5836,1.0524,450.1385,450.8612524,-0.7227523999999903,0.00013
26,26,52,0.0,0.0,13.93163953576523,0.2679161449185622,165.42779157150224,2,2.0,6.0,2.0,6.0,3.0,-0.2179,1.3801,447.8084,447.6996108,0.1087891999999897,0.000182
27,25,52,-0.038461538461538464,0.07692307692307693,13.93163953576523,0.2679161449185622,178.81795176444516,0,2.0,7.0,2.0,5.0,2.9166666666666665,-0.4293,1.1884,432.3516,432.9291512,-0.5775511999999594,0.0052832
28,24,52,-0.07692307692307693,0.3076923076923077,13.93163953576523,0.2679161449185622,192.73388784506943,2,2.0,8.0,2.0,4.0,2.6666666666666665,-1.5422,0.9466,420.3536,420.3626804,-0.009080400000016198,0.0829036
19,34,53,0.2830188679245283,4.245283018867925,14.109682667364165,0.26622042768611637,85.84764346804181,1,1.0,1.0,2.0,14.0,0.9333333333333333,-2.0111,0.1498,424.7521,425.2109864,-0.4588864000000399,0.111777
20,33,53,0.24528301886792453,3.188679245283019,14.109682667364165,0.26622042768611637,95.50414310855545,1,2.0,0.0,2.0,13.0,0.0,-2.7811,0.0081,440.6582,441.5206234,-0.8624233999999547,0.043778
21,32,53,0.20754716981132076,2.2830188679245285,14.109682667364165,0.26622042768611637,105.68087630150893,1,2.0,1.0,2.0,12.0,0.9230769230769231,-1.195,0.1396,450.4329,450.1201225,0.31277750000003834,0.0176967
22,31,53,0.16981132075471697,1.528301886792453,14.109682667364165,0.26622042768611637,116.37823397759371,1,2.0,2.0,2.0,11.0,1.6923076923076923,0.2763,0.5739,457.4504,457.4496568,0.0007431999999880645,0.0028885
23,30,53,0.1320754716981132,0.9245283018867925,14.109682667364165,0.26622042768611637,127.59657719160487,1,2.0,3.0,2.0,10.0,2.3076923076923075,0.3569,1.0119,461.697,461.6375525,0.05944749999997612,0.0031005
24,29,53,0.09433962264150944,0.4716981132075472,14.109682667364165,0.26622042768611637,139.3362406166883,1,2.0,4.0,2.0,9.0,2.769230769230769,0.3453,0.9767,463.7651,464.2911459,-0.5260458999999855,0.0001166
25,28,53,0.05660377358490566,0.16981132075471697,14.109682667364165,0.26622042768611637,151.59753550007517,1,2.0,5.0,2.0,8.0,3.076923076923077,-0.0794,0.677,462.652,462.9115294,-0.25952940000001945,0.0003445
26,27,53,0.018867924528301886,0.018867924528301886,14.109682667364165,0.26622042768611637,164.38075218170167,1,2.0,6.0,2.0,7.0,3.230769230769231,-0.072,0.8246,458.3288,458.3863205,-0.05752050000000963,0.0016695
27,26,53,-0.018867924528301886,0.018867924528301886,14.109682667364165,0.26622042768611637,177.68616225482154,1,2.0,7.0,2.0,6.0,3.230769230769231,-0.6479,0.8838,449.3646,449.3158634,0.04873659999998381,0.0017278
28,25,53,-0.05660377358490566,0.16981132075471697,14.109682667364165,0.26622042768611637,191.51402043097798,1,2.0,8.0,2.0,5.0,3.076923076923077,-1.4086,0.7953,435.4388,435.5049697,-0.066169699999989,0.0251485
20,34,54,0.25925925925925924,3.6296296296296298,14.286609467713793,0.26456684199469993,94.91093436838509,2,2.0,0.0,2.0,14.0,0.0,-2.4747,0.0155,445.0775,445.3648218,-0.28732180000002927,0.048438
21,33,54,0.2222222222222222,2.6666666666666665,14.286609467713793,0.26456684199469993,105.02445640756088,0,2.0,1.0,2.0,13.0,0.9285714285714286,-0.4544,0.1332,453.9058,453.859821,0.045978999999988446,0.0139752
22,32,54,0.18518518518518517,1.8518518518518519,14.286609467713793,0.26456684199469993,115.65536915399511,2,2.0,2.0,2.0,12.0,1.7142857142857142,0.0037,0.4254,465.0779,464.3833518,0.6945481999999856,0.0158328
23,31,54,0.14814814814814814,1.1851851851851851,14.286609467713793,0.26456684199469993,126.80403141984868,0,2.0,3.0,2.0,11.0,2.357142857142857,0.8011,0.7886,467.7759,467.7554628,0.020437200000003486,0.011178
24,30,54,0.1111111111111111,0.6666666666666666,14.286609467713793,0.26456684199469993,138.47077579949865,2,2.0,4.0,2.0,10.0,2.857142857142857,0.1279,1.2484,473.8651,474.0102288,-0.14512880000000905,0.000135
25,29,54,0.07407407407407407,0.2962962962962963,14.286609467713793,0.26456684199469993,150.65591160691366,0,2.0,5.0,2.0,9.0,3.2142857142857144,0.2133,0.9003,471.161,471.8507472,-0.6897471999999993,0.0010044
26,28,54,0.037037037037037035,0.07407407407407407,14.286609467713793,0.26456684199469993,163.35972737862974,2,2.0,6.0,2.0,8.0,3.4285714285714284,-0.6956,0.501,471.8101,471.7647684,0.04533159999999725,0.0003456
27,27,54,0.0,0.0,14.286609467713793,0.26456684199469993,176.58249302094254,0,2.0,7.0,2.0,7.0,3.5,-0.6021,0.4075,462.7117,462.7378746,-0.026174599999990278,0.0003564
28,26,54,-0.037037037037037035,0.07407407407407407,14.286609467713793,0.26456684199469993,190.3244616632951,2,2.0,8.0,2.0,6.0,3.4285714285714284,-1.6629,0.5643,453.4848,453.2237712,0.2610288000000196,0.0046548
20,35,55,0.2727272727272727,4.090909090909091,14.462447418811122,0.26295358943292957,94.33219476951697,1,2.0,0.0,2.0,15.0,0.0,-1.5773,0.1708,446.1906,446.92593,-0.7353299999999763,0.160215
21,34,55,0.23636363636363636,3.0727272727272728,14.462447418811122,0.26295358943292957,104.38404745808477,1,2.0,1.0,2.0,14.0,0.9333333333333333,-0.0541,0.1749,458.6972,458.335317,0.36188300000003437,0.0624085
22,33,55,0.2,2.2,14.462447418811122,0.26295358943292957,114.95013595408446,1,2.0,2.0,2.0,13.0,1.7333333333333334,0.683,0.4448,468.7928,468.543328,0.24947200000002567,0.028875
23,32,55,0.16363636363636364,1.4727272727272727,14.462447418811122,0.26295358943292957,126.03081688174346,1,2.0,3.0,2.0,12.0,2.4,0.8009,0.5911,475.692,475.0536505,0.6383495000000039,0.027016
24,31,55,0.12727272727272726,0.8909090909090909,14.462447418811122,0.26295358943292957,137.62642080737402,1,2.0,4.0,2.0,11.0,2.933333333333333,0.6988,0.9935,480.1662,480.256491,-0.09029099999997925,0.000231
25,30,55,0.09090909090909091,0.45454545454545453,14.462447418811122,0.26295358943292957,149.737255158837,1,2.0,5.0,2.0,10.0,3.3333333333333335,0.0887,1.1658,481.6741,482.0763585,-0.4022585000000163,0.0002585
26,29,55,0.05454545454545454,0.16363636363636364,14.462447418811122,0.26295358943292957,162.36360671325565,1,2.0,6.0,2.0,9.0,3.6,-0.2968,0.7054,480.6452,481.0628955,-0.4176955000000362,0.000308
27,28,55,0.01818181818181818,0.01818181818181818,14.462447418811122,0.26295358943292957,175.5057437311145,1,2.0,7.0,2.0,8.0,3.7333333333333334,-1.2986,0.1827,476.6996,476.829122,-0.12952200000000857,0.000407
28,27,55,-0.01818181818181818,0.01818181818181818,14.462447418811122,0.26295358943292957,189.16391779834612,1,2.0,8.0,2.0,7.0,3.7333333333333334,-1.8222,0.1935,467.4655,467.3527375,0.11276250000003074,0.000704
29,26,55,-0.05454545454545454,0.16363636363636364,14.462447418811122,0.26295358943292957,203.33836542544208,1,2.0,9.0,2.0,6.0,3.6,-1.6779,0.8305,452.5724,452.869835,-0.2974350000000072,0.155562
20,36,56,0.2857142857142857,4.571428571428571,14.637222840091884,0.26137897928735515,93.76731778396713,2,2.0,0.0,2.0,14.0,0.0,-1.2609,0.4707,449.5596,449.8572624,-0.29766240000003563,0.2496424
21,35,56,0.25,3.5,14.637222840091884,0.26137897928735515,103.75897829467048,0,2.0,1.0,2.0,15.0,0.9375,0.5102,0.4769,461.0577,461.0803736,-0.02267359999996188,0.2596664
22,34,56,0.21428571428571427,2.5714285714285716,14.637222840091884,0.26137897928735515,114.26179528264201,2,2.0,2.0,2.0,14.0,1.75,0.751,0.6588,474.7776,474.205172,0.5724280000000022,0.1002008
23,33,56,0.17857142857142858,1.7857142857142858,14.637222840091884,0.26137897928735515,125.27612323658356,0,2.0,3.0,2.0,13.0,2.4375,1.2212,0.8034,480.5682,480.1832336,0.38496639999999616,0.1758848
24,32,56,0.14285714285714285,1.1428571428571428,14.637222840091884,0.26137897928735515,136.80229074332078,2,2.0,4.0,2.0,12.0,3.0,0.8456,0.791,489.0346,488.5026104,0.5319896000000313,0.0005768
25,31,56,0.10714285714285714,0.6428571428571429,14.637222840091884,0.26137897928735515,148.84060338978517,0,2.0,5.0,2.0,11.0,3.4375,0.7578,0.9127,488.9072,489.3468048,-0.4396047999999837,0.0002912
26,30,56,0.07142857142857142,0.2857142857142857,14.637222840091884,0.26137897928735515,161.3913462358304,2,2.0,6.0,2.0,10.0,3.75,-0.3051,0.9425,492.0788,492.2599528,-0.18115280000000666,0.0002688
27,29,56,0.03571428571428571,0.07142857142857142,14.637222840091884,0.26137897928735515,174.4547859355523,0,2.0,7.0,2.0,9.0,3.9375,-0.6491,0.3124,486.3575,486.9109616,-0.5534615999999914,0.000476
28,28,56,0.0,0.0,14.637222840091884,0.26137897928735515,188.03117256834477,2,2.0,8.0,2.0,8.0,4.0,-2.5892,0.0397,484.1048,483.9957416,0.10905840000003764,0.0003976
29,27,56,-0.03571428571428571,0.07142857142857142,14.637222840091884,0.26137897928735515,202.1207412284349,0,2.0,9.0,2.0,7.0,3.9375,-1.6152,0.3448,467.4177,467.9354792,-0.5177791999999499,0.0063952
21,36,57,0.2631578947368421,3.9473684210526314,14.810960957438846,0.2598414203059447,103.14861724186545,1,2.0,1.0,2.0,14.0,0.9333333333333333,0.5432,0.8991,465.0406,465.0154962,0.02510380000001078,0.179778
22,35,57,0.22807017543859648,2.9649122807017543,14.810960957438846,0.2598414203059447,113.58965152399738,1,2.0,2.0,2.0,15.0,1.7647058823529411,1.5838,0.9616,477.501,477.2553456,0.24565439999997807,0.2058783
23,34,57,0.19298245614035087,2.1228070175438596,14.810960957438846,0.2598414203059447,124.53918781444725,1,2.0,3.0,2.0,14.0,2.4705882352941178,1.166,1.1849,487.094,486.5062119,0.5877881000000116,0.0847647
24,33,57,0.15789473684210525,1.4210526315789473,14.810960957438846,0.2598414203059447,135.99755276713233,1,2.0,4.0,2.0,13.0,3.0588235294117645,1.1905,1.1239,494.2792,493.8137886,0.4654113999999936,0.0018639
25,32,57,0.12280701754385964,0.8596491228070176,14.810960957438846,0.2598414203059447,147.96505017137233,1,2.0,5.0,2.0,12.0,3.5294117647058822,0.9797,0.7389,498.1624,497.9927322,0.16966780000001336,0.0015048
26,31,57,0.08771929824561403,0.43859649122807015,14.810960957438846,0.2598414203059447,160.44196341015947,1,2.0,6.0,2.0,11.0,3.8823529411764706,0.3618,0.7139,499.6284,499.9061253,-0.27772529999998596,0.0002679
27,30,57,0.05263157894736842,0.15789473684210525,14.810960957438846,0.2598414203059447,173.42855756899976,1,2.0,7.0,2.0,10.0,4.117647058823529,-0.4096,0.4629,498.1745,498.2874165,-0.11291649999998299,0.000513
28,29,57,0.017543859649122806,0.017543859649122806,14.810960957438846,0.2598414203059447,186.92508125619779,1,2.0,8.0,2.0,9.0,4.235294117647059,-1.6375,0.1058,494.0214,494.2433748,-0.22197479999999814,0.0005643
29,28,57,-0.017543859649122806,0.017543859649122806,14.810960957438846,0.2598414203059447,200.9317681830415,1,2.0,9.0,2.0,8.0,4.235294117647059,-2.2,0.1102,484.4773,484.6860822,-0.20878219999997327,0.0005016
21,37,58,0.27586206896551724,4.413793103448276,14.983685966957935,0.25833941322341275,102.5523691399722,0,2.0,1.0,2.0,13.0,0.9285714285714286,1.0274,0.867,466.8833,467.1867288,-0.30342880000000605,0.1900254
22,36,58,0.2413793103448276,3.3793103448275863,14.983685966957935,0.25833941322341275,112.93304927447726,2,2.0,2.0,2.0,14.0,1.75,1.3623,1.5107,482.7522,481.842482,0.909717999999998,0.183338
23,35,58,0.20689655172413793,2.4827586206896552,14.983685966957935,0.25833941322341275,123.81929203366742,0,2.0,3.0,2.0,15.0,2.5,1.9768,1.3964,490.8253,490.573048,0.25225200000005543,0.095816
24,34,58,0.1724137931034483,1.7241379310344827,14.983685966957935,0.25833941322341275,135.2114221832449,2,2.0,4.0,2.0,14.0,3.111111111111111,1.0302,1.6354,501.9611,501.3519246,0.6091753999999696,0.0029812
25,33,58,0.13793103448275862,1.103448275862069,14.983685966957935,0.25833941322341275,147.10974175648246,0,2.0,5.0,2.0,13.0,3.611111111111111,1.3173,1.1265,504.4142,504.4053404,0.008859599999993861,0.0027028
26,32,58,0.10344827586206896,0.6206896551724138,14.983685966957935,0.25833941322341275,159.5145324982838,2,2.0,6.0,2.0,12.0,4.0,0.6262,0.5904,509.8706,509.9506972,-0.08009719999995468,0.000319
27,31,58,0.06896551724137931,0.27586206896551724,14.983685966957935,0.25833941322341275,172.4260579618346,0,2.0,7.0,2.0,11.0,4.277777777777778,0.1988,0.2951,506.6879,506.8603702,-0.17247019999996382,0.0011542
28,30,58,0.034482758620689655,0.06896551724137931,14.983685966957935,0.25833941322341275,185.844565318365,2,2.0,8.0,2.0,10.0,4.444444444444445,-1.1738,0.2007,506.6921,506.4596018,0.2324982000000091,0.000348
29,29,58,0.0,0.0,14.983685966957935,0.25833941322341275,199.7702869282005,0,2.0,9.0,2.0,9.0,4.5,-1.0297,0.1686,496.8811,497.1162368,-0.23513680000002068,0.0005626
30,28,58,-0.034482758620689655,0.06896551724137931,14.983685966957935,0.25833941322341275,214.2034417117916,2,2.0,10.0,2.0,8.0,4.444444444444445,-2.1888,0.2176,487.2131,486.9649086,0.24819139999999607,0.0500018
21,38,59,0.288135593220339,4.898305084745763,15.155421094002051,0.2568715439661365,101.96967264762077,1,2.0,1.0,2.0,12.0,0.9230769230769231,1.137,0.7178,470.1855,470.6080307,-0.4225306999999816,0.2496408
23,36,59,0.22033898305084745,2.864406779661017,15.155421094002051,0.2568715439661365,123.11575814402146,1,2.0,3.0,2.0,14.0,2.4705882352941178,2.1869,1.708,496.3211,495.8244006,0.49669940000001134,0.1373992
24,35,59,0.1864406779661017,2.0508474576271185,15.155421094002051,0.2568715439661365,134.44315888428113,1,2.0,4.0,2.0,15.0,3.1578947368421053,1.5927,1.8637,506.0733,505.5473705,0.5259295000000179,0.0006726
25,34,59,0.15254237288135594,1.3728813559322033,15.155421094002051,0.2568715439661365,146.27387290985223,1,2.0,5.0,2.0,14.0,3.6842105263157894,1.1631,1.6761,512.5357,512.1744216,0.3612784000000602,0.0023305
26,33,59,0.11864406779661017,0.8305084745762712,15.155421094002051,0.2568715439661365,158.60818036478057,1,2.0,6.0,2.0,13.0,4.105263157894737,1.0095,1.0008,516.4155,516.5317014,-0.11620140000002266,0.0003304
27,32,59,0.0847457627118644,0.423728813559322,15.155421094002051,0.2568715439661365,171.44634330475813,1,2.0,7.0,2.0,12.0,4.421052631578948,0.365,0.2405,517.4009,517.3142361,0.08666389999996227,0.0003953
28,31,59,0.05084745762711865,0.15254237288135594,15.155421094002051,0.2568715439661365,184.78860749660294,1,2.0,8.0,2.0,11.0,4.631578947368421,-0.6673,0.0871,515.626,515.4588808,0.1671192000000019,0.000354
29,30,59,0.01694915254237288,0.01694915254237288,15.155421094002051,0.2568715439661365,198.63520398038273,1,2.0,9.0,2.0,10.0,4.7368421052631575,-0.4604,0.3011,509.9114,509.8781593,0.03324070000002166,0.000531
30,29,59,-0.01694915254237288,0.01694915254237288,15.155421094002051,0.2568715439661365,212.98635043265494,1,2.0,10.0,2.0,9.0,4.7368421052631575,-1.0017,0.3165,500.1066,499.9530318,0.15356819999999516,0.0007611
22,38,60,0.26666666666666666,4.266666666666667,15.32618864787106,0.2554364774645177,111.66403119082767,2,2.0,2.0,2.0,12.0,1.7142857142857142,1.6871,1.3652,489.3731,489.167148,0.20595200000002478,0.240324
23,37,60,0.23333333333333334,3.2666666666666666,15.32618864787106,0.2554364774645177,122.42794626106264,0,2.0,3.0,2.0,13.0,2.4375,2.4852,1.7289,499.6194,499.372506,0.2468939999999975,0.181944
24,36,60,0.2,2.4,15.32618864787106,0.2554364774645177,133.69206411252208,2,2.0,4.0,2.0,14.0,3.111111111111111,1.7303,1.9903,512.5113,512.411256,0.10004400000002533,0.001116
25,35,60,0.16666666666666666,1.6666666666666667,15.32618864787106,0.2554364774645177,145.4566833845592,0,2.0,5.0,2.0,15.0,3.75,1.772,1.8961,517.7109,517.688352,0.02254800000002888,0.002328
26,34,60,0.13333333333333333,1.0666666666666667,15.32618864787106,0.2554364774645177,157.72208265613668,2,2.0,6.0,2.0,14.0,4.2,0.8505,1.5577,525.5509,525.351234,0.19966599999997925,0.003408
27,33,60,0.1,0.6,15.32618864787106,0.2554364774645177,170.4885225189177,0,2.0,7.0,2.0,13.0,4.55,0.9733,0.5801,524.7941,524.806152,-0.012052000000039698,0.000402
28,32,60,0.06666666666666667,0.26666666666666666,15.32618864787106,0.2554364774645177,183.75624736669258,2,2.0,8.0,2.0,12.0,4.8,-0.5412,0.0742,527.2761,526.846614,0.42948599999999715,0.000354
29,31,60,0.03333333333333333,0.06666666666666667,15.32618864787106,0.2554364774645177,197.52548694877552,0,2.0,9.0,2.0,11.0,4.95,0.2935,0.1552,519.6219,519.936282,-0.31438200000002325,0.001614
30,30,60,0.0,0.0,15.32618864787106,0.2554364774645177,211.79645772562847,2,2.0,10.0,2.0,10.0,5.0,-0.2605,0.4084,515.5332,514.983144,0.5500559999999268,0.000546
23,38,61,0.2459016393442623,3.6885245901639343,15.496010072571343,0.2540329520093663,121.75525166119611,1,2.0,3.0,2.0,12.0,2.4,1.1171,1.6085,504.4834,504.5335437,-0.05014369999997825,0.2349171
24,37,61,0.21311475409836064,2.7704918032786887,15.496010072571343,0.2540329520093663,132.95747750611335,1,2.0,4.0,2.0,13.0,3.0588235294117645,0.8166,2.1044,516.2371,516.0705774,0.16652260000000751,0.0018605
25,36,61,0.18032786885245902,1.9836065573770492,15.496010072571343,0.2540329520093663,144.65745470830063,1,2.0,5.0,2.0,14.0,3.6842105263157894,2.0874,1.9752,524.5761,524.5338577,0.04224229999999807,0.0023302
26,35,61,0.14754098360655737,1.3278688524590163,15.496010072571343,0.2540329520093663,156.855460316036,1,2.0,6.0,2.0,15.0,4.285714285714286,1.3582,1.7789,531.0875,530.9298846,0.15761539999994056,0.0026108
27,34,61,0.11475409836065574,0.8032786885245902,15.496010072571343,0.2540329520093663,169.55175348913144,1,2.0,7.0,2.0,14.0,4.666666666666667,1.0285,1.0342,534.2435,534.125211,0.11828900000000431,0.0008418
28,33,61,0.08196721311475409,0.4098360655737705,15.496010072571343,0.2540329520093663,182.74657727852718,1,2.0,8.0,2.0,13.0,4.9523809523809526,0.2848,0.3615,534.9285,534.6667141,0.26178589999994983,0.0003538
29,32,61,0.04918032786885246,0.14754098360655737,15.496010072571343,0.2540329520093663,196.44016017115308,1,2.0,9.0,2.0,12.0,5.142857142857143,0.594,0.1712,531.6913,531.6464028,0.04489719999992303,0.0009516
30,31,61,0.01639344262295082,0.01639344262295082,15.496010072571343,0.2540329520093663,210.6327174381039,1,2.0,10.0,2.0,11.0,5.238095238095238,0.7652,0.2457,525.4476,525.2288978,0.21870219999993878,0.0158966
31,30,61,-0.01639344262295082,0.01639344262295082,15.496010072571343,0.2540329520093663,225.32445231693606,1,2.0,11.0,2.0,10.0,5.238095238095238,0.2428,0.2639,515.3824,515.2323093,0.15009069999996427,0.0379908
23,39,62,0.25806451612903225,4.129032258064516,15.664905993978548,0.25265977409642826,121.09710231071654,0,2.0,3.0,2.0,11.0,2.357142857142857,0.854,1.3008,507.4831,507.640903,-0.15780300000000125,0.2642874
24,38,62,0.22580645161290322,3.161290322580645,15.664905993978548,0.25265977409642826,132.23877440075944,2,2.0,4.0,2.0,12.0,3.0,0.5711,2.133,522.3266,522.4980002,-0.17140019999999367,0.0034472
25,37,62,0.1935483870967742,2.3225806451612905,15.664905993978548,0.25265977409642826,143.87550724764222,0,2.0,5.0,2.0,13.0,3.611111111111111,1.3668,1.7948,529.056,529.3870124,-0.33101239999996324,0.006541
26,36,62,0.16129032258064516,1.6129032258064515,15.664905993978548,0.25265977409642826,156.00757640205552,2,2.0,6.0,2.0,14.0,4.2,1.6111,1.8438,539.0266,538.9587522,0.06784779999998136,0.0027962
27,35,62,0.12903225806451613,1.032258064516129,15.664905993978548,0.25265977409642826,168.63523962292007,0,2.0,7.0,2.0,15.0,4.7727272727272725,1.5289,1.2002,540.7555,540.7227514,0.0327485999999908,0.0185752
28,34,62,0.0967741935483871,0.5806451612903226,15.664905993978548,0.25265977409642826,181.75873864736153,2,2.0,8.0,2.0,14.0,5.090909090909091,0.534,0.7342,545.2721,545.262441,0.00965900000005604,0.0004278
29,33,62,0.06451612903225806,0.25806451612903225,15.664905993978548,0.25265977409642826,195.37830072722122,0,2.0,9.0,2.0,13.0,5.318181818181818,1.3047,0.5768,540.3037,540.5212018,-0.2175017999999227,0.0006386
30,32,62,0.03225806451612903,0.06451612903225806,15.664905993978548,0.25265977409642826,209.49413996994355,2,2.0,10.0,2.0,12.0,5.454545454545454,1.2544,0.2953,538.3724,538.1193962,0.2530037999999877,0.0006138
31,31,62,0.0,0.0,15.664905993978548,0.25265977409642826,224.10645851448217,0,2.0,11.0,2.0,11.0,5.5,1.3205,0.1339,527.6637,528.1559838,-0.4922837999999956,0.0006386
23,40,63,0.2698412698412698,4.587301587301587,15.832896263712227,0.25131581370971795,120.45295660516037,1,2.0,3.0,2.0,10.0,2.3076923076923075,0.2829,1.0628,511.9607,512.2391967,-0.27849670000000515,0.3399984
24,39,63,0.23809523809523808,3.5714285714285716,15.832896263712227,0.25131581370971795,131.53536336108237,1,2.0,4.0,2.0,11.0,2.933333333333333,0.2702,1.8777,525.6653,525.8950074,-0.22970740000005208,0.0726579
25,38,63,0.20634920634920634,2.6825396825396823,15.832896263712227,0.25131581370971795,143.11019752214202,1,2.0,5.0,2.0,12.0,3.5294117647058822,1.0849,1.7726,535.5209,535.821426,-0.30052599999999074,0.0037233
26,37,63,0.1746031746031746,1.9206349206349207,15.832896263712227,0.25131581370971795,155.17773317330702,1,2.0,6.0,2.0,13.0,4.105263157894737,2.2148,1.5955,543.7824,543.7876437,-0.005243699999937235,0.0043029
27,36,63,0.14285714285714285,1.2857142857142858,15.832896263712227,0.25131581370971795,167.73822670241412,1,2.0,7.0,2.0,14.0,4.666666666666667,1.7497,1.2209,549.1192,549.2212236,-0.10202360000005228,0.0185724
28,35,63,0.1111111111111111,0.7777777777777778,15.832896263712227,0.25131581370971795,180.79191856072893,1,2.0,8.0,2.0,15.0,5.217391304347826,1.0509,0.8452,552.0873,552.1002165,-0.012916499999960251,0.0004284
29,34,63,0.07936507936507936,0.3968253968253968,15.832896263712227,0.25131581370971795,194.3390347912834,1,2.0,9.0,2.0,14.0,5.478260869565218,1.4604,0.999,551.1179,551.3848452,-0.2669452000000092,0.0004284
30,33,63,0.047619047619047616,0.14285714285714285,15.832896263712227,0.25131581370971795,208.3797883626311,1,2.0,10.0,2.0,13.0,5.6521739130434785,1.8314,0.7637,547.4319,547.2360558,0.19584420000001046,0.0015624
31,32,63,0.015873015873015872,0.015873015873015872,15.832896263712227,0.25131581370971795,222.91438033849815,1,2.0,11.0,2.0,12.0,5.739130434782608,1.9364,0.2098,541.0105,540.7873821,0.22311790000003384,0.0013041
32,31,63,-0.015873015873015872,0.015873015873015872,15.832896263712227,0.25131581370971795,237.94300090819897,1,2.0,12.0,2.0,11.0,5.739130434782608,1.4636,0.2212,530.6746,530.3791521,0.2954478999999992,0.0372582
24,40,64,0.25,4.0,15.999999999999998,0.25,130.84668391879646,2,2.0,4.0,2.0,10.0,2.857142857142857,-0.4252,1.6918,531.2214,531.4280064,-0.20660639999994146,0.2999424
25,39,64,0.21875,3.0625,15.999999999999998,0.25,142.3609157434889,0,2.0,5.0,2.0,11.0,3.4375,0.7678,1.4948,539.8359,539.99472,-0.15881999999999152,0.0035392
26,38,64,0.1875,2.25,15.999999999999998,0.25,154.36526942206763,2,2.0,6.0,2.0,12.0,4.0,2.4536,1.2612,550.9871,551.1928832,-0.205783199999928,0.0050176
27,37,64,0.15625,1.5625,15.999999999999998,0.25,166.86000000000004,0,2.0,7.0,2.0,13.0,4.55,2.2143,1.0021,554.9257,555.2334272,-0.30772720000004483,0.0200064
28,36,64,0.125,1.0,15.999999999999998,0.25,179.84534666962148,2,2.0,8.0,2.0,14.0,5.090909090909091,1.0998,0.866,561.5016,561.7576768,-0.2560767999999598,0.0004608
29,35,64,0.09375,0.5625,15.999999999999998,0.25,193.321534290471,0,2.0,9.0,2.0,15.0,5.625,1.9663,1.0961,558.8558,559.3007104,-0.44491039999991244,0.0004288
30,34,64,0.0625,0.25,15.999999999999998,0.25,207.28877471606302,2,2.0,10.0,2.0,14.0,5.833333333333333,1.8455,1.249,559.2269,559.0979648,0.1289352000000008,0.0006464
31,33,64,0.03125,0.0625,15.999999999999998,0.25,221.74726795741472,0,2.0,11.0,2.0,13.0,5.958333333333333,2.7384,0.5457,550.8615,551.1444288,-0.28292880000003606,0.0014272
32,32,64,0.0,0.0,15.999999999999998,0.25,236.69720320806675,2,2.0,12.0,2.0,12.0,6.0,2.1159,0.1514,546.2265,545.8447552,0.38174479999997857,0.0037248
25,40,65,0.23076923076923078,3.4615384615384617,16.166235625781553,0.24871131731971627,141.627083557617,1,2.0,5.0,2.0,10.0,3.3333333333333335,0.0579,1.2937,545.7453,546.044343,-0.2990429999999833,0.0037245
26,39,65,0.2,2.6,16.166235625781553,0.24871131731971627,153.56955802550138,1,2.0,6.0,2.0,11.0,3.8823529411764706,0.7088,0.8448,555.4481,555.512555,-0.06445500000006632,0.005109
27,38,65,0.16923076923076924,1.8615384615384616,16.166235625781553,0.24871131731971627,165.99988163187143,1,2.0,7.0,2.0,12.0,4.421052631578948,2.0435,0.7954,562.678,562.697512,-0.019511999999963336,0.00208
28,37,65,0.13846153846153847,1.2461538461538462,16.166235625781553,0.24871131731971627,178.9182923360904,1,2.0,8.0,2.0,13.0,4.9523809523809526,1.291,0.7386,567.7555,567.855756,-0.10025600000005852,0.000481
29,36,65,0.1076923076923077,0.7538461538461538,16.166235625781553,0.24871131731971627,192.3250138386069,1,2.0,9.0,2.0,14.0,5.478260869565218,2.1924,1.0275,568.5585,569.2112855,-0.65278550000005,0.0006435
30,35,65,0.07692307692307693,0.38461538461538464,16.166235625781553,0.24871131731971627,206.22025690088768,1,2.0,10.0,2.0,15.0,6.0,2.3715,1.3692,567.294,567.07729,0.2167100000000346,0.0006435
31,34,65,0.046153846153846156,0.13846153846153847,16.166235625781553,0.24871131731971627,220.60422050294684,1,2.0,11.0,2.0,14.0,6.16,2.8768,0.9719,563.0571,563.0404065,0.016693499999973938,0.000793
32,33,65,0.015384615384615385,0.015384615384615385,16.166235625781553,0.24871131731971627,235.47709286308333,1,2.0,12.0,2.0,13.0,6.24,3.2482,0.3925,556.4273,556.078796,0.3485039999999344,0.0021645
33,32,65,-0.015384615384615385,0.015384615384615385,16.166235625781553,0.24871131731971627,250.83905234004916,1,2.0,13.0,2.0,12.0,6.24,2.9206,0.4161,545.7999,545.7552815,0.04461849999995593,0.0847665
25,41,66,0.24242424242424243,3.878787878787879,16.331620904278438,0.2474488015799764,140.90815197021726,0,2.0,5.0,2.0,9.0,3.2142857142857144,-0.0444,1.7636,549.4623,549.8987076,-0.4364075999999386,0.0111804
26,40,66,0.21212121212121213,2.9696969696969697,16.331620904278438,0.2474488015799764,152.7900036962432,2,2.0,6.0,2.0,10.0,3.75,0.1475,0.5977,562.3132,562.433817,-0.1206169999999247,0.0040986
27,39,66,0.18181818181818182,2.1818181818181817,16.331620904278438,0.2474488015799764,165.15722812653942,0,2.0,7.0,2.0,11.0,4.277777777777778,2.2462,0.3135,568.048,567.9921654,0.0558346000000256,0.0139722
28,38,66,0.15151515151515152,1.5151515151515151,16.331620904278438,0.2474488015799764,178.01006201253293,2,2.0,8.0,2.0,12.0,4.8,1.1078,0.5291,576.5168,576.8075676,-0.29076759999998103,0.0013992
29,37,66,0.12121212121212122,0.9696969696969697,16.331620904278438,0.2474488015799764,191.3487279191174,0,2.0,9.0,2.0,13.0,5.318181818181818,2.4476,0.8822,575.6946,576.277218,-0.5826179999999113,0.0006468
30,36,66,0.09090909090909091,0.5454545454545454,16.331620904278438,0.2474488015799764,205.173435537886,2,2.0,10.0,2.0,14.0,5.833333333333333,2.6648,1.2631,577.8708,578.135811,-0.2650109999999586,0.0007458
31,35,66,0.06060606060606061,0.24242424242424243,16.331620904278438,0.2474488015799764,219.48438283878465,0,2.0,11.0,2.0,15.0,6.346153846153846,3.4138,1.1052,571.9845,572.1779646,-0.19346459999997023,0.0010956
32,34,66,0.030303030303030304,0.06060606060606061,16.331620904278438,0.2474488015799764,234.28175708467296,2,2.0,12.0,2.0,14.0,6.461538461538462,3.4979,0.7722,569.4362,569.2789278,0.15727219999996578,0.0024024
33,33,66,0.0,0.0,16.331620904278438,0.2474488015799764,249.56573572891307,0,2.0,13.0,2.0,13.0,6.5,3.429,0.6516,558.1009,558.9146244,-0.8137243999999555,0.0056826
26,41,67,0.22388059701492538,3.3582089552238807,16.496172972233907,0.2462115368990136,152.0260409129503,1,2.0,6.0,2.0,9.0,3.6,-0.0129,1.0317,566.2514,566.1457053,0.10569469999995817,0.003819
27,40,67,0.19402985074626866,2.5223880597014925,16.496172972233907,0.2462115368990136,164.33142818787763,1,2.0,7.0,2.0,10.0,4.117647058823529,1.5867,0.1306,575.324,574.9767274,0.3472725999999966,0.0064454
28,39,67,0.16417910447761194,1.8059701492537314,16.496172972233907,0.2462115368990136,177.1199968306536,1,2.0,8.0,2.0,11.0,4.631578947368421,1.1067,0.1469,582.2371,582.6152835,-0.37818349999997736,0.0028877
29,38,67,0.13432835820895522,1.208955223880597,16.496172972233907,0.2462115368990136,190.3919682933289,1,2.0,9.0,2.0,12.0,5.142857142857143,2.3258,0.6431,584.7617,585.4097999,-0.6480999000000338,0.0008911
30,37,67,0.1044776119402985,0.7313432835820896,16.496172972233907,0.2462115368990136,204.14755121902107,1,2.0,10.0,2.0,13.0,5.6521739130434785,3.1318,1.019,585.1679,585.1882778,-0.020377800000005664,0.0007571
31,36,67,0.07462686567164178,0.373134328358209,16.496172972233907,0.2462115368990136,218.38694258780984,1,2.0,11.0,2.0,14.0,6.16,3.7041,0.9912,582.9428,583.404711,-0.4619109999999864,0.0011792
32,35,67,0.04477611940298507,0.13432835820895522,16.496172972233907,0.2462115368990136,233.11032872622494,1,2.0,12.0,2.0,15.0,6.666666666666667,4.0595,0.9031,578.7069,578.4169228,0.28997720000006666,0.0043215
33,34,67,0.014925373134328358,0.014925373134328358,16.496172972233907,0.2462115368990136,248.31788620034675,1,2.0,13.0,2.0,14.0,6.7407407407407405,3.2828,1.1971,571.8627,571.5480895,0.3146105000000716,0.0004422
34,33,67,-0.014925373134328358,0.014925373134328358,16.496172972233907,0.2462115368990136,264.00978260908107,1,2.0,14.0,2.0,13.0,6.7407407407407405,3.0034,1.2589,560.955,560.7588048,0.19619520000003376,0.067067
27,41,68,0.20588235294117646,2.8823529411764706,16.659908371007916,0.24499865251482233,163.52190063449302,0,2.0,7.0,2.0,9.0,3.9375,1.7061,0.272,579.9144,579.3688468,0.5455531999999721,0.0038556
28,40,68,0.17647058823529413,2.1176470588235294,16.659908371007916,0.24499865251482233,176.24747038047337,2,2.0,8.0,2.0,10.0,4.444444444444445,0.3445,0.021,590.5126,590.4077356,0.10486439999999675,0.0029784
29,39,68,0.14705882352941177,1.4705882352941178,16.659908371007916,0.24499865251482233,189.45406161305363,0,2.0,9.0,2.0,11.0,4.95,2.5251,0.2152,591.2761,591.7286084,-0.4525083999999424,0.0015844
30,38,68,0.11764705882352941,0.9411764705882353,16.659908371007916,0.24499865251482233,203.14188194753604,2,2.0,10.0,2.0,12.0,5.454545454545454,3.0907,0.7568,595.1048,595.386376,-0.2815760000000864,0.000782
31,37,68,0.08823529411764706,0.5294117647058824,16.659908371007916,0.24499865251482233,217.31112739363934,0,2.0,11.0,2.0,13.0,5.958333333333333,4.1061,0.7777,591.1293,591.682926,-0.5536260000000084,0.001428
32,36,68,0.058823529411764705,0.23529411764705882,16.659908371007916,0.24499865251482233,231.96198336001368,2,2.0,12.0,2.0,14.0,6.461538461538462,4.3695,0.7868,590.532,590.7933228,-0.2613228000000163,0.0018768
33,35,68,0.029411764705882353,0.058823529411764705,16.659908371007916,0.24499865251482233,247.09462554294174,0,2.0,13.0,2.0,15.0,6.964285714285714,4.3137,1.3031,582.0115,581.9267076,0.08479239999996935,0.0018428
34,34,68,0.0,0.0,16.659908371007916,0.24499865251482233,262.70922071570544,2,2.0,14.0,2.0,14.0,7.0,3.0887,1.7298,576.6312,576.4392776,0.19192240000006677,0.0004964
27,42,69,0.21739130434782608,3.260869565217391,16.82284307569508,0.2438093199376099,162.72809249915835,1,2.0,7.0,2.0,8.0,3.7333333333333334,1.2973,0.626,586.1499,586.1830278,-0.03312779999998838,0.085698
28,41,69,0.18840579710144928,2.449275362318841,16.82284307569508,0.2438093199376099,175.39188666185643,1,2.0,8.0,2.0,9.0,4.235294117647059,0.5234,0.1363,595.3223,594.9938862,0.3284138000000212,0.003726
29,40,69,0.15942028985507245,1.7536231884057971,16.82284307569508,0.2438093199376099,188.53436721862025,1,2.0,9.0,2.0,10.0,4.7368421052631575,1.953,0.0575,599.7662,599.9691036,-0.20290360000001328,0.0014007
30,39,69,0.13043478260869565,1.173913043478261,16.82284307569508,0.2438093199376099,202.155740776895,1,2.0,10.0,2.0,11.0,5.238095238095238,3.452,0.2913,601.7657,601.8684459,-0.10274589999994532,0.0007935
31,38,69,0.10144927536231885,0.7101449275362319,16.82284307569508,0.2438093199376099,216.25620239488094,1,2.0,11.0,2.0,12.0,5.739130434782608,4.085,0.5312,601.4147,601.9960062,-0.5813061999999718,0.0012006
32,37,69,0.07246376811594203,0.36231884057971014,16.82284307569508,0.2438093199376099,230.835936581172,1,2.0,12.0,2.0,13.0,6.24,4.7025,0.6018,599.04,598.986516,0.05348399999991216,0.0013179
33,36,69,0.043478260869565216,0.13043478260869565,16.82284307569508,0.2438093199376099,245.89511817914288,1,2.0,13.0,2.0,14.0,6.7407407407407405,4.5709,1.1671,594.2818,594.2156766,0.066123399999924,0.0320022
34,35,69,0.014492753623188406,0.014492753623188406,16.82284307569508,0.2438093199376099,261.4339131524838,1,2.0,14.0,2.0,15.0,7.241379310344827,4.0629,1.7798,587.3121,586.7558658,0.5562341999999489,0.0014904
35,34,69,-0.014492753623188406,0.014492753623188406,16.82284307569508,0.2438093199376099,277.45247928553187,1,2.0,15.0,2.0,14.0,7.241379310344827,3.644,1.9301,576.1921,575.7982794,0.3938206000000264,0.0420003
27,43,70,0.22857142857142856,3.657142857142857,16.984992522418104,0.24264275032025867,161.94947727375347,0,2.0,7.0,2.0,7.0,3.5,0.4636,1.0589,590.6388,590.39386,0.24493999999992866,0.01099
28,42,70,0.2,2.8,16.984992522418104,0.24264275032025867,174.55267819286934,2,2.0,8.0,2.0,8.0,4.0,0.1907,0.4294,602.4502,602.300419,0.14978099999996175,0.002142
29,41,70,0.17142857142857143,2.057142857142857,16.984992522418104,0.24264275032025867,187.63227510548833,0,2.0,9.0,2.0,9.0,4.5,2.1407,0.1675,605.412,605.280585,0.1314150000000609,0.001085
30,40,70,0.14285714285714285,1.4285714285714286,16.984992522418104,0.24264275032025867,201.18847363048812,2,2.0,10.0,2.0,10.0,5.0,3.0456,0.1106,611.0527,611.086602,-0.03390200000001187,0.001918
31,39,70,0.11428571428571428,0.9142857142857143,16.984992522418104,0.24264275032025867,215.2214678927619,0,2.0,11.0,2.0,11.0,5.5,4.4046,0.1479,608.9641,609.649656,-0.6855560000000196,0.001204
32,38,70,0.08571428571428572,0.5142857142857142,16.984992522418104,0.24264275032025867,229.73144151807386,2,2.0,12.0,2.0,12.0,6.0,4.6797,0.3683,610.192,610.519196,-0.3271959999999581,0.000819
33,37,70,0.05714285714285714,0.22857142857142856,16.984992522418104,0.24264275032025867,244.7185685132147,0,2.0,13.0,2.0,13.0,6.5,5.0252,0.9705,603.6398,603.508787,0.13101300000005267,0.0014
34,36,70,0.02857142857142857,0.05714285714285714,16.984992522418104,0.24264275032025867,260.1830140477778,2,2.0,14.0,2.0,14.0,7.0,4.4764,1.6191,600.5108,600.322366,0.1884340000000293,0.001582
35,35,70,0.0,0.0,16.984992522418104,0.24264275032025867,276.1249351511399,0,2.0,15.0,2.0,15.0,7.5,4.4312,1.9346,588.7475,589.035748,-0.2882480000000669,0.014903
27,44,71,0.23943661971830985,4.070422535211268,17.146371633935342,0.2414981920272584,161.18555328667335,1,2.0,7.0,2.0,6.0,3.230769230769231,-0.5095,1.4943,596.7327,596.3101424,0.42255760000000464,0.4650287
28,43,71,0.2112676056338028,3.1690140845070425,17.146371633935342,0.2414981920272584,173.7293042609164,1,2.0,8.0,2.0,7.0,3.7333333333333334,-0.1379,0.608,606.9088,606.5641044,0.34469560000002275,0.0022365
29,42,71,0.18309859154929578,2.380281690140845,17.146371633935342,0.2414981920272584,186.7472040443375,1,2.0,9.0,2.0,8.0,4.235294117647059,1.7841,0.4722,612.8134,613.0866543,-0.2732542999999623,0.001491
30,41,71,0.15492957746478872,1.704225352112676,17.146371633935342,0.2414981920272584,200.23945728589953,1,2.0,10.0,2.0,9.0,4.7368421052631575,3.1373,0.2803,616.9419,616.9219607,0.019939300000032745,0.0026554
31,40,71,0.1267605633802817,1.1408450704225352,17.146371633935342,0.2414981920272584,214.2062571947986,1,2.0,11.0,2.0,10.0,5.238095238095238,3.9523,0.0521,618.5859,618.949955,-0.36405500000000757,0.0008094
32,39,71,0.09859154929577464,0.6901408450704225,17.146371633935342,0.2414981920272584,228.64778653062677,1,2.0,12.0,2.0,11.0,5.739130434782608,4.948,0.0574,618.0247,617.9351378,0.08956220000004578,0.0008165
33,38,71,0.07042253521126761,0.352112676056338,17.146371633935342,0.2414981920272584,243.5642184793757,1,2.0,13.0,2.0,12.0,6.24,4.8698,0.6807,615.12,615.139385,-0.01938499999994292,0.0041606
34,37,71,0.04225352112676056,0.1267605633802817,17.146371633935342,0.2414981920272584,258.95571743152556,1,2.0,14.0,2.0,13.0,6.7407407407407405,4.8305,1.4097,610.2531,609.6103026,0.6427974000000631,0.0027974
35,36,71,0.014084507042253521,0.014084507042253521,17.146371633935342,0.2414981920272584,274.82243967573714,1,2.0,15.0,2.0,14.0,7.241379310344827,4.988,1.6805,602.5506,602.1838659,0.3667341000000306,0.0054031
36,35,71,-0.014084507042253521,0.014084507042253521,17.146371633935342,0.2414981920272584,291.164534019467,1,2.0,14.0,2.0,15.0,7.241379310344827,4.6869,1.8204,591.1373,591.226301,-0.08900100000005295,0.1287656
28,44,72,0.2222222222222222,3.5555555555555554,17.306994843688898,0.2403749283845681,172.9212493040323,2,2.0,8.0,2.0,6.0,3.4285714285714284,-1.0859,0.9196,613.8069,613.4552496,0.35165040000003955,0.0022392
29,43,72,0.19444444444444445,2.7222222222222223,17.306994843688898,0.2403749283845681,185.87859984106714,0,2.0,9.0,2.0,7.0,3.9375,1.1135,0.8448,618.2992,618.2298432,0.06935680000003686,0.0013968
30,42,72,0.16666666666666666,2.0,17.306994843688898,0.2403749283845681,199.30809750919403,2,2.0,10.0,2.0,8.0,4.444444444444445,2.6119,0.695,625.3156,625.8099816,-0.494381599999997,0.0021456
31,41,72,0.1388888888888889,1.3888888888888888,17.306994843688898,0.2403749283845681,213.20993461894872,0,2.0,11.0,2.0,9.0,4.95,4.2124,0.1688,625.2415,625.4704296,-0.22892960000001494,0.0008208
32,40,72,0.1111111111111111,0.8888888888888888,17.306994843688898,0.2403749283845681,227.58429307986634,2,2.0,12.0,2.0,10.0,5.454545454545454,4.4443,0.0164,628.5174,628.6857048,-0.16830480000010084,7.92e-05
33,39,72,0.08333333333333333,0.5,17.306994843688898,0.2403749283845681,242.43134527241077,0,2.0,13.0,2.0,11.0,5.958333333333333,4.4722,0.3154,623.7108,623.5472592,0.1635407999999643,0.0040824
34,38,72,0.05555555555555555,0.2222222222222222,17.306994843688898,0.2403749283845681,257.7512548224441,2,2.0,14.0,2.0,12.0,6.461538461538462,4.6999,1.1097,622.5928,622.4032944,0.1895055999999613,0.0019584
35,37,72,0.027777777777777776,0.05555555555555555,17.306994843688898,0.2403749283845681,273.54417729169256,0,2.0,15.0,2.0,13.0,6.964285714285714,5.2797,1.3915,613.1431,612.8145072,0.328592800000024,0.0010224
36,36,72,0.0,0.0,17.306994843688898,0.2403749283845681,289.81026079547524,2,2.0,14.0,2.0,14.0,7.0,5.0525,1.5831,606.8255,606.9109896,-0.08548959999995986,0.0080136
28,45,73,0.2328767123287671,3.958904109589041,17.466876118408518,0.2392722755946373,172.128021410987,1,2.0,8.0,2.0,5.0,3.076923076923077,-1.8979,1.0704,618.1269,617.4086617,0.718238299999939,0.0024236
29,44,73,0.2054794520547945,3.0821917808219177,17.466876118408518,0.2392722755946373,185.02593372451076,1,2.0,9.0,2.0,6.0,3.6,0.0379,1.2692,625.5489,625.5056027,0.043297299999949246,0.0019418
30,43,73,0.1780821917808219,2.315068493150685,17.466876118408518,0.2392722755946373,198.39382732614604,1,2.0,10.0,2.0,7.0,4.117647058823529,1.5729,1.242,631.1398,631.3292215,-0.18942149999998037,0.0018615
31,42,73,0.1506849315068493,1.6575342465753424,17.466876118408518,0.2392722755946373,212.2318936442576,1,2.0,11.0,2.0,8.0,4.631578947368421,2.5501,0.6111,633.9134,634.652802,-0.7394019999999273,0.001679
32,41,73,0.1232876712328767,1.1095890410958904,17.466876118408518,0.2392722755946373,226.5403137539216,1,2.0,12.0,2.0,9.0,5.142857142857143,3.2851,0.2323,635.4713,635.46865,0.0026500000000169166,5.84e-05
33,40,73,0.0958904109589041,0.6712328767123288,17.466876118408518,0.2392722755946373,241.31925924485458,1,2.0,13.0,2.0,10.0,5.6521739130434785,3.7921,0.2463,634.4832,634.3415227,0.14167729999996936,0.0038544
34,39,73,0.0684931506849315,0.3424657534246575,17.466876118408518,0.2392722755946373,256.56889299233075,1,2.0,14.0,2.0,11.0,6.16,4.5305,0.729,631.4515,630.8338143,0.6176857000000382,0.0074241
35,38,73,0.0410958904109589,0.1232876712328767,17.466876118408518,0.2392722755946373,272.2893698444806,1,2.0,15.0,2.0,12.0,6.666666666666667,5.1824,1.0568,625.9175,625.4698619,0.4476381000000629,0.0067379
36,37,73,0.0136986301369863,0.0136986301369863,17.466876118408518,0.2392722755946373,288.48083723718537,1,2.0,14.0,2.0,13.0,6.7407407407407405,5.4602,1.2519,618.0065,617.5934831,0.41301690000000235,0.0065773
37,36,73,-0.0136986301369863,0.0136986301369863,17.466876118408518,0.2392722755946373,305.1434357460048,1,2.0,13.0,2.0,14.0,6.7407407407407405,5.3928,1.3678,606.2982,606.2709933,0.027206699999965167,0.0407924
29,45,74,0.21621621621621623,3.4594594594594597,17.626028979376553,0.23818958080238592,184.18870085088543,0,2.0,9.0,2.0,5.0,3.2142857142857144,-0.8138,1.4814,630.7402,630.5956842,0.14451579999990827,0.0061494
30,44,74,0.1891891891891892,2.6486486486486487,17.626028979376553,0.23818958080238592,197.49610541863706,2,2.0,10.0,2.0,6.0,3.75,0.5127,1.7734,639.3453,639.5638478,-0.21854780000001028,0.002516
31,43,74,0.16216216216216217,1.945945945945946,17.626028979376553,0.23818958080238592,211.27155519540378,0,2.0,11.0,2.0,7.0,4.277777777777778,2.7257,1.1085,640.5091,641.0744024,-0.5653024000000642,0.002997
32,42,74,0.13513513513513514,1.3513513513513513,17.626028979376553,0.23818958080238592,225.51523043690625,2,2.0,12.0,2.0,8.0,4.8,2.6488,0.7949,645.1088,645.6648814,-0.5560814000000391,2.22e-05
33,41,74,0.10810810810810811,0.8648648648648649,17.626028979376553,0.23818958080238592,240.22730195642643,0,2.0,13.0,2.0,9.0,5.318181818181818,3.5526,0.7104,642.5145,642.320148,0.19435199999998076,0.0016946
34,40,74,0.08108108108108109,0.4864864864864865,17.626028979376553,0.23818958080238592,255.40793189223615,2,2.0,14.0,2.0,10.0,5.833333333333333,3.7413,0.6346,643.0233,642.890947,0.13235299999996641,2.22e-05
35,39,74,0.05405405405405406,0.21621621621621623,17.626028979376553,0.23818958080238592,271.05727439178605,0,2.0,15.0,2.0,11.0,6.346153846153846,5.1768,0.5881,635.5082,635.183551,0.32464900000002217,0.0058386
36,38,74,0.02702702702702703,0.05405405405405406,17.626028979376553,0.23818958080238592,287.1754762238176,2,2.0,14.0,2.0,12.0,6.461538461538462,5.3854,0.8587,631.643,631.444886,0.19811400000003232,0.0020128
37,37,74,0.0,0.0,17.626028979376553,0.23818958080238592,303.7626773277934,0,2.0,13.0,2.0,13.0,6.5,5.4906,1.0402,619.2703,620.2467102,-0.9764102000000321,0.0030266
29,46,75,0.22666666666666666,3.8533333333333335,17.784466522450312,0.23712622029933753,183.36641891507264,1,2.0,9.0,2.0,4.0,2.769230769230769,-1.9338,1.6055,637.4636,637.1310075,0.3325925000000325,0.00072
30,45,75,0.2,3.0,17.784466522450312,0.23712622029933753,196.61441463560362,1,2.0,10.0,2.0,5.0,3.3333333333333335,-0.5055,2.0864,644.7767,644.4373575,0.3393425000000434,0.0019575
31,44,75,0.17333333333333334,2.2533333333333334,17.784466522450312,0.23712622029933753,210.3283660497846,1,2.0,11.0,2.0,6.0,3.8823529411764706,1.6647,1.6797,649.0032,649.5567375,-0.5535375000000613,0.0006675
32,43,75,0.14666666666666667,1.6133333333333333,17.784466522450312,0.23712622029933753,224.50845260861237,1,2.0,12.0,2.0,7.0,4.421052631578948,2.4094,1.0404,651.6411,652.17072,-0.5296199999999089,5.25e-05
33,42,75,0.12,1.08,17.784466522450312,0.23712622029933753,239.15484436279945,1,2.0,13.0,2.0,8.0,4.9523809523809526,2.8507,1.2625,652.4461,652.56561,-0.11950999999999112,0.000885
34,41,75,0.09333333333333334,0.6533333333333333,17.784466522450312,0.23712622029933753,254.26770272677658,1,2.0,14.0,2.0,9.0,5.478260869565218,3.4489,1.0837,651.289,650.9185425,0.3704575000000432,7.5e-05
35,40,75,0.06666666666666667,0.3333333333333333,17.784466522450312,0.23712622029933753,269.84718115982685,1,2.0,15.0,2.0,10.0,6.0,4.0205,0.4594,647.3962,647.0737275,0.3224725000000035,0.0042825
36,39,75,0.04,0.12,17.784466522450312,0.23712622029933753,285.89342577546546,1,2.0,14.0,2.0,11.0,6.16,6.1706,0.3901,641.5932,641.5079925,0.08520750000002408,0.0081075
37,38,75,0.013333333333333334,0.013333333333333334,17.784466522450312,0.23712622029933753,302.4065758884169,1,2.0,13.0,2.0,12.0,6.24,5.6733,0.6216,633.5878,633.620715,-0.03291500000000269,0.0011775
38,37,75,-0.013333333333333334,0.013333333333333334,17.784466522450312,0.23712622029933753,319.3867645071045,1,2.0,12.0,2.0,13.0,6.24,5.2886,0.7533,621.6612,622.23837,-0.5771700000000237,0.220005
29,47,76,0.23684210526315788,4.2631578947368425,17.942201436929967,0.23608159785434174,182.5586268597892,0,2.0,9.0,2.0,3.0,2.25,-2.6863,1.3697,642.1089,641.7137368,0.3951631999999563,0.000912
30,46,76,0.21052631578947367,3.3684210526315788,17.942201436929967,0.23608159785434174,195.74826060894728,2,2.0,10.0,2.0,4.0,2.857142857142857,-1.5992,2.269,652.3859,652.252786,0.13311399999997775,0.0014592
31,45,76,0.18421052631578946,2.5789473684210527,17.942201436929967,0.23608159785434174,209.4017973568853,0,2.0,11.0,2.0,5.0,3.4375,0.68,2.0573,655.3031,655.4640672,-0.1609672000000728,0.0019532
32,44,76,0.15789473684210525,1.894736842105263,17.942201436929967,0.23608159785434174,223.51941576405682,2,2.0,12.0,2.0,6.0,4.0,2.4199,1.5743,660.9409,661.5979664,-0.6570663999999624,2.28e-05
33,43,76,0.13157894736842105,1.3157894736842106,17.942201436929967,0.23608159785434174,238.1012851320425,0,2.0,13.0,2.0,7.0,4.55,2.7139,1.5168,659.8133,659.8941072,-0.0808071999999811,0.0008892
34,42,76,0.10526315789473684,0.8421052631578947,17.942201436929967,0.23608159785434174,253.14756616418714,2,2.0,14.0,2.0,8.0,5.090909090909091,2.9469,1.6088,662.0486,662.0723356,-0.02373560000000907,2.28e-05
35,41,76,0.07894736842105263,0.47368421052631576,17.942201436929967,0.23608159785434174,268.65841164373296,0,2.0,15.0,2.0,9.0,5.625,3.8822,0.8903,656.453,656.327108,0.12589200000002165,0.0093252
36,40,76,0.05263157894736842,0.21052631578947367,17.942201436929967,0.23608159785434174,284.6339670405149,2,2.0,14.0,2.0,10.0,5.833333333333333,5.8273,0.3257,654.3575,654.2693852,0.08811479999997118,0.0040128
37,39,76,0.02631578947368421,0.05263157894736842,17.942201436929967,0.23608159785434174,301.0743710555284,0,2.0,13.0,2.0,11.0,5.958333333333333,6.303,0.1459,644.3961,644.9524236,-0.5563235999999279,0.0009348
38,38,76,0.0,0.0,17.942201436929967,0.23608159785434174,317.9797561112486,2,2.0,12.0,2.0,12.0,6.0,5.2435,0.4357,637.7937,637.9386344,-0.144934400000011,0.034466
29,48,77,0.24675324675324675,4.688311688311688,18.099246023352887,0.23505514316042717,181.76488367456034,1,2.0,9.0,2.0,2.0,1.6363636363636365,-3.7348,1.0408,648.2005,647.6662577,0.5342423000000736,0.0012089
30,47,77,0.22077922077922077,3.7532467532467533,18.099246023352887,0.23505514316042717,194.89717046573492,1,2.0,10.0,2.0,3.0,2.3076923076923075,-2.2408,2.0248,657.144,656.8102849,0.3337150999999494,0.0019712
31,46,77,0.19480519480519481,2.9220779220779223,18.099246023352887,0.23505514316042717,208.49134326065487,1,2.0,11.0,2.0,4.0,2.933333333333333,-0.4064,2.2765,663.1704,663.2310839,-0.060683900000071844,0.0024255
32,45,77,0.16883116883116883,2.1948051948051948,18.099246023352887,0.23505514316042717,222.54757994297938,1,2.0,12.0,2.0,5.0,3.5294117647058822,1.386,1.9924,667.4482,667.6692561,-0.22105609999994158,5.39e-05
33,44,77,0.14285714285714285,1.5714285714285714,18.099246023352887,0.23505514316042717,237.066049078186,1,2.0,13.0,2.0,6.0,4.105263157894737,3.1236,1.8227,669.1802,669.5903753,-0.4101752999999917,0.001694
34,43,77,0.11688311688311688,1.051948051948052,18.099246023352887,0.23505514316042717,252.04691067090047,1,2.0,14.0,2.0,7.0,4.666666666666667,2.7348,1.8514,669.6287,669.4911916,0.13750840000000153,6.16e-05
35,42,77,0.09090909090909091,0.6363636363636364,18.099246023352887,0.23505514316042717,267.49031684008173,1,2.0,15.0,2.0,8.0,5.217391304347826,3.2458,1.3956,667.5209,667.3441621,0.17673790000003464,0.0028105
36,41,77,0.06493506493506493,0.3246753246753247,18.099246023352887,0.23505514316042717,283.39641242307914,1,2.0,14.0,2.0,9.0,5.478260869565218,3.8401,0.6257,663.561,663.496449,0.06455100000005132,0.0019558
37,40,77,0.03896103896103896,0.11688311688311688,18.099246023352887,0.23505514316042717,299.7653355178327,1,2.0,13.0,2.0,10.0,5.6521739130434785,5.8432,0.119,657.6124,657.3751492,0.23725079999996979,0.0013013
38,39,77,0.012987012987012988,0.012987012987012988,18.099246023352887,0.23505514316042717,316.5972179710605,1,2.0,12.0,2.0,11.0,5.739130434782608,5.7013,0.0733,649.3016,649.5657476,-0.26414760000000115,0.0079156
29,49,78,0.2564102564102564,5.128205128205129,18.25561221028858,0.23404631038831517,180.98476727717153,0,2.0,9.0,2.0,1.0,0.9,-4.5225,0.4284,652.4025,651.664221,0.7382790000000341,0.0133302
30,48,78,0.23076923076923078,4.153846153846154,18.25561221028858,0.23404631038831517,194.06069162883685,2,2.0,10.0,2.0,2.0,1.6666666666666667,-3.181,1.6312,663.9816,663.57564,0.40595999999993637,0.0019422
31,47,78,0.20512820512820512,3.282051282051282,18.25561221028858,0.23404631038831517,207.59651961648785,0,2.0,11.0,2.0,3.0,2.357142857142857,-1.1128,2.0778,668.7576,669.0141354,-0.25653539999996156,0.001053
32,46,78,0.1794871794871795,2.5128205128205128,18.25561221028858,0.23404631038831517,221.59242836032513,2,2.0,12.0,2.0,4.0,3.0,0.2883,2.244,676.1767,676.3897608,-0.21306079999999383,0.0035334
33,45,78,0.15384615384615385,1.8461538461538463,18.25561221028858,0.23404631038831517,236.04858570236036,0,2.0,13.0,2.0,5.0,3.611111111111111,2.0673,2.2342,676.5078,676.562328,-0.054528000000004795,0.0097812
34,44,78,0.1282051282051282,1.2820512820512822,18.25561221028858,0.23404631038831517,250.9651509604956,2,2.0,14.0,2.0,6.0,4.2,3.4367,2.0553,679.7416,679.9889616,-0.24736160000009022,0.0001794
35,43,78,0.10256410256410256,0.8205128205128205,18.25561221028858,0.23404631038831517,266.3422756008108,0,2.0,15.0,2.0,7.0,4.7727272727272725,3.0301,1.6037,675.8833,675.6328332,0.25046679999991284,0.0035802
36,42,78,0.07692307692307693,0.46153846153846156,18.25561221028858,0.23404631038831517,282.1801038390281,2,2.0,14.0,2.0,8.0,5.090909090909091,3.2706,1.0909,675.4014,675.576603,-0.17520300000001043,0.0003042
37,41,78,0.05128205128205128,0.20512820512820512,18.25561221028858,0.23404631038831517,298.47877318038513,0,2.0,13.0,2.0,9.0,5.318181818181818,6.0316,0.2787,667.4594,667.5513936,-0.09199360000002343,0.003237
38,40,78,0.02564102564102564,0.05128205128205128,18.25561221028858,0.23404631038831517,315.2384149057274,2,2.0,12.0,2.0,10.0,5.454545454545454,5.4196,0.0141,663.334,663.0075738,0.32642619999990075,0.007449
29,50,79,0.26582278481012656,5.582278481012659,18.41131157020244,0.23305457683800562,180.21787347095884,1,2.0,9.0,3.0,0.0,0.0,-5.9745,0.111,657.8636,657.354102,0.5094980000000078,0.1049831
30,49,79,0.24050632911392406,4.569620253164557,18.41131157020244,0.23305457683800562,193.238390698883,1,2.0,10.0,2.0,1.0,0.9090909090909091,-3.6952,0.858,668.145,667.5960175,0.5489824999999655,0.0022278
31,48,79,0.21518987341772153,3.6582278481012658,18.41131157020244,0.23305457683800562,206.7168627951965,1,2.0,11.0,2.0,2.0,1.6923076923076923,-2.1072,1.7146,675.824,675.9297275,-0.10572750000005726,0.0012087
32,47,79,0.189873417721519,2.848101265822785,18.41131157020244,0.23305457683800562,220.65346612958166,1,2.0,12.0,2.0,3.0,2.4,-0.452,2.0994,681.9573,682.1262031,-0.1689030999999659,0.0371616
33,46,79,0.16455696202531644,2.1392405063291138,18.41131157020244,0.23305457683800562,235.04836783284668,1,2.0,13.0,2.0,4.0,3.0588235294117645,0.9321,2.5028,685.5197,685.4527588,0.06694119999997383,0.0053246
34,45,79,0.13924050632911392,1.5316455696202531,18.41131157020244,0.23305457683800562,249.90172654780966,1,2.0,14.0,2.0,5.0,3.6842105263157894,2.3586,2.4299,687.2463,686.9517917,0.294508300000075,0.0002212
35,44,79,0.11392405063291139,1.0253164556962024,18.41131157020244,0.23305457683800562,265.21369309873734,1,2.0,15.0,2.0,6.0,4.285714285714286,4.1171,1.8793,686.3714,686.3200524,0.051347599999985505,0.0010033
36,43,79,0.08860759493670886,0.620253164556962,18.41131157020244,0.23305457683800562,280.9844110902611,1,2.0,14.0,2.0,7.0,4.666666666666667,2.9946,1.259,683.9714,683.911927,0.05947300000002542,0.0034839
37,42,79,0.06329113924050633,0.31645569620253167,18.41131157020244,0.23305457683800562,297.21401744496217,1,2.0,13.0,2.0,8.0,4.9523809523809526,5.7,0.623,679.5291,679.4900679,0.0390320999999858,0.0019434
38,41,79,0.0379746835443038,0.11392405063291139,18.41131157020244,0.23305457683800562,313.9026428874046,1,2.0,12.0,2.0,9.0,5.142857142857143,5.6184,0.1475,673.4593,673.3846082,0.07469179999998232,0.0074181
39,40,79,0.012658227848101266,0.012658227848101266,18.41131157020244,0.23305457683800562,331.0504123812256,1,2.0,11.0,2.0,10.0,5.238095238095238,5.1202,0.0156,665.1185,664.9255252,0.19297480000000178,0.080106
30,50,80,0.25,5.0,18.566355334451114,0.23207944168063896,192.4298524110706,2,2.0,10.0,3.0,0.0,0.0,-4.821,0.3841,674.2791,673.883656,0.3954439999999977,0.002584
31,49,80,0.225,4.05,18.566355334451114,0.23207944168063896,205.8519285670554,0,2.0,11.0,2.0,1.0,0.9166666666666666,-2.542,0.9078,680.7172,680.67636,0.040840000000002874,0.002888
32,48,80,0.2,3.2,18.566355334451114,0.23207944168063896,219.73021907158747,2,2.0,12.0,2.0,2.0,1.7142857142857142,-1.4589,1.7738,689.8703,690.205656,-0.3353559999999334,0.002056
33,47,80,0.175,2.45,18.566355334451114,0.23207944168063896,234.06489035617486,0,2.0,13.0,2.0,3.0,2.4375,0.1174,2.4036,692.1598,692.102592,0.057208000000059656,0.003336
34,46,80,0.15,1.8,18.566355334451114,0.23207944168063896,248.8561003998504,2,2.0,14.0,2.0,4.0,3.111111111111111,1.1917,2.7039,697.1089,696.865136,0.24376399999994192,0.000944
35,45,80,0.125,1.25,18.566355334451114,0.23207944168063896,264.1039993958096,0,2.0,15.0,2.0,5.0,3.75,3.2434,2.173,694.6078,694.212328,0.3954720000000407,0.000992
36,44,80,0.1,0.8,18.566355334451114,0.23207944168063896,279.8087303478205,2,2.0,14.0,2.0,6.0,4.2,4.3912,1.5748,695.32,695.434408,-0.11440799999991214,0.000696
37,43,80,0.075,0.45,18.566355334451114,0.23207944168063896,295.97042960555996,0,2.0,13.0,2.0,7.0,4.55,5.5676,0.7543,688.8513,688.93408,-0.082779999999957,0.001864
38,42,80,0.05,0.2,18.566355334451114,0.23207944168063896,312.5892273466208,2,2.0,12.0,2.0,8.0,4.8,5.3769,0.4258,686.2442,686.287728,-0.04352800000003754,0.003464
39,41,80,0.025,0.05,18.566355334451114,0.23207944168063896,329.6652480117739,0,2.0,11.0,2.0,9.0,4.95,5.5122,0.0767,675.8917,676.342072,-0.45037200000001576,0.00624
30,51,81,0.25925925925925924,5.444444444444445,18.720754407467133,0.23112042478354491,191.63467866094814,1,2.0,10.0,3.0,1.0,0.9090909090909091,-4.6887,0.7793,676.9179,676.5060222,0.41187780000007024,0.0050301
31,50,81,0.2345679012345679,4.45679012345679,18.720754407467133,0.23112042478354491,205.001291059633,1,2.0,11.0,3.0,0.0,0.0,-3.5376,0.3834,687.0054,687.1519656,-0.14656560000003083,0.0032643
32,49,81,0.20987654320987653,3.567901234567901,18.720754407467133,0.23112042478354491,218.82223260210174,1,2.0,12.0,2.0,1.0,0.9230769230769231,-1.8214,0.9638,694.8773,695.0333547,-0.15605470000002697,0.0020574
33,48,81,0.18518518518518517,2.7777777777777777,18.720754407467133,0.23112042478354491,233.09766903212096,1,2.0,13.0,2.0,2.0,1.7333333333333334,-0.9333,2.103,700.3368,700.4926251,-0.15582510000001548,0.0026406
34,47,81,0.16049382716049382,2.0864197530864197,18.720754407467133,0.23112042478354491,247.8277576759102,1,2.0,14.0,2.0,3.0,2.4705882352941178,0.3203,2.6205,703.9533,703.5659838,0.38731619999998657,0.0009801
35,46,81,0.13580246913580246,1.4938271604938271,18.720754407467133,0.23112042478354491,263.0126481060248,1,2.0,15.0,2.0,4.0,3.1578947368421053,2.1032,2.3718,704.6817,704.3716665,0.3100335000000314,0.0009801
36,45,81,0.1111111111111111,1.0,18.720754407467133,0.23112042478354491,278.6524827353015,1,2.0,14.0,2.0,5.0,3.6842105263157894,3.6241,1.7966,703.7088,703.3084686,0.4003314000000273,0.0010773
37,44,81,0.08641975308641975,0.6049382716049383,18.720754407467133,0.23112042478354491,294.7473973499821,1,2.0,13.0,2.0,6.0,4.105263157894737,4.879,1.0186,700.4696,700.2866259,0.182974100000024,0.0049005
38,43,81,0.06172839506172839,0.30864197530864196,18.720754407467133,0.23112042478354491,311.2975215897296,1,2.0,12.0,2.0,7.0,4.421052631578948,5.0087,0.6312,695.9145,695.5757145,0.33878549999997176,0.0031266
39,42,81,0.037037037037037035,0.1111111111111111,18.720754407467133,0.23112042478354491,328.3029793810908,1,2.0,11.0,2.0,8.0,4.631578947368421,5.2725,0.2181,688.8895,688.9781511,-0.08865109999999277,0.0054027
40,41,81,0.012345679012345678,0.012345679012345678,18.720754407467133,0.23112042478354491,345.76388933000567,1,2.0,10.0,2.0,9.0,4.7368421052631575,5.0969,0.0537,679.9318,680.0073039,-0.07550390000005791,0.0922185
30,52,82,0.2682926829268293,5.902439024390244,18.874519380186243,0.23017706561202741,190.85248759382404,2,2.0,10.0,3.0,2.0,1.6666666666666667,-4.944,1.3867,681.3401,680.691635,0.6484649999999874,0.003075
31,51,82,0.24390243902439024,4.878048780487805,18.874519380186243,0.23017706561202741,204.16454178368667,0,2.0,11.0,3.0,1.0,0.9166666666666666,-3.3718,0.8337,690.4888,690.5260508,-0.037250800000038,0.0024272
32,50,82,0.21951219512195122,3.951219512195122,18.874519380186243,0.23017706561202741,217.92907069202622,2,2.0,12.0,3.0,0.0,0.0,-2.7091,0.4153,701.9374,702.2280494,-0.2906494000000066,0.0022386
33,49,82,0.1951219512195122,3.1219512195121952,18.874519380186243,0.23017706561202741,232.14623938609662,0,2.0,13.0,2.0,1.0,0.9285714285714286,-1.2787,1.2878,706.1292,706.1360546,-0.006854599999996935,0.003731
34,48,82,0.17073170731707318,2.3902439024390243,18.874519380186243,0.23017706561202741,246.81620454996235,2,2.0,14.0,2.0,2.0,1.75,-0.7892,2.3506,712.9953,712.8421786,0.15312140000003183,0.0004674
35,47,82,0.14634146341463414,1.7560975609756098,18.874519380186243,0.23017706561202741,261.9391151456718,0,2.0,15.0,2.0,3.0,2.5,1.2513,2.2709,712.3128,711.9646146,0.34818540000003395,0.0009676
36,46,82,0.12195121951219512,1.2195121951219512,18.874519380186243,0.23017706561202741,277.51511300477824,2,2.0,14.0,2.0,4.0,3.111111111111111,2.5954,1.9305,714.5423,714.2753828,0.2669171999999662,2.46e-05
37,45,82,0.0975609756097561,0.7804878048780488,18.874519380186243,0.23017706561202741,293.5443333592879,0,2.0,13.0,2.0,5.0,3.611111111111111,4.1766,1.172,709.5844,709.089055,0.4953449999999293,0.0030094
38,44,82,0.07317073170731707,0.43902439024390244,18.874519380186243,0.23017706561202741,310.0269053197164,2,2.0,12.0,2.0,6.0,4.0,4.8812,0.5857,708.0171,708.128958,-0.1118579999999838,0.0059942
39,43,82,0.04878048780487805,0.1951219512195122,18.874519380186243,0.23017706561202741,326.96295230678203,0,2.0,11.0,2.0,7.0,4.277777777777778,5.0218,0.4714,699.3466,699.4006484,-0.05404840000005606,0.0055022
40,42,82,0.024390243902439025,0.04878048780487805,18.874519380186243,0.23017706561202741,344.3525924423139,2,2.0,10.0,2.0,8.0,4.444444444444445,4.9583,0.5575,694.0897,694.1682612,-0.07856119999996736,0.0015826
31,52,83,0.25301204819277107,5.313253012048193,19.027660542766455,0.22924892220200552,203.34128872190652,1,2.0,11.0,3.0,2.0,1.6923076923076923,-3.5997,1.5,695.1941,694.9237748,0.27032520000000204,0.0026145
32,51,83,0.2289156626506024,4.349397590361446,19.027660542766455,0.22924892220200552,217.0503148947135,1,2.0,12.0,3.0,1.0,0.9230769230769231,-2.5089,0.8871,705.5779,705.8607346,-0.28283460000000105,0.0024236
33,50,83,0.20481927710843373,3.4819277108433737,19.027660542766455,0.22924892220200552,231.21015567300094,1,2.0,13.0,3.0,0.0,0.0,-2.1052,0.7146,713.3856,713.771282,-0.385682000000088,0.0027971
34,49,83,0.18072289156626506,2.710843373493976,19.027660542766455,0.22924892220200552,245.8209671090359,1,2.0,14.0,2.0,1.0,0.9333333333333333,-1.1467,1.5541,718.962,718.660148,0.30185199999993984,0.0030378
35,48,83,0.1566265060240964,2.036144578313253,19.027660542766455,0.22924892220200552,260.88289756420687,1,2.0,15.0,2.0,2.0,1.7647058823529411,0.1473,2.0103,721.6194,721.5509716,0.06842840000001615,0.0037931
36,47,83,0.13253012048192772,1.4578313253012047,19.027660542766455,0.22924892220200552,276.3960882981595,1,2.0,14.0,2.0,3.0,2.4705882352941178,1.7509,1.8126,722.3634,721.7455485,0.6178514999999152,2.49e-05
37,46,83,0.10843373493975904,0.9759036144578314,19.027660542766455,0.22924892220200552,292.3606739976036,1,2.0,13.0,2.0,4.0,3.0588235294117645,3.2097,1.255,720.6621,720.0432019,0.618898100000024,0.0023323
38,45,83,0.08433734939759036,0.5903614457831325,19.027660542766455,0.22924892220200552,308.7767832524423,1,2.0,12.0,2.0,5.0,3.5294117647058822,3.9111,0.7846,717.4209,716.9878308,0.4330691999999772,0.0068309
39,44,83,0.060240963855421686,0.30120481927710846,19.027660542766455,0.22924892220200552,325.6445389857244,1,2.0,11.0,2.0,6.0,3.8823529411764706,4.4817,0.6092,711.9562,711.6135393,0.34266070000001037,0.0186335
40,43,83,0.03614457831325301,0.10843373493975904,19.027660542766455,0.22924892220200552,342.964058842976,1,2.0,10.0,2.0,7.0,4.117647058823529,4.7534,0.7415,704.8125,704.5371751,0.2753248999999869,0.0064325
41,42,83,0.012048192771084338,0.012048192771084338,19.027660542766455,0.22924892220200552,360.7354555456715,1,2.0,9.0,2.0,8.0,4.235294117647059,3.149,0.7664,695.2433,695.4560787,-0.21277870000005805,0.1620824
31,53,84,0.2619047619047619,5.761904761904762,19.180187896644355,0.22833557019814713,202.5311554757504,0,2.0,11.0,3.0,3.0,2.357142857142857,-3.2091,1.7239,697.8744,697.8321,0.042300000000068394,0.0298116
32,52,84,0.23809523809523808,4.761904761904762,19.180187896644355,0.22833557019814713,216.18556343528243,2,2.0,12.0,3.0,2.0,1.7142857142857142,-2.6933,1.5792,711.1116,711.1040496,0.007550399999900037,0.0031668
33,51,84,0.21428571428571427,3.857142857142857,19.180187896644355,0.22833557019814713,230.28898990712543,0,2.0,13.0,3.0,1.0,0.9285714285714286,-1.8847,1.1735,717.8121,718.026834,-0.2147340000000213,0.0031668
34,50,84,0.19047619047619047,3.0476190476190474,19.180187896644355,0.22833557019814713,244.8415903218177,2,2.0,14.0,3.0,0.0,0.0,-1.8944,0.977,727.0313,727.338654,-0.3073540000000321,0.0019572
35,49,84,0.16666666666666666,2.3333333333333335,19.180187896644355,0.22833557019814713,259.8435124496601,0,2.0,15.0,2.0,1.0,0.9375,-0.3398,1.2925,728.4751,728.3916696,0.08343039999999746,0.0257292
36,48,84,0.14285714285714285,1.7142857142857142,19.180187896644355,0.22833557019814713,275.294896987505,2,2.0,14.0,2.0,2.0,1.75,0.68,1.5521,732.4958,732.2655732,0.23022680000008222,2.52e-05
37,47,84,0.11904761904761904,1.1904761904761905,19.180187896644355,0.22833557019814713,291.19587808545623,0,2.0,13.0,2.0,3.0,2.4375,2.3621,1.1384,729.2786,728.8028496,0.4757504000000381,0.0021924
38,46,84,0.09523809523809523,0.7619047619047619,19.180187896644355,0.22833557019814713,307.5465838211008,2,2.0,12.0,2.0,4.0,3.0,3.3256,0.7281,729.1584,728.9111088,0.24729120000006333,0.0012432
39,45,84,0.07142857142857142,0.42857142857142855,19.180187896644355,0.22833557019814713,324.34713662774925,0,2.0,11.0,2.0,5.0,3.4375,3.9941,0.582,721.8801,721.3736208,0.5064791999999443,0.0043008
40,44,84,0.047619047619047616,0.19047619047619047,19.180187896644355,0.22833557019814713,341.59765368221537,2,2.0,10.0,2.0,6.0,3.75,4.1653,0.8154,718.1392,718.1185284,0.020671600000014223,0.005502
41,43,84,0.023809523809523808,0.047619047619047616,19.180187896644355,0.22833557019814713,359.2982472568793,0,2.0,9.0,2.0,7.0,3.9375,4.5566,1.1533,706.9023,707.1083292,-0.20602919999998903,0.0004032
31,54,85,0.27058823529411763,6.223529411764706,19.3321111659706,0.22743660195259535,201.7337804660241,1,2.0,11.0,3.0,4.0,2.933333333333333,-3.0128,1.7636,701.7229,701.5533395,0.16956049999998868,0.037264
32,53,85,0.24705882352941178,5.188235294117647,19.3321111659706,0.22743660195259535,215.33443035730252,1,2.0,12.0,3.0,3.0,2.4,-2.3486,1.8539,713.986,714.1503565,-0.16435650000005353,0.0037315
33,52,85,0.2235294117647059,4.247058823529412,19.3321111659706,0.22743660195259535,229.38233095316983,1,2.0,13.0,3.0,2.0,1.7333333333333334,-2.0203,1.8454,723.5487,723.4337335,0.11496650000003683,0.003077
34,51,85,0.2,3.4,19.3321111659706,0.22743660195259535,243.8776370722267,1,2.0,14.0,3.0,1.0,0.9333333333333333,-1.6299,1.3804,731.5718,731.8758825,-0.30408249999993586,0.0026095
35,50,85,0.17647058823529413,2.6470588235294117,19.3321111659706,0.22743660195259535,258.82049590299516,1,2.0,15.0,3.0,0.0,0.0,-1.262,0.7899,736.8489,737.255371,-0.40647100000001046,0.003077
36,49,85,0.15294117647058825,1.988235294117647,19.3321111659706,0.22743660195259535,274.21104758839715,1,2.0,14.0,2.0,1.0,0.9333333333333333,0.0368,0.9533,739.6429,739.3778805,0.26501950000010766,0.0019975
37,48,85,0.12941176470588237,1.423529411764706,19.3321111659706,0.22743660195259535,290.04942575038103,1,2.0,13.0,2.0,2.0,1.7333333333333334,1.2431,0.9224,739.7225,739.282536,0.4399639999999181,2.55e-05
38,47,85,0.10588235294117647,0.9529411764705882,19.3321111659706,0.22743660195259535,306.33575796228615,1,2.0,12.0,2.0,3.0,2.4,2.4463,0.6288,738.0087,737.4361405,0.5725595000000112,0.0028135
39,46,85,0.08235294117647059,0.5764705882352941,19.3321111659706,0.22743660195259535,323.07016617539716,1,2.0,11.0,2.0,4.0,2.933333333333333,3.5353,0.5145,733.8924,733.392631,0.4997689999999011,0.0189635
40,45,85,0.058823529411764705,0.29411764705882354,19.3321111659706,0.22743660195259535,340.25276710519705,1,2.0,10.0,2.0,5.0,3.3333333333333335,3.7032,0.7136,728.2608,727.943349,0.3174510000000055,0.006426
41,44,85,0.03529411764705882,0.10588235294117647,19.3321111659706,0.22743660195259535,357.8836725820441,1,2.0,9.0,2.0,6.0,3.6,3.9943,1.2627,720.6219,720.2654945,0.3564054999999371,0.004097
42,43,85,0.011764705882352941,0.011764705882352941,19.3321111659706,0.22743660195259535,375.9629898703419,1,2.0,8.0,2.0,7.0,3.7333333333333334,4.0239,1.415,711.0045,710.71322,0.29128000000002885,0.0158355
32,54,86,0.2558139534883721,5.627906976744186,19.483439808463515,0.22655162567980835,214.49654472260588,2,2.0,12.0,3.0,4.0,3.0,-2.2437,1.9517,718.7073,718.49818,0.20911999999998443,0.4378002
33,53,86,0.23255813953488372,4.651162790697675,19.483439808463515,0.22655162567980835,228.48978367385186,0,2.0,13.0,3.0,3.0,2.4375,-1.7063,2.1466,727.2361,727.278049,-0.04194900000004509,0.0034486
34,52,86,0.20930232558139536,3.7674418604651163,19.483439808463515,0.22655162567980835,242.92868725315907,2,2.0,14.0,3.0,2.0,1.75,-1.7784,2.0302,738.101,738.0367264,0.06427359999997861,0.0025198
35,51,86,0.18604651162790697,2.9767441860465116,19.483439808463515,0.22655162567980835,257.8134020763259,0,2.0,15.0,3.0,1.0,0.9375,-0.8307,1.0922,742.0842,742.3834674,-0.29926739999996244,0.0030788
36,50,86,0.16279069767441862,2.2790697674418605,19.483439808463515,0.22655162567980835,273.14406774096534,2,2.0,14.0,3.0,0.0,0.0,-1.0452,0.5474,748.9132,749.234537,-0.321337000000085,2.58e-05
37,49,86,0.13953488372093023,1.6744186046511629,19.483439808463515,0.22655162567980835,288.9208173490909,0,2.0,13.0,2.0,1.0,0.9285714285714286,0.3942,0.4753,747.8057,747.9335204,-0.1278204000000187,0.0001978
38,48,86,0.11627906976744186,1.1627906976744187,19.483439808463515,0.22655162567980835,305.1437779776426,2,2.0,12.0,2.0,2.0,1.7142857142857142,1.2935,0.4637,749.2972,748.9272676,0.3699323999999251,2.58e-05
39,47,86,0.09302325581395349,0.7441860465116279,19.483439808463515,0.22655162567980835,321.8130711033816,0,2.0,11.0,2.0,3.0,2.357142857142857,2.6586,0.4285,743.4997,742.9049198,0.5947801999999456,0.0141384
40,46,86,0.06976744186046512,0.4186046511627907,19.483439808463515,0.22655162567980835,338.9288129876405,2,2.0,10.0,2.0,4.0,2.857142857142857,3.0111,0.5368,740.9274,740.8084978,0.11890219999997953,0.003569
41,45,86,0.046511627906976744,0.18604651162790697,19.483439808463515,0.22655162567980835,356.4911150256356,0,2.0,9.0,2.0,5.0,3.2142857142857144,3.4795,1.1418,731.4391,731.1911866,0.24791340000001583,0.0054954
42,44,86,0.023255813953488372,0.046511627906976744,19.483439808463515,0.22655162567980835,374.500084064395,2,2.0,8.0,2.0,6.0,3.4285714285714284,3.4188,1.3972,725.2802,725.385705,-0.10550499999999374,0.0029326
33,54,87,0.2413793103448276,5.068965517241379,19.63418302571681,0.22568026466341165,227.61096812997351,1,2.0,13.0,3.0,4.0,3.0588235294117645,-1.7154,2.2952,732.2422,732.0051327,0.23706730000003517,0.0029841
34,53,87,0.21839080459770116,4.149425287356322,19.63418302571681,0.22568026466341165,241.99433691600453,1,2.0,14.0,3.0,3.0,2.4705882352941178,-1.5655,2.353,741.9595,742.031004,-0.07150400000000445,0.0022446
35,52,87,0.19540229885057472,3.32183908045977,19.63418302571681,0.22568026466341165,256.8218022703221,1,2.0,15.0,3.0,2.0,1.7647058823529411,-0.7667,1.5997,748.6961,748.7142135,-0.01811350000002676,0.0031668
36,51,87,0.1724137931034483,2.586206896551724,19.63418302571681,0.22568026466341165,272.0935032536202,1,2.0,14.0,3.0,1.0,0.9333333333333333,-0.44,0.7491,754.2253,754.749708,-0.5244080000001077,0.0002436
37,50,87,0.14942528735632185,1.9425287356321839,19.63418302571681,0.22568026466341165,287.80957245597637,1,2.0,13.0,3.0,0.0,0.0,-0.9309,0.1987,757.4434,757.8556341,-0.41223409999997784,2.61e-05
38,49,87,0.12643678160919541,1.3908045977011494,19.63418302571681,0.22568026466341165,303.9701364655684,1,2.0,12.0,2.0,1.0,0.9230769230769231,0.2211,0.1606,757.7158,757.3555581,0.36024189999989176,2.61e-05
39,48,87,0.10344827586206896,0.9310344827586207,19.63418302571681,0.22568026466341165,320.5753162919343,1,2.0,11.0,2.0,2.0,1.6923076923076923,1.5229,0.2996,755.0793,754.7115237,0.3677762999999459,0.001131
40,47,87,0.08045977011494253,0.5632183908045977,19.63418302571681,0.22568026466341165,337.62522774924344,1,2.0,10.0,2.0,3.0,2.3076923076923075,2.5512,0.3804,750.686,750.2579415,0.4280585000000201,0.0041499
41,46,87,0.05747126436781609,0.28735632183908044,19.63418302571681,0.22568026466341165,355.1199818042648,1,2.0,9.0,2.0,4.0,2.769230769230769,2.8575,0.938,744.3768,744.0029373,0.37386270000001787,0.0068034
42,45,87,0.034482758620689655,0.10344827586206896,19.63418302571681,0.22568026466341165,373.0596848930723,1,2.0,8.0,2.0,5.0,3.076923076923077,3.1258,1.4991,736.5593,736.2309141,0.3283859000000575,0.0028536
43,44,87,0.011494252873563218,0.011494252873563218,19.63418302571681,0.22568026466341165,391.4444392099759,1,2.0,7.0,2.0,6.0,3.230769230769231,2.8385,1.6584,726.622,726.2538063,0.3681937000000062,0.0041934
34,54,88,0.22727272727272727,4.545454545454546,19.7843497729948,0.2248221565113046,241.0741974719062,2,2.0,14.0,3.0,4.0,3.111111111111111,-1.6551,2.5172,747.7908,747.560396,0.23040400000002137,0.0033616
35,53,88,0.20454545454545456,3.6818181818181817,19.7843497729948,0.2248221565113046,255.84528408652935,0,2.0,15.0,3.0,3.0,2.5,-0.4251,1.8527,753.2571,753.6098152,-0.3527151999999205,0.003168
36,52,88,0.18181818181818182,2.909090909090909,19.7843497729948,0.2248221565113046,271.05891720496635,2,2.0,14.0,3.0,2.0,1.75,-0.2286,1.1217,761.5053,761.8027912,-0.29749119999996765,0.0026048
37,51,88,0.1590909090909091,2.227272727272727,19.7843497729948,0.2248221565113046,286.71522891314487,0,2.0,13.0,3.0,1.0,0.9285714285714286,-0.1926,0.3201,763.4649,763.9381552,-0.4732552000000396,0.0001584
38,50,88,0.13636363636363635,1.6363636363636365,19.7843497729948,0.2248221565113046,302.81434531791433,2,2.0,12.0,3.0,0.0,0.0,-1.3552,0.0232,768.2706,768.4684304,-0.19783040000004348,2.64e-05
39,49,88,0.11363636363636363,1.1363636363636365,19.7843497729948,0.2248221565113046,319.35638696869614,0,2.0,11.0,2.0,1.0,0.9166666666666666,0.3607,0.0881,764.3207,764.0634848,0.25721520000001874,0.001496
40,48,88,0.09090909090909091,0.7272727272727273,19.7843497729948,0.2248221565113046,336.34146923929706,2,2.0,10.0,2.0,2.0,1.6666666666666667,1.4303,0.2643,763.032,762.6109832,0.4210168000000749,0.0054032
41,47,88,0.06818181818181818,0.4090909090909091,19.7843497729948,0.2248221565113046,353.7697026745552,0,2.0,9.0,2.0,3.0,2.25,2.2445,0.5928,754.6532,754.3713144,0.2818856000000096,0.0578072
42,46,88,0.045454545454545456,0.18181818181818182,19.7843497729948,0.2248221565113046,371.6411933058408,2,2.0,8.0,2.0,4.0,2.6666666666666665,2.116,1.4047,750.293,750.1039656,0.18903439999996863,0.0038192
43,45,88,0.022727272727272728,0.045454545454545456,19.7843497729948,0.2248221565113046,389.9560429388884,0,2.0,7.0,2.0,5.0,2.9166666666666665,2.3645,1.7634,738.5736,738.3053744,0.2682256000000507,0.0041008
34,55,89,0.23595505617977527,4.955056179775281,19.93394876854618,0.22397695245557508,240.1678949410667,1,2.0,14.0,3.0,5.0,3.6842105263157894,-0.8379,2.0542,750.7532,750.7399111,0.013288900000020476,0.0037291
35,54,89,0.21348314606741572,4.056179775280899,19.93394876854618,0.22397695245557508,254.88345063067808,1,2.0,15.0,3.0,4.0,3.1578947368421053,-0.2882,1.9509,759.2346,759.2394378,-0.004837800000018433,0.0032663
36,53,89,0.19101123595505617,3.247191011235955,19.93394876854618,0.22397695245557508,270.03988909973697,1,2.0,14.0,3.0,3.0,2.4705882352941178,0.2112,1.3002,766.1409,766.7186062,-0.577706199999966,0.0021449
37,52,89,0.16853932584269662,2.5280898876404496,19.93394876854618,0.22397695245557508,285.63734193760286,1,2.0,13.0,3.0,2.0,1.7333333333333334,0.2378,0.5664,770.8553,771.1128655,-0.2575654999999415,0.005429
38,51,89,0.14606741573033707,1.898876404494382,19.93394876854618,0.22397695245557508,301.6759347770346,1,2.0,12.0,3.0,1.0,0.9230769230769231,-0.5717,0.1111,774.4434,774.827147,-0.3837469999999712,9.79e-05
39,50,89,0.12359550561797752,1.3595505617977528,19.93394876854618,0.22397695245557508,318.15578771425606,1,2.0,11.0,3.0,0.0,0.0,-1.2516,0.007,775.1473,775.546979,-0.3996789999999919,0.0003382
40,49,89,0.10112359550561797,0.9101123595505618,19.93394876854618,0.22397695245557508,335.07701568933396,1,2.0,10.0,2.0,1.0,0.9090909090909091,0.2257,0.0844,772.49,771.9313985,0.5586015000000089,0.0027768
41,48,89,0.07865168539325842,0.550561797752809,19.93394876854618,0.22397695245557508,352.4397288315202,1,2.0,9.0,2.0,2.0,1.6363636363636365,1.5642,0.4125,767.1859,766.8968376,0.28906239999992067,0.0236295
42,47,89,0.056179775280898875,0.2808988764044944,19.93394876854618,0.22397695245557508,370.24403277356714,1,2.0,8.0,2.0,3.0,2.1818181818181817,1.6779,1.0473,760.7528,760.5036739,0.24912610000001223,0.003916
43,46,89,0.033707865168539325,0.10112359550561797,19.93394876854618,0.22397695245557508,388.49002893847734,1,2.0,7.0,2.0,4.0,2.5454545454545454,1.6603,1.6855,752.6227,752.1012462,0.5214538000000175,0.0038181
44,45,89,0.011235955056179775,0.011235955056179775,19.93394876854618,0.22397695245557508,407.17781480169486,1,2.0,6.0,2.0,5.0,2.727272727272727,1.7139,1.7413,742.3636,742.293464,0.07013600000004772,0.0242169
34,56,90,0.24444444444444444,5.377777777777778,20.08298850246508,0.22314431669405652,239.27506924670766,2,2.0,14.0,3.0,6.0,4.2,-0.7913,1.6526,755.6828,755.619048,0.06375200000002224,0.329751
35,55,90,0.2222222222222222,4.444444444444445,20.08298850246508,0.22314431669405652,253.93591976338294,0,2.0,15.0,3.0,5.0,3.75,0.7042,1.5022,762.9778,763.036785,-0.05898500000000695,0.003357
36,54,90,0.2,3.6,20.08298850246508,0.22314431669405652,269.0360140749371,2,2.0,14.0,3.0,4.0,3.111111111111111,0.4513,1.3438,772.8536,773.213391,-0.3597909999999729,0.001863
37,53,90,0.17777777777777778,2.8444444444444446,20.08298850246508,0.22314431669405652,284.57548328154525,0,2.0,13.0,3.0,3.0,2.4375,0.7346,0.6785,776.193,776.837358,-0.6443580000000111,0.006453
38,52,90,0.15555555555555556,2.1777777777777776,20.08298850246508,0.22314431669405652,300.5544525489258,2,2.0,12.0,3.0,2.0,1.7142857142857142,-0.1619,0.3034,782.5708,782.640387,-0.06958700000006957,0.001449
39,51,90,0.13333333333333333,1.6,20.08298850246508,0.22314431669405652,316.97304152684404,0,2.0,11.0,3.0,1.0,0.9166666666666666,-0.3245,0.0466,782.0153,782.404002,-0.3887019999999666,0.000351
40,50,90,0.1111111111111111,1.1111111111111112,20.08298850246508,0.22314431669405652,333.83136472807627,2,2.0,10.0,3.0,0.0,0.0,-1.3687,0.0137,784.0531,783.897291,0.15580899999997655,0.000117
41,49,90,0.08888888888888889,0.7111111111111111,20.08298850246508,0.22314431669405652,351.1295318724682,0,2.0,9.0,2.0,1.0,0.9,0.4905,0.1801,777.2872,777.00393,0.2832700000000159,0.003321
42,48,90,0.06666666666666667,0.4,20.08298850246508,0.22314431669405652,368.86764820008176,2,2.0,8.0,2.0,2.0,1.6,1.2934,0.6746,773.7795,773.732565,0.0469349999999622,0.003465
43,47,90,0.044444444444444446,0.17777777777777778,20.08298850246508,0.22314431669405652,387.0458147568789,0,2.0,7.0,2.0,3.0,2.1,1.2281,1.336,763.7548,763.5024,0.25240000000007967,0.001026
44,46,90,0.022222222222222223,0.044444444444444446,20.08298850246508,0.22314431669405652,405.66412865593793,2,2.0,6.0,2.0,4.0,2.4,1.0769,1.7434,757.1671,756.879156,0.2879440000000386,0.003726
34,57,91,0.25274725274725274,5.813186813186813,20.231477245126285,0.22232392577061855,238.39537355056257,1,2.0,14.0,3.0,7.0,4.666666666666667,0.1641,1.7991,758.2098,758.4702762,-0.26047619999997096,0.4331418
35,56,91,0.23076923076923078,4.846153846153846,20.231477245126285,0.22232392577061855,253.00232339491978,1,2.0,15.0,3.0,6.0,4.285714285714286,1.3882,1.0987,768.1244,768.2151022,-0.09070220000000973,0.0035399
36,55,91,0.2087912087912088,3.967032967032967,20.231477245126285,0.22232392577061855,268.0469021526844,1,2.0,14.0,3.0,5.0,3.6842105263157894,1.3632,0.9603,776.7997,777.2994229,-0.4997228999999379,0.0022386
37,54,91,0.18681318681318682,3.1758241758241756,20.231477245126285,0.22232392577061855,283.5292404420413,1,2.0,13.0,3.0,4.0,3.0588235294117645,1.0435,0.6995,783.0959,783.2881511,-0.19225110000002132,0.0077987
38,53,91,0.16483516483516483,2.4725274725274726,20.231477245126285,0.22232392577061855,299.4494629685365,1,2.0,12.0,3.0,3.0,2.4,0.5042,0.3013,787.9554,788.4127069,-0.457306899999935,0.0054509
39,52,91,0.14285714285714285,1.8571428571428572,20.231477245126285,0.22232392577061855,315.80768894204266,1,2.0,11.0,3.0,2.0,1.6923076923076923,0.3192,0.1467,790.2628,790.3297311,-0.06693110000003344,0.0018473
40,51,91,0.12087912087912088,1.3296703296703296,20.231477245126285,0.22232392577061855,332.6040324543293,1,2.0,10.0,3.0,1.0,0.9090909090909091,-0.4031,0.0561,791.0904,791.0916559,-0.001255899999932808,0.0001001
41,50,91,0.0989010989010989,0.8901098901098901,20.231477245126285,0.22232392577061855,349.83860282185674,1,2.0,9.0,3.0,0.0,0.0,-1.0166,0.1071,789.0444,789.0517453,-0.0073452999999972235,0.0029302
42,49,91,0.07692307692307693,0.5384615384615384,20.231477245126285,0.22232392577061855,367.5115048977714,1,2.0,8.0,2.0,1.0,0.8888888888888888,0.3628,0.3675,783.9722,783.8402026,0.13199740000004567,0.0062426
43,48,91,0.054945054945054944,0.27472527472527475,20.231477245126285,0.22232392577061855,385.6228393565394,1,2.0,7.0,2.0,2.0,1.5555555555555556,0.7871,0.9426,777.0162,776.8356778,0.18052220000004127,0.002366
44,47,91,0.03296703296703297,0.0989010989010989,20.231477245126285,0.22232392577061855,404.17270295420246,1,2.0,6.0,2.0,3.0,2.0,0.638,1.5022,768.6438,768.3065117,0.3372883000000684,0.0022204
35,57,92,0.2391304347826087,5.260869565217392,20.379423055219398,0.22151546799151525,252.08230682103624,0,2.0,15.0,3.0,7.0,4.7727272727272725,2.1371,1.193,771.3649,771.4119316,-0.04703159999996842,0.0067068
36,56,92,0.21739130434782608,4.3478260869565215,20.379423055219398,0.22151546799151525,267.07217753652475,2,2.0,14.0,3.0,6.0,4.2,1.9302,0.6277,782.8011,783.1661,-0.3650000000000091,0.0027048
37,55,92,0.1956521739130435,3.5217391304347827,20.379423055219398,0.22151546799151525,282.4982159167047,0,2.0,13.0,3.0,5.0,3.611111111111111,1.7477,0.4234,787.9014,788.38687,-0.48547000000007756,0.0061272
38,54,92,0.17391304347826086,2.782608695652174,20.379423055219398,0.22151546799151525,298.3605462136435,2,2.0,12.0,3.0,4.0,3.0,1.0156,0.2781,795.5891,795.699444,-0.11034399999994093,0.0034224
39,53,92,0.15217391304347827,2.130434782608696,20.379423055219398,0.22151546799151525,314.65928720371943,0,2.0,11.0,3.0,3.0,2.357142857142857,0.9807,0.1597,796.3911,796.8662248,-0.47512480000000323,0.0091264
40,52,92,0.13043478260869565,1.565217391304348,20.379423055219398,0.22151546799151525,331.39455256381916,2,2.0,10.0,3.0,2.0,1.6666666666666667,0.3169,0.1387,800.0683,799.7264036,0.341896399999996,0.0001012
41,51,92,0.10869565217391304,1.0869565217391304,20.379423055219398,0.22151546799151525,348.5664512128852,0,2.0,9.0,3.0,1.0,0.9,-0.1157,0.1993,796.8278,796.9383252,-0.11052519999998367,0.0017848
42,50,92,0.08695652173913043,0.6956521739130435,20.379423055219398,0.22151546799151525,366.1750876227764,2,2.0,8.0,3.0,0.0,0.0,-1.0899,0.3016,796.4008,796.5112704,-0.11047039999994013,0.0001564
43,49,92,0.06521739130434782,0.391304347826087,20.379423055219398,0.22151546799151525,384.2205621018666,0,2.0,7.0,2.0,1.0,0.875,-0.0025,0.5704,787.8024,787.846048,-0.04364799999996194,0.0031004
44,48,92,0.043478260869565216,0.17391304347826086,20.379423055219398,0.22151546799151525,402.7029710543544,2,2.0,6.0,2.0,2.0,1.5,0.0293,1.1943,782.6578,782.439208,0.21859199999994416,0.002714
45,47,92,0.021739130434782608,0.043478260869565216,20.379423055219398,0.22151546799151525,421.62240721787026,0,2.0,5.0,2.0,3.0,1.875,0.0076,1.6218,770.4992,770.3547412,0.1444587999999385,0.0043792
46,46,92,0.0,0.0,20.379423055219398,0.22151546799151525,440.97895988164214,2,2.0,4.0,2.0,4.0,2.0,-0.5466,1.8458,761.7757,761.352394,0.42330600000002505,0.3450276
35,58,93,0.24731182795698925,5.688172043010753,20.526833787405323,0.22071864287532608,251.1755280969898,1,2.0,15.0,3.0,8.0,5.217391304347826,2.3515,1.5154,775.947,776.1406698,-0.19366979999995237,0.4308132
36,57,93,0.22580645161290322,4.741935483870968,20.526833787405323,0.22071864287532608,266.1114779482478,1,2.0,14.0,3.0,7.0,4.666666666666667,2.8542,0.6525,786.106,786.6040905,-0.49809049999998933,0.002511
37,56,93,0.20430107526881722,3.881720430107527,20.526833787405323,0.22071864287532608,281.48202650220446,1,2.0,13.0,3.0,6.0,4.105263157894737,2.1485,0.1989,794.2045,794.3056437,-0.10114369999996597,0.0078306
38,55,93,0.1827956989247312,3.10752688172043,20.526833787405323,0.22071864287532608,297.28729756397337,1,2.0,12.0,3.0,5.0,3.5294117647058822,1.5442,0.1117,800.6437,800.9892375,-0.3455374999999776,0.0075516
39,54,93,0.16129032258064516,2.4193548387096775,20.526833787405323,0.22071864287532608,313.52740948267603,1,2.0,11.0,3.0,4.0,2.933333333333333,1.3979,0.1626,804.243,804.3482022,-0.10520219999989422,0.0104904
40,53,93,0.13978494623655913,1.8172043010752688,20.526833787405323,0.22071864287532608,330.202475526286,1,2.0,10.0,3.0,3.0,2.3076923076923075,0.9826,0.1496,806.3403,806.4607251,-0.12042510000003404,0.0004557
41,52,93,0.11827956989247312,1.3010752688172043,20.526833787405323,0.22071864287532608,347.31260422194737,1,2.0,9.0,3.0,2.0,1.6363636363636365,0.6059,0.2726,805.9939,805.7691957,0.22470430000009856,0.001488
42,51,93,0.0967741935483871,0.8709677419354839,20.526833787405323,0.22071864287532608,364.8578996657179,1,2.0,8.0,3.0,1.0,0.8888888888888888,-0.135,0.3311,804.2684,804.5810835,-0.3126834999999346,0.000186
43,50,93,0.07526881720430108,0.5268817204301075,20.526833787405323,0.22071864287532608,382.83846180514695,1,2.0,7.0,3.0,0.0,0.0,-1.247,0.4097,800.3473,800.5977726,-0.2504725999999664,0.0010137
44,49,93,0.053763440860215055,0.26881720430107525,20.526833787405323,0.22071864287532608,401.25438669765214,1,2.0,6.0,2.0,1.0,0.8571428571428571,-0.6326,0.7598,793.5735,793.4260311,0.14746889999992163,0.0020646
45,48,93,0.03225806451612903,0.0967741935483871,20.526833787405323,0.22071864287532608,420.1057667472725,1,2.0,5.0,2.0,2.0,1.4285714285714286,-0.7136,1.3201,784.8095,784.4387715,0.3707284999999274,0.0026319
46,47,93,0.010752688172043012,0.010752688172043012,20.526833787405323,0.22071864287532608,439.39269092204916,1,2.0,4.0,2.0,3.0,1.7142857142857142,-0.9829,1.6609,774.2817,773.6264241,0.6552758999999924,0.3700098
36,58,94,0.23404255319148937,5.148936170212766,20.673717099616514,0.21993316063421828,265.16445400246636,2,2.0,14.0,3.0,8.0,5.090909090909091,3.2507,0.846,791.3285,791.8871892,-0.5586892000000034,0.0121072
37,57,94,0.2127659574468085,4.25531914893617,20.673717099616514,0.21993316063421828,280.48030263271954,0,2.0,13.0,3.0,7.0,4.55,3.2387,0.179,798.2035,798.3198536,-0.11635360000002493,0.0020304
38,56,94,0.19148936170212766,3.4468085106382977,20.673717099616514,0.21993316063421828,296.2293267025118,2,2.0,12.0,3.0,6.0,4.0,1.7414,0.0116,807.8281,807.8204336,0.007666399999948226,0.0016638
39,55,94,0.1702127659574468,2.723404255319149,20.673717099616514,0.21993316063421828,312.4116441397897,0,2.0,11.0,3.0,5.0,3.4375,1.8624,0.0533,810.0683,810.5438392,-0.4755391999999574,0.0063826
40,54,94,0.14893617021276595,2.0851063829787235,20.673717099616514,0.21993316063421828,329.0273678094346,2,2.0,10.0,3.0,4.0,2.857142857142857,1.4397,0.1484,814.9261,814.6793504,0.24674960000004376,0.0001692
41,53,94,0.1276595744680851,1.5319148936170213,20.673717099616514,0.21993316063421828,346.0766058523699,0,2.0,9.0,3.0,3.0,2.25,1.2967,0.3099,812.9864,812.9967316,-0.01033159999997224,0.0014946
42,52,94,0.10638297872340426,1.0638297872340425,20.673717099616514,0.21993316063421828,363.5594619942014,2,2.0,8.0,3.0,2.0,1.6,0.4175,0.5401,814.2593,814.2594054,-0.00010539999993852689,0.000141
43,51,94,0.0851063829787234,0.6808510638297872,20.673717099616514,0.21993316063421828,381.4760358267901,0,2.0,7.0,3.0,1.0,0.875,-0.4081,0.579,809.0144,809.2213062,-0.20690619999993487,0.0040702
44,50,94,0.06382978723404255,0.3829787234042553,20.673717099616514,0.21993316063421828,399.8264230657098,2,2.0,6.0,3.0,0.0,0.0,-1.7305,0.5148,806.6836,806.864228,-0.18062800000006973,0.0031396
45,49,94,0.0425531914893617,0.1702127659574468,20.673717099616514,0.21993316063421828,418.61071578615645,0,2.0,5.0,2.0,1.0,0.8333333333333334,-1.294,0.8573,796.339,796.4059102,-0.06691019999993841,0.0033746
46,48,94,0.02127659574468085,0.0425531914893617,20.673717099616514,0.21993316063421828,437.82900263955634,2,2.0,4.0,2.0,2.0,1.3333333333333333,-1.6482,1.3658,789.2702,788.8182208,0.45197920000009617,0.0042864
36,59,95,0.24210526315789474,5.568421052631579,20.820080460021323,0.21915874168443503,264.2307686164324,1,2.0,14.0,3.0,9.0,5.478260869565218,-0.1407,1.9458,794.6886,794.7696485,-0.08104850000006536,0.0186295
37,58,95,0.22105263157894736,4.6421052631578945,20.820080460021323,0.21915874168443503,279.49268775566617,1,2.0,13.0,3.0,8.0,4.9523809523809526,3.8764,0.2653,803.5054,803.7186865,-0.21328649999998106,0.0202445
38,57,95,0.2,3.8,20.820080460021323,0.21915874168443503,295.18625705617734,1,2.0,12.0,3.0,7.0,4.421052631578948,2.8898,0.0039,811.9543,812.1633125,-0.20901249999997162,0.005814
39,56,95,0.17894736842105263,3.042105263157895,20.820080460021323,0.21915874168443503,311.31159403066965,1,2.0,11.0,3.0,6.0,3.8823529411764706,2.0347,0.0016,817.4648,817.471618,-0.006818000000066604,0.006783
40,55,95,0.15789473684210525,2.3684210526315788,20.820080460021323,0.21915874168443503,327.86881114660963,1,2.0,10.0,3.0,5.0,3.3333333333333335,1.8896,0.0559,820.8904,821.141278,-0.250878000000057,0.000874
41,54,95,0.1368421052631579,1.7789473684210526,20.820080460021323,0.21915874168443503,344.85801616413966,1,2.0,9.0,3.0,4.0,2.769230769230769,1.8172,0.2936,821.7387,821.4852635,0.2534365000000207,0.000513
42,53,95,0.11578947368421053,1.2736842105263158,20.820080460021323,0.21915874168443503,362.2793124436315,1,2.0,8.0,3.0,3.0,2.1818181818181817,1.1668,0.5914,821.389,821.628514,-0.23951399999998557,0.0001235
43,52,95,0.09473684210526316,0.8526315789473684,20.820080460021323,0.21915874168443503,380.13279922626776,1,2.0,7.0,3.0,2.0,1.5555555555555556,0.056,0.8083,819.2252,819.1556545,0.06954550000000381,0.0050825
44,51,95,0.07368421052631578,0.5157894736842106,20.820080460021323,0.21915874168443503,398.41857189059255,1,2.0,6.0,3.0,1.0,0.8571428571428571,-0.9983,0.723,815.5489,815.809707,-0.2608069999999998,0.0095
45,50,95,0.05263157894736842,0.2631578947368421,20.820080460021323,0.21915874168443503,417.136722187591,1,2.0,5.0,3.0,0.0,0.0,-2.2926,0.5803,809.6559,809.9102165,-0.25431650000007266,0.0038855
46,49,95,0.031578947368421054,0.09473684210526316,20.820080460021323,0.21915874168443503,436.28733845653363,1,2.0,4.0,2.0,1.0,0.8,-2.1573,0.8817,801.0161,800.7531665,0.262933500000031,0.0030305
36,60,96,0.25,6.0,20.965931153671168,0.21839511618407473,263.3100964527555,2,2.0,14.0,3.0,10.0,5.833333333333333,-0.9142,3.3045,800.186,799.7637216,0.42227839999998196,0.0192768
37,59,96,0.22916666666666666,5.041666666666667,20.965931153671168,0.21839511618407473,278.5188377422281,0,2.0,13.0,3.0,9.0,5.318181818181818,-0.1065,0.9794,807.2715,807.2540448,0.017455199999972137,0.0033504
38,58,96,0.20833333333333334,4.166666666666667,20.965931153671168,0.21839511618407473,294.157725173253,2,2.0,12.0,3.0,8.0,4.8,3.3663,0.019,817.9214,818.0355936,-0.11419360000002143,0.0084672
39,57,96,0.1875,3.375,20.965931153671168,0.21839511618407473,310.226875849079,0,2.0,11.0,3.0,7.0,4.277777777777778,3.2307,0.0,822.2907,822.6649824,-0.37428239999997004,0.0060768
40,56,96,0.16666666666666666,2.6666666666666665,20.965931153671168,0.21839511618407473,326.72640184529655,2,2.0,10.0,3.0,6.0,3.75,2.0741,0.0082,829.0092,828.9915168,0.017683199999964927,0.0001152
41,55,96,0.14583333333333334,2.0416666666666665,20.965931153671168,0.21839511618407473,343.6564105465742,0,2.0,9.0,3.0,5.0,3.2142857142857144,2.3814,0.155,828.3447,828.3731328,-0.028432800000018688,0.000144
42,54,96,0.125,1.5,20.965931153671168,0.21839511618407473,361.01700495314,2,2.0,8.0,3.0,4.0,2.6666666666666665,1.7314,0.5562,830.8149,830.782848,0.03205200000002151,0.0001248
43,53,96,0.10416666666666667,1.0416666666666667,20.965931153671168,0.21839511618407473,378.8082839603858,0,2.0,7.0,3.0,3.0,2.1,0.8027,0.8789,827.0373,827.0272608,0.01003919999993741,0.0051456
44,52,96,0.08333333333333333,0.6666666666666666,20.965931153671168,0.21839511618407473,397.0303426145235,2,2.0,6.0,3.0,2.0,1.5,-0.6016,1.0579,826.5315,826.503648,0.027852000000052612,0.0001728
45,51,96,0.0625,0.375,20.965931153671168,0.21839511618407473,415.6832723468458,0,2.0,5.0,3.0,1.0,0.8333333333333334,-1.5432,0.8,819.1723,819.328656,-0.15635600000007344,0.0100032
46,50,96,0.041666666666666664,0.16666666666666666,20.965931153671168,0.21839511618407473,434.7671611888184,2,2.0,4.0,3.0,0.0,0.0,-3.0902,0.5958,814.9575,815.0419872,-0.08448720000001231,0.0041952
47,49,96,0.020833333333333332,0.041666666666666664,20.965931153671168,0.21839511618407473,454.28209396995754,0,2.0,3.0,2.0,1.0,0.75,-2.9519,0.7653,802.587,802.5878688,-0.0008688000000347529,0.0900864
36,61,97,0.25773195876288657,6.443298969072165,21.111276288848163,0.21764202359637289,262.40212339287035,1,2.0,14.0,3.0,11.0,6.16,-0.5994,3.9739,802.8821,802.1768565,0.7052435000000514,0.1304068
37,60,97,0.23711340206185566,5.453608247422681,21.111276288848163,0.21764202359637289,277.558420330411,1,2.0,13.0,3.0,10.0,5.6521739130434785,-0.8183,2.2997,812.9863,812.4901584,0.4961415999999872,0.0019109
38,59,97,0.21649484536082475,4.546391752577319,21.111276288848163,0.21764202359637289,293.14338013516846,1,2.0,12.0,3.0,9.0,5.142857142857143,-0.6244,0.4523,821.5743,821.7693433,-0.19504329999995207,0.0033853
39,58,97,0.1958762886597938,3.7216494845360826,21.111276288848163,0.21764202359637289,309.157119506584,1,2.0,11.0,3.0,8.0,4.631578947368421,4.2621,0.0014,828.3801,828.5217752,-0.14167520000000877,0.0067124
40,57,97,0.17525773195876287,2.979381443298969,21.111276288848163,0.21764202359637289,325.59975013377755,1,2.0,10.0,3.0,7.0,4.117647058823529,3.3133,0.0049,833.9251,834.5606654,-0.6355653999999049,0.0001261
41,56,97,0.15463917525773196,2.3195876288659796,21.111276288848163,0.21764202359637289,342.4713790311226,1,2.0,9.0,3.0,6.0,3.6,2.6372,0.1255,836.6346,836.4444248,0.19017519999999877,0.0042486
42,55,97,0.13402061855670103,1.7422680412371134,21.111276288848163,0.21764202359637289,359.7721088436712,1,2.0,8.0,3.0,5.0,3.076923076923077,2.4228,0.3596,837.469,837.6039822,-0.13498219999996763,0.0001649
43,54,97,0.1134020618556701,1.2474226804123711,21.111276288848163,0.21764202359637289,377.50203812579406,1,2.0,7.0,3.0,4.0,2.5454545454545454,1.409,0.8304,836.6324,836.5013638,0.13103619999992588,0.0041225
44,53,97,0.09278350515463918,0.8350515463917526,21.111276288848163,0.21764202359637289,395.6612615959548,1,2.0,6.0,3.0,3.0,2.0,0.175,1.1477,834.5024,834.6151503,-0.11275030000001607,0.0027645
45,52,97,0.07216494845360824,0.5051546391752577,21.111276288848163,0.21764202359637289,414.2498703701633,1,2.0,5.0,3.0,2.0,1.4285714285714286,-1.1259,1.1585,830.392,830.3098053,0.08219470000005913,0.0354632
46,51,97,0.05154639175257732,0.25773195876288657,21.111276288848163,0.21764202359637289,433.26795217632616,1,2.0,4.0,3.0,1.0,0.8,-2.3024,0.8121,824.6527,824.7357391,-0.08303910000006454,0.0048403
47,50,97,0.030927835051546393,0.09278350515463918,21.111276288848163,0.21764202359637289,452.7155915514415,1,2.0,3.0,3.0,0.0,0.0,-3.8818,0.4923,816.8179,817.0515737,-0.23367369999994025,0.0120183
48,49,97,0.010309278350515464,0.010309278350515464,21.111276288848163,0.21764202359637289,472.59287002334906,1,2.0,2.0,2.0,1.0,0.6666666666666666,-3.97,0.5906,806.0693,806.0992261,-0.029926100000011502,0.4201749
37,61,98,0.24489795918367346,5.877551020408164,21.256122803129635,0.21689921227683306,276.6111145985116,0,2.0,13.0,3.0,11.0,5.958333333333333,-0.8821,3.1811,816.6888,816.4114812,0.2773187999999891,0.0160818
38,60,98,0.22448979591836735,4.938775510204081,21.256122803129635,0.21689921227683306,292.1428830004038,2,2.0,12.0,3.0,10.0,5.454545454545454,-1.4485,1.8239,828.1298,827.682373,0.4474270000000615,0.0032242
39,59,98,0.20408163265306123,4.081632653061225,21.256122803129635,0.21689921227683306,308.10196754607983,0,2.0,11.0,3.0,9.0,4.95,3.6761,0.3447,832.6672,832.7663876,-0.09918760000005022,0.0079184
40,58,98,0.1836734693877551,3.306122448979592,21.256122803129635,0.21689921227683306,324.48847954346525,2,2.0,10.0,3.0,8.0,4.444444444444445,4.3759,0.0037,840.7208,840.9770432,-0.2562431999999717,0.0084476
41,57,98,0.16326530612244897,2.6122448979591835,21.256122803129635,0.21689921227683306,341.30252564169393,0,2.0,9.0,3.0,7.0,3.9375,3.7804,0.1814,842.2716,842.4375568,-0.16595680000000357,0.004998
42,56,98,0.14285714285714285,2.0,21.256122803129635,0.21689921227683306,358.544208135491,2,2.0,8.0,3.0,6.0,3.4285714285714284,2.8405,0.236,846.3424,846.2465718,0.09582820000002812,0.0001764
43,55,98,0.12244897959183673,1.469387755102041,21.256122803129635,0.21689921227683306,376.213625242861,0,2.0,7.0,3.0,5.0,2.9166666666666665,2.2201,0.5758,843.8953,843.7804606,0.11483940000005077,0.003381
44,54,98,0.10204081632653061,1.0204081632653061,21.256122803129635,0.21689921227683306,394.3108713589943,2,2.0,6.0,3.0,4.0,2.4,0.7995,1.0948,844.7615,844.790772,-0.02927199999999175,0.0064582
45,53,98,0.08163265306122448,0.6530612244897959,21.256122803129635,0.21689921227683306,412.836037288922,0,2.0,5.0,3.0,3.0,1.875,-0.3694,1.2667,839.0275,838.9587724,0.06872759999998834,0.011907
46,52,98,0.061224489795918366,0.3673469387755102,21.256122803129635,0.21689921227683306,431.7892104611357,2,2.0,4.0,3.0,2.0,1.3333333333333333,-1.8876,1.1733,836.5216,836.3221902,0.19940980000001218,0.0047432
47,51,98,0.04081632653061224,0.16326530612244897,21.256122803129635,0.21689921227683306,451.1704751241093,0,2.0,3.0,3.0,1.0,0.75,-2.9896,0.6756,827.1066,827.2852868,-0.17868680000003678,0.0329084
48,50,98,0.02040816326530612,0.04081632653061224,21.256122803129635,0.21689921227683306,470.9799125274282,2,2.0,2.0,3.0,0.0,0.0,-4.912,0.3431,820.9858,821.0729394,-0.08713939999995546,0.051793
37,62,99,0.25252525252525254,6.313131313131313,21.400477469184917,0.216166439082676,275.676610467049,1,2.0,13.0,3.0,12.0,6.24,-1.1556,4.1368,821.606,821.234799,0.37120100000004186,0.0040293
38,61,99,0.23232323232323232,5.343434343434343,21.400477469184917,0.216166439082676,291.15590627845404,1,2.0,12.0,3.0,11.0,5.739130434782608,-1.5674,2.7437,832.0287,831.8498265,0.1788735000000088,0.0047421
39,60,99,0.21212121212121213,4.454545454545454,21.400477469184917,0.216166439082676,307.0610745870189,1,2.0,11.0,3.0,10.0,5.238095238095238,-0.7552,1.4618,839.1675,839.1926862,-0.025186200000007375,0.0066132
40,59,99,0.1919191919191919,3.6464646464646466,21.400477469184917,0.216166439082676,323.3922263246257,1,2.0,10.0,3.0,9.0,4.7368421052631575,2.9504,0.5645,845.3435,845.383275,-0.03977500000007694,0.0105039
41,58,99,0.1717171717171717,2.919191919191919,21.400477469184917,0.216166439082676,340.1494677801046,1,2.0,9.0,3.0,8.0,4.235294117647059,2.7082,0.4154,849.4355,849.3196041,0.11589590000005501,0.0120087
42,57,99,0.15151515151515152,2.272727272727273,21.400477469184917,0.216166439082676,357.33290090258754,1,2.0,8.0,3.0,7.0,3.7333333333333334,3.6855,0.4757,852.2491,852.1720218,0.0770781999999599,0.0002277
43,56,99,0.13131313131313133,1.707070707070707,21.400477469184917,0.216166439082676,374.9426235782594,1,2.0,7.0,3.0,6.0,3.230769230769231,2.711,0.4689,852.9462,852.7474395,0.19876049999993484,0.0009108
44,55,99,0.1111111111111111,1.2222222222222223,21.400477469184917,0.216166439082676,392.9787298834051,1,2.0,6.0,3.0,5.0,2.727272727272727,1.7195,0.79,852.0961,852.2626068,-0.1665067999999792,0.0003465
45,54,99,0.09090909090909091,0.8181818181818182,21.400477469184917,0.216166439082676,411.4413103162797,1,2.0,5.0,3.0,4.0,2.2222222222222223,0.1697,1.2357,849.5032,849.4393941,0.06380590000003394,0.0194535
46,53,99,0.0707070707070707,0.494949494949495,21.400477469184917,0.216166439082676,430.3304520100062,1,2.0,4.0,3.0,3.0,1.7142857142857142,-1.1243,1.3005,845.3314,845.2553868,0.07601320000003398,0.0051084
47,52,99,0.050505050505050504,0.25252525252525254,21.400477469184917,0.216166439082676,449.64623892843287,1,2.0,3.0,3.0,2.0,1.2,-2.4616,1.0035,839.1743,839.0026656,0.17163440000001629,0.0062667
48,51,99,0.030303030303030304,0.09090909090909091,21.400477469184917,0.216166439082676,469.3887520466513,1,2.0,2.0,3.0,1.0,0.6666666666666666,-3.919,0.4921,831.4532,831.4389666,0.01423340000008011,0.001584
37,63,100,0.26,6.76,21.544346900318832,0.2154434690031884,274.7546082273488,0,2.0,13.0,3.0,13.0,6.5,-1.1282,4.9318,824.7377,824.45085,0.2868500000000722,0.01312
38,62,100,0.24,5.76,21.544346900318832,0.2154434690031884,290.1821334319443,2,2.0,12.0,3.0,12.0,6.0,-1.7845,3.6881,837.7542,837.22012,0.5340800000000172,0.00692
39,61,100,0.22,4.84,21.544346900318832,0.2154434690031884,306.0341068003274,0,2.0,11.0,3.0,11.0,5.5,-1.0125,2.3871,843.813,843.94151,-0.12851000000000568,0.01118
40,60,100,0.2,4.0,21.544346900318832,0.2154434690031884,322.31063889336787,2,2.0,10.0,3.0,10.0,5.0,2.6356,1.3688,852.293,852.21066,0.08234000000004471,0.00814
41,59,100,0.18,3.24,21.544346900318832,0.2154434690031884,339.0118356444122,0,2.0,9.0,3.0,9.0,4.5,2.762,1.1671,855.0028,854.84683,0.1559700000000248,0.00798
42,58,100,0.16,2.56,21.544346900318832,0.2154434690031884,356.13779866162287,2,2.0,8.0,3.0,8.0,4.0,2.259,1.0292,860.4091,860.46626,-0.05716000000006716,0.0003
43,57,100,0.14,1.96,21.544346900318832,0.2154434690031884,373.6886255038035,0,2.0,7.0,3.0,7.0,3.5,3.4961,0.6397,859.4454,859.51184,-0.0664400000000569,0.00135
44,56,100,0.12,1.44,21.544346900318832,0.2154434690031884,391.6644099326005,2,2.0,6.0,3.0,6.0,3.0,2.3246,0.5983,861.7304,861.93593,-0.20552999999995336,0.00034
45,55,100,0.1,1.0,21.544346900318832,0.2154434690031884,410.06524214359695,0,2.0,5.0,3.0,5.0,2.5,0.7634,0.975,857.5299,857.51732,0.012579999999957181,0.01813
46,54,100,0.08,0.64,21.544346900318832,0.2154434690031884,428.8912089784983,2,2.0,4.0,3.0,4.0,2.0,-0.6183,1.3012,856.49,856.35652,0.13347999999996318,0.01764
47,53,100,0.06,0.36,21.544346900318832,0.2154434690031884,448.14239412033544,0,2.0,3.0,3.0,3.0,1.5,-1.7043,1.1365,848.6178,848.49947,0.11833000000001448,0.005
48,52,100,0.04,0.16,21.544346900318832,0.2154434690031884,467.818878273378,2,2.0,2.0,3.0,2.0,1.0,-3.2717,0.7676,844.0993,843.77375,0.3255500000000211,0.00168
49,51,100,0.02,0.04,21.544346900318832,0.2154434690031884,487.92073932925143,0,2.0,1.0,3.0,1.0,0.5,-4.818,0.2146,832.7737,832.97495,-0.20125000000007276,0.00224
50,50,100,0.0,0.0,21.544346900318832,0.2154434690031884,508.4480525205751,2,3.0,0.0,3.0,0.0,0.0,-7.3746,0.0256,824.3076,825.1626,-0.8550000000000182,0.24001
37,64,101,0.26732673267326734,7.217821782178218,21.68773755577532,0.2147300748096567,273.84481809510504,1,2.0,13.0,3.0,14.0,6.7407407407407405,-1.4618,5.5652,828.9947,828.8237053,0.17099469999993744,0.0204929
38,63,101,0.24752475247524752,6.188118811881188,21.68773755577532,0.2147300748096567,289.2212584051226,1,2.0,12.0,3.0,13.0,6.24,-1.9176,4.4818,841.1196,840.7988511,0.3207489000000123,0.008484
39,62,101,0.22772277227722773,5.237623762376238,21.68773755577532,0.2147300748096567,305.02074141114133,1,2.0,11.0,3.0,12.0,5.739130434782608,-1.3415,3.3396,849.7641,849.7463805,0.017719499999998334,0.0070801
40,61,101,0.2079207920792079,4.366336633663367,21.68773755577532,0.2147300748096567,321.2433773079326,1,2.0,10.0,3.0,11.0,5.238095238095238,-0.7693,2.1106,856.9066,857.0702339,-0.1636338999999225,0.0083325
41,60,101,0.18811881188118812,3.5742574257425743,21.68773755577532,0.2147300748096567,337.88927167806764,1,2.0,9.0,3.0,10.0,4.7368421052631575,2.5145,1.993,862.1887,862.0183855,0.1703145000000177,0.0037471
42,59,101,0.16831683168316833,2.8613861386138613,21.68773755577532,0.2147300748096567,354.95852579325566,1,2.0,8.0,3.0,9.0,4.235294117647059,2.4169,1.7925,866.1532,865.8645059,0.2886940999999297,0.0003131
43,58,101,0.1485148514851485,2.227722772277228,21.68773755577532,0.2147300748096567,372.4512368892556,1,2.0,7.0,3.0,8.0,3.7333333333333334,2.2805,1.2703,867.856,867.9067966,-0.050796600000012404,0.0240077
44,57,101,0.12871287128712872,1.6732673267326732,21.68773755577532,0.2147300748096567,390.36749841724236,1,2.0,6.0,3.0,7.0,3.230769230769231,1.7612,1.0244,868.607,868.737966,-0.13096600000005765,0.0004141
45,56,101,0.10891089108910891,1.198019801980198,21.68773755577532,0.2147300748096567,408.70740027413615,1,2.0,5.0,3.0,6.0,2.727272727272727,1.0242,0.8732,867.4243,867.4099372,0.01436280000007173,0.0058378
46,55,101,0.0891089108910891,0.801980198019802,21.68773755577532,0.2147300748096567,427.47102901408493,1,2.0,4.0,3.0,5.0,2.2222222222222223,-0.083,1.1121,864.7242,864.6473044,0.07689559999994344,0.0045854
47,54,101,0.06930693069306931,0.48514851485148514,21.68773755577532,0.2147300748096567,446.65846804302134,1,2.0,3.0,3.0,4.0,1.7142857142857142,-1.197,1.1458,859.9965,859.7671965,0.22930350000001454,0.0048379
48,53,101,0.04950495049504951,0.24752475247524752,21.68773755577532,0.2147300748096567,466.2697977979806,1,2.0,2.0,3.0,3.0,1.2,-2.5217,0.8929,853.7189,853.4869357,0.2319642999999587,0.0014948
49,52,101,0.0297029702970297,0.0891089108910891,21.68773755577532,0.2147300748096567,486.3050959126667,1,2.0,1.0,3.0,2.0,0.6666666666666666,-3.9999,0.4028,845.6091,845.413026,0.19607400000006692,0.0116655
50,51,101,0.009900990099009901,0.009900990099009901,21.68773755577532,0.2147300748096567,506.7644373705828,1,3.0,0.0,3.0,1.0,0.0,-6.0971,0.0889,835.6442,836.391403,-0.7472030000000132,0.3000003
37,65,102,0.27450980392156865,7.686274509803922,21.830655745813875,0.2140260367236655,272.9469597873613,0,2.0,13.0,3.0,15.0,6.964285714285714,-1.1867,5.7796,831.4133,831.5799186,-0.1666185999999925,0.0829056
38,64,102,0.2549019607843137,6.627450980392157,21.830655745813875,0.2140260367236655,288.2729851770897,2,2.0,12.0,3.0,14.0,6.461538461538462,-2.3686,5.1115,846.2206,845.7045726,0.5160273999999845,0.067065
39,63,102,0.23529411764705882,5.647058823529412,21.830655745813875,0.2140260367236655,304.02066622762976,0,2.0,11.0,3.0,13.0,5.958333333333333,-1.5178,4.1141,853.9169,853.9355544,-0.01865439999994578,0.00408
40,62,102,0.21568627450980393,4.745098039215686,21.830655745813875,0.2140260367236655,320.1901127724561,2,2.0,10.0,3.0,12.0,5.454545454545454,-1.0425,3.0087,863.5943,863.561988,0.032311999999933505,0.0087618
41,61,102,0.19607843137254902,3.9215686274509802,21.830655745813875,0.2140260367236655,336.78143004796505,0,2.0,9.0,3.0,11.0,4.95,2.6925,2.5098,867.3273,867.496485,-0.1691849999999704,0.0025092
42,60,102,0.17647058823529413,3.176470588235294,21.830655745813875,0.2140260367236655,353.794718993825,2,2.0,8.0,3.0,10.0,4.444444444444445,2.1278,2.588,874.0865,873.9767388,0.10976119999997991,0.0083028
43,59,102,0.1568627450980392,2.5098039215686274,21.830655745813875,0.2140260367236655,371.2300765269868,0,2.0,7.0,3.0,9.0,3.9375,2.4369,2.0071,874.3003,874.2064428,0.0938572000000022,0.0091698
44,58,102,0.13725490196078433,1.9215686274509804,21.830655745813875,0.2140260367236655,389.087595792226,2,2.0,6.0,3.0,8.0,3.4285714285714284,2.9398,1.6027,877.6659,877.957605,-0.291704999999979,0.0004182
45,57,102,0.11764705882352941,1.411764705882353,21.830655745813875,0.2140260367236655,407.3673663917165,0,2.0,5.0,3.0,7.0,2.9166666666666665,1.3435,1.3076,874.9772,874.8521436,0.12505640000006224,0.0064056
46,56,102,0.09803921568627451,0.9803921568627451,21.830655745813875,0.2140260367236655,426.06947459582034,2,2.0,4.0,3.0,6.0,2.4,0.0364,1.085,875.347,875.1894474,0.1575526000000309,0.0004182
47,55,102,0.0784313725490196,0.6274509803921569,21.830655745813875,0.2140260367236655,445.194003537006,0,2.0,3.0,3.0,5.0,1.875,-0.597,0.9702,868.8748,868.75083,0.12397000000009939,0.0081702
48,54,102,0.058823529411764705,0.35294117647058826,21.830655745813875,0.2140260367236655,464.7410333885787,2,2.0,2.0,3.0,4.0,1.3333333333333333,-1.9382,0.8881,865.7158,865.3814844,0.33431559999996807,0.0016626
49,53,102,0.0392156862745098,0.1568627450980392,21.830655745813875,0.2140260367236655,484.71064152970416,0,2.0,1.0,3.0,3.0,0.75,-3.1809,0.4905,855.8079,855.6343338,0.17356619999998202,0.0045696
50,52,102,0.0196078431372549,0.0392156862745098,21.830655745813875,0.2140260367236655,505.1029026980361,2,3.0,0.0,3.0,2.0,0.0,-5.1293,0.2123,849.0639,849.0919926,-0.028092600000036327,0.1001028
39,64,103,0.24271844660194175,6.067961165048544,21.973107636570674,0.21333114210262794,303.0335791942956,1,2.0,11.0,3.0,14.0,6.16,-1.9941,4.7163,859.2693,859.2912608,-0.021960799999988012,0.0112064
40,63,103,0.22330097087378642,5.135922330097087,21.973107636570674,0.21333114210262794,319.150527166513,1,2.0,10.0,3.0,13.0,5.6521739130434785,-1.3524,3.7179,867.8893,867.8608711,0.028428899999994428,0.0092185
41,62,103,0.20388349514563106,4.281553398058253,21.973107636570674,0.21333114210262794,335.68797614960675,1,2.0,9.0,3.0,12.0,5.142857142857143,-0.0128,3.0814,873.9291,874.298196,-0.3690960000000132,0.0039346
42,61,103,0.18446601941747573,3.504854368932039,21.973107636570674,0.21333114210262794,352.64602675551697,1,2.0,8.0,3.0,11.0,4.631578947368421,2.2298,3.0874,879.3623,879.4415216,-0.07922159999998257,0.0092185
43,60,103,0.1650485436893204,2.8058252427184467,21.973107636570674,0.21333114210262794,370.0247755865268,1,2.0,7.0,3.0,10.0,4.117647058823529,2.073,2.77,882.4199,882.3087635,0.11113649999992958,0.0098056
44,59,103,0.14563106796116504,2.1844660194174756,21.973107636570674,0.21333114210262794,387.82431548499153,1,2.0,6.0,3.0,9.0,3.6,3.4952,2.0673,884.0045,884.1896568,-0.18515679999995882,0.0004429
45,58,103,0.1262135922330097,1.6407766990291262,21.973107636570674,0.21333114210262794,406.04473576216685,1,2.0,5.0,3.0,8.0,3.076923076923077,2.4494,1.8098,884.1671,884.1718481,-0.004748100000028899,0.0022969
46,57,103,0.10679611650485436,1.174757281553398,21.973107636570674,0.21333114210262794,424.6861224083143,1,2.0,4.0,3.0,7.0,2.5454545454545454,0.7688,1.4561,882.9809,882.8147819,0.16611810000006244,0.0008755
47,56,103,0.08737864077669903,0.7864077669902912,21.973107636570674,0.21333114210262794,443.7485582859898,1,2.0,3.0,3.0,6.0,2.0,-0.3738,0.9332,879.6793,879.378156,0.30114400000002206,0.0040994
48,55,103,0.06796116504854369,0.47572815533980584,21.973107636570674,0.21333114210262794,463.23212330819393,1,2.0,2.0,3.0,5.0,1.4285714285714286,-1.3574,0.6939,874.7334,874.4447341,0.2886658999999554,0.0018128
49,54,103,0.04854368932038835,0.24271844660194175,21.973107636570674,0.21333114210262794,483.13689460285934,1,2.0,1.0,3.0,4.0,0.8,-2.535,0.4778,868.0335,867.6431497,0.3903503000000228,0.0089816
40,64,104,0.23076923076923078,5.538461538461538,22.115099254715485,0.2126451851414951,318.1243125988631,2,2.0,10.0,3.0,14.0,5.833333333333333,-1.7852,4.2702,874.0023,873.8408536,0.1614464000000453,0.0093184
41,63,104,0.21153846153846154,4.653846153846154,22.115099254715485,0.2126451851414951,334.6085861377273,0,2.0,9.0,3.0,13.0,5.318181818181818,-0.238,3.6537,878.8635,879.1518528,-0.2883527999999842,0.0017888
42,62,104,0.19230769230769232,3.8461538461538463,22.115099254715485,0.2126451851414951,351.51210887327727,2,2.0,8.0,3.0,12.0,4.8,2.2812,3.5851,886.6612,886.9022552,-0.24105520000000524,0.0089128
43,61,104,0.17307692307692307,3.1153846153846154,22.115099254715485,0.2126451851414951,368.83497709717597,0,2.0,7.0,3.0,11.0,4.277777777777778,2.2224,3.2333,888.3923,888.275128,0.11717199999998229,0.0248872
44,60,104,0.15384615384615385,2.4615384615384617,22.115099254715485,0.2126451851414951,386.57728335324805,2,2.0,6.0,3.0,10.0,3.75,1.7907,2.7649,892.8072,893.0895792,-0.2823792000000367,0.002496
45,59,104,0.1346153846153846,1.8846153846153846,22.115099254715485,0.2126451851414951,404.73911666557285,0,2.0,5.0,3.0,9.0,3.2142857142857144,2.9494,2.2555,891.2104,891.1708104,0.039589599999999336,0.0022984
46,58,104,0.11538461538461539,1.3846153846153846,22.115099254715485,0.2126451851414951,423.32056274791387,2,2.0,4.0,3.0,8.0,2.6666666666666665,1.2023,1.9125,892.8322,892.824244,0.007955999999921914,0.0013416
47,57,104,0.09615384615384616,0.9615384615384616,22.115099254715485,0.2126451851414951,442.32170419638624,0,2.0,3.0,3.0,7.0,2.1,0.2982,1.3054,887.9776,887.76324,0.21436000000005606,0.0042224
48,56,104,0.07692307692307693,0.6153846153846154,22.115099254715485,0.2126451851414951,461.74262066703363,2,2.0,2.0,3.0,6.0,1.5,-1.0643,0.6331,886.157,885.8328128,0.324187199999983,0.0016744
49,55,104,0.057692307692307696,0.34615384615384615,22.115099254715485,0.2126451851414951,481.58338903978733,0,2.0,1.0,3.0,5.0,0.8333333333333334,-1.6639,0.2681,877.6484,877.264752,0.38364799999999377,0.005772
50,54,104,0.038461538461538464,0.15384615384615385,22.115099254715485,0.2126451851414951,501.84408357010926,2,3.0,0.0,3.0,4.0,0.0,-3.529,0.2418,872.2863,871.9267856,0.35951439999996637,0.0057408
52,52,104,0.0,0.0,22.115099254715485,0.2126451851414951,543.6255358357112,2,3.0,2.0,3.0,2.0,1.0,-3.5285,0.5673,848.1551,848.3618624,-0.20676240000000234,0.3176056
40,65,105,0.23809523809523808,5.9523809523809526,22.25663649191485,0.2119679665896653,317.11117098393925,1,2.0,10.0,3.0,15.0,6.0,-1.484,4.2709,877.4416,877.65279,-0.21118999999998778,0.0121065
41,64,105,0.21904761904761905,5.038095238095238,22.25663649191485,0.2119679665896653,333.54294648083487,1,2.0,9.0,3.0,14.0,5.478260869565218,-0.5858,4.105,885.0997,885.3277125,-0.22801249999997708,0.004032
42,63,105,0.2,4.2,22.25663649191485,0.2119679665896653,350.39263597684936,1,2.0,8.0,3.0,13.0,4.9523809523809526,2.4094,3.9197,891.5251,891.960615,-0.4355150000000094,0.009051
43,62,105,0.18095238095238095,3.4380952380952383,22.25663649191485,0.2119679665896653,367.6603354569822,1,2.0,7.0,3.0,12.0,4.421052631578948,2.2468,3.6595,895.8505,896.133777,-0.2832769999999982,0.035259
44,61,105,0.1619047619047619,2.7523809523809524,22.25663649191485,0.2119679665896653,385.34613717033034,1,2.0,6.0,3.0,11.0,3.8823529411764706,1.9617,3.1907,898.8973,898.999668,-0.10236800000006951,0.002499
45,60,105,0.14285714285714285,2.142857142857143,22.25663649191485,0.2119679665896653,403.4501298574552,1,2.0,5.0,3.0,10.0,3.3333333333333335,1.9395,2.6526,899.9258,900.1340565,-0.20825650000006135,0.002499
46,59,105,0.12380952380952381,1.6095238095238096,22.25663649191485,0.2119679665896653,421.9723989591446,1,2.0,4.0,3.0,9.0,2.769230769230769,1.9176,2.3318,900.0253,899.9183445,0.1069555000000264,0.001134
47,58,105,0.10476190476190476,1.1523809523809523,22.25663649191485,0.2119679665896653,440.91302680846684,1,2.0,3.0,3.0,8.0,2.1818181818181817,0.8824,1.7438,898.0372,897.788934,0.24826599999994414,0.0045465
48,57,105,0.08571428571428572,0.7714285714285715,22.25663649191485,0.2119679665896653,460.27209280778237,1,2.0,2.0,3.0,7.0,1.5555555555555556,-0.4236,0.9923,894.6143,894.269586,0.34471399999995356,0.0013965
49,56,105,0.06666666666666667,0.4666666666666667,22.25663649191485,0.2119679665896653,480.0496735921801,1,2.0,1.0,3.0,6.0,0.8571428571428571,-1.0734,0.1638,889.2494,888.7939725,0.4554275000000416,0.010248
50,55,105,0.047619047619047616,0.23809523809523808,22.25663649191485,0.2119679665896653,500.24584318063825,1,3.0,0.0,3.0,5.0,0.0,-2.7756,0.0949,882.1438,881.709045,0.43475500000010925,0.003969
51,54,105,0.02857142857142857,0.08571428571428572,22.25663649191485,0.2119679665896653,520.8606731160577,1,3.0,1.0,3.0,4.0,0.8,-2.3721,0.3718,871.7247,871.6041915,0.12050850000002811,0.0218295
52,53,105,0.009523809523809525,0.009523809523809525,22.25663649191485,0.2119679665896653,541.8942325951916,1,3.0,2.0,3.0,3.0,1.2,-2.5196,0.6793,859.4373,859.617864,-0.18056400000000394,0.3000165
41,65,106,0.22641509433962265,5.433962264150943,22.397725109111345,0.21129929348218257,332.4907535382378,0,2.0,9.0,3.0,15.0,5.625,-0.2158,4.0884,889.246,889.6861642,-0.44016420000002654,0.0014204
42,64,106,0.20754716981132076,4.566037735849057,22.397725109111345,0.21129929348218257,349.2872890864333,2,2.0,8.0,3.0,14.0,5.090909090909091,2.3311,4.1794,898.3548,898.8291412,-0.4743412000000262,0.0091266
43,63,106,0.18867924528301888,3.7735849056603774,22.397725109111345,0.21129929348218257,366.5005159665019,0,2.0,7.0,3.0,13.0,4.55,2.3776,3.9333,901.3978,901.695042,-0.2972419999999829,0.0122536
44,62,106,0.16981132075471697,3.056603773584906,22.397725109111345,0.21129929348218257,384.1305261365322,2,2.0,6.0,3.0,12.0,4.0,1.3646,3.6351,907.1311,907.4597036,-0.32860360000006494,0.0053954
45,61,106,0.1509433962264151,2.4150943396226414,22.397725109111345,0.21129929348218257,402.17740805714493,0,2.0,5.0,3.0,11.0,3.4375,1.819,3.0537,906.7077,906.7167602,-0.009060199999908036,0.0053848
46,60,106,0.1320754716981132,1.849056603773585,22.397725109111345,0.21129929348218257,420.6412468995969,2,2.0,4.0,3.0,10.0,2.857142857142857,2.2574,2.695,909.4351,909.4793004,-0.044200400000022455,0.0011024
47,59,106,0.11320754716981132,1.3584905660377358,22.397725109111345,0.21129929348218257,439.522124737229,0,2.0,3.0,3.0,9.0,2.25,1.4261,2.1423,905.9125,905.7318082,0.18069179999997687,0.003021
48,58,106,0.09433962264150944,0.9433962264150944,22.397725109111345,0.21129929348218257,458.8201207219192,2,2.0,2.0,3.0,8.0,1.6,0.5224,1.3829,905.3208,905.1392152,0.181584799999996,0.0011024
49,57,106,0.07547169811320754,0.6037735849056604,22.397725109111345,0.21129929348218257,478.5353112470039,0,2.0,1.0,3.0,7.0,0.875,-0.2227,0.3877,898.2303,897.8328578,0.3974422000000004,0.0122218
50,56,106,0.05660377358490566,0.33962264150943394,22.397725109111345,0.21129929348218257,498.66777009796124,2,3.0,0.0,3.0,6.0,0.0,-2.2942,0.0432,894.4293,893.7960598,0.6332402000000457,0.005088
51,55,106,0.03773584905660377,0.1509433962264151,22.397725109111345,0.21129929348218257,519.2175685920034,0,3.0,1.0,3.0,5.0,0.8333333333333334,-1.6888,0.2016,882.1344,882.1333144,0.001085600000010345,0.0074518
52,54,106,0.018867924528301886,0.03773584905660377,22.397725109111345,0.21129929348218257,540.1847757075957,2,3.0,2.0,3.0,4.0,1.3333333333333333,-1.8172,0.7415,873.1894,873.0974292,0.09197080000001279,0.100541
41,66,107,0.2336448598130841,5.841121495327103,22.538370740628164,0.2106389788843754,331.45171315822006,1,2.0,9.0,3.0,16.0,5.76,2.538,4.0579,894.7161,895.2786086,-0.562508600000001,0.008025
42,65,107,0.21495327102803738,4.94392523364486,22.538370740628164,0.2106389788843754,348.19575919056206,1,2.0,8.0,3.0,15.0,5.217391304347826,2.272,4.3204,902.7935,903.317433,-0.5239330000000564,0.0092234
43,64,107,0.19626168224299065,4.121495327102804,22.538370740628164,0.2106389788843754,365.3551943858741,1,2.0,7.0,3.0,14.0,4.666666666666667,2.2363,4.1557,908.3925,908.7400753,-0.3475752999999031,0.0086777
44,63,107,0.17757009345794392,3.3738317757009346,22.538370740628164,0.2106389788843754,382.93011041487387,1,2.0,6.0,3.0,13.0,4.105263157894737,1.6087,3.8583,912.7859,913.0703332,-0.28443320000008043,0.0086777
45,62,107,0.1588785046728972,2.7009345794392523,22.538370740628164,0.2106389788843754,400.92059546174085,1,2.0,5.0,3.0,12.0,3.5294117647058822,1.6004,3.4377,915.0999,915.289128,-0.18922799999995732,0.0120482
46,61,107,0.14018691588785046,2.102803738317757,22.538370740628164,0.2106389788843754,419.32673443156995,1,2.0,4.0,3.0,11.0,2.933333333333333,1.6227,2.8782,916.1574,916.0157222,0.14167780000002494,0.0011984
47,60,107,0.12149532710280374,1.5794392523364487,22.538370740628164,0.2106389788843754,438.1486091412211,1,2.0,3.0,3.0,10.0,2.3076923076923075,1.8022,2.4626,915.5027,915.2674284,0.23527160000003278,0.0023861
48,59,107,0.102803738317757,1.1308411214953271,22.538370740628164,0.2106389788843754,457.3862984952212,1,2.0,2.0,3.0,9.0,1.6363636363636365,0.6367,1.7997,913.3993,913.0687068,0.33059320000006664,0.0016585
49,58,107,0.08411214953271028,0.7570093457943925,22.538370740628164,0.2106389788843754,477.03987864817583,1,2.0,1.0,3.0,8.0,0.8888888888888888,0.052,0.8242,909.2262,908.8626973,0.3635026999999127,0.0096514
50,57,107,0.06542056074766354,0.45794392523364486,22.538370740628164,0.2106389788843754,497.10942315498204,1,3.0,0.0,3.0,7.0,0.0,-1.3343,0.2217,903.5664,903.0259222,0.5404778000000761,0.0053072
51,56,107,0.04672897196261682,0.2336448598130841,22.538370740628164,0.2106389788843754,517.5950031099841,1,3.0,1.0,3.0,6.0,0.8571428571428571,-0.8567,0.1132,894.6011,894.3845808,0.21651919999999336,0.0041516
41,67,108,0.24074074074074073,6.2592592592592595,22.678578898107713,0.20998684164914555,330.42554029612194,0,2.0,9.0,3.0,15.0,5.625,2.1148,4.44,898.7497,899.1713232,-0.4216231999999991,0.0082404
42,66,108,0.2222222222222222,5.333333333333333,22.678578898107713,0.20998684164914555,347.11774684488915,2,2.0,8.0,3.0,16.0,5.333333333333333,2.0375,4.4675,909.168,909.5930748,-0.4250747999999476,0.0092232
43,65,108,0.2037037037037037,4.481481481481482,22.678578898107713,0.20998684164914555,364.2240565138354,0,2.0,7.0,3.0,15.0,4.7727272727272725,2.2076,4.2746,913.5134,913.9842576,-0.47085759999993115,0.0087696
44,64,108,0.18518518518518517,3.7037037037037037,22.678578898107713,0.20998684164914555,381.7445606898665,2,2.0,6.0,3.0,14.0,4.2,1.1328,4.0063,920.4481,920.9404836,-0.4923836000000392,0.0086832
45,63,108,0.16666666666666666,3.0,22.678578898107713,0.20998684164914555,399.6793472841439,0,2.0,5.0,3.0,13.0,3.611111111111111,1.766,3.6067,921.4278,921.5278956,-0.1000955999999178,0.0139968
46,62,108,0.14814814814814814,2.3703703703703702,22.678578898107713,0.20998684164914555,418.0285009388968,2,2.0,4.0,3.0,12.0,3.0,1.5139,3.1631,925.1839,925.2386028,-0.05470279999997274,0.0011124
47,61,108,0.12962962962962962,1.8148148148148149,22.678578898107713,0.20998684164914555,436.7921032176807,0,2.0,3.0,3.0,11.0,2.357142857142857,2.1878,2.4877,922.7703,922.5388296,0.23147040000003472,0.0023868
48,60,108,0.1111111111111111,1.3333333333333333,22.678578898107713,0.20998684164914555,455.9702327807343,2,2.0,2.0,3.0,10.0,1.6666666666666667,1.038,2.097,923.6755,923.4021168,0.27338320000001204,0.0011232
49,59,108,0.09259259259259259,0.9259259259259259,22.678578898107713,0.20998684164914555,475.562965546889,0,2.0,1.0,3.0,9.0,0.9,0.5291,1.1537,917.9066,917.4871728,0.4194271999999728,0.00864
50,58,108,0.07407407407407407,0.5925925925925926,22.678578898107713,0.20998684164914555,495.5703748433162,2,3.0,0.0,3.0,8.0,0.0,-0.8247,0.5116,915.0918,914.6549484,0.4368516000000682,0.0053784
51,57,108,0.05555555555555555,0.3333333333333333,22.678578898107713,0.20998684164914555,515.9925315442525,0,3.0,1.0,3.0,7.0,0.875,-0.0522,0.3751,904.4447,904.2479928,0.19670719999999164,0.0054972
52,56,108,0.037037037037037035,0.14814814814814814,22.678578898107713,0.20998684164914555,536.8295041997148,2,3.0,2.0,3.0,6.0,1.5,-0.987,0.7796,897.1446,896.8019868,0.34261319999995976,0.0054108
54,54,108,0.0,0.0,22.678578898107713,0.20998684164914555,579.748160662521,2,3.0,4.0,3.0,4.0,2.0,-0.2461,0.9231,871.4017,872.0879688,-0.6862687999999935,0.3795012
41,68,109,0.24770642201834864,6.6880733944954125,22.818354974292443,0.20934270618616926,329.41195865116606,1,2.0,9.0,3.0,14.0,5.478260869565218,1.3773,4.8523,904.0368,904.3872463,-0.3504463000000442,0.4308116
42,67,109,0.22935779816513763,5.73394495412844,22.818354974292443,0.20934270618616926,346.05296179066744,1,2.0,8.0,3.0,15.0,5.217391304347826,1.55,4.9053,913.3789,913.5743767,-0.19547669999997197,0.0111834
43,66,109,0.21100917431192662,4.853211009174312,22.818354974292443,0.20934270618616926,363.1067977873975,1,2.0,7.0,3.0,16.0,4.869565217391305,1.9315,4.4361,920.0555,920.4155764,-0.3600763999999117,0.0096683
44,65,109,0.1926605504587156,4.045871559633028,22.818354974292443,0.20934270618616926,380.5735577479321,1,2.0,6.0,3.0,15.0,4.285714285714286,1.6471,4.1075,925.6568,926.088852,-0.43205199999999877,0.0089489
45,64,109,0.1743119266055046,3.311926605504587,22.818354974292443,0.20934270618616926,398.45332931376504,1,2.0,5.0,3.0,14.0,3.6842105263157894,1.8233,3.7125,929.2411,929.5673036,-0.32620359999998527,0.0040439
46,63,109,0.1559633027522936,2.6513761467889907,22.818354974292443,0.20934270618616926,416.7461968674852,1,2.0,4.0,3.0,13.0,3.0588235294117645,1.6242,3.2947,931.632,931.3921925,0.23980749999998352,0.0011118
47,62,109,0.13761467889908258,2.0642201834862384,22.818354974292443,0.20934270618616926,435.45224172245133,1,2.0,3.0,3.0,12.0,2.4,1.9986,2.59,931.8295,931.7227895,0.10671050000007654,0.0012862
48,61,109,0.11926605504587157,1.5504587155963303,22.818354974292443,0.20934270618616926,454.5715422976117,1,2.0,2.0,3.0,11.0,1.6923076923076923,1.6375,2.1022,931.0941,930.7253414,0.3687585999999783,0.0015369
49,60,109,0.10091743119266056,1.110091743119266,22.818354974292443,0.20934270618616926,474.1041742789164,1,2.0,1.0,3.0,10.0,0.9090909090909091,0.7392,1.3953,928.3615,927.9281943,0.43330570000000534,0.0039676
50,59,109,0.08256880733944955,0.7431192660550459,22.818354974292443,0.20934270618616926,494.0502107686053,1,3.0,0.0,3.0,9.0,0.0,-0.3045,0.7647,923.8813,923.2864947,0.5948052999999618,0.0079461
51,58,109,0.06422018348623854,0.44954128440366975,22.818354974292443,0.20934270618616926,514.4097224235082,1,3.0,1.0,3.0,8.0,0.8888888888888888,0.1634,0.7701,916.292,916.1249549,0.16704509999999573,0.0052647
52,57,109,0.045871559633027525,0.22935779816513763,22.818354974292443,0.20934270618616926,535.1827775833643,1,3.0,2.0,3.0,7.0,1.5555555555555556,-0.28,1.0607,907.2054,906.8070245,0.39837550000004285,0.0043818
53,56,109,0.027522935779816515,0.08256880733944955,22.818354974292443,0.20934270618616926,556.3694423900624,1,3.0,3.0,3.0,6.0,2.0,-0.37,1.1395,896.2327,895.9817876,0.2509124000000611,0.0067253
54,55,109,0.009174311926605505,0.009174311926605505,22.818354974292443,0.20934270618616926,577.9697808986024,1,3.0,4.0,3.0,5.0,2.2222222222222223,-0.308,1.1809,883.2555,883.6964739,-0.44097390000001724,0.3001097
41,69,110,0.2545454545454545,7.127272727272727,22.957704246655545,0.2087064022423232,328.41070032094564,0,2.0,9.0,3.0,13.0,5.318181818181818,1.0048,5.0071,907.6066,908.078677,-0.47207700000001296,0.838343
42,68,110,0.23636363636363636,6.1454545454545455,22.957704246655545,0.2087064022423232,345.00112259178377,2,2.0,8.0,3.0,14.0,5.090909090909091,0.7837,5.3774,919.4546,919.52223,-0.0676300000000083,0.024222
43,67,110,0.21818181818181817,5.236363636363636,22.957704246655545,0.2087064022423232,362.00312290099396,0,2.0,7.0,3.0,15.0,4.7727272727272725,1.4448,4.8955,924.9779,925.238633,-0.26073300000007293,0.009493
44,66,110,0.2,4.4,22.957704246655545,0.2087064022423232,379.41679207823074,2,2.0,6.0,3.0,16.0,4.363636363636363,1.3824,4.2502,932.8702,933.494353,-0.6241530000000921,0.008921
45,65,110,0.18181818181818182,3.6363636363636362,22.957704246655545,0.2087064022423232,397.24221749859885,0,2.0,5.0,3.0,15.0,3.75,1.8593,3.8008,935.1161,935.468061,-0.3519610000000739,0.017809
46,64,110,0.16363636363636364,2.9454545454545453,22.957704246655545,0.2087064022423232,415.47948328820337,2,2.0,4.0,3.0,14.0,3.111111111111111,1.6304,3.378,940.1413,940.18793,-0.04663000000005013,0.000616
47,63,110,0.14545454545454545,2.327272727272727,22.957704246655545,0.2087064022423232,434.12867051324855,0,2.0,3.0,3.0,13.0,2.4375,1.9511,2.6554,938.9135,938.531979,0.38152100000002065,0.001287
48,62,110,0.12727272727272726,1.7818181818181817,22.957704246655545,0.2087064022423232,453.18985735432585,2,2.0,2.0,3.0,12.0,1.7142857142857142,2.0006,1.9878,940.6537,940.640305,0.013394999999945867,0.000385
49,61,110,0.10909090909090909,1.309090909090909,22.957704246655545,0.2087064022423232,472.66311926733516,0,2.0,1.0,3.0,11.0,0.9166666666666666,1.2848,1.3654,936.4339,935.979957,0.4539429999999811,0.01155
50,60,110,0.09090909090909091,0.9090909090909091,22.957704246655545,0.2087064022423232,492.5485291323201,2,3.0,0.0,3.0,10.0,0.0,-0.0051,0.9343,934.9477,934.569625,0.37807500000008076,0.013772
51,59,110,0.07272727272727272,0.5818181818181818,22.957704246655545,0.2087064022423232,512.8461573913463,0,3.0,1.0,3.0,9.0,0.9,0.6948,1.0453,925.7279,925.395031,0.33286899999995967,0.005962
52,58,110,0.05454545454545454,0.32727272727272727,22.957704246655545,0.2087064022423232,533.5560721764325,2,3.0,2.0,3.0,8.0,1.6,0.3171,1.3645,919.5856,919.39276,0.19284000000004653,0.006578
53,57,110,0.03636363636363636,0.14545454545454545,22.957704246655545,0.2087064022423232,554.6783394284269,0,3.0,3.0,3.0,7.0,2.1,0.3949,1.4453,906.941,906.848437,0.09256300000004103,0.061941
54,56,110,0.01818181818181818,0.03636363636363636,22.957704246655545,0.2087064022423232,576.2130230076322,2,3.0,4.0,3.0,6.0,2.4,0.0087,1.3978,897.5233,897.520888,0.002411999999935688,0.100991
42,69,111,0.24324324324324326,6.5675675675675675,23.09663188088886,0.2080777646926925,343.96195628928524,1,2.0,8.0,3.0,13.0,4.9523809523809526,0.3703,5.568,923.2017,922.9975452,0.20415479999996933,0.0125763
43,68,111,0.22522522522522523,5.63063063063063,23.09663188088886,0.2080777646926925,360.91274544398186,1,2.0,7.0,3.0,14.0,4.666666666666667,0.6008,5.3804,931.2365,931.3000566,-0.06355659999996988,0.0105783
44,67,111,0.2072072072072072,4.7657657657657655,23.09663188088886,0.2080777646926925,378.273963492724,1,2.0,6.0,3.0,15.0,4.285714285714286,0.9112,4.7183,937.8964,938.2783602,-0.38196019999998043,0.0096792
45,66,111,0.1891891891891892,3.972972972972973,23.09663188088886,0.2080777646926925,396.04569754743693,1,2.0,5.0,3.0,16.0,3.8095238095238093,1.6583,3.931,942.4525,943.0145637,-0.562063700000067,0.0068487
46,65,111,0.17117117117117117,3.2522522522522523,23.09663188088886,0.2080777646926925,414.22803148083204,1,2.0,4.0,3.0,15.0,3.1578947368421053,1.6938,3.4608,946.1137,945.9142278,0.1994721999999456,0.0007326
47,64,111,0.15315315315315314,2.6036036036036037,23.09663188088886,0.2080777646926925,432.82104611493713,1,2.0,3.0,3.0,14.0,2.4705882352941178,1.4555,2.7194,947.5938,947.3614458,0.2323542000000316,0.0014541
48,63,111,0.13513513513513514,2.027027027027027,23.09663188088886,0.2080777646926925,451.8248193948582,1,2.0,2.0,3.0,13.0,1.7333333333333334,1.4282,1.9009,947.7531,947.6158911,0.13720890000001873,0.0003552
49,62,111,0.11711711711711711,1.5225225225225225,23.09663188088886,0.2080777646926925,471.23942654921717,1,2.0,1.0,3.0,12.0,0.9230769230769231,1.6148,1.2291,946.184,945.9733464,0.21065360000000055,0.0034188
50,61,111,0.0990990990990991,1.09009009009009,23.09663188088886,0.2080777646926925,491.06494023853793,1,3.0,0.0,3.0,11.0,0.0,0.5165,0.8842,943.1659,942.737541,0.4283590000000004,0.0053391
51,60,111,0.08108108108108109,0.7297297297297297,23.09663188088886,0.2080777646926925,511.30143069271026,1,3.0,1.0,3.0,10.0,0.9090909090909091,0.9913,1.2229,936.9983,936.8533533,0.14494669999999132,0.0088467
52,59,111,0.06306306306306306,0.44144144144144143,23.09663188088886,0.2080777646926925,531.9489658385343,1,3.0,2.0,3.0,9.0,1.6363636363636365,0.9972,1.5793,929.1227,928.8217485,0.3009514999999965,0.0064269
53,58,111,0.04504504504504504,0.22522522522522523,23.09663188088886,0.2080777646926925,553.0076114182405,1,3.0,3.0,3.0,8.0,2.1818181818181817,0.921,1.7642,919.5644,919.4057073,0.1586926999999605,0.0047508
43,69,112,0.23214285714285715,6.035714285714286,23.235142934254814,0.2074566333415609,359.8353875554572,0,2.0,7.0,3.0,13.0,4.55,0.2331,5.5973,935.7069,935.6056304,0.10126960000002327,0.0055104
44,68,112,0.21428571428571427,5.142857142857143,23.235142934254814,0.2074566333415609,377.1447807643861,2,2.0,6.0,3.0,14.0,4.2,0.2857,5.2188,944.8647,945.1952272,-0.3305272000000059,0.0095984
45,67,112,0.19642857142857142,4.321428571428571,23.235142934254814,0.2074566333415609,394.8634645510818,0,2.0,5.0,3.0,15.0,3.75,1.4948,4.2536,947.9843,948.5130592,-0.5287592000000814,0.0440832
46,66,112,0.17857142857142858,3.5714285714285716,23.235142934254814,0.2074566333415609,412.99152253788816,2,2.0,4.0,3.0,16.0,3.2,1.8224,3.5865,954.1088,954.320696,-0.2118960000000243,0.0065408
47,65,112,0.16071428571428573,2.892857142857143,23.235142934254814,0.2074566333415609,431.5290353055716,0,2.0,3.0,3.0,15.0,2.5,1.6632,2.8095,954.2378,953.8010384,0.43676159999995434,0.0024192
48,64,112,0.14285714285714285,2.2857142857142856,23.235142934254814,0.2074566333415609,450.47608056656475,2,2.0,2.0,3.0,14.0,1.75,1.2674,1.8727,957.0431,957.0098272,0.033272799999963354,0.0002464
49,63,112,0.125,1.75,23.235142934254814,0.2074566333415609,469.8327333249253,0,2.0,1.0,3.0,13.0,0.9285714285714286,1.8971,0.9816,953.8067,953.6427488,0.16395119999992858,0.004256
50,62,112,0.10714285714285714,1.2857142857142858,23.235142934254814,0.2074566333415609,489.5990660242786,2,3.0,0.0,3.0,12.0,0.0,0.831,0.7172,953.5741,953.5253168,0.04878320000000258,0.0002912
51,61,112,0.08928571428571429,0.8928571428571429,23.235142934254814,0.2074566333415609,509.7751486848718,0,3.0,1.0,3.0,11.0,0.9166666666666666,1.5645,1.1394,945.8138,945.686896,0.1269039999999677,0.0178304
52,60,112,0.07142857142857142,0.5714285714285714,23.235142934254814,0.2074566333415609,530.3610490307373,2,3.0,2.0,3.0,10.0,1.6666666666666667,1.5019,1.7144,940.9748,940.8731024,0.10169759999996586,0.0083888
53,59,112,0.05357142857142857,0.32142857142857145,23.235142934254814,0.2074566333415609,551.3568326078587,0,3.0,3.0,3.0,9.0,2.25,1.6355,1.928,929.6516,929.5865712,0.06502880000005007,0.010248
54,58,112,0.03571428571428571,0.14285714285714285,23.235142934254814,0.2074566333415609,572.7625628941323,2,3.0,4.0,3.0,8.0,2.6666666666666665,1.3324,2.0609,921.7428,921.7672352,-0.02443519999997079,0.008288
43,70,113,0.23893805309734514,6.451327433628318,23.373242358808824,0.2068428527328215,358.7707795954113,1,2.0,7.0,3.0,12.0,4.421052631578948,-0.268,5.676,941.3595,941.2295676,0.1299324000000297,0.0033561
44,69,113,0.22123893805309736,5.530973451327434,23.373242358808824,0.2068428527328215,376.02896128254133,1,2.0,6.0,3.0,13.0,4.105263157894737,-0.0192,5.4377,949.444,949.5034841,-0.05948410000007698,0.0382844
45,68,113,0.20353982300884957,4.68141592920354,23.373242358808824,0.2068428527328215,393.69522262149223,1,2.0,5.0,3.0,14.0,3.6842105263157894,0.3752,4.7049,955.0507,955.6202645,-0.5695644999999558,0.0071303
46,67,113,0.18584070796460178,3.9026548672566372,23.373242358808824,0.2068428527328215,411.76964698720303,1,2.0,4.0,3.0,15.0,3.1578947368421053,1.563,3.9025,959.7238,959.6614835,0.0623164999999517,0.0069495
47,66,113,0.168141592920354,3.1946902654867255,23.373242358808824,0.2068428527328215,430.25231472203404,1,2.0,3.0,3.0,16.0,2.526315789473684,1.5519,2.9605,962.3939,962.315458,0.07844199999999546,0.0166449
48,65,113,0.1504424778761062,2.5575221238938055,23.373242358808824,0.2068428527328215,449.1433033084983,1,2.0,2.0,3.0,15.0,1.7647058823529411,1.131,1.9851,963.7965,963.5495762,0.24692379999999048,0.0002486
49,64,113,0.13274336283185842,1.991150442477876,23.373242358808824,0.2068428527328215,468.4426875287464,1,2.0,1.0,3.0,14.0,0.9333333333333333,1.9547,0.7496,963.0828,963.0910561,-0.008256099999925937,0.0001921
50,63,113,0.11504424778761062,1.4955752212389382,23.373242358808824,0.2068428527328215,488.1505396120724,1,3.0,0.0,3.0,13.0,0.0,1.1465,0.4091,961.2914,961.2697221,0.02167789999998604,0.0015707
51,62,113,0.09734513274336283,1.0707964601769913,23.373242358808824,0.2068428527328215,508.26692937156184,1,3.0,1.0,3.0,12.0,0.9230769230769231,1.9242,0.9579,956.3779,956.5762106,-0.19831060000001344,0.0171873
52,61,113,0.07964601769911504,0.7168141592920354,23.373242358808824,0.2068428527328215,528.7919243308787,1,3.0,2.0,3.0,11.0,1.6923076923076923,2.1871,1.6021,949.9082,949.7239358,0.18426419999991595,0.0279449
53,60,113,0.061946902654867256,0.4336283185840708,23.373242358808824,0.2068428527328215,549.7255898420826,1,3.0,3.0,3.0,10.0,2.3076923076923075,2.0924,2.011,941.6573,941.7140664,-0.05676640000001498,0.0080117
54,59,113,0.04424778761061947,0.22123893805309736,23.373242358808824,0.2068428527328215,571.0679891952644,1,3.0,4.0,3.0,9.0,2.769230769230769,2.0864,2.2088,931.9917,932.0158301,-0.024130099999979393,0.0068365
55,58,113,0.02654867256637168,0.07964601769911504,23.373242358808824,0.2068428527328215,592.8191837207133,1,3.0,5.0,3.0,8.0,3.076923076923077,1.6102,2.3424,920.7638,920.794399,-0.030599000000052,0.0085767
43,71,114,0.24561403508771928,6.87719298245614,23.510935004498354,0.20623627196928387,357.71865983131636,0,2.0,7.0,3.0,11.0,4.277777777777778,-0.3811,5.5303,945.1812,945.0896286,0.09157140000002073,0.433143
44,70,114,0.22807017543859648,5.9298245614035086,23.510935004498354,0.20623627196928387,374.9262307243738,2,2.0,6.0,3.0,12.0,4.0,-0.5579,5.5134,955.8063,955.9282014,-0.12190140000006977,0.0035568
45,69,114,0.21052631578947367,5.052631578947368,23.510935004498354,0.20623627196928387,392.5406845478594,0,2.0,5.0,3.0,13.0,3.611111111111111,0.0628,4.9158,960.2847,960.6349194,-0.3502193999999008,0.0715578
46,68,114,0.19298245614035087,4.245614035087719,23.510935004498354,0.20623627196928387,410.56210443220965,2,2.0,4.0,3.0,14.0,3.111111111111111,1.113,4.2564,967.3561,967.6326384,-0.2765384000000495,0.006954
47,67,114,0.17543859649122806,3.508771929824561,23.510935004498354,0.20623627196928387,428.9905704841752,0,2.0,3.0,3.0,15.0,2.5,1.2731,3.2972,968.6644,968.2907604,0.3736396000000468,0.00456
48,66,114,0.15789473684210525,2.8421052631578947,23.510935004498354,0.20623627196928387,447.8261599590464,2,2.0,2.0,3.0,16.0,1.7777777777777777,1.0366,2.1777,972.6314,972.592539,0.03886099999999715,0.0002736
49,65,114,0.14035087719298245,2.245614035087719,23.510935004498354,0.20623627196928387,467.0689474196703,0,2.0,1.0,3.0,15.0,0.9375,2.0198,0.6981,970.3074,970.3650588,-0.05765880000001289,0.0003078
50,64,114,0.12280701754385964,1.719298245614035,23.510935004498354,0.20623627196928387,486.7190048835234,2,3.0,0.0,3.0,14.0,0.0,1.1546,0.1803,971.2465,971.5726494,-0.32614940000007664,4.56e-05
51,63,114,0.10526315789473684,1.263157894736842,23.510935004498354,0.20623627196928387,506.7764019589595,0,3.0,1.0,3.0,13.0,0.9285714285714286,2.2828,0.6151,964.6969,964.7271774,-0.03027739999993173,0.0197676
52,62,114,0.08771929824561403,0.8771929824561403,23.510935004498354,0.20623627196928387,527.2412059716253,2,3.0,2.0,3.0,12.0,1.7142857142857142,1.4699,1.545,961.2321,961.337889,-0.10578900000007252,0.0244302
53,61,114,0.07017543859649122,0.5614035087719298,23.510935004498354,0.20623627196928387,548.1134820819306,0,3.0,3.0,3.0,11.0,2.357142857142857,1.3037,2.1091,951.4055,951.304806,0.10069399999997586,0.0200298
54,60,114,0.05263157894736842,0.3157894736842105,23.510935004498354,0.20623627196928387,569.3932933943638,2,3.0,4.0,3.0,10.0,2.857142857142857,1.6168,2.3731,944.6817,944.9694156,-0.28771560000006957,0.0111834
55,59,114,0.03508771929824561,0.14035087719298245,23.510935004498354,0.20623627196928387,591.0807010593591,0,3.0,5.0,3.0,9.0,3.2142857142857144,2.3191,2.4664,931.578,931.7871054,-0.20910539999999855,0.0850668
56,58,114,0.017543859649122806,0.03508771929824561,23.510935004498354,0.20623627196928387,613.1757643683485,2,3.0,6.0,3.0,8.0,3.4285714285714284,1.7064,2.6526,921.9381,922.224261,-0.2861609999999928,0.1026798
44,71,115,0.23478260869565218,6.339130434782609,23.648225622144295,0.20563674454038525,373.83632274171634,1,2.0,6.0,3.0,11.0,3.8823529411764706,-0.6824,5.3748,959.7704,959.88361,-0.11320999999998094,0.025162
45,70,115,0.21739130434782608,5.434782608695652,23.648225622144295,0.20563674454038525,391.39957146868136,1,2.0,5.0,3.0,12.0,3.5294117647058822,0.6005,4.9865,966.7893,967.225187,-0.4358869999999797,0.007314
46,69,115,0.2,4.6,23.648225622144295,0.20563674454038525,409.3686032089616,1,2.0,4.0,3.0,13.0,3.0588235294117645,0.8261,4.5048,972.7137,972.639433,0.07426699999996345,0.013547
47,68,115,0.1826086956521739,3.8347826086956522,23.648225622144295,0.20563674454038525,427.7434978364382,1,2.0,3.0,3.0,14.0,2.4705882352941178,0.818,3.6505,976.4277,976.4138595,0.0138405000000148,0.0182735
48,67,115,0.16521739130434782,3.139130434782609,23.648225622144295,0.20563674454038525,446.5243323818209,1,2.0,2.0,3.0,15.0,1.7647058823529411,0.962,2.5261,979.0006,978.733398,0.2672019999999975,0.0006555
49,66,115,0.14782608695652175,2.5130434782608697,23.648225622144295,0.20563674454038525,465.7111811912029,1,2.0,1.0,3.0,16.0,0.9411764705882353,1.4913,0.923,979.2965,979.402928,-0.10642799999993713,3.45e-05
50,65,115,0.13043478260869565,1.9565217391304348,23.648225622144295,0.20563674454038525,485.3041160727065,1,3.0,0.0,3.0,15.0,0.0,0.9886,0.2932,978.7353,979.118073,-0.3827729999999292,3.45e-05
51,64,115,0.11304347826086956,1.4695652173913043,23.648225622144295,0.20563674454038525,505.3032064323346,1,3.0,1.0,3.0,14.0,0.9333333333333333,2.1977,0.4866,974.9113,975.305294,-0.3939940000000206,0.016031
52,63,115,0.09565217391304348,1.0521739130434782,23.648225622144295,0.20563674454038525,525.7085194000184,1,3.0,2.0,3.0,13.0,1.7333333333333334,0.9685,1.498,969.9693,969.582296,0.3870039999999335,0.027945
53,62,115,0.0782608695652174,0.7043478260869566,23.648225622144295,0.20563674454038525,546.5201199467471,1,3.0,3.0,3.0,12.0,2.4,1.0876,2.2294,963.0989,963.0749865,0.023913499999935084,0.0288765
54,61,115,0.06086956521739131,0.4260869565217391,23.648225622144295,0.20563674454038525,567.7380709935647,1,3.0,4.0,3.0,11.0,2.933333333333333,1.5347,2.5523,954.6674,954.611596,0.05580400000008012,0.0121095
44,72,116,0.2413793103448276,6.758620689655173,23.785118866310174,0.20504412815784637,372.75897866228155,2,2.0,6.0,3.0,10.0,3.75,-0.8871,5.1474,965.4995,965.918544,-0.4190439999999853,0.0037236
45,71,116,0.22413793103448276,5.827586206896552,23.785118866310174,0.20504412815784637,390.271612558957,0,2.0,5.0,3.0,11.0,3.4375,0.3354,5.0438,971.6407,971.8030268,-0.1623267999999598,0.073834
46,70,116,0.20689655172413793,4.9655172413793105,23.785118866310174,0.20504412815784637,408.1888600589671,2,2.0,4.0,3.0,12.0,3.0,0.324,4.7344,980.0475,980.115958,-0.06845799999996416,0.007134
47,69,116,0.1896551724137931,4.172413793103448,23.785118866310174,0.20504412815784637,426.51080080600764,0,2.0,3.0,3.0,13.0,2.4375,0.4905,3.9221,982.4496,982.0452468,0.4043532000000596,0.0032596
48,68,116,0.1724137931034483,3.4482758620689653,23.785118866310174,0.20504412815784637,445.2375116087964,2,2.0,2.0,3.0,14.0,1.75,0.6481,2.9159,987.4479,987.4327276,0.0151723999999831,0.0001624
49,67,116,0.15517241379310345,2.793103448275862,23.785118866310174,0.20504412815784637,464.36906659917173,0,2.0,1.0,3.0,15.0,0.9375,0.944,1.2551,986.2775,986.1876532,0.08984680000003209,0.0002204
50,66,116,0.13793103448275862,2.206896551724138,23.785118866310174,0.20504412815784637,483.905537378315,2,3.0,0.0,3.0,16.0,0.0,0.4231,0.5994,988.4371,988.6815256,-0.24442559999999958,0.0001044
51,65,116,0.1206896551724138,1.6896551724137931,23.785118866310174,0.20504412815784637,503.84699315221036,0,3.0,1.0,3.0,15.0,0.9375,1.7375,0.7209,983.1096,983.1952128,-0.08561280000003535,0.0051504
52,64,116,0.10344827586206896,1.2413793103448276,23.785118866310174,0.20504412815784637,524.1935008573302,2,3.0,2.0,3.0,14.0,1.75,0.991,1.4413,980.8807,980.854646,0.026054000000044653,0.0242092
53,63,116,0.08620689655172414,0.8620689655172413,23.785118866310174,0.20504412815784637,544.9451252774265,0,3.0,3.0,3.0,13.0,2.4375,1.3892,2.1653,972.4315,972.2291528,0.20234720000007655,0.0750404
54,62,116,0.06896551724137931,0.5517241379310345,23.785118866310174,0.20504412815784637,566.1019291522134,2,3.0,4.0,3.0,12.0,3.0,1.3463,2.7226,967.0193,967.073034,-0.05373399999996309,0.0130152
44,73,117,0.24786324786324787,7.188034188034188,23.92161929806432,0.2044582845988404,371.6939472045514,1,2.0,6.0,3.0,9.0,3.6,-0.7447,4.7025,969.0387,969.4108125,-0.3721125000000711,0.4331457
45,72,117,0.23076923076923078,6.230769230769231,23.92161929806432,0.2044582845988404,389.1565447316816,1,2.0,5.0,3.0,10.0,3.3333333333333335,-0.1103,4.991,977.726,978.0353622,-0.3093622000000096,0.008892
46,71,117,0.21367521367521367,5.3418803418803416,23.92161929806432,0.2044582845988404,407.0225998169793,1,2.0,4.0,3.0,11.0,2.933333333333333,0.0485,4.8225,985.0318,984.7801431,0.25165689999994356,0.007254
47,70,117,0.19658119658119658,4.521367521367521,23.92161929806432,0.2044582845988404,425.2921918765857,1,2.0,3.0,3.0,12.0,2.4,-0.0085,4.1856,989.9431,989.7558255,0.18727449999994406,0.013572
48,69,117,0.1794871794871795,3.769230769230769,23.92161929806432,0.2044582845988404,443.9653974997639,1,2.0,2.0,3.0,13.0,1.7333333333333334,0.1657,3.215,993.5756,993.209958,0.3656419999999798,0.0010179
49,68,117,0.1623931623931624,3.0854700854700856,23.92161929806432,0.2044582845988404,463.0422906065458,1,2.0,1.0,3.0,14.0,0.9333333333333333,0.8994,1.6644,994.8758,994.9522401,-0.07644010000001344,0.0048789
50,67,117,0.1452991452991453,2.47008547008547,23.92161929806432,0.2044582845988404,482.52294259353687,1,3.0,0.0,3.0,15.0,0.0,0.3036,0.905,995.4902,995.624604,-0.13440400000001773,0.0004797
51,66,117,0.1282051282051282,1.9230769230769231,23.92161929806432,0.2044582845988404,502.4074224689889,1,3.0,1.0,3.0,16.0,0.9411764705882353,1.3476,1.0815,992.9759,993.0840777,-0.10817769999994198,0.0084357
52,65,117,0.1111111111111111,1.4444444444444444,23.92161929806432,0.2044582845988404,522.6957969781259,1,3.0,2.0,3.0,15.0,1.7647058823529411,1.1355,1.5539,989.0388,988.7576751,0.2811249000000089,0.013455
53,64,117,0.09401709401709402,1.0341880341880343,23.92161929806432,0.2044582845988404,543.3881307196027,1,3.0,3.0,3.0,14.0,2.4705882352941178,1.4186,2.1177,983.5111,983.3183919,0.19270810000000438,0.0255528
54,63,117,0.07692307692307693,0.6923076923076923,23.92161929806432,0.2044582845988404,564.4844862538761,1,3.0,4.0,3.0,13.0,3.0588235294117645,1.6443,2.6653,976.4992,976.2828192,0.21638080000002446,0.0103779
55,62,117,0.05982905982905983,0.4188034188034188,23.92161929806432,0.2044582845988404,585.9849242041948,1,3.0,5.0,3.0,12.0,3.5294117647058822,1.6238,3.0681,967.7106,967.8082284,-0.09762839999996231,0.0624078
56,61,117,0.042735042735042736,0.21367521367521367,23.92161929806432,0.2044582845988404,607.889503350833,1,3.0,6.0,3.0,11.0,3.8823529411764706,0.308,3.3845,957.52,957.9906882,-0.4706882000000405,0.2503332
45,73,118,0.23728813559322035,6.6440677966101696,24.057731387639894,0.20387907955627035,388.0541123528715,0,2.0,5.0,3.0,9.0,3.2142857142857144,0.2789,4.5297,981.9501,982.0967602,-0.1466601999999284,0.0242372
46,72,118,0.22033898305084745,5.728813559322034,24.057731387639894,0.20387907955627035,405.86955511293854,2,2.0,4.0,3.0,10.0,2.857142857142857,-0.4074,4.813,991.8589,991.8159246,0.04297539999993205,0.0024898
47,71,118,0.2033898305084746,4.88135593220339,24.057731387639894,0.20387907955627035,424.08739167695626,0,2.0,3.0,3.0,11.0,2.357142857142857,-0.3425,4.3109,995.6173,995.19902,0.41827999999998156,0.0025134
48,70,118,0.1864406779661017,4.101694915254237,24.057731387639894,0.20387907955627035,442.70769841721994,2,2.0,2.0,3.0,12.0,1.7142857142857142,-0.593,3.4969,1001.7378,1001.56453,0.17327000000000226,0.020001
49,69,118,0.1694915254237288,3.389830508474576,24.057731387639894,0.20387907955627035,461.7305490443552,0,2.0,1.0,3.0,13.0,0.9285714285714286,0.466,1.9459,1001.6092,1001.308706,0.30049399999995785,0.0077526
50,68,118,0.15254237288135594,2.7457627118644066,24.057731387639894,0.20387907955627035,481.1560147527097,2,3.0,0.0,3.0,14.0,0.0,-0.0418,1.1644,1004.5742,1004.9510238,-0.37682380000001103,0.0004956
51,67,118,0.13559322033898305,2.169491525423729,24.057731387639894,0.20387907955627035,500.9841643550434,0,3.0,1.0,3.0,15.0,0.9375,1.1723,1.4376,1000.6632,1000.5120408,0.1511591999999382,0.0030208
52,66,118,0.11864406779661017,1.6610169491525424,24.057731387639894,0.20387907955627035,521.2150644074997,2,3.0,2.0,3.0,16.0,1.7777777777777777,0.9737,1.7823,999.3589,999.424246,-0.0653460000000905,0.0183018
53,65,118,0.1016949152542373,1.2203389830508475,24.057731387639894,0.20387907955627035,541.8487793257326,0,3.0,3.0,3.0,15.0,2.5,1.5017,2.2866,992.3041,991.9221954,0.3819045999999844,0.019765
54,64,118,0.0847457627118644,0.847457627118644,24.057731387639894,0.20387907955627035,562.8853714929736,2,3.0,4.0,3.0,14.0,3.111111111111111,1.6966,2.6285,988.1978,988.2478642,-0.0500641999999516,0.010384
55,63,118,0.06779661016949153,0.5423728813559322,24.057731387639894,0.20387907955627035,584.3249013607331,0,3.0,5.0,3.0,13.0,3.611111111111111,1.9194,3.0353,977.8056,977.7958254,0.009774600000014289,0.0127558
45,74,119,0.24369747899159663,7.067226890756302,24.193459516997326,0.2033063824957759,386.96406696939744,1,2.0,5.0,3.0,8.0,3.076923076923077,0.165,4.0901,987.5188,988.1040407,-0.5852406999999857,0.0093177
46,73,119,0.226890756302521,6.126050420168068,24.193459516997326,0.2033063824957759,404.7294660873099,1,2.0,4.0,3.0,9.0,2.769230769230769,-0.3438,4.4416,996.2952,995.9061686,0.3890314000000217,0.0082467
47,72,119,0.21008403361344538,5.2521008403361344,24.193459516997326,0.2033063824957759,422.89612868354493,1,2.0,3.0,3.0,10.0,2.3076923076923075,-0.8629,4.3425,1002.6296,1002.3622994,0.26730059999999867,0.0147084
48,71,119,0.19327731092436976,4.445378151260504,24.193459516997326,0.2033063824957759,441.4641309158676,1,2.0,2.0,3.0,11.0,1.6923076923076923,-1.0213,3.6526,1007.521,1006.9111339,0.6098660999999765,0.0376992
49,70,119,0.17647058823529413,3.7058823529411766,24.193459516997326,0.2033063824957759,460.4335462878502,1,2.0,1.0,3.0,12.0,0.9230769230769231,-0.2197,2.1698,1009.8392,1009.8505053,-0.011305300000003626,0.0073066
50,69,119,0.15966386554621848,3.033613445378151,24.193459516997326,0.2033063824957759,479.80444579385517,1,3.0,0.0,3.0,13.0,0.0,0.0194,1.2267,1011.1645,1011.4344786,-0.2699786000000586,0.0007259
51,68,119,0.14285714285714285,2.4285714285714284,24.193459516997326,0.2033063824957759,499.5768980533472,1,3.0,1.0,3.0,14.0,0.9333333333333333,0.7989,1.7293,1009.894,1010.0626942,-0.16869420000000446,0.0069972
52,67,119,0.12605042016806722,1.8907563025210083,24.193459516997326,0.2033063824957759,519.7509694355131,1,3.0,2.0,3.0,15.0,1.7647058823529411,1.7177,2.174,1007.1569,1006.9873415,0.16955849999999373,0.0072828
53,66,119,0.1092436974789916,1.4201680672268908,24.193459516997326,0.2033063824957759,540.3267241750632,1,3.0,3.0,3.0,16.0,2.526315789473684,1.3646,2.5895,1002.8188,1002.8001956,0.018604399999958332,0.0217056
54,65,119,0.09243697478991597,1.0168067226890756,24.193459516997326,0.2033063824957759,561.3042244799944,1,3.0,4.0,3.0,15.0,3.1578947368421053,1.6908,2.8715,997.1577,997.034598,0.12310200000001714,0.0103768
55,64,119,0.07563025210084033,0.680672268907563,24.193459516997326,0.2033063824957759,582.6835306320083,1,3.0,5.0,3.0,14.0,3.6842105263157894,1.946,3.0383,989.7219,989.7628293,-0.040929300000016156,0.0139349
56,63,119,0.058823529411764705,0.4117647058823529,24.193459516997326,0.2033063824957759,604.4647010802156,1,3.0,6.0,3.0,13.0,4.105263157894737,1.9066,3.4142,980.8262,981.2655153,-0.43931529999997565,0.2002651
46,74,120,0.23333333333333334,6.533333333333333,24.328807982293597,0.20274006651911336,403.60208011910936,2,2.0,4.0,3.0,8.0,2.6666666666666665,-0.5839,4.0726,1002.643,1002.849804,-0.20680399999992005,0.002292
47,73,120,0.21666666666666667,5.633333333333334,24.328807982293597,0.20274006651911336,421.7181389362372,0,2.0,3.0,3.0,9.0,2.25,-0.8702,4.0345,1007.7957,1007.439372,0.35632799999996223,0.004476
48,72,120,0.2,4.8,24.328807982293597,0.20274006651911336,440.234419445957,2,2.0,2.0,3.0,10.0,1.6666666666666667,-1.5621,3.7162,1015.2278,1014.96288,0.26491999999996096,0.003732
49,71,120,0.18333333333333332,4.033333333333333,24.328807982293597,0.20274006651911336,459.1509949470942,0,2.0,1.0,3.0,11.0,0.9166666666666666,-0.6285,2.3122,1016.2406,1015.9509,0.28969999999992524,0.040008
50,70,120,0.16666666666666666,3.3333333333333335,24.328807982293597,0.20274006651911336,478.4679362362547,2,3.0,0.0,3.0,12.0,0.0,-0.2069,1.2916,1019.8696,1020.53856,-0.66895999999997,0.000924
51,69,120,0.15,2.7,24.328807982293597,0.20274006651911336,498.1853117417615,0,3.0,1.0,3.0,13.0,0.9285714285714286,0.695,1.7909,1017.0754,1017.0756,-0.00020000000006348273,0.0072
52,68,120,0.13333333333333333,2.1333333333333333,24.328807982293597,0.20274006651911336,518.303187647928,2,3.0,2.0,3.0,14.0,1.75,1.1416,2.5823,1017.1046,1017.238284,-0.13368400000001657,0.001752
53,67,120,0.11666666666666667,1.6333333333333333,24.328807982293597,0.20274006651911336,538.8216280105371,0,3.0,3.0,3.0,15.0,2.5,1.301,3.0023,1011.2184,1010.84094,0.3774599999999282,0.015096
54,66,120,0.1,1.2,24.328807982293597,0.20274006651911336,559.7406948643031,2,3.0,4.0,3.0,16.0,3.2,1.4814,3.2499,1008.325,1008.483864,-0.15886399999999412,0.01182
55,65,120,0.08333333333333333,0.8333333333333334,24.328807982293597,0.20274006651911336,581.0604483230114,0,3.0,5.0,3.0,15.0,3.75,1.8062,3.3683,999.3377,999.417732,-0.08003199999996014,0.009972
56,64,120,0.06666666666666667,0.5333333333333333,24.328807982293597,0.20274006651911336,602.7809466729609,2,3.0,6.0,3.0,14.0,4.2,1.878,3.462,993.3869,993.635388,-0.24848800000006577,0.300168
45,76,121,0.256198347107438,7.9421487603305785,24.463780996262468,0.20218000823357415,384.82017773148675,1,2.0,5.0,3.0,6.0,2.727272727272727,-0.7175,3.1873,997.082,997.6740037,-0.5920036999999638,0.6194474
46,75,121,0.2396694214876033,6.950413223140496,24.463780996262468,0.20218000823357415,402.48715156595017,1,2.0,4.0,3.0,7.0,2.5454545454545454,-0.9165,3.6413,1006.9424,1006.8238664,0.11853359999997792,0.0033517
47,74,121,0.2231404958677686,6.024793388429752,24.463780996262468,0.20218000823357415,420.553165766757,1,2.0,3.0,3.0,8.0,2.1818181818181817,-1.1762,3.723,1014.3598,1014.2620026,0.09779739999999038,0.0121121
48,73,121,0.2066115702479339,5.1652892561983474,24.463780996262468,0.20218000823357415,439.0182960697372,1,2.0,2.0,3.0,9.0,1.6363636363636365,-1.6508,3.4753,1020.5519,1020.1506612,0.40123880000010104,0.0019481
49,72,121,0.19008264462809918,4.371900826446281,24.463780996262468,0.20218000823357415,457.8826155712324,1,2.0,1.0,3.0,10.0,0.9090909090909091,-1.1732,2.399,1024.0922,1024.1290807,-0.036880699999983335,0.0274186
50,71,121,0.17355371900826447,3.644628099173554,24.463780996262468,0.20218000823357415,477.1461948722767,1,3.0,0.0,3.0,11.0,0.0,-0.5103,1.3955,1026.3088,1026.7087644,-0.3999644000000444,0.0009801
51,70,121,0.15702479338842976,2.9834710743801653,24.463780996262468,0.20218000823357415,496.8091022121636,1,3.0,1.0,3.0,12.0,0.9230769230769231,0.2753,2.0078,1026.0186,1026.3289454,-0.31034539999996014,0.0025047
52,69,121,0.14049586776859505,2.3884297520661155,24.463780996262468,0.20218000823357415,516.871403592376,1,3.0,2.0,3.0,13.0,1.7333333333333334,0.7773,2.9312,1024.6357,1024.4905561,0.14514389999999366,0.0258335
53,68,121,0.12396694214876033,1.859504132231405,24.463780996262468,0.20218000823357415,537.3331628917464,1,3.0,3.0,3.0,14.0,2.4705882352941178,1.044,3.4236,1021.2979,1021.4107431,-0.11284309999996367,0.004719
54,67,121,0.10743801652892562,1.396694214876033,24.463780996262468,0.20218000823357415,558.1944419736212,1,3.0,4.0,3.0,15.0,3.1578947368421053,1.3853,3.713,1016.8622,1016.8637446,-0.0015445999999883497,0.0102487
55,66,121,0.09090909090909091,1.0,24.463780996262468,0.20218000823357415,579.4553007857251,1,3.0,5.0,3.0,16.0,3.8095238095238093,1.5572,3.8298,1010.7202,1010.7027392,0.017460799999980736,0.0142901
56,65,121,0.0743801652892562,0.6694214876033058,24.463780996262468,0.20218000823357415,601.115797453344,1,3.0,6.0,3.0,15.0,4.285714285714286,1.6795,3.8784,1003.2067,1003.5629043,-0.35620430000005854,0.1418967
46,76,122,0.2459016393442623,7.377049180327869,24.598382690509563,0.2016260876271276,401.3844415154847,2,2.0,4.0,3.0,6.0,2.4,-1.5272,3.2028,1013.075,1013.329011,-0.2540109999999913,0.0195566
47,75,122,0.22950819672131148,6.426229508196721,24.598382690509563,0.2016260876271276,419.40095953895127,0,2.0,3.0,3.0,7.0,2.1,-1.4996,3.2994,1019.3446,1019.0366102,0.307989799999973,0.038186
48,74,122,0.21311475409836064,5.540983606557377,24.598382690509563,0.2016260876271276,437.8155001903388,2,2.0,2.0,3.0,8.0,1.6,-2.0307,3.233,1027.856,1027.7605374,0.09546260000001894,0.0022936
49,73,122,0.19672131147540983,4.721311475409836,24.598382690509563,0.2016260876271276,456.62813636572406,0,2.0,1.0,3.0,9.0,0.9,-1.4721,2.2657,1030.1576,1029.9371638,0.22043619999999464,0.0500566
50,72,122,0.18032786885245902,3.9672131147540983,24.598382690509563,0.2016260876271276,475.8389384727124,2,3.0,0.0,3.0,10.0,0.0,-1.0791,1.5587,1034.8766,1035.5234096,-0.6468095999998695,0.0024522
51,71,122,0.16393442622950818,3.278688524590164,24.598382690509563,0.2016260876271276,495.44797456363966,0,3.0,1.0,3.0,11.0,0.9166666666666666,-0.1249,2.1198,1033.0533,1033.1353084,-0.08200839999994969,0.002501
52,70,122,0.14754098360655737,2.6557377049180326,24.598382690509563,0.2016260876271276,515.4553104591619,2,3.0,2.0,3.0,12.0,1.7142857142857142,0.1026,3.2151,1034.2583,1034.332043,-0.07374300000014955,0.0013542
53,69,122,0.13114754098360656,2.098360655737705,24.598382690509563,0.2016260876271276,535.8610098630999,0,3.0,3.0,3.0,13.0,2.4375,0.882,3.7458,1029.3954,1029.3156958,0.0797042000001511,0.005185
54,68,122,0.11475409836065574,1.6065573770491803,24.598382690509563,0.2016260876271276,556.6651344693109,2,3.0,4.0,3.0,14.0,3.111111111111111,1.1764,4.159,1027.5623,1027.8090568,-0.24675679999995737,0.0111142
55,67,122,0.09836065573770492,1.180327868852459,24.598382690509563,0.2016260876271276,577.8677440612785,0,3.0,5.0,3.0,15.0,3.75,1.4144,4.3511,1019.8944,1019.816483,0.0779170000000704,0.0336842
56,66,122,0.08196721311475409,0.819672131147541,24.598382690509563,0.2016260876271276,599.4688966050403,2,3.0,6.0,3.0,16.0,4.363636363636363,1.3024,4.4189,1015.2537,1015.4983174,-0.2446174000000383,0.0279502
46,77,123,0.25203252032520324,7.813008130081301,24.732617117726065,0.20107818794899246,400.29371754765424,1,2.0,4.0,3.0,5.0,2.2222222222222223,-1.9912,2.6215,1017.1098,1017.2139114,-0.1041114000000789,0.7894386
47,76,123,0.23577235772357724,6.837398373983739,24.732617117726065,0.20107818794899246,418.2612774003685,1,2.0,3.0,3.0,6.0,2.0,-2.1008,2.8707,1025.6528,1025.5703961,0.08240390000014486,0.0326073
48,75,123,0.21951219512195122,5.926829268292683,24.732617117726065,0.20107818794899246,436.62577829244384,1,2.0,2.0,3.0,7.0,1.5555555555555556,-2.3362,2.8301,1032.9631,1032.6336465,0.3294534999999996,0.0026937
49,74,123,0.2032520325203252,5.08130081300813,24.732617117726065,0.20107818794899246,455.38729292186906,1,2.0,1.0,3.0,8.0,0.8888888888888888,-1.953,2.1692,1037.7346,1037.8661526,-0.1315526000000773,0.0198276
50,73,123,0.18699186991869918,4.300813008130081,24.732617117726065,0.20107818794899246,474.5458915049236,1,3.0,0.0,3.0,9.0,0.0,-1.629,1.5345,1041.118,1041.4694499,-0.3514499000000342,0.0024846
51,72,123,0.17073170731707318,3.5853658536585367,24.732617117726065,0.20107818794899246,494.10164190901736,1,3.0,1.0,3.0,10.0,0.9090909090909091,-0.2667,2.2064,1041.6384,1042.0953108,-0.4569108000000597,0.001353
52,71,123,0.15447154471544716,2.934959349593496,24.732617117726065,0.20107818794899246,514.0546097759451,1,3.0,2.0,3.0,11.0,1.6923076923076923,-0.139,3.343,1041.3613,1041.261051,0.1002490000000762,0.001353
53,70,123,0.13821138211382114,2.3495934959349594,24.732617117726065,0.20107818794899246,534.4048586364187,1,3.0,3.0,3.0,12.0,2.4,0.5878,4.0293,1039.1251,1039.2503208,-0.12522080000007918,0.00369
54,69,123,0.12195121951219512,1.829268292682927,24.732617117726065,0.20107818794899246,555.1524500166481,1,3.0,4.0,3.0,13.0,3.0588235294117645,1.0902,4.4701,1035.723,1035.7736397,-0.05063970000014706,0.0095325
55,68,123,0.10569105691056911,1.3739837398373984,24.732617117726065,0.20107818794899246,576.2974435376608,1,3.0,5.0,3.0,14.0,3.6842105263157894,1.1554,4.8362,1030.7605,1030.7866908,-0.02619079999999485,0.0121155
56,67,123,0.08943089430894309,0.983739837398374,24.732617117726065,0.20107818794899246,597.8398970079775,1,3.0,6.0,3.0,15.0,4.285714285714286,1.1916,4.9816,1024.5674,1024.6156578,-0.04825780000010127,0.0121155
47,77,124,0.24193548387096775,7.258064516129032,24.8664882538245,0.20053619559535893,417.1338830445496,0,2.0,3.0,3.0,5.0,1.875,-2.7348,2.3558,1030.4327,1030.3030792,0.12962080000011156,0.2515092
48,76,124,0.22580645161290322,6.32258064516129,24.8664882538245,0.20053619559535893,435.44888369414053,2,2.0,2.0,3.0,6.0,1.5,-2.9549,2.4198,1039.97,1039.9902196,-0.020219600000018545,0.002604
49,75,124,0.20967741935483872,5.451612903225806,24.8664882538245,0.20053619559535893,454.15982795800073,0,2.0,1.0,3.0,7.0,0.875,-2.4323,1.8678,1043.5839,1043.3762132,0.20768680000014683,0.030566
50,74,124,0.1935483870967742,4.645161290322581,24.8664882538245,0.20053619559535893,473.26678586314654,2,3.0,0.0,3.0,8.0,0.0,-2.4173,1.4458,1049.3473,1049.9575628,-0.6102628000001005,0.0013144
51,73,124,0.1774193548387097,3.903225806451613,24.8664882538245,0.20053619559535893,492.76982509405593,0,3.0,1.0,3.0,9.0,0.9,-0.7368,2.1405,1048.4342,1048.5628108,-0.12861080000016045,0.001364
52,72,124,0.16129032258064516,3.225806451612903,24.8664882538245,0.20053619559535893,512.6690111155907,2,3.0,2.0,3.0,10.0,1.6666666666666667,-0.5246,3.3701,1050.485,1050.685542,-0.2005420000000413,0.0013516
53,71,124,0.14516129032258066,2.6129032258064515,24.8664882538245,0.20053619559535893,532.9644072872201,0,3.0,3.0,3.0,11.0,2.357142857142857,0.3566,4.167,1046.8292,1046.7436068,0.08559319999994841,0.002294
54,70,124,0.12903225806451613,2.064516129032258,24.8664882538245,0.20053619559535893,553.6560749693144,2,3.0,4.0,3.0,12.0,3.0,0.8038,4.7433,1046.0337,1046.2641112,-0.23041119999993498,0.001364
55,69,124,0.11290322580645161,1.5806451612903225,24.8664882538245,0.20053619559535893,574.7440736221969,0,3.0,5.0,3.0,13.0,3.611111111111111,1.1407,5.1375,1039.4849,1039.5554136,-0.07051360000014029,0.0091512
56,68,124,0.0967741935483871,1.1612903225806452,24.8664882538245,0.20053619559535893,596.2284608985692,2,3.0,6.0,3.0,14.0,4.2,0.9192,5.4799,1036.0408,1036.1217916,-0.08099160000006123,0.0124992
57,67,124,0.08064516129032258,0.8064516129032258,24.8664882538245,0.20053619559535893,618.1092927298663,0,3.0,7.0,3.0,15.0,4.7727272727272725,1.1481,5.5832,1026.3907,1026.5082824,-0.11758240000017395,0.056668
47,78,125,0.248,7.688,24.999999999999996,0.2,416.0185464834892,1,2.0,3.0,3.0,4.0,1.7142857142857142,-3.4857,1.8774,1036.4991,1036.6643875,-0.16528749999997672,0.43315
48,77,125,0.232,6.728,24.999999999999996,0.2,434.2845763093935,1,2.0,2.0,3.0,5.0,1.4285714285714286,-3.6275,1.9867,1044.9412,1044.7101875,0.23101249999990614,0.0028875
49,76,125,0.216,5.832,24.999999999999996,0.2,452.945491071749,1,2.0,1.0,3.0,6.0,0.8571428571428571,-3.1638,1.5901,1050.8589,1050.9920625,-0.13316250000002583,0.001775
50,75,125,0.2,5.0,24.999999999999996,0.2,472.00136061033317,1,3.0,0.0,3.0,7.0,0.0,-3.1648,1.2755,1055.4099,1055.6910625,-0.2811624999999367,0.001325
51,74,125,0.184,4.232,24.999999999999996,0.2,491.45225242864853,1,3.0,1.0,3.0,8.0,0.8888888888888888,-1.3981,2.0085,1056.7007,1057.27015,-0.5694499999999607,0.0025125
52,73,125,0.168,3.528,24.999999999999996,0.2,511.29823181651653,1,3.0,2.0,3.0,9.0,1.6363636363636365,-0.6577,3.1783,1057.1964,1057.2545125,-0.05811249999987922,0.00135
53,72,125,0.152,2.888,24.999999999999996,0.2,531.5393619639951,1,3.0,3.0,3.0,10.0,2.3076923076923075,-0.0066,4.2025,1056.0559,1056.2863875,-0.23048749999998108,0.00135
54,71,125,0.136,2.312,24.999999999999996,0.2,552.1757040673888,1,3.0,4.0,3.0,11.0,2.933333333333333,0.5748,4.8986,1053.8207,1053.867375,-0.046675000000050204,0.0014125
55,70,125,0.12,1.8,24.999999999999996,0.2,573.2073174280348,1,3.0,5.0,3.0,12.0,3.5294117647058822,0.9372,5.4008,1049.9001,1049.9754125,-0.07531249999988177,0.0077375
56,69,125,0.104,1.352,24.999999999999996,0.2,594.634259544483,1,3.0,6.0,3.0,13.0,4.105263157894737,0.9934,5.7708,1044.8385,1044.7723,0.06619999999998072,0.0109875
57,68,125,0.088,0.968,24.999999999999996,0.2,616.4565861986179,1,3.0,7.0,3.0,14.0,4.666666666666667,0.9008,6.0333,1037.9735,1038.080475,-0.10697499999992033,0.026
48,78,126,0.23809523809523808,7.142857142857143,25.133156184720164,0.19946949352952517,433.1326224205956,2,2.0,2.0,3.0,4.0,1.3333333333333333,-4.6111,1.5524,1051.738,1051.6891518,0.048848200000065845,0.0023058
49,77,126,0.2222222222222222,6.222222222222222,25.133156184720164,0.19946949352952517,451.7440385028191,0,2.0,1.0,3.0,5.0,0.8333333333333334,-4.0018,1.2245,1056.5483,1056.4604442,0.08785579999994297,0.0041958
50,76,126,0.20634920634920634,5.365079365079365,25.133156184720164,0.19946949352952517,470.7493617309495,2,3.0,0.0,3.0,6.0,0.0,-4.065,1.0292,1063.371,1063.8838602,-0.5128601999999773,0.0106848
51,75,126,0.19047619047619047,4.571428571428571,25.133156184720164,0.19946949352952517,490.1486594294343,0,3.0,1.0,3.0,7.0,0.875,-1.8501,1.7133,1063.2242,1063.4795136,-0.25531359999990855,0.0318528
52,74,126,0.1746031746031746,3.8412698412698414,25.133156184720164,0.19946949352952517,509.94199671491145,2,3.0,2.0,3.0,8.0,1.6,-1.0544,3.0021,1066.0129,1066.3682022,-0.3553022000000965,0.0013482
53,73,126,0.15873015873015872,3.1746031746031744,25.133156184720164,0.19946949352952517,530.1294366098252,0,3.0,3.0,3.0,9.0,2.25,-0.0946,3.976,1063.3055,1063.4321754,-0.12667540000006738,0.00378
54,72,126,0.14285714285714285,2.5714285714285716,25.133156184720164,0.19946949352952517,550.7110401481549,2,3.0,4.0,3.0,10.0,2.857142857142857,0.2286,4.9419,1063.6471,1063.885725,-0.23862500000018372,3.78e-05
55,71,126,0.12698412698412698,2.0317460317460316,25.133156184720164,0.19946949352952517,571.6868664739392,0,3.0,5.0,3.0,11.0,3.4375,0.6861,5.5884,1058.2917,1058.3076798,-0.015979799999968236,0.0103572
56,70,126,0.1111111111111111,1.5555555555555556,25.133156184720164,0.19946949352952517,593.056972933211,2,3.0,6.0,3.0,12.0,4.0,0.81,6.025,1055.8269,1055.8445562,-0.01765619999991941,0.0124992
57,69,126,0.09523809523809523,1.1428571428571428,25.133156184720164,0.19946949352952517,614.8214151598918,0,3.0,7.0,3.0,13.0,4.55,0.8016,6.2529,1047.2905,1047.3657768,-0.07527679999998327,0.0905058
58,68,126,0.07936507936507936,0.7936507936507936,25.133156184720164,0.19946949352952517,636.9802471561438,2,3.0,8.0,3.0,14.0,5.090909090909091,0.5615,6.6907,1042.1266,1042.4305206,-0.30392059999985577,0.0279468
48,79,127,0.2440944881889764,7.566929133858268,25.26596056564665,0.19894457138304456,431.99279446069687,1,2.0,2.0,3.0,3.0,1.2,-5.523,1.2773,1056.5471,1056.2459317,0.3011682999999721,0.0061976
49,78,127,0.2283464566929134,6.622047244094488,25.26596056564665,0.19894457138304456,450.55523290575854,1,2.0,1.0,3.0,4.0,0.8,-4.9685,0.8739,1063.5743,1063.6022924,-0.027992399999902773,0.0100076
50,77,127,0.2125984251968504,5.74015748031496,25.26596056564665,0.19894457138304456,469.5105418941827,1,3.0,0.0,3.0,5.0,0.0,-4.767,0.7175,1069.1899,1069.4096214,-0.21972140000002582,0.0092202
51,76,127,0.1968503937007874,4.921259842519685,25.26596056564665,0.19894457138304456,488.85878857324644,1,3.0,1.0,3.0,6.0,0.8571428571428571,-2.5883,1.4399,1071.2384,1071.855997,-0.6175969999999325,0.00508
52,75,127,0.18110236220472442,4.165354330708661,25.26596056564665,0.19894457138304456,508.6000378882271,1,3.0,2.0,3.0,7.0,1.5555555555555556,-1.3807,2.6296,1072.4861,1072.655843,-0.16974299999992581,0.0013716
53,74,127,0.16535433070866143,3.47244094488189,25.26596056564665,0.19894457138304456,528.7343526957197,1,3.0,3.0,3.0,8.0,2.1818181818181817,-0.4441,3.736,1072.1405,1072.576214,-0.43571399999996174,0.0036195
54,73,127,0.14960629921259844,2.84251968503937,25.26596056564665,0.19894457138304456,549.2617938690873,1,3.0,4.0,3.0,9.0,2.769230769230769,0.2296,4.6957,1070.9314,1071.1315382,-0.2001382000000831,0.0040894
55,72,127,0.13385826771653545,2.2755905511811023,25.26596056564665,0.19894457138304456,570.1824203967257,1,3.0,5.0,3.0,10.0,3.3333333333333335,0.2579,5.6532,1068.2468,1068.2683359,-0.02153590000011718,0.0055753
56,71,127,0.11811023622047244,1.7716535433070866,25.26596056564665,0.19894457138304456,591.496289473756,1,3.0,6.0,3.0,11.0,3.8823529411764706,0.5186,6.2333,1064.3181,1064.063912,0.2541879999998855,0.0113538
57,70,127,0.10236220472440945,1.330708661417323,25.26596056564665,0.19894457138304456,613.2034565876943,1,3.0,7.0,3.0,12.0,4.421052631578948,0.5913,6.4061,1058.3267,1058.3597324,-0.03303239999991092,0.0259969
58,69,127,0.08661417322834646,0.952755905511811,25.26596056564665,0.19894457138304456,635.3039755985914,1,3.0,8.0,3.0,13.0,4.9523809523809526,0.5341,6.8444,1051.5044,1051.6606094,-0.15620940000007977,0.0288798
48,80,128,0.25,8.0,25.398416831491186,0.19842513149602495,430.86487080443436,2,2.0,2.0,3.0,2.0,1.0,-6.8741,1.0254,1063.1326,1062.8142976,0.3183023999999932,0.0064384
49,79,128,0.234375,7.03125,25.398416831491186,0.19842513149602495,449.3788431322169,0,2.0,1.0,3.0,3.0,0.75,-6.1653,0.7233,1069.1584,1068.9838208,0.17457919999992555,0.0013184
50,78,128,0.21875,6.125,25.398416831491186,0.19842513149602495,468.28466022704015,2,3.0,0.0,3.0,4.0,0.0,-5.9439,0.4923,1076.9795,1077.3727872,-0.3932872000000316,0.0176768
51,77,128,0.203125,5.28125,25.398416831491186,0.19842513149602495,487.5823890608612,0,3.0,1.0,3.0,5.0,0.8333333333333334,-3.3206,1.0721,1077.576,1077.8588672,-0.28286720000005516,0.0187904
52,76,128,0.1875,4.5,25.398416831491186,0.19842513149602495,507.2720944093867,2,3.0,2.0,3.0,6.0,1.5,-1.9645,2.257,1080.9893,1081.4404608,-0.4511608000000251,0.000704
53,75,128,0.171875,3.78125,25.398416831491186,0.19842513149602495,527.3538389650946,0,3.0,3.0,3.0,7.0,2.1,-0.635,3.3087,1079.1311,1079.4023552,-0.27125520000004144,0.0036224
54,74,128,0.15625,3.125,25.398416831491186,0.19842513149602495,547.8276834424088,2,3.0,4.0,3.0,8.0,2.6666666666666665,-0.0639,4.4189,1080.3137,1080.7425024,-0.42880239999999503,3.84e-05
55,73,128,0.140625,2.53125,25.398416831491186,0.19842513149602495,568.6936866757076,0,3.0,5.0,3.0,9.0,3.2142857142857144,0.3795,5.4019,1076.0957,1076.0313984,0.0643016000001353,0.005376
56,72,128,0.125,2.0,25.398416831491186,0.19842513149602495,589.9519057107772,2,3.0,6.0,3.0,10.0,3.75,0.067,6.313,1074.8734,1074.6864384,0.18696159999990414,0.0016128
57,71,128,0.109375,1.53125,25.398416831491186,0.19842513149602495,611.602395890257,0,3.0,7.0,3.0,11.0,4.277777777777778,0.9295,6.5687,1067.3586,1067.1603712,0.19822879999992438,0.0544512
58,70,128,0.09375,1.125,25.398416831491186,0.19842513149602495,633.64521093357,2,3.0,8.0,3.0,12.0,4.8,0.3923,6.9229,1063.0635,1063.2865152,-0.22301519999996344,0.0279424
59,69,128,0.078125,0.78125,25.398416831491186,0.19842513149602495,656.080403011786,0,3.0,9.0,3.0,13.0,5.318181818181818,0.2706,7.3837,1053.1335,1053.3010048,-0.16750480000018797,0.0298112
48,81,129,0.2558139534883721,8.44186046511628,25.530528603808893,0.19791107444813102,429.748635568217,1,2.0,2.0,3.0,1.0,0.6666666666666666,-8.0574,0.6118,1067.6251,1066.7695119,0.8555880999999772,0.0053148
49,80,129,0.24031007751937986,7.449612403100775,25.530528603808893,0.19791107444813102,448.21464402223086,1,2.0,1.0,3.0,2.0,0.6666666666666666,-7.635,0.5698,1075.9814,1075.699911,0.281488999999965,0.0019737
50,79,129,0.2248062015503876,6.51937984496124,25.530528603808893,0.19791107444813102,467.07148209685386,1,3.0,0.0,3.0,3.0,0.0,-7.2569,0.4003,1082.709,1082.6732769,0.035723100000041086,0.0172731
51,78,129,0.20930232558139536,5.651162790697675,25.530528603808893,0.19791107444813102,486.3192165905397,1,3.0,1.0,3.0,4.0,0.8,-4.3325,0.7764,1085.3657,1085.9297142,-0.5640141999999742,0.0212205
52,77,129,0.1937984496124031,4.844961240310077,25.530528603808893,0.19791107444813102,505.95791211118177,1,3.0,2.0,3.0,5.0,1.4285714285714286,-2.5681,1.8053,1087.2595,1087.5228642,-0.2633642000000691,0.0007095
53,76,129,0.17829457364341086,4.10077519379845,25.530528603808893,0.19791107444813102,525.9876311888415,1,3.0,3.0,3.0,6.0,2.0,-1.1173,2.8774,1087.6447,1088.2428132,-0.5981131999999434,0.0031476
54,75,129,0.16279069767441862,3.4186046511627906,25.530528603808893,0.19791107444813102,546.4084343806506,1,3.0,4.0,3.0,7.0,2.5454545454545454,-0.1323,3.9401,1087.2886,1087.6493616,-0.3607615999999325,3.87e-05
55,74,129,0.14728682170542637,2.798449612403101,25.530528603808893,0.19791107444813102,567.2203803685662,1,3.0,5.0,3.0,8.0,3.076923076923077,0.1489,5.1049,1085.547,1085.6699985,-0.12299849999999424,0.0045537
56,73,129,0.13178294573643412,2.24031007751938,25.530528603808893,0.19791107444813102,588.4235260505872,1,3.0,6.0,3.0,9.0,3.6,0.233,6.0375,1082.764,1082.4494619,0.3145380999999361,0.0105006
57,72,129,0.11627906976744186,1.744186046511628,25.530528603808893,0.19791107444813102,610.0179266259768,1,3.0,7.0,3.0,10.0,4.117647058823529,0.509,6.6085,1078.0118,1077.9297921,0.0820079000000078,0.0213495
58,71,129,0.10077519379844961,1.310077519379845,25.530528603808893,0.19791107444813102,632.0036356749885,1,3.0,8.0,3.0,11.0,4.631578947368421,0.5142,6.9387,1072.0651,1072.1114019,-0.04630189999988943,0.0279414
59,70,129,0.08527131782945736,0.937984496124031,25.530528603808893,0.19791107444813102,654.3807052335333,1,3.0,9.0,3.0,12.0,5.142857142857143,0.1344,7.4055,1064.8033,1064.8151232,-0.011823199999980716,0.0298119
48,82,130,0.26153846153846155,8.892307692307693,25.66229943873142,0.19740230337485715,428.64387841824083,2,2.0,2.0,4.0,0.0,0.0,-9.5583,0.3477,1073.365,1072.836284,0.5287160000000313,0.02236
49,81,130,0.24615384615384617,7.876923076923077,25.66229943873142,0.19740230337485715,447.0624162040951,0,2.0,1.0,3.0,1.0,0.5,-8.9827,0.2791,1081.2338,1080.84288,0.390920000000051,0.001794
50,80,130,0.23076923076923078,6.923076923076923,25.66229943873142,0.19740230337485715,465.8707789027315,2,3.0,0.0,3.0,2.0,0.0,-8.7718,0.2866,1090.2279,1090.28621,-0.05830999999989217,0.001872
51,79,130,0.2153846153846154,6.030769230769231,25.66229943873142,0.19740230337485715,485.0690331408847,0,3.0,1.0,3.0,3.0,0.75,-5.5061,0.6298,1091.6289,1091.657333,-0.028433000000177344,0.014209
52,78,130,0.2,5.2,25.66229943873142,0.19740230337485715,504.6572433603601,2,3.0,2.0,3.0,4.0,1.3333333333333333,-3.4111,1.4034,1095.521,1095.942263,-0.42126299999995354,3.9e-05
53,77,130,0.18461538461538463,4.430769230769231,25.66229943873142,0.19740230337485715,524.6354719304727,0,3.0,3.0,3.0,5.0,1.875,-1.7461,2.408,1094.4539,1094.743143,-0.2892429999999422,0.003159
54,76,130,0.16923076923076924,3.723076923076923,25.66229943873142,0.19740230337485715,545.0037792526799,2,3.0,4.0,3.0,6.0,2.4,-0.5289,3.4604,1096.3333,1096.905082,-0.5717819999999847,3.9e-05
55,75,130,0.15384615384615385,3.076923076923077,25.66229943873142,0.19740230337485715,565.7622238580848,0,3.0,5.0,3.0,7.0,2.9166666666666665,0.0832,4.5789,1093.0417,1093.142024,-0.10032400000000052,0.008359
56,74,130,0.13846153846153847,2.4923076923076923,25.66229943873142,0.19740230337485715,586.9108624984176,2,3.0,6.0,3.0,8.0,3.4285714285714284,0.0902,5.7081,1092.7697,1092.71669,0.05301000000008571,0.000286
57,73,130,0.12307692307692308,1.9692307692307693,25.66229943873142,0.19740230337485715,608.4497502310415,0,3.0,7.0,3.0,9.0,3.9375,0.8009,6.2709,1086.4286,1086.304947,0.12365299999987656,0.025948
58,72,130,0.1076923076923077,1.5076923076923077,25.66229943873142,0.19740230337485715,630.3789404984705,2,3.0,8.0,3.0,10.0,4.444444444444445,0.4896,6.8922,1083.2289,1083.318132,-0.08923200000003817,0.02795
59,71,130,0.09230769230769231,1.1076923076923078,25.66229943873142,0.19740230337485715,652.6984852028464,0,3.0,9.0,3.0,11.0,4.95,0.3346,7.323,1074.2859,1074.288345,-0.002444999999852371,0.064272
60,70,130,0.07692307692307693,0.7692307692307693,25.66229943873142,0.19740230337485715,675.4084347757718,2,3.0,10.0,3.0,12.0,5.454545454545454,-0.3507,7.8251,1068.6313,1068.926768,-0.29546800000002804,0.02795
48,83,131,0.26717557251908397,9.351145038167939,25.79373282864238,0.1968987238827663,427.55039438643706,1,2.0,2.0,4.0,1.0,0.6666666666666666,-8.6776,0.4871,1075.4274,1075.0017724,0.425627600000098,0.0192439
49,82,131,0.25190839694656486,8.312977099236642,25.79373282864238,0.1968987238827663,445.92194590240143,1,2.0,1.0,4.0,0.0,0.0,-10.6479,0.1171,1087.2102,1087.0320264,0.17817360000003646,0.0022008
50,81,131,0.2366412213740458,7.33587786259542,25.79373282864238,0.1968987238827663,464.6823278755199,1,3.0,0.0,3.0,1.0,0.0,-10.2837,0.0964,1095.6718,1095.4898973,0.18190270000013697,0.0036156
51,80,131,0.22137404580152673,6.419847328244275,25.79373282864238,0.1968987238827663,483.83160676256017,1,3.0,1.0,3.0,2.0,0.6666666666666666,-6.8935,0.4644,1099.1836,1099.4243775,-0.24077749999992193,0.0020829
52,79,131,0.20610687022900764,5.564885496183206,25.79373282864238,0.1968987238827663,503.3698468409346,1,3.0,2.0,3.0,3.0,1.2,-4.4154,1.1677,1101.7247,1101.8716409,-0.14694090000011784,6.55e-05
53,78,131,0.19083969465648856,4.770992366412214,25.79373282864238,0.1968987238827663,523.2971103208522,1,3.0,3.0,3.0,4.0,1.7142857142857142,-2.6467,2.076,1102.8376,1103.3209987,-0.48339869999995244,0.0006026
54,77,131,0.17557251908396945,4.038167938931298,25.79373282864238,0.1968987238827663,543.6134574496842,1,3.0,4.0,3.0,5.0,2.2222222222222223,-1.292,3.0233,1103.1907,1103.5095077,-0.3188076999999794,3.93e-05
55,76,131,0.16030534351145037,3.366412213740458,25.79373282864238,0.1968987238827663,564.318946609219,1,3.0,5.0,3.0,6.0,2.727272727272727,-0.1436,4.0527,1102.1162,1102.3691527,-0.2529527000001508,0.0001834
56,75,131,0.1450381679389313,2.7557251908396947,25.79373282864238,0.1968987238827663,585.4136344064116,1,3.0,6.0,3.0,7.0,3.230769230769231,0.0752,5.182,1100.3107,1100.2101941,0.10050589999991644,0.0004192
57,74,131,0.1297709923664122,2.2061068702290076,25.79373282864238,0.1968987238827663,606.8975757581719,1,3.0,7.0,3.0,8.0,3.7333333333333334,0.7012,5.8865,1096.5024,1096.5181556,-0.015755599999920378,0.0279423
58,73,131,0.11450381679389313,1.717557251908397,25.79373282864238,0.1968987238827663,628.7708239706802,1,3.0,8.0,3.0,9.0,4.235294117647059,0.9747,6.4579,1091.6495,1091.6749939,-0.02549389999990126,0.0328024
59,72,131,0.09923664122137404,1.2900763358778626,25.79373282864238,0.1968987238827663,651.0334308136747,1,3.0,9.0,3.0,10.0,4.7368421052631575,0.4587,7.1643,1085.493,1085.4848509,0.008149099999855025,0.0469897
60,71,131,0.08396946564885496,0.9236641221374046,25.79373282864238,0.1968987238827663,673.6854465901054,1,3.0,10.0,3.0,11.0,5.238095238095238,-0.0644,7.6548,1078.1537,1078.1698895,-0.016189499999882173,0.0275231
48,84,132,0.2727272727272727,9.818181818181818,25.92483220379743,0.19640024396816239,426.46798369387454,2,2.0,2.0,4.0,2.0,1.0,-8.0878,0.7834,1078.8389,1078.3267572,0.5121427999999923,0.0600732
49,83,132,0.25757575757575757,8.757575757575758,25.92483220379743,0.19640024396816239,444.79302475385305,0,2.0,1.0,4.0,1.0,0.5,-9.6569,0.1921,1089.8481,1089.4905384,0.3575615999998263,0.0600336
50,82,132,0.24242424242424243,7.757575757575758,25.92483220379743,0.19640024396816239,463.50591188587003,2,3.0,0.0,4.0,0.0,0.0,-12.099,0.0165,1102.386,1102.8431832,-0.457183200000145,0.00198
51,81,132,0.22727272727272727,6.818181818181818,25.92483220379743,0.19640024396816239,482.6067113784475,0,3.0,1.0,3.0,1.0,0.5,-8.2713,0.2179,1105.1633,1105.1495664,0.013733600000023216,0.0024684
52,80,132,0.21212121212121213,5.9393939393939394,25.92483220379743,0.19640024396816239,502.09548734626946,2,3.0,2.0,3.0,2.0,1.0,-5.679,0.9263,1109.7938,1109.9201388,-0.12633879999998499,0.0034848
53,79,132,0.19696969696969696,5.121212121212121,25.92483220379743,0.19640024396816239,521.9723018420501,0,3.0,3.0,3.0,3.0,1.5,-3.5905,1.7975,1109.5638,1109.6530896,-0.08928960000002917,0.0040656
54,78,132,0.18181818181818182,4.363636363636363,25.92483220379743,0.19640024396816239,542.2372149606349,2,3.0,4.0,3.0,4.0,2.0,-2.1487,2.6863,1112.1346,1112.4462228,-0.3116227999998955,3.96e-05
55,77,132,0.16666666666666666,3.6666666666666665,25.92483220379743,0.19640024396816239,562.8902849360096,0,3.0,5.0,3.0,5.0,2.5,-0.5679,3.5286,1109.4409,1109.5375896,-0.0966895999999906,0.0010428
56,76,132,0.15151515151515152,3.0303030303030303,25.92483220379743,0.19640024396816239,583.9315682318203,2,3.0,6.0,3.0,6.0,3.0,-0.1494,4.603,1109.9077,1110.0374604,-0.1297604000001229,0.001056
57,75,132,0.13636363636363635,2.4545454545454546,25.92483220379743,0.19640024396816239,605.3611196259453,0,3.0,7.0,3.0,7.0,3.5,0.8132,5.329,1104.5974,1104.5437788,0.05362120000017967,0.0363528
58,74,132,0.12121212121212122,1.9393939393939394,25.92483220379743,0.19640024396816239,627.1789922896128,2,3.0,8.0,3.0,8.0,4.0,1.015,5.9972,1102.2457,1102.5065436,-0.2608436000000438,0.0204072
59,73,132,0.10606060606060606,1.4848484848484849,25.92483220379743,0.19640024396816239,649.3852378614974,0,3.0,9.0,3.0,9.0,4.5,0.9368,6.645,1094.4084,1094.4829764,-0.07457640000006904,0.0288816
60,72,132,0.09090909090909091,1.0909090909090908,25.92483220379743,0.19640024396816239,671.9799065171992,2,3.0,10.0,3.0,10.0,5.0,0.0383,7.3927,1089.8395,1089.8989728,-0.059472799999866766,0.0242088
50,83,133,0.24812030075187969,8.18796992481203,26.055600933891245,0.19590677393903197,462.34131926002016,1,3.0,0.0,4.0,1.0,0.0,-11.0349,0.0787,1105.1104,1105.241837,-0.13143700000000536,0.0019019
51,82,133,0.23308270676691728,7.225563909774436,26.055600933891245,0.19590677393903197,481.3941265918366,1,3.0,1.0,4.0,0.0,0.0,-9.9752,0.1134,1111.9539,1112.5091166,-0.5552165999999943,0.0031255
52,81,133,0.21804511278195488,6.323308270676692,26.055600933891245,0.19590677393903197,500.83393557952525,1,3.0,2.0,3.0,1.0,0.6666666666666666,-6.8976,0.5814,1115.7129,1115.7403915,-0.02749149999999645,0.0020615
53,80,133,0.20300751879699247,5.481203007518797,26.055600933891245,0.19590677393903197,520.6608081198883,1,3.0,3.0,3.0,2.0,1.2,-4.6833,1.4645,1117.6075,1117.8782069,-0.2707068999998228,0.0059052
54,79,133,0.18796992481203006,4.6992481203007515,26.055600933891245,0.19590677393903197,540.8748041567786,1,3.0,4.0,3.0,3.0,1.7142857142857142,-3.0273,2.3954,1118.8662,1118.8821441,-0.01594410000006974,0.002394
55,78,133,0.17293233082706766,3.9774436090225564,26.055600933891245,0.19590677393903197,561.4759817778646,1,3.0,5.0,3.0,4.0,2.2222222222222223,-1.2161,3.0006,1118.2484,1118.5271538,-0.27875380000000405,3.99e-05
56,77,133,0.15789473684210525,3.3157894736842106,26.055600933891245,0.19590677393903197,582.4643973049234,1,3.0,6.0,3.0,5.0,2.727272727272727,-0.4144,4.0541,1117.2366,1117.2273847,0.009215300000050775,0.0009975
57,76,133,0.14285714285714285,2.7142857142857144,26.055600933891245,0.19590677393903197,603.8401053782,1,3.0,7.0,3.0,6.0,3.230769230769231,0.5427,4.7582,1114.3098,1114.3859195,-0.07611950000000434,0.0279433
58,75,133,0.12781954887218044,2.172932330827068,26.055600933891245,0.19590677393903197,625.6031590353257,1,3.0,8.0,3.0,7.0,3.7333333333333334,1.3133,5.3685,1110.3544,1110.5274033,-0.17300330000011854,0.016359
59,74,133,0.11278195488721804,1.6917293233082706,26.055600933891245,0.19590677393903197,647.7536097852292,1,3.0,9.0,3.0,8.0,4.235294117647059,1.1363,6.0641,1105.0209,1105.2644204,-0.24352040000007946,0.012502
60,73,133,0.09774436090225563,1.2706766917293233,26.055600933891245,0.19590677393903197,670.2915076774408,1,3.0,10.0,3.0,9.0,4.7368421052631575,0.8409,6.7847,1098.7795,1098.876856,-0.09735599999999067,0.0465766
61,72,133,0.08270676691729323,0.9097744360902256,26.055600933891245,0.19590677393903197,693.2169013671486,1,3.0,11.0,3.0,10.0,5.238095238095238,0.1563,7.3759,1090.9918,1091.1697853,-0.17798530000004575,0.0503006
50,84,134,0.2537313432835821,8.626865671641792,26.186042329573482,0.19541822634010067,461.18834360292766,2,3.0,0.0,4.0,2.0,0.0,-10.1942,0.2137,1109.1285,1108.8730346,0.25546540000004825,0.0031624
51,83,134,0.23880597014925373,7.641791044776119,26.186042329573482,0.19541822634010067,480.1936375022696,0,3.0,1.0,4.0,1.0,0.5,-9.054,0.2579,1115.3816,1115.6759332,-0.29433319999998275,0.0030686
52,82,134,0.22388059701492538,6.7164179104477615,26.186042329573482,0.19541822634010067,499.5849679620664,2,3.0,2.0,4.0,0.0,0.0,-8.4559,0.4254,1123.0612,1123.4083228,-0.34712279999985185,0.002747
53,81,134,0.208955223880597,5.850746268656716,26.186042329573482,0.19541822634010067,519.3623967247634,0,3.0,3.0,3.0,1.0,0.75,-5.5264,0.9003,1123.8748,1124.1356748,-0.2608748000000105,0.0048508
54,80,134,0.19402985074626866,5.044776119402985,26.186042329573482,0.19541822634010067,539.525983584727,2,3.0,4.0,3.0,2.0,1.3333333333333333,-4.0607,2.0237,1127.4423,1127.4357196,0.006580399999847941,4.02e-05
55,79,134,0.1791044776119403,4.298507462686567,26.186042329573482,0.19541822634010067,560.0757864847682,0,3.0,5.0,3.0,3.0,1.875,-1.8855,2.5596,1125.3848,1125.418698,-0.03389799999990828,4.02e-05
56,78,134,0.16417910447761194,3.611940298507463,26.186042329573482,0.19541822634010067,581.0118616062097,2,3.0,6.0,3.0,4.0,2.4,-1.0036,3.5139,1126.6014,1126.6951954,-0.09379540000009001,0.0002546
57,77,134,0.14925373134328357,2.985074626865672,26.186042329573482,0.19541822634010067,602.3342634530363,0,3.0,7.0,3.0,5.0,2.9166666666666665,0.2281,4.1709,1122.1726,1122.1814992,-0.008899199999859775,0.0199258
58,76,134,0.13432835820895522,2.417910447761194,26.186042329573482,0.19541822634010067,624.0430449306155,2,3.0,8.0,3.0,6.0,3.4285714285714284,0.9959,4.8129,1120.6774,1121.0133944,-0.33599439999989045,0.0203814
59,75,134,0.11940298507462686,1.9104477611940298,26.186042329573482,0.19541822634010067,646.1382574194241,0,3.0,9.0,3.0,7.0,3.9375,1.353,5.3396,1113.6169,1113.9261478,-0.3092478000000938,0.0203144
60,74,134,0.1044776119402985,1.462686567164179,26.186042329573482,0.19541822634010067,668.61995084418,2,3.0,10.0,3.0,8.0,4.444444444444445,1.0427,6.151,1109.923,1110.2622394,-0.33923939999999675,0.0118188
61,73,134,0.08955223880597014,1.0746268656716418,26.186042329573482,0.19541822634010067,691.4881737387364,0,3.0,11.0,3.0,9.0,4.95,0.9814,6.7317,1100.4648,1100.5973554,-0.1325554000000011,0.0419152
50,85,135,0.25925925925925924,9.074074074074074,26.31615964391579,0.19493451588085775,460.0467836284072,1,3.0,0.0,4.0,3.0,0.0,-9.3879,0.303,1111.2179,1111.1428395,0.07506050000006326,0.003078
51,84,135,0.24444444444444444,8.066666666666666,26.31615964391579,0.19493451588085775,479.0050345286785,1,3.0,1.0,4.0,2.0,0.6666666666666666,-8.4817,0.5275,1119.6552,1119.418569,0.2366309999999885,0.002646
52,83,135,0.22962962962962963,7.118518518518519,26.31615964391579,0.19493451588085775,498.34836644945614,1,3.0,2.0,4.0,1.0,0.6666666666666666,-7.8098,0.7104,1126.7222,1126.674684,0.04751599999985956,0.001728
53,82,135,0.21481481481481482,6.229629629629629,26.31615964391579,0.19493451588085775,518.076840980357,1,3.0,3.0,4.0,0.0,0.0,-6.9261,0.6932,1131.274,1131.9427215,-0.6687215000001743,0.0020655
54,81,135,0.2,5.4,26.31615964391579,0.19493451588085775,538.190517767741,1,3.0,4.0,3.0,1.0,0.8,-4.6878,1.3445,1133.6208,1133.7945705,-0.173770500000046,0.003672
55,80,135,0.18518518518518517,4.62962962962963,26.31615964391579,0.19493451588085775,558.6894546109955,1,3.0,5.0,3.0,2.0,1.4285714285714286,-2.835,2.1718,1133.9984,1134.1808055,-0.18240549999995892,0.0003645
56,79,135,0.17037037037037037,3.9185185185185185,26.31615964391579,0.19493451588085775,579.5737075523805,1,3.0,6.0,3.0,3.0,2.0,-1.5898,3.0358,1133.7266,1133.6671575,0.0594424999999319,0.000243
57,78,135,0.15555555555555556,3.2666666666666666,26.31615964391579,0.19493451588085775,600.8433309609691,1,3.0,7.0,3.0,4.0,2.5454545454545454,-0.2132,3.6145,1131.6034,1131.677622,-0.07422199999996337,0.0094365
58,77,135,0.14074074074074075,2.674074074074074,26.31615964391579,0.19493451588085775,622.4983776111743,1,3.0,8.0,3.0,5.0,3.076923076923077,0.7483,4.2144,1128.5986,1128.8681235,-0.26952349999987746,0.01026
59,76,135,0.1259259259259259,2.140740740740741,26.31615964391579,0.19493451588085775,644.538898756293,1,3.0,9.0,3.0,6.0,3.6,1.368,4.7909,1124.068,1124.405334,-0.3373340000000553,0.0118125
60,75,135,0.1111111111111111,1.6666666666666667,26.31615964391579,0.19493451588085775,666.9649441974667,1,3.0,10.0,3.0,7.0,4.117647058823529,1.2779,5.3505,1118.5425,1118.900736,-0.3582360000000335,0.0191295
61,74,135,0.0962962962962963,1.2518518518518518,26.31615964391579,0.19493451588085775,689.7765623484146,1,3.0,11.0,3.0,8.0,4.631578947368421,1.2442,6.0676,1111.7262,1111.9670955,-0.24089549999985138,0.0829035
62,73,135,0.08148148148148149,0.8962962962962963,26.31615964391579,0.19493451588085775,712.9738002962641,1,3.0,12.0,3.0,9.0,5.142857142857143,1.067,6.6155,1103.7572,1103.979645,-0.22244499999987966,0.154629
51,85,136,0.25,8.5,26.445956073831777,0.19445555936641015,477.8281132394753,0,3.0,1.0,4.0,3.0,0.75,-7.7154,0.6799,1122.4238,1122.3064488,0.11735120000003008,0.0058344
52,84,136,0.23529411764705882,7.529411764705882,26.445956073831777,0.19445555936641015,497.12391835468577,2,3.0,2.0,4.0,2.0,1.0,-7.4914,1.1599,1131.8164,1131.4424936,0.37390639999989617,0.0022848
53,83,136,0.22058823529411764,6.617647058823529,26.445956073831777,0.19445555936641015,516.8039197798671,0,3.0,3.0,4.0,1.0,0.75,-6.4142,1.0239,1135.5934,1135.7800912,-0.18669120000004114,0.0141848
54,82,136,0.20588235294117646,5.764705882352941,26.445956073831777,0.19445555936641015,536.8681770148271,2,3.0,4.0,4.0,0.0,0.0,-5.9252,1.0266,1141.5199,1141.8816904,-0.36179040000001805,4.08e-05
55,81,136,0.19117647058823528,4.970588235294118,26.445956073831777,0.19445555936641015,557.3167477169396,0,3.0,5.0,3.0,1.0,0.8333333333333334,-3.7222,1.6144,1140.8655,1141.0090328,-0.14353280000000268,0.0018768
56,80,136,0.17647058823529413,4.235294117647059,26.445956073831777,0.19445555936641015,578.1496877907676,2,3.0,6.0,3.0,2.0,1.5,-2.4565,2.5742,1142.8485,1142.7748976,0.07360240000002705,0.0002448
57,79,136,0.16176470588235295,3.5588235294117645,26.445956073831777,0.19445555936641015,599.3670514717993,0,3.0,7.0,3.0,3.0,2.1,-0.8029,3.1046,1139.278,1139.1429632,0.1350368000000799,0.053176
58,78,136,0.14705882352941177,2.9411764705882355,26.445956073831777,0.19445555936641015,620.9688914047799,2,3.0,8.0,3.0,4.0,2.6666666666666665,0.2866,3.6317,1138.5872,1138.8316864,-0.24448640000014166,0.0003264
59,77,136,0.1323529411764706,2.3823529411764706,26.445956073831777,0.19445555936641015,642.9552587170765,0,3.0,9.0,3.0,5.0,3.2142857142857144,1.133,4.197,1132.5686,1132.8812104,-0.3126104000000396,0.0114512
60,76,136,0.11764705882352941,1.8823529411764706,26.445956073831777,0.19445555936641015,665.3262030874685,2,3.0,10.0,3.0,6.0,3.75,1.4526,4.7408,1129.5183,1129.9577272,-0.4394271999999546,0.0118184
61,75,136,0.10294117647058823,1.4411764705882353,26.445956073831777,0.19445555936641015,688.081772810722,0,3.0,11.0,3.0,7.0,4.277777777777778,1.4782,5.2635,1120.9127,1121.1460152,-0.23331519999987904,0.0690744
62,74,136,0.08823529411764706,1.0588235294117647,26.445956073831777,0.19445555936641015,711.2220148582709,2,3.0,12.0,3.0,8.0,4.8,1.3169,5.9375,1115.5782,1116.004644,-0.42644400000017413,0.0124984
51,86,137,0.25547445255474455,8.941605839416058,26.575434761451795,0.19398127563103507,476.66267418927345,1,3.0,1.0,4.0,4.0,0.8,-7.0935,0.7745,1126.3292,1125.9312668,0.3979331999998976,0.0521696
52,85,137,0.24087591240875914,7.9489051094890515,26.575434761451795,0.19398127563103507,495.9114161783027,1,3.0,2.0,4.0,3.0,1.2,-6.7937,1.384,1134.7501,1134.3922909,0.35780909999994037,0.0020961
53,84,137,0.22627737226277372,7.014598540145985,26.575434761451795,0.19398127563103507,515.5434174094113,1,3.0,3.0,4.0,2.0,1.2,-6.1556,1.5216,1140.8813,1140.6624521,0.21884789999990062,0.0083844
54,83,137,0.2116788321167883,6.138686131386861,26.575434761451795,0.19398127563103507,535.5587372372848,1,3.0,4.0,4.0,1.0,0.8,-5.2254,1.3384,1145.9163,1145.9072505,0.009049500000173794,0.0001096
55,82,137,0.19708029197080293,5.321167883211679,26.575434761451795,0.19398127563103507,555.9574331786691,1,3.0,5.0,4.0,0.0,0.0,-4.9607,1.2485,1148.8223,1149.2872597,-0.4649597000000085,0.0003014
56,81,137,0.18248175182481752,4.562043795620438,26.575434761451795,0.19398127563103507,576.7395610017738,1,3.0,6.0,3.0,1.0,0.8571428571428571,-3.2376,1.953,1149.6852,1149.6805456,0.004654399999935777,0.0002466
57,80,137,0.1678832116788321,3.8613138686131387,26.575434761451795,0.19398127563103507,597.9051748098051,1,3.0,7.0,3.0,2.0,1.5555555555555556,-1.6026,2.6028,1148.4542,1148.3176559,0.13654409999981,0.001644
58,79,137,0.15328467153284672,3.218978102189781,26.575434761451795,0.19398127563103507,619.4543271191055,1,3.0,8.0,3.0,3.0,2.1818181818181817,-0.186,3.092,1146.3015,1146.3132089,-0.011708900000030553,0.0003562
59,78,137,0.1386861313868613,2.6350364963503647,26.575434761451795,0.19398127563103507,641.3870689323412,1,3.0,9.0,3.0,4.0,2.769230769230769,0.6691,3.603,1142.6592,1142.8139138,-0.15471379999985402,0.0081378
60,77,137,0.12408759124087591,2.1094890510948905,26.575434761451795,0.19398127563103507,663.7034498071231,1,3.0,10.0,3.0,5.0,3.3333333333333335,1.2102,4.1438,1138.0984,1138.4137204,-0.3153204000000187,0.0117272
61,76,137,0.10948905109489052,1.6423357664233578,26.575434761451795,0.19398127563103507,686.4035179204246,1,3.0,11.0,3.0,6.0,3.8823529411764706,1.7773,4.4397,1131.8101,1132.1202692,-0.31016920000001846,0.0130424
62,75,137,0.0948905109489051,1.2335766423357664,26.575434761451795,0.19398127563103507,709.4873201291149,1,3.0,12.0,3.0,7.0,4.421052631578948,1.5097,5.1503,1124.8925,1125.2567199,-0.3642199000000801,0.0286193
63,74,137,0.08029197080291971,0.8832116788321168,26.575434761451795,0.19398127563103507,732.9549020269008,1,3.0,13.0,3.0,8.0,4.9523809523809526,1.2308,5.7405,1116.4269,1116.6286106,-0.20171060000006946,0.004384
52,86,138,0.2463768115942029,8.376811594202898,26.70459879545431,0.19351158547430664,494.7106574451184,2,3.0,2.0,4.0,4.0,1.3333333333333333,-6.1853,1.5085,1139.321,1138.8558468,0.4651531999998042,0.0037812
53,85,138,0.2318840579710145,7.420289855072464,26.70459879545431,0.19351158547430664,514.2951233782703,0,3.0,3.0,4.0,3.0,1.5,-5.4702,1.7808,1144.4764,1144.35741,0.11898999999993976,0.0059616
54,84,138,0.21739130434782608,6.521739130434782,26.70459879545431,0.19351158547430664,534.2619797723597,2,3.0,4.0,4.0,2.0,1.3333333333333333,-5.066,1.8398,1151.8348,1151.5673994,0.26740059999997356,0.0028014
55,83,138,0.2028985507246377,5.681159420289855,26.70459879545431,0.19351158547430664,554.6112840048659,0,3.0,5.0,4.0,1.0,0.8333333333333334,-4.4416,1.6046,1153.8813,1153.6998306,0.18146939999996903,0.0091632
56,82,138,0.18840579710144928,4.898550724637682,26.70459879545431,0.19351158547430664,575.3430917089662,2,3.0,6.0,4.0,0.0,0.0,-4.3682,1.4944,1158.1749,1158.2922636,-0.11736360000008972,0.0002484
57,81,138,0.17391304347826086,4.173913043478261,26.70459879545431,0.19351158547430664,596.4574568568655,0,3.0,7.0,3.0,1.0,0.875,-2.3329,1.8878,1155.8197,1155.761523,0.058177000000114276,0.000414
58,80,138,0.15942028985507245,3.5072463768115942,26.70459879545431,0.19351158547430664,617.9544318377482,2,3.0,8.0,3.0,2.0,1.6,-0.9995,2.5369,1156.0311,1156.0316304,-0.0005304000001160603,0.0004968
59,79,138,0.14492753623188406,2.898550724637681,26.70459879545431,0.19351158547430664,639.8340675307862,0,3.0,9.0,3.0,3.0,2.25,0.1991,3.0671,1150.9406,1150.812291,0.12830899999994472,0.0100188
60,78,138,0.13043478260869565,2.347826086956522,26.70459879545431,0.19351158547430664,662.0964133735962,2,3.0,10.0,3.0,4.0,2.857142857142857,0.7921,3.5311,1148.7535,1148.9182548,-0.16475480000008247,0.0116058
61,77,138,0.11594202898550725,1.855072463768116,26.70459879545431,0.19351158547430664,684.7415174264996,0,3.0,11.0,3.0,5.0,3.4375,1.6125,3.7665,1140.8846,1141.0331004,-0.1485003999998753,0.0116058
62,76,138,0.10144927536231885,1.4202898550724639,26.70459879545431,0.19351158547430664,707.7694264329104,2,3.0,12.0,3.0,6.0,4.0,1.4315,4.3053,1136.3436,1136.8341468,-0.4905468000001747,0.0118128
63,75,138,0.08695652173913043,1.0434782608695652,26.70459879545431,0.19351158547430664,731.1801858761384,0,3.0,13.0,3.0,7.0,4.55,1.5148,4.9504,1126.2992,1126.3037118,-0.004511800000045696,0.027945
52,87,139,0.2517985611510791,8.81294964028777,26.833451212355452,0.19304641159967958,493.52144454719803,1,3.0,2.0,4.0,5.0,1.4285714285714286,-5.2374,1.3643,1141.7568,1141.4362524,0.32054760000005444,0.0035445
53,86,139,0.23741007194244604,7.83453237410072,26.833451212355452,0.19304641159967958,513.0588322556622,1,3.0,3.0,4.0,4.0,1.7142857142857142,-4.8927,1.931,1149.2068,1148.91979,0.2870100000000093,0.0040032
54,85,139,0.22302158273381295,6.913669064748201,26.833451212355452,0.19304641159967958,532.9776912136798,1,3.0,4.0,4.0,3.0,1.7142857142857142,-4.3816,2.1299,1155.5533,1155.3110656,0.24223440000014307,0.0021406
55,84,139,0.20863309352517986,6.0503597122302155,26.833451212355452,0.19304641159967958,553.2780786608029,1,3.0,5.0,4.0,2.0,1.4285714285714286,-4.2242,2.1793,1159.9899,1159.5852183,0.40468170000008286,0.0031275
56,83,139,0.19424460431654678,5.244604316546763,26.833451212355452,0.19304641159967958,573.9600500964747,1,3.0,6.0,4.0,1.0,0.8571428571428571,-3.8807,1.8589,1163.3055,1163.0156966,0.2898033999999825,0.0002502
57,82,139,0.17985611510791366,4.496402877697841,26.833451212355452,0.19304641159967958,595.0236593631586,1,3.0,7.0,4.0,0.0,0.0,-3.42,1.3959,1164.3549,1164.5418193,-0.18691929999999957,0.0006116
58,81,139,0.16546762589928057,3.805755395683453,26.833451212355452,0.19304641159967958,616.4689587241029,1,3.0,8.0,3.0,1.0,0.8888888888888888,-1.6947,1.7792,1163.4261,1163.4948296,-0.06872960000009698,0.002085
59,80,139,0.1510791366906475,3.172661870503597,26.833451212355452,0.19304641159967958,638.2959989361738,1,3.0,9.0,3.0,2.0,1.6363636363636365,-0.6059,2.4673,1160.7585,1160.5833912,0.17510879999986173,0.0036557
60,79,139,0.1366906474820144,2.597122302158273,26.833451212355452,0.19304641159967958,660.5048293181464,1,3.0,10.0,3.0,3.0,2.3076923076923075,0.3228,2.9618,1157.0948,1156.9893238,0.10547620000011193,0.027522
61,78,139,0.1223021582733813,2.079136690647482,26.833451212355452,0.19304641159967958,683.0954978148128,1,3.0,11.0,3.0,4.0,2.933333333333333,1.2361,3.0795,1151.5865,1151.6910747,-0.10457470000005742,0.0135942
62,77,139,0.1079136690647482,1.618705035971223,26.833451212355452,0.19304641159967958,706.0680510572221,1,3.0,12.0,3.0,5.0,3.5294117647058822,1.6712,3.4413,1145.3313,1145.7879254,-0.4566253999998935,0.0108837
63,76,139,0.09352517985611511,1.2158273381294964,26.833451212355452,0.19304641159967958,729.4225344193488,1,3.0,13.0,3.0,6.0,4.105263157894737,1.3862,4.1149,1137.9055,1138.0233993,-0.1178992999998627,0.0131494
52,88,140,0.2571428571428571,9.257142857142858,26.9619949977585,0.1925856785554179,492.34358459284596,2,3.0,2.0,4.0,6.0,1.5,-4.4451,1.149,1145.8309,1145.669938,0.16096199999992677,0.014378
53,87,140,0.24285714285714285,8.257142857142858,26.9619949977585,0.1925856785554179,511.83434351374933,0,3.0,3.0,4.0,5.0,1.875,-3.8717,1.7833,1152.2515,1152.12636,0.12514000000010128,0.01211
54,86,140,0.22857142857142856,7.314285714285714,26.9619949977585,0.1925856785554179,531.7056632481683,2,3.0,4.0,4.0,4.0,2.0,-3.8507,2.3208,1160.9587,1160.72425,0.23444999999992433,0.002324
55,85,140,0.21428571428571427,6.428571428571429,26.9619949977585,0.1925856785554179,551.9576008990445,0,3.0,5.0,4.0,3.0,1.875,-3.6294,2.5167,1164.3625,1164.005178,0.3573220000000674,0.008204
56,84,140,0.2,5.6,26.9619949977585,0.1925856785554179,572.5902118333636,2,3.0,6.0,4.0,2.0,1.5,-3.6923,2.4492,1170.0415,1169.441,0.6005000000000109,0.007896
57,83,140,0.18571428571428572,4.828571428571428,26.9619949977585,0.1925856785554179,593.6035497650863,0,3.0,7.0,4.0,1.0,0.875,-2.8564,1.6926,1170.0159,1169.702814,0.3130860000001121,0.000602
58,82,140,0.17142857142857143,4.114285714285714,26.9619949977585,0.1925856785554179,614.9976668327273,2,3.0,8.0,4.0,0.0,0.0,-2.7247,1.244,1172.5076,1172.68263,-0.17503000000010616,0.001316
59,81,140,0.15714285714285714,3.4571428571428573,26.9619949977585,0.1925856785554179,636.7726136720138,0,3.0,9.0,3.0,1.0,0.9,-1.2722,1.7035,1168.7053,1168.512282,0.19301800000016556,0.006146
60,80,140,0.14285714285714285,2.857142857142857,26.9619949977585,0.1925856785554179,658.928439484015,2,3.0,10.0,3.0,2.0,1.6666666666666667,-0.4884,2.3492,1167.4742,1167.30096,0.173240000000078,0.003262
61,79,140,0.12857142857142856,2.3142857142857145,26.9619949977585,0.1925856785554179,681.4651920990956,0,3.0,11.0,3.0,3.0,2.357142857142857,0.913,2.4338,1160.4341,1160.473412,-0.03931200000010904,0.02422
62,78,140,0.11428571428571428,1.8285714285714285,26.9619949977585,0.1925856785554179,704.3829180370129,2,3.0,12.0,3.0,4.0,3.0,1.3966,2.6597,1156.509,1156.934954,-0.425954000000047,0.012502
63,77,140,0.1,1.4,26.9619949977585,0.1925856785554179,727.6816625634503,0,3.0,13.0,3.0,5.0,3.611111111111111,1.5695,3.1666,1147.3762,1147.68262,-0.3064200000001165,0.051534
64,76,140,0.08571428571428572,1.0285714285714285,26.9619949977585,0.1925856785554179,751.3614697432496,2,3.0,14.0,3.0,6.0,4.2,1.1377,4.0842,1141.5183,1141.696598,-0.1782980000000407,0.027944
65,75,140,0.07142857142857142,0.7142857142857143,26.9619949977585,0.1925856785554179,775.4223824905865,0,3.0,15.0,3.0,7.0,4.7727272727272725,1.004,5.517,1129.8345,1129.614248,0.2202519999998458,0.800492
53,88,141,0.24822695035460993,8.687943262411348,27.09023308756464,0.19212931267776348,510.6214613765965,1,3.0,3.0,4.0,6.0,2.0,-3.0968,1.5586,1156.4408,1156.5181242,-0.07732420000002094,0.0158343
54,87,141,0.23404255319148937,7.723404255319149,27.09023308756464,0.19212931267776348,530.4456924991375,1,3.0,4.0,4.0,5.0,2.2222222222222223,-3.1416,2.192,1164.1138,1164.0064227,0.10737730000005286,0.0028905
55,86,141,0.2198581560283688,6.815602836879433,27.09023308756464,0.19212931267776348,550.6496395965646,1,3.0,5.0,4.0,4.0,2.2222222222222223,-3.2291,2.7524,1169.9346,1169.5041114,0.4304885999999897,0.0091932
56,85,141,0.20567375886524822,5.964539007092198,27.09023308756464,0.19212931267776348,571.2333579046616,1,3.0,6.0,4.0,3.0,2.0,-3.1619,2.8147,1174.5093,1173.9769134,0.5323865999998816,0.0053157
57,84,141,0.19148936170212766,5.170212765957447,27.09023308756464,0.19212931267776348,592.1969010101044,1,3.0,7.0,4.0,2.0,1.5555555555555556,-2.5814,2.2357,1176.7944,1176.391905,0.40249500000004446,0.0041313
58,83,141,0.1773049645390071,4.432624113475177,27.09023308756464,0.19212931267776348,613.5403209278563,1,3.0,8.0,4.0,1.0,0.8888888888888888,-2.0698,1.4869,1178.1654,1178.1107796,0.05462040000020352,0.0013113
59,82,141,0.16312056737588654,3.75177304964539,27.09023308756464,0.19212931267776348,635.2636681736542,1,3.0,9.0,4.0,0.0,0.0,-2.2811,1.1703,1177.8617,1177.9119132,-0.05021320000014384,0.0014946
60,81,141,0.14893617021276595,3.127659574468085,27.09023308756464,0.19212931267776348,657.3669918319766,1,3.0,10.0,3.0,1.0,0.9090909090909091,-1.1226,1.5885,1175.4694,1175.3065434,0.16285659999994095,0.0031866
61,80,141,0.1347517730496454,2.5602836879432624,27.09023308756464,0.19212931267776348,679.8503396198457,1,3.0,11.0,3.0,2.0,1.6923076923076923,0.1706,1.7928,1170.8798,1170.8556105,0.024189499999920372,0.0139731
62,79,141,0.12056737588652482,2.049645390070922,27.09023308756464,0.19212931267776348,702.7137579467822,1,3.0,12.0,3.0,3.0,2.4,1.0986,1.8926,1165.3221,1165.484286,-0.1621860000000197,0.0085305
63,78,141,0.10638297872340426,1.5957446808510638,27.09023308756464,0.19212931267776348,725.9572919712039,1,3.0,13.0,3.0,4.0,3.0588235294117645,1.3722,2.29,1158.5951,1158.6936273,-0.09852729999988696,0.0126336
64,77,141,0.09219858156028368,1.198581560283688,27.09023308756464,0.19212931267776348,749.5809856535336,1,3.0,14.0,3.0,5.0,3.6842105263157894,1.2012,3.0989,1151.0719,1151.209869,-0.13796900000011192,0.0197541
65,76,141,0.07801418439716312,0.8581560283687943,27.09023308756464,0.19212931267776348,773.5848818062541,1,3.0,15.0,3.0,6.0,4.285714285714286,0.824,4.6646,1142.1208,1141.7441301,0.3766699000000244,0.1052565
53,89,142,0.2535211267605634,9.126760563380282,27.218168369146653,0.1916772420362441,509.41999467481713,0,3.0,3.0,4.0,7.0,2.1,-2.7664,1.2021,1159.173,1159.4657414,-0.2927414000000681,0.0049416
54,88,142,0.23943661971830985,8.140845070422536,27.218168369146653,0.1916772420362441,529.1975803752917,2,3.0,4.0,4.0,6.0,2.4,-2.6443,2.0336,1168.995,1169.110069,-0.11506900000017595,0.002698
55,87,142,0.22535211267605634,7.211267605633803,27.218168369146653,0.1916772420362441,549.3539885979981,0,3.0,5.0,4.0,5.0,2.5,-2.5435,2.6792,1173.7563,1173.6126334,0.14366659999996045,0.0070716
56,86,142,0.2112676056338028,6.338028169014085,27.218168369146653,0.1916772420362441,569.8892744487532,2,3.0,6.0,4.0,4.0,2.4,-2.7965,3.082,1180.7264,1180.1579956,0.5684043999999631,0.0059214
57,85,142,0.19718309859154928,5.52112676056338,27.218168369146653,0.1916772420362441,590.8034913881462,0,3.0,7.0,4.0,3.0,2.1,-2.0165,2.5813,1181.8285,1181.5573346,0.2711653999999726,0.0062906
58,84,142,0.18309859154929578,4.76056338028169,27.218168369146653,0.1916772420362441,612.0966913087515,2,3.0,8.0,4.0,2.0,1.6,-1.6951,1.972,1185.47,1185.28394,0.18605999999999767,0.0024424
59,83,142,0.16901408450704225,4.056338028169014,27.218168369146653,0.1916772420362441,633.7689246074452,0,3.0,9.0,4.0,1.0,0.9,-1.5831,1.3978,1184.0505,1183.7550544,0.29544559999999365,0.0015052
60,82,142,0.15492957746478872,3.408450704225352,27.218168369146653,0.1916772420362441,655.8202402532128,2,3.0,10.0,4.0,0.0,0.0,-2.1136,1.0697,1185.1909,1185.136402,0.05449799999996685,0.0012496
61,81,142,0.14084507042253522,2.816901408450704,27.218168369146653,0.1916772420362441,678.2506858508001,0,3.0,11.0,3.0,1.0,0.9166666666666666,-0.3688,1.0725,1179.4554,1179.5455354,-0.0901354000000083,0.0236004
62,80,142,0.1267605633802817,2.2816901408450705,27.218168369146653,0.1916772420362441,701.0603077005289,2,3.0,12.0,3.0,2.0,1.7142857142857142,0.5649,1.1986,1176.272,1176.6035794,-0.3315794000000096,0.0018602
63,79,142,0.11267605633802817,1.8028169014084507,27.218168369146653,0.1916772420362441,724.2491508545617,0,3.0,13.0,3.0,3.0,2.4375,1.0473,1.5149,1167.9497,1168.148232,-0.19853200000011384,0.0300614
64,78,142,0.09859154929577464,1.380281690140845,27.218168369146653,0.1916772420362441,747.8172591698841,2,3.0,14.0,3.0,4.0,3.111111111111111,1.1164,2.1323,1162.7643,1163.0164798,-0.2521798000000217,0.0279456
65,77,142,0.08450704225352113,1.0140845070422535,27.218168369146653,0.1916772420362441,771.7646753582437,0,3.0,15.0,3.0,5.0,3.75,1.0211,3.6317,1152.1674,1151.834136,0.33326400000009926,0.700557
54,89,143,0.24475524475524477,8.566433566433567,27.34580368248674,0.1912293963810262,527.9611329253744,1,3.0,4.0,4.0,7.0,2.5454545454545454,-1.9355,1.7544,1171.8864,1172.1546265,-0.26822649999985515,0.0046618
55,88,143,0.23076923076923078,7.615384615384615,27.34580368248674,0.1912293963810262,548.0704465647518,1,3.0,5.0,4.0,6.0,2.727272727272727,-2.0952,2.5659,1178.8076,1178.8449101,-0.037310100000013335,0.007579
56,87,143,0.21678321678321677,6.72027972027972,27.34580368248674,0.1912293963810262,568.5577526008497,1,3.0,6.0,4.0,5.0,2.727272727272727,-2.1956,3.0464,1184.6641,1184.3242554,0.3398445999998785,0.0067496
57,86,143,0.20279720279720279,5.881118881118881,27.34580368248674,0.1912293963810262,589.4231043693486,1,3.0,7.0,4.0,4.0,2.5454545454545454,-1.6237,2.8401,1188.135,1187.7761753,0.35882470000001376,0.0073359
58,85,143,0.1888111888111888,5.0979020979020975,27.34580368248674,0.1912293963810262,610.6665536415785,1,3.0,8.0,4.0,3.0,2.1818181818181817,-1.1319,2.3124,1190.5442,1190.4287395,0.11546050000015384,0.0024453
59,84,143,0.17482517482517482,4.370629370629371,27.34580368248674,0.1912293963810262,632.2881506966652,1,3.0,9.0,4.0,2.0,1.6363636363636365,-1.1353,1.8579,1191.3939,1191.108204,0.2856960000001436,0.0018161
60,83,143,0.16083916083916083,3.699300699300699,27.34580368248674,0.1912293963810262,654.28794438918,1,3.0,10.0,4.0,1.0,0.9090909090909091,-1.3237,1.2604,1191.3823,1191.2599699,0.12233009999999922,0.0012584
61,82,143,0.14685314685314685,3.0839160839160837,27.34580368248674,0.1912293963810262,676.6659822126427,1,3.0,11.0,4.0,0.0,0.0,-1.4702,0.6359,1189.326,1189.4359763,-0.10997629999997116,0.0029458
62,81,143,0.13286713286713286,2.5244755244755246,27.34580368248674,0.1912293963810262,699.4223103591961,1,3.0,12.0,3.0,1.0,0.9230769230769231,0.1227,0.5804,1184.9937,1185.2100975,-0.21639750000008462,0.0027456
63,80,143,0.11888111888111888,2.020979020979021,27.34580368248674,0.1912293963810262,722.5569737757402,1,3.0,13.0,3.0,2.0,1.7333333333333334,0.3745,0.8463,1179.024,1179.1519311,-0.1279311000000689,0.0109824
64,79,143,0.1048951048951049,1.5734265734265733,27.34580368248674,0.1912293963810262,746.0700162167909,1,3.0,14.0,3.0,3.0,2.4705882352941178,0.7621,1.4088,1172.2592,1172.3595884,-0.10038839999992888,0.2003001
65,78,143,0.09090909090909091,1.1818181818181819,27.34580368248674,0.1912293963810262,769.9614802943015,1,3.0,15.0,3.0,4.0,3.1578947368421053,0.9508,2.6095,1163.934,1163.7651168,0.16888319999998203,0.0512369
66,77,143,0.07692307692307693,0.8461538461538461,27.34580368248674,0.1912293963810262,794.2314075246649,1,3.0,16.0,3.0,5.0,3.8095238095238093,0.6134,4.2324,1154.8313,1154.7325361,0.09876389999999446,0.0130416
54,90,144,0.25,9.0,27.47314182127996,0.190785707092222,526.7361606982113,2,3.0,4.0,4.0,8.0,2.6666666666666665,-1.3134,1.5513,1176.4399,1176.895368,-0.4554679999998825,0.0053136
55,89,144,0.2361111111111111,8.027777777777779,27.47314182127996,0.190785707092222,546.7988168297167,0,3.0,5.0,4.0,7.0,2.9166666666666665,-1.4074,2.3025,1182.3245,1182.5120736,-0.1875735999999506,0.0201312
56,88,144,0.2222222222222222,7.111111111111111,27.47314182127996,0.190785707092222,567.2385883422701,2,3.0,6.0,4.0,6.0,3.0,-2.1821,3.0216,1190.4209,1190.2255056,0.1953944000001684,0.0071424
57,87,144,0.20833333333333334,6.25,27.47314182127996,0.190785707092222,588.0555284478029,0,3.0,7.0,4.0,5.0,2.9166666666666665,-0.9685,2.7922,1192.6549,1192.5256752,0.1292247999999745,0.0129312
58,86,144,0.19444444444444445,5.444444444444445,27.47314182127996,0.190785707092222,609.2496887975256,2,3.0,8.0,4.0,4.0,2.6666666666666665,-0.7722,2.566,1197.4341,1197.3256128,0.10848719999989953,0.0028368
59,85,144,0.18055555555555555,4.694444444444445,27.47314182127996,0.190785707092222,630.8211195539064,0,3.0,9.0,4.0,3.0,2.25,-0.5809,2.1989,1197.015,1196.8619184,0.1530816000001778,0.0027072
60,84,144,0.16666666666666666,4.0,27.47314182127996,0.190785707092222,652.7698694581647,2,3.0,10.0,4.0,2.0,1.6666666666666667,-0.8635,1.7128,1199.2701,1199.0770128,0.19308720000003632,0.0012528
61,83,144,0.1527777777777778,3.361111111111111,27.47314182127996,0.190785707092222,675.0959858936262,0,3.0,11.0,4.0,1.0,0.9166666666666666,-0.5715,0.7826,1196.015,1195.9627536,0.0522464000000582,0.0029088
62,82,144,0.1388888888888889,2.7777777777777777,27.47314182127996,0.190785707092222,697.7995149452589,2,3.0,12.0,4.0,0.0,0.0,-1.1464,0.2773,1195.5433,1195.72992,-0.18661999999994805,0.0014544
63,81,144,0.125,2.25,27.47314182127996,0.190785707092222,720.8805014556775,0,3.0,13.0,3.0,1.0,0.9285714285714286,0.3155,0.2418,1188.2924,1188.6011136,-0.3087135999999191,0.0107856
64,80,144,0.1111111111111111,1.7777777777777777,27.47314182127996,0.190785707092222,744.3389890778786,2,3.0,14.0,3.0,2.0,1.75,0.1878,0.7318,1183.8749,1183.9591008,-0.08420079999996233,0.0279504
65,79,144,0.09722222222222222,1.3611111111111112,27.47314182127996,0.190785707092222,768.1750203249475,0,3.0,15.0,3.0,3.0,2.5,0.5605,1.9379,1174.0164,1173.7854288,0.23097119999988536,0.0279504
66,78,144,0.08333333333333333,1.0,27.47314182127996,0.190785707092222,792.3886366169513,2,3.0,16.0,3.0,4.0,3.2,0.6333,3.1581,1167.0854,1167.2049888,-0.11958879999997407,0.0071712
67,77,144,0.06944444444444445,0.6944444444444444,27.47314182127996,0.190785707092222,816.9798783252205,0,3.0,15.0,3.0,5.0,3.75,0.4739,4.5833,1154.7961,1154.4620688,0.33403120000002673,0.0084816
54,91,145,0.25517241379310346,9.441379310344828,27.600185534004485,0.19034610713106545,525.5224786079134,1,3.0,4.0,4.0,9.0,2.769230769230769,-0.7541,1.9464,1179.0565,1179.5877165,-0.5312165000000277,0.0111795
55,90,145,0.2413793103448276,8.448275862068966,27.600185534004485,0.19034610713106545,545.5389072573367,1,3.0,5.0,4.0,8.0,3.076923076923077,-0.7853,2.0985,1187.0021,1187.366459,-0.36435900000014954,0.0090625
56,89,145,0.22758620689655173,7.510344827586207,27.600185534004485,0.19034610713106545,565.9315823552796,1,3.0,6.0,4.0,7.0,3.230769230769231,-1.6591,2.8422,1194.1057,1194.0458695,0.05983050000008916,0.0084825
57,88,145,0.21379310344827587,6.627586206896551,27.600185534004485,0.19034610713106545,586.700556991065,1,3.0,7.0,4.0,6.0,3.230769230769231,-1.3645,2.8828,1198.6383,1198.5826585,0.05564150000009249,0.012267
58,87,145,0.2,5.8,27.600185534004485,0.19034610713106545,607.8458826968906,1,3.0,8.0,4.0,5.0,3.076923076923077,-0.0675,2.5082,1201.9976,1202.032049,-0.03444899999999507,0.033901
59,86,145,0.18620689655172415,5.027586206896552,27.600185534004485,0.19034610713106545,629.3676095196429,1,3.0,9.0,4.0,4.0,2.769230769230769,-0.1817,2.4612,1203.9772,1203.8086325,0.16856750000010834,0.0071485
60,85,145,0.1724137931034483,4.310344827586207,27.600185534004485,0.19034610713106545,651.2657860882337,1,3.0,10.0,4.0,3.0,2.3076923076923075,-0.2963,2.0686,1204.9264,1204.8323035,0.09409649999997782,0.001276
61,84,145,0.15862068965517243,3.6482758620689655,27.600185534004485,0.19034610713106545,673.5404596768101,1,3.0,11.0,4.0,2.0,1.6923076923076923,-0.2272,1.2051,1203.9436,1203.8854535,0.05814650000002075,0.0027985
62,83,145,0.14482758620689656,3.0413793103448277,27.600185534004485,0.19034610713106545,696.1916762641532,1,3.0,12.0,4.0,1.0,0.9230769230769231,-0.1497,0.387,1202.2368,1202.4870155,-0.2502155000001949,0.001479
63,82,145,0.1310344827586207,2.489655172413793,27.600185534004485,0.19034610713106545,719.2194805895534,1,3.0,13.0,4.0,0.0,0.0,-1.2052,0.0861,1199.0706,1199.044788,0.02581200000008721,0.0030595
64,81,145,0.11724137931034483,1.993103448275862,27.600185534004485,0.19034610713106545,742.6239162054242,1,3.0,14.0,3.0,1.0,0.9333333333333333,0.1627,0.0729,1193.1479,1193.1975325,-0.04963250000014341,0.01972
65,80,145,0.10344827586206896,1.5517241379310345,27.600185534004485,0.19034610713106545,766.4050255268937,1,3.0,15.0,3.0,2.0,1.7647058823529411,-0.118,1.2095,1185.6906,1185.8882565,-0.19765649999999368,0.110896
66,79,145,0.0896551724137931,1.1655172413793105,27.600185534004485,0.19034610713106545,790.5628498785909,1,3.0,16.0,3.0,3.0,2.526315789473684,0.1688,2.5746,1177.3514,1176.948818,0.4025819999999385,0.006525
67,78,145,0.07586206896551724,0.8344827586206897,27.600185534004485,0.19034610713106545,815.0974295388246,1,3.0,15.0,3.0,4.0,3.1578947368421053,0.5813,3.6371,1167.3167,1167.043984,0.27271600000017315,0.007453
54,92,146,0.2602739726027397,9.89041095890411,27.7269375249599,0.18991053099287608,524.3199058040149,2,3.0,4.0,4.0,10.0,2.857142857142857,-1.6614,2.6504,1183.5002,1184.1206484,-0.6204483999999866,0.0242214
55,91,146,0.2465753424657534,8.876712328767123,27.7269375249599,0.18991053099287608,544.2905301088008,0,3.0,5.0,4.0,9.0,3.2142857142857144,-1.431,2.6971,1190.4362,1190.693729,-0.2575289999999768,0.0028908
56,90,146,0.2328767123287671,7.917808219178082,27.7269375249599,0.18991053099287608,564.6365398832422,2,3.0,6.0,4.0,8.0,3.4285714285714284,-1.6144,2.738,1199.5114,1199.4672778,0.044122200000174416,0.0017666
57,89,146,0.2191780821917808,7.013698630136986,27.7269375249599,0.18991053099287608,585.357988095176,0,3.0,7.0,4.0,7.0,3.5,-0.8795,2.7689,1202.9867,1203.0398248,-0.05312479999997777,0.001679
58,88,146,0.2054794520547945,6.164383561643835,27.7269375249599,0.18991053099287608,606.4549261588768,2,3.0,8.0,4.0,6.0,3.4285714285714284,-1.3509,2.6774,1208.6566,1208.6621826,-0.005582600000025195,0.0146584
59,87,146,0.1917808219178082,5.36986301369863,27.7269375249599,0.18991053099287608,627.9274040067069,0,3.0,9.0,4.0,5.0,3.2142857142857144,0.6035,2.407,1209.0948,1208.92745,0.16735000000016953,0.0343538
60,86,146,0.1780821917808219,4.63013698630137,27.7269375249599,0.18991053099287608,649.775470156299,2,3.0,10.0,4.0,4.0,2.857142857142857,0.1058,2.3462,1212.4528,1212.3975342,0.055265799999915544,0.0012702
61,85,146,0.1643835616438356,3.9452054794520546,27.7269375249599,0.18991053099287608,671.9991717736206,0,3.0,11.0,4.0,3.0,2.357142857142857,0.3447,1.5593,1210.1414,1210.14363,-0.002230000000054133,0.0042778
62,84,146,0.1506849315068493,3.315068493150685,27.7269375249599,0.18991053099287608,694.5985547322381,2,3.0,12.0,4.0,2.0,1.7142857142857142,0.1169,0.6677,1210.5688,1210.9032826,-0.3344826000000012,0.0030514
63,83,146,0.136986301369863,2.73972602739726,27.7269375249599,0.18991053099287608,717.5736636690631,0,3.0,13.0,4.0,1.0,0.9285714285714286,-0.1074,0.157,1206.2604,1206.2421742,0.018225799999981973,0.0060152
64,82,146,0.1232876712328767,2.219178082191781,27.7269375249599,0.18991053099287608,740.9245420368464,2,3.0,14.0,4.0,0.0,0.0,-1.5176,0.0227,1204.5698,1204.4280512,0.14174879999995937,0.0040734
65,81,146,0.1095890410958904,1.7534246575342465,27.7269375249599,0.18991053099287608,764.6512321536566,0,3.0,15.0,3.0,1.0,0.9375,0.2985,0.2726,1195.2152,1195.3235204,-0.10832039999991139,0.0448658
66,80,146,0.0958904109589041,1.3424657534246576,27.7269375249599,0.18991053099287608,788.7537752495574,2,3.0,16.0,3.0,2.0,1.7777777777777777,-0.516,1.822,1189.5375,1189.3324688,0.20503119999989394,0.0067014
67,79,146,0.0821917808219178,0.9863013698630136,27.7269375249599,0.18991053099287608,813.2322115106874,0,3.0,15.0,3.0,3.0,2.5,-0.0546,3.0573,1178.1158,1177.2334196,0.8823804000001019,0.0065846
68,78,146,0.0684931506849315,0.684931506849315,27.7269375249599,0.18991053099287608,838.0865801209192,2,3.0,14.0,3.0,4.0,3.111111111111111,0.2108,4.0403,1169.5778,1169.5348542,0.042945800000097734,0.0067014
55,92,147,0.25170068027210885,9.312925170068027,27.853400455274738,0.18947891466173297,543.0535019121373,1,3.0,5.0,4.0,10.0,3.3333333333333335,-1.4131,3.4945,1195.0961,1195.374747,-0.2786470000000918,0.008379
56,91,147,0.23809523809523808,8.333333333333334,27.853400455274738,0.18947891466173297,563.353270595859,1,3.0,6.0,4.0,9.0,3.6,-1.4245,3.4086,1203.1108,1202.9363535,0.1744464999999309,0.0197421
57,90,147,0.22448979591836735,7.408163265306122,27.853400455274738,0.18947891466173297,584.0276244449556,1,3.0,7.0,4.0,8.0,3.7333333333333334,-1.4164,2.8674,1208.7167,1208.5683792,0.14832079999996495,0.0107163
58,89,147,0.2108843537414966,6.537414965986395,27.853400455274738,0.18947891466173297,605.0766147568503,1,3.0,8.0,4.0,7.0,3.7333333333333334,-1.3476,2.7955,1213.3026,1213.1215278,0.1810722000000169,0.0085848
59,88,147,0.19727891156462585,5.72108843537415,27.853400455274738,0.18947891466173297,626.5002913504226,1,3.0,9.0,4.0,6.0,3.6,-0.9863,2.6423,1215.8903,1215.76938,0.1209200000000692,0.0158613
60,87,147,0.1836734693877551,4.959183673469388,27.853400455274738,0.18947891466173297,648.2987026330371,1,3.0,10.0,4.0,5.0,3.3333333333333335,0.9111,2.316,1217.6185,1217.6897292,-0.07122920000006161,0.0012789
61,86,147,0.17006802721088435,4.2517006802721085,27.853400455274738,0.18947891466173297,670.4718956634662,1,3.0,11.0,4.0,4.0,2.933333333333333,0.7564,1.8373,1217.7234,1217.8025664,-0.07916639999984909,0.0012936
62,85,147,0.1564625850340136,3.598639455782313,27.853400455274738,0.18947891466173297,693.0199162110173,1,3.0,12.0,4.0,3.0,2.4,0.6812,1.0255,1216.8053,1217.2442898,-0.4389897999999448,0.0012642
63,84,147,0.14285714285714285,3.0,27.853400455274738,0.18947891466173297,715.9428088111542,1,3.0,13.0,4.0,2.0,1.7333333333333334,0.7124,0.3442,1214.5746,1214.7405123,-0.16591230000017276,0.0025725
64,83,147,0.1292517006802721,2.45578231292517,27.853400455274738,0.18947891466173297,739.2406168178713,1,3.0,14.0,4.0,1.0,0.9333333333333333,-0.3707,0.1014,1211.8221,1211.7704802,0.05161980000002586,0.0018816
65,82,147,0.11564625850340136,1.965986394557823,27.853400455274738,0.18947891466173297,762.9133824530593,1,3.0,15.0,4.0,0.0,0.0,-1.1125,0.1198,1206.6289,1206.373875,0.25502499999993233,0.0080997
66,81,147,0.10204081632653061,1.530612244897959,27.853400455274738,0.18947891466173297,786.9611468530769,1,3.0,16.0,3.0,1.0,0.9411764705882353,-0.205,0.7959,1199.051,1199.044896,0.006103999999822918,0.0088494
67,80,147,0.08843537414965986,1.1496598639455782,27.853400455274738,0.18947891466173297,811.3839501127303,1,3.0,15.0,3.0,2.0,1.7647058823529411,-0.7349,2.3066,1190.4258,1189.8236007,0.6021992999999384,0.004998
68,79,147,0.07482993197278912,0.8231292517006803,27.853400455274738,0.18947891466173297,836.1818313268374,1,3.0,14.0,3.0,3.0,2.4705882352941178,-0.4327,3.4558,1180.4771,1179.891972,0.585128000000168,0.0381906
69,78,147,0.061224489795918366,0.5510204081632653,27.853400455274738,0.18947891466173297,861.3548286295461,1,3.0,13.0,3.0,4.0,3.0588235294117645,-0.1283,4.2606,1168.833,1168.4762166,0.3567834000000403,0.0068355
55,93,148,0.25675675675675674,9.756756756756756,27.97957694388431,0.18905119556678593,541.8276433370006,0,3.0,5.0,4.0,11.0,3.4375,-1.2865,4.1266,1198.3339,1198.4369412,-0.10304120000000694,0.0130388
56,92,148,0.24324324324324326,8.756756756756756,27.97957694388431,0.18905119556678593,562.0815884592748,2,3.0,6.0,4.0,10.0,3.75,-1.4242,4.2518,1208.4456,1208.2885464,0.15705359999992652,0.0014948
57,91,148,0.22972972972972974,7.8108108108108105,27.97957694388431,0.18905119556678593,582.7092731793406,0,3.0,7.0,4.0,9.0,3.9375,-1.5137,3.6067,1212.9993,1212.670042,0.3292579999999816,0.019462
58,90,148,0.21621621621621623,6.918918918918919,27.97957694388431,0.18905119556678593,603.7107486788256,2,3.0,8.0,4.0,8.0,4.0,-1.7694,3.0686,1219.8146,1219.5773648,0.23723519999998643,0.0111888
59,89,148,0.20270270270270271,6.081081081081081,27.97957694388431,0.18905119556678593,625.0860646641509,0,3.0,9.0,4.0,7.0,3.9375,-1.0772,2.8562,1221.1902,1220.9320532,0.25814680000007684,0.0150368
60,88,148,0.1891891891891892,5.297297297297297,27.97957694388431,0.18905119556678593,646.8352694334088,2,3.0,10.0,4.0,6.0,3.75,-0.8078,2.5647,1224.9803,1225.0223144,-0.04201439999997092,0.0020572
61,87,148,0.17567567567567569,4.5675675675675675,27.97957694388431,0.18905119556678593,668.9584099391441,0,3.0,11.0,4.0,5.0,3.4375,-0.0536,1.8556,1223.4677,1223.6977884,-0.23008840000011332,0.0056832
62,86,148,0.16216216216216217,3.891891891891892,27.97957694388431,0.18905119556678593,691.4555318473471,2,3.0,12.0,4.0,4.0,3.0,0.8806,1.3287,1224.9622,1225.3856248,-0.4234248000000207,0.0012432
63,85,148,0.14864864864864866,3.27027027027027,27.97957694388431,0.18905119556678593,714.3266795929495,0,3.0,13.0,4.0,3.0,2.4375,1.572,0.4894,1221.1272,1221.564694,-0.43749400000001515,0.0099604
64,84,148,0.13513513513513514,2.7027027027027026,27.97957694388431,0.18905119556678593,737.5718964320813,2,3.0,14.0,4.0,2.0,1.75,0.5061,0.2742,1220.6621,1220.7542904,-0.09219039999993583,0.0014652
65,83,148,0.12162162162162163,2.189189189189189,27.97957694388431,0.18905119556678593,761.1912244913233,0,3.0,15.0,4.0,1.0,0.9375,-0.1495,0.2905,1214.4957,1214.2394636,0.25623640000003434,0.0124616
66,82,148,0.10810810810810811,1.7297297297297298,27.97957694388431,0.18905119556678593,785.1847048141759,2,3.0,16.0,4.0,0.0,0.0,-1.1719,0.4172,1210.7638,1210.779564,-0.01576399999999012,0.0087172
67,81,148,0.0945945945945946,1.3243243243243243,27.97957694388431,0.18905119556678593,809.5523774049369,0,3.0,15.0,3.0,1.0,0.9375,-0.4031,1.1781,1200.36,1200.1289956,0.231004399999847,0.0838272
68,80,148,0.08108108108108109,0.972972972972973,27.97957694388431,0.18905119556678593,834.2942812701742,2,3.0,14.0,3.0,2.0,1.75,-1.1377,2.7067,1193.3192,1192.8344752,0.4847247999998672,0.0102416
69,79,148,0.06756756756756757,0.6756756756756757,27.97957694388431,0.18905119556678593,859.4104544579534,0,3.0,13.0,3.0,3.0,2.4375,-0.7415,3.647,1180.2222,1179.3381628,0.8840371999999661,0.0102416
56,93,149,0.2483221476510067,9.187919463087248,28.105469568479982,0.18862731254013418,560.8213116108421,1,3.0,6.0,4.0,11.0,3.8823529411764706,-1.4794,4.947,1211.8235,1211.6455755,0.17792450000001736,0.0025181
57,92,149,0.2348993288590604,8.221476510067115,28.105469568479982,0.18862731254013418,581.4027457615542,1,3.0,7.0,4.0,10.0,4.117647058823529,-1.7505,4.6002,1218.6104,1218.2525335,0.3578665000000001,0.200256
58,91,149,0.2214765100671141,7.308724832214765,28.105469568479982,0.18862731254013418,602.3571325929555,1,3.0,8.0,4.0,9.0,4.235294117647059,-2.0936,3.9849,1224.3577,1223.9201806,0.4375193999999283,0.0102512
59,90,149,0.2080536912751678,6.449664429530201,28.105469568479982,0.18862731254013418,623.6845217000172,1,3.0,9.0,4.0,8.0,4.235294117647059,-1.7754,3.2797,1227.9327,1227.507296,0.4254040000000714,0.0098787
60,89,149,0.19463087248322147,5.644295302013423,28.105469568479982,0.18862731254013418,645.3849612725398,1,3.0,10.0,4.0,7.0,4.117647058823529,-1.3705,2.907,1230.4349,1230.0611113,0.3737886999999773,0.0020562
61,88,149,0.18120805369127516,4.89261744966443,28.105469568479982,0.18862731254013418,667.4584981577929,1,3.0,11.0,4.0,6.0,3.8823529411764706,-0.1534,2.306,1231.0865,1230.9676273,0.11887269999988348,0.0021903
62,87,149,0.16778523489932887,4.194630872483222,28.105469568479982,0.18862731254013418,689.9051779193761,1,3.0,12.0,4.0,5.0,3.5294117647058822,0.427,1.6099,1230.9987,1231.2567767,-0.25807669999994687,0.0011622
63,86,149,0.15436241610738255,3.5503355704697985,28.105469568479982,0.18862731254013418,712.7250448925913,1,3.0,13.0,4.0,4.0,3.0588235294117645,0.897,0.9186,1229.4814,1229.779844,-0.2984440000000177,0.0039038
64,85,149,0.14093959731543623,2.959731543624161,28.105469568479982,0.18862731254013418,735.918142236581,1,3.0,14.0,4.0,3.0,2.4705882352941178,1.5006,0.3344,1227.1757,1227.6833544,-0.5076544000000922,0.0033078
65,84,149,0.12751677852348994,2.422818791946309,28.105469568479982,0.18862731254013418,759.4845119834717,1,3.0,15.0,4.0,2.0,1.7647058823529411,0.5465,0.5769,1223.5284,1223.2624797,0.26592029999983424,0.0036356
66,83,149,0.11409395973154363,1.9395973154362416,28.105469568479982,0.18862731254013418,783.4241950847373,1,3.0,16.0,4.0,1.0,0.9411764705882353,-0.377,0.6884,1218.7832,1218.6854828,0.0977172000000337,0.0091784
67,82,149,0.10067114093959731,1.5100671140939597,28.105469568479982,0.18862731254013418,807.7372314549801,1,3.0,15.0,4.0,0.0,0.0,-1.1862,0.6638,1212.0393,1211.854995,0.18430499999999483,0.0119796
68,81,149,0.087248322147651,1.1342281879194631,28.105469568479982,0.18862731254013418,832.4236600133087,1,3.0,14.0,3.0,1.0,0.9333333333333333,-0.8303,1.4891,1203.2524,1203.1684142,0.08398580000016409,0.0279375
56,94,150,0.25333333333333335,9.626666666666667,28.23108086643085,0.18820720577620573,559.572262238351,2,3.0,6.0,4.0,12.0,4.0,-1.8042,5.6704,1216.8785,1216.776075,0.10242500000003929,0.005685
57,93,150,0.24,8.64,28.23108086643085,0.18820720577620573,580.1078578539028,0,3.0,7.0,4.0,11.0,4.277777777777778,-1.8495,5.3728,1222.674,1222.415085,0.2589149999998881,0.00252
58,92,150,0.22666666666666666,7.706666666666667,28.23108086643085,0.18820720577620573,601.0155755178156,2,3.0,8.0,4.0,10.0,4.444444444444445,-2.6627,5.1095,1230.7216,1230.16845,0.553150000000187,0.0117
59,91,150,0.21333333333333335,6.826666666666667,28.23108086643085,0.18820720577620573,622.2954647146036,0,3.0,9.0,4.0,9.0,4.5,-2.2794,4.3347,1233.1912,1232.83974,0.35146000000008826,0.009015
60,90,150,0.2,6.0,28.23108086643085,0.18820720577620573,643.9475735267403,2,3.0,10.0,4.0,8.0,4.444444444444445,-1.9971,3.4319,1237.8434,1237.436835,0.4065650000000005,0.001125
61,89,150,0.18666666666666668,5.226666666666667,28.23108086643085,0.18820720577620573,665.9719486971576,0,3.0,11.0,4.0,7.0,4.277777777777778,-0.8896,2.64,1237.0725,1236.571875,0.5006249999999,0.020025
62,88,150,0.17333333333333334,4.506666666666667,28.23108086643085,0.18820720577620573,688.3686356879772,2,3.0,12.0,4.0,6.0,4.0,0.2792,2.05,1239.1448,1239.243525,-0.09872500000005857,0.00111
63,87,150,0.16,3.84,28.23108086643085,0.18820720577620573,711.1376787357583,0,3.0,13.0,4.0,5.0,3.611111111111111,0.583,1.3356,1236.1866,1236.202215,-0.015615000000025248,0.006225
64,86,150,0.14666666666666667,3.2266666666666666,28.23108086643085,0.18820720577620573,734.27912090352,2,3.0,14.0,4.0,4.0,3.111111111111111,0.6798,0.7076,1236.0112,1236.391545,-0.3803450000000339,0.00606
65,85,150,0.13333333333333333,2.6666666666666665,28.23108086643085,0.18820720577620573,757.793004129776,0,3.0,15.0,4.0,3.0,2.5,1.5552,0.6494,1230.5742,1230.95094,-0.376739999999927,0.007365
66,84,150,0.12,2.16,28.23108086643085,0.18820720577620573,781.6793692747938,2,3.0,16.0,4.0,2.0,1.7777777777777777,0.0985,1.0961,1228.4618,1228.372425,0.08937500000001819,0.00432
67,83,150,0.10666666666666667,1.7066666666666668,28.23108086643085,0.18820720577620573,805.9382561642789,0,3.0,15.0,4.0,1.0,0.9375,-0.4657,0.9702,1220.6049,1220.226345,0.37855500000000575,0.014175
68,82,150,0.09333333333333334,1.3066666666666666,28.23108086643085,0.18820720577620573,830.5697036306599,2,3.0,14.0,4.0,0.0,0.0,-1.4315,0.8596,1215.334,1215.32943,0.004570000000057917,0.01719
57,94,151,0.24503311258278146,9.066225165562914,28.356413335678806,0.18779081679257492,578.824429197004,1,3.0,7.0,4.0,12.0,4.421052631578948,-2.0585,6.1559,1227.896,1227.4855836,0.410416400000031,0.4354689
58,93,151,0.23178807947019867,8.112582781456954,28.356413335678806,0.18779081679257492,599.6858906972793,1,3.0,8.0,4.0,11.0,4.631578947368421,-2.6721,5.9556,1234.9384,1234.6179629,0.3204370999999355,0.0176972
59,92,151,0.2185430463576159,7.211920529801325,28.356413335678806,0.18779081679257492,620.9187003393932,1,3.0,9.0,4.0,10.0,4.7368421052631575,-2.7466,5.5468,1239.741,1239.3902424,0.3507575999999517,0.0116572
60,91,151,0.2052980132450331,6.364238410596027,28.356413335678806,0.18779081679257492,642.5229060994413,1,3.0,10.0,4.0,9.0,4.7368421052631575,-2.5925,4.608,1243.2661,1242.7713891,0.49471089999997275,0.0011325
61,90,151,0.19205298013245034,5.569536423841059,28.356413335678806,0.18779081679257492,664.4985546169416,1,3.0,11.0,4.0,8.0,4.631578947368421,-1.6177,3.2,1244.5778,1244.4321173,0.1456826999999521,0.0046055
62,89,151,0.17880794701986755,4.827814569536423,28.356413335678806,0.18779081679257492,686.845691253436,1,3.0,12.0,4.0,7.0,4.421052631578948,-0.4702,2.2891,1245.0532,1244.8399985,0.2132014999999683,0.0011174
63,88,151,0.16556291390728478,4.139072847682119,28.356413335678806,0.18779081679257492,709.5643601476144,1,3.0,13.0,4.0,6.0,4.105263157894737,0.4288,1.7792,1244.4041,1244.1342698,0.26983019999988755,0.0011627
64,87,151,0.152317880794702,3.5033112582781456,28.356413335678806,0.18779081679257492,732.6546042672235,1,3.0,14.0,4.0,5.0,3.6842105263157894,0.4597,1.2089,1242.8328,1242.8877346,-0.05493460000002415,0.0029898
65,86,151,0.1390728476821192,2.9205298013245033,28.356413335678806,0.18779081679257492,756.1164654579924,1,3.0,15.0,4.0,4.0,3.1578947368421053,0.4302,1.152,1239.6094,1239.5400193,0.06938070000001062,0.0040921
66,85,151,0.12582781456953643,2.390728476821192,28.356413335678806,0.18779081679257492,779.9499844897898,1,3.0,16.0,4.0,3.0,2.526315789473684,0.8843,1.2103,1235.5917,1235.8865139,-0.2948139000000083,0.0032465
67,84,151,0.11258278145695365,1.913907284768212,28.356413335678806,0.18779081679257492,804.1552011002104,1,3.0,15.0,4.0,2.0,1.7647058823529411,-0.0553,1.45,1230.4353,1229.9745317,0.46076830000015434,0.008305
68,83,151,0.09933774834437085,1.490066225165563,28.356413335678806,0.18779081679257492,828.7321540357707,1,3.0,14.0,4.0,1.0,0.9333333333333333,-0.7575,1.1913,1223.9855,1223.8357173,0.14978270000005978,0.0164741
69,82,151,0.08609271523178808,1.119205298013245,28.356413335678806,0.18779081679257492,853.6808810908748,1,3.0,13.0,4.0,0.0,0.0,-1.5632,0.9344,1215.7179,1215.5586976,0.1592024000001402,0.0193733
70,81,151,0.0728476821192053,0.8013245033112583,28.356413335678806,0.18779081679257492,879.0014191447069,1,3.0,12.0,3.0,1.0,0.9230769230769231,-1.3873,1.6111,1205.4406,1205.5470956,-0.10649560000001657,0.30049
59,93,152,0.2236842105263158,7.605263157894737,28.48146943560797,0.18737808839215775,619.5540394557717,0,3.0,9.0,4.0,11.0,4.95,-2.9374,6.4535,1244.6012,1244.4399448,0.16125520000014149,0.018544
60,92,152,0.21052631578947367,6.7368421052631575,28.48146943560797,0.18737808839215775,641.1107632918474,2,3.0,10.0,4.0,10.0,5.0,-3.3092,5.8959,1250.4752,1250.0491856,0.42601439999998547,0.024472
61,91,152,0.19736842105263158,5.921052631578948,28.48146943560797,0.18737808839215775,663.0381135250352,0,3.0,11.0,4.0,9.0,4.95,-2.0536,4.4032,1250.5771,1250.3716536,0.205446400000028,0.0259008
62,90,152,0.18421052631578946,5.157894736842105,28.48146943560797,0.18737808839215775,685.3361354171802,2,3.0,12.0,4.0,8.0,4.8,-1.1501,2.8541,1253.1084,1253.097804,0.010596000000077765,0.0010184
63,89,152,0.17105263157894737,4.447368421052632,28.48146943560797,0.18737808839215775,708.0048730099646,0,3.0,13.0,4.0,7.0,4.55,0.3751,2.0209,1250.8434,1250.4409808,0.40241919999994025,0.0011704
64,88,152,0.15789473684210525,3.789473684210526,28.48146943560797,0.18737808839215775,731.0443691766999,2,3.0,14.0,4.0,6.0,4.2,0.4103,1.672,1251.6085,1251.4774384,0.1310616000000664,0.0010032
65,87,152,0.14473684210526316,3.1842105263157894,28.48146943560797,0.18737808839215775,754.4546656711464,0,3.0,15.0,4.0,5.0,3.75,0.4445,1.703,1247.0009,1246.7050944,0.29580559999999423,0.0400064
66,86,152,0.13157894736842105,2.6315789473684212,28.48146943560797,0.18737808839215775,778.235803173568,2,3.0,16.0,4.0,4.0,3.2,0.2289,1.6633,1245.0994,1245.3233992,-0.2239991999999802,0.0045904
67,85,152,0.11842105263157894,2.1315789473684212,28.48146943560797,0.18737808839215775,802.3878213342242,0,3.0,15.0,4.0,3.0,2.5,0.6945,1.6414,1238.1558,1238.0277336,0.12806640000007974,0.0125248
68,84,152,0.10526315789473684,1.6842105263157894,28.48146943560797,0.18737808839215775,826.9107588144738,2,3.0,14.0,4.0,2.0,1.75,-0.3806,1.7229,1234.3828,1234.140972,0.24182800000016869,0.0088312
69,83,152,0.09210526315789473,1.2894736842105263,28.48146943560797,0.18737808839215775,851.804653325656,0,3.0,13.0,4.0,1.0,0.9285714285714286,-0.8677,1.2601,1224.8662,1224.5786824,0.28751760000000104,0.0540208
70,82,152,0.07894736842105263,0.9473684210526315,28.48146943560797,0.18737808839215775,877.0695416659017,2,3.0,12.0,4.0,0.0,0.0,-1.8687,0.9397,1218.1006,1218.3464392,-0.2458392000000913,0.1497048
59,94,153,0.22875816993464052,8.006535947712418,28.606251587889357,0.18696896462672788,618.2012970743948,1,3.0,9.0,4.0,12.0,5.142857142857143,-3.0784,7.3314,1250.6166,1250.3216763,0.29492370000002666,0.0118881
60,93,153,0.21568627450980393,7.117647058823529,28.606251587889357,0.18696896462672788,639.7109536781072,1,3.0,10.0,4.0,11.0,5.238095238095238,-3.3774,6.8708,1255.4517,1255.3012296,0.15047040000013112,0.002754
61,92,153,0.20261437908496732,6.281045751633987,28.606251587889357,0.18696896462672788,661.5904274484157,1,3.0,11.0,4.0,10.0,5.238095238095238,-2.7481,5.7155,1257.8888,1257.8365008,0.05229919999987942,0.0090576
62,91,153,0.1895424836601307,5.496732026143791,28.606251587889357,0.18696896462672788,683.8397635483402,1,3.0,12.0,4.0,9.0,5.142857142857143,-1.7337,4.0724,1259.1547,1258.9662069,0.18849309999995967,0.0010251
63,90,153,0.17647058823529413,4.764705882352941,28.606251587889357,0.18696896462672788,706.4590059234015,1,3.0,13.0,4.0,8.0,4.9523809523809526,-0.5436,2.4902,1258.8489,1258.9912683,-0.14236830000004375,0.0011781
64,89,153,0.16339869281045752,4.084967320261438,28.606251587889357,0.18696896462672788,729.4481973533011,1,3.0,14.0,4.0,7.0,4.666666666666667,0.3205,1.9231,1258.0887,1257.7243977,0.364302299999963,0.0010098
65,88,153,0.1503267973856209,3.457516339869281,28.606251587889357,0.18696896462672788,752.8073795006335,1,3.0,15.0,4.0,6.0,4.285714285714286,0.2864,2.2185,1255.8798,1255.3727112,0.5070888000000195,0.0039474
66,87,153,0.13725490196078433,2.8823529411764706,28.606251587889357,0.18696896462672788,776.536592956841,1,3.0,16.0,4.0,5.0,3.8095238095238093,0.2,2.2833,1252.5905,1252.4199642,0.17053579999992508,0.0040086
67,86,153,0.12418300653594772,2.3594771241830066,28.606251587889357,0.18696896462672788,800.63587728561,1,3.0,15.0,4.0,4.0,3.1578947368421053,0.4042,1.8976,1247.5438,1247.5064916,0.037308400000028996,0.0050643
68,85,153,0.1111111111111111,1.8888888888888888,28.606251587889357,0.18696896462672788,825.1052710638855,1,3.0,14.0,4.0,3.0,2.4705882352941178,0.2842,1.9929,1242.2292,1242.1787562,0.05044380000003912,0.0092871
69,84,153,0.09803921568627451,1.4705882352941178,28.606251587889357,0.18696896462672788,849.9448119206675,1,3.0,13.0,4.0,2.0,1.7333333333333334,-0.4602,1.7952,1235.3574,1234.9023363,0.4550637000002098,0.0119799
71,82,153,0.0718954248366013,0.7908496732026143,28.606251587889357,0.18696896462672788,900.7344808644791,1,3.0,11.0,4.0,0.0,0.0,-2.1618,0.9093,1217.6544,1217.7404946,-0.086094600000024,0.1500165
60,94,154,0.22077922077922077,7.5064935064935066,28.730762177301624,0.18656339076169892,638.323289984817,2,3.0,10.0,4.0,12.0,5.454545454545454,-3.5798,7.8004,1262.0986,1261.6217614,0.4768386000000646,0.0010318
61,93,154,0.2077922077922078,6.64935064935065,28.730762177301624,0.18656339076169892,660.1553027085312,0,3.0,11.0,4.0,11.0,5.5,-2.8539,6.7297,1263.4622,1263.526418,-0.06421799999998257,0.025025
62,92,154,0.19480519480519481,5.8441558441558445,28.730762177301624,0.18656339076169892,682.3563754549393,2,3.0,12.0,4.0,10.0,5.454545454545454,-2.3345,5.3959,1267.032,1266.9330366,0.09896340000000237,0.001309
63,91,154,0.18181818181818182,5.090909090909091,28.730762177301624,0.18656339076169892,704.9265520742352,0,3.0,13.0,4.0,9.0,5.318181818181818,-1.1279,3.6758,1265.3911,1265.4334924,-0.042392399999926056,0.0011858
64,90,154,0.16883116883116883,4.3896103896103895,28.730762177301624,0.18656339076169892,727.8658752533227,2,3.0,14.0,4.0,8.0,5.090909090909091,-0.3399,2.3477,1266.5903,1266.6191384,-0.028838400000040565,0.001001
65,89,154,0.15584415584415584,3.74025974025974,28.730762177301624,0.18656339076169892,751.1743865644212,0,3.0,15.0,4.0,7.0,4.7727272727272725,0.207,2.5059,1262.913,1262.2871338,0.6258662000000186,0.0453068
66,88,154,0.14285714285714285,3.142857142857143,28.730762177301624,0.18656339076169892,774.8521265109222,2,3.0,16.0,4.0,6.0,4.363636363636363,-0.007,2.8489,1262.0504,1261.742097,0.30830300000002353,0.0074382
67,87,154,0.12987012987012986,2.5974025974025974,28.730762177301624,0.18656339076169892,798.8991345706903,0,3.0,15.0,4.0,5.0,3.75,0.3864,2.549,1255.577,1255.205105,0.371894999999995,0.0082236
68,86,154,0.11688311688311688,2.103896103896104,28.730762177301624,0.18656339076169892,823.3154492369891,2,3.0,14.0,4.0,4.0,3.111111111111111,0.667,2.2664,1252.1531,1252.3883526,-0.23525259999996706,0.0049588
69,85,154,0.1038961038961039,1.6623376623376624,28.730762177301624,0.18656339076169892,848.1011080571939,0,3.0,13.0,4.0,3.0,2.4375,0.1592,2.0957,1243.7375,1243.428186,0.3093139999998584,0.0144144
70,84,154,0.09090909090909091,1.2727272727272727,28.730762177301624,0.18656339076169892,873.2561476694416,2,3.0,12.0,4.0,2.0,1.7142857142857142,-0.7178,1.7821,1238.2965,1238.1507908,0.14570919999982834,0.0172788
59,96,155,0.23870967741935484,8.832258064516129,28.855003552528782,0.18616131324212123,615.5308478126975,1,3.0,9.0,4.0,14.0,5.478260869565218,-3.3492,8.9814,1260.5483,1260.311169,0.23713099999986298,0.017205
60,95,155,0.22580645161290322,7.903225806451613,28.855003552528782,0.18616131324212123,636.9475889746783,1,3.0,10.0,4.0,13.0,5.6521739130434785,-3.684,8.6483,1266.63,1266.397275,0.23272500000007312,0.0091605
61,94,155,0.2129032258064516,7.025806451612903,28.855003552528782,0.18616131324212123,658.7325498009784,1,3.0,11.0,4.0,12.0,5.739130434782608,-3.0841,7.7065,1270.2358,1270.2711435,-0.03534350000018094,0.004712
62,93,155,0.2,6.2,28.855003552528782,0.18616131324212123,680.885775259527,1,3.0,12.0,4.0,11.0,5.739130434782608,-2.4768,6.4335,1272.6769,1272.739999,-0.0630989999999656,0.001333
63,92,155,0.1870967741935484,5.425806451612903,28.855003552528782,0.18616131324212123,703.4073091060127,1,3.0,13.0,4.0,10.0,5.6521739130434785,-1.6756,4.9844,1273.3177,1273.58478,-0.26707999999985077,0.0012555
64,91,155,0.17419354838709677,4.703225806451613,28.855003552528782,0.18616131324212123,726.2971939353415,1,3.0,14.0,4.0,9.0,5.478260869565218,-0.6038,3.462,1273.087,1273.0543855,0.03261449999990873,0.0009765
65,90,155,0.16129032258064516,4.032258064516129,28.855003552528782,0.18616131324212123,749.5554712301373,1,3.0,15.0,4.0,8.0,5.217391304347826,-0.2545,2.9463,1271.4829,1271.4521815,0.030718499999920823,0.009827
66,89,155,0.14838709677419354,3.412903225806452,28.855003552528782,0.18616131324212123,773.1821814064994,1,3.0,16.0,4.0,7.0,4.869565217391305,-0.0834,3.1586,1269.1274,1268.575335,0.5520650000000842,0.009641
67,88,155,0.13548387096774195,2.8451612903225807,28.855003552528782,0.18616131324212123,797.1773638572106,1,3.0,15.0,4.0,6.0,4.285714285714286,0.1478,3.1475,1265.1375,1264.6768525,0.46064750000005006,0.0174685
68,87,155,0.12258064516129032,2.329032258064516,28.855003552528782,0.18616131324212123,821.5410569925748,1,3.0,14.0,4.0,5.0,3.6842105263157894,0.3809,2.6951,1260.0085,1260.063882,-0.0553820000000087,0.006076
69,86,155,0.10967741935483871,1.864516129032258,28.855003552528782,0.18616131324212123,846.2732982790457,1,3.0,13.0,4.0,4.0,3.0588235294117645,0.4921,2.4069,1253.7788,1253.69828,0.08051999999997861,0.00992
70,85,155,0.0967741935483871,1.4516129032258065,28.855003552528782,0.18616131324212123,871.3741242757984,1,3.0,12.0,4.0,3.0,2.4,-0.1334,2.0981,1246.7526,1246.792627,-0.04002700000000914,0.0166005
71,84,155,0.08387096774193549,1.0903225806451613,28.855003552528782,0.18616131324212123,896.8435706693806,1,3.0,11.0,4.0,2.0,1.6923076923076923,-0.8754,1.7117,1238.3998,1238.0527195,0.3470804999999473,0.019251
59,97,156,0.24358974358974358,9.256410256410257,28.978978026935593,0.1857626796598436,614.2127905719494,0,3.0,9.0,4.0,15.0,5.625,-3.1571,9.5942,1264.5074,1264.4164572,0.09094279999999344,0.0010296
60,96,156,0.23076923076923078,8.307692307692308,28.978978026935593,0.1857626796598436,635.5836713341434,2,3.0,10.0,4.0,14.0,5.833333333333333,-3.9826,9.524,1272.8062,1272.386934,0.41926599999987957,0.0013104
61,95,156,0.21794871794871795,7.410256410256411,28.978978026935593,0.1857626796598436,657.3219832793054,0,3.0,11.0,4.0,13.0,5.958333333333333,-3.2752,8.5719,1275.3816,1275.5693028,-0.18770280000012463,0.0011856
62,94,156,0.20512820512820512,6.564102564102564,28.978978026935593,0.1857626796598436,679.4277712790729,2,3.0,12.0,4.0,12.0,6.0,-2.7501,7.4495,1280.0468,1279.9808424,0.06595760000004702,0.0085176
63,93,156,0.19230769230769232,5.769230769230769,28.978978026935593,0.1857626796598436,701.9010789954392,0,3.0,13.0,4.0,11.0,5.958333333333333,-1.8814,6.0334,1279.5154,1279.9205952,-0.4051951999999801,0.0035256
64,92,156,0.1794871794871795,5.0256410256410255,28.978978026935593,0.1857626796598436,724.7419489321003,2,3.0,14.0,4.0,10.0,5.833333333333333,-1.355,4.7611,1281.5339,1281.5907468,-0.056846800000130315,0.0009828
65,91,156,0.16666666666666666,4.333333333333333,28.978978026935593,0.1857626796598436,747.950422482852,0,3.0,15.0,4.0,9.0,5.625,-0.701,4.0399,1278.4863,1278.364074,0.12222599999995509,0.0037752
66,90,156,0.15384615384615385,3.6923076923076925,28.978978026935593,0.1857626796598436,771.5265399772492,2,3.0,16.0,4.0,8.0,5.333333333333333,-0.3623,3.6157,1278.2274,1278.0201096,0.20729039999991983,0.0009828
67,89,156,0.14102564102564102,3.1025641025641026,28.978978026935593,0.1857626796598436,795.4703407237215,0,3.0,15.0,4.0,7.0,4.7727272727272725,0.3488,3.4468,1272.7151,1272.246768,0.4683319999999185,0.0384228
68,88,156,0.1282051282051282,2.5641025641025643,28.978978026935593,0.1857626796598436,819.7818630503234,2,3.0,14.0,4.0,6.0,4.2,0.1151,3.3196,1270.1102,1270.1377104,-0.027510399999982837,0.0246324
69,87,156,0.11538461538461539,2.076923076923077,28.978978026935593,0.1857626796598436,844.4611443432808,0,3.0,13.0,4.0,5.0,3.611111111111111,0.4209,2.7104,1262.0151,1261.9780992,0.037000799999987066,0.014274
70,86,156,0.10256410256410256,1.641025641025641,28.978978026935593,0.1857626796598436,869.5082210834831,2,3.0,12.0,4.0,4.0,3.0,0.2093,2.4362,1257.3259,1257.6268692,-0.3009692000000541,0.0093132
71,85,156,0.08974358974358974,1.2564102564102564,28.978978026935593,0.1857626796598436,894.9231288810613,0,3.0,11.0,4.0,3.0,2.357142857142857,-0.179,2.0767,1247.3966,1247.2785312,0.11806879999994635,0.0541164
72,84,156,0.07692307692307693,0.9230769230769231,28.978978026935593,0.1857626796598436,920.7059025081726,2,3.0,10.0,4.0,2.0,1.6666666666666667,-1.3075,1.6343,1240.5511,1240.6161456,-0.06504560000007586,0.1497444
59,98,157,0.2484076433121019,9.687898089171975,29.102687879321483,0.18536743872179293,612.9059508991318,1,3.0,9.0,4.0,16.0,5.76,-3.1016,10.1428,1269.5516,1269.473269,0.07833099999993465,0.0031714
60,97,157,0.2356687898089172,8.719745222929935,29.102687879321483,0.18536743872179293,634.2313615648842,1,3.0,10.0,4.0,15.0,6.0,-3.811,10.127,1276.8395,1276.7502347,0.08926530000007915,0.0021352
61,96,157,0.2229299363057325,7.802547770700637,29.102687879321483,0.18536743872179293,655.923421642768,1,3.0,11.0,4.0,14.0,6.16,-3.4983,9.4611,1281.6935,1281.7708906,-0.07739059999994424,0.0070022
62,95,157,0.21019108280254778,6.936305732484076,29.102687879321483,0.18536743872179293,677.9821759089492,1,3.0,12.0,4.0,13.0,6.24,-2.9503,8.3287,1285.2778,1285.3690794,-0.09127939999984847,0.0044274
63,94,157,0.19745222929936307,6.1210191082802545,29.102687879321483,0.18536743872179293,700.4076679325232,1,3.0,13.0,4.0,12.0,6.24,-2.1705,7.0704,1286.9727,1287.3682075,-0.3955074999998942,0.004239
64,93,157,0.18471337579617833,5.356687898089172,29.102687879321483,0.18536743872179293,723.1999401267518,1,3.0,14.0,4.0,11.0,6.16,-1.5175,5.8217,1287.7678,1287.9506304,-0.18283039999982975,0.0009734
65,92,157,0.17197452229299362,4.643312101910828,29.102687879321483,0.18536743872179293,746.359033797359,1,3.0,15.0,4.0,10.0,6.0,-1.164,5.2861,1286.9543,1287.1082312,-0.15393119999998817,0.0010205
66,91,157,0.1592356687898089,3.9808917197452227,29.102687879321483,0.18536743872179293,769.8849891880917,1,3.0,16.0,4.0,9.0,5.76,-0.7826,4.6637,1285.2245,1284.9867059,0.2377940999999737,0.0051496
67,90,157,0.1464968152866242,3.3694267515923566,29.102687879321483,0.18536743872179293,793.7778455237445,1,3.0,15.0,4.0,8.0,5.217391304347826,-0.0402,3.885,1281.8479,1281.6125561,0.23534390000008898,0.0234715
68,89,157,0.1337579617834395,2.8089171974522293,29.102687879321483,0.18536743872179293,818.0376410508225,1,3.0,14.0,4.0,7.0,4.666666666666667,0.2898,3.6509,1277.7544,1277.4109849,0.3434151000001293,0.0265016
69,88,157,0.12101910828025478,2.299363057324841,29.102687879321483,0.18536743872179293,842.664413076006,1,3.0,13.0,4.0,6.0,4.105263157894737,0.207,3.3411,1272.1956,1271.9242745,0.2713255000001027,0.027946
70,87,157,0.10828025477707007,1.8407643312101911,29.102687879321483,0.18536743872179293,867.6581980025655,1,3.0,12.0,4.0,5.0,3.5294117647058822,0.9138,2.6561,1265.5277,1265.8525507,-0.3248506999998426,0.0109115
71,86,157,0.09554140127388536,1.4331210191082802,29.102687879321483,0.18536743872179293,893.0190313648654,1,3.0,11.0,4.0,4.0,2.933333333333333,0.343,2.3984,1258.0409,1258.0901096,-0.049209600000040155,0.0120733
73,84,157,0.07006369426751592,0.7707006369426752,29.102687879321483,0.18536743872179293,944.8419813842376,1,3.0,9.0,4.0,2.0,1.6363636363636365,-1.7564,1.4355,1239.8195,1239.6815456,0.13795440000012604,0.1500449
60,98,158,0.24050632911392406,9.139240506329115,29.226135354653636,0.18497554021932686,632.8904878789325,2,3.0,10.0,4.0,16.0,6.153846153846154,-3.7252,10.6342,1282.4513,1282.1625582,0.28874180000002525,0.0013114
61,97,158,0.22784810126582278,8.20253164556962,29.226135354653636,0.18497554021932686,654.536687227885,0,3.0,11.0,4.0,15.0,6.346153846153846,-3.4812,10.0859,1286.3314,1286.6512276,-0.3198276000000533,0.0008848
62,96,158,0.21518987341772153,7.3164556962025316,29.226135354653636,0.18497554021932686,676.5488055108386,2,3.0,12.0,4.0,14.0,6.461538461538462,-3.3232,9.2319,1292.2,1292.014585,0.1854150000001482,0.0047874
63,95,158,0.20253164556962025,6.481012658227848,29.226135354653636,0.18497554021932686,698.926886204776,0,3.0,13.0,4.0,13.0,6.5,-2.3083,7.9379,1292.7611,1293.250856,-0.4897560000001704,0.0020382
64,94,158,0.189873417721519,5.69620253164557,29.226135354653636,0.18497554021932686,721.6709716332906,2,3.0,14.0,4.0,12.0,6.461538461538462,-1.8347,6.8624,1295.7773,1295.8880182,-0.11071820000006483,0.0009796
65,93,158,0.17721518987341772,4.962025316455696,29.226135354653636,0.18497554021932686,744.7811030147785,0,3.0,15.0,4.0,11.0,6.346153846153846,-1.3706,6.3479,1293.7142,1293.8865848,-0.17238480000014533,0.001264
66,92,158,0.16455696202531644,4.2784810126582276,29.226135354653636,0.18497554021932686,768.2573205079048,2,3.0,16.0,4.0,10.0,6.153846153846154,-1.2078,5.8737,1294.2064,1294.0405084,0.1658916000001227,0.0023384
67,91,158,0.1518987341772152,3.6455696202531644,29.226135354653636,0.18497554021932686,792.099663254536,0,3.0,15.0,4.0,9.0,5.625,-0.1054,4.88,1289.3232,1289.0384022,0.28479779999997845,0.0271128
68,90,158,0.13924050632911392,3.0632911392405062,29.226135354653636,0.18497554021932686,816.3081694203175,2,3.0,14.0,4.0,8.0,5.090909090909091,0.3678,4.0066,1287.3199,1287.372466,-0.052566000000069835,0.0252168
69,89,158,0.12658227848101267,2.5316455696202533,29.226135354653636,0.18497554021932686,840.8828762330571,0,3.0,13.0,4.0,7.0,4.55,0.4013,3.6738,1280.3448,1279.9895052,0.3552948000001379,0.0252168
70,88,158,0.11392405063291139,2.050632911392405,29.226135354653636,0.18497554021932686,865.8238200190624,2,3.0,12.0,4.0,6.0,4.0,0.1461,3.2787,1276.209,1276.5135842,-0.3045841999999084,0.007979
71,87,158,0.10126582278481013,1.620253164556962,29.226135354653636,0.18497554021932686,891.1310362375721,0,3.0,11.0,4.0,5.0,3.4375,0.6376,2.7074,1266.8239,1266.933823,-0.10992299999998068,0.0151206
72,86,158,0.08860759493670886,1.240506329113924,29.226135354653636,0.18497554021932686,916.8045595134018,2,3.0,10.0,4.0,4.0,2.857142857142857,-0.1082,2.3596,1260.7917,1261.0416712,-0.2499712000001182,0.0174906
60,99,159,0.24528301886792453,9.566037735849056,29.34932266478004,0.18458693499861667,631.5608820973468,1,3.0,10.0,4.0,17.0,6.296296296296297,-3.6532,11.0105,1286.1084,1286.1227616,-0.014361600000029284,0.0298125
61,98,159,0.23270440251572327,8.61006289308176,29.34932266478004,0.18458693499861667,653.1616061036374,1,3.0,11.0,4.0,16.0,6.518518518518518,-3.5156,10.6121,1292.0789,1292.1707559,-0.09185589999992771,0.0100329
62,97,159,0.22012578616352202,7.70440251572327,29.34932266478004,0.18458693499861667,675.1274803044086,1,3.0,12.0,4.0,15.0,6.666666666666667,-3.2274,9.8618,1296.9415,1297.0419117,-0.10041169999999511,0.0059307
63,96,159,0.20754716981132076,6.849056603773585,29.34932266478004,0.18458693499861667,697.4585480853044,1,3.0,13.0,4.0,14.0,6.7407407407407405,-2.6933,8.8185,1299.7675,1300.0950933,-0.32759329999998954,0.0043248
64,95,159,0.1949685534591195,6.044025157232705,29.34932266478004,0.18458693499861667,720.154851681003,1,3.0,14.0,4.0,13.0,6.7407407407407405,-2.0226,7.7023,1301.5951,1301.8312143,-0.23611430000005384,0.0009858
65,94,159,0.18238993710691823,5.289308176100629,29.34932266478004,0.18458693499861667,743.216432223307,1,3.0,15.0,4.0,12.0,6.666666666666667,-1.7,7.384,1301.7906,1302.0195975,-0.22899749999987762,0.0010971
66,93,159,0.16981132075471697,4.584905660377358,29.34932266478004,0.18458693499861667,766.6433297865143,1,3.0,16.0,4.0,11.0,6.518518518518518,-1.4334,6.9192,1301.0049,1300.8718878,0.13301219999993918,0.0014469
67,92,159,0.15723270440251572,3.930817610062893,29.34932266478004,0.18458693499861667,790.4355834302603,1,3.0,15.0,4.0,10.0,6.0,-0.7667,6.0547,1298.3473,1298.2519494,0.09535059999984696,0.0030528
68,91,159,0.14465408805031446,3.3270440251572326,29.34932266478004,0.18458693499861667,814.5932312400103,1,3.0,14.0,4.0,9.0,5.478260869565218,0.0094,4.9921,1294.8351,1294.7010978,0.13400219999994079,0.0036411
69,90,159,0.1320754716981132,2.7735849056603774,29.34932266478004,0.18458693499861667,839.1163103653618,1,3.0,13.0,4.0,8.0,4.9523809523809526,0.4263,4.032,1289.9778,1289.9280291,0.04977089999988493,0.0279522
70,89,159,0.11949685534591195,2.270440251572327,29.34932266478004,0.18458693499861667,864.004857056307,1,3.0,12.0,4.0,7.0,4.421052631578948,0.348,3.6058,1284.3958,1284.4088052,-0.01300519999995231,0.0175854
71,88,159,0.1069182389937107,1.8176100628930818,29.34932266478004,0.18458693499861667,889.2589066975897,1,3.0,11.0,4.0,6.0,3.8823529411764706,0.274,3.0883,1277.3424,1277.5015431,-0.15914309999993748,0.0376671
72,87,159,0.09433962264150944,1.4150943396226414,29.34932266478004,0.18458693499861667,914.8784938412846,1,3.0,10.0,4.0,5.0,3.3333333333333335,0.1996,2.6984,1269.6589,1269.863199,-0.2042989999999918,0.0168063
73,86,159,0.08176100628930817,1.0628930817610063,29.34932266478004,0.18458693499861667,940.8636522377125,1,3.0,9.0,4.0,4.0,2.769230769230769,-0.5444,2.1847,1260.6656,1260.6674022,-0.0018021999999291438,0.0196842
60,100,160,0.25,10.0,29.472251989123087,0.18420157493201936,630.2423795522608,2,3.0,10.0,4.0,18.0,6.428571428571429,-3.7244,11.3351,1291.3269,1291.194592,0.13230799999996634,0.046576
61,99,160,0.2375,9.025,29.472251989123087,0.18420157493201936,651.7980079701681,0,3.0,11.0,4.0,17.0,6.678571428571429,-3.4286,10.985,1296.3243,1296.582368,-0.2580680000000939,0.002048
62,98,160,0.225,8.1,29.472251989123087,0.18420157493201936,673.718024262605,2,3.0,12.0,4.0,16.0,6.857142857142857,-3.3585,10.4165,1303.3148,1303.138544,0.17625600000019404,0.001952
63,97,160,0.2125,7.225,29.472251989123087,0.18420157493201936,696.0024717246398,0,3.0,13.0,4.0,15.0,6.964285714285714,-2.7191,9.4788,1305.119,1305.61648,-0.4974799999999959,0.000912
64,96,160,0.2,6.4,29.472251989123087,0.18420157493201936,718.6513925027776,2,3.0,14.0,4.0,14.0,7.0,-2.3075,8.5643,1309.1578,1309.282736,-0.12493600000016158,0.00112
65,95,160,0.1875,5.625,29.472251989123087,0.18420157493201936,741.6648276429507,0,3.0,15.0,4.0,13.0,6.964285714285714,-1.8433,8.2007,1308.144,1308.394816,-0.25081599999998616,0.001104
66,94,160,0.175,4.9,29.472251989123087,0.18420157493201936,765.0428171357943,2,3.0,16.0,4.0,12.0,6.857142857142857,-1.7524,7.9545,1309.6222,1309.448416,0.17378400000006877,0.000704
67,93,160,0.1625,4.225,29.472251989123087,0.18420157493201936,788.7853999593995,0,3.0,15.0,4.0,11.0,6.346153846153846,-1.0051,7.0957,1305.6692,1305.376064,0.29313600000000406,0.015024
68,92,160,0.15,3.6,29.472251989123087,0.18420157493201936,812.892614119721,2,3.0,14.0,4.0,10.0,5.833333333333333,-0.2084,6.0918,1304.3225,1304.275472,0.04702799999995477,0.02424
69,91,160,0.1375,3.025,29.472251989123087,0.18420157493201936,837.3644966887995,0,3.0,13.0,4.0,9.0,5.318181818181818,0.2174,4.9144,1297.9156,1297.729984,0.1856159999999818,0.032688
70,90,160,0.125,2.5,29.472251989123087,0.18420157493201936,862.2010838409484,2,3.0,12.0,4.0,8.0,4.8,0.3148,3.9552,1294.5258,1294.809824,-0.2840240000000449,0.005488
71,89,160,0.1125,2.025,29.472251989123087,0.18420157493201936,887.4024108870394,0,3.0,11.0,4.0,7.0,4.277777777777778,0.5277,3.3853,1285.9904,1286.134192,-0.14379200000007586,0.056816
72,88,160,0.1,1.6,29.472251989123087,0.18420157493201936,912.968512307013,2,3.0,10.0,4.0,6.0,3.75,0.1833,3.1024,1280.6934,1281.020656,-0.3272559999998066,0.009536
73,87,160,0.0875,1.225,29.472251989123087,0.18420157493201936,938.89942178073,0,3.0,9.0,4.0,5.0,3.2142857142857144,-0.2034,2.5436,1270.0345,1270.123264,-0.08876400000008289,0.05432
74,86,160,0.075,0.9,29.472251989123087,0.18420157493201936,965.1951722172684,2,3.0,8.0,4.0,4.0,2.6666666666666665,-1.1309,1.954,1262.5201,1262.846288,-0.3261880000000019,0.149808
61,100,161,0.2422360248447205,9.4472049689441,29.59492547535442,0.18381941289040019,650.4457260608461,1,3.0,11.0,4.0,18.0,6.827586206896552,-3.511,11.312,1301.6512,1301.8456297,-0.1944297000000006,0.0090321
62,99,161,0.22981366459627328,8.503105590062113,29.59492547535442,0.18381941289040019,672.3202650104224,1,3.0,12.0,4.0,17.0,7.0344827586206895,-3.286,10.7959,1307.6484,1307.6487298,-0.0003297999999176682,0.0068103
63,98,161,0.21739130434782608,7.608695652173913,29.59492547535442,0.18381941289040019,694.5584790461601,1,3.0,13.0,4.0,16.0,7.172413793103448,-2.8834,10.0508,1311.6219,1311.985941,-0.36404099999981554,0.0104006
64,97,161,0.20496894409937888,6.763975155279503,29.59492547535442,0.18381941289040019,717.160410227123,1,3.0,14.0,4.0,15.0,7.241379310344827,-2.4008,9.231,1314.5844,1314.9181374,-0.33373740000001817,0.0014973
65,96,161,0.19254658385093168,5.968944099378882,29.59492547535442,0.18381941289040019,740.1260995140856,1,3.0,15.0,4.0,14.0,7.241379310344827,-2.1651,9.0365,1315.7781,1316.0914249,-0.3133248999999978,0.0012236
66,95,161,0.18012422360248448,5.22360248447205,29.59492547535442,0.18381941289040019,763.4555868147148,1,3.0,16.0,4.0,13.0,7.172413793103448,-1.9161,8.7666,1316.0065,1315.9027973,0.10370269999998527,0.0006923
67,94,161,0.16770186335403728,4.527950310559007,29.59492547535442,0.18381941289040019,787.1489110262341,1,3.0,15.0,4.0,12.0,6.666666666666667,-1.3499,8.121,1314.354,1314.2612574,0.09274260000006507,0.0021574
68,93,161,0.15527950310559005,3.8819875776397517,29.59492547535442,0.18381941289040019,811.2061100757475,1,3.0,14.0,4.0,11.0,6.16,-0.8328,7.1263,1311.6831,1311.4839108,0.19918919999986429,0.0087745
69,92,161,0.14285714285714285,3.2857142857142856,29.59492547535442,0.18381941289040019,835.6272209583824,1,3.0,13.0,4.0,10.0,5.6521739130434785,0.0336,5.9977,1307.4646,1307.3989866,0.06561340000007476,0.0279496
70,91,161,0.13043478260869565,2.739130434782609,29.59492547535442,0.18381941289040019,860.4122797734017,1,3.0,12.0,4.0,9.0,5.142857142857143,0.3432,4.7654,1302.4458,1302.5521621,-0.1063621000000694,0.0151018
71,90,161,0.11801242236024845,2.2422360248447206,29.59492547535442,0.18381941289040019,885.5613217584176,1,3.0,11.0,4.0,8.0,4.631578947368421,0.6769,3.7036,1296.161,1296.4979181,-0.33691810000004807,0.0279496
72,89,161,0.10559006211180125,1.795031055900621,29.59492547535442,0.18381941289040019,911.0743813218354,1,3.0,10.0,4.0,7.0,4.117647058823529,0.6609,3.2616,1289.2524,1289.4690445,-0.21664450000002944,0.0234577
73,88,161,0.09316770186335403,1.3975155279503106,29.59492547535442,0.18381941289040019,936.9514920736403,1,3.0,9.0,4.0,6.0,3.6,-0.1895,2.9652,1281.1716,1281.14945,0.02215000000001055,0.0243754
75,86,161,0.06832298136645963,0.7515527950310559,29.59492547535442,0.18381941289040019,989.7979977642203,1,3.0,7.0,4.0,4.0,2.5454545454545454,-1.5999,1.5784,1261.4847,1261.6490012,-0.1643011999999544,0.1499071
62,100,162,0.2345679012345679,8.91358024691358,29.717345240051635,0.18344040271636816,670.9340337270119,2,3.0,12.0,4.0,18.0,7.2,-3.4398,11.1208,1313.5706,1313.427069,0.143530999999939,0.0035316
63,99,162,0.2222222222222222,8.0,29.717345240051635,0.18344040271636816,693.1263956449599,0,3.0,13.0,4.0,17.0,7.366666666666666,-2.8784,10.4352,1316.5399,1316.9886066,-0.44870659999992313,0.0013122
64,98,162,0.20987654320987653,7.135802469135802,29.717345240051635,0.18344040271636816,715.6817247737474,2,3.0,14.0,4.0,16.0,7.466666666666667,-2.6381,9.8225,1321.6951,1321.7640426,-0.06894260000012764,0.003969
65,97,162,0.19753086419753085,6.320987654320987,29.717345240051635,0.18344040271636816,738.6000619896935,0,3.0,15.0,4.0,15.0,7.5,-2.2986,9.704,1321.7745,1322.5805226,-0.8060226000000057,0.0020574
66,96,162,0.18518518518518517,5.555555555555555,29.717345240051635,0.18344040271636816,761.8814471181807,2,3.0,16.0,4.0,14.0,7.466666666666667,-2.2333,9.5879,1324.1843,1324.099791,0.0845089999997981,0.0006966
67,95,162,0.1728395061728395,4.839506172839506,29.717345240051635,0.18344040271636816,785.525918976232,0,3.0,15.0,4.0,13.0,6.964285714285714,-1.5395,8.9135,1321.2598,1321.1768412,0.08295880000014222,0.0031104
68,94,162,0.16049382716049382,4.172839506172839,29.717345240051635,0.18344040271636816,809.5335154127508,2,3.0,14.0,4.0,12.0,6.461538461538462,-1.1584,8.1616,1320.9158,1320.6881358,0.2276641999999356,0.0007614
69,93,162,0.14814814814814814,3.5555555555555554,29.717345240051635,0.18344040271636816,833.904273346586,0,3.0,13.0,4.0,11.0,5.958333333333333,-0.3217,6.9641,1315.2791,1315.0490616,0.2300384000000122,0.0260658
70,92,162,0.13580246913580246,2.9876543209876543,29.717345240051635,0.18344040271636816,858.6382288025685,2,3.0,12.0,4.0,10.0,5.454545454545454,0.0151,5.7847,1312.4694,1312.6103946,-0.14099460000011277,0.0150984
71,91,162,0.12345679012345678,2.4691358024691357,29.717345240051635,0.18344040271636816,883.7354169456555,0,3.0,11.0,4.0,9.0,4.95,0.821,4.4296,1304.5103,1304.8386552,-0.3283552000000327,0.0750384
72,90,162,0.1111111111111111,2.0,29.717345240051635,0.18344040271636816,909.195872113307,2,3.0,10.0,4.0,8.0,4.444444444444445,0.7319,3.5189,1299.8595,1300.3929702,-0.5334702000000107,0.0089586
73,89,162,0.09876543209876543,1.5802469135802468,29.717345240051635,0.18344040271636816,935.019627846209,0,3.0,9.0,4.0,7.0,3.9375,0.2636,3.1489,1290.2377,1290.2235984,0.0141016000000036,0.0633258
74,88,162,0.08641975308641975,1.2098765432098766,29.717345240051635,0.18344040271636816,961.2067169174502,2,3.0,8.0,4.0,6.0,3.4285714285714284,-0.7057,2.7427,1283.5869,1283.6590668,-0.07216679999987718,0.017658
62,101,163,0.2392638036809816,9.331288343558283,29.839513369337435,0.1830644991983892,669.5591650509997,1,3.0,12.0,4.0,19.0,7.354838709677419,-3.5736,11.6414,1317.5653,1317.7189439,-0.15364390000013373,0.0073513
63,100,163,0.22699386503067484,8.39877300613497,29.839513369337435,0.1830644991983892,691.7060506900383,1,3.0,13.0,4.0,18.0,7.548387096774194,-3.0731,10.7688,1322.5819,1322.9108036,-0.3289036000001033,0.0009128
64,99,163,0.2147239263803681,7.515337423312883,29.839513369337435,0.1830644991983892,714.2151597525637,1,3.0,14.0,4.0,17.0,7.67741935483871,-2.6801,10.2175,1326.7058,1326.943228,-0.2374280000001363,0.0007987
65,98,163,0.20245398773006135,6.680981595092025,29.839513369337435,0.1830644991983892,737.0865330311321,1,3.0,15.0,4.0,16.0,7.741935483870968,-2.5775,10.3019,1328.9957,1329.3680486,-0.37234860000012304,0.0040587
66,97,163,0.1901840490797546,5.895705521472393,29.839513369337435,0.1830644991983892,760.3202102695166,1,3.0,16.0,4.0,15.0,7.741935483870968,-2.4126,10.2585,1330.2418,1330.370792,-0.1289919999999256,0.0007009
67,96,163,0.17791411042944785,5.159509202453988,29.839513369337435,0.1830644991983892,783.9162302051964,1,3.0,15.0,4.0,14.0,7.241379310344827,-1.8618,9.7167,1329.4972,1329.585621,-0.0884209999999257,0.0007009
68,95,163,0.1656441717791411,4.47239263803681,29.839513369337435,0.1830644991983892,807.8746306095157,1,3.0,14.0,4.0,13.0,6.7407407407407405,-1.2756,8.9606,1327.8679,1327.5926689,0.2752310999999281,0.0046292
69,94,163,0.15337423312883436,3.834355828220859,29.839513369337435,0.1830644991983892,832.1954483256701,1,3.0,13.0,4.0,12.0,6.24,-0.8688,7.9844,1324.5707,1324.3713162,0.19938380000007783,0.0055094
70,93,163,0.1411042944785276,3.245398773006135,29.839513369337435,0.1830644991983892,856.8787193046683,1,3.0,12.0,4.0,11.0,5.739130434782608,-0.2309,6.71,1320.2854,1320.1544247,0.13097530000004554,0.0151101
71,92,163,0.12883435582822086,2.705521472392638,29.839513369337435,0.1830644991983892,881.9244786394086,1,3.0,11.0,4.0,10.0,5.238095238095238,0.652,5.3297,1314.4998,1314.8696224,-0.36982239999997546,0.0279382
72,91,163,0.1165644171779141,2.214723926380368,29.839513369337435,0.1830644991983892,907.3327605969865,1,3.0,10.0,4.0,9.0,4.7368421052631575,0.921,4.1707,1308.1967,1308.5651736,-0.3684736000000157,0.0256888
73,90,163,0.10429447852760736,1.7730061349693251,29.839513369337435,0.1830644991983892,933.1035986493575,1,3.0,9.0,4.0,8.0,4.235294117647059,0.5695,3.3682,1300.8831,1301.0481515,-0.16505149999989044,0.0380605
74,89,163,0.09202453987730061,1.3803680981595092,29.839513369337435,0.1830644991983892,959.2370255024521,1,3.0,8.0,4.0,7.0,3.7333333333333334,-0.2792,2.9459,1292.7268,1292.6396009,0.08719909999990705,0.0584192
75,88,163,0.07975460122699386,1.0368098159509203,29.839513369337435,0.1830644991983892,985.7330731238467,1,3.0,7.0,4.0,6.0,3.230769230769231,-0.9847,2.2856,1283.0461,1282.9510765,0.0950235000000248,0.0185331
62,102,164,0.24390243902439024,9.75609756097561,29.96143191950181,0.18269165804574278,668.1954969888919,2,3.0,12.0,4.0,20.0,7.5,-3.8751,12.2784,1323.155,1323.1159692,0.03903079999986403,0.0041
63,101,164,0.23170731707317074,8.804878048780488,29.96143191950181,0.18269165804574278,690.2972768296717,0,3.0,13.0,4.0,19.0,7.71875,-3.2377,11.2992,1327.1545,1327.6404504,-0.4859503999998651,0.0020664
64,100,164,0.21951219512195122,7.902439024390244,29.96143191950181,0.18269165804574278,712.7605423659828,2,3.0,14.0,4.0,18.0,7.875,-2.9314,10.5605,1333.3542,1333.3196392,0.034560800000008385,0.0010004
65,99,164,0.2073170731707317,7.048780487804878,29.96143191950181,0.18269165804574278,735.5853343073005,0,3.0,15.0,4.0,17.0,7.96875,-2.6561,10.6967,1334.579,1334.9485856,-0.3695855999999367,0.0018696
66,98,164,0.1951219512195122,6.2439024390243905,29.96143191950181,0.18269165804574278,758.7716923164531,2,3.0,16.0,4.0,16.0,8.0,-2.7575,10.8645,1338.0399,1338.0289156,0.010984400000097594,0.0006888
67,97,164,0.18292682926829268,5.487804878048781,29.96143191950181,0.18269165804574278,782.3196550520247,0,3.0,15.0,4.0,15.0,7.5,-2.1043,10.4016,1336.1062,1336.2594376,-0.1532376000000113,0.001394
68,96,164,0.17073170731707318,4.780487804878049,29.96143191950181,0.18269165804574278,806.2292602084319,2,3.0,14.0,4.0,14.0,7.0,-1.5218,9.7512,1336.6458,1336.4391324,0.2066675999999461,0.0007052
69,95,164,0.15853658536585366,4.121951219512195,29.96143191950181,0.18269165804574278,830.5005445538326,0,3.0,13.0,4.0,13.0,6.5,-0.9894,8.7911,1332.0577,1331.6231576,0.43454240000005484,0.02501
70,94,164,0.14634146341463414,3.5121951219512195,29.96143191950181,0.18269165804574278,855.133543966016,2,3.0,12.0,4.0,12.0,6.0,-0.6925,7.681,1330.0607,1329.9440436,0.11665640000001076,0.0151044
71,93,164,0.13414634146341464,2.951219512195122,29.96143191950181,0.18269165804574278,880.1282934664074,0,3.0,11.0,4.0,11.0,5.5,0.3925,6.178,1322.7582,1322.7919052,-0.03370519999998578,0.0279456
72,92,164,0.12195121951219512,2.4390243902439024,29.96143191950181,0.18269165804574278,905.484827252312,2,3.0,10.0,4.0,10.0,5.0,0.7942,4.9961,1318.634,1319.1855288,-0.5515287999999146,0.0158096
73,91,164,0.10975609756097561,1.975609756097561,29.96143191950181,0.18269165804574278,931.2031787275139,0,3.0,9.0,4.0,9.0,4.5,0.8208,3.9729,1309.6844,1309.8676392,-0.18323919999988902,0.0279456
74,90,164,0.0975609756097561,1.5609756097560976,29.96143191950181,0.18269165804574278,957.2833805313323,2,3.0,8.0,4.0,8.0,4.0,0.0112,3.1768,1303.8796,1304.038046,-0.1584459999999126,0.009676
75,89,164,0.08536585365853659,1.1951219512195121,29.96143191950181,0.18269165804574278,983.725464566237,0,3.0,7.0,4.0,7.0,3.5,-0.5525,2.4877,1292.6591,1292.4925772,0.16652280000016617,0.0545464
76,88,164,0.07317073170731707,0.8780487804878049,29.96143191950181,0.18269165804574278,1010.529462024108,2,3.0,6.0,4.0,6.0,3.0,-1.4672,1.8363,1284.4136,1284.662512,-0.24891200000001845,0.149896
63,102,165,0.23636363636363636,9.218181818181819,30.08310291760778,0.18232183586428963,688.8999100998541,1,3.0,13.0,4.0,20.0,7.878787878787879,-3.4366,11.9349,1332.8423,1333.2087285,-0.3664284999999836,0.005214
64,101,165,0.22424242424242424,8.296969696969697,30.08310291760778,0.18232183586428963,711.3177033143742,1,3.0,14.0,4.0,19.0,8.06060606060606,-3.0936,11.0778,1337.9897,1338.223062,-0.23336199999994278,0.0013035
65,100,165,0.21212121212121213,7.424242424242424,30.08310291760778,0.18232183586428963,734.0962910970716,1,3.0,15.0,4.0,18.0,8.181818181818182,-2.9143,11.0387,1341.3237,1341.5037735,-0.1800735000001623,0.0015345
66,99,165,0.2,6.6,30.08310291760778,0.18232183586428963,757.2357130304853,1,3.0,16.0,4.0,17.0,8.242424242424242,-2.8796,11.2543,1343.6843,1343.7448695,-0.06056950000015604,0.000693
67,98,165,0.18787878787878787,5.824242424242424,30.08310291760778,0.18232183586428963,780.7360076949429,1,3.0,15.0,4.0,16.0,7.741935483870968,-2.4958,11.0189,1343.9989,1344.2482515,-0.24935149999987516,0.000792
68,97,165,0.17575757575757575,5.096969696969697,30.08310291760778,0.18232183586428963,804.5972127085565,1,3.0,14.0,4.0,15.0,7.241379310344827,-1.8819,10.425,1343.2933,1343.089242,0.20405800000003183,0.000924
69,96,165,0.16363636363636364,4.418181818181818,30.08310291760778,0.18232183586428963,828.8193647650542,1,3.0,13.0,4.0,14.0,6.7407407407407405,-1.3182,9.5804,1340.9169,1340.7155685,0.20133149999992384,0.0016665
70,95,165,0.15151515151515152,3.787878787878788,30.08310291760778,0.18232183586428963,853.4024996695977,1,3.0,12.0,4.0,13.0,6.24,-0.9182,8.4872,1337.5876,1337.2985835,0.28901650000011614,0.026532
71,94,165,0.1393939393939394,3.206060606060606,30.08310291760778,0.18232183586428963,878.3466523727188,1,3.0,11.0,4.0,12.0,5.739130434782608,-0.0275,7.0587,1332.5275,1332.66309,-0.13559000000009291,0.026532
72,93,165,0.12727272727272726,2.672727272727273,30.08310291760778,0.18232183586428963,903.6518570024972,1,3.0,10.0,4.0,11.0,5.238095238095238,0.7112,5.7438,1326.8479,1327.074012,-0.22611200000005738,0.027951
73,92,165,0.11515151515151516,2.187878787878788,30.08310291760778,0.18232183586428963,929.3181468950976,1,3.0,9.0,4.0,10.0,4.7368421052631575,0.7052,4.6794,1320.0981,1320.5040255,-0.40592549999996663,0.0135795
74,91,165,0.10303030303030303,1.7515151515151515,30.08310291760778,0.18232183586428963,955.3455546237678,1,3.0,8.0,4.0,9.0,4.235294117647059,0.3715,3.7467,1312.7136,1312.735116,-0.02151600000001963,0.0257565
75,90,165,0.09090909090909091,1.3636363636363635,30.08310291760778,0.18232183586428963,981.7341120263972,1,3.0,7.0,4.0,8.0,3.7333333333333334,-0.2582,2.717,1303.9,1303.7508165,0.1491835000001629,0.023595
64,102,166,0.2289156626506024,8.698795180722891,30.20452836208127,0.18195499013301975,709.8864767045686,2,3.0,14.0,4.0,20.0,8.235294117647058,-3.4112,11.7004,1344.254,1344.139516,0.11448399999994763,0.001577
65,101,166,0.21686746987951808,7.807228915662651,30.20452836208127,0.18195499013301975,732.6192321948649,0,3.0,15.0,4.0,19.0,8.382352941176471,-3.1636,11.5553,1346.5219,1346.795018,-0.2731180000000677,0.0014608
66,100,166,0.20481927710843373,6.963855421686747,30.20452836208127,0.18195499013301975,755.712095809468,2,3.0,16.0,4.0,18.0,8.470588235294118,-3.1588,11.5936,1350.9969,1350.7883638,0.20853620000002593,0.0007968
67,99,166,0.1927710843373494,6.168674698795181,30.20452836208127,0.18195499013301975,779.1651060510787,0,3.0,15.0,4.0,17.0,7.96875,-2.6644,11.4113,1350.198,1350.4918878,-0.29388779999999315,0.0007802
68,98,166,0.18072289156626506,5.421686746987952,30.20452836208127,0.18195499013301975,802.9783004621185,2,3.0,14.0,4.0,16.0,7.466666666666667,-2.4353,11.0293,1351.7242,1351.5633514,0.16084860000000845,0.000332
69,97,166,0.1686746987951807,4.72289156626506,30.20452836208127,0.18195499013301975,827.1517156624849,0,3.0,13.0,4.0,15.0,6.964285714285714,-1.6626,10.2332,1348.0792,1347.7433262,0.3358737999999448,0.0115536
70,96,166,0.1566265060240964,4.072289156626506,30.20452836208127,0.18195499013301975,851.6853873852971,2,3.0,12.0,4.0,14.0,6.461538461538462,-1.2873,9.2612,1346.9775,1346.6682106,0.3092893999998978,0.0070052
71,95,166,0.14457831325301204,3.4698795180722892,30.20452836208127,0.18195499013301975,876.5793505107632,0,3.0,11.0,4.0,13.0,5.958333333333333,-0.1814,7.8198,1340.5294,1340.3131496,0.216250399999808,0.0298136
72,94,166,0.13253012048192772,2.9156626506024095,30.20452836208127,0.18195499013301975,901.833639098295,2,3.0,10.0,4.0,12.0,5.454545454545454,0.3993,6.5242,1337.0446,1337.3688076,-0.32420760000013615,0.0279378
73,93,166,0.12048192771084337,2.4096385542168677,30.20452836208127,0.18195499013301975,927.4482864169822,0,3.0,9.0,4.0,11.0,4.95,0.6412,5.3497,1328.745,1328.8252524,-0.08025240000006306,0.0279378
74,92,166,0.10843373493975904,1.9518072289156627,30.20452836208127,0.18195499013301975,953.4233249745324,2,3.0,8.0,4.0,10.0,4.444444444444445,0.5711,4.3689,1323.5612,1323.8325866,-0.2713865999999143,0.009462
75,91,166,0.0963855421686747,1.5421686746987953,30.20452836208127,0.18195499013301975,979.7587865447749,0,3.0,7.0,4.0,9.0,3.9375,0.1187,3.2665,1313.2175,1313.0001072,0.21739279999997052,0.0882456
76,90,166,0.08433734939759036,1.180722891566265,30.20452836208127,0.18195499013301975,1006.4547021938149,2,3.0,6.0,4.0,8.0,3.4285714285714284,-0.6981,2.233,1305.7855,1305.8119586,-0.026458600000069055,0.0179612
64,103,167,0.23353293413173654,9.107784431137725,30.32571022328558,0.18159107918135084,708.4666999612895,1,3.0,14.0,4.0,21.0,8.4,-3.4139,12.0869,1348.4639,1348.6156476,-0.1517476000001352,0.0052104
65,102,167,0.2215568862275449,8.197604790419161,30.32571022328558,0.18159107918135084,731.1539898192418,1,3.0,15.0,4.0,20.0,8.571428571428571,-3.4778,12.1726,1352.884,1352.940647,-0.05664699999988443,0.0019372
66,101,167,0.20958083832335328,7.335329341317365,30.32571022328558,0.18159107918135084,754.2006675833297,1,3.0,16.0,4.0,19.0,8.685714285714285,-3.4118,12.1139,1356.2535,1356.1866594,0.06684059999997771,0.004008
67,100,167,0.19760479041916168,6.520958083832335,30.32571022328558,0.18159107918135084,777.6067716792487,1,3.0,15.0,4.0,18.0,8.181818181818182,-3.0045,11.7571,1357.6011,1357.7723244,-0.17122439999980088,0.0051937
68,99,167,0.18562874251497005,5.754491017964072,30.32571022328558,0.18159107918135084,801.372339574335,1,3.0,14.0,4.0,17.0,7.67741935483871,-2.668,11.4268,1357.976,1357.9997784,-0.023778399999855537,0.0002839
69,98,167,0.17365269461077845,5.0359281437125745,30.32571022328558,0.18159107918135084,825.4974078152461,1,3.0,13.0,4.0,16.0,7.172413793103448,-2.2039,10.8088,1356.5544,1356.4712942,0.08310579999988477,0.0012525
70,97,167,0.16167664670658682,4.365269461077844,30.32571022328558,0.18159107918135084,849.9820120636348,1,3.0,12.0,4.0,15.0,6.666666666666667,-1.6438,9.8833,1354.1593,1353.735734,0.42356599999993705,0.0039579
71,96,167,0.1497005988023952,3.7425149700598803,30.32571022328558,0.18159107918135084,874.8261871299486,1,3.0,11.0,4.0,14.0,6.16,-0.4598,8.5358,1349.9427,1349.8897574,0.05294260000005124,0.0372577
72,95,167,0.1377245508982036,3.1676646706586826,30.32571022328558,0.18159107918135084,900.0299670054803,1,3.0,10.0,4.0,13.0,5.6521739130434785,0.3385,7.2019,1345.019,1345.048895,-0.029894999999896754,0.0279391
73,94,167,0.12574850299401197,2.6407185628742513,30.32571022328558,0.18159107918135084,925.5933848927812,1,3.0,9.0,4.0,12.0,5.142857142857143,0.434,6.0497,1338.9583,1339.1498538,-0.19155380000006517,0.0279391
74,93,167,0.11377245508982035,2.161676646706587,30.32571022328558,0.18159107918135084,951.5164732345434,1,3.0,8.0,4.0,11.0,4.631578947368421,0.5705,4.9204,1332.1548,1332.1096515,0.04514850000009574,0.018704
76,91,167,0.08982035928143713,1.347305389221557,30.32571022328558,0.18159107918135084,1004.4417874162688,1,3.0,6.0,4.0,9.0,3.6,-0.3433,2.7621,1315.1635,1314.9506019,0.21289810000007492,0.0808948
77,90,167,0.07784431137724551,1.0119760479041917,30.32571022328558,0.18159107918135084,1031.4440745827092,1,3.0,5.0,4.0,8.0,3.076923076923077,-0.6577,1.8043,1304.6389,1304.7418418,-0.10294180000005326,0.0183533
65,103,168,0.2261904761904762,8.595238095238095,30.446650444080973,0.1812300621671487,729.7003995244074,0,3.0,15.0,4.0,21.0,8.75,-3.5362,12.5712,1357.6663,1357.910064,-0.24376399999982823,0.0042
66,102,168,0.21428571428571427,7.714285714285714,30.446650444080973,0.1812300621671487,752.7012587227863,2,3.0,16.0,4.0,20.0,8.88888888888889,-3.7508,12.7218,1363.1814,1362.9049224,0.2764775999999074,0.1400112
67,101,168,0.20238095238095238,6.880952380952381,30.446650444080973,0.1812300621671487,776.0608296858392,0,3.0,15.0,4.0,19.0,8.382352941176471,-3.255,12.2898,1363.4113,1363.6234248,-0.21212480000008327,0.0300048
68,100,168,0.19047619047619047,6.095238095238095,30.446650444080973,0.1812300621671487,799.7791498064148,2,3.0,14.0,4.0,18.0,7.875,-3.0746,11.7798,1365.9346,1365.7710696,0.16353040000012697,0.0002688
69,99,168,0.17857142857142858,5.357142857142857,30.446650444080973,0.1812300621671487,823.8562555585131,0,3.0,13.0,4.0,17.0,7.366666666666666,-2.4872,11.2026,1363.3346,1363.3118688,0.022731199999952878,0.00168
70,98,168,0.16666666666666666,4.666666666666667,30.446650444080973,0.1812300621671487,848.2921825328884,2,3.0,12.0,4.0,16.0,6.857142857142857,-2.1799,10.425,1363.1418,1362.797016,0.3447840000001179,0.0001008
71,97,168,0.15476190476190477,4.023809523809524,30.446650444080973,0.1812300621671487,873.0869654707828,0,3.0,11.0,4.0,15.0,6.346153846153846,-0.9542,9.1093,1357.6055,1357.5076368,0.09786319999989246,0.037968
72,96,168,0.14285714285714285,3.4285714285714284,30.446650444080973,0.1812300621671487,898.2406382959117,2,3.0,10.0,4.0,14.0,5.833333333333333,-0.0422,7.8499,1354.9017,1355.0130048,-0.11130480000019816,0.0279384
73,95,168,0.13095238095238096,2.880952380952381,30.446650444080973,0.1812300621671487,923.7532341448168,0,3.0,9.0,4.0,13.0,5.318181818181818,0.3571,6.6793,1347.4054,1347.2640216,0.14137840000012147,0.0279384
74,94,168,0.11904761904761904,2.380952380952381,30.446650444080973,0.1812300621671487,949.6247853956919,2,3.0,8.0,4.0,12.0,4.8,0.2478,5.5343,1342.8094,1342.9806936,-0.17129359999989902,0.0132552
75,93,168,0.10714285714285714,1.9285714285714286,30.446650444080973,0.1812300621671487,975.8553236957761,0,3.0,7.0,4.0,11.0,4.277777777777778,0.5442,4.3202,1333.1488,1333.1002944,0.048505599999998594,0.030828
76,92,168,0.09523809523809523,1.5238095238095237,30.446650444080973,0.1812300621671487,1002.4448799874036,2,3.0,6.0,4.0,10.0,3.75,-0.1537,3.3168,1326.5574,1326.5180544,0.039345599999933256,0.0098952
77,91,168,0.08333333333333333,1.1666666666666667,30.446650444080973,0.1812300621671487,1029.3934845327958,0,3.0,5.0,4.0,9.0,3.2142857142857144,-0.2422,2.2825,1314.4585,1314.4069512,0.05154879999986406,0.0552216
78,90,168,0.07142857142857142,0.8571428571428571,30.446650444080973,0.1812300621671487,1056.7011669376677,2,3.0,4.0,4.0,8.0,2.6666666666666665,-0.9201,1.4612,1305.4543,1305.9684456,-0.5141455999998925,0.14994
66,103,169,0.21893491124260356,8.100591715976332,30.567350940369842,0.1808718990554429,751.2137029509387,1,3.0,16.0,4.0,21.0,9.08108108108108,-3.876,13.1334,1368.0504,1368.0138654,0.03653460000009545,0.3006679
67,102,169,0.20710059171597633,7.2485207100591715,30.567350940369842,0.1808718990554429,774.5271086336613,1,3.0,15.0,4.0,20.0,8.571428571428571,-3.6769,12.895,1370.4297,1370.4315118,-0.0018118000000413303,0.0200434
68,101,169,0.1952662721893491,6.443786982248521,30.567350940369842,0.1808718990554429,798.1985544816288,1,3.0,14.0,4.0,19.0,8.06060606060606,-3.3681,12.3182,1371.792,1371.7743182,0.0176817999999912,0.0003042
69,100,169,0.1834319526627219,5.686390532544379,30.567350940369842,0.1808718990554429,822.2280768967579,1,3.0,13.0,4.0,18.0,7.548387096774194,-2.8914,11.5686,1371.3632,1371.3454638,0.0177361999999448,0.0007436
70,99,169,0.17159763313609466,4.976331360946745,30.567350940369842,0.1808718990554429,846.6157113994655,1,3.0,12.0,4.0,17.0,7.0344827586206895,-2.4763,10.7939,1369.9447,1369.6639814,0.28071860000000015,0.0001859
71,98,169,0.15976331360946747,4.313609467455621,30.567350940369842,0.1808718990554429,871.3614926623347,1,3.0,11.0,4.0,16.0,6.518518518518518,-1.426,9.595,1366.6044,1366.5886377,0.01576230000000578,0.0030082
72,97,169,0.14792899408284024,3.698224852071006,30.567350940369842,0.1808718990554429,896.4654545420378,1,3.0,10.0,4.0,15.0,6.0,-0.1913,8.3162,1362.5125,1362.4406679,0.07183209999993778,0.0279526
73,96,169,0.13609467455621302,3.1301775147928996,30.567350940369842,0.1808718990554429,921.9276301096294,1,3.0,9.0,4.0,14.0,5.478260869565218,0.1654,7.2556,1357.3014,1357.2318513,0.06954870000004121,0.0279526
74,95,169,0.1242603550295858,2.6094674556213016,30.567350940369842,0.1808718990554429,947.7480516793145,1,3.0,8.0,4.0,13.0,4.9523809523809526,0.2412,6.1195,1351.2777,1351.0769389,0.20076110000013614,0.0154297
75,94,169,0.11242603550295859,2.136094674556213,30.567350940369842,0.1808718990554429,973.9267508357879,1,3.0,7.0,4.0,12.0,4.421052631578948,0.5105,4.8219,1343.7938,1343.7859747,0.007825299999922208,0.0113737
76,93,169,0.10059171597633136,1.7100591715976332,30.567350940369842,0.1808718990554429,1000.4637584602328,1,3.0,6.0,4.0,11.0,3.8823529411764706,0.161,3.7081,1335.5726,1335.3173678,0.2552321999999094,0.0259415
77,92,169,0.08875739644970414,1.331360946745562,30.567350940369842,0.1808718990554429,1027.359104755064,1,3.0,5.0,4.0,10.0,3.3333333333333335,0.0019,2.7777,1325.9003,1325.9054536,-0.0051536000000851345,0.0233051
67,103,170,0.21176470588235294,7.623529411764705,30.687813601627905,0.18051655059781124,773.005440453672,0,3.0,15.0,4.0,21.0,8.75,-3.7625,13.3127,1375.858,1375.944334,-0.08633400000007896,0.050014
68,102,170,0.2,6.8,30.687813601627905,0.18051655059781124,796.6303803943321,2,3.0,14.0,4.0,20.0,8.235294117647058,-3.797,12.9348,1379.3663,1379.031993,0.33430699999985336,0.001394
69,101,170,0.18823529411764706,6.023529411764706,30.687813601627905,0.18051655059781124,820.612693410033,0,3.0,13.0,4.0,19.0,7.71875,-3.2599,12.1166,1377.7454,1377.937448,-0.1920479999998861,0.000731
70,100,170,0.17647058823529413,5.294117647058823,30.687813601627905,0.18051655059781124,844.9524149514067,2,3.0,12.0,4.0,18.0,7.2,-2.9301,11.1594,1378.5054,1378.123717,0.3816830000000664,5.1e-05
71,99,170,0.16470588235294117,4.6117647058823525,30.687813601627905,0.18051655059781124,869.6495796229174,0,3.0,11.0,4.0,17.0,6.678571428571429,-1.7039,9.9137,1373.8885,1373.883662,0.004838000000063403,0.016847
72,98,170,0.15294117647058825,3.976470588235294,30.687813601627905,0.18051655059781124,894.7042212147205,2,3.0,10.0,4.0,16.0,6.153846153846154,-0.531,8.6926,1371.934,1372.048954,-0.11495400000012523,0.027948
73,97,170,0.1411764705882353,3.388235294117647,30.687813601627905,0.18051655059781124,920.1163727328985,0,3.0,9.0,4.0,15.0,5.625,0.0296,7.6292,1365.3413,1365.150405,0.19089499999995496,0.027948
74,96,170,0.12941176470588237,2.847058823529412,30.687813601627905,0.18051655059781124,945.8860664281702,2,3.0,8.0,4.0,14.0,5.090909090909091,0.0299,6.6537,1361.663,1361.521194,0.1418060000000878,0.013192
75,95,170,0.11764705882352941,2.3529411764705883,30.687813601627905,0.18051655059781124,972.013333823178,0,3.0,7.0,4.0,13.0,4.55,0.3681,5.3171,1352.6887,1352.35204,0.336659999999938,0.011424
76,94,170,0.10588235294117647,1.9058823529411764,30.687813601627905,0.18051655059781124,998.4982057384346,2,3.0,6.0,4.0,12.0,4.0,0.1885,4.114,1346.6409,1346.591386,0.04951400000004469,0.009758
78,92,170,0.08235294117647059,1.1529411764705881,30.687813601627905,0.18051655059781124,1052.5408830480828,2,3.0,4.0,4.0,10.0,2.857142857142857,-0.1244,2.3219,1327.1895,1327.400205,-0.21070499999996173,0.018241
67,104,171,0.21637426900584794,8.005847953216374,30.808040291421882,0.18016397831240874,771.495660359455,1,3.0,15.0,4.0,22.0,8.91891891891892,-3.9861,13.5964,1382.3936,1382.2959591,0.09764090000021497,0.6000048
68,103,171,0.2046783625730994,7.16374269005848,30.808040291421882,0.18016397831240874,795.0744577218318,1,3.0,14.0,4.0,21.0,8.4,-3.9376,13.3643,1384.8619,1384.7136084,0.1482915999999932,0.0014022
69,102,171,0.19298245614035087,6.368421052631579,30.808040291421882,0.18016397831240874,819.0099301631855,1,3.0,13.0,4.0,20.0,7.878787878787879,-3.7035,12.7366,1385.3892,1385.4237201,-0.034520100000008824,0.0009747
70,101,171,0.18128654970760233,5.619883040935672,30.808040291421882,0.18016397831240874,843.3021130649082,1,3.0,12.0,4.0,19.0,7.354838709677419,-3.2901,11.7175,1384.9109,1384.7379246,0.1729754000000412,5.13e-05
71,100,171,0.1695906432748538,4.918128654970761,30.808040291421882,0.18016397831240874,867.9510409638771,1,3.0,11.0,4.0,18.0,6.827586206896552,-2.1755,10.2521,1382.4839,1382.4772191,0.006680899999992107,0.0018639
72,99,171,0.15789473684210525,4.2631578947368425,30.808040291421882,0.18016397831240874,892.9567475842514,1,3.0,10.0,4.0,17.0,6.296296296296297,-1.1138,8.9436,1379.1965,1379.2977477,-0.10124769999993077,0.0288819
73,98,171,0.14619883040935672,3.654970760233918,30.808040291421882,0.18016397831240874,918.3192658676479,1,3.0,9.0,4.0,16.0,5.76,-0.2852,7.9272,1374.7686,1374.8043294,-0.035729399999809175,0.0279414
74,97,171,0.13450292397660818,3.0935672514619883,30.808040291421882,0.18016397831240874,944.0386280017959,1,3.0,8.0,4.0,15.0,5.217391304347826,-0.0393,6.9709,1369.7054,1369.3878018,0.31759820000002037,0.0279414
75,96,171,0.12280701754385964,2.5789473684210527,30.808040291421882,0.18016397831240874,970.1148654477697,1,3.0,7.0,4.0,14.0,4.666666666666667,0.0716,5.802,1363.1162,1362.7696401,0.3465598999998747,0.0279414
76,95,171,0.1111111111111111,2.111111111111111,30.808040291421882,0.18016397831240874,996.548008965886,1,3.0,6.0,4.0,13.0,4.105263157894737,0.1265,4.528,1355.5266,1355.0342499,0.4923500999998396,0.0182457
77,94,171,0.09941520467836257,1.6900584795321638,30.808040291421882,0.18016397831240874,1023.3380886403484,1,3.0,5.0,4.0,12.0,3.5294117647058822,0.4989,3.3945,1346.4076,1346.3667045,0.04089550000003328,0.0384579
78,93,171,0.08771929824561403,1.3157894736842106,30.808040291421882,0.18016397831240874,1050.485133902717,1,3.0,4.0,4.0,11.0,2.933333333333333,0.4282,2.5472,1336.6188,1336.6388907,-0.020090700000082506,0.0809514
79,92,171,0.07602339181286549,0.9883040935672515,30.808040291421882,0.18016397831240874,1077.9891735542722,1,3.0,3.0,4.0,10.0,2.3076923076923075,-0.2118,1.7834,1325.6936,1325.9522799,-0.25867989999983365,0.0207081
68,104,172,0.20930232558139536,7.534883720930233,30.92803284791408,0.17981414446461677,793.5306199389893,2,3.0,14.0,4.0,22.0,8.555555555555555,-4.179,13.6613,1391.9695,1391.5496944,0.4198056000000179,0.003956
69,103,172,0.19767441860465115,6.72093023255814,30.92803284791408,0.17981414446461677,817.4196156178884,0,3.0,13.0,4.0,21.0,8.029411764705882,-3.8804,13.1807,1391.4297,1391.6583124,-0.2286124000002019,0.0054868
70,102,172,0.18604651162790697,5.953488372093023,30.92803284791408,0.17981414446461677,841.6646291137434,2,3.0,12.0,4.0,20.0,7.5,-3.7593,12.3494,1393.083,1392.757874,0.3251260000001821,5.16e-05
71,101,172,0.1744186046511628,5.232558139534884,30.92803284791408,0.17981414446461677,866.265694896369,0,3.0,11.0,4.0,19.0,6.966666666666667,-2.4972,10.7872,1389.3717,1389.4561448,-0.08444480000002841,0.0023392
72,100,172,0.16279069767441862,4.558139534883721,30.92803284791408,0.17981414446461677,891.2228466244408,2,3.0,10.0,4.0,18.0,6.428571428571429,-1.5511,9.2424,1388.2762,1388.3399508,-0.06375079999997979,0.024424
73,99,172,0.1511627906976744,3.9302325581395348,30.92803284791408,0.17981414446461677,916.5361171756108,0,3.0,9.0,4.0,17.0,5.884615384615385,-0.4204,8.0698,1382.4371,1382.4853632,-0.048263199999837525,0.02795
74,98,172,0.13953488372093023,3.3488372093023258,30.92803284791408,0.17981414446461677,942.205538675108,2,3.0,8.0,4.0,16.0,5.333333333333333,-0.2577,7.1968,1379.584,1379.4702204,0.1137796000000435,0.02795
75,97,172,0.12790697674418605,2.813953488372093,30.92803284791408,0.17981414446461677,968.2311425229169,0,3.0,7.0,4.0,15.0,4.7727272727272725,0.0095,6.0668,1371.6224,1371.157512,0.46488799999997354,0.0355696
76,96,172,0.11627906976744186,2.3255813953488373,30.92803284791408,0.17981414446461677,994.6129594196252,2,3.0,6.0,4.0,14.0,4.2,-0.1134,4.915,1366.3787,1366.0519672,0.3267327999999452,0.0127624
77,95,172,0.10465116279069768,1.8837209302325582,30.92803284791408,0.17981414446461677,1021.3510193910207,0,3.0,5.0,4.0,13.0,3.611111111111111,0.5182,3.7045,1355.6927,1355.4053564,0.2873435999999856,0.0324048
78,94,172,0.09302325581395349,1.4883720930232558,30.92803284791408,0.17981414446461677,1048.445351811515,2,3.0,4.0,4.0,12.0,3.0,0.5121,2.7458,1348.085,1348.350312,-0.26531199999999444,0.0103716
79,93,172,0.08139534883720931,1.1395348837209303,30.92803284791408,0.17981414446461677,1075.895985426462,0,3.0,3.0,4.0,11.0,2.357142857142857,0.3577,1.9867,1335.5886,1335.7792964,-0.1906963999999789,0.056158
80,92,172,0.06976744186046512,0.8372093023255814,30.92803284791408,0.17981414446461677,1103.7029483734418,2,3.0,2.0,4.0,10.0,1.6666666666666667,-0.501,1.2908,1326.1991,1326.7403008,-0.5412008000000696,0.15007
69,104,173,0.2023121387283237,7.08092485549133,31.047793084354215,0.17946701204829033,815.8415815473934,1,3.0,13.0,4.0,22.0,8.17142857142857,-4.1672,13.4967,1398.6313,1398.6121509,0.019149100000049657,0.0043942
70,103,173,0.1907514450867052,6.294797687861272,31.047793084354215,0.17946701204829033,840.0397898814867,1,3.0,12.0,4.0,21.0,7.636363636363637,-3.9776,12.8165,1399.1742,1399.1249748,0.04922519999990982,5.19e-05
71,102,173,0.1791907514450867,5.554913294797688,31.047793084354215,0.17946701204829033,864.5933631410145,1,3.0,11.0,4.0,20.0,7.096774193548387,-2.946,11.4054,1397.5732,1397.6723976,-0.09919760000002498,0.0015743
72,101,173,0.1676300578034682,4.861271676300578,31.047793084354215,0.17946701204829033,889.5023349196734,1,3.0,10.0,4.0,19.0,6.551724137931035,-1.9118,9.7604,1395.1598,1395.4208372,-0.2610372000001462,0.0279395
73,100,173,0.15606936416184972,4.213872832369942,31.047793084354215,0.17946701204829033,914.7667380316457,1,3.0,9.0,4.0,18.0,6.0,-0.8091,8.2625,1391.4773,1391.623245,-0.14594499999998334,0.0279395
74,99,173,0.14450867052023122,3.61271676300578,31.047793084354215,0.17946701204829033,940.3866045401415,1,3.0,8.0,4.0,17.0,5.44,-0.3005,7.2666,1387.2318,1387.1717301,0.06006989999991674,0.0279395
75,98,173,0.1329479768786127,3.0578034682080926,31.047793084354215,0.17946701204829033,966.3619657845283,1,3.0,7.0,4.0,16.0,4.869565217391305,-0.1862,6.2346,1381.5342,1381.2158764,0.31832359999998516,0.0279395
76,97,173,0.12138728323699421,2.5491329479768785,31.047793084354215,0.17946701204829033,992.6928524061254,1,3.0,6.0,4.0,15.0,4.285714285714286,-0.1407,5.1178,1374.8864,1374.3178993,0.568500700000186,0.0149645
77,96,173,0.10982658959537572,2.086705202312139,31.047793084354215,0.17946701204829033,1019.3792943727561,1,3.0,5.0,4.0,14.0,3.6842105263157894,0.3704,4.0071,1366.5552,1366.365764,0.1894360000001143,0.0105357
78,95,173,0.09826589595375723,1.670520231213873,31.047793084354215,0.17946701204829033,1046.4213210021242,1,3.0,4.0,4.0,13.0,3.0588235294117645,0.6189,2.9629,1357.351,1357.2517088,0.09929120000015246,0.0634391
79,94,173,0.08670520231213873,1.300578034682081,31.047793084354215,0.17946701204829033,1073.818960984091,1,3.0,3.0,4.0,12.0,2.4,0.7415,2.101,1347.0737,1347.3646204,-0.2909204000000045,0.0227841
69,105,174,0.20689655172413793,7.448275862068965,31.167322789559027,0.17912254476758066,814.2756629538978,0,3.0,13.0,4.0,21.0,8.029411764705882,-4.0778,13.6176,1404.166,1404.2919168,-0.12591680000014094,0.044718
70,104,174,0.19540229885057472,6.64367816091954,31.167322789559027,0.17912254476758066,838.427425476431,2,3.0,12.0,4.0,22.0,7.764705882352941,-4.3087,13.1674,1406.943,1406.5895694,0.35343059999991056,5.22e-05
71,103,174,0.1839080459770115,5.885057471264368,31.167322789559027,0.17912254476758066,862.9338708403311,0,3.0,11.0,4.0,21.0,7.21875,-3.223,11.9047,1404.1973,1404.432996,-0.23569599999996171,0.001566
72,102,174,0.1724137931034483,5.172413793103448,31.167322789559027,0.17912254476758066,887.7950325748157,2,3.0,10.0,4.0,20.0,6.666666666666667,-2.3288,10.3602,1403.8481,1403.9249334,-0.0768334000001687,0.002262
73,101,174,0.16091954022988506,4.505747126436781,31.167322789559027,0.17912254476758066,913.0109434310835,0,3.0,9.0,4.0,19.0,6.107142857142857,-1.0965,8.7421,1398.8118,1399.0387872,-0.22698719999993955,0.0279444
74,100,174,0.14942528735632185,3.8850574712643677,31.167322789559027,0.17912254476758066,938.5816354108034,2,3.0,8.0,4.0,18.0,5.538461538461538,-0.5491,7.3979,1396.7201,1396.7427528,-0.02265280000005987,0.0279444
75,99,174,0.13793103448275862,3.310344827586207,31.167322789559027,0.17912254476758066,964.5071397931898,0,3.0,7.0,4.0,17.0,4.958333333333333,-0.2749,6.2643,1389.6508,1389.4064256,0.24437439999996968,0.0279444
76,98,174,0.12643678160919541,2.781609195402299,31.167322789559027,0.17912254476758066,990.78748716075,2,3.0,6.0,4.0,16.0,4.363636363636363,-0.2864,5.2332,1385.265,1384.9463532,0.31864680000012413,0.0102486
77,97,174,0.11494252873563218,2.2988505747126435,31.167322789559027,0.17912254476758066,1017.4227074237863,0,3.0,5.0,4.0,15.0,3.75,0.4328,4.1228,1375.4827,1374.9545598,0.5281402000000526,0.011223
78,96,174,0.10344827586206896,1.8620689655172413,31.167322789559027,0.17912254476758066,1044.4128298437313,2,3.0,4.0,4.0,14.0,3.111111111111111,0.556,3.1669,1368.6176,1368.7038882,-0.086288199999899,0.0103356
80,94,174,0.08045977011494253,1.1264367816091954,31.167322789559027,0.17912254476758066,1099.4578950880862,2,3.0,2.0,4.0,12.0,1.7142857142857142,0.2642,1.5996,1348.1456,1348.4626074,-0.31700739999996586,0.0192096
69,106,175,0.21142857142857144,7.822857142857143,31.286623728379862,0.17878070701931353,812.7216979884378,1,3.0,13.0,4.0,20.0,7.878787878787879,-4.185,13.6726,1410.8859,1410.8092775,0.07662249999998494,0.0499975
70,105,175,0.2,7.0,31.286623728379862,0.17878070701931353,836.8273692491025,1,3.0,12.0,4.0,21.0,7.636363636363637,-4.2976,13.3175,1412.5568,1412.4119275,0.1448725000000195,8.75e-05
71,104,175,0.18857142857142858,6.222857142857142,31.286623728379862,0.17878070701931353,861.2870464738379,1,3.0,11.0,4.0,22.0,7.333333333333333,-3.6071,12.2919,1412.0555,1412.09971,-0.044210000000020955,0.0012075
72,103,175,0.17714285714285713,5.491428571428571,31.286623728379862,0.17878070701931353,886.1007631278742,1,3.0,10.0,4.0,21.0,6.774193548387097,-2.6486,10.8787,1410.5063,1410.6334375,-0.12713749999988977,0.002275
73,102,175,0.1657142857142857,4.805714285714286,31.286623728379862,0.17878070701931353,911.2685518999075,1,3.0,9.0,4.0,20.0,6.206896551724138,-1.4124,9.329,1407.5228,1407.77798,-0.25518000000010943,0.0279475
74,101,175,0.15428571428571428,4.1657142857142855,31.286623728379862,0.17878070701931353,936.7904447305347,1,3.0,8.0,4.0,19.0,5.62962962962963,-0.8168,7.8672,1404.0515,1404.219775,-0.16827499999999418,0.0279475
75,100,175,0.14285714285714285,3.5714285714285716,31.286623728379862,0.17878070701931353,962.6664728392768,1,3.0,7.0,4.0,18.0,5.04,-0.4493,6.373,1399.1826,1399.09294,0.08966000000009444,0.0279475
76,99,175,0.13142857142857142,3.0228571428571427,31.286623728379862,0.17878070701931353,988.8966667502774,1,3.0,6.0,4.0,17.0,4.434782608695652,-0.2511,5.204,1393.3882,1393.127645,0.2605550000000676,0.0117775
77,98,175,0.12,2.52,31.286623728379862,0.17878070701931353,1015.4810563167587,1,3.0,5.0,4.0,16.0,3.8095238095238093,0.3315,4.1611,1385.8741,1385.63446,0.2396400000000085,0.01239
78,97,175,0.10857142857142857,2.0628571428571427,31.286623728379862,0.17878070701931353,1042.4196707443095,1,3.0,4.0,4.0,15.0,3.1578947368421053,0.6364,3.208,1377.5345,1377.16628,0.36822000000006483,0.01862
79,96,175,0.09714285714285714,1.6514285714285715,31.286623728379862,0.17878070701931353,1069.7125386130776,1,3.0,3.0,4.0,14.0,2.4705882352941178,0.7736,2.291,1367.9615,1368.0789325,-0.11743250000017724,0.03857
80,95,175,0.08571428571428572,1.2857142857142858,31.286623728379862,0.17878070701931353,1097.359687898929,1,3.0,2.0,4.0,13.0,1.7333333333333334,0.7153,1.6168,1357.7771,1357.862345,-0.08524499999998625,0.0810775
69,107,176,0.2159090909090909,8.204545454545455,31.405697642158753,0.17844146387590207,811.1795278732109,0,3.0,13.0,4.0,19.0,7.71875,-4.2017,13.4867,1416.0125,1415.9413664,0.07113359999993918,0.1000032
70,106,176,0.20454545454545456,7.363636363636363,31.405697642158753,0.17844146387590207,835.2394577122825,2,3.0,12.0,4.0,20.0,7.5,-4.4874,13.3988,1419.8593,1419.2790128,0.5802872000001571,5.28e-05
71,105,176,0.19318181818181818,6.568181818181818,31.405697642158753,0.17844146387590207,859.6527217757384,0,3.0,11.0,4.0,21.0,7.21875,-3.635,12.4819,1418.2329,1418.3876784,-0.15477839999994103,0.0012144
72,104,176,0.18181818181818182,5.818181818181818,31.405697642158753,0.17844146387590207,884.4193534653073,2,3.0,10.0,4.0,22.0,6.875,-3.0638,11.3075,1418.9106,1418.7994304,0.11116960000003928,0.0014784
73,103,176,0.17045454545454544,5.113636363636363,31.405697642158753,0.17844146387590207,909.5393854076576,0,3.0,9.0,4.0,21.0,6.3,-1.7974,9.8528,1414.676,1414.8060256,-0.13002560000018093,0.0307472
74,102,176,0.1590909090909091,4.454545454545454,31.405697642158753,0.17844146387590207,935.0128494827774,2,3.0,8.0,4.0,20.0,5.714285714285714,-1.0991,8.4368,1413.245,1413.2999056,-0.05490560000021105,0.0279488
75,101,176,0.14772727272727273,3.840909090909091,31.405697642158753,0.17844146387590207,960.8397768509477,0,3.0,7.0,4.0,19.0,5.115384615384615,-0.6608,6.8361,1406.9922,1406.9388432,0.05335679999984677,0.0279488
76,100,176,0.13636363636363635,3.272727272727273,31.405697642158753,0.17844146387590207,987.0201979783913,2,3.0,6.0,4.0,18.0,4.5,-0.5735,5.2937,1403.4008,1403.2247856,0.17601439999998547,0.0109472
77,99,176,0.125,2.75,31.405697642158753,0.17844146387590207,1013.5541426616824,0,3.0,5.0,4.0,17.0,3.8636363636363638,0.3553,4.1005,1394.4718,1394.1931872,0.278612800000019,0.0080784
78,98,176,0.11363636363636363,2.272727272727273,31.405697642158753,0.17844146387590207,1040.4416400509917,2,3.0,4.0,4.0,16.0,3.2,0.6421,3.1882,1388.3698,1388.4628384,-0.09303840000006858,0.0127072
79,97,176,0.10227272727272728,1.8409090909090908,31.405697642158753,0.17844146387590207,1067.682718672235,0,3.0,3.0,4.0,15.0,2.5,1.005,2.2971,1377.3362,1377.2675312,0.06866880000006859,0.033176
80,96,176,0.09090909090909091,1.4545454545454546,31.405697642158753,0.17844146387590207,1095.2774064481926,2,3.0,2.0,4.0,14.0,1.75,0.6765,1.6697,1369.4807,1369.748864,-0.2681639999998424,0.0111232
81,95,176,0.07954545454545454,1.1136363636363635,31.405697642158753,0.17844146387590207,1123.2257307186571,0,3.0,1.0,4.0,13.0,0.9285714285714286,0.4803,1.1115,1356.592,1356.5971408,-0.0051407999999355525,0.0830544
70,107,177,0.20903954802259886,7.734463276836158,31.524546249173255,0.1781047810687755,833.6635304634397,1,3.0,12.0,4.0,19.0,7.354838709677419,-4.5521,13.2435,1425.0771,1424.8454157,0.23168429999986984,0.0002301
71,106,177,0.1977401129943503,6.9209039548022595,31.524546249173255,0.1781047810687755,858.0307316550861,1,3.0,11.0,4.0,20.0,7.096774193548387,-3.8945,12.6031,1425.6426,1425.4605615,0.18203849999986232,0.0012213
72,105,177,0.1864406779661017,6.1525423728813555,31.524546249173255,0.1781047810687755,882.7506337398918,1,3.0,10.0,4.0,21.0,6.774193548387097,-3.1714,11.5422,1425.1604,1425.1750605,-0.014660499999990861,0.001416
73,104,177,0.1751412429378531,5.429378531073446,31.524546249173255,0.1781047810687755,907.8232692829648,1,3.0,9.0,4.0,22.0,6.387096774193548,-2.3485,10.2924,1423.131,1423.2267153,-0.095715299999938,0.0033099
74,103,177,0.1638418079096045,4.751412429378531,31.524546249173255,0.1781047810687755,933.2486701041427,1,3.0,8.0,4.0,21.0,5.793103448275862,-1.489,8.9408,1420.3885,1420.4313543,-0.04285430000004453,0.0279483
75,102,177,0.15254237288135594,4.11864406779661,31.524546249173255,0.1781047810687755,959.0268673049129,1,3.0,7.0,4.0,20.0,5.185185185185185,-0.9534,7.4108,1416.2253,1416.2164533,0.008846700000049168,0.0279483
76,101,177,0.14124293785310735,3.531073446327684,31.524546249173255,0.1781047810687755,985.157891294015,1,3.0,6.0,4.0,19.0,4.56,-0.7027,5.7749,1411.2483,1411.1213667,0.1269333000000188,0.0146202
77,100,177,0.12994350282485875,2.9887005649717513,31.524546249173255,0.1781047810687755,1011.641771811803,1,3.0,5.0,4.0,18.0,3.9130434782608696,0.2588,4.1685,1404.5334,1404.4300056,0.10339440000007016,0.0197532
78,99,177,0.11864406779661017,2.4915254237288136,31.524546249173255,0.1781047810687755,1038.4785379534471,1,3.0,4.0,4.0,17.0,3.238095238095238,0.7048,3.0939,1396.9897,1396.9706592,0.019040800000084346,0.0149919
79,98,177,0.10734463276836158,2.0395480225988702,31.524546249173255,0.1781047810687755,1065.6682181910405,1,3.0,3.0,4.0,16.0,2.526315789473684,1.1027,2.2522,1388.2341,1388.3636271,-0.12952710000013212,0.0099651
80,97,177,0.096045197740113,1.6327683615819208,31.524546249173255,0.1781047810687755,1093.2108403946786,1,3.0,2.0,4.0,15.0,1.7647058823529411,0.7563,1.6995,1378.9366,1378.8113619,0.12523809999993318,0.0847299
81,96,177,0.0847457627118644,1.271186440677966,31.524546249173255,0.1781047810687755,1121.10643185257,1,3.0,1.0,4.0,14.0,0.9333333333333333,0.8187,1.0426,1368.2675,1368.5932935,-0.3257935000001453,0.0216294
70,108,178,0.21348314606741572,8.112359550561798,31.6431712450704,0.17777062497230567,832.0994301094948,2,3.0,12.0,4.0,18.0,7.2,-4.8446,13.0062,1431.9249,1431.6074708,0.3174291999998786,0.006586
71,107,178,0.20224719101123595,7.280898876404494,31.6431712450704,0.17777062497230567,856.4209141183502,0,3.0,11.0,4.0,19.0,6.966666666666667,-4.0949,12.4845,1431.4297,1431.4858612,-0.05616120000013325,0.0022606
72,106,178,0.19101123595505617,6.49438202247191,31.6431712450704,0.17777062497230567,881.0944372910559,2,3.0,10.0,4.0,20.0,6.666666666666667,-3.5063,11.6946,1433.1366,1432.8009964,0.3356036000000131,0.001424
74,104,178,0.16853932584269662,5.056179775280899,31.6431712450704,0.17777062497230567,931.4977304001868,2,3.0,8.0,4.0,22.0,5.866666666666666,-1.9773,9.3641,1429.3203,1429.2079952,0.11230480000017451,0.0152012
75,103,178,0.15730337078651685,4.404494382022472,31.6431712450704,0.17777062497230567,957.2275631398858,0,3.0,7.0,4.0,21.0,5.25,-1.2944,7.8992,1423.8336,1423.6720528,0.161547199999859,0.027946
76,102,178,0.14606741573033707,3.797752808988764,31.6431712450704,0.17777062497230567,983.3095607024059,2,3.0,6.0,4.0,20.0,4.615384615384615,-1.0099,6.3547,1420.9733,1420.7804784,0.19282160000011572,0.0136348
77,101,178,0.1348314606741573,3.235955056179775,31.6431712450704,0.17777062497230567,1009.7437527723032,0,3.0,5.0,4.0,19.0,3.9583333333333335,0.116,4.6216,1412.8363,1412.708214,0.1280859999999393,0.0188146
78,100,178,0.12359550561797752,2.7191011235955056,31.6431712450704,0.17777062497230567,1036.5301683901603,2,3.0,4.0,4.0,18.0,3.272727272727273,0.5925,3.1351,1407.526,1407.669034,-0.14303399999994326,0.0101282
79,99,178,0.11235955056179775,2.247191011235955,31.6431712450704,0.17777062497230567,1063.6688359746518,0,3.0,3.0,4.0,17.0,2.55,1.1253,2.1007,1397.2874,1397.1922388,0.09516119999989314,0.0102528
80,98,178,0.10112359550561797,1.8202247191011236,31.6431712450704,0.17777062497230567,1091.159783343584,2,3.0,2.0,4.0,16.0,1.7777777777777777,0.6935,1.6531,1390.3352,1390.4222046,-0.08700460000000021,0.0107512
82,96,178,0.07865168539325842,1.101123595505618,31.6431712450704,0.17777062497230567,1147.19862582118,2,4.0,0.0,4.0,14.0,0.0,0.1061,0.8226,1368.9263,1368.9687902,-0.04249019999997472,0.0231756
71,108,179,0.20670391061452514,7.648044692737431,31.7615743032901,0.1774389625882129,854.8231101942899,1,3.0,11.0,4.0,18.0,6.827586206896552,-4.3601,12.264,1438.3783,1438.2783176,0.09998240000004444,0.0051552
72,107,179,0.19553072625698323,6.843575418994414,31.7615743032901,0.1774389625882129,879.4506005675908,1,3.0,10.0,4.0,19.0,6.551724137931035,-3.7078,11.5984,1438.9894,1438.8999846,0.08941540000000714,0.0014141
73,106,179,0.18435754189944134,6.083798882681564,31.7615743032901,0.1774389625882129,904.4295057571001,1,3.0,9.0,4.0,20.0,6.206896551724138,-2.8595,10.7299,1437.9611,1438.0120551,-0.050955100000010134,0.0014678
74,105,179,0.17318435754189945,5.368715083798882,31.7615743032901,0.1774389625882129,929.7598574637012,1,3.0,8.0,4.0,21.0,5.793103448275862,-2.266,9.6367,1436.1332,1436.1674959,-0.034295899999960966,0.0145706
75,104,179,0.16201117318435754,4.698324022346369,31.7615743032901,0.1774389625882129,955.4416866726139,1,3.0,7.0,4.0,22.0,5.310344827586207,-1.758,8.3156,1432.7939,1432.6742214,0.11967859999981556,0.0246304
76,103,179,0.15083798882681565,4.072625698324022,31.7615743032901,0.1774389625882129,981.4750236788983,1,3.0,6.0,4.0,21.0,4.666666666666667,-1.3092,6.8254,1428.5743,1428.3277076,0.2465924000000541,0.0155014
77,102,179,0.13966480446927373,3.4916201117318435,31.7615743032901,0.1774389625882129,1007.8598981117293,1,3.0,5.0,4.0,20.0,4.0,-0.1982,5.1628,1422.5721,1422.6069392,-0.03483919999985119,0.0097734
78,101,179,0.12849162011173185,2.9553072625698324,31.7615743032901,0.1774389625882129,1034.5963389575086,1,3.0,4.0,4.0,19.0,3.3043478260869565,0.5381,3.5438,1415.8197,1416.0109861,-0.1912861000000703,0.0079834
79,100,179,0.11731843575418995,2.463687150837989,31.7615743032901,0.1774389625882129,1061.684374581891,1,3.0,3.0,4.0,18.0,2.5714285714285716,0.9645,2.0833,1407.8459,1407.9490946,-0.10319460000005165,0.0116887
80,99,179,0.10614525139664804,2.016759776536313,31.7615743032901,0.1774389625882129,1089.1240327507835,1,3.0,2.0,4.0,17.0,1.7894736842105263,0.6748,1.4559,1399.4014,1399.1110949,0.2903051000000687,0.0281209
81,98,179,0.09497206703910614,1.6145251396648044,31.7615743032901,0.1774389625882129,1116.9153406503817,1,3.0,1.0,4.0,16.0,0.9411764705882353,1.4892,0.6249,1389.272,1389.6654618,-0.39346180000006825,0.0386461
82,97,179,0.08379888268156424,1.2569832402234637,31.7615743032901,0.1774389625882129,1145.0583249062959,1,4.0,0.0,4.0,15.0,0.0,0.4676,0.6674,1378.743,1378.561877,0.18112299999984316,0.0812302
71,109,180,0.2111111111111111,8.022222222222222,31.879757075478327,0.1771097615304352,853.2371638610606,0,3.0,11.0,4.0,17.0,6.678571428571429,-4.2565,11.7933,1443.7158,1443.967092,-0.2512920000001486,0.070722
72,108,180,0.2,7.2,31.879757075478327,0.1771097615304352,877.8189630526557,2,3.0,10.0,4.0,18.0,6.428571428571429,-4.0208,11.4015,1446.4973,1446.287742,0.20955800000001545,0.001422
73,107,180,0.18888888888888888,6.4222222222222225,31.879757075478327,0.1771097615304352,902.7515250834214,0,3.0,9.0,4.0,19.0,6.107142857142857,-3.0801,10.6464,1444.3374,1444.659552,-0.3221520000001874,0.00207
74,106,180,0.17777777777777778,5.688888888888889,31.879757075478327,0.1771097615304352,928.0348815954269,2,3.0,8.0,4.0,20.0,5.714285714285714,-2.6585,9.8351,1444.7104,1444.579812,0.13058799999998882,0.00144
75,105,180,0.16666666666666666,5.0,31.879757075478327,0.1771097615304352,953.6690635164049,0,3.0,7.0,4.0,21.0,5.25,-2.0218,8.603,1440.109,1439.998596,0.11040400000001682,0.021384
76,104,180,0.15555555555555556,4.355555555555555,31.879757075478327,0.1771097615304352,979.65410108521,2,3.0,6.0,4.0,22.0,4.714285714285714,-1.7418,7.225,1438.0007,1437.735078,0.26562200000012126,0.015714
77,103,180,0.14444444444444443,3.7555555555555555,31.879757075478327,0.1771097615304352,1005.9900238760457,0,3.0,5.0,4.0,21.0,4.038461538461538,-0.4772,5.5801,1430.6005,1430.574066,0.026434000000108426,0.021708
78,102,180,0.13333333333333333,3.2,31.879757075478327,0.1771097615304352,1032.676860821536,2,3.0,4.0,4.0,20.0,3.3333333333333335,0.2572,4.0385,1425.9956,1426.244058,-0.24845800000002782,0.010044
79,101,180,0.12222222222222222,2.688888888888889,31.879757075478327,0.1771097615304352,1059.7146402347084,0,3.0,3.0,4.0,19.0,2.590909090909091,0.9159,2.4497,1416.5787,1416.657492,-0.07879200000002129,0.004752
80,100,180,0.1111111111111111,2.2222222222222223,31.879757075478327,0.1771097615304352,1087.103389829957,2,3.0,2.0,4.0,18.0,1.8,0.4365,1.4102,1410.4189,1410.499998,-0.08109800000011091,0.012636
81,99,180,0.1,1.8,31.879757075478327,0.1771097615304352,1114.8431367430383,0,3.0,1.0,4.0,17.0,0.9444444444444444,1.2258,0.3479,1398.7411,1398.85758,-0.1164800000001378,0.069912
82,98,180,0.08888888888888889,1.4222222222222223,31.879757075478327,0.1771097615304352,1142.9339075501646,2,4.0,0.0,4.0,16.0,0.0,0.6281,0.4788,1390.5483,1390.625874,-0.07757400000014059,0.012402
71,110,181,0.2154696132596685,8.403314917127071,31.997721191890314,0.17678299001044376,851.6629219754707,1,3.0,11.0,4.0,16.0,6.518518518518518,-4.3538,11.2251,1450.1674,1450.1593481,0.008051900000054957,0.1257588
72,109,181,0.20441988950276244,7.56353591160221,31.997721191890314,0.17678299001044376,876.1993671909971,1,3.0,10.0,4.0,17.0,6.296296296296297,-3.9875,10.9421,1451.8936,1451.982543,-0.08894299999997202,0.0014299
73,108,181,0.19337016574585636,6.767955801104972,31.997721191890314,0.17678299001044376,901.0859280803143,1,3.0,9.0,4.0,18.0,6.0,-3.4617,10.4539,1451.9224,1452.236305,-0.313904999999977,0.0015747
74,107,181,0.18232044198895028,6.016574585635359,31.997721191890314,0.17678299001044376,926.322636227111,1,3.0,8.0,4.0,19.0,5.62962962962963,-2.7413,9.7614,1451.1196,1451.2488414,-0.12924139999995532,0.001448
75,106,181,0.1712707182320442,5.30939226519337,31.997721191890314,0.17678299001044376,951.9095225020577,1,3.0,7.0,4.0,20.0,5.185185185185185,-2.4612,8.8235,1448.7517,1448.7499554,0.0017445999999381456,0.0125433
76,105,181,0.16022099447513813,4.6464088397790055,31.997721191890314,0.17678299001044376,977.8466170882174,1,3.0,6.0,4.0,21.0,4.666666666666667,-2.0233,7.5284,1445.3455,1445.0001603,0.3453396999998404,0.02534
77,104,181,0.14917127071823205,4.027624309392265,31.997721191890314,0.17678299001044376,1004.1339495052287,1,3.0,5.0,4.0,22.0,4.074074074074074,-0.83,5.9395,1440.0352,1440.1308802,-0.09568020000006072,0.005249
78,103,181,0.13812154696132597,3.453038674033149,31.997721191890314,0.17678299001044376,1030.7715486323336,1,3.0,4.0,4.0,21.0,3.36,0.0624,4.4066,1434.0002,1434.2670051,-0.266805100000056,0.0136836
79,102,181,0.1270718232044199,2.9226519337016574,31.997721191890314,0.17678299001044376,1057.7594427303227,1,3.0,3.0,4.0,20.0,2.608695652173913,0.751,2.9054,1426.7745,1426.9742979,-0.1997979000000214,0.0199824
80,101,181,0.11602209944751381,2.43646408839779,31.997721191890314,0.17678299001044376,1085.097659462455,1,3.0,2.0,4.0,19.0,1.8095238095238095,0.4047,1.793,1419.2136,1418.9819352,0.2316648000000896,0.015385
81,100,181,0.10497237569060773,1.9944751381215469,31.997721191890314,0.17678299001044376,1112.7862259144224,1,3.0,1.0,4.0,18.0,0.9473684210526315,1.6993,0.226,1409.7589,1410.3372123,-0.5783122999998795,0.0091043
82,99,181,0.09392265193370165,1.5966850828729282,31.997721191890314,0.17678299001044376,1140.8251686134022,1,4.0,0.0,4.0,17.0,0.0,0.8406,0.198,1400.066,1399.8667424,0.19925760000000992,0.0850338
72,110,182,0.2087912087912088,7.934065934065934,32.11546826178415,0.1764586168229899,874.5916583183051,2,3.0,10.0,4.0,16.0,6.153846153846154,-4.1365,10.3824,1458.9038,1458.7005342,0.2032658000000538,0.0061698
73,109,182,0.1978021978021978,7.1208791208791204,32.11546826178415,0.1764586168229899,899.4325556905613,0,3.0,9.0,4.0,17.0,5.884615384615385,-3.4489,9.9977,1457.8459,1458.2992424,-0.4533423999998831,0.0015834
74,108,182,0.18681318681318682,6.351648351648351,32.11546826178415,0.1764586168229899,924.6229578468216,2,3.0,8.0,4.0,18.0,5.538461538461538,-3.0767,9.5817,1459.2217,1459.3323472,-0.11064719999990302,0.0007462
75,107,182,0.17582417582417584,5.626373626373627,32.11546826178415,0.1764586168229899,950.1628956011128,0,3.0,7.0,4.0,19.0,5.115384615384615,-2.6461,8.7614,1455.6659,1455.7500048,-0.08410479999997733,0.1019746
76,106,182,0.16483516483516483,4.945054945054945,32.11546826178415,0.1764586168229899,976.0523990811163,2,3.0,6.0,4.0,20.0,4.615384615384615,-2.5146,7.7648,1454.4998,1454.1306234,0.3691765999999461,0.021749
77,105,182,0.15384615384615385,4.3076923076923075,32.11546826178415,0.1764586168229899,1002.2914977523058,0,3.0,5.0,4.0,21.0,4.038461538461538,-1.1307,6.2491,1447.8682,1447.7908536,0.07734639999989668,0.0209664
78,104,182,0.14285714285714285,3.7142857142857144,32.11546826178415,0.1764586168229899,1028.8802204409342,2,3.0,4.0,4.0,22.0,3.3846153846153846,-0.2351,4.7307,1443.8827,1444.1252462,-0.2425461999998788,0.0130858
79,103,182,0.13186813186813187,3.1648351648351647,32.11546826178415,0.1764586168229899,1055.8185953559366,0,3.0,3.0,4.0,21.0,2.625,0.5768,3.3341,1435.3152,1435.4784444,-0.16324439999993956,0.0187642
80,102,182,0.12087912087912088,2.659340659340659,32.11546826178415,0.1764586168229899,1083.1066501098146,2,3.0,2.0,4.0,20.0,1.8181818181818181,0.2442,2.276,1429.9203,1429.9690132,-0.048713200000065626,0.0097916
81,101,182,0.10989010989010989,2.197802197802198,32.11546826178415,0.1764586168229899,1110.74441173856,0,3.0,1.0,4.0,19.0,0.95,1.3759,0.6375,1419.0487,1418.9369922,0.11170779999997649,0.0119756
82,100,182,0.0989010989010989,1.7802197802197801,32.11546826178415,0.1764586168229899,1138.731906720678,2,4.0,0.0,4.0,18.0,0.0,0.7724,0.0889,1411.58,1411.6519872,-0.07198719999996683,0.0120848
71,112,183,0.22404371584699453,9.185792349726777,32.232999873805014,0.17613661133226788,848.5489529577196,1,3.0,11.0,4.0,14.0,6.16,-4.5609,9.8834,1461.3722,1461.2206875,0.15151250000008076,0.0801174
72,111,183,0.21311475409836064,8.311475409836065,32.232999873805014,0.17613661133226788,872.9956845926317,1,3.0,10.0,4.0,15.0,6.0,-4.0952,9.7562,1464.0205,1464.0057645,0.014735500000142565,0.0300486
73,110,183,0.20218579234972678,7.48087431693989,32.232999873805014,0.17613661133226788,897.7912517594701,1,3.0,9.0,4.0,16.0,5.76,-3.5074,9.4569,1464.9449,1465.23342,-0.2885200000000623,0.0015921
74,109,183,0.1912568306010929,6.693989071038251,32.232999873805014,0.17613661133226788,922.9356859264428,1,3.0,8.0,4.0,17.0,5.44,-3.146,9.1326,1465.1949,1465.5231822,-0.32828220000010333,0.0007503
75,108,183,0.18032786885245902,5.950819672131147,32.232999873805014,0.17613661133226788,948.4290178513468,1,3.0,7.0,4.0,18.0,5.04,-2.9865,8.5896,1463.824,1464.1848483,-0.3608483000000433,0.0080337
76,107,183,0.16939890710382513,5.251366120218579,32.232999873805014,0.17613661133226788,974.2712776068853,1,3.0,6.0,4.0,19.0,4.56,-2.6567,7.7157,1461.441,1461.2565921,0.18440789999999652,0.049776
77,106,183,0.15846994535519127,4.595628415300546,32.232999873805014,0.17613661133226788,1000.4624946047633,1,3.0,5.0,4.0,20.0,4.0,-1.6102,6.4948,1457.0754,1457.0126208,0.06277920000002268,0.0246684
78,105,183,0.14754098360655737,3.9836065573770494,32.232999873805014,0.17613661133226788,1027.0026976186307,1,3.0,4.0,4.0,21.0,3.36,-0.5132,5.0471,1451.7502,1451.8013298,-0.051129800000126124,0.0142191
79,104,183,0.1366120218579235,3.4153005464480874,32.232999873805014,0.17613661133226788,1053.8919148059465,1,3.0,3.0,4.0,22.0,2.64,0.231,3.7205,1445.3098,1445.4372852,-0.12748519999991004,0.0094245
80,103,183,0.12568306010928962,2.890710382513661,32.232999873805014,0.17613661133226788,1081.130173728824,1,3.0,2.0,4.0,21.0,1.826086956521739,0.0299,2.7167,1438.5029,1438.2680955,0.23480449999988195,0.0070821
81,102,183,0.11475409836065574,2.4098360655737703,32.232999873805014,0.17613661133226788,1108.7175013739197,1,3.0,1.0,4.0,20.0,0.9523809523809523,1.2093,1.1096,1429.8035,1430.2683603,-0.46486030000005485,0.009333
82,101,183,0.10382513661202186,1.9726775956284153,32.232999873805014,0.17613661133226788,1136.6539241714197,1,4.0,0.0,4.0,19.0,0.0,0.9903,0.2761,1420.6934,1420.478757,0.21464300000002368,0.0289872
72,112,184,0.21739130434782608,8.695652173913043,32.35031759636025,0.17581694345847967,871.4112969278005,2,3.0,10.0,4.0,14.0,5.833333333333333,-4.333,9.092,1470.7662,1470.2929952,0.4732048000000759,0.0397072
73,111,184,0.20652173913043478,7.8478260869565215,32.35031759636025,0.17581694345847967,896.1618629663918,0,3.0,9.0,4.0,15.0,5.625,-3.7147,8.8507,1470.6154,1470.850644,-0.2352440000001934,0.0260176
74,110,184,0.1956521739130435,7.043478260869565,32.35031759636025,0.17581694345847967,921.2606628512754,2,3.0,8.0,4.0,16.0,5.333333333333333,-3.3267,8.6167,1472.8495,1472.9342968,-0.08479680000004919,0.000736
75,109,184,0.18478260869565216,6.282608695652174,32.35031759636025,0.17581694345847967,946.7077272844264,0,3.0,7.0,4.0,17.0,4.958333333333333,-3.0351,8.1556,1470.3005,1470.6663128,-0.36581279999995786,0.0042688
76,108,184,0.17391304347826086,5.565217391304348,32.35031759636025,0.17581694345847967,972.5030862839697,2,3.0,6.0,4.0,18.0,4.5,-2.9733,7.5446,1470.0936,1469.9167152,0.17688479999992524,0.000828
77,107,184,0.16304347826086957,4.891304347826087,32.35031759636025,0.17581694345847967,998.646769208231,0,3.0,5.0,4.0,19.0,3.9583333333333335,-1.7662,6.437,1464.4973,1464.4926528,0.00464719999990848,0.0279496
78,106,184,0.15217391304347827,4.260869565217392,32.35031759636025,0.17581694345847967,1025.13880477864,2,3.0,4.0,4.0,20.0,3.3333333333333335,-1.0183,5.3,1461.4524,1461.4319416,0.020458399999824906,0.0147384
79,105,184,0.14130434782608695,3.6739130434782608,32.35031759636025,0.17581694345847967,1051.9792211015522,0,3.0,3.0,4.0,21.0,2.625,-0.0406,3.9435,1453.561,1453.6358248,-0.07482479999998759,0.0222824
80,104,184,0.13043478260869565,3.130434782608696,32.35031759636025,0.17581694345847967,1079.1680456890595,2,3.0,2.0,4.0,22.0,1.8333333333333333,-0.2819,3.1025,1448.9771,1448.8795536,0.09754640000005566,0.0095312
81,103,184,0.11956521739130435,2.630434782608696,32.35031759636025,0.17581694345847967,1106.7053054788405,0,3.0,1.0,4.0,21.0,0.9545454545454546,0.9869,1.4958,1438.8048,1438.6357768,0.16902319999985593,0.0100096
82,102,184,0.10869565217391304,2.1739130434782608,32.35031759636025,0.17581694345847967,1134.5910268531136,2,4.0,0.0,4.0,20.0,0.0,0.8457,0.6653,1431.8297,1432.0216576,-0.19195760000002338,0.0128064
72,113,185,0.22162162162162163,9.086486486486486,32.46742297798574,0.17549958366478785,869.8383489287412,1,3.0,10.0,4.0,13.0,5.6521739130434785,-4.1249,8.2542,1475.5276,1475.1846535,0.34294649999992544,0.064269
73,112,185,0.21081081081081082,8.221621621621622,32.46742297798574,0.17549958366478785,894.5442387582182,1,3.0,9.0,4.0,14.0,5.478260869565218,-3.8758,8.2069,1477.4553,1477.4768775,-0.0215774999999212,0.0141525
74,111,185,0.2,7.4,32.46742297798574,0.17549958366478785,919.5977338516711,1,3.0,8.0,4.0,15.0,5.217391304347826,-3.46,8.0035,1478.5519,1478.6880355,-0.13613550000013674,0.00074
75,110,185,0.1891891891891892,6.621621621621622,32.46742297798574,0.17549958366478785,944.9988648556558,1,3.0,7.0,4.0,16.0,4.869565217391305,-3.1775,7.6512,1478.0208,1478.3368685,-0.3160685000000285,0.000814
76,109,185,0.1783783783783784,5.886486486486486,32.46742297798574,0.17549958366478785,970.7476617341131,1,3.0,6.0,4.0,17.0,4.434782608695652,-3.0586,7.1232,1476.603,1476.5413695,0.06163050000009207,0.0008325
77,108,185,0.16756756756756758,5.194594594594594,32.46742297798574,0.17549958366478785,996.8441537923749,1,3.0,5.0,4.0,18.0,3.9130434782608696,-2.0569,6.2577,1473.1886,1473.288681,-0.1000810000000456,0.0279535
78,107,185,0.15675675675675677,4.545945945945946,32.46742297798574,0.17549958366478785,1023.2883697000271,1,3.0,4.0,4.0,19.0,3.3043478260869565,-1.1646,5.2489,1468.8958,1468.8589115,0.036888500000031854,0.025826
79,106,185,0.14594594594594595,3.9405405405405407,32.46742297798574,0.17549958366478785,1050.0803375126918,1,3.0,3.0,4.0,20.0,2.608695652173913,-0.4687,4.1201,1463.2384,1463.246585,-0.008185000000139553,0.0026085
80,105,185,0.13513513513513514,3.3783783783783785,32.46742297798574,0.17549958366478785,1077.2200846928,1,3.0,2.0,4.0,21.0,1.826086956521739,-0.5096,3.3159,1457.2458,1456.7897335,0.4560664999999062,0.0136345
81,104,185,0.12432432432432433,2.8594594594594596,32.46742297798574,0.17549958366478785,1104.7076381294055,1,3.0,1.0,4.0,22.0,0.9565217391304348,0.628,1.8403,1449.291,1449.581486,-0.29048600000010083,0.020683
82,103,185,0.11351351351351352,2.383783783783784,32.46742297798574,0.17549958366478785,1132.5430241571064,1,4.0,0.0,4.0,21.0,0.0,0.8112,0.9741,1440.783,1440.582605,0.200394999999844,0.016169
72,114,186,0.22580645161290322,9.483870967741936,32.584317547703584,0.175184502944643,868.2766968286794,2,3.0,10.0,4.0,12.0,5.454545454545454,-4.093,7.4614,1481.9269,1481.3603952,0.5665047999998478,0.0512244
73,113,186,0.21505376344086022,8.602150537634408,32.584317547703584,0.175184502944643,892.9382312847889,0,3.0,9.0,4.0,13.0,5.318181818181818,-3.8201,7.4208,1482.8096,1482.7614402,0.04815980000012132,0.0600036
74,112,186,0.20430107526881722,7.763440860215054,32.584317547703584,0.175184502944643,917.9467469366309,2,3.0,8.0,4.0,14.0,5.090909090909091,-3.658,7.3748,1485.9467,1485.8800836,0.06661639999992985,0.001209
75,111,186,0.1935483870967742,6.967741935483871,32.584317547703584,0.175184502944643,943.3022743757405,0,3.0,7.0,4.0,15.0,4.7727272727272725,-3.2281,7.0305,1484.2349,1484.5164618,-0.2815617999999631,0.0008184
76,110,186,0.1827956989247312,6.21505376344086,32.584317547703584,0.175184502944643,969.0048435122628,2,3.0,6.0,4.0,16.0,4.363636363636363,-3.1805,6.6323,1484.837,1484.8068264,0.030173599999898215,0.0007626
77,109,186,0.17204301075268819,5.505376344086022,32.584317547703584,0.175184502944643,995.0544835989173,0,3.0,5.0,4.0,17.0,3.8636363636363638,-1.9196,5.8718,1480.2205,1480.1967978,0.023702199999888762,0.0165168
78,108,186,0.16129032258064516,4.838709677419355,32.584317547703584,0.175184502944643,1021.4512232538181,2,3.0,4.0,4.0,18.0,3.272727272727273,-1.4506,5.0824,1478.0951,1478.1065484,-0.011448400000062975,0.0217434
79,107,186,0.15053763440860216,4.21505376344086,32.584317547703584,0.175184502944643,1048.195090482218,0,3.0,3.0,4.0,19.0,2.590909090909091,-0.6432,4.0585,1471.1501,1471.1746074,-0.024507399999947665,0.0209622
80,106,186,0.13978494623655913,3.6344086021505375,32.584317547703584,0.175184502944643,1075.2861126972434,2,3.0,2.0,4.0,20.0,1.8181818181818181,-0.8537,3.4286,1467.3374,1467.216453,0.12094699999988734,0.0116436
81,105,186,0.12903225806451613,3.096774193548387,32.584317547703584,0.175184502944643,1102.7243167396741,0,3.0,1.0,4.0,21.0,0.9545454545454546,0.4798,1.9937,1457.9681,1457.7779946,0.1901053999999931,0.0207576
82,104,186,0.11827956989247312,2.6021505376344085,32.584317547703584,0.175184502944643,1130.5097288968277,2,4.0,0.0,4.0,22.0,0.0,0.6195,1.2242,1451.6427,1451.793612,-0.15091199999983473,0.0110112
83,103,186,0.10752688172043011,2.150537634408602,32.584317547703584,0.175184502944643,1158.6423749205967,0,4.0,1.0,4.0,21.0,0.9545454545454546,1.1123,1.7078,1439.8621,1439.475855,0.3862450000001445,0.0169446
84,102,186,0.0967741935483871,1.7419354838709677,32.584317547703584,0.175184502944643,1187.1222800446862,2,4.0,2.0,4.0,20.0,1.8181818181818181,0.9449,2.6017,1431.0524,1431.4464768,-0.39407679999999345,0.0182838
73,114,187,0.2192513368983957,8.989304812834225,32.70100281537152,0.17487167280947338,891.3436953361429,1,3.0,9.0,4.0,12.0,5.142857142857143,-3.2437,6.6868,1489.3416,1489.1207001,0.2208998999999494,0.0558943
74,113,187,0.20855614973262032,8.133689839572192,32.70100281537152,0.17487167280947338,916.3075528292993,1,3.0,8.0,4.0,13.0,4.9523809523809526,-3.276,6.6517,1491.4158,1491.3468416,0.06895839999992859,0.0012155
75,112,187,0.19786096256684493,7.320855614973262,32.70100281537152,0.17487167280947338,941.6178024444989,1,3.0,7.0,4.0,14.0,4.666666666666667,-3.0534,6.4135,1491.705,1491.8770053,-0.17200530000013714,0.0007293
76,111,187,0.18716577540106952,6.550802139037433,32.70100281537152,0.17487167280947338,967.2744740384759,1,3.0,6.0,4.0,15.0,4.285714285714286,-3.1368,6.0692,1491.1183,1491.0971218,0.02117820000012216,0.0007293
77,110,187,0.17647058823529413,5.823529411764706,32.70100281537152,0.17487167280947338,993.2775968117126,1,3.0,5.0,4.0,16.0,3.8095238095238093,-1.9685,5.4541,1488.5782,1488.6451404,-0.06694040000002133,0.0279378
78,109,187,0.1657754010695187,5.13903743315508,32.70100281537152,0.17487167280947338,1019.6271993312189,1,3.0,4.0,4.0,17.0,3.238095238095238,-1.3605,4.7566,1485.2014,1484.9987713,0.20262869999987743,0.0240669
79,108,187,0.15508021390374332,4.497326203208556,32.70100281537152,0.17487167280947338,1046.3233095522387,1,3.0,3.0,4.0,18.0,2.5714285714285716,-0.9103,3.9133,1480.406,1480.5598401,-0.1538401000000249,0.0224961
80,107,187,0.1443850267379679,3.8983957219251337,32.70100281537152,0.17487167280947338,1073.365954838946,1,3.0,2.0,4.0,19.0,1.8095238095238095,-0.97,3.3428,1475.2488,1474.8672235,0.38157650000016474,0.0128656
81,106,187,0.13368983957219252,3.342245989304813,32.70100281537152,0.17487167280947338,1100.7551619841906,1,3.0,1.0,4.0,20.0,0.9523809523809523,0.0542,2.0472,1468.0544,1468.410955,-0.35655500000007123,0.008041
82,105,187,0.12299465240641712,2.828877005347594,32.70100281537152,0.17487167280947338,1128.4909572283482,1,4.0,0.0,4.0,21.0,0.0,0.5478,1.333,1460.304,1460.170987,0.13301300000011906,0.0050864
83,104,187,0.11229946524064172,2.358288770053476,32.70100281537152,0.17487167280947338,1156.5733662773252,1,4.0,1.0,4.0,22.0,0.9565217391304348,0.9268,2.0061,1450.8153,1450.7849521,0.030347899999924266,0.0100045
84,103,187,0.10160427807486631,1.9304812834224598,32.70100281537152,0.17487167280947338,1185.0024143197677,1,4.0,2.0,4.0,21.0,1.826086956521739,1.0869,2.9424,1440.5087,1440.7955243,-0.2868242999998074,0.0326315
74,114,188,0.2127659574468085,8.51063829787234,32.817480272024206,0.17456106527672455,914.680004904293,2,3.0,8.0,4.0,12.0,4.8,-3.6356,6.0426,1498.6045,1498.1820016,0.42249839999999494,0.0030832
75,113,188,0.20212765957446807,7.680851063829787,32.817480272024206,0.17456106527672455,939.9452983864613,0,3.0,7.0,4.0,13.0,4.55,-3.3008,5.769,1497.7797,1497.7486428,0.0310572000000775,0.0007332
76,112,188,0.19148936170212766,6.8936170212765955,32.817480272024206,0.17456106527672455,965.556398531762,2,3.0,6.0,4.0,14.0,4.2,-3.1667,5.5089,1499.1569,1499.0867328,0.07016720000001442,0.0007332
77,111,188,0.18085106382978725,6.148936170212766,32.817480272024206,0.17456106527672455,991.5133344888118,0,3.0,5.0,4.0,15.0,3.75,-2.121,4.9672,1495.4227,1495.5120256,-0.08932559999993828,0.0094188
78,110,188,0.1702127659574468,5.446808510638298,32.817480272024206,0.17456106527672455,1017.8161347738795,2,3.0,4.0,4.0,16.0,3.2,-1.595,4.4222,1494.1281,1494.2057076,-0.07760760000019218,0.0053016
79,109,188,0.1595744680851064,4.787234042553192,32.817480272024206,0.17456106527672455,1044.4648272925551,0,3.0,3.0,4.0,17.0,2.55,-0.9922,3.6483,1488.0557,1487.9736956,0.08200439999995979,0.0027072
80,108,188,0.14893617021276595,4.170212765957447,32.817480272024206,0.17456106527672455,1071.459439360408,2,3.0,2.0,4.0,18.0,1.8,-1.1654,3.1643,1484.9556,1485.018392,-0.06279199999994489,0.0067868
81,107,188,0.13829787234042554,3.595744680851064,32.817480272024206,0.17456106527672455,1098.7999977226982,0,3.0,1.0,4.0,19.0,0.95,-0.1128,2.0623,1476.5338,1476.3740956,0.15970440000000963,0.0299108
82,106,188,0.1276595744680851,3.0638297872340425,32.817480272024206,0.17456106527672455,1126.4865285731937,2,4.0,0.0,4.0,20.0,0.0,0.1774,1.4655,1470.941,1471.0663668,-0.12536679999993794,0.0101332
83,105,188,0.11702127659574468,2.574468085106383,32.817480272024206,0.17456106527672455,1154.5190575721422,0,4.0,1.0,4.0,21.0,0.9545454545454546,0.7388,2.212,1460.0216,1459.6677952,0.35380480000003445,0.011186
84,104,188,0.10638297872340426,2.127659574468085,32.817480272024206,0.17456106527672455,1182.8976098634491,2,4.0,2.0,4.0,22.0,1.8333333333333333,0.9074,3.2638,1451.9366,1452.2350272,-0.2984272000001056,0.0199656
75,114,189,0.20634920634920634,8.047619047619047,32.93375139020674,0.17425265285823677,938.2846141882866,1,3.0,7.0,4.0,12.0,4.421052631578948,-3.7251,5.1782,1505.0511,1504.7821845,0.2689154999998209,0.0081837
76,113,189,0.19576719576719576,7.243386243386244,32.93375139020674,0.17425265285823677,963.8504649457963,1,3.0,6.0,4.0,13.0,4.105263157894737,-3.4868,4.8804,1505.2867,1505.0075481,0.2791519000002154,0.0006615
77,112,189,0.18518518518518517,6.481481481481482,32.93375139020674,0.17425265285823677,989.761540496447,1,3.0,5.0,4.0,14.0,3.6842105263157894,-2.4291,4.425,1503.5336,1503.6880446,-0.15444460000003346,0.0125685
78,111,189,0.1746031746031746,5.761904761904762,32.93375139020674,0.17425265285823677,1016.0178693061254,1,3.0,4.0,4.0,15.0,3.1578947368421053,-1.7721,3.9583,1501.0197,1500.9254505,0.09424950000015997,0.0100926
79,110,189,0.164021164021164,5.084656084656085,32.93375139020674,0.17425265285823677,1042.6194792311185,1,3.0,3.0,4.0,16.0,2.526315789473684,-1.2143,3.3859,1497.0876,1497.2556564,-0.16805639999984123,0.0200907
80,109,189,0.15343915343915343,4.449735449735449,32.93375139020674,0.17425265285823677,1069.5663975387342,1,3.0,2.0,4.0,17.0,1.7894736842105263,-1.3916,2.9139,1492.6298,1492.5177288,0.11207119999994575,0.0315441
81,108,189,0.14285714285714285,3.857142857142857,32.93375139020674,0.17425265285823677,1096.8586509269805,1,3.0,1.0,4.0,18.0,0.9473684210526315,-0.4322,2.0173,1486.4199,1486.7251056,-0.3052055999999084,0.0083727
82,107,189,0.13227513227513227,3.306878306878307,32.93375139020674,0.17425265285823677,1124.4962655433458,1,4.0,0.0,4.0,19.0,0.0,-0.1437,1.5101,1479.4832,1479.1706811,0.3125188999999864,0.0140616
83,106,189,0.12169312169312169,2.798941798941799,32.93375139020674,0.17425265285823677,1152.4792670027412,1,4.0,1.0,4.0,20.0,0.9523809523809523,0.4474,2.332,1470.6925,1470.6089811,0.08351890000017193,0.0208467
84,105,189,0.1111111111111111,2.3333333333333335,32.93375139020674,0.17425265285823677,1180.8076804046486,1,4.0,2.0,4.0,21.0,1.826086956521739,0.7384,3.4889,1461.1897,1461.1839669,0.0057330999998157495,0.0220563
74,116,190,0.22105263157894736,9.284210526315789,33.0498176243004,0.17394640854894952,911.4592739933968,2,3.0,8.0,4.0,10.0,4.444444444444445,-4.3659,5.2467,1510.7343,1510.025589,0.7087109999999939,0.035397
75,115,190,0.21052631578947367,8.421052631578947,33.0498176243004,0.17394640854894952,936.6356044379403,0,3.0,7.0,4.0,11.0,4.277777777777778,-4.1741,4.8346,1510.8707,1510.457421,0.41327899999987494,0.004864
76,114,190,0.2,7.6,33.0498176243004,0.17394640854894952,962.1565239064386,2,3.0,6.0,4.0,12.0,4.0,-3.9697,4.2878,1513.0841,1512.799893,0.28420699999992394,0.000646
77,113,190,0.18947368421052632,6.821052631578947,33.0498176243004,0.17394640854894952,988.0220614448712,0,3.0,5.0,4.0,13.0,3.611111111111111,-2.7766,3.793,1510.1425,1510.063323,0.07917699999984507,0.001368
78,112,190,0.17894736842105263,6.08421052631579,33.0498176243004,0.17394640854894952,1014.2322454690968,2,3.0,4.0,4.0,14.0,3.111111111111111,-2.1105,3.4371,1509.6335,1509.833879,-0.20037900000011177,0.000665
79,111,190,0.16842105263157894,5.389473684210526,33.0498176243004,0.17394640854894952,1040.7871037864454,0,3.0,3.0,4.0,15.0,2.5,-1.4392,2.9443,1504.4788,1504.578555,-0.09975499999995918,0.003439
80,110,190,0.15789473684210525,4.7368421052631575,33.0498176243004,0.17394640854894952,1067.6866636163043,2,3.0,2.0,4.0,16.0,1.7777777777777777,-1.7393,2.6387,1502.1298,1502.333306,-0.20350600000006125,0.015903
81,109,190,0.14736842105263157,4.126315789473685,33.0498176243004,0.17394640854894952,1094.930951609759,0,3.0,1.0,4.0,17.0,0.9444444444444444,-0.6664,1.827,1494.6239,1494.546555,0.07734500000015032,0.007258
82,108,190,0.1368421052631579,3.557894736842105,33.0498176243004,0.17394640854894952,1122.5199938683454,2,4.0,0.0,4.0,18.0,0.0,-0.57,1.4976,1489.8792,1489.814586,0.06461400000011963,0.012521
83,107,190,0.12631578947368421,3.031578947368421,33.0498176243004,0.17394640854894952,1150.4538159619572,0,4.0,1.0,4.0,19.0,0.95,0.2886,2.3203,1479.6396,1479.211541,0.4280590000000757,0.020976
84,106,190,0.11578947368421053,2.5473684210526315,33.0498176243004,0.17394640854894952,1178.7324429459643,2,4.0,2.0,4.0,20.0,1.8181818181818181,0.4346,3.6113,1472.3207,1472.395994,-0.07529399999998532,0.013167
74,117,191,0.225130890052356,9.680628272251308,33.16568041084109,0.17364230581592197,909.8658104745068,1,3.0,8.0,4.0,9.0,4.235294117647059,-4.1796,4.4916,1515.4659,1514.9042569,0.5616430999998556,0.0419245
75,116,191,0.21465968586387435,8.801047120418849,33.16568041084109,0.17364230581592197,934.9981262655737,1,3.0,7.0,4.0,10.0,4.117647058823529,-4.6359,4.4872,1517.8163,1517.2961308,0.5201692000000548,0.0102567
76,115,191,0.20418848167539266,7.963350785340314,33.16568041084109,0.17364230581592197,960.4744286510031,1,3.0,6.0,4.0,11.0,3.8823529411764706,-4.4591,3.9773,1518.9532,1518.5586217,0.394578299999921,0.0006685
77,114,191,0.193717277486911,7.167539267015707,33.16568041084109,0.17364230581592197,986.294746625995,1,3.0,5.0,4.0,12.0,3.5294117647058822,-3.2642,3.2048,1517.9893,1518.0898504,-0.10055039999997462,0.0013179
78,113,191,0.18324607329842932,6.4136125654450264,33.16568041084109,0.17364230581592197,1012.4591085567298,1,3.0,4.0,4.0,13.0,3.0588235294117645,-2.4369,2.7902,1516.2468,1516.2970289,-0.050228900000092835,0.0041256
79,112,191,0.17277486910994763,5.701570680628272,33.16568041084109,0.17364230581592197,1038.9675422019232,1,3.0,3.0,4.0,14.0,2.4705882352941178,-1.9478,2.4863,1513.2007,1513.6142429,-0.4135428999998112,0.0049278
80,111,191,0.16230366492146597,5.031413612565445,33.16568041084109,0.17364230581592197,1065.8200747333758,1,3.0,2.0,4.0,15.0,1.7647058823529411,-2.1189,2.3054,1509.6379,1509.6258382,0.012061799999855793,0.0222897
81,110,191,0.1518324607329843,4.403141361256544,33.16568041084109,0.17364230581592197,1093.0167327555807,1,3.0,1.0,4.0,16.0,0.9411764705882353,-0.8309,1.624,1504.2322,1504.5345995,-0.3023995000000923,0.0073535
82,109,191,0.14136125654450263,3.816753926701571,33.16568041084109,0.17364230581592197,1120.5575423244416,1,4.0,0.0,4.0,17.0,0.0,-0.8351,1.3732,1498.173,1497.7605362,0.41246380000006866,0.0066086
83,108,191,0.13089005235602094,3.2722513089005236,33.16568041084109,0.17364230581592197,1148.442528965149,1,4.0,1.0,4.0,18.0,0.9473684210526315,-0.0177,2.2587,1490.0265,1489.9263083,0.10019169999986843,0.0074872
84,107,191,0.12041884816753927,2.769633507853403,33.16568041084109,0.17364230581592197,1176.6717176892696,1,4.0,2.0,4.0,19.0,1.8095238095238095,0.4083,3.5212,1481.2257,1480.9733361,0.25236389999986386,0.0071052
85,106,191,0.1099476439790576,2.3089005235602094,33.16568041084109,0.17364230581592197,1205.2451330110857,1,4.0,3.0,4.0,20.0,2.608695652173913,0.6705,4.6963,1471.217,1471.2583503,-0.041350299999976414,0.0161013
75,117,192,0.21875,9.1875,33.28134116883046,0.1733403185876587,933.3720392860466,0,3.0,7.0,4.0,9.0,3.9375,-4.3942,3.819,1523.1179,1522.6058688,0.5120311999999103,0.0707904
76,116,192,0.20833333333333334,8.333333333333334,33.28134116883046,0.1733403185876587,958.8040349692147,2,3.0,6.0,4.0,10.0,3.75,-4.957,3.6823,1526.4534,1526.116992,0.3364080000001195,0.0023232
77,115,192,0.19791666666666666,7.520833333333333,33.28134116883046,0.1733403185876587,984.5794479527559,0,3.0,5.0,4.0,11.0,3.4375,-3.7856,2.9092,1524.3691,1524.2879808,0.08111919999987549,0.0013056
78,114,192,0.1875,6.75,33.28134116883046,0.1733403185876587,1010.6983065535183,2,3.0,4.0,4.0,12.0,3.0,-2.911,2.193,1524.5815,1524.9585216,-0.3770216000000346,0.0025728
79,113,192,0.17708333333333334,6.020833333333333,33.28134116883046,0.1733403185876587,1037.160638481941,0,3.0,3.0,4.0,13.0,2.4375,-2.3613,2.0376,1520.4883,1520.6598336,-0.1715335999999752,0.0158208
80,112,192,0.16666666666666666,5.333333333333333,33.28134116883046,0.1733403185876587,1063.9664708625696,2,3.0,2.0,4.0,14.0,1.75,-2.6339,1.9388,1518.9305,1519.1167872,-0.18628720000015164,0.0155328
81,111,192,0.15625,4.6875,33.28134116883046,0.1733403185876587,1091.1158302536285,0,3.0,1.0,4.0,15.0,0.9375,-1.3022,1.4121,1512.3271,1512.1952064,0.13189360000001216,0.03168
82,110,192,0.14583333333333334,4.083333333333333,33.28134116883046,0.1733403185876587,1118.6087426657061,2,4.0,0.0,4.0,16.0,0.0,-1.3461,1.2985,1508.3839,1508.0924544,0.29144560000008823,0.0057216
83,109,192,0.13541666666666666,3.5208333333333335,33.28134116883046,0.1733403185876587,1146.445233579602,0,4.0,1.0,4.0,17.0,0.9444444444444444,-0.1124,2.0424,1498.6871,1498.2928128,0.39428720000000794,0.0301056
84,108,192,0.125,3.0,33.28134116883046,0.1733403185876587,1174.6253279633843,2,4.0,2.0,4.0,18.0,1.8,0.1888,3.3909,1492.0211,1492.0424064,-0.021306399999957648,0.0106368
85,107,192,0.11458333333333333,2.5208333333333335,33.28134116883046,0.1733403185876587,1203.149050288701,0,4.0,3.0,4.0,19.0,2.590909090909091,0.7519,4.5627,1480.5352,1480.2678336,0.2673664000001281,0.0278784
75,118,193,0.22279792746113988,9.580310880829016,33.39680130004011,0.17304042124373117,931.7572055430446,1,3.0,7.0,4.0,8.0,3.7333333333333334,-4.52,3.2115,1529.5599,1529.3199954,0.23990460000004532,0.0391211
76,117,193,0.21243523316062177,8.709844559585493,33.39680130004011,0.17304042124373117,957.1452011458027,1,3.0,6.0,4.0,9.0,3.6,-4.8391,3.1584,1531.9138,1531.7004188,0.21338119999995797,0.002316
77,116,193,0.20207253886010362,7.880829015544041,33.39680130004011,0.17304042124373117,982.8760199001687,1,3.0,5.0,4.0,10.0,3.3333333333333335,-4.2142,2.6738,1531.96,1532.0599778,-0.09997780000003331,0.0013317
78,115,193,0.19170984455958548,7.0932642487046635,33.39680130004011,0.17304042124373117,1008.9496900739994,1,3.0,4.0,4.0,11.0,2.933333333333333,-3.4109,1.9562,1531.0002,1531.2209875,-0.22078750000014224,0.001351
79,114,193,0.18134715025906736,6.347150259067358,33.39680130004011,0.17304042124373117,1035.3662393297923,1,3.0,3.0,4.0,12.0,2.4,-2.8638,1.6154,1529.0341,1529.3638064,-0.32970639999984996,0.0086657
80,113,193,0.17098445595854922,5.642487046632124,33.39680130004011,0.17304042124373117,1062.1256947451643,1,3.0,2.0,4.0,13.0,1.7333333333333334,-3.062,1.5009,1526.2374,1526.238789,-0.001389000000017404,0.0154979
81,112,193,0.16062176165803108,4.979274611398964,33.39680130004011,0.17304042124373117,1089.2280828323912,1,3.0,1.0,4.0,14.0,0.9333333333333333,-1.9125,1.1093,1521.7133,1521.8714885,-0.15818850000005114,0.0067164
82,111,193,0.15025906735751296,4.357512953367876,33.39680130004011,0.17304042124373117,1116.6734295570602,1,4.0,0.0,4.0,15.0,0.0,-1.8203,1.0623,1516.4736,1515.8411842,0.6324157999999898,0.0102869
83,110,193,0.13989637305699482,3.77720207253886,33.39680130004011,0.17304042124373117,1144.461760355887,1,4.0,1.0,4.0,16.0,0.9411764705882353,-0.5225,1.8853,1508.8655,1508.7141574,0.15134260000013455,0.0075849
84,109,193,0.12953367875647667,3.238341968911917,33.39680130004011,0.17304042124373117,1172.5931001537415,1,4.0,2.0,4.0,17.0,1.7894736842105263,0.0733,3.0936,1500.6321,1500.372543,0.2595570000000862,0.0145329
85,108,193,0.11917098445595854,2.7409326424870466,33.39680130004011,0.17304042124373117,1201.0674733799335,1,4.0,3.0,4.0,18.0,2.5714285714285716,0.587,4.3627,1491.3271,1491.3322107,-0.005110699999931967,0.0216353
86,107,193,0.10880829015544041,2.284974093264249,33.39680130004011,0.17304042124373117,1229.884903983791,1,4.0,4.0,4.0,19.0,3.3043478260869565,-0.292,5.5879,1481.3337,1481.439629,-0.10592900000006011,0.0251093
76,118,194,0.21649484536082475,9.092783505154639,33.51206218930888,0.172742588604685,955.4977879046727,2,3.0,6.0,4.0,8.0,3.4285714285714284,-4.9989,2.7074,1538.9991,1538.8125008,0.18659920000004604,0.0024056
77,117,194,0.20618556701030927,8.24742268041237,33.51206218930888,0.172742588604685,981.1843194479965,0,3.0,5.0,4.0,9.0,3.2142857142857144,-4.4036,2.3291,1538.0762,1538.126769,-0.05056899999999587,0.0013386
78,116,194,0.1958762886597938,7.443298969072165,33.51206218930888,0.172742588604685,1007.2131123039053,2,3.0,4.0,4.0,10.0,2.857142857142857,-3.5241,1.8151,1539.1687,1539.572748,-0.40404800000010255,0.0005044
79,115,194,0.18556701030927836,6.680412371134021,33.51206218930888,0.172742588604685,1033.5841940872847,0,3.0,3.0,4.0,11.0,2.357142857142857,-3.3222,1.5157,1536.0559,1536.2422336,-0.18633359999989807,0.0021146
80,114,194,0.17525773195876287,5.958762886597938,33.51206218930888,0.172742588604685,1060.2975918291459,2,3.0,2.0,4.0,12.0,1.7142857142857142,-3.4862,1.1033,1535.2872,1535.4318956,-0.14469559999997728,0.0028906
81,113,194,0.16494845360824742,5.278350515463917,33.51206218930888,0.172742588604685,1087.353331996133,0,3.0,1.0,4.0,13.0,0.9285714285714286,-2.2424,0.5978,1529.4144,1529.4030934,0.011306599999898026,0.013968
82,112,194,0.15463917525773196,4.639175257731959,33.51206218930888,0.172742588604685,1114.7514405091415,2,4.0,0.0,4.0,14.0,0.0,-2.3966,0.7396,1526.3083,1525.8911114,0.41718859999991764,0.0174406
83,111,194,0.14432989690721648,4.041237113402062,33.51206218930888,0.172742588604685,1142.4919427611057,0,4.0,1.0,4.0,15.0,0.9375,-0.9231,1.63,1517.3923,1516.923927,0.46837299999992865,0.0052574
84,110,194,0.13402061855670103,3.484536082474227,33.51206218930888,0.172742588604685,1170.5748636339965,2,4.0,2.0,4.0,16.0,1.7777777777777777,-0.1258,2.797,1511.1333,1511.1231718,0.010128200000053766,0.0129204
85,109,194,0.12371134020618557,2.9690721649484537,33.51206218930888,0.172742588604685,1199.0002275150762,0,4.0,3.0,4.0,17.0,2.55,0.4961,4.0293,1500.3621,1500.0526976,0.30940239999995356,0.0234934
86,108,194,0.1134020618556701,2.4948453608247423,33.51206218930888,0.172742588604685,1227.7680583124516,2,4.0,4.0,4.0,18.0,3.272727272727273,-0.5296,5.3552,1492.5576,1492.8292434,-0.2716433999999026,0.0166646
76,119,195,0.2205128205128205,9.482051282051282,33.62712520483358,0.17244679592222356,953.8616583546108,1,3.0,6.0,4.0,7.0,3.230769230769231,-4.7323,2.2506,1544.004,1543.9602555,0.04374450000000252,0.055887
77,118,195,0.21025641025641026,8.62051282051282,33.62712520483358,0.17244679592222356,979.5042060249957,1,3.0,5.0,4.0,8.0,3.076923076923077,-4.7856,2.0693,1545.3955,1545.35862,0.03688000000011016,0.001326
78,117,195,0.2,7.8,33.62712520483358,0.17244679592222356,1005.4884289429276,1,3.0,4.0,4.0,9.0,2.769230769230769,-4.1016,1.6801,1545.5059,1545.677835,-0.17193499999984851,0.000507
79,116,195,0.18974358974358974,7.02051282051282,33.62712520483358,0.17244679592222356,1031.814354676006,1,3.0,3.0,4.0,10.0,2.3076923076923075,-3.8785,1.4597,1544.3177,1544.668671,-0.35097099999984493,0.0011115
80,115,195,0.1794871794871795,6.282051282051282,33.62712520483358,0.17244679592222356,1058.4820102089568,1,3.0,2.0,4.0,11.0,1.6923076923076923,-3.942,1.0536,1542.348,1542.33261,0.015390000000024884,0.0231465
81,114,195,0.16923076923076924,5.584615384615384,33.62712520483358,0.17244679592222356,1085.4914219631034,1,3.0,1.0,4.0,12.0,0.9230769230769231,-2.6637,0.1693,1538.4602,1538.6922135,-0.23201349999999366,0.0111345
82,113,195,0.15897435897435896,4.9282051282051285,33.62712520483358,0.17244679592222356,1112.842615814957,1,4.0,0.0,4.0,13.0,0.0,-2.7594,0.3054,1534.0983,1533.4926165,0.6056835000001684,0.0050895
83,112,195,0.14871794871794872,4.312820512820513,33.62712520483358,0.17244679592222356,1140.5356171139704,1,4.0,1.0,4.0,14.0,0.9333333333333333,-1.4725,1.2753,1527.2352,1526.9977905,0.23740950000001249,0.0052845
84,111,195,0.13846153846153847,3.7384615384615385,33.62712520483358,0.17244679592222356,1168.570450699508,1,4.0,2.0,4.0,15.0,1.7647058823529411,-0.4538,2.4857,1519.6292,1519.3065225,0.32267750000005435,0.006045
85,110,195,0.1282051282051282,3.2051282051282053,33.62712520483358,0.17244679592222356,1196.9471409170733,1,4.0,3.0,4.0,16.0,2.526315789473684,0.3032,3.6462,1510.8307,1510.877823,-0.04712300000005598,0.0095745
86,109,195,0.11794871794871795,2.712820512820513,33.62712520483358,0.17244679592222356,1225.6657116338347,1,4.0,4.0,4.0,17.0,3.238095238095238,0.7332,4.9436,1501.5554,1501.5748995,-0.019499499999938052,0.0516945
76,120,196,0.22448979591836735,9.877551020408163,33.74199169845321,0.1721530188696593,952.2366779364658,2,3.0,6.0,4.0,6.0,3.0,-5.0786,2.0804,1550.8654,1550.7970996,0.06830039999999826,0.0400624
77,119,196,0.21428571428571427,9.0,33.74199169845321,0.1721530188696593,977.8355414546775,0,3.0,5.0,4.0,7.0,2.9166666666666665,-4.7394,1.781,1551.057,1551.1731452,-0.1161451999998917,0.038416
78,118,196,0.20408163265306123,8.16326530612245,33.74199169845321,0.1721530188696593,1003.7754981490407,2,3.0,4.0,4.0,8.0,2.6666666666666665,-4.8736,1.5444,1553.4332,1553.5998212,-0.16662120000000868,0.0005096
79,117,196,0.19387755102040816,7.36734693877551,33.74199169845321,0.1721530188696593,1030.0565755401913,0,3.0,3.0,4.0,9.0,2.25,-4.5125,1.3247,1551.1071,1551.3116388,-0.2045388000001367,0.0029596
80,116,196,0.1836734693877551,6.612244897959184,33.74199169845321,0.1721530188696593,1056.6788005668843,2,3.0,2.0,4.0,10.0,1.6666666666666667,-4.5259,1.042,1551.1146,1551.21652,-0.10191999999983636,0.00294
81,115,196,0.17346938775510204,5.8979591836734695,33.74199169845321,0.1721530188696593,1083.6421996054323,0,3.0,1.0,4.0,11.0,0.9166666666666666,-3.2843,0.1707,1546.0146,1546.10484,-0.09023999999999432,0.0121128
82,114,196,0.16326530612244897,5.224489795918367,33.74199169845321,0.1721530188696593,1110.9467984882642,2,4.0,0.0,4.0,12.0,0.0,-3.3453,0.0115,1543.7499,1543.1741304,0.5757696000000578,0.0077028
83,113,196,0.15306122448979592,4.591836734693878,33.74199169845321,0.1721530188696593,1138.5926225216476,0,4.0,1.0,4.0,13.0,0.9285714285714286,-1.7684,0.7396,1535.3788,1535.0525764,0.32622360000004846,0.0244216
84,112,196,0.14285714285714285,4.0,33.74199169845321,0.1721530188696593,1166.579696502631,2,4.0,2.0,4.0,14.0,1.75,-0.944,2.1062,1529.9104,1529.729922,0.1804779999999937,0.00539
85,111,196,0.1326530612244898,3.4489795918367347,33.74199169845321,0.1721530188696593,1194.9080447352435,0,4.0,3.0,4.0,15.0,2.5,0.0807,3.2604,1519.7103,1519.3920196,0.31828040000004876,0.0302428
86,110,196,0.12244897959183673,2.938775510204082,33.74199169845321,0.1721530188696593,1223.5776910459936,2,4.0,4.0,4.0,16.0,3.2,0.5162,4.5253,1512.4559,1512.721336,-0.2654360000001361,0.0140532
77,120,197,0.2182741116751269,9.385786802030458,33.856663005926926,0.17186123353262403,976.178189902542,1,3.0,5.0,4.0,6.0,2.727272727272727,-5.4734,1.7972,1558.1433,1558.0730591,0.07024090000004435,0.0201137
78,119,197,0.20812182741116753,8.532994923857869,33.856663005926926,0.17186123353262403,1002.0741804843361,1,3.0,4.0,4.0,7.0,2.5454545454545454,-5.3408,1.6217,1559.4694,1559.4463658,0.023034199999983684,0.0005319
79,118,197,0.19796954314720813,7.720812182741117,33.856663005926926,0.17186123353262403,1028.3107135911366,1,3.0,3.0,4.0,8.0,2.1818181818181817,-5.2378,1.2474,1559.1198,1559.3839956,-0.26419559999999365,0.0005516
80,117,197,0.18781725888324874,6.949238578680203,33.856663005926926,0.17186123353262403,1054.88781611604,1,3.0,2.0,4.0,9.0,1.6363636363636365,-5.1851,0.9247,1557.911,1558.0021194,-0.09111940000002505,0.0032111
81,116,197,0.17766497461928935,6.218274111675127,33.856663005926926,0.17186123353262403,1081.8055143906533,1,3.0,1.0,4.0,10.0,0.9090909090909091,-3.8776,0.2087,1554.8409,1555.0337825,-0.19288249999999607,0.0135733
82,115,197,0.16751269035532995,5.527918781725888,33.856663005926926,0.17186123353262403,1109.0638342036207,1,4.0,0.0,4.0,11.0,0.0,-3.9344,0.0486,1551.3232,1550.6425934,0.6806066000001465,0.0048068
83,114,197,0.15736040609137056,4.878172588832487,33.856663005926926,0.17186123353262403,1136.6628008183181,1,4.0,1.0,4.0,12.0,0.9230769230769231,-2.2255,0.3171,1544.9375,1544.8020556,0.13544440000009672,0.0083331
84,113,197,0.14720812182741116,4.269035532994923,33.856663005926926,0.17186123353262403,1164.6024389897655,1,4.0,2.0,4.0,13.0,1.7333333333333334,-1.1648,1.4908,1537.9882,1537.7255792,0.2626207999999224,0.0098697
85,112,197,0.13705583756345177,3.700507614213198,33.856663005926926,0.17186123353262403,1192.8827729807979,1,4.0,3.0,4.0,14.0,2.4705882352941178,-0.3586,2.8514,1530.0085,1529.9054278,0.10307219999981498,0.0079785
86,111,197,0.12690355329949238,3.1725888324873095,33.856663005926926,0.17186123353262403,1221.5038265775406,1,4.0,4.0,4.0,15.0,3.1578947368421053,0.4022,4.0442,1521.2655,1521.257443,0.008057000000007974,0.0161934
87,110,197,0.116751269035533,2.685279187817259,33.856663005926926,0.17186123353262403,1250.4656231042181,1,4.0,5.0,4.0,16.0,3.8095238095238093,0.6785,5.3789,1511.5367,1511.731508,-0.19480799999996634,0.0564405
78,120,198,0.21212121212121213,8.909090909090908,33.97114044720589,0.1715714164000298,1000.3843388623187,2,3.0,4.0,4.0,6.0,2.4,-6.1154,1.7078,1567.1179,1567.0019376,0.11596239999994395,0.0020988
79,119,198,0.20202020202020202,8.080808080808081,33.97114044720589,0.1715714164000298,1026.5766281531176,0,3.0,3.0,4.0,7.0,2.1,-5.9241,1.4407,1565.7544,1565.896365,-0.14196500000002743,0.0005346
80,118,198,0.1919191919191919,7.292929292929293,33.97114044720589,0.1715714164000298,1053.1089125448789,2,3.0,2.0,4.0,8.0,1.6,-5.6823,0.8654,1566.4098,1566.4875336,-0.07773360000010143,0.0004554
81,117,198,0.18181818181818182,6.545454545454546,33.97114044720589,0.1715714164000298,1079.9812183248055,0,3.0,1.0,4.0,9.0,0.9,-4.6139,0.1978,1562.1869,1562.2796178,-0.09271780000017316,0.0075438
82,116,198,0.1717171717171717,5.838383838383838,33.97114044720589,0.1715714164000298,1107.1935712380528,2,4.0,0.0,4.0,10.0,0.0,-4.6461,0.0894,1560.5969,1560.035961,0.5609389999999621,0.0087516
83,115,198,0.16161616161616163,5.171717171717172,33.97114044720589,0.1715714164000298,1134.7459965053943,0,4.0,1.0,4.0,11.0,0.9166666666666666,-2.7884,0.3051,1552.9131,1552.5600354,0.3530645999999251,0.0275616
84,114,198,0.15151515151515152,4.545454545454546,33.97114044720589,0.1715714164000298,1162.6385188401046,2,4.0,2.0,4.0,12.0,1.7142857142857142,-1.5473,0.9285,1547.8735,1547.8770978,-0.0035978000000795873,0.017424
85,113,198,0.1414141414141414,3.95959595959596,33.97114044720589,0.1715714164000298,1190.8711624641032,0,4.0,3.0,4.0,13.0,2.4375,-0.5674,2.1859,1538.4956,1538.3302308,0.16536919999998645,0.0049104
86,112,198,0.13131313131313133,3.414141414141414,33.97114044720589,0.1715714164000298,1219.4439511234034,2,4.0,4.0,4.0,14.0,3.111111111111111,0.0168,3.5864,1531.9781,1532.069451,-0.09135100000003149,0.0134244
87,111,198,0.12121212121212122,2.909090909090909,33.97114044720589,0.1715714164000298,1248.3569081028973,0,4.0,5.0,4.0,15.0,3.75,0.6288,4.8274,1520.7314,1520.4790854,0.2523145999998633,0.0311256
77,122,199,0.22613065326633167,10.175879396984925,34.08542532669918,0.17128354435527232,972.8968939180907,1,3.0,5.0,4.0,4.0,2.2222222222222223,-5.902,1.0619,1570.097,1570.3501134,-0.25311340000007476,0.0410537
78,121,199,0.21608040201005024,9.291457286432161,34.08542532669918,0.17128354435527232,998.7058384966157,1,3.0,4.0,4.0,5.0,2.2222222222222223,-6.2534,1.3845,1572.5825,1572.5579189,0.024581099999977596,0.0021691
79,120,199,0.20603015075376885,8.447236180904522,34.08542532669918,0.17128354435527232,1024.854180910754,1,3.0,3.0,4.0,6.0,2.0,-6.7311,1.564,1573.4779,1573.4806421,-0.002742099999977654,0.0005373
80,119,199,0.19597989949748743,7.64321608040201,34.08542532669918,0.17128354435527232,1051.3419479632043,1,3.0,2.0,4.0,7.0,1.5555555555555556,-6.5235,1.0979,1573.0809,1573.1506006,-0.06970060000003286,0.0005373
81,118,199,0.18592964824120603,6.8793969849246235,34.08542532669918,0.17128354435527232,1078.1691658970633,1,3.0,1.0,4.0,8.0,0.8888888888888888,-5.475,0.2042,1570.7643,1570.8815827,-0.11728270000003249,0.0279396
82,117,199,0.17587939698492464,6.155778894472362,34.08542532669918,0.17128354435527232,1105.33586041429,1,4.0,0.0,4.0,9.0,0.0,-5.3232,0.0485,1567.8972,1567.2715834,0.6256166000000576,0.0068257
83,116,199,0.1658291457286432,5.472361809045226,34.08542532669918,0.17128354435527232,1132.8420566933414,1,4.0,1.0,4.0,10.0,0.9090909090909091,-3.349,0.3634,1562.2056,1562.0551168,0.15048320000005333,0.0106067
84,115,199,0.15577889447236182,4.8291457286432165,34.08542532669918,0.17128354435527232,1160.6877794060258,1,4.0,2.0,4.0,11.0,1.6923076923076923,-2.0181,0.8958,1555.8251,1555.7139818,0.11111819999996442,0.0054327
85,114,199,0.1457286432160804,4.226130653266332,34.08542532669918,0.17128354435527232,1188.8730527336224,1,4.0,3.0,4.0,12.0,2.4,-0.8376,1.5466,1548.3335,1548.5161717,-0.1826717000001281,0.0053929
86,113,199,0.135678391959799,3.663316582914573,34.08542532669918,0.17128354435527232,1217.3979003823024,1,4.0,4.0,4.0,13.0,3.0588235294117645,-0.1516,2.8842,1540.4453,1540.4703032,-0.02500319999990097,0.0073033
87,112,199,0.12562814070351758,3.14070351758794,34.08542532669918,0.17128354435527232,1246.2623455978887,1,4.0,5.0,4.0,14.0,3.6842105263157894,0.3493,4.2882,1531.4104,1531.3567201,0.05367989999990641,0.013731
78,122,200,0.22,9.68,34.19951893353393,0.17099759466766973,997.0385468510583,2,3.0,4.0,4.0,4.0,2.0,-6.6817,1.0905,1579.7028,1579.83972,-0.13691999999991822,0.02012
79,121,200,0.21,8.82,34.19951893353393,0.17099759466766973,1023.143235857785,0,3.0,3.0,4.0,5.0,1.875,-6.968,1.2916,1579.4792,1579.6983,-0.21910000000002583,0.02672
80,120,200,0.2,8.0,34.19951893353393,0.17099759466766973,1049.586782849619,2,3.0,2.0,4.0,6.0,1.5,-7.4317,1.249,1581.3191,1581.17912,0.13997999999992317,0.00054
81,119,200,0.19,7.22,34.19951893353393,0.17099759466766973,1076.3692140258458,0,3.0,1.0,4.0,7.0,0.875,-6.2774,0.3993,1577.8615,1577.94074,-0.07924000000002707,0.00576
82,118,200,0.18,6.48,34.19951893353393,0.17099759466766973,1103.4905550455162,2,4.0,0.0,4.0,8.0,0.0,-6.0886,0.0192,1576.8926,1576.36202,0.5305799999998726,0.01
83,117,200,0.17,5.78,34.19951893353393,0.17099759466766973,1130.9508310450524,0,4.0,1.0,4.0,9.0,0.9,-4.0612,0.3551,1569.9774,1569.69938,0.2780199999999695,0.0227
84,116,200,0.16,5.12,34.19951893353393,0.17099759466766973,1158.7500666550748,2,4.0,2.0,4.0,10.0,1.6666666666666667,-2.6743,0.9343,1565.552,1565.48814,0.06385999999997694,0.00758
85,115,200,0.15,4.5,34.19951893353393,0.17099759466766973,1186.888286016493,0,4.0,3.0,4.0,11.0,2.357142857142857,-1.3112,1.4712,1556.6915,1556.75202,-0.0605199999999968,0.02446
86,114,200,0.14,3.92,34.19951893353393,0.17099759466766973,1215.3655127959019,2,4.0,4.0,4.0,12.0,3.0,-0.4342,2.1956,1550.698,1550.98222,-0.2842200000000048,0.0058
87,113,200,0.13,3.38,34.19951893353393,0.17099759466766973,1244.1817702003164,0,4.0,5.0,4.0,13.0,3.611111111111111,0.217,3.5273,1540.275,1540.06584,0.2091600000001108,0.03052
78,123,201,0.22388059701492538,10.074626865671641,34.3134225418098,0.17071354498412838,995.3823335910885,1,3.0,4.0,4.0,3.0,1.7142857142857142,-7.2814,0.8044,1585.1046,1585.0525737,0.0520262999998522,0.0501093
79,122,201,0.21393034825870647,9.199004975124378,34.3134225418098,0.17071354498412838,1021.4436592472035,1,3.0,3.0,4.0,4.0,1.7142857142857142,-7.4883,1.03,1586.6727,1586.9302152,-0.25751519999994343,0.003216
80,121,201,0.20398009950248755,8.36318407960199,34.3134225418098,0.17071354498412838,1047.8432800003714,1,3.0,2.0,4.0,5.0,1.4285714285714286,-7.7814,1.0411,1587.4104,1587.4097007,0.0006992999999511085,0.0007236
81,120,201,0.19402985074626866,7.567164179104478,34.3134225418098,0.17071354498412838,1074.5812220063565,1,3.0,1.0,4.0,6.0,0.8571428571428571,-7.151,0.5378,1586.1115,1586.1456117,-0.03411170000003949,0.0141906
82,119,201,0.18407960199004975,6.810945273631841,34.3134225418098,0.17071354498412838,1101.6575108815866,1,4.0,0.0,4.0,7.0,0.0,-6.7695,0.1238,1583.9014,1583.4535182,0.44788180000000466,0.0137484
83,118,201,0.17412935323383086,6.0945273631840795,34.3134225418098,0.17071354498412838,1129.0721717207296,1,4.0,1.0,4.0,8.0,0.8888888888888888,-4.8969,0.358,1579.0168,1578.8291313,0.18766870000013114,0.0121806
84,117,201,0.16417910447761194,5.417910447761194,34.3134225418098,0.17071354498412838,1156.8252291134906,1,4.0,2.0,4.0,9.0,1.6363636363636365,-3.2948,0.925,1573.3108,1573.1389419,0.17185810000000856,0.0049446
85,116,201,0.15422885572139303,4.781094527363184,34.3134225418098,0.17071354498412838,1184.9167071606787,1,4.0,3.0,4.0,10.0,2.3076923076923075,-1.9025,1.4913,1566.4156,1566.6248736,-0.20927359999996042,0.0081807
86,115,201,0.14427860696517414,4.1840796019900495,34.3134225418098,0.17071354498412838,1213.346629489574,1,4.0,4.0,4.0,11.0,2.933333333333333,-0.7965,2.0519,1558.9897,1559.1604974,-0.17079739999985577,0.0101304
87,114,201,0.13432835820895522,3.626865671641791,34.3134225418098,0.17071354498412838,1242.115019268643,1,4.0,5.0,4.0,12.0,3.5294117647058822,-0.0088,2.7834,1550.5103,1550.6821767,-0.17187669999998434,0.0090852
88,113,201,0.12437810945273632,3.109452736318408,34.3134225418098,0.17071354498412838,1271.2218992216285,1,4.0,6.0,4.0,13.0,4.105263157894737,0.4139,4.1569,1541.5424,1541.5515708,-0.009170799999992596,0.020301
78,124,202,0.22772277227722773,10.475247524752476,34.42713741084797,0.1704313733210296,993.737070536451,2,3.0,4.0,4.0,2.0,1.3333333333333333,-8.0526,0.5352,1592.0096,1592.0753018,-0.06570179999994252,0.025149
79,123,202,0.21782178217821782,9.584158415841584,34.42713741084797,0.1704313733210296,1019.7553195427104,0,3.0,3.0,4.0,3.0,1.5,-8.0949,0.7692,1592.5782,1592.95382,-0.37562000000002627,0.0232906
80,122,202,0.2079207920792079,8.732673267326733,34.42713741084797,0.1704313733210296,1046.1113044795532,2,3.0,2.0,4.0,4.0,1.3333333333333333,-8.3082,0.8282,1595.1392,1595.163801,-0.024600999999847772,0.000707
81,121,202,0.19801980198019803,7.920792079207921,34.42713741084797,0.1704313733210296,1072.8050514595116,0,3.0,1.0,4.0,5.0,0.8333333333333334,-7.7026,0.4554,1592.7878,1593.0165612,-0.2287612000000081,0.0018382
82,120,202,0.18811881188118812,7.148514851485149,34.42713741084797,0.1704313733210296,1099.8365860566726,2,4.0,0.0,4.0,6.0,0.0,-7.6642,0.2764,1592.6301,1592.194401,0.4356990000001133,0.0037976
83,119,202,0.1782178217821782,6.415841584158416,34.42713741084797,0.1704313733210296,1127.205933324224,0,4.0,1.0,4.0,7.0,0.875,-5.6804,0.5326,1586.5546,1586.2223114,0.33228859999985616,0.0139986
84,118,202,0.16831683168316833,5.7227722772277225,34.42713741084797,0.1704313733210296,1154.9131178112275,2,4.0,2.0,4.0,8.0,1.6,-4.1586,0.9669,1582.8419,1582.6306706,0.21122939999986556,0.0086658
85,117,202,0.15841584158415842,5.069306930693069,34.42713741084797,0.1704313733210296,1182.9581635786556,0,4.0,3.0,4.0,9.0,2.25,-2.5365,1.4368,1574.5715,1574.5018674,0.06963259999997717,0.0275932
86,116,202,0.1485148514851485,4.455445544554456,34.42713741084797,0.1704313733210296,1211.3410942147357,2,4.0,4.0,4.0,10.0,2.857142857142857,-1.3322,2.032,1569.1261,1569.3989636,-0.2728635999999369,0.0175134
87,115,202,0.13861386138613863,3.881188118811881,34.42713741084797,0.1704313733210296,1240.0619328496387,0,4.0,5.0,4.0,11.0,3.4375,-0.2971,2.5735,1559.1838,1559.240525,-0.05672499999991487,0.0060398
88,114,202,0.12871287128712872,3.3465346534653464,34.42713741084797,0.1704313733210296,1269.1207021695473,2,4.0,6.0,4.0,12.0,4.0,0.215,3.36,1552.1815,1552.4848168,-0.30331680000017514,0.0150086
79,124,203,0.22167487684729065,9.975369458128078,34.540664785434856,0.1701510580563294,1018.0780873714446,1,3.0,3.0,4.0,2.0,1.2,-8.8821,0.5061,1599.5265,1599.815595,-0.2890950000000885,0.0030856
80,123,203,0.21182266009852216,9.108374384236454,34.540664785434856,0.1701510580563294,1044.3907235706104,1,3.0,2.0,4.0,3.0,1.2,-8.9459,0.6025,1601.0916,1601.1590084,-0.06740839999997661,0.001624
81,122,203,0.2019704433497537,8.280788177339902,34.540664785434856,0.1701510580563294,1071.0405662822134,1,3.0,1.0,4.0,4.0,0.8,-8.44,0.3503,1600.668,1600.868759,-0.20075900000006186,0.0011774
82,121,203,0.1921182266009852,7.4926108374384235,34.540664785434856,0.1701510580563294,1098.0276410382767,1,4.0,0.0,4.0,5.0,0.0,-8.3657,0.2734,1599.3904,1599.111591,0.27880899999991016,0.0065569
83,120,203,0.18226600985221675,6.74384236453202,34.540664785434856,0.1701510580563294,1125.351972850783,1,4.0,1.0,4.0,6.0,0.8571428571428571,-6.5568,0.6726,1595.2968,1595.0676686,0.2291314000001421,0.0127687
84,119,203,0.1724137931034483,6.0344827586206895,34.540664785434856,0.1701510580563294,1153.0135862284174,1,4.0,2.0,4.0,7.0,1.5555555555555556,-4.9722,1.1757,1590.415,1590.0712296,0.34377040000003944,0.0046487
85,118,203,0.1625615763546798,5.364532019704433,34.540664785434856,0.1701510580563294,1181.0125051925777,1,4.0,3.0,4.0,8.0,2.1818181818181817,-3.335,1.4631,1584.1025,1584.1406861,-0.038186100000075385,0.0106169
86,117,203,0.15270935960591134,4.733990147783251,34.540664785434856,0.1701510580563294,1209.3487532926952,1,4.0,4.0,4.0,9.0,2.769230769230769,-1.9813,1.9624,1577.2629,1577.3797711,-0.11687110000002576,0.0058058
87,116,203,0.14285714285714285,4.142857142857143,34.540664785434856,0.1701510580563294,1238.0223536208975,1,4.0,5.0,4.0,10.0,3.3333333333333335,-0.7685,2.49,1569.2802,1569.5369676,-0.2567676000001029,0.0062321
88,115,203,0.1330049261083744,3.5911330049261085,34.540664785434856,0.1701510580563294,1267.0333288260547,1,4.0,6.0,4.0,11.0,3.8823529411764706,-0.0173,3.0885,1560.8047,1561.0297045,-0.22500450000006822,0.0096831
80,124,204,0.21568627450980393,9.490196078431373,34.65400589606056,0.16987257792186555,1042.681406729122,2,3.0,2.0,4.0,2.0,1.0,-9.7458,0.3729,1608.5569,1608.651282,-0.09438199999999597,0.00051
81,123,204,0.20588235294117646,8.647058823529411,34.65400589606056,0.16987257792186555,1069.2876325989223,0,3.0,1.0,4.0,3.0,0.75,-9.2062,0.2085,1607.1824,1607.5248552,-0.3424552000001313,0.0011628
82,122,204,0.19607843137254902,7.8431372549019605,34.65400589606056,0.16987257792186555,1096.2305385775906,2,4.0,0.0,4.0,4.0,0.0,-9.0681,0.1653,1607.7289,1607.5062504,0.22264960000006795,0.0011424
83,121,204,0.18627450980392157,7.078431372549019,34.65400589606056,0.16987257792186555,1123.5101496361729,0,4.0,1.0,4.0,5.0,0.8333333333333334,-7.1322,0.5975,1602.4424,1602.2600028,0.1823971999999685,0.00918
84,120,204,0.17647058823529413,6.352941176470588,34.65400589606056,0.16987257792186555,1151.1264902432415,2,4.0,2.0,4.0,6.0,1.5,-5.8695,1.319,1599.6273,1599.1727892,0.4545108000002074,0.0100776
85,119,204,0.16666666666666666,5.666666666666667,34.65400589606056,0.16987257792186555,1179.0795843808796,0,4.0,3.0,4.0,7.0,2.1,-4.1395,1.6677,1592.1216,1591.9246488,0.19695119999983035,0.0226644
86,118,204,0.1568627450980392,5.019607843137255,34.65400589606056,0.16987257792186555,1207.3694555599761,2,4.0,4.0,4.0,8.0,2.6666666666666665,-2.7399,1.9658,1587.214,1587.2371572,-0.0231572000000142,0.007446
87,117,204,0.14705882352941177,4.411764705882353,34.65400589606056,0.16987257792186555,1235.9961268348643,0,4.0,5.0,4.0,9.0,3.2142857142857144,-1.4074,2.3684,1577.8063,1577.8773924,-0.07109239999999772,0.024582
88,116,204,0.13725490196078433,3.843137254901961,34.65400589606056,0.16987257792186555,1264.959620817346,2,4.0,6.0,4.0,10.0,3.75,-0.4115,2.9385,1571.2822,1571.6412552,-0.3590551999998297,0.0089148
80,125,205,0.21951219512195122,9.878048780487806,34.76716195915227,0.1695959119958648,1040.98322553681,1,3.0,2.0,4.0,1.0,0.6666666666666666,-9.8931,0.0675,1613.9717,1614.3201625,-0.34846249999986867,0.003649
81,124,205,0.2097560975609756,9.019512195121951,34.76716195915227,0.1695959119958648,1067.5461187144965,1,3.0,1.0,4.0,2.0,0.6666666666666666,-10.0967,0.0957,1614.7939,1615.070893,-0.276993000000175,0.00123
82,123,205,0.2,8.2,34.76716195915227,0.1695959119958648,1094.445143661141,1,4.0,0.0,4.0,3.0,0.0,-9.9463,0.088,1614.3098,1614.2379165,0.07188350000001265,0.001148
83,122,205,0.1902439024390244,7.419512195121952,34.76716195915227,0.1695959119958648,1121.6803253071203,1,4.0,1.0,4.0,4.0,0.8,-7.8446,0.4839,1610.8038,1610.750969,0.05283099999996921,0.0048175
84,121,205,0.18048780487804877,6.678048780487805,34.76716195915227,0.1695959119958648,1149.251688081155,1,4.0,2.0,4.0,5.0,1.4285714285714286,-6.3446,1.1637,1606.6998,1606.424444,0.27535600000010163,0.0100655
85,120,205,0.17073170731707318,5.975609756097561,34.76716195915227,0.1695959119958648,1177.1592559262697,1,4.0,3.0,4.0,6.0,2.0,-5.0207,1.7931,1601.3396,1601.105227,0.23437300000000505,0.012054
86,119,205,0.16097560975609757,5.31219512195122,34.76716195915227,0.1695959119958648,1205.4030523150618,1,4.0,4.0,4.0,7.0,2.5454545454545454,-3.5125,2.1418,1595.2092,1595.048133,0.16106700000000274,0.005084
87,118,205,0.15121951219512195,4.68780487804878,34.76716195915227,0.1695959119958648,1233.983100264317,1,4.0,5.0,4.0,8.0,3.076923076923077,-2.1454,2.3513,1587.7535,1587.865835,-0.11233500000003005,0.007831
88,117,205,0.14146341463414633,4.102439024390244,34.76716195915227,0.1695959119958648,1262.8994223490097,1,4.0,6.0,4.0,9.0,3.6,-1.0889,2.7611,1579.7522,1579.969809,-0.21760900000003858,0.0227755
89,116,205,0.13170731707317074,3.55609756097561,34.76716195915227,0.1695959119958648,1292.152040715717,1,4.0,7.0,4.0,10.0,4.117647058823529,0.0332,3.2493,1570.6675,1570.8846395,-0.21713950000003024,0.059327
80,126,206,0.22330097087378642,10.271844660194175,34.880134177302764,0.16932103969564452,1039.2960536567414,2,3.0,2.0,5.0,0.0,0.0,-10.6345,0.0259,1620.7618,1621.0494938,-0.2876937999999427,0.0204352
81,125,206,0.21359223300970873,9.398058252427184,34.880134177302764,0.16932103969564452,1065.8158950682484,0,3.0,1.0,4.0,1.0,0.5,-10.6684,0.0057,1620.8856,1621.5747114,-0.6891114000000016,0.0012772
82,124,206,0.20388349514563106,8.563106796116505,34.880134177302764,0.16932103969564452,1092.671323463692,2,4.0,0.0,4.0,2.0,0.0,-10.927,0.0221,1622.4633,1622.324572,0.13872799999990093,0.0011536
83,123,206,0.1941747572815534,7.766990291262136,34.880134177302764,0.16932103969564452,1119.8623637330434,0,4.0,1.0,4.0,3.0,0.75,-8.6053,0.334,1617.777,1617.7849294,-0.007929399999966336,0.0076426
84,122,206,0.18446601941747573,7.009708737864078,34.880134177302764,0.16932103969564452,1147.3890402654304,2,4.0,2.0,4.0,4.0,1.3333333333333333,-6.9552,0.9746,1615.455,1615.1630438,0.2919561999999587,0.004017
85,121,206,0.17475728155339806,6.29126213592233,34.880134177302764,0.16932103969564452,1175.251376965072,0,4.0,3.0,4.0,5.0,1.875,-5.3806,1.5592,1608.7894,1608.6314224,0.15797759999986738,0.0135342
86,120,206,0.1650485436893204,5.611650485436893,34.880134177302764,0.16932103969564452,1203.4493972665225,2,4.0,4.0,4.0,6.0,2.4,-4.3858,2.2377,1604.8512,1604.5425902,0.30860980000011295,0.0085902
87,119,206,0.1553398058252427,4.970873786407767,34.880134177302764,0.16932103969564452,1231.9831241492627,0,4.0,5.0,4.0,7.0,2.9166666666666665,-2.8907,2.5006,1596.1667,1595.8741926,0.29250739999997677,0.02781
88,118,206,0.14563106796116504,4.368932038834951,34.880134177302764,0.16932103969564452,1260.852580151679,2,4.0,6.0,4.0,8.0,3.4285714285714284,-1.7779,2.72,1590.1239,1590.2793768,-0.1554767999998603,0.0180044
89,117,206,0.13592233009708737,3.8058252427184467,34.880134177302764,0.16932103969564452,1290.0577873844547,0,4.0,7.0,4.0,9.0,3.9375,-0.2921,2.9938,1579.4995,1579.5778828,-0.07838280000009945,0.065096
80,127,207,0.22705314009661837,10.671497584541063,34.992923739494074,0.1690479407705028,1037.619766789688,1,3.0,2.0,5.0,1.0,0.6666666666666666,-9.4869,0.1285,1624.475,1624.6625184,-0.1875184000000445,0.029808
81,126,207,0.21739130434782608,9.782608695652174,34.992923739494074,0.1690479407705028,1064.0968341891912,1,3.0,1.0,5.0,0.0,0.0,-11.4772,0.0046,1627.7374,1628.4271653,-0.6897653000000901,0.0054441
82,125,207,0.20772946859903382,8.932367149758454,34.992923739494074,0.1690479407705028,1090.9089473023628,1,4.0,0.0,4.0,1.0,0.0,-11.6339,0.0024,1628.6246,1629.0623448,-0.4377447999997912,0.0011385
83,124,207,0.19806763285024154,8.120772946859903,34.992923739494074,0.1690479407705028,1118.0561309790282,1,4.0,1.0,4.0,2.0,0.6666666666666666,-9.4995,0.2112,1625.896,1625.8825971,0.01340289999984634,0.0024012
84,123,207,0.18840579710144928,7.3478260869565215,34.992923739494074,0.1690479407705028,1145.538409568979,1,4.0,2.0,4.0,3.0,1.2,-7.6142,0.7518,1622.3636,1622.1913938,0.1722061999998914,0.0066654
85,122,207,0.178743961352657,6.613526570048309,34.992923739494074,0.1690479407705028,1173.3558069378776,1,4.0,3.0,4.0,4.0,1.7142857142857142,-5.9179,1.2948,1617.4948,1617.4908171,0.003982899999982692,0.0123993
86,121,207,0.16908212560386474,5.917874396135265,34.992923739494074,0.1690479407705028,1201.508346482481,1,4.0,4.0,4.0,5.0,2.2222222222222223,-4.6398,1.9155,1612.2155,1612.1157309,0.09976910000000316,0.0047403
87,120,207,0.15942028985507245,5.260869565217392,34.992923739494074,0.1690479407705028,1229.9960511452068,1,4.0,5.0,4.0,6.0,2.727272727272727,-3.7252,2.5555,1605.7961,1605.5476623,0.2484377000000677,0.0175536
88,119,207,0.1497584541062802,4.642512077294686,34.992923739494074,0.1690479407705028,1258.8189434280885,1,4.0,6.0,4.0,7.0,3.230769230769231,-2.4832,2.8412,1598.5156,1598.4023121,0.11328789999993205,0.0582912
89,118,207,0.14009661835748793,4.06280193236715,34.992923739494074,0.1690479407705028,1287.9770454061472,1,4.0,7.0,4.0,8.0,3.7333333333333334,-1.1149,2.8839,1589.8229,1589.9877207,-0.16482070000006388,0.0562419
80,128,208,0.23076923076923078,11.076923076923077,35.105531821316504,0.16877659529479094,1035.9542426316038,2,3.0,2.0,5.0,2.0,1.0,-8.5575,0.3169,1629.4952,1629.5118112,-0.016611199999942983,0.0307424
81,127,208,0.22115384615384615,10.173076923076923,35.105531821316504,0.16877659529479094,1062.3888106524325,0,3.0,1.0,5.0,1.0,0.5,-10.2684,0.0657,1631.8915,1632.214168,-0.3226680000000215,0.0018512
82,126,208,0.21153846153846154,9.307692307692308,35.105531821316504,0.16877659529479094,1089.1578865919223,2,4.0,0.0,5.0,0.0,0.0,-12.4298,0.006,1635.9575,1636.430224,-0.47272399999997106,0.001144
83,125,208,0.20192307692307693,8.48076923076923,35.105531821316504,0.16877659529479094,1116.2614952600109,0,4.0,1.0,4.0,1.0,0.5,-10.0721,0.1073,1632.4478,1632.7695072,-0.32170719999999164,0.0023088
84,124,208,0.19230769230769232,7.6923076923076925,35.105531821316504,0.16877659529479094,1143.6996609674047,2,4.0,2.0,4.0,2.0,1.0,-8.4311,0.5491,1630.8798,1630.5862144,0.29358559999991485,0.001664
85,123,208,0.18269230769230768,6.9423076923076925,35.105531821316504,0.16877659529479094,1171.4724075414595,0,4.0,3.0,4.0,3.0,1.5,-6.5257,1.0171,1624.8076,1624.8045632,0.0030368000000180473,0.0089232
86,122,208,0.17307692307692307,6.230769230769231,35.105531821316504,0.16877659529479094,1199.5797583413766,2,4.0,4.0,4.0,4.0,2.0,-5.0871,1.5607,1621.2913,1621.2077024,0.08359760000007554,0.0101712
87,121,208,0.16346153846153846,5.5576923076923075,35.105531821316504,0.16877659529479094,1228.0217362727478,0,4.0,5.0,4.0,5.0,2.5,-3.8726,2.149,1613.5203,1613.434888,0.08541199999990567,0.011648
88,120,208,0.15384615384615385,4.923076923076923,35.105531821316504,0.16877659529479094,1256.798363801488,2,4.0,6.0,4.0,6.0,3.0,-3.2841,2.8602,1608.5599,1608.2596816,0.3002183999999488,0.0090272
89,119,208,0.14423076923076922,4.326923076923077,35.105531821316504,0.16877659529479094,1285.9096629671847,0,4.0,7.0,4.0,7.0,3.5,-1.8,2.9872,1598.646,1598.4444112,0.20158879999985402,0.06448
90,118,208,0.1346153846153846,3.769230769230769,35.105531821316504,0.16877659529479094,1315.3556553958972,2,4.0,8.0,4.0,8.0,4.0,-0.5849,3.054,1591.377,1591.7348928,-0.35789279999994505,0.0318656
81,128,209,0.22488038277511962,10.569377990430622,35.21795958518306,0.168506983661163,1060.6917010366847,1,3.0,1.0,5.0,2.0,0.6666666666666666,-9.2629,0.2064,1636.8969,1637.1801611,-0.28326110000011795,0.0061028
82,127,209,0.215311004784689,9.688995215311005,35.21795958518306,0.168506983661163,1087.4180148012283,1,4.0,0.0,5.0,1.0,0.0,-11.1864,0.0502,1640.1005,1640.3675992,-0.26709920000007514,0.0017556
83,126,209,0.20574162679425836,8.84688995215311,35.21795958518306,0.168506983661163,1114.4783268961314,1,4.0,1.0,5.0,0.0,0.0,-10.8225,0.092,1639.7606,1640.2292621,-0.46866209999984676,0.0013585
84,125,209,0.19617224880382775,8.043062200956937,35.21795958518306,0.168506983661163,1141.8726615932644,1,4.0,2.0,4.0,1.0,0.6666666666666666,-8.8608,0.3375,1637.277,1637.5543338,-0.2773337999999512,0.0017765
85,124,209,0.18660287081339713,7.277511961722488,35.21795958518306,0.168506983661163,1169.601042681921,1,4.0,3.0,4.0,2.0,1.2,-7.3028,0.7633,1633.2574,1633.2897515,-0.03235150000000431,0.0047443
86,123,209,0.17703349282296652,6.55023923444976,35.21795958518306,0.168506983661163,1197.6634934839863,1,4.0,4.0,4.0,3.0,1.7142857142857142,-5.6283,1.2218,1628.4971,1628.5646795,-0.06757949999996526,0.0099693
87,122,209,0.1674641148325359,5.861244019138756,35.21795958518306,0.168506983661163,1226.060036868463,1,4.0,5.0,4.0,4.0,2.2222222222222223,-4.2082,1.6965,1622.476,1622.6234365,-0.14743649999991248,0.011495
88,121,209,0.15789473684210525,5.2105263157894735,35.21795958518306,0.168506983661163,1254.7906952653764,1,4.0,6.0,4.0,5.0,2.727272727272727,-3.3293,2.3755,1616.1584,1616.2006993,-0.04229929999996784,0.0057475
89,120,209,0.14832535885167464,4.598086124401914,35.21795958518306,0.168506983661163,1283.855490679108,1,4.0,7.0,4.0,6.0,3.230769230769231,-2.5975,2.9868,1608.6375,1608.4317095,0.2057905000001483,0.0558448
81,129,210,0.22857142857142856,10.971428571428572,35.33020818053945,0.16823908657399744,1059.005383882852,0,3.0,1.0,5.0,3.0,0.75,-8.2145,0.285,1640.6238,1640.85369,-0.22988999999984117,0.011613
82,128,210,0.21904761904761905,10.076190476190476,35.33020818053945,0.16823908657399744,1085.6892074107736,2,4.0,0.0,5.0,2.0,0.0,-10.1468,0.1785,1645.6132,1645.552776,0.0604240000000118,0.001449
83,127,210,0.20952380952380953,9.219047619047618,35.33020818053945,0.16823908657399744,1112.7064982692239,0,4.0,1.0,5.0,1.0,0.5,-9.7015,0.2064,1644.5018,1644.833904,-0.3321040000000721,0.001365
84,126,210,0.2,8.4,35.33020818053945,0.16823908657399744,1140.0572806914856,2,4.0,2.0,5.0,0.0,0.0,-9.5269,0.2739,1645.0695,1645.212702,-0.14320199999997385,0.001155
85,125,210,0.19047619047619047,7.619047619047619,35.33020818053945,0.16823908657399744,1167.7415784290306,0,4.0,3.0,4.0,1.0,0.75,-7.6286,0.4761,1640.0826,1640.449398,-0.36679800000001705,0.007686
86,124,210,0.18095238095238095,6.876190476190477,35.33020818053945,0.16823908657399744,1195.759414766667,2,4.0,4.0,4.0,2.0,1.3333333333333333,-6.3857,0.9288,1637.4213,1637.299713,0.12158699999986311,0.004557
87,123,210,0.17142857142857143,6.171428571428572,35.33020818053945,0.16823908657399744,1224.1108125370388,0,4.0,5.0,4.0,3.0,1.875,-4.651,1.2573,1630.077,1630.256103,-0.17910299999994095,0.013419
88,122,210,0.1619047619047619,5.504761904761905,35.33020818053945,0.16823908657399744,1252.7957941345128,2,4.0,6.0,4.0,4.0,2.4,-3.5543,1.8409,1625.5331,1625.687427,-0.15432699999996657,0.009198
89,121,210,0.1523809523809524,4.876190476190477,35.33020818053945,0.16823908657399744,1281.814381528486,0,4.0,7.0,4.0,5.0,2.9166666666666665,-2.6133,2.4598,1616.6981,1616.583822,0.11427800000001298,0.062202
90,120,210,0.14285714285714285,4.285714285714286,35.33020818053945,0.16823908657399744,1311.1665962761451,2,4.0,8.0,4.0,6.0,3.4285714285714284,-2.0937,3.0529,1610.5513,1610.506044,0.04525600000010854,0.0189
81,130,211,0.23222748815165878,11.37914691943128,35.44227874406976,0.16797288504298472,1057.3297396536711,1,3.0,1.0,5.0,4.0,0.8,-7.302,0.3502,1645.4449,1645.7560065,-0.3111065000000508,0.0419257
82,129,211,0.22274881516587677,10.469194312796208,35.44227874406976,0.16797288504298472,1083.9713418713072,1,4.0,0.0,5.0,3.0,0.0,-9.0489,0.2281,1649.3328,1649.3886669,-0.055866900000182795,0.0022577
83,128,211,0.2132701421800948,9.597156398104266,35.44227874406976,0.16797288504298472,1110.9458837804095,1,4.0,1.0,5.0,2.0,0.6666666666666666,-8.7556,0.396,1650.1184,1649.9724195,0.14598050000017793,0.0054438
84,127,211,0.2037914691943128,8.763033175355451,35.44227874406976,0.16797288504298472,1138.2533895759166,1,4.0,2.0,5.0,1.0,0.6666666666666666,-8.5201,0.4553,1649.9069,1649.7634662,0.14343379999991157,0.001266
85,126,211,0.1943127962085308,7.966824644549763,35.44227874406976,0.16797288504298472,1165.8938829717188,1,4.0,3.0,5.0,0.0,0.0,-8.2255,0.3695,1647.8613,1648.1957995,-0.3344994999999926,0.0027219
86,125,211,0.1848341232227488,7.208530805687204,35.44227874406976,0.16797288504298472,1193.867387215782,1,4.0,4.0,4.0,1.0,0.8,-6.6027,0.585,1644.1859,1644.5215932,-0.3356932000001507,0.0068153
87,124,211,0.17535545023696683,6.488151658767772,35.44227874406976,0.16797288504298472,1222.1739251046213,1,4.0,5.0,4.0,2.0,1.4285714285714286,-5.3802,0.9337,1638.9908,1639.1242343,-0.13343429999986256,0.0119848
88,123,211,0.16587677725118483,5.805687203791469,35.44227874406976,0.16797288504298472,1250.8135189971697,1,4.0,6.0,4.0,3.0,2.0,-3.9039,1.3192,1633.0525,1633.3697157,-0.31721569999990606,0.0049585
89,122,211,0.15639810426540285,5.161137440758294,35.44227874406976,0.16797288504298472,1279.7861908280634,1,4.0,7.0,4.0,4.0,2.5454545454545454,-2.8291,1.8859,1626.0559,1626.275748,-0.2198479999999563,0.0537628
90,121,211,0.14691943127962084,4.5545023696682465,35.44227874406976,0.16797288504298472,1309.0919621203782,1,4.0,8.0,4.0,5.0,3.076923076923077,-2.0618,2.4954,1618.5858,1618.7604766,-0.17467659999988427,0.0860669
91,120,211,0.13744075829383887,3.985781990521327,35.44227874406976,0.16797288504298472,1338.7308539978503,1,4.0,9.0,4.0,6.0,3.6,-1.6378,3.0458,1609.9396,1609.8023028,0.13729719999992085,0.0694823
82,130,212,0.22641509433962265,10.867924528301886,35.55417239989791,0.16770836037687697,1082.2642975634985,2,4.0,0.0,5.0,4.0,0.0,-8.1383,0.2891,1654.6305,1654.5159036,0.11459639999998217,0.0018444
83,129,212,0.2169811320754717,9.981132075471699,35.55417239989791,0.16770836037687697,1109.1963598087546,0,4.0,1.0,5.0,3.0,0.75,-7.6791,0.4601,1654.3398,1654.302568,0.037231999999903564,0.0018444
84,128,212,0.20754716981132076,9.132075471698114,35.55417239989791,0.16770836037687697,1136.4608615869704,2,4.0,2.0,5.0,2.0,1.0,-7.671,0.7094,1656.0778,1655.7716856,0.3061144000000695,0.0011448
85,127,212,0.19811320754716982,8.320754716981131,35.55417239989791,0.16770836037687697,1164.0578265746924,0,4.0,3.0,5.0,1.0,0.75,-7.2403,0.5658,1653.1907,1653.24808,-0.05737999999996646,0.0023956
86,126,212,0.18867924528301888,7.547169811320755,35.55417239989791,0.16770836037687697,1191.9872779832747,2,4.0,4.0,5.0,0.0,0.0,-7.1344,0.4412,1652.3934,1652.4968156,-0.10341560000006211,0.0031164
87,125,212,0.1792452830188679,6.811320754716981,35.55417239989791,0.16770836037687697,1220.2492385733328,0,4.0,5.0,4.0,1.0,0.8333333333333334,-5.5435,0.5715,1646.1876,1646.571246,-0.3836459999999988,0.0087768
88,124,212,0.16981132075471697,6.113207547169812,35.55417239989791,0.16770836037687697,1248.8437306685887,2,4.0,6.0,4.0,2.0,1.5,-4.51,0.895,1642.3209,1642.4716536,-0.1507536000001437,0.0102608
89,123,212,0.16037735849056603,5.452830188679245,35.55417239989791,0.16770836037687697,1277.7707761691352,0,4.0,7.0,4.0,3.0,2.1,-3.17,1.3328,1633.9897,1634.1909548,-0.20125480000001517,0.0218784
90,122,212,0.1509433962264151,4.830188679245283,35.55417239989791,0.16770836037687697,1307.030396564154,2,4.0,8.0,4.0,4.0,2.6666666666666665,-2.251,1.8917,1628.3668,1628.5973136,-0.23051359999999477,0.0101124
91,121,212,0.14150943396226415,4.245283018867925,35.55417239989791,0.16770836037687697,1336.6226129441154,0,4.0,9.0,4.0,5.0,3.2142857142857144,-1.5163,2.4185,1618.349,1618.3293268,0.01967319999994288,0.0875984
81,132,213,0.23943661971830985,12.211267605633802,35.665890259784945,0.16744549417739416,1054.010001194289,1,3.0,1.0,5.0,6.0,0.8571428571428571,-5.5679,0.417,1653.6992,1654.0368243,-0.33762430000001586,0.0270084
82,131,213,0.2300469483568075,11.272300469483568,35.665890259784945,0.16744549417739416,1080.5679557586109,1,4.0,0.0,5.0,5.0,0.0,-7.1858,0.3124,1658.2144,1658.2418916,-0.027491599999848404,0.0069438
83,130,213,0.22065727699530516,10.370892018779342,35.665890259784945,0.16744549417739416,1107.457804670967,1,4.0,1.0,5.0,4.0,0.8,-6.8715,0.5406,1659.698,1659.4876221,0.21037790000013956,0.0050907
84,129,213,0.2112676056338028,9.507042253521126,35.665890259784945,0.16744549417739416,1134.679572050331,1,4.0,2.0,5.0,3.0,1.2,-6.6043,0.7997,1660.3419,1660.127112,0.21478799999999865,0.0030459
85,128,213,0.20187793427230047,8.68075117370892,35.665890259784945,0.16744549417739416,1162.233281536137,1,4.0,3.0,5.0,2.0,1.2,-6.4312,0.8546,1659.4493,1659.2707668,0.1785331999999471,0.004899
86,127,213,0.19248826291079812,7.892018779342723,35.665890259784945,0.16744549417739416,1190.1189563033586,1,4.0,4.0,5.0,1.0,0.8,-6.2614,0.6539,1657.7544,1657.6048512,0.14954880000004778,0.0033654
87,126,213,0.18309859154929578,7.140845070422535,35.665890259784945,0.16744549417739416,1218.3366190769361,1,4.0,5.0,5.0,0.0,0.0,-6.1394,0.478,1654.4628,1654.6807659,-0.2179659000000811,0.0047073
88,125,213,0.17370892018779344,6.427230046948357,35.665890259784945,0.16744549417739416,1246.8862921456011,1,4.0,6.0,4.0,1.0,0.8571428571428571,-4.6625,0.5518,1649.5308,1649.9986638,-0.4678638000000319,0.0098193
89,124,213,0.1643192488262911,5.751173708920188,35.665890259784945,0.16744549417739416,1275.7679973751206,1,4.0,7.0,4.0,2.0,1.5555555555555556,-3.7627,0.7916,1643.1648,1643.4208404,-0.25604040000007444,0.0116724
90,123,213,0.15492957746478872,5.112676056338028,35.665890259784945,0.16744549417739416,1304.981756220994,1,4.0,8.0,4.0,3.0,2.1818181818181817,-2.5816,1.327,1636.2903,1636.659411,-0.3691110000002027,0.0092229
91,122,213,0.14553990610328638,4.511737089201878,35.665890259784945,0.16744549417739416,1334.5275897406339,1,4.0,9.0,4.0,4.0,2.769230769230769,-1.6421,1.7869,1628.1309,1628.3429751,-0.21207509999999274,0.0571692
82,132,214,0.2336448598130841,11.682242990654206,35.77743342332243,0.16718426833328243,1078.8821995801611,2,4.0,0.0,5.0,6.0,0.0,-6.3498,0.3203,1663.3334,1663.292637,0.04076299999996991,0.0019688
83,131,214,0.22429906542056074,10.766355140186915,35.77743342332243,0.16718426833328243,1105.730098582102,0,4.0,1.0,5.0,5.0,0.8333333333333334,-5.8878,0.5543,1663.7455,1663.528037,0.21746299999995244,0.0112136
84,130,214,0.21495327102803738,9.88785046728972,35.77743342332243,0.16718426833328243,1132.9093982366887,2,4.0,2.0,5.0,4.0,1.3333333333333333,-5.9733,0.9377,1666.2466,1666.0148882,0.23171179999985725,0.0014552
85,129,214,0.205607476635514,9.046728971962617,35.77743342332243,0.16718426833328243,1160.4201221464768,0,4.0,3.0,5.0,3.0,1.5,-5.7186,1.0415,1664.3016,1664.1417248,0.15987519999998767,0.0039804
86,128,214,0.19626168224299065,8.242990654205608,35.77743342332243,0.16718426833328243,1188.262293450285,2,4.0,4.0,5.0,2.0,1.3333333333333333,-5.6006,1.0001,1664.5513,1664.2998922,0.25140780000015184,0.0091806
87,127,214,0.18691588785046728,7.4766355140186915,35.77743342332243,0.16718426833328243,1216.4359348376013,0,4.0,5.0,5.0,1.0,0.8333333333333334,-5.1858,0.6769,1660.2781,1660.1562102,0.12188979999996263,0.0085172
88,126,214,0.17757009345794392,6.747663551401869,35.77743342332243,0.16718426833328243,1244.9410685623855,2,4.0,6.0,5.0,0.0,0.0,-5.292,0.4893,1658.2878,1658.3227866,-0.03498659999991105,0.005243
89,125,214,0.16822429906542055,6.05607476635514,35.77743342332243,0.16718426833328243,1273.7777164562922,0,4.0,7.0,4.0,1.0,0.875,-3.7696,0.453,1650.8123,1651.1999036,-0.38760359999992033,0.0135462
90,124,214,0.1588785046728972,5.401869158878505,35.77743342332243,0.16718426833328243,1302.9458999413491,2,4.0,8.0,4.0,2.0,1.6,-3.09,0.7571,1645.8846,1646.1559022,-0.2713021999998091,0.0106572
91,123,214,0.14953271028037382,4.785046728971962,35.77743342332243,0.16718426833328243,1332.4456400421184,0,4.0,9.0,4.0,3.0,2.25,-1.9824,1.2195,1636.4919,1636.6085918,-0.11669180000012602,0.081213
82,133,215,0.2372093023255814,12.097674418604651,35.8888029781218,0.16692466501452005,1077.2069139665273,1,4.0,0.0,5.0,7.0,0.0,-5.4953,0.2637,1666.7394,1666.8386915,-0.09929150000016307,0.052675
83,132,215,0.22790697674418606,11.167441860465116,35.8888029781218,0.16692466501452005,1104.0131236172383,1,4.0,1.0,5.0,6.0,0.8571428571428571,-4.9939,0.5386,1668.8705,1668.7693055,0.10119450000001962,0.005633
84,131,215,0.2186046511627907,10.274418604651164,35.8888029781218,0.16692466501452005,1131.1502193224799,1,4.0,2.0,5.0,5.0,1.4285714285714286,-4.9472,0.9507,1670.3079,1670.158012,0.14988799999991897,0.0021285
85,130,215,0.20930232558139536,9.418604651162791,35.8888029781218,0.16692466501452005,1158.618224648159,1,4.0,3.0,5.0,4.0,1.7142857142857142,-4.9825,1.2544,1670.3071,1670.0904805,0.21661949999997887,0.006622
86,129,215,0.2,8.6,35.8888029781218,0.16692466501452005,1186.4171626971633,1,4.0,4.0,5.0,3.0,1.7142857142857142,-4.8471,1.2743,1669.511,1669.220526,0.29047399999990375,0.0060845
87,128,215,0.19069767441860466,7.818604651162791,35.8888029781218,0.16692466501452005,1214.5470561237494,1,4.0,5.0,5.0,2.0,1.4285714285714286,-4.4699,1.0123,1667.0981,1666.9510505,0.14704949999986638,0.0070735
88,127,215,0.1813953488372093,7.074418604651163,35.8888029781218,0.16692466501452005,1243.0079271473207,1,4.0,6.0,5.0,1.0,0.8571428571428571,-4.3012,0.6699,1664.0924,1663.9548535,0.1375465000000986,0.0072025
89,126,215,0.17209302325581396,6.367441860465116,35.8888029781218,0.16692466501452005,1271.7997975656317,1,4.0,7.0,5.0,0.0,0.0,-4.4117,0.3916,1659.5876,1659.6739455,-0.0863454999998794,0.0124055
90,125,215,0.16279069767441862,5.6976744186046515,35.8888029781218,0.16692466501452005,1300.922688767447,1,4.0,8.0,4.0,1.0,0.8888888888888888,-3.0862,0.3295,1653.4362,1654.000719,-0.564518999999791,0.0063425
91,124,215,0.15348837209302327,5.065116279069767,35.8888029781218,0.16692466501452005,1330.37662174468,1,4.0,9.0,4.0,2.0,1.6363636363636365,-2.5269,0.6482,1646.1094,1646.3352595,-0.22585949999984223,0.0824525
92,123,215,0.14418604651162792,4.469767441860465,35.8888029781218,0.16692466501452005,1360.1616171040503,1,4.0,10.0,4.0,3.0,2.3076923076923075,-1.5332,1.1558,1638.054,1638.4681515,-0.414151499999889,0.104146
83,133,216,0.23148148148148148,11.574074074074074,35.99999999999999,0.16666666666666669,1102.306763674105,0,4.0,1.0,5.0,7.0,0.875,-4.062,0.4417,1672.7001,1672.5959136,0.10418640000011692,0.0111888
84,132,216,0.2222222222222222,10.666666666666666,35.99999999999999,0.16666666666666669,1129.4019163515932,2,4.0,2.0,5.0,6.0,1.5,-4.0481,0.9188,1675.896,1675.905228,-0.009228000000121028,0.0018144
85,131,216,0.21296296296296297,9.796296296296296,35.99999999999999,0.16666666666666669,1156.8274671964302,0,4.0,3.0,5.0,5.0,1.875,-4.3344,1.3296,1674.8995,1674.6485184,0.25098159999993186,0.0035856
86,130,216,0.2037037037037037,8.962962962962964,35.99999999999999,0.16666666666666669,1184.5834392757974,2,4.0,4.0,5.0,4.0,2.0,-4.2146,1.5117,1676.0518,1675.8695448,0.18225519999987227,0.0057672
87,129,216,0.19444444444444445,8.166666666666666,35.99999999999999,0.16666666666666669,1212.6698552089363,0,4.0,5.0,5.0,3.0,1.875,-3.6855,1.2889,1672.5303,1672.3694808,0.16081919999987804,0.0041688
88,128,216,0.18518518518518517,7.407407407407407,35.99999999999999,0.16666666666666669,1241.0867371809084,2,4.0,6.0,5.0,2.0,1.5,-3.5582,0.9795,1671.3573,1671.2666928,0.09060719999979483,0.0080136
89,127,216,0.17592592592592593,6.685185185185185,35.99999999999999,0.16666666666666669,1269.8341069557773,0,4.0,7.0,5.0,1.0,0.875,-3.3756,0.5413,1665.8094,1665.6260904,0.1833096000000296,0.0092232
90,126,216,0.16666666666666666,6.0,35.99999999999999,0.16666666666666669,1298.9119858892486,2,4.0,8.0,5.0,0.0,0.0,-3.7466,0.2811,1662.6674,1662.6949272,-0.027527199999894947,0.0111024
91,125,216,0.1574074074074074,5.351851851851852,35.99999999999999,0.16666666666666669,1328.3203949407923,0,4.0,9.0,4.0,1.0,0.9,-2.3067,0.0995,1653.9711,1654.3873296,-0.41622959999995146,0.0246456
92,124,216,0.14814814814814814,4.7407407407407405,35.99999999999999,0.16666666666666669,1358.0593546852765,2,4.0,10.0,4.0,2.0,1.6666666666666667,-2.0683,0.5775,1648.1075,1648.3623552,-0.2548551999998381,0.0281016
83,134,217,0.2350230414746544,11.986175115207374,36.1110255531613,0.16641025600535164,1100.6109044366306,1,4.0,1.0,5.0,8.0,0.8888888888888888,-3.2811,0.333,1677.6064,1677.8112547,-0.20485470000016903,0.0177072
84,133,217,0.22580645161290322,11.064516129032258,36.1110255531613,0.16641025600535164,1127.66437219802,1,4.0,2.0,5.0,7.0,1.5555555555555556,-4.0241,0.9854,1679.894,1679.8754238,0.018576200000097742,0.0065534
85,132,217,0.21658986175115208,10.179723502304148,36.1110255531613,0.16641025600535164,1155.0477298210828,1,4.0,3.0,5.0,6.0,2.0,-3.9919,1.4939,1680.722,1680.5819324,0.1400676000000658,0.004991
86,131,217,0.2073732718894009,9.331797235023041,36.1110255531613,0.16641025600535164,1182.761000337512,1,4.0,4.0,5.0,5.0,2.2222222222222223,-3.648,1.6777,1680.762,1680.5356029,0.22639709999998558,0.0041881
87,130,217,0.19815668202764977,8.52073732718894,36.1110255531613,0.16641025600535164,1210.8042063317507,1,4.0,5.0,5.0,4.0,2.2222222222222223,-3.4302,1.5918,1679.1707,1679.097175,0.07352499999979045,0.0065317
88,129,217,0.1889400921658986,7.746543778801843,36.1110255531613,0.16641025600535164,1239.1773699547286,1,4.0,6.0,5.0,3.0,2.0,-3.2312,1.3036,1676.8479,1676.7399474,0.10795260000008966,0.0070525
89,128,217,0.17972350230414746,7.009216589861751,36.1110255531613,0.16641025600535164,1267.8805129370276,1,4.0,7.0,5.0,2.0,1.5555555555555556,-2.7605,0.8715,1673.1224,1673.1448216,-0.022421599999915998,0.0112189
90,127,217,0.17050691244239632,6.308755760368664,36.1110255531613,0.16641025600535164,1296.9136566014972,1,4.0,8.0,5.0,1.0,0.8888888888888888,-2.6646,0.3926,1668.8531,1668.8590065,-0.00590650000003734,0.0106113
91,126,217,0.16129032258064516,5.645161290322581,36.1110255531613,0.16641025600535164,1326.276821875362,1,4.0,9.0,5.0,0.0,0.0,-3.0303,0.0845,1663.2504,1663.2277046,0.022695399999975052,0.0124992
83,135,218,0.23853211009174313,12.403669724770642,36.22188069037562,0.1661554160108974,1098.9254333393812,0,4.0,1.0,5.0,9.0,0.9,-2.4544,0.1602,1681.2629,1681.396504,-0.13360400000010486,0.0270102
84,134,218,0.22935779816513763,11.46788990825688,36.22188069037562,0.1661554160108974,1125.937471529422,2,4.0,2.0,5.0,8.0,1.6,-3.3144,0.9915,1685.3832,1685.47354,-0.09033999999996922,0.001962
85,133,218,0.22018348623853212,10.568807339449542,36.22188069037562,0.1661554160108974,1153.2788943891337,0,4.0,3.0,5.0,7.0,2.1,-3.2891,1.5729,1685.2029,1684.947615,0.255284999999958,0.0115104
86,132,218,0.21100917431192662,9.706422018348624,36.22188069037562,0.1661554160108974,1180.9497249149383,2,4.0,4.0,5.0,6.0,2.4,-3.3862,1.9402,1687.1423,1687.0480886,0.09421139999994921,0.0023108
87,131,218,0.2018348623853211,8.880733944954128,36.22188069037562,0.1661554160108974,1208.949985656693,0,4.0,5.0,5.0,5.0,2.5,-3.0643,1.8656,1684.4713,1684.4237174,0.04758259999994152,0.0042292
88,130,218,0.1926605504587156,8.091743119266056,36.22188069037562,0.1661554160108974,1237.2796987314064,2,4.0,6.0,5.0,4.0,2.4,-2.8708,1.6652,1684.0184,1684.0552538,-0.036853800000017145,0.00981
89,129,218,0.1834862385321101,7.339449541284404,36.22188069037562,0.1661554160108974,1265.9388858363811,0,4.0,7.0,5.0,3.0,2.1,-2.6856,1.2532,1679.1296,1679.06761,0.061989999999923384,0.0576174
90,128,218,0.1743119266055046,6.623853211009174,36.22188069037562,0.1661554160108974,1294.9275682618138,2,4.0,8.0,5.0,2.0,1.6,-2.266,0.7914,1676.6865,1676.7693668,-0.08286679999991975,0.0105076
91,127,218,0.1651376146788991,5.944954128440367,36.22188069037562,0.1661554160108974,1324.245766902881,0,4.0,9.0,5.0,1.0,0.9,-1.8946,0.1533,1669.8344,1669.704183,0.13021699999990233,0.0178542
92,126,218,0.1559633027522936,5.302752293577981,36.22188069037562,0.1661554160108974,1353.8935022713376,2,4.0,10.0,5.0,0.0,0.0,-2.6002,0.0088,1665.6669,1665.6767638,-0.009863799999948242,0.0137122
84,135,219,0.2328767123287671,11.876712328767123,36.33256645315319,0.165902129923074,1124.2211007715844,1,4.0,2.0,5.0,9.0,1.6363636363636365,-2.621,0.9371,1689.1588,1689.220146,-0.061346000000185086,0.0158337
85,134,219,0.2237442922374429,10.963470319634704,36.33256645315319,0.165902129923074,1151.5208445684166,1,4.0,3.0,5.0,8.0,2.1818181818181817,-2.6555,1.6255,1690.7679,1690.723143,0.04475700000011784,0.0032412
86,133,219,0.2146118721461187,10.08675799086758,36.33256645315319,0.165902129923074,1179.1494938847309,1,4.0,4.0,5.0,7.0,2.5454545454545454,-2.7601,2.0745,1691.6854,1691.5074696,0.17793040000015026,0.0021024
87,132,219,0.2054794520547945,9.246575342465754,36.33256645315319,0.165902129923074,1207.1070712360092,1,4.0,5.0,5.0,6.0,2.727272727272727,-2.8523,2.2067,1690.9998,1690.9375221,0.06227790000002642,0.0068766
88,131,219,0.1963470319634703,8.442922374429223,36.33256645315319,0.165902129923074,1235.3935987055456,1,4.0,6.0,5.0,5.0,2.727272727272727,-2.6102,2.0541,1689.4502,1689.378264,0.07193600000005063,0.0068109
89,130,219,0.1872146118721461,7.675799086757991,36.33256645315319,0.165902129923074,1264.0090979575675,1,4.0,7.0,5.0,4.0,2.5454545454545454,-2.3132,1.6689,1686.3875,1686.4202091,-0.03270909999992,0.0514869
90,129,219,0.1780821917808219,6.945205479452055,36.33256645315319,0.165902129923074,1292.9535902498167,1,4.0,8.0,5.0,3.0,2.1818181818181817,-2.0244,1.1989,1682.7214,1682.7446445,-0.023244500000146218,0.0564582
91,128,219,0.1689497716894977,6.251141552511416,36.33256645315319,0.165902129923074,1322.2270964456175,1,4.0,9.0,5.0,2.0,1.6363636363636365,-1.6909,0.6035,1677.7391,1677.8418477,-0.10274770000000899,0.0697077
92,127,219,0.1598173515981735,5.593607305936073,36.33256645315319,0.165902129923074,1351.8296370254563,1,4.0,10.0,5.0,1.0,0.9090909090909091,-1.4392,0.0664,1672.2393,1672.3467873,-0.1074873000000025,0.0133371
93,126,219,0.1506849315068493,4.972602739726027,36.33256645315319,0.165902129923074,1381.7612320981004,1,4.0,11.0,5.0,0.0,0.0,-1.9143,0.0499,1665.4492,1665.4234308,0.02576920000001337,0.0919581
84,136,220,0.23636363636363636,12.290909090909091,36.44308387191581,0.16565038123598103,1122.5151480737334,2,4.0,2.0,5.0,10.0,1.6666666666666667,-2.7552,0.9875,1694.4886,1694.709368,-0.22076800000013463,0.017688
85,135,220,0.22727272727272727,11.363636363636363,36.44308387191581,0.16565038123598103,1149.7734657920578,0,4.0,3.0,5.0,9.0,2.25,-2.6524,1.6829,1695.1147,1694.814726,0.29997400000002017,0.01397
86,134,220,0.21818181818181817,10.472727272727273,36.44308387191581,0.16565038123598103,1177.3601899311923,2,4.0,4.0,5.0,8.0,2.6666666666666665,-2.8041,2.2389,1697.837,1697.796144,0.040856000000076165,0.001804
87,133,220,0.20909090909090908,9.618181818181819,36.44308387191581,0.16565038123598103,1205.2753429724528,0,4.0,5.0,5.0,7.0,2.9166666666666665,-2.5048,2.4165,1696.0966,1696.14346,-0.046859999999924185,0.004026
88,132,220,0.2,8.8,36.44308387191581,0.16565038123598103,1233.518946965623,2,4.0,6.0,5.0,6.0,3.0,-2.5196,2.4905,1696.5466,1696.571338,-0.024738000000070315,0.00759
89,131,220,0.19090909090909092,8.018181818181818,36.44308387191581,0.16565038123598103,1262.0910235420556,0,4.0,7.0,5.0,5.0,2.9166666666666665,-2.0754,2.1464,1692.3656,1692.31733,0.048270000000002256,0.006138
90,130,220,0.18181818181818182,7.2727272727272725,36.44308387191581,0.16565038123598103,1290.991593927235,2,4.0,8.0,5.0,4.0,2.6666666666666665,-1.9357,1.6893,1690.5157,1690.589208,-0.07350800000017443,0.013684
91,129,220,0.17272727272727273,6.5636363636363635,36.44308387191581,0.16565038123598103,1320.2206789528266,0,4.0,9.0,5.0,3.0,2.25,-1.7517,1.0649,1684.2743,1684.218008,0.05629199999998491,0.014652
93,127,220,0.15454545454545454,5.254545454545455,36.44308387191581,0.16565038123598103,1379.6644743517236,0,4.0,11.0,5.0,1.0,0.9166666666666666,-0.8248,0.1533,1672.4821,1672.456676,0.025423999999929947,0.030712
84,137,221,0.2398190045248869,12.710407239819004,36.553433966164725,0.1654001536930531,1120.819503274693,1,4.0,2.0,5.0,11.0,1.6923076923076923,-2.6605,1.558,1698.2544,1698.2703894,-0.015989400000080423,0.0195585
85,136,221,0.23076923076923078,11.76923076923077,36.553433966164725,0.1654001536930531,1148.0366452238095,1,4.0,3.0,5.0,10.0,2.3076923076923075,-2.3457,1.8583,1700.5889,1700.4790634,0.10983659999988049,0.0139672
86,135,221,0.22171945701357465,10.864253393665159,36.553433966164725,0.1654001536930531,1175.5816975107741,1,4.0,4.0,5.0,9.0,2.769230769230769,-2.3392,2.3713,1702.2661,1702.0080961,0.25800389999994877,0.0057239
87,134,221,0.21266968325791855,9.995475113122172,36.553433966164725,0.1654001536930531,1203.4546825829432,1,4.0,5.0,5.0,8.0,3.076923076923077,-2.3839,2.6912,1702.3671,1702.4198412,-0.05274120000012772,0.0048841
88,133,221,0.20361990950226244,9.16289592760181,36.553433966164725,0.1654001536930531,1231.6556224567921,1,4.0,6.0,5.0,7.0,3.230769230769231,-2.2118,2.7878,1701.7627,1701.9508792,-0.18817919999992228,0.004641
89,132,221,0.19457013574660634,8.366515837104073,36.553433966164725,0.1654001536930531,1260.1845387309982,1,4.0,7.0,5.0,6.0,3.230769230769231,-2.1231,2.6534,1699.5728,1699.6013619,-0.028561900000113383,0.0569075
90,131,221,0.18552036199095023,7.606334841628959,36.553433966164725,0.1654001536930531,1289.0414525989831,1,4.0,8.0,5.0,5.0,3.076923076923077,-1.903,2.255,1696.5946,1696.410144,0.18445599999995466,0.0080002
91,130,221,0.17647058823529413,6.882352941176471,36.553433966164725,0.1654001536930531,1318.2263848609443,1,4.0,9.0,5.0,4.0,2.769230769230769,-1.6784,1.6393,1692.1724,1692.1927789,-0.02037889999996878,0.0593827
92,129,221,0.167420814479638,6.1945701357466065,36.553433966164725,0.1654001536930531,1347.7393559353993,1,4.0,10.0,5.0,3.0,2.3076923076923075,-1.4226,1.0417,1687.1763,1687.2653629,-0.08906289999981709,0.0721344
84,138,222,0.24324324324324326,13.135135135135135,36.66361774464523,0.1651514312821858,1119.1340578698541,2,4.0,2.0,5.0,12.0,1.7142857142857142,-2.7594,2.3022,1703.625,1703.6291988,-0.004198800000040137,0.0400488
85,137,222,0.23423423423423423,12.18018018018018,36.66361774464523,0.1651514312821858,1146.3102717242175,0,4.0,3.0,5.0,11.0,2.357142857142857,-2.442,2.5138,1704.9156,1704.3800916,0.5355084000000261,0.0158286
86,136,222,0.22522522522522523,11.26126126126126,36.66361774464523,0.1651514312821858,1173.8139028174328,2,4.0,4.0,5.0,10.0,2.857142857142857,-2.0992,2.6166,1708.2751,1708.1788002,0.09629979999999705,0.0019536
87,135,222,0.21621621621621623,10.378378378378379,36.66361774464523,0.1651514312821858,1201.6449735631008,0,4.0,5.0,5.0,9.0,3.2142857142857144,-2.0152,2.9026,1707.3259,1707.3903228,-0.06442279999987477,0.0074592
88,134,222,0.2072072072072072,9.531531531531531,36.66361774464523,0.1651514312821858,1229.8035059445892,2,4.0,6.0,5.0,8.0,3.4285714285714284,-2.2313,3.1012,1708.5829,1708.6658682,-0.08296819999986838,0.0044622
89,133,222,0.1981981981981982,8.72072072072072,36.66361774464523,0.1651514312821858,1258.2895215280964,0,4.0,7.0,5.0,7.0,3.5,-2.0078,3.0336,1705.3289,1705.581933,-0.25303299999995943,0.0047064
90,132,222,0.1891891891891892,7.945945945945946,36.66361774464523,0.1651514312821858,1287.103041475174,2,4.0,8.0,5.0,6.0,3.4285714285714284,-1.9768,2.8284,1704.3286,1704.2183424,0.11025760000006812,0.010212
91,131,222,0.18018018018018017,7.207207207207207,36.66361774464523,0.1651514312821858,1316.2440865547403,0,4.0,9.0,5.0,5.0,3.2142857142857144,-1.6105,2.2546,1698.7476,1698.5746806,0.1729193999999552,0.0866022
92,130,222,0.17117117117117117,6.504504504504505,36.66361774464523,0.1651514312821858,1345.7126771546095,2,4.0,10.0,5.0,4.0,2.857142857142857,-1.4099,1.6685,1695.5735,1695.5838522,-0.010352199999942968,0.0519924
93,129,222,0.16216216216216217,5.837837837837838,36.66361774464523,0.1651514312821858,1375.5088332925577,0,4.0,11.0,5.0,3.0,2.357142857142857,-0.9796,1.3379,1688.053,1687.7996886,0.2533114000000296,0.0380508
85,138,223,0.23766816143497757,12.596412556053812,36.77363620550805,0.16490419823097785,1144.5942358176007,1,4.0,3.0,5.0,12.0,2.4,-2.4315,3.3036,1710.3759,1709.9764211,0.39947890000007646,0.0139821
86,137,223,0.22869955156950672,11.663677130044842,36.77363620550805,0.16490419823097785,1172.0566937488175,1,4.0,4.0,5.0,11.0,2.933333333333333,-2.153,3.3263,1712.6836,1712.232356,0.4512440000000879,0.0078273
87,136,223,0.21973094170403587,10.766816143497758,36.77363620550805,0.16490419823097785,1199.8461011526335,1,4.0,5.0,5.0,10.0,3.3333333333333335,-2.0329,3.228,1713.4464,1713.4574065,-0.011006499999894004,0.0019401
88,135,223,0.21076233183856502,9.905829596412556,36.77363620550805,0.16490419823097785,1227.9624799795076,1,4.0,6.0,5.0,9.0,3.6,-1.9879,3.3684,1713.6237,1713.8241523,-0.2004522999998244,0.0020962
89,134,223,0.20179372197309417,9.080717488789238,36.77363620550805,0.16490419823097785,1256.4058517633528,1,4.0,7.0,5.0,8.0,3.7333333333333334,-2.0231,3.4144,1712.2552,1712.4499817,-0.19478170000002137,0.0069576
90,133,223,0.19282511210762332,8.291479820627803,36.77363620550805,0.16490419823097785,1285.176237634042,1,4.0,8.0,5.0,7.0,3.7333333333333334,-1.8618,3.2672,1710.1615,1710.1072998,0.05420019999996839,0.0079388
91,132,223,0.18385650224215247,7.538116591928251,36.77363620550805,0.16490419823097785,1314.2736583294027,1,4.0,9.0,5.0,6.0,3.6,-1.8538,2.8972,1706.5807,1706.3727411,0.20795889999999417,0.0756416
92,131,223,0.17488789237668162,6.820627802690583,36.77363620550805,0.16490419823097785,1343.6981342067277,1,4.0,10.0,5.0,5.0,3.3333333333333335,-1.6228,2.3527,1702.2158,1701.8827253,0.3330746999999974,0.0590504
93,130,223,0.16591928251121077,6.139013452914798,36.77363620550805,0.16490419823097785,1373.4496852538261,1,4.0,11.0,5.0,4.0,2.933333333333333,-1.0232,2.0193,1696.5051,1696.4870842,0.018015800000057425,0.0828668
85,139,224,0.24107142857142858,13.017857142857142,36.88349033646757,0.1646584390020874,1142.888429659816,0,4.0,3.0,5.0,13.0,2.4375,-2.1886,3.9525,1714.545,1713.7647296,0.7802704000000631,0.0223552
86,138,224,0.23214285714285715,12.071428571428571,36.88349033646757,0.1646584390020874,1170.3099598732606,2,4.0,4.0,5.0,12.0,3.0,-2.2804,4.1532,1718.6605,1718.2483136,0.41218639999988227,0.0098112
87,137,224,0.22321428571428573,11.160714285714286,36.88349033646757,0.1646584390020874,1198.0579523015447,0,4.0,5.0,5.0,11.0,3.4375,-2.2852,3.9803,1718.3772,1718.162432,0.21476799999982177,0.0111776
88,136,224,0.21428571428571427,10.285714285714286,36.88349033646757,0.1646584390020874,1226.1324288624132,2,4.0,6.0,5.0,10.0,3.75,-2.5807,3.8724,1720.3439,1720.3028864,0.04101360000004206,0.0018144
89,135,224,0.20535714285714285,9.446428571428571,36.88349033646757,0.1646584390020874,1254.5334110576875,0,4.0,7.0,5.0,9.0,3.9375,-2.3819,3.7802,1717.8756,1718.1122112,-0.23661119999997027,0.0040992
90,134,224,0.19642857142857142,8.642857142857142,36.88349033646757,0.1646584390020874,1283.26091998575,2,4.0,8.0,5.0,8.0,4.0,-2.4745,3.7329,1717.6385,1717.5684288,0.07007120000002942,0.0096096
91,133,224,0.1875,7.875,36.88349033646757,0.1646584390020874,1312.314976353522,0,4.0,9.0,5.0,7.0,3.9375,-1.8582,3.416,1712.9475,1712.9193088,0.028191200000037497,0.0075936
92,132,224,0.17857142857142858,7.142857142857143,36.88349033646757,0.1646584390020874,1341.6956004879585,2,4.0,10.0,5.0,6.0,3.75,-1.7986,3.0583,1710.5583,1710.2566208,0.30167919999985315,0.0152544
93,131,224,0.16964285714285715,6.446428571428571,36.88349033646757,0.1646584390020874,1371.4028123470794,0,4.0,11.0,5.0,5.0,3.4375,-1.0978,2.7302,1703.5959,1703.1847168,0.4111832000000959,0.0289184
86,139,225,0.23555555555555555,12.484444444444444,36.993181114957046,0.16441413828869803,1168.5735923975549,1,4.0,4.0,5.0,13.0,3.0588235294117645,-2.0539,4.8031,1722.8541,1722.2305725,0.6235274999999092,0.0111375
87,138,225,0.22666666666666666,11.56,36.993181114957046,0.16441413828869803,1196.2804156371446,1,4.0,5.0,5.0,12.0,3.5294117647058822,-2.2691,4.8448,1724.4377,1724.16177,0.27593000000001666,0.01197
88,137,225,0.21777777777777776,10.671111111111111,36.993181114957046,0.16441413828869803,1224.313238610785,1,4.0,6.0,5.0,11.0,3.8823529411764706,-2.4744,4.6837,1725.3608,1725.206985,0.153814999999895,0.0025875
89,136,225,0.2088888888888889,9.817777777777778,36.993181114957046,0.16441413828869803,1252.6720827883948,1,4.0,7.0,5.0,10.0,4.117647058823529,-2.5412,4.3082,1724.7134,1724.780385,-0.06698499999993146,0.0047475
90,135,225,0.2,9.0,36.993181114957046,0.16441413828869803,1281.3569692370538,1,4.0,8.0,5.0,9.0,4.235294117647059,-2.6833,4.2206,1723.391,1723.3251525,0.06584750000001804,0.005085
91,134,225,0.19111111111111112,8.217777777777778,36.993181114957046,0.16441413828869803,1310.3679186329603,1,4.0,9.0,5.0,8.0,4.235294117647059,-2.1969,3.9862,1720.5593,1720.49634,0.06295999999997548,0.0818775
92,133,225,0.18222222222222223,7.471111111111111,36.993181114957046,0.16441413828869803,1339.7049512729102,1,4.0,10.0,5.0,7.0,4.117647058823529,-1.9284,3.6519,1717.0009,1716.6986325,0.3022674999999708,0.009945
93,132,225,0.17333333333333334,6.76,36.993181114957046,0.16441413828869803,1369.368087085313,1,4.0,11.0,5.0,6.0,3.8823529411764706,-1.3039,3.4607,1711.9663,1711.6701975,0.29610249999996086,0.09162
86,140,226,0.23893805309734514,12.902654867256636,37.1027095082808,0.1641712810100921,1166.8474841354898,2,4.0,4.0,5.0,14.0,3.111111111111111,-1.9421,5.3842,1728.5103,1728.0888408,0.4214591999998447,0.0104864
87,139,226,0.23008849557522124,11.964601769911505,37.1027095082808,0.1641712810100921,1194.5133814318438,0,4.0,5.0,5.0,13.0,3.611111111111111,-2.0226,5.4753,1729.0848,1728.5331568,0.5516432000001714,0.0062376
88,138,226,0.22123893805309736,11.061946902654867,37.1027095082808,0.1641712810100921,1222.5047969257512,2,4.0,6.0,5.0,12.0,4.0,-2.5549,5.5707,1731.9305,1731.6037736,0.3267263999998704,0.001921
89,137,226,0.21238938053097345,10.194690265486726,37.1027095082808,0.1641712810100921,1250.8217520554174,0,4.0,7.0,5.0,11.0,4.277777777777778,-2.6462,5.1979,1730.238,1730.1797928,0.058207199999969816,0.0030962
90,136,226,0.20353982300884957,9.36283185840708,37.1027095082808,0.1641712810100921,1279.4642678568036,2,4.0,8.0,5.0,10.0,4.444444444444445,-2.9383,4.826,1730.7836,1730.509007,0.27459299999986797,0.0044748
91,135,226,0.19469026548672566,8.56637168141593,37.1027095082808,0.1641712810100921,1308.432364975568,0,4.0,9.0,5.0,9.0,4.5,-2.7059,4.5649,1726.8599,1726.8907018,-0.03080180000006294,0.0112096
92,134,226,0.18584070796460178,7.8053097345132745,37.1027095082808,0.1641712810100921,1337.726063678525,2,4.0,10.0,5.0,8.0,4.444444444444445,-2.5448,4.3115,1725.1606,1724.8131516,0.34744839999984833,0.011074
93,133,226,0.17699115044247787,7.079646017699115,37.1027095082808,0.1641712810100921,1367.3453838646483,0,4.0,11.0,5.0,7.0,4.277777777777778,-1.8111,4.0703,1718.8496,1718.5427364,0.3068636000000424,0.1020616
86,141,227,0.2422907488986784,13.325991189427313,37.21207647376352,0.16392985230732834,1165.131529477131,1,4.0,4.0,5.0,15.0,3.1578947368421053,-1.7808,5.8636,1732.4868,1732.0215316,0.46526840000001357,0.0140967
87,140,227,0.23348017621145375,12.374449339207048,37.21207647376352,0.16392985230732834,1192.7567415717008,1,4.0,5.0,5.0,14.0,3.6842105263157894,-1.8967,6.0592,1734.7784,1734.4425774,0.3358226000000286,0.005902
88,139,227,0.22466960352422907,11.458149779735683,37.21207647376352,0.16392985230732834,1220.7069931599017,1,4.0,6.0,5.0,13.0,4.105263157894737,-2.2665,6.1799,1736.5809,1736.1651896,0.4157103999998526,0.0019522
89,138,227,0.21585903083700442,10.577092511013216,37.21207647376352,0.16392985230732834,1248.9823056484122,1,4.0,7.0,5.0,12.0,4.421052631578948,-2.738,6.1129,1736.8698,1736.7108068,0.15899319999994077,0.0019295
90,137,227,0.20704845814977973,9.731277533039648,37.21207647376352,0.16392985230732834,1277.5827000422582,1,4.0,8.0,5.0,11.0,4.631578947368421,-2.9606,5.6812,1736.3577,1735.9732157,0.38448429999994005,0.0020884
91,136,227,0.19823788546255505,8.920704845814978,37.21207647376352,0.16392985230732834,1306.5081969567364,1,4.0,9.0,5.0,10.0,4.7368421052631575,-2.9841,5.1997,1734.3069,1734.1652515,0.14164849999997386,0.007264
92,135,227,0.1894273127753304,8.145374449339206,37.21207647376352,0.16392985230732834,1335.7588166288576,1,4.0,10.0,5.0,9.0,4.7368421052631575,-2.8624,4.9294,1731.5055,1731.1682386,0.3372613999999885,0.0085125
93,134,227,0.18061674008810572,7.405286343612334,37.21207647376352,0.16392985230732834,1365.334578928332,1,4.0,11.0,5.0,8.0,4.631578947368421,-2.3609,4.8243,1727.1093,1726.8519017,0.2573982999999771,0.0769984
86,142,228,0.24561403508771928,13.75438596491228,37.32128295889665,0.16368983753902044,1163.425624358816,2,4.0,4.0,5.0,16.0,3.2,-1.6944,6.3059,1737.916,1737.7352196,0.18078040000000328,0.01767
87,141,228,0.23684210526315788,12.789473684210526,37.32128295889665,0.16368983753902044,1191.0103895257091,0,4.0,5.0,5.0,15.0,3.75,-1.7925,6.5527,1739.2375,1738.8121092,0.42539080000005924,0.006726
88,140,228,0.22807017543859648,11.859649122807017,37.32128295889665,0.16368983753902044,1218.9197182858547,2,4.0,6.0,5.0,14.0,4.2,-2.1344,6.7372,1742.731,1742.4737892,0.2572107999999389,0.0020064
89,139,228,0.21929824561403508,10.964912280701755,37.32128295889665,0.16368983753902044,1247.1536320145894,0,4.0,7.0,5.0,13.0,4.55,-2.5382,6.7222,1741.9962,1741.7369844,0.2592156000000614,0.0020976
90,138,228,0.21052631578947367,10.105263157894736,37.32128295889665,0.16368983753902044,1275.7121516861848,2,4.0,8.0,5.0,12.0,4.8,-3.089,6.5847,1743.4712,1743.0783996,0.3928003999999419,0.0018012
91,137,228,0.20175438596491227,9.280701754385966,37.32128295889665,0.16368983753902044,1304.5952978857545,0,4.0,9.0,5.0,11.0,4.95,-3.1018,6.0681,1740.3752,1740.1433328,0.2318671999998969,0.004332
92,136,228,0.19298245614035087,8.491228070175438,37.32128295889665,0.16368983753902044,1333.8030908206788,2,4.0,10.0,5.0,10.0,5.0,-3.4609,5.613,1739.4623,1739.0645964,0.39770359999988614,0.0134748
94,134,228,0.17543859649122806,7.017543859649122,37.32128295889665,0.16368983753902044,1393.192695902839,2,4.0,12.0,5.0,8.0,4.8,-2.2158,5.3757,1730.7325,1730.6120892,0.12041080000017246,0.0233472
86,143,229,0.24890829694323144,14.187772925764191,37.43032990148211,0.1634512222772145,1161.7296662338533,1,4.0,4.0,5.0,17.0,3.238095238095238,-1.5115,6.5925,1741.6454,1741.6875983,-0.04219829999988178,0.0130301
87,142,229,0.24017467248908297,13.209606986899564,37.43032990148211,0.1634512222772145,1189.2742203158,1,4.0,5.0,5.0,16.0,3.8095238095238093,-1.8645,7.0305,1744.7328,1744.599402,0.13339799999994284,0.0049922
88,141,229,0.2314410480349345,12.266375545851528,37.43032990148211,0.1634512222772145,1217.142864865557,1,4.0,6.0,5.0,15.0,4.285714285714286,-2.2001,7.2948,1747.2595,1746.9233398,0.3361601999999948,0.0154346
89,140,229,0.22270742358078602,11.358078602620088,37.43032990148211,0.1634512222772145,1245.3356212273013,1,4.0,7.0,5.0,14.0,4.666666666666667,-2.4894,7.2919,1748.2004,1748.0130134,0.1873865999998543,0.0121141
90,139,229,0.21397379912663755,10.48471615720524,37.43032990148211,0.1634512222772145,1273.8525103447298,1,4.0,8.0,5.0,13.0,4.9523809523809526,-2.859,7.2479,1748.6379,1748.335079,0.30282099999999446,0.0024045
91,138,229,0.2052401746724891,9.646288209606986,37.43032990148211,0.1634512222772145,1302.6935527729484,1,4.0,9.0,5.0,12.0,5.142857142857143,-3.2037,6.9543,1747.5427,1747.2414208,0.30127919999995356,0.0032747
92,137,229,0.1965065502183406,8.842794759825328,37.43032990148211,0.1634512222772145,1331.8587686898813,1,4.0,10.0,5.0,11.0,5.238095238095238,-3.5519,6.5054,1745.58,1745.1452922,0.4347077999998419,0.0059311
93,136,229,0.18777292576419213,8.074235807860262,37.43032990148211,0.1634512222772145,1361.3481779072245,1,4.0,11.0,5.0,10.0,5.238095238095238,-3.1866,6.2429,1741.9691,1741.7721909,0.19690910000008444,0.1011722
94,135,229,0.17903930131004367,7.3406113537117905,37.43032990148211,0.1634512222772145,1391.1617998809663,1,4.0,12.0,5.0,9.0,5.142857142857143,-2.5587,6.1077,1737.6104,1737.3962986,0.2141014000001178,0.0606392
95,134,229,0.1703056768558952,6.641921397379913,37.43032990148211,0.1634512222772145,1421.2996537214972,1,4.0,13.0,5.0,8.0,4.9523809523809526,-1.946,5.8896,1731.9407,1731.8284613,0.11223870000003444,0.1063476
87,143,230,0.24347826086956523,13.634782608695652,37.539218229773184,0.16321399230336173,1187.5481304875404,0,4.0,5.0,5.0,17.0,3.8636363636363638,-1.6449,7.3285,1748.9244,1748.852196,0.07220400000005611,0.006532
88,142,230,0.23478260869565218,12.678260869565218,37.539218229773184,0.16321399230336173,1215.3763270202942,2,4.0,6.0,5.0,16.0,4.363636363636363,-2.1948,7.7781,1753.2396,1753.040312,0.1992880000000241,0.010304
89,141,230,0.22608695652173913,11.756521739130434,37.539218229773184,0.16321399230336173,1243.528164955358,0,4.0,7.0,5.0,15.0,4.7727272727272725,-2.6064,7.8538,1753.2087,1752.935892,0.2728079999999409,0.015847
90,140,230,0.21739130434782608,10.869565217391305,37.539218229773184,0.16321399230336173,1272.0036652060323,2,4.0,8.0,5.0,14.0,5.090909090909091,-2.8323,7.8467,1755.3405,1755.129402,0.21109799999999268,0.001219
91,139,230,0.20869565217391303,10.017391304347827,37.539218229773184,0.16321399230336173,1300.8028482975888,0,4.0,9.0,5.0,13.0,5.318181818181818,-3.3088,7.5811,1753.1927,1753.036034,0.15666600000008657,0.003036
92,138,230,0.2,9.2,37.539218229773184,0.16321399230336173,1329.9257343786664,2,4.0,10.0,5.0,12.0,5.454545454545454,-3.7196,7.3839,1753.2108,1752.812221,0.39857900000015434,0.004508
93,137,230,0.19130434782608696,8.417391304347825,37.539218229773184,0.16321399230336173,1359.372343232206,0,4.0,11.0,5.0,11.0,5.5,-3.3049,7.1443,1748.5487,1748.408273,0.14042700000004515,0.055016
94,136,230,0.1826086956521739,7.6695652173913045,37.539218229773184,0.16321399230336173,1389.1426942859584,2,4.0,12.0,5.0,10.0,5.454545454545454,-2.975,6.8661,1746.0786,1745.930368,0.14823200000000725,0.014444
87,144,231,0.24675324675324675,14.064935064935066,37.64794886261285,0.16297813360438468,1185.8320180815108,1,4.0,5.0,5.0,18.0,3.9130434782608696,-1.4825,7.5886,1754.1119,1754.3297079,-0.21780789999979788,0.0077385
88,143,231,0.23809523809523808,13.095238095238095,37.64794886261285,0.16297813360438468,1213.6200004013992,1,4.0,6.0,5.0,17.0,4.434782608695652,-2.0307,8.0665,1757.4261,1757.4114558,0.014644199999793273,0.0113652
89,142,231,0.22943722943722944,12.16017316017316,37.64794886261285,0.16297813360438468,1241.7311564330587,1,4.0,7.0,5.0,16.0,4.869565217391305,-2.6412,8.384,1759.2588,1759.0827408,0.17605920000005426,0.0130515
90,141,231,0.22077922077922077,11.25974025974026,37.64794886261285,0.16297813360438468,1270.1655070595673,1,4.0,8.0,5.0,15.0,5.217391304347826,-2.8823,8.4248,1760.3884,1760.2474428,0.14095720000000256,0.0012243
91,140,231,0.21212121212121213,10.393939393939394,37.64794886261285,0.16297813360438468,1298.9230727765364,1,4.0,9.0,5.0,14.0,5.478260869565218,-3.2831,8.2209,1759.9813,1759.8565677,0.12473230000000513,0.0017787
92,139,231,0.20346320346320346,9.562770562770563,37.64794886261285,0.16297813360438468,1328.0038737034884,1,4.0,10.0,5.0,13.0,5.6521739130434785,-3.7299,8.0533,1758.9327,1758.6926049,0.24009509999996226,0.0026796
93,138,231,0.19480519480519481,8.766233766233766,37.64794886261285,0.16297813360438468,1357.407929594776,1,4.0,11.0,5.0,12.0,5.739130434782608,-3.4714,8.0262,1756.2196,1756.0925151,0.12708489999999983,0.0511434
94,137,231,0.18614718614718614,8.004329004329005,37.64794886261285,0.16297813360438468,1387.1352598500753,1,4.0,12.0,5.0,11.0,5.739130434782608,-3.0945,7.7786,1752.6694,1752.6252744,0.04412559999991572,0.0220605
87,145,232,0.25,14.5,37.75652270956944,0.16274363236883382,1184.1257826053402,0,4.0,5.0,5.0,19.0,3.9583333333333335,-1.3516,7.7277,1758.0851,1758.4087592,-0.32365920000006554,0.0139664
88,144,232,0.2413793103448276,13.517241379310345,37.75652270956944,0.16274363236883382,1211.873782161631,2,4.0,6.0,5.0,18.0,4.5,-1.8773,8.301,1763.0468,1763.2022968,-0.15549680000003718,0.0091408
89,143,232,0.23275862068965517,12.568965517241379,37.75652270956944,0.16274363236883382,1239.9444904309044,0,4.0,7.0,5.0,17.0,4.958333333333333,-2.3328,8.6248,1763.8669,1763.762484,0.10441599999990103,0.0130384
90,142,232,0.22413793103448276,11.655172413793103,37.75652270956944,0.16274363236883382,1268.3379282661901,2,4.0,8.0,5.0,16.0,5.333333333333333,-3.1493,8.9578,1766.9141,1766.6878416,0.22625840000000608,0.0014152
91,141,232,0.21551724137931033,10.775862068965518,37.75652270956944,0.16274363236883382,1297.0541161336105,0,4.0,9.0,5.0,15.0,5.625,-3.3853,8.8508,1765.5137,1765.4056704,0.10802960000000894,0.007656
92,140,232,0.20689655172413793,9.931034482758621,37.75652270956944,0.16274363236883382,1326.0930741237378,2,4.0,10.0,5.0,14.0,5.833333333333333,-3.9371,8.691,1766.218,1765.9604288,0.2575712000000294,0.0018096
94,138,232,0.1896551724137931,8.344827586206897,37.75652270956944,0.16274363236883382,1385.1393790216655,2,4.0,12.0,5.0,12.0,6.0,-3.3246,8.6631,1760.8011,1760.6442648,0.15683519999993223,0.0168896
87,146,233,0.2532188841201717,14.939914163090128,37.86494067106982,0.1625104749831323,1182.429325006383,1,4.0,5.0,5.0,20.0,4.0,-1.4103,7.874,1763.1024,1763.6328734,-0.530473400000119,0.019572
88,145,233,0.2446351931330472,13.944206008583691,37.86494067106982,0.1625104749831323,1210.1375709272118,1,4.0,6.0,5.0,19.0,4.56,-1.7368,8.4335,1767.0206,1767.4365052,-0.4159051999999974,0.0085977
89,144,233,0.23605150214592274,12.982832618025752,37.86494067106982,0.1625104749831323,1238.16806322699,1,4.0,7.0,5.0,18.0,5.04,-2.1189,8.8208,1769.4744,1769.6801787,-0.20577869999988252,0.013048
90,143,233,0.22746781115879827,12.055793991416309,37.86494067106982,0.1625104749831323,1266.5208227288726,1,4.0,8.0,5.0,17.0,5.44,-2.786,9.1835,1771.5188,1771.4742321,0.04456789999994726,0.0014213
91,142,233,0.21888412017167383,11.163090128755364,37.86494067106982,0.1625104749831323,1295.1958698696603,1,4.0,9.0,5.0,16.0,5.76,-3.4727,9.399,1772.0873,1771.9341275,0.1531724999999824,0.0013281
92,141,233,0.21030042918454936,10.304721030042918,37.86494067106982,0.1625104749831323,1324.1932247111424,1,4.0,10.0,5.0,15.0,6.0,-3.904,9.2898,1771.7833,1771.7220742,0.061225800000102026,0.0022601
93,140,233,0.2017167381974249,9.48068669527897,37.86494067106982,0.1625104749831323,1353.5129069509887,1,4.0,11.0,5.0,14.0,6.16,-3.742,9.3977,1769.7758,1769.9103128,-0.13451280000003862,0.0509804
94,139,233,0.19313304721030042,8.69098712446352,37.86494067106982,0.1625104749831323,1383.1549359332075,1,4.0,12.0,5.0,13.0,6.24,-3.4077,9.3871,1767.0444,1767.0246544,0.01974560000007841,0.0541725
96,137,233,0.1759656652360515,7.214592274678112,37.86494067106982,0.1625104749831323,1443.4061097924207,1,4.0,14.0,5.0,11.0,6.16,-2.7016,8.7911,1758.0569,1758.218466,-0.16156599999999344,0.081084
88,146,234,0.24786324786324787,14.376068376068377,37.97320363853009,0.1622786480279064,1208.4112667705,2,4.0,6.0,5.0,20.0,4.615384615384615,-1.7711,8.5726,1772.4862,1772.9112726,-0.42507260000002134,0.0083772
89,145,234,0.23931623931623933,13.401709401709402,37.97320363853009,0.1622786480279064,1236.4017725790443,0,4.0,7.0,5.0,19.0,5.115384615384615,-2.0267,8.944,1773.8842,1774.2183498,-0.3341497999999774,0.0139698
90,144,234,0.23076923076923078,12.461538461538462,37.97320363853009,0.1622786480279064,1264.7140858641017,2,4.0,8.0,5.0,18.0,5.538461538461538,-2.7698,9.3422,1777.5573,1777.6642338,-0.10693379999997887,0.0025974
91,143,234,0.2222222222222222,11.555555555555555,37.97320363853009,0.1622786480279064,1293.3482270333184,0,4.0,9.0,5.0,17.0,5.884615384615385,-3.2523,9.6162,1777.1428,1777.1559858,-0.013185799999973824,0.004095
92,142,234,0.21367521367521367,10.683760683760683,37.97320363853009,0.1622786480279064,1322.304216119866,2,4.0,10.0,5.0,16.0,6.153846153846154,-4.061,9.8479,1778.8351,1778.567544,0.2675560000000132,0.0011232
93,141,234,0.20512820512820512,9.846153846153847,37.97320363853009,0.1622786480279064,1351.5820727933135,0,4.0,11.0,5.0,15.0,6.346153846153846,-3.7857,10.0206,1775.8217,1775.9753388,-0.15363879999995333,0.0084006
94,140,234,0.19658119658119658,9.042735042735043,37.97320363853009,0.1622786480279064,1381.1818163700755,2,4.0,12.0,5.0,14.0,6.461538461538462,-3.6619,10.0886,1774.8805,1774.7978274,0.08267260000002352,0.0068094
96,138,234,0.1794871794871795,7.538461538461538,37.97320363853009,0.1622786480279064,1441.3470397932565,2,4.0,14.0,5.0,12.0,6.461538461538462,-2.9013,9.6849,1766.6549,1766.8607112,-0.205811199999971,0.017082
89,146,235,0.2425531914893617,13.825531914893617,38.081312494483804,0.1620481382743992,1234.6455176971078,1,4.0,7.0,5.0,20.0,5.185185185185185,-2.0537,9.0657,1779.3597,1779.7736985,-0.4139984999999342,0.0139825
90,145,235,0.23404255319148937,12.872340425531915,38.081312494483804,0.1620481382743992,1262.9176145739323,1,4.0,8.0,5.0,19.0,5.62962962962963,-2.7662,9.4579,1781.9644,1782.330757,-0.3663569999998799,0.0130425
91,144,235,0.225531914893617,11.953191489361702,38.081312494483804,0.1620481382743992,1291.5110821924202,1,4.0,9.0,5.0,18.0,6.0,-3.1679,9.7819,1783.2094,1783.2772665,-0.06786650000003647,0.0139825
92,143,235,0.2170212765957447,11.068085106382979,38.081312494483804,0.1620481382743992,1320.4259405572861,1,4.0,10.0,5.0,17.0,6.296296296296297,-3.8766,10.105,1783.916,1783.8650485,0.0509514999998828,0.001128
93,142,235,0.20851063829787234,10.217021276595744,38.081312494483804,0.1620481382743992,1349.66220931016,1,4.0,11.0,5.0,16.0,6.518518518518518,-4.0226,10.5861,1782.9323,1782.9584185,-0.026118500000166023,0.0013865
94,141,235,0.2,9.4,38.081312494483804,0.1620481382743992,1379.2199077400176,1,4.0,12.0,5.0,15.0,6.666666666666667,-3.7823,10.7506,1780.9758,1781.0367765,-0.060976500000151646,0.0205155
95,140,235,0.19148936170212766,8.617021276595745,38.081312494483804,0.1620481382743992,1409.0990547932045,1,4.0,13.0,5.0,14.0,6.7407407407407405,-3.4296,10.6504,1777.4784,1777.812177,-0.3337770000000546,0.052781
89,147,236,0.2457627118644068,14.254237288135593,38.189268112707936,0.1618189326809659,1232.8991992168278,0,4.0,7.0,5.0,21.0,5.25,-2.0323,9.0801,1783.6281,1783.9811828,-0.35308280000003833,0.0381848
90,146,236,0.23728813559322035,13.288135593220339,38.189268112707936,0.1618189326809659,1261.131307218672,2,4.0,8.0,5.0,20.0,5.714285714285714,-2.7584,9.5907,1787.9058,1788.1646368,-0.25883679999992637,0.0139712
91,145,236,0.2288135593220339,12.35593220338983,38.189268112707936,0.1618189326809659,1289.6843314060682,0,4.0,9.0,5.0,19.0,6.107142857142857,-3.195,9.8978,1788.0748,1788.3035228,-0.2287228000000141,0.0139712
92,144,236,0.22033898305084745,11.457627118644067,38.189268112707936,0.1618189326809659,1318.5582917554364,2,4.0,10.0,5.0,18.0,6.428571428571429,-3.7688,10.2672,1790.4438,1790.4105544,0.03324560000010024,0.0011092
93,143,236,0.211864406779661,10.59322033898305,38.189268112707936,0.1618189326809659,1347.753207880624,0,4.0,11.0,5.0,17.0,6.678571428571429,-3.8157,10.8196,1788.4744,1788.6946928,-0.22029279999992468,0.0504096
94,142,236,0.2033898305084746,9.76271186440678,38.189268112707936,0.1618189326809659,1377.2690990433246,2,4.0,12.0,5.0,16.0,6.857142857142857,-4.0463,11.3502,1788.5731,1788.3889312,0.18416880000017954,0.0018172
96,140,236,0.1864406779661017,8.203389830508474,38.189268112707936,0.1618189326809659,1437.2638818269277,2,4.0,14.0,5.0,14.0,7.0,-3.0964,11.1602,1781.7026,1781.872924,-0.17032399999993686,0.0176292
90,147,237,0.24050632911392406,13.708860759493671,38.29707135834644,0.1615910183896475,1259.3550635901786,1,4.0,8.0,5.0,21.0,5.793103448275862,-2.677,9.6123,1792.1803,1792.5360621,-0.35576209999999264,0.0158316
91,146,237,0.2320675105485232,12.763713080168776,38.29707135834644,0.1615910183896475,1287.867872197328,1,4.0,9.0,5.0,20.0,6.206896551724138,-3.1846,10.0157,1794.0374,1794.1811739,-0.14377390000004198,0.013035
92,145,237,0.22362869198312235,11.852320675105485,38.29707135834644,0.1615910183896475,1316.7011649430879,1,4.0,10.0,5.0,19.0,6.551724137931035,-3.7376,10.3759,1795.3171,1795.5363162,-0.219216200000119,0.0012087
93,144,237,0.21518987341772153,10.974683544303797,38.29707135834644,0.1615910183896475,1345.8549614136805,1,4.0,11.0,5.0,18.0,6.827586206896552,-3.7594,11.0095,1795.0498,1795.2725115,-0.22271150000005946,0.0011139
94,143,237,0.20675105485232068,10.130801687763713,38.29707135834644,0.1615910183896475,1375.3292808436704,1,4.0,12.0,5.0,17.0,7.0344827586206895,-3.9072,11.5974,1794.14,1794.2700963,-0.13009629999987737,0.0017064
96,141,237,0.189873417721519,8.544303797468354,38.29707135834644,0.1615910183896475,1435.239563821383,1,4.0,14.0,5.0,15.0,7.241379310344827,-3.5064,11.9012,1788.3276,1788.5499117,-0.22231169999986378,0.0743943
98,139,237,0.1729957805907173,7.0928270042194095,38.29707135834644,0.1615910183896475,1496.4321610898414,1,4.0,16.0,5.0,13.0,7.172413793103448,-2.6846,11.0243,1777.8899,1778.2941159,-0.4042159000000538,0.0973359
91,147,238,0.23529411764705882,13.176470588235293,38.4047230880316,0.1613643827228219,1286.0616035265355,0,4.0,9.0,5.0,21.0,6.3,-3.097,10.0084,1798.7343,1798.8860862,-0.15178619999983312,0.015827
92,146,238,0.226890756302521,12.252100840336135,38.4047230880316,0.1613643827228219,1314.8544568184607,2,4.0,10.0,5.0,20.0,6.666666666666667,-3.8327,10.4889,1801.7258,1801.6900356,0.035764399999834495,0.0014994
93,145,238,0.2184873949579832,11.361344537815127,38.4047230880316,0.1613643827228219,1343.9673643202887,0,4.0,11.0,5.0,19.0,6.966666666666667,-3.7402,11.1532,1800.3804,1800.760836,-0.38043599999991784,0.0011424
94,144,238,0.21008403361344538,10.504201680672269,38.4047230880316,0.1613643827228219,1373.4003452396062,2,4.0,12.0,5.0,18.0,7.2,-3.8041,11.7886,1801.187,1801.2699418,-0.08294180000007145,0.0011424
95,143,238,0.20168067226890757,9.680672268907562,38.4047230880316,0.1613643827228219,1403.1534184428147,0,4.0,13.0,5.0,17.0,7.366666666666666,-3.7968,12.2455,1797.744,1798.2293014,-0.48530140000002575,0.058905
96,142,238,0.19327731092436976,8.890756302521009,38.4047230880316,0.1613643827228219,1433.2266024647263,2,4.0,14.0,5.0,16.0,7.466666666666667,-3.9094,12.5513,1796.4504,1796.4231908,0.0272092000000157,0.0122332
92,147,239,0.2301255230125523,12.656903765690377,38.51222415000313,0.16113901317992946,1313.0180655225433,1,4.0,10.0,5.0,21.0,6.774193548387097,-3.476,10.4608,1806.4022,1806.4964136,-0.09421360000010282,0.0015057
93,146,239,0.2217573221757322,11.753138075313808,38.51222415000313,0.16113901317992946,1342.0903124861209,1,4.0,11.0,5.0,20.0,7.096774193548387,-3.856,11.286,1806.8224,1806.975752,-0.1533520000000408,0.0013145
94,145,239,0.21338912133891214,10.882845188284518,38.51222415000313,0.16113901317992946,1371.4821858366938,1,4.0,12.0,5.0,19.0,7.354838709677419,-3.7474,11.9426,1806.5424,1806.9161693,-0.37376930000004904,0.0011233
95,144,239,0.20502092050209206,10.04602510460251,38.51222415000313,0.16113901317992946,1401.1937044143133,1,4.0,13.0,5.0,18.0,7.548387096774194,-3.7764,12.4563,1804.8383,1805.3316949,-0.4933949000001121,0.0019837
96,143,239,0.19665271966527198,9.242677824267782,38.51222415000313,0.16113901317992946,1431.224886727905,1,4.0,14.0,5.0,17.0,7.67741935483871,-3.837,12.8462,1802.5167,1802.7927501,-0.2760501000000204,0.1500681
92,148,240,0.23333333333333334,13.066666666666666,38.61957538422518,0.16091489743427165,1311.1918906130063,2,4.0,10.0,5.0,22.0,6.875,-3.4081,10.4771,1812.5596,1812.42492,0.1346800000001167,0.002544
93,147,240,0.225,12.15,38.61957538422518,0.16091489743427165,1340.2237032448993,0,4.0,11.0,5.0,21.0,7.21875,-3.7763,11.2823,1811.9539,1812.041832,-0.08793200000013712,0.01704
94,146,240,0.21666666666666667,11.266666666666667,38.61957538422518,0.16091489743427165,1369.574697720256,2,4.0,12.0,5.0,20.0,7.5,-3.9647,12.1011,1813.4526,1813.450392,0.002208000000109678,0.001104
95,145,240,0.20833333333333334,10.416666666666666,38.61957538422518,0.16091489743427165,1399.2448928529243,0,4.0,13.0,5.0,19.0,7.71875,-3.8568,12.6289,1810.6573,1811.283264,-0.6259639999998399,0.013824
96,144,240,0.2,9.6,38.61957538422518,0.16091489743427165,1429.2343071260868,2,4.0,14.0,5.0,18.0,7.875,-3.8749,13.0688,1810.0811,1810.286808,-0.2057079999999587,0.001896
98,142,240,0.18333333333333332,8.066666666666666,38.61957538422518,0.16091489743427165,1490.1708654281508,2,4.0,16.0,5.0,16.0,8.0,-3.8068,13.1718,1802.3407,1802.4576,-0.1168999999999869,0.018024
93,148,241,0.22821576763485477,12.551867219917012,38.726777622501196,0.16069202332988053,1338.3674353523231,1,4.0,11.0,5.0,22.0,7.333333333333333,-3.6109,11.2821,1818.1171,1818.1142666,0.0028333999998721993,0.100015
94,147,241,0.21991701244813278,11.655601659751037,38.726777622501196,0.16069202332988053,1367.6777774287345,1,4.0,12.0,5.0,21.0,7.636363636363637,-3.9499,12.1261,1818.6075,1818.6919195,-0.08441949999996723,0.0011086
95,146,241,0.21161825726141079,10.792531120331951,38.726777622501196,0.16069202332988053,1397.3068780557187,1,4.0,13.0,5.0,20.0,7.878787878787879,-3.9955,12.7819,1817.5948,1817.9303595,-0.3355594999998175,0.0011086
96,145,241,0.2033195020746888,9.962655601659751,38.726777622501196,0.16069202332988053,1427.2547556908578,1,4.0,14.0,5.0,19.0,8.06060606060606,-3.974,13.2504,1815.917,1816.3805608,-0.4635608000000957,0.0016147
93,149,242,0.23140495867768596,12.958677685950413,38.833831688586685,0.16047037887845741,1336.5214089605697,0,4.0,11.0,5.0,23.0,7.4411764705882355,-3.4668,11.2999,1822.9237,1823.0838164,-0.16011639999987892,0.200013
94,148,242,0.2231404958677686,12.049586776859504,38.833831688586685,0.16047037887845741,1365.791322927633,2,4.0,12.0,5.0,22.0,7.764705882352941,-3.9202,12.1353,1825.2184,1825.0014728,0.21692719999987276,0.0012584
95,147,242,0.21487603305785125,11.173553719008265,38.833831688586685,0.16047037887845741,1395.3795557777446,0,4.0,13.0,5.0,21.0,8.029411764705882,-4.0056,12.8267,1823.2198,1823.4679914,-0.24819139999999607,0.0011132
96,146,242,0.2066115702479339,10.330578512396695,38.833831688586685,0.16047037887845741,1425.286125943028,2,4.0,14.0,5.0,20.0,8.235294117647058,-4.1787,13.424,1823.3145,1823.349968,-0.035468000000037136,0.0011374
98,144,242,0.19008264462809918,8.743801652892563,38.833831688586685,0.16047037887845741,1486.0543503535469,2,4.0,16.0,5.0,18.0,8.470588235294118,-3.8777,13.7654,1816.9427,1817.2019822,-0.259282199999916,0.0128986
94,149,243,0.22633744855967078,12.448559670781894,38.94073839830002,0.16024995225637872,1363.9152335840333,1,4.0,12.0,5.0,23.0,7.885714285714286,-3.7563,12.1613,1830.0259,1830.0351141,-0.00921410000000833,0.0025515
95,148,243,0.21810699588477367,11.559670781893004,38.94073839830002,0.16024995225637872,1393.4628232059924,1,4.0,13.0,5.0,22.0,8.17142857142857,-4.0745,12.8778,1829.8842,1829.8323306,0.051869399999986854,0.0013851
96,147,243,0.20987654320987653,10.703703703703704,38.94073839830002,0.16024995225637872,1423.3283128660414,1,4.0,14.0,5.0,21.0,8.4,-4.2643,13.5024,1828.9818,1829.0430423,-0.061242300000003524,0.0015066
97,146,243,0.20164609053497942,9.880658436213992,38.94073839830002,0.16024995225637872,1453.5117206508473,1,4.0,15.0,5.0,20.0,8.571428571428571,-4.122,13.8363,1826.4486,1826.7530103,-0.30441029999997227,0.0045198
94,150,244,0.22950819672131148,12.852459016393443,39.04749855963123,0.16003073180176738,1362.0494101416693,2,4.0,12.0,5.0,24.0,8.0,-3.6686,12.1951,1836.2682,1836.0549576,0.21324239999989913,0.0023424
95,149,244,0.22131147540983606,11.950819672131148,39.04749855963123,0.16003073180176738,1391.5565789339287,0,4.0,13.0,5.0,23.0,8.305555555555555,-3.9484,12.9451,1835.16,1835.199518,-0.03951799999981631,0.0014884
96,148,244,0.21311475409836064,11.081967213114755,39.04749855963123,0.16003073180176738,1421.3812128799616,2,4.0,14.0,5.0,22.0,8.555555555555555,-4.3763,13.5774,1836.1234,1835.8444588,0.2789411999999629,0.001098
97,147,244,0.20491803278688525,10.245901639344263,39.04749855963123,0.16003073180176738,1451.5233300416933,0,4.0,15.0,5.0,21.0,8.75,-4.2223,13.9248,1832.5679,1832.8001196,-0.23221960000000763,0.014396
98,146,244,0.19672131147540983,9.442622950819672,39.04749855963123,0.16003073180176738,1481.982948170155,2,4.0,16.0,5.0,20.0,8.88888888888889,-4.2507,14.1536,1831.1321,1831.2535012,-0.12140120000003662,0.0026108
94,151,245,0.23265306122448978,13.261224489795918,39.15411297284888,0.15981270601162811,1360.193754696547,1,4.0,12.0,5.0,25.0,8.108108108108109,-3.2418,12.0447,1840.7523,1840.754139,-0.001838999999790758,0.013622
95,150,245,0.22448979591836735,12.346938775510203,39.15411297284888,0.15981270601162811,1389.6607229365857,1,4.0,13.0,5.0,24.0,8.432432432432432,-3.8215,13.0233,1841.4575,1841.2495535,0.20794649999993453,0.0018865
96,149,245,0.2163265306122449,11.465306122448979,39.15411297284888,0.15981270601162811,1419.444723816029,1,4.0,14.0,5.0,23.0,8.702702702702704,-4.3058,13.6892,1841.4397,1841.3630865,0.07661349999989397,0.0011515
97,148,245,0.20816326530612245,10.616326530612245,39.15411297284888,0.15981270601162811,1449.5457753721944,1,4.0,15.0,5.0,22.0,8.91891891891892,-4.4232,14.015,1839.7491,1839.771493,-0.02239299999996547,0.0017885
98,147,245,0.2,9.8,39.15411297284888,0.15981270601162811,1479.9638953319293,1,4.0,16.0,5.0,21.0,9.08108108108108,-4.3815,14.2533,1837.2697,1837.417778,-0.1480779999999413,0.0024255
94,152,246,0.23577235772357724,13.674796747967479,39.260582430605055,0.15959586353904498,1358.3481706730897,2,4.0,12.0,5.0,26.0,8.210526315789474,-3.1708,11.7896,1846.6191,1846.6088646,0.010235399999828587,0.0149814
96,150,246,0.21951219512195122,11.853658536585366,39.260582430605055,0.15959586353904498,1417.5187448917688,2,4.0,14.0,5.0,24.0,8.842105263157896,-4.3508,13.8091,1848.2072,1847.8220136,0.385186400000066,0.0015252
97,149,246,0.21138211382113822,10.991869918699187,39.260582430605055,0.15959586353904498,1447.578953722661,0,4.0,15.0,5.0,23.0,9.078947368421053,-4.3652,14.1479,1845.5231,1845.689661,-0.16656099999977414,0.060024
98,148,246,0.2032520325203252,10.16260162601626,39.260582430605055,0.15959586353904498,1477.9558007416645,2,4.0,16.0,5.0,22.0,9.263157894736842,-4.6026,14.3492,1844.9124,1844.784012,0.12838799999985895,0.0015252
99,147,246,0.1951219512195122,9.365853658536585,39.260582430605055,0.15959586353904498,1508.6493033499762,0,4.0,17.0,5.0,21.0,9.394736842105264,-4.3892,14.4103,1839.8899,1840.2730854,-0.3831854000000021,0.089913
100,146,246,0.18699186991869918,8.601626016260163,39.260582430605055,0.15959586353904498,1539.6594786553346,2,4.0,18.0,5.0,20.0,9.473684210526315,-4.3886,14.3291,1837.0286,1837.1183568,-0.08975679999980457,0.0136776
96,151,247,0.22267206477732793,12.246963562753036,39.36690771803848,0.15938019319043925,1415.6031766866372,1,4.0,14.0,5.0,25.0,8.974358974358974,-4.2187,13.6831,1853.1357,1852.9771546,0.15854540000009365,0.0038038
97,150,247,0.2145748987854251,11.37246963562753,39.36690771803848,0.15938019319043925,1445.6227635642156,1,4.0,15.0,5.0,24.0,9.23076923076923,-4.4837,14.2906,1852.3429,1852.2383776,0.1045224000001781,0.005187
98,149,247,0.20647773279352227,10.530364372469636,39.36690771803848,0.15938019319043925,1475.9585607399408,1,4.0,16.0,5.0,23.0,9.435897435897436,-4.6039,14.4956,1850.7125,1850.8361586,-0.12365859999999884,0.014326
99,148,247,0.19838056680161945,9.720647773279353,39.36690771803848,0.15938019319043925,1506.6105855914943,1,4.0,17.0,5.0,22.0,9.58974358974359,-4.666,14.5164,1847.5743,1847.5848235,-0.01052350000009028,0.0194389
96,152,248,0.22580645161290322,12.64516129032258,39.47308961287589,0.15916568392288669,1413.6979211181908,2,4.0,14.0,5.0,26.0,9.1,-4.1419,13.4417,1859.4608,1859.1888168,0.2719832000000224,0.002356
97,151,248,0.21774193548387097,11.758064516129032,39.47308961287589,0.15916568392288669,1443.677104734458,0,4.0,15.0,5.0,25.0,9.375,-4.3647,14.1932,1857.7064,1857.66818,0.03822000000013759,0.0500464
98,150,248,0.20967741935483872,10.903225806451612,39.47308961287589,0.15916568392288669,1473.9720730624917,2,4.0,16.0,5.0,24.0,9.6,-4.7547,14.6642,1857.9886,1857.778912,0.2096879999999146,0.0051336
100,148,248,0.1935483870967742,9.290322580645162,39.47308961287589,0.15916568392288669,1535.509432978365,2,4.0,18.0,5.0,22.0,9.9,-4.8976,14.5604,1851.7759,1851.5543848,0.2215152000001126,0.0085064
96,153,249,0.2289156626506024,13.048192771084338,39.57912888553151,0.15895232484149208,1411.8028814187705,1,4.0,14.0,5.0,27.0,9.21951219512195,-3.7236,13.2454,1863.9703,1863.902199,0.06810099999984232,0.0023655
97,152,249,0.22088353413654618,12.14859437751004,39.57912888553151,0.15895232484149208,1441.7418784136526,1,4.0,15.0,5.0,26.0,9.512195121951219,-4.3349,13.9392,1864.0354,1864.024209,0.011191000000053464,0.001245
98,151,249,0.21285140562248997,11.281124497991968,39.57912888553151,0.15895232484149208,1471.9962368158904,1,4.0,16.0,5.0,25.0,9.75609756097561,-4.6443,14.559,1863.3684,1863.3654546,0.002945400000044174,0.0011952
100,149,249,0.19678714859437751,9.642570281124499,39.57912888553151,0.15895232484149208,1533.4511068742802,1,4.0,18.0,5.0,23.0,10.097560975609756,-5.0354,14.7443,1858.0654,1858.0043601,0.06103989999996884,0.0062001
101,148,249,0.18875502008032127,8.8714859437751,39.57912888553151,0.15895232484149208,1564.6516523234734,1,4.0,19.0,5.0,22.0,10.195121951219512,-4.655,14.4695,1853.2646,1853.5602081,-0.2956080999999813,0.1644147
96,154,250,0.232,13.456,39.68502629920498,0.15874010519681997,1409.9179621126796,2,4.0,14.0,5.0,28.0,9.333333333333334,-3.4189,12.9771,1869.8932,1869.734625,0.15857499999992797,0.010275
97,153,250,0.224,12.544,39.68502629920498,0.15874010519681997,1439.8169871014243,0,4.0,15.0,5.0,27.0,9.642857142857142,-3.9288,13.7263,1868.9736,1868.98985,-0.016249999999899956,0.0029
98,152,250,0.216,11.664,39.68502629920498,0.15874010519681997,1470.0309524537568,2,4.0,16.0,5.0,26.0,9.904761904761905,-4.697,14.329,1870.1481,1869.989175,0.15892500000018117,0.00155
100,150,250,0.2,10.0,39.68502629920498,0.15874010519681997,1531.4037731888657,2,4.0,18.0,5.0,24.0,10.285714285714286,-5.2084,14.9454,1865.8588,1865.522625,0.33617499999991196,0.0079
101,149,250,0.192,9.216,39.68502629920498,0.15874010519681997,1562.562662319566,0,4.0,19.0,5.0,23.0,10.404761904761905,-4.7888,14.6761,1860.0054,1860.413325,-0.40792499999997744,0.090925
96,155,251,0.2350597609561753,13.868525896414342,39.7907826099774,0.15852901438238012,1408.0430689938505,1,4.0,14.0,5.0,29.0,9.44186046511628,-3.0892,12.5631,1874.1185,1874.1475483,-0.029048299999885785,0.0226904
97,154,251,0.22709163346613545,12.944223107569721,39.7907826099774,0.15852901438238012,1437.9023345939515,1,4.0,15.0,5.0,28.0,9.767441860465116,-3.6288,13.4471,1874.8944,1874.7851887,0.10921129999996992,0.0107428
98,153,251,0.21912350597609562,12.05179282868526,39.7907826099774,0.15852901438238012,1468.0761217534716,1,4.0,16.0,5.0,27.0,10.046511627906977,-4.2337,14.1125,1875.0692,1875.0958514,-0.026651399999991554,0.0038905
99,152,251,0.21115537848605578,11.191235059760956,39.7907826099774,0.15852901438238012,1498.564447757286,1,4.0,17.0,5.0,26.0,10.279069767441861,-4.9073,14.5743,1873.8234,1873.9369342,-0.1135342000000037,0.0052961
100,151,251,0.20318725099601595,10.362549800796813,39.7907826099774,0.15852901438238012,1529.367329598773,1,4.0,18.0,5.0,25.0,10.465116279069768,-5.2378,14.8959,1871.7367,1871.7073263,0.029373699999950986,0.0142819
101,150,251,0.1952191235059761,9.565737051792828,39.7907826099774,0.15852901438238012,1560.484783987601,1,4.0,19.0,5.0,24.0,10.604651162790697,-4.9769,14.911,1867.8423,1867.9170255,-0.07472549999988587,0.0189254
98,154,252,0.2222222222222222,12.444444444444445,39.896398566905845,0.15831904193216612,1466.1316477933817,2,4.0,16.0,5.0,28.0,10.181818181818182,-3.964,13.8075,1881.4153,1881.2675448,0.14775519999989228,0.0023688
99,153,252,0.21428571428571427,11.571428571428571,39.896398566905845,0.15831904193216612,1496.5795918611896,0,4.0,17.0,5.0,27.0,10.431818181818182,-4.5142,14.3459,1879.1744,1879.2251856,-0.05078559999992649,0.0500472
100,152,252,0.20634920634920634,10.73015873015873,39.896398566905845,0.15831904193216612,1527.3416751359343,2,4.0,18.0,5.0,26.0,10.636363636363637,-5.3044,14.7107,1879.0148,1878.9208452,0.0939547999998922,0.0052164
101,151,252,0.1984126984126984,9.920634920634921,39.896398566905845,0.15831904193216612,1558.4179143051515,0,4.0,19.0,5.0,25.0,10.795454545454545,-4.8454,14.9124,1874.1865,1874.4879888,-0.30148880000001554,0.0912744
102,150,252,0.19047619047619047,9.142857142857142,39.896398566905845,0.15831904193216612,1589.808325780535,2,4.0,20.0,5.0,24.0,10.909090909090908,-4.5741,14.822,1871.3851,1871.3013984,0.08370160000004034,0.0092988
98,155,253,0.22529644268774704,12.84189723320158,40.001874912116236,0.15811017751824602,1464.1974349304887,1,4.0,16.0,5.0,29.0,10.311111111111112,-3.6553,13.3855,1886.0406,1886.0719141,-0.031314099999917744,0.0042504
99,154,253,0.21739130434782608,11.956521739130435,40.001874912116236,0.15811017751824602,1494.605210160012,1,4.0,17.0,5.0,28.0,10.577777777777778,-4.2415,14.0363,1885.5255,1885.5806387,-0.05513870000004317,0.0012397
100,153,253,0.20948616600790515,11.102766798418973,40.001874912116236,0.15811017751824602,1525.326710164319,1,4.0,18.0,5.0,27.0,10.8,-4.908,14.4824,1884.3702,1884.4632136,-0.09301359999994929,0.0015433
102,151,253,0.19367588932806323,9.4901185770751,40.001874912116236,0.15811017751824602,1587.7109508838898,1,4.0,20.0,5.0,25.0,11.11111111111111,-4.6621,14.8533,1877.7517,1877.8853907,-0.13369069999998828,0.0069069
103,150,253,0.1857707509881423,8.731225296442688,40.001874912116236,0.15811017751824602,1619.3737241109766,1,4.0,21.0,5.0,24.0,11.2,-4.5668,14.663,1872.566,1872.938254,-0.3722539999998844,0.1645259
98,156,254,0.2283464566929134,13.244094488188976,40.10721238089454,0.15790241094840374,1462.2733887786067,2,4.0,16.0,5.0,28.0,10.181818181818182,-3.4298,12.8921,1892.1039,1892.1033786,0.0005214000000250962,0.0114554
99,155,254,0.2204724409448819,12.346456692913385,40.10721238089454,0.15790241094840374,1492.6412063073976,0,4.0,17.0,5.0,29.0,10.717391304347826,-3.9462,13.5955,1890.5684,1890.6682786,-0.09987859999978355,0.0029464
100,154,254,0.2125984251968504,11.48031496062992,40.10721238089454,0.15790241094840374,1523.3223363571801,2,4.0,18.0,5.0,28.0,10.956521739130435,-4.6493,14.1696,1891.1577,1890.9775744,0.18012559999988298,0.0018542
102,152,254,0.1968503937007874,9.84251968503937,40.10721238089454,0.15790241094840374,1585.6246003190877,2,4.0,20.0,5.0,26.0,11.304347826086957,-4.8773,14.7531,1885.5465,1885.5920886,-0.04558859999997367,0.009652
103,151,254,0.1889763779527559,9.070866141732283,40.10721238089454,0.15790241094840374,1617.2457667003132,0,4.0,21.0,5.0,25.0,11.41304347826087,-4.7046,14.728,1879.3822,1879.8871724,-0.5049724000000424,0.091313
99,156,255,0.2235294117647059,12.741176470588234,40.212411701776524,0.15769573216382957,1490.687485218074,1,4.0,17.0,5.0,28.0,10.577777777777778,-3.7774,13.1165,1896.6492,1896.644508,0.00469199999997727,0.010812
100,155,255,0.21568627450980393,11.862745098039216,40.212411701776524,0.15769573216382957,1521.3284566747736,1,4.0,18.0,5.0,29.0,11.106382978723405,-4.3613,13.729,1896.2036,1896.15093,0.052670000000034634,0.003927
101,154,255,0.20784313725490197,11.015686274509804,40.212411701776524,0.15769573216382957,1552.2823471789095,1,4.0,19.0,5.0,28.0,11.319148936170214,-4.4713,14.2908,1894.1849,1894.3269915,-0.14209150000010595,0.005559
102,153,255,0.2,10.2,40.212411701776524,0.15769573216382957,1583.549173077562,1,4.0,20.0,5.0,27.0,11.48936170212766,-4.6225,14.5798,1891.411,1891.5747765,-0.16377650000003996,0.0140505
103,152,255,0.19215686274509805,9.415686274509804,40.212411701776524,0.15769573216382957,1615.1289504502524,1,4.0,21.0,5.0,26.0,11.617021276595745,-4.9205,14.6553,1887.2141,1887.6570585,-0.44295850000003156,0.017697
100,156,256,0.21875,12.25,40.317473596635935,0.15749013123685915,1519.344975342547,2,4.0,18.0,5.0,28.0,10.956521739130435,-4.2194,13.2438,1902.7103,1902.5379328,0.17236720000005334,0.0030208
102,154,256,0.203125,10.5625,40.317473596635935,0.15749013123685915,1581.484569467683,2,4.0,20.0,5.0,28.0,11.666666666666666,-4.4807,14.3242,1898.7317,1898.6349824,0.09671760000014729,0.007552
103,153,256,0.1953125,9.765625,40.317473596635935,0.15749013123685915,1613.0231736810733,0,4.0,21.0,5.0,27.0,11.8125,-4.7003,14.4767,1893.5074,1893.929088,-0.42168800000013107,0.0828928
104,152,256,0.1875,9.0,40.317473596635935,0.15749013123685915,1644.874337146139,2,4.0,22.0,5.0,26.0,11.916666666666666,-5.1915,14.5309,1890.5122,1890.6713344,-0.1591344000000845,0.0178432
100,157,257,0.22178988326848248,12.642023346303501,40.42239878077115,0.15728559836875938,1517.3717978297768,1,4.0,18.0,5.0,27.0,10.8,-3.989,12.7039,1907.5747,1907.5039094,0.07079059999978199,0.0043433
101,156,257,0.2140077821011673,11.770428015564203,40.42239878077115,0.15728559836875938,1548.2451837038227,1,4.0,19.0,5.0,28.0,11.319148936170214,-4.0708,13.376,1906.1949,1906.3192165,-0.12431650000007721,0.0015677
102,155,257,0.20622568093385213,10.929961089494164,40.42239878077115,0.15728559836875938,1579.4306910925213,1,4.0,20.0,5.0,29.0,11.83673469387755,-4.2743,13.8958,1904.2292,1904.2822859,-0.053085900000041875,0.0061937
104,153,257,0.19066147859922178,9.342412451361868,40.42239878077115,0.15728559836875938,1642.7381343047414,1,4.0,22.0,5.0,27.0,12.122448979591837,-4.9273,14.3434,1896.8066,1897.0982621,-0.2916621000001669,0.0108197
105,152,257,0.1828793774319066,8.59533073929961,40.42239878077115,0.15728559836875938,1674.8601014305127,1,4.0,21.0,5.0,26.0,11.617021276595745,-5.3084,14.2947,1891.4247,1892.0280119,-0.6033118999998806,0.1646342
101,157,258,0.21705426356589147,12.155038759689923,40.527187962990446,0.1570821238875599,1546.242276960987,0,4.0,19.0,5.0,27.0,11.152173913043478,-3.9333,12.8698,1911.5188,1911.692667,-0.1738669999999729,0.003483
104,154,258,0.1937984496124031,9.689922480620154,40.527187962990446,0.1570821238875599,1640.612985574719,2,4.0,22.0,5.0,28.0,12.32,-4.7372,14.0854,1904.5864,1904.6916306,-0.10523060000014084,0.0160992
105,153,258,0.18604651162790697,8.930232558139535,40.527187962990446,0.1570821238875599,1672.6933977160297,0,4.0,21.0,5.0,27.0,11.8125,-5.1365,14.1145,1898.1519,1898.7459174,-0.5940173999999843,0.091848
102,157,259,0.21235521235521235,11.67953667953668,40.63184184569578,0.1568796982459297,1575.354722801945,1,4.0,20.0,5.0,27.0,11.48936170212766,-4.097,12.9586,1916.5697,1916.5925926,-0.022892599999977392,0.0063714
105,154,259,0.1891891891891892,9.27027027027027,40.63184184569578,0.1568796982459297,1670.537862599089,1,4.0,21.0,5.0,28.0,12.0,-5.0059,13.8733,1905.969,1906.3339134,-0.36491339999997763,0.0566951
106,154,260,0.18461538461538463,8.861538461538462,40.73636112496519,0.15667831201909693,1700.7023173475714,2,4.0,20.0,5.0,28.0,11.666666666666666,-5.3596,13.6011,1908.9249,1909.066432,-0.14153200000009747,0.02054
104,157,261,0.20306513409961685,10.762452107279694,40.84074649063382,0.1564779559028116,1634.3028732798527,1,4.0,22.0,5.0,27.0,12.122448979591837,-4.5245,12.7466,1923.8086,1923.9316938,-0.12309379999987868,0.0656676
106,155,261,0.18773946360153257,9.199233716475096,40.84074649063382,0.1564779559028116,1698.5275038276268,1,4.0,20.0,5.0,29.0,11.83673469387755,-5.2281,13.1796,1915.3059,1915.680231,-0.37433099999998376,0.0185049
107,154,261,0.18007662835249041,8.46360153256705,40.84074649063382,0.1564779559028116,1731.105705718303,1,4.0,19.0,5.0,28.0,11.319148936170214,-5.3441,13.0847,1909.3159,1909.8234693,-0.5075692999998864,0.1798029
106,156,262,0.19083969465648856,9.541984732824428,40.94499862637359,0.15627862071134963,1696.3637721810478,2,4.0,20.0,5.0,28.0,11.666666666666666,-5.2312,12.746,1923.2365,1923.3874832,-0.15098319999992782,0.0221652
107,155,262,0.183206106870229,8.793893129770993,40.94499862637359,0.15627862071134963,1728.900473132669,0,4.0,19.0,5.0,29.0,11.479166666666666,-5.2418,12.6707,1916.12,1916.7220722,-0.602072200000066,0.0930624
108,156,264,0.18181818181818182,8.727272727272727,41.15310591240709,0.155882976940936,1757.2872501380243,2,4.0,18.0,5.0,28.0,10.956521739130435,-5.435,11.6421,1926.4196,1926.7713168,-0.35171680000007655,0.0288816
108,157,265,0.18490566037735848,9.060377358490566,41.256962399927446,0.155686650565764,1755.074039672546,1,4.0,18.0,5.0,27.0,10.8,-5.4977,11.1969,1933.0878,1933.505561,-0.41776099999992766,0.023956
108,158,266,0.18796992481203006,9.398496240601503,41.360688332122564,0.1554913095192578,1752.871936933746,2,4.0,18.0,5.0,26.0,10.636363636363637,-5.6752,10.7473,1941.3209,1941.3374526,-0.016552600000068196,0.0271054
109,157,266,0.18045112781954886,8.661654135338345,41.360688332122564,0.1554913095192578,1785.8620412311113,0,4.0,17.0,5.0,27.0,10.431818181818182,-5.1411,10.1914,1933.1605,1934.0221068,-0.8616068000001178,0.0964782
110,159,269,0.1821561338289963,8.925650557620818,41.67108930832694,0.15491111267036042,1812.3728497523023,1,4.0,16.0,5.0,25.0,9.75609756097561,-5.2183,8.3395,1950.1299,1950.2917219,-0.16182190000017727,0.0313923
110,160,270,0.18518518518518517,9.25925925925926,41.774299502515,0.15471962778709264,1810.1325843666227,2,4.0,16.0,5.0,24.0,9.6,-5.7811,7.8976,1958.6971,1958.516118,0.18098200000008546,0.039285
