Z,N,A,I,I2A,A23,Am13,Ec,Npair,Zm,vp,Nm,vn,Casten,Esh,Edef,Eth,Eexp,residual,uncertainty
8,8,16,0.0,0.0,6.349604207872797,0.3968502629920499,20.572717633507864,2,1.0,0.0,1.0,0.0,0.0,-1.5467,0.0173,122.03835055,127.6193152,-5.580964649999999,3.2e-06
8,9,17,0.0588235294117647,0.0588235294117647,6.611489018457944,0.3889111187328203,20.161152395109404,1,1.0,0.0,1.0,1.0,0.0,0.1642,0.1355,128.4530515,131.7623947,-3.3093432000000007,3.4e-06
9,8,17,-0.0588235294117647,0.0588235294117647,6.611489018457944,0.3889111187328203,25.968461366859326,1,1.0,1.0,1.0,0.0,0.0,-0.4663,0.1327,125.02247102,128.2195828,-3.1971117800000144,0.0002482
8,10,18,0.1111111111111111,0.2222222222222222,6.868285455319991,0.3815714141844439,19.78066211132158,2,1.0,0.0,1.0,2.0,0.0,0.4714,0.4119,138.1899074,139.8077658,-1.6178583999999887,3.6e-06
9,9,18,0.0,0.0,6.868285455319991,0.3815714141844439,25.47837295120872,0,1.0,1.0,1.0,1.0,0.5,1.4888,0.3366,136.9502044,137.3694894,-0.4192850000000021,0.0004626
10,8,18,-0.1111111111111111,0.2222222222222222,6.868285455319991,0.3815714141844439,31.90940416347387,2,1.0,2.0,1.0,0.0,0.0,-0.5489,0.4425,130.99435765,132.1426386,-1.148280949999986,0.0003636
8,11,19,0.1578947368421052,0.4736842105263157,7.1203673589019925,0.3747561767843155,19.427360204498918,1,1.0,0.0,1.0,3.0,0.0,0.1255,0.5885,142.49031242,143.7634088,-1.2730963799999984,0.0026372
9,10,19,0.0526315789473684,0.0526315789473684,7.1203673589019925,0.3747561767843155,25.02330437485157,1,1.0,1.0,1.0,2.0,0.6666666666666666,1.8489,0.8328,147.2791114,147.8013648,-0.5222533999999825,3.8e-06
10,9,19,-0.0526315789473684,0.0526315789473684,7.1203673589019925,0.3747561767843155,31.33947110091588,1,1.0,2.0,1.0,1.0,0.6666666666666666,1.2385,0.8907,143.51748615,143.7795189,-0.262032750000003,0.0001596
11,8,19,-0.1578947368421052,0.4736842105263157,7.1203673589019925,0.3747561767843155,38.3778530836576,1,1.0,3.0,1.0,0.0,0.0,-1.1736,0.6581,131.14659878,131.8198416,-0.6732428199999845,0.0105355
8,12,20,0.2,0.8,7.368062997280773,0.3684031498640386,19.098019288951768,2,1.0,0.0,1.0,4.0,0.0,-1.1436,0.6519,150.04256328,151.371414,-1.3288507199999913,0.000884
9,11,20,0.1,0.2,7.368062997280773,0.3684031498640386,24.59909862141523,0,1.0,1.0,1.0,3.0,0.75,1.7658,1.1406,153.93802149,154.402702,-0.4646805099999938,3e-05
10,10,20,0.0,0.0,7.368062997280773,0.3684031498640386,30.808190988924707,2,1.0,2.0,1.0,2.0,1.0,1.571,1.2544,159.05956203,160.644824,-1.5852619700000048,4e-06
11,9,20,-0.1,0.2,7.368062997280773,0.3684031498640386,37.72725531132728,0,1.0,3.0,1.0,1.0,0.75,0.7021,1.2831,146.0344547,145.970056,0.0643986999999981,0.001108
12,8,20,-0.2,0.8,7.368062997280773,0.3684031498640386,45.357947672869614,2,1.0,4.0,1.0,0.0,0.0,-2.6766,0.7562,134.23349494,134.560504,-0.3270090599999946,0.001862
8,13,21,0.238095238095238,1.1904761904761905,7.611662611020244,0.3624601243342974,18.78993284548998,1,1.0,0.0,1.0,5.0,0.0,-2.484,0.2423,152.61317844,155.1768687,-2.563690259999987,0.0119994
9,12,21,0.1428571428571428,0.4285714285714285,7.611662611020244,0.3624601243342974,24.20226957375468,1,1.0,1.0,1.0,4.0,0.8,0.8153,1.245,162.02867313,162.5041614,-0.4754882699999996,0.0017997
10,11,21,0.0476190476190476,0.0476190476190476,7.611662611020244,0.3624601243342974,30.31119777472473,1,1.0,2.0,1.0,3.0,1.2,1.617,1.7789,166.27536904,167.4059856,-1.1306165600000213,3.78e-05
11,10,21,-0.0476190476190476,0.0476190476190476,7.611662611020244,0.3624601243342974,37.11864476723983,1,1.0,3.0,1.0,2.0,1.2,1.0286,1.8945,162.13633281,163.0767201,-0.9403872899999896,4.2e-05
12,9,21,-0.1428571428571428,0.4285714285714285,7.611662611020244,0.3624601243342974,44.62623991983869,1,1.0,4.0,1.0,1.0,0.8,-0.5092,1.4624,149.66846759,149.2056657,0.4628018900000086,0.0007539
8,14,22,0.2727272727272727,1.6363636363636365,7.851424410539689,0.3568829277518041,18.50081097465353,2,1.0,0.0,1.0,6.0,0.0,-5.1638,0.0125,158.37813199,162.0271884,-3.649056409999986,0.0569206
9,13,22,0.1818181818181818,0.7272727272727273,7.851424410539689,0.3568829277518041,23.829867739475016,0,1.0,1.0,1.0,5.0,0.8333333333333334,0.2156,0.7247,166.78988236,167.7344988,-0.9446164400000044,0.0123992
10,12,22,0.0909090909090909,0.1818181818181818,7.851424410539689,0.3568829277518041,29.84479748048283,2,1.0,2.0,1.0,4.0,1.3333333333333333,0.9044,1.9078,176.63284186,177.7702432,-1.1374013399999967,1.76e-05
11,11,22,0.0,0.0,7.851424410539689,0.3568829277518041,36.54749786074123,0,1.0,3.0,1.0,3.0,1.5,1.4875,1.8497,174.18307522,174.1445728,0.0385024200000145,0.000132
12,10,22,-0.0909090909090909,0.1818181818181818,7.851424410539689,0.3568829277518041,43.93957317759341,2,1.0,4.0,1.0,2.0,1.3333333333333333,-0.3211,2.1868,168.04261119,168.580819,-0.5382078099999887,0.0001584
8,15,23,0.3043478260869565,2.130434782608696,8.087579399090064,0.3516338869169593,18.22870069777517,1,1.0,0.0,1.0,5.0,0.0,-6.6812,0.0036,159.51922388,164.7601688,-5.240944920000004,0.1217114
9,14,23,0.217391304347826,1.0869565217391304,8.087579399090064,0.3516338869169593,23.47937759515395,1,1.0,1.0,1.0,6.0,0.8571428571428571,-1.5336,0.2793,173.03821931,175.3139281,-2.27570879000001,0.0333201
10,13,23,0.1304347826086956,0.391304347826087,8.087579399090064,0.3516338869169593,29.405839636044625,1,1.0,2.0,1.0,5.0,1.4285714285714286,0.8368,1.3465,181.90227096,182.9708903,-1.068619339999998,0.0001035
11,12,23,0.0434782608695652,0.0434782608695652,8.087579399090064,0.3516338869169593,36.00995657264731,1,1.0,3.0,1.0,4.0,1.7142857142857142,1.1952,1.9936,185.06469593,186.5643528,-1.4996568699999957,4.6e-06
12,11,23,-0.0434782608695652,0.0434782608695652,8.087579399090064,0.3516338869169593,43.29330910626961,1,1.0,4.0,1.0,3.0,1.7142857142857142,0.3395,2.1454,180.6160598,181.7258267,-1.109766900000011,3.22e-05
13,10,23,-0.1304347826086956,0.391304347826087,8.087579399090064,0.3516338869169593,51.25725440678919,1,1.0,5.0,1.0,2.0,1.4285714285714286,-0.6602,1.6422,168.50118423,168.7217325,-0.2205482699999947,0.000345
8,16,24,0.3333333333333333,2.6666666666666665,8.320335292207616,0.3466806371753174,17.971924231168455,2,1.0,0.0,1.0,4.0,0.0,-8.9953,0.007,163.80161426,168.952452,-5.150837739999986,0.1648752
9,15,24,0.25,1.5,8.320335292207616,0.3466806371753174,23.14863808074937,0,1.0,1.0,1.0,5.0,0.8333333333333334,-2.3762,0.2169,176.21863969,179.1259944,-2.907354709999993,0.0976704
10,14,24,0.1666666666666666,0.6666666666666666,8.320335292207616,0.3466806371753174,28.991617705225995,2,1.0,2.0,1.0,6.0,1.5,-0.2903,0.7804,190.26366934,191.8398048,-1.576135459999989,0.0005136
11,13,24,0.0833333333333333,0.1666666666666666,8.320335292207616,0.3466806371753174,35.50270651875211,0,1.0,3.0,1.0,5.0,1.875,1.3825,1.4119,192.41947988,193.5237168,-1.1042369199999769,1.68e-05
12,12,24,0.0,0.0,8.320335292207616,0.3466806371753174,42.68346295627071,2,1.0,4.0,1.0,4.0,2.0,0.7951,1.6757,196.09536697,198.2570472,-2.1616802300000018,1.44e-05
13,11,24,-0.0833333333333333,0.1666666666666666,8.320335292207616,0.3466806371753174,50.53522507004423,0,1.0,5.0,1.0,3.0,1.875,0.2749,1.6375,183.16480964,183.5899344,-0.425124760000017,0.000228
14,10,24,-0.1666666666666666,0.6666666666666666,8.320335292207616,0.3466806371753174,59.05915654835833,2,1.0,6.0,1.0,2.0,1.5,-1.968,1.0459,171.75281405,172.0135896,-0.2607755499999769,0.0194712
8,17,25,0.36,3.24,8.549879733383484,0.3419951893353394,17.729030615143994,1,1.0,0.0,1.0,3.0,0.0,-7.736,0.1017,163.74838187,168.195145,-4.446763129999994,0.165085
9,16,25,0.28,1.96,8.549879733383484,0.3419951893353394,22.835780295620086,1,1.0,1.0,1.0,4.0,0.8,-4.0889,0.2182,180.93102128,183.4076625,-2.4766412199999763,0.0964425
10,15,25,0.2,1.0,8.549879733383484,0.3419951893353394,28.599791055600548,1,1.0,2.0,1.0,5.0,1.4285714285714286,-0.6502,0.6684,193.9030329,195.994985,-2.0919521000000145,0.029045
11,14,25,0.12,0.36,8.549879733383484,0.3419951893353394,35.02288139518302,1,1.0,3.0,1.0,6.0,2.0,0.6041,0.8754,201.26115072,202.5349475,-1.273796779999998,0.0012
12,13,25,0.04,0.04,8.549879733383484,0.3419951893353394,42.10658868679687,1,1.0,4.0,1.0,5.0,2.2222222222222223,1.1825,1.2035,203.94412997,205.58757,-1.6434400299999936,4.75e-05
13,12,25,-0.04,0.04,8.549879733383484,0.3419951893353394,49.85223289870037,1,1.0,5.0,1.0,4.0,2.2222222222222223,0.4521,1.3017,199.14037374,200.528415,-1.3880412599999945,6.5e-05
14,11,25,-0.12,0.36,8.549879733383484,0.3419951893353394,58.26096199173391,1,1.0,6.0,1.0,3.0,2.0,-0.8425,1.0898,186.90354557,187.0027725,-0.0992269299999861,0.01
8,18,26,0.3846153846153846,3.8461538461538463,8.776382955329126,0.3375531905895818,17.498757400163925,2,1.0,0.0,1.0,2.0,0.0,-7.3166,0.2704,166.7852804,168.934454,-2.1491735999999837,0.1649492
9,17,26,0.3076923076923077,2.4615384615384617,8.776382955329126,0.3375531905895818,22.539178148587904,0,1.0,1.0,1.0,3.0,0.75,-3.189,0.4898,182.7812482,184.1384922,-1.3572440000000086,0.1070264
10,16,26,0.2307692307692307,1.3846153846153846,8.776382955329126,0.3375531905895818,28.228323152075927,2,1.0,2.0,1.0,4.0,1.3333333333333333,-1.8834,0.6923,200.5897808,201.549686,-0.9599052000000086,0.0184288
11,15,26,0.1538461538461538,0.6153846153846154,8.776382955329126,0.3375531905895818,34.56798729116779,0,1.0,3.0,1.0,5.0,1.875,0.5027,0.753,206.85764484,208.1092338,-1.2515889599999923,0.0035022
12,14,26,0.0769230769230769,0.1538461538461538,8.776382955329126,0.3375531905895818,41.559687970157015,2,1.0,4.0,1.0,6.0,2.4,0.6337,0.7069,214.79973102,216.6806486,-1.880917580000016,2.86e-05
13,13,26,0.0,0.0,8.776382955329126,0.3375531905895818,49.204728012916426,0,1.0,5.0,1.0,5.0,2.5,1.2414,0.5763,211.29239598,211.8938978,-0.6015018199999815,6.76e-05
14,12,26,-0.0769230769230769,0.1538461538461538,8.776382955329126,0.3375531905895818,57.50424047001639,2,1.0,6.0,1.0,4.0,2.4,-0.5571,0.8418,204.89735416,206.0424158,-1.1450616399999944,0.0001066
9,18,27,0.3333333333333333,3.0,8.999999999999998,0.3333333333333333,22.25740888344166,1,1.0,1.0,1.0,2.0,0.6666666666666666,-3.0563,0.8173,186.1979499,185.7509874,0.4469624999999837,0.1201986
10,17,27,0.2592592592592592,1.8148148148148149,8.999999999999998,0.3333333333333333,27.87543211858589,1,1.0,2.0,1.0,3.0,1.2,-1.2981,1.1463,202.85123913,203.0512077,-0.1999685699999815,0.0907713
11,16,27,0.1851851851851851,0.925925925925926,8.999999999999998,0.3333333333333333,34.13584214761351,1,1.0,3.0,1.0,4.0,1.7142857142857142,-0.4121,0.7964,213.9805205,214.8375609,-0.8570403999999883,0.003726
12,15,27,0.1111111111111111,0.3333333333333333,8.999999999999998,0.3333333333333333,41.04013740527574,1,1.0,4.0,1.0,5.0,2.2222222222222223,0.7112,0.6255,220.85071738,223.1240175,-2.273300120000016,4.86e-05
13,14,27,0.037037037037037,0.037037037037037,8.999999999999998,0.3333333333333333,48.58960442843964,1,1.0,5.0,1.0,6.0,2.727272727272727,0.7548,0.2263,222.61432187,224.9519391,-2.3376172300000064,4.86e-05
14,13,27,-0.037037037037037,0.037037037037037,8.999999999999998,0.3333333333333333,56.78536210305851,1,1.0,6.0,1.0,5.0,2.727272727272727,0.0862,0.2461,217.51774841,219.357234,-1.8394855900000096,0.000108
15,12,27,-0.1111111111111111,0.3333333333333333,8.999999999999998,0.3333333333333333,65.62839411754422,1,1.0,5.0,1.0,4.0,2.2222222222222223,-0.8749,0.7942,205.50870695,206.8494138,-1.3407068500000037,0.0090018
9,19,28,0.3571428571428571,3.571428571428572,9.220872584116892,0.3293168780041747,21.989221217872178,0,1.0,1.0,1.0,1.0,0.5,-2.5001,0.464,186.91776027,185.5519876,1.3657726700000126,0.1203468
10,18,28,0.2857142857142857,2.2857142857142856,9.220872584116892,0.3293168780041747,27.53955083493002,2,1.0,2.0,1.0,2.0,1.0,-1.4207,1.5952,208.11734065,206.8736964,1.2436442499999885,0.1260672
11,17,28,0.2142857142857142,1.2857142857142858,9.220872584116892,0.3293168780041747,33.724526892286214,0,1.0,3.0,1.0,3.0,1.5,0.1208,1.2556,218.08187085,218.3794032,-0.2975323500000115,0.0102452
12,16,28,0.1428571428571428,0.5714285714285714,9.220872584116892,0.3293168780041747,40.545629769503286,2,1.0,4.0,1.0,4.0,2.0,0.0309,0.6962,229.86923808,231.6286868,-1.7594487199999946,0.0002604
13,15,28,0.0714285714285714,0.1428571428571428,9.220872584116892,0.3293168780041747,48.0041305014947,0,1.0,5.0,1.0,5.0,2.5,1.0608,0.1804,230.53933656,232.6771132,-2.1377766399999985,5.04e-05
14,14,28,0.0,0.0,9.220872584116892,0.3293168780041747,56.10113449234744,2,1.0,6.0,1.0,6.0,3.0,-0.43,0.0244,232.95770503,236.536846,-3.579140969999997,5.6e-06
15,13,28,-0.0714285714285714,0.1428571428571428,9.220872584116892,0.3293168780041747,64.83761357765162,0,1.0,5.0,1.0,5.0,2.5,-0.105,0.214,220.00702281,221.4095576,-1.4025347900000045,0.001148
16,12,28,-0.1428571428571428,0.5714285714285714,9.220872584116892,0.3293168780041747,74.21443012333523,2,1.0,4.0,1.0,4.0,2.0,-1.9238,0.8996,208.80337839,209.4061508,-0.60277241,0.1600004
9,20,29,0.3793103448275862,4.172413793103448,9.43913067739236,0.3254872647376676,21.733509412857877,1,1.0,1.0,2.0,0.0,0.0,-2.8825,0.2471,189.22972941,186.8769106,2.3528188100000023,0.525364
10,19,29,0.3103448275862069,2.793103448275862,9.43913067739236,0.3254872647376676,27.21929446097715,1,1.0,2.0,1.0,1.0,0.6666666666666666,-0.5501,1.0928,209.20339824,207.8449517,1.358446540000017,0.1495037
11,18,29,0.2413793103448276,1.6896551724137931,9.43913067739236,0.3254872647376676,33.33234567043053,1,1.0,3.0,1.0,2.0,1.2,-0.0342,1.6667,223.74133939,222.7824138,0.9589255900000068,0.007337
12,17,29,0.1724137931034483,0.8620689655172413,9.43913067739236,0.3254872647376676,40.07412620550373,1,1.0,4.0,1.0,3.0,1.7142857142857142,0.4842,1.1088,234.38545709,235.2924193,-0.9069622100000174,0.0003451
13,16,29,0.1034482758620689,0.3103448275862069,9.43913067739236,0.3254872647376676,47.44589232029424,1,1.0,5.0,1.0,4.0,2.2222222222222223,0.5874,0.213,239.98860942,242.1054763,-2.1168668800000034,0.0003451
14,15,29,0.0344827586206896,0.0344827586206896,9.43913067739236,0.3254872647376676,55.44873656418758,1,1.0,6.0,1.0,5.0,2.727272727272727,0.1095,0.0062,241.32373723,245.0104469,-3.686709669999999,5.8e-06
15,14,29,-0.0344827586206896,0.0344827586206896,9.43913067739236,0.3254872647376676,64.0836194713353,1,1.0,5.0,1.0,6.0,2.727272727272727,-0.62,0.0122,235.88985141,239.2858672,-3.396015790000007,0.0003596
16,13,29,-0.1034482758620689,0.3103448275862069,9.43913067739236,0.3254872647376676,73.35139337924527,1,1.0,4.0,1.0,5.0,2.2222222222222223,-0.9999,0.2513,223.73800978,224.6450954,-0.9070856200000036,0.0130413
10,20,30,0.3333333333333333,3.333333333333333,9.654893846056297,0.3218297948685433,26.913433801789505,2,1.0,2.0,2.0,0.0,0.0,-3.5268,1.2482,213.2521575,211.035951,2.2162064999999984,0.253251
11,19,30,0.2666666666666666,2.1333333333333333,9.654893846056297,0.3218297948685433,32.95779322809429,0,1.0,3.0,1.0,1.0,0.75,0.7727,1.1568,226.56038729,225.059055,1.5013322899999937,0.004728
12,18,30,0.2,1.2,9.654893846056297,0.3218297948685433,39.623817007550166,2,1.0,4.0,1.0,2.0,1.3333333333333333,0.4007,1.4676,241.83219604,241.63275,0.1994460400000264,0.001296
13,17,30,0.1333333333333333,0.5333333333333333,9.654893846056297,0.3218297948685433,46.91274727784517,0,1.0,5.0,1.0,3.0,1.875,1.1876,0.464,246.27785993,247.833147,-1.5552870699999914,0.001935
14,16,30,0.0666666666666666,0.1333333333333333,9.654893846056297,0.3218297948685433,54.82566431148982,2,1.0,6.0,1.0,4.0,2.4,-0.1682,0.0251,252.58988257,255.619647,-3.02976443,2.4e-05
15,15,30,0.0,0.0,9.654893846056297,0.3218297948685433,63.3635178492035,0,1.0,5.0,1.0,5.0,2.5,0.392,0.0011,248.14019404,250.605192,-2.4649979599999767,6.6e-05
16,14,30,-0.0666666666666666,0.1333333333333333,9.654893846056297,0.3218297948685433,72.52715065085741,2,1.0,4.0,1.0,6.0,2.4,-1.4307,0.0215,241.44125016,243.681243,-2.239992839999985,0.000207
17,13,30,-0.1333333333333333,0.5333333333333333,9.654893846056297,0.3218297948685433,82.31731656983825,0,1.0,3.0,1.0,5.0,1.875,-0.519,0.5673,223.9817265,224.165094,-0.1833675000000028,0.023877
10,21,31,0.3548387096774194,3.903225806451613,9.868272403218972,0.3183313678457733,26.62087330680436,1,1.0,2.0,2.0,1.0,0.6666666666666666,-4.2292,2.7533,213.32689998,211.2057962,2.1211037799999986,0.2661939
11,20,31,0.2903225806451613,2.6129032258064515,9.868272403218972,0.3183313678457733,32.59952797025163,1,1.0,3.0,2.0,0.0,0.0,-1.8263,1.189,230.96204311,229.3590118,1.6030313100000058,0.0139717
12,19,31,0.2258064516129032,1.5806451612903225,9.868272403218972,0.3183313678457733,39.19308923039975,1,1.0,4.0,1.0,1.0,0.8,1.0144,1.0257,245.02766288,243.9448466,1.082816280000003,0.0030752
13,18,31,0.1612903225806451,0.8064516129032258,9.868272403218972,0.3183313678457733,46.40278572237071,1,1.0,5.0,1.0,2.0,1.4285714285714286,1.1555,0.6894,254.11968477,254.991058,-0.8713732300000174,0.0022351
14,17,31,0.0967741935483871,0.2903225806451613,9.868272403218972,0.3183313678457733,54.22968597565247,1,1.0,6.0,1.0,3.0,2.0,0.5753,0.1438,259.28803055,262.2070396,-2.91900905,4.34e-05
15,16,31,0.032258064516129,0.032258064516129,9.868272403218972,0.3183313678457733,62.67472940687807,1,1.0,5.0,1.0,4.0,2.2222222222222223,0.5532,0.0049,259.82419301,262.9161987,-3.092005690000008,6.2e-06
16,15,31,-0.032258064516129,0.032258064516129,9.868272403218972,0.3183313678457733,71.73874961475973,1,1.0,4.0,1.0,5.0,2.2222222222222223,-0.1602,0.0053,254.11113783,256.7358403,-2.6247024700000168,0.0002294
17,14,31,-0.0967741935483871,0.2903225806451613,9.868272403218972,0.3183313678457733,81.42249225797659,1,1.0,3.0,1.0,6.0,2.0,-0.9131,0.159,242.09893856,243.9455131,-1.846574540000006,0.0034472
11,21,32,0.3125,3.125,10.079368399158984,0.3149802624737183,32.25634955825016,0,1.0,3.0,2.0,1.0,0.75,-2.6044,2.6015,232.67240717,231.036208,1.636199170000026,0.0372608
12,20,32,0.25,2.0,10.079368399158984,0.3149802624737183,38.78049975561365,2,1.0,4.0,2.0,0.0,0.0,0.878,0.69,251.1174702,249.7229152,1.3945550000000253,0.0032608
13,19,32,0.1875,1.125,10.079368399158984,0.3149802624737183,45.91429906909219,0,1.0,5.0,1.0,1.0,0.8333333333333334,1.4825,0.3999,258.99467624,259.2110368,-0.2163605599999982,0.0071712
14,18,32,0.125,0.5,10.079368399158984,0.3149802624737183,53.65880477965952,2,1.0,6.0,1.0,2.0,1.5,0.5362,0.2986,268.8528649,271.407008,-2.554143100000033,0.0002976
15,17,32,0.0625,0.125,10.079368399158984,0.3149802624737183,62.01494641461812,0,1.0,5.0,1.0,3.0,1.875,1.4976,0.1074,268.22767855,270.8518496,-2.6241710499999726,4.16e-05
16,16,32,0.0,0.0,10.079368399158984,0.3149802624737183,70.98354879730523,2,1.0,4.0,1.0,4.0,2.0,0.3935,0.0149,269.52917447,271.7801632,-2.2509887300000173,6.4e-06
17,15,32,-0.0625,0.125,10.079368399158984,0.3149802624737183,80.56534973677832,0,1.0,3.0,1.0,5.0,1.875,0.425,0.1124,256.47740184,258.3169856,-1.8395837599999825,0.0005632
18,14,32,-0.125,0.5,10.079368399158984,0.3149802624737183,90.7610138502651,2,1.0,2.0,1.0,6.0,1.5,-1.1312,0.3557,245.35128087,246.4002848,-1.0490039299999978,0.0017696
11,22,33,0.3333333333333333,3.6666666666666665,10.288276478101777,0.311765953881872,31.92718016613521,1,1.0,3.0,2.0,2.0,1.2,-3.9013,4.3161,235.9836443,233.9675646,2.016079700000006,0.4499121
12,21,33,0.2727272727272727,2.4545454545454546,10.288276478101777,0.311765953881872,38.384752756796665,1,1.0,4.0,2.0,1.0,0.8,-2.0419,1.8614,253.16771286,252.0024606,1.1652522599999884,0.0026631
13,20,33,0.2121212121212121,1.4848484848484849,10.288276478101777,0.311765953881872,45.44575312012595,1,1.0,5.0,2.0,0.0,0.0,0.9404,0.2017,265.44487601,264.6803676,0.7645084099999622,0.0069861
14,19,33,0.1515151515151515,0.7575757575757576,10.288276478101777,0.311765953881872,53.11122774776263,1,1.0,6.0,1.0,1.0,0.8571428571428571,0.6775,0.0993,274.10454462,275.9149668,-1.810422179999989,0.0006996
15,18,33,0.0909090909090909,0.2727272727272727,10.288276478101777,0.311765953881872,61.382096681374826,1,1.0,5.0,1.0,2.0,1.4285714285714286,1.6355,0.2261,278.18127893,280.9556409,-2.7743619699999726,0.001089
16,17,33,0.0303030303030303,0.0303030303030303,10.288276478101777,0.311765953881872,70.25917632714781,1,1.0,4.0,1.0,3.0,1.7142857142857142,1.5654,0.1365,278.32928578,280.4218032,-2.0925174199999788,6.6e-06
17,16,33,-0.0303030303030303,0.0303030303030303,10.288276478101777,0.311765953881872,79.74319696494985,1,1.0,3.0,1.0,4.0,1.7142857142857142,0.9712,0.1442,272.29361614,274.0569381,-1.7633219600000416,0.0003894
18,15,33,-0.0909090909090909,0.2727272727272727,10.288276478101777,0.311765953881872,89.83481642972696,1,1.0,2.0,1.0,5.0,1.4285714285714286,0.3583,0.2554,260.12316585,261.6555447,-1.5323788499999864,0.0003993
11,23,34,0.3529411764705882,4.235294117647059,10.49508462297634,0.3086789594993041,31.61104870727349,0,1.0,3.0,2.0,3.0,1.5,-3.8295,5.3489,236.72819819,234.1388818,2.5893163899999934,0.5994166
12,22,34,0.2941176470588235,2.9411764705882355,10.49508462297634,0.3086789594993041,38.004680735906966,2,1.0,4.0,2.0,2.0,1.3333333333333333,-3.3228,3.4402,258.07649643,256.7133246,1.3631718299999989,0.0068918
13,21,34,0.2352941176470588,1.8823529411764703,10.49508462297634,0.3086789594993041,44.995765612360586,0,1.0,5.0,2.0,1.0,0.8333333333333334,1.3402,0.5834,269.08831868,267.2519204,1.836398279999969,0.0021046
14,20,34,0.1764705882352941,1.0588235294117647,10.49508462297634,0.3086789594993041,52.58533946628996,2,1.0,6.0,2.0,0.0,0.0,-0.1513,0.0176,282.19068411,283.4636406,-1.2729564900000128,0.0008024
15,19,34,0.1176470588235294,0.4705882352941176,10.49508462297634,0.3086789594993041,60.7743132294414,0,1.0,5.0,1.0,1.0,0.8333333333333334,1.7902,0.0681,285.0566735,287.2383104,-2.181636900000001,0.0008092
16,18,34,0.0588235294117647,0.1176470588235294,10.49508462297634,0.3086789594993041,69.56349522423967,2,1.0,4.0,1.0,2.0,1.3333333333333333,1.8664,0.2436,289.94146228,291.8389524,-1.8974901199999863,4.42e-05
17,17,34,0.0,0.0,10.49508462297634,0.3086789594993041,78.95360849958433,0,1.0,3.0,1.0,3.0,1.5,2.099,0.2872,284.63758879,285.5650004,-0.9274116099999788,4.76e-05
18,16,34,-0.0588235294117647,0.1176470588235294,10.49508462297634,0.3086789594993041,88.94530437677629,2,1.0,2.0,1.0,4.0,1.3333333333333333,0.934,0.2629,277.60093524,278.7208616,-1.1199263599999654,7.82e-05
12,23,35,0.3142857142857143,3.4571428571428573,10.699874805650794,0.3057107087328798,37.63922847798487,1,1.0,4.0,2.0,3.0,1.7142857142857142,-2.658,4.5025,259.12666362,257.468183,1.6584806199999775,0.269668
13,22,35,0.2571428571428571,2.3142857142857145,10.699874805650794,0.3057107087328798,44.56308722060568,1,1.0,5.0,2.0,2.0,1.4285714285714286,0.4062,1.5353,274.32438762,272.5493505,1.775037119999979,0.0073605
14,21,35,0.2,1.4,10.699874805650794,0.3057107087328798,52.0796798825377,1,1.0,6.0,2.0,1.0,0.8571428571428571,0.5394,0.1864,286.17940058,285.934754,0.2446465799999941,0.0358575
15,20,35,0.1428571428571428,0.7142857142857143,10.699874805650794,0.3057107087328798,60.189908636025606,1,1.0,5.0,2.0,0.0,0.0,1.0375,0.0098,293.50239158,295.618736,-2.1163444200000185,0.0018655
16,19,35,0.0857142857142857,0.2571428571428571,10.699874805650794,0.3057107087328798,68.89457403068172,1,1.0,4.0,1.0,1.0,0.8,2.0726,0.0843,297.18705655,298.8247885,-1.6377319499999885,4.2e-05
17,18,35,0.0285714285714285,0.0285714285714285,10.699874805650794,0.3057107087328798,78.19439216258166,1,1.0,3.0,1.0,2.0,1.2,2.493,0.4081,296.62690247,298.209765,-1.58286253,3.5e-05
18,17,35,-0.0285714285714285,0.0285714285714285,10.699874805650794,0.3057107087328798,88.09000808993365,1,1.0,2.0,1.0,3.0,1.2,1.9652,0.4392,290.32347641,291.4611735,-1.1376970899999606,0.000679
19,16,35,-0.0857142857142857,0.2571428571428571,10.699874805650794,0.3057107087328798,98.58200648150832,1,1.0,1.0,1.0,4.0,0.8,0.9964,0.0885,278.22883804,278.8044315,-0.5755934599999932,0.000511
12,24,36,0.3333333333333333,4.0,10.902723556992836,0.30285343213869,37.28743940589357,2,1.0,4.0,2.0,4.0,2.0,-4.1285,5.6354,262.99989806,260.7991272,2.200770860000034,0.6902388
13,23,36,0.2777777777777778,2.7777777777777777,10.902723556992836,0.30285343213869,44.1465854022427,0,1.0,5.0,2.0,3.0,1.875,-0.5625,2.4417,276.88817316,274.4465544,2.441618759999983,0.1495044
14,22,36,0.2222222222222222,1.7777777777777777,10.902723556992836,0.30285343213869,51.59292542444871,2,1.0,6.0,2.0,2.0,1.5,0.2517,0.6431,292.97081897,292.0507164,0.9201025699999832,0.0717984
15,21,36,0.1666666666666666,1.0,10.902723556992836,0.30285343213869,59.62735321274663,0,1.0,5.0,2.0,1.0,0.8333333333333334,1.8267,0.1412,299.03848398,299.0832912,-0.0448072199999955,0.0131148
16,20,36,0.1111111111111111,0.4444444444444444,10.902723556992836,0.30285343213869,68.25066183453896,2,1.0,4.0,2.0,0.0,0.0,1.4313,0.0197,307.21498344,308.71404,-1.4990565599999854,0.0001872
17,19,36,0.0555555555555555,0.1111111111111111,10.902723556992836,0.30285343213869,77.46356069302307,0,1.0,3.0,1.0,1.0,0.75,2.9135,0.216,305.43983384,306.7895592,-1.3497253599999794,3.6e-05
18,18,36,0.0,0.0,10.902723556992836,0.30285343213869,87.26668881747307,2,1.0,2.0,1.0,2.0,1.0,2.3151,0.5143,305.73239147,306.7167456,-0.9843541300000423,2.88e-05
19,17,36,-0.0555555555555555,0.1111111111111111,10.902723556992836,0.30285343213869,97.66062541214576,0,1.0,1.0,1.0,3.0,0.75,2.1234,0.2279,292.52147042,293.1200388,-0.5985683799999606,0.000324
20,16,36,-0.1111111111111111,0.4444444444444444,10.902723556992836,0.30285343213869,108.64589834553492,2,2.0,0.0,1.0,4.0,0.0,0.2844,0.0186,281.37737616,281.3716764,0.0056997599999704,0.0399996
12,25,37,0.3513513513513513,4.567567567567568,11.103702468586784,0.3001000667185617,36.94844392038658,1,1.0,4.0,2.0,5.0,2.2222222222222223,-4.5766,5.7583,263.17099148,261.0391255,2.1318659799999864,0.6989485
13,24,37,0.2972972972972973,3.27027027027027,11.103702468586784,0.3001000667185617,43.74523059240978,1,1.0,5.0,2.0,4.0,2.2222222222222223,-2.1109,3.3215,281.05749137,278.658692,2.398799370000006,0.1802455
14,23,37,0.2432432432432432,2.189189189189189,11.103702468586784,0.3001000667185617,51.12387286729665,1,1.0,6.0,2.0,3.0,2.0,-0.4378,1.2136,295.84978023,294.2574221,1.5923581300000365,0.1138083
15,22,37,0.1891891891891892,1.3243243243243243,11.103702468586784,0.3001000667185617,59.08525635992126,1,1.0,5.0,2.0,2.0,1.4285714285714286,1.6262,0.5159,306.16093645,305.8995757,0.2613607499999943,0.0379472
16,21,37,0.1351351351351351,0.6756756756756757,11.103702468586784,0.3001000667185617,67.63016692758335,1,1.0,4.0,2.0,1.0,0.8,2.2756,0.1541,313.0947347,313.0176431,0.077091600000017,0.0001998
17,20,37,0.081081081081081,0.2432432432432432,11.103702468586784,0.3001000667185617,76.75930752400336,1,1.0,3.0,2.0,0.0,0.0,2.4355,0.1106,315.82081077,317.1004192,-1.279608429999996,5.18e-05
18,19,37,0.027027027027027,0.027027027027027,11.103702468586784,0.3001000667185617,86.47331136877675,1,1.0,2.0,1.0,1.0,0.6666666666666666,2.9617,0.2859,314.90453049,315.5042022,-0.5996717099999955,0.0002072
19,18,37,-0.027027027027027,0.027027027027027,11.103702468586784,0.3001000667185617,96.77275240037564,1,1.0,1.0,1.0,2.0,0.6666666666666666,2.5053,0.3042,308.29091941,308.574376,-0.2834565899999575,9.25e-05
20,17,37,-0.081081081081081,0.2432432432432432,11.103702468586784,0.3001000667185617,107.6581536882237,1,2.0,0.0,1.0,3.0,0.0,1.5231,0.1239,296.02703742,296.1278979,-0.1008604799999943,0.0006327
14,24,38,0.2631578947368421,2.631578947368421,11.302878635921052,0.2974441746295014,50.671425485344834,2,1.0,6.0,2.0,4.0,2.4,-1.578,1.7856,301.4999314,299.9275286,1.5724027999999637,0.1047926
15,23,38,0.2105263157894736,1.6842105263157894,11.302878635921052,0.2974441746295014,58.5623505616577,0,1.0,5.0,2.0,3.0,1.875,0.9592,1.0555,310.51608643,309.5964462,0.9196402299999704,0.07258
16,22,38,0.1578947368421052,0.9473684210526316,11.302878635921052,0.2974441746295014,67.03163848575782,2,1.0,4.0,2.0,2.0,1.3333333333333333,2.1811,0.5092,321.72785754,321.0537502,0.6741073399999777,0.0071706
17,21,38,0.1052631578947368,0.4210526315789473,11.302878635921052,0.2974441746295014,76.07998599020998,0,1.0,3.0,2.0,1.0,0.75,3.1291,0.3096,323.20051758,323.2083046,-0.0077870200000234,9.88e-05
18,20,38,0.0526315789473684,0.1052631578947368,11.302878635921052,0.2974441746295014,85.7080206906025,2,1.0,2.0,2.0,0.0,0.0,2.6312,0.1809,326.81387403,327.3426666,-0.5287925699999505,0.0001938
19,19,38,0.0,0.0,11.302878635921052,0.2974441746295014,95.91631144603964,0,1.0,1.0,1.0,1.0,0.5,2.7997,0.1437,320.72474119,320.6462534,0.0784877899999969,0.0001938
20,18,38,-0.0526315789473684,0.1052631578947368,11.302878635921052,0.2974441746295014,106.70537669676924,2,2.0,0.0,1.0,2.0,0.0,1.93,0.1947,313.3274104,313.1216492,0.2057612000000404,0.0001938
14,25,39,0.282051282051282,3.102564102564102,11.500315051230226,0.2948798731084673,50.2345811141048,1,1.0,6.0,2.0,5.0,2.727272727272727,-2.2354,1.7645,303.39798256,301.5081927,1.889789860000008,0.1355328
15,24,39,0.2307692307692307,2.076923076923077,11.500315051230226,0.2948798731084673,58.05747758908178,1,1.0,5.0,2.0,4.0,2.2222222222222223,-0.2808,1.6324,316.46981949,315.8208339,0.6489855899999952,0.1126437
16,23,39,0.1794871794871795,1.2564102564102564,11.500315051230226,0.2948798731084673,66.45375077711286,1,1.0,4.0,2.0,3.0,1.7142857142857142,1.4506,1.0529,326.40064168,325.4265222,0.9741194799999562,0.0500019
17,22,39,0.1282051282051282,0.6410256410256411,11.500315051230226,0.2948798731084673,75.42409140414873,1,1.0,3.0,2.0,2.0,1.2,3.127,0.7154,332.16247423,331.2817248,0.8807494299999803,0.0017316
18,21,39,0.0769230769230769,0.2307692307692307,11.500315051230226,0.2948798731084673,84.96912167502927,1,1.0,2.0,2.0,1.0,0.6666666666666666,3.2688,0.4094,334.53076169,333.9413532,0.5894084900000394,0.0049998
19,20,39,0.0256410256410256,0.0256410256410256,11.500315051230226,0.2948798731084673,95.08940554465688,1,1.0,1.0,2.0,0.0,0.0,2.472,0.0792,332.97676,333.7240062,-0.7472462000000064,1.17e-05
20,19,39,-0.0256410256410256,0.0256410256410256,11.500315051230226,0.2948798731084673,105.78545698374457,1,2.0,0.0,1.0,1.0,0.0,2.0627,0.0766,326.10514145,326.4171729,-0.3120314500000063,0.0005967
21,18,39,-0.0769230769230769,0.2307692307692307,11.500315051230226,0.2948798731084673,117.05774671252163,1,2.0,1.0,1.0,2.0,0.6666666666666666,2.1889,0.4898,313.86966878,312.5248425,1.3448262800000066,0.0240006
14,26,40,0.3,3.6,11.696070952851462,0.2924017738212866,49.812421818055135,2,1.0,6.0,2.0,6.0,3.0,-3.2473,1.5275,308.03595137,306.232988,1.8029633700000431,0.121992
15,25,40,0.25,2.5,11.696070952851462,0.2924017738212866,57.56957655903726,0,1.0,5.0,2.0,5.0,2.5,-1.0372,1.703,319.77778543,319.256708,0.5210774299999912,0.083608
16,24,40,0.2,1.6,11.696070952851462,0.2924017738212866,65.89528949355595,2,1.0,4.0,2.0,4.0,2.0,0.1132,1.6457,333.79819256,333.17302,0.62517256000001,0.003984
17,23,40,0.15,0.9,11.696070952851462,0.2924017738212866,74.7902455428677,0,1.0,3.0,2.0,3.0,1.5,2.6819,1.0861,338.27167761,337.11064,1.161037609999994,0.032064
18,22,40,0.1,0.4,11.696070952851462,0.2924017738212866,84.25506168295306,2,1.0,2.0,2.0,2.0,1.0,3.2026,0.8216,344.95767245,343.810376,1.147296449999999,8e-06
19,21,40,0.05,0.1,11.696070952851462,0.2924017738212866,94.29029712937354,0,1.0,1.0,2.0,1.0,0.5,3.3661,0.2173,342.14583501,341.523628,0.622207010000011,5.6e-05
20,20,40,0.0,0.0,11.696070952851462,0.2924017738212866,104.89646153355632,2,2.0,0.0,2.0,0.0,0.0,1.5711,0.0311,341.51439102,342.052184,-0.5377929800000061,2.4e-05
21,19,40,-0.05,0.1,11.696070952851462,0.2924017738212866,116.07402165991154,0,2.0,1.0,1.0,1.0,0.5,2.4924,0.2344,328.10197116,326.946788,1.155183159999979,0.002828
22,18,40,-0.1,0.4,11.696070952851462,0.2924017738212866,127.82340688505992,2,2.0,2.0,1.0,2.0,1.0,1.7556,1.0205,316.86917994,314.634528,2.234651939999992,0.068244
15,26,41,0.2682926829268293,2.951219512195122,11.890202136872691,0.2900049301676267,57.09767355921567,1,1.0,5.0,2.0,6.0,2.727272727272727,-2.1689,1.5557,324.69322976,324.1686033,0.5246264600000359,0.1201628
16,25,41,0.2195121951219512,1.975609756097561,11.890202136872691,0.2900049301676267,65.3551398755675,1,1.0,4.0,2.0,5.0,2.2222222222222223,-0.7185,1.7886,337.39867498,337.4150678,-0.0163928199999645,0.0041
17,24,41,0.1707317073170731,1.195121951219512,11.890202136872691,0.2900049301676267,74.17718316967343,1,1.0,3.0,2.0,4.0,1.7142857142857142,1.6454,1.542,345.97425751,344.9313313,1.042926209999962,0.0687242
18,23,41,0.1219512195121951,0.6097560975609756,11.890202136872691,0.2900049301676267,83.5644153601064,1,1.0,2.0,2.0,3.0,1.2,3.0987,1.0645,351.38188895,349.9093053,1.47258364999999,0.0003485
19,22,41,0.073170731707317,0.2195121951219512,11.890202136872691,0.2900049301676267,93.5173910784876,1,1.0,1.0,2.0,2.0,0.6666666666666666,3.5869,0.4909,352.89521457,351.6189971,1.276217470000006,1.23e-05
20,21,41,0.024390243902439,0.024390243902439,11.890202136872691,0.2900049301676267,104.03661579858566,1,2.0,0.0,2.0,1.0,0.0,2.7054,0.1678,351.01086208,350.4150075,0.5958545799999797,0.0001394
21,20,41,-0.024390243902439,0.024390243902439,11.890202136872691,0.2900049301676267,115.12255245870078,1,2.0,1.0,2.0,0.0,0.0,2.0322,0.1643,343.83976919,343.1371139,0.7026552900000524,7.79e-05
22,19,41,-0.073170731707317,0.2195121951219512,11.890202136872691,0.2900049301676267,126.77562691581493,1,2.0,2.0,1.0,1.0,0.6666666666666666,2.3537,0.5575,331.42740836,329.4099449,2.017463459999988,0.0279456
15,27,42,0.2857142857142857,3.4285714285714284,12.082761235960549,0.287684791332394,56.64087260155746,0,1.0,5.0,2.0,7.0,2.9166666666666665,-2.3305,0.6559,327.06774683,326.1683124,0.8994344299999852,0.0950082
16,26,42,0.238095238095238,2.380952380952381,12.082761235960549,0.287684791332394,64.83227635728277,2,1.0,4.0,2.0,6.0,2.4,-1.9805,1.7064,343.69554718,344.115555,-0.4200078199999666,0.002793
17,25,42,0.1904761904761904,1.5238095238095235,12.082761235960549,0.287684791332394,73.58374028144168,0,1.0,3.0,2.0,5.0,1.875,0.9049,1.6129,350.95142392,350.5272288,0.4241951200000358,0.0596148
18,24,42,0.1428571428571428,0.8571428571428571,12.082761235960549,0.287684791332394,82.89587139704884,2,1.0,2.0,2.0,4.0,1.3333333333333333,2.2529,1.3763,360.48955209,359.3357922,1.1537598900000037,0.005775
19,23,42,0.0952380952380952,0.3809523809523809,12.082761235960549,0.287684791332394,92.76921989848242,0,1.0,1.0,2.0,3.0,0.75,3.5625,0.6503,360.71500154,359.1527982,1.5622033399999964,0.000105
20,22,42,0.0476190476190476,0.0952380952380952,12.082761235960549,0.287684791332394,103.2042872155476,2,2.0,0.0,2.0,2.0,0.0,3.1225,0.3481,363.17944245,361.8957132,1.2837292500000217,0.000147
21,21,42,0.0,0.0,12.082761235960549,0.287684791332394,114.20153258287952,0,2.0,1.0,2.0,1.0,0.5,3.0657,0.3,356.36011326,354.6870726,1.6730406599999696,0.0001554
22,20,42,-0.0476190476190476,0.0952380952380952,12.082761235960549,0.287684791332394,125.76137845045838,2,2.0,2.0,2.0,0.0,0.0,1.9912,0.3654,348.58663736,346.88808,1.6985573599999952,0.0002688
16,27,43,0.2558139534883721,2.813953488372093,12.27379796952146,0.2854371620818944,64.32575350620603,1,1.0,4.0,2.0,7.0,2.5454545454545454,-2.0909,0.8307,346.33859848,346.7445868,-0.4059883200000058,0.0049708
17,26,43,0.2093023255813953,1.8837209302325584,12.27379796952146,0.2854371620818944,73.00884382531778,1,1.0,3.0,2.0,6.0,2.0,-0.2441,1.4984,357.53027424,357.9262896,-0.3960153600000353,0.0618598
18,25,43,0.1627906976744186,1.1395348837209305,12.27379796952146,0.2854371620818944,82.24822094450064,1,1.0,2.0,2.0,5.0,1.4285714285714286,1.5761,1.4056,365.75988941,364.9942426,0.7656468100000211,0.0053105
19,24,43,0.1162790697674418,0.5813953488372093,12.27379796952146,0.2854371620818944,92.04443075956355,1,1.0,1.0,2.0,4.0,0.8,2.9304,0.8606,370.12477728,368.7774772,1.347300079999968,0.0004085
20,23,43,0.0697674418604651,0.2093023255813953,12.27379796952146,0.2854371620818944,102.39797078273136,1,2.0,0.0,2.0,3.0,0.0,3.1818,0.4549,371.30803259,369.8286079,1.4794246899999737,0.0002279
21,22,43,0.0232558139534883,0.0232558139534883,12.27379796952146,0.2854371620818944,113.30929666072198,1,2.0,1.0,2.0,2.0,0.6666666666666666,3.5954,0.5554,368.84193625,366.8255395,2.0163967500000126,0.0018619
22,21,43,-0.0232558139534883,0.0232558139534883,12.27379796952146,0.2854371620818944,124.77882754299036,1,2.0,2.0,2.0,1.0,0.6666666666666666,2.9697,0.5736,361.42130387,359.1706322,2.2506716699999743,0.005719
23,20,43,-0.0697674418604651,0.2093023255813953,12.27379796952146,0.2854371620818944,136.80695054654686,1,2.0,3.0,2.0,0.0,0.0,1.6921,0.4946,349.00138208,346.9890547,2.012327379999988,0.0428495
16,28,44,0.2727272727272727,3.272727272727273,12.463359368739502,0.2832581674713524,63.83469806974233,2,1.0,4.0,2.0,8.0,2.6666666666666665,-2.989,0.1936,351.64989205,351.8246776,-0.1747855499999673,0.0052184
17,27,44,0.2272727272727272,2.272727272727273,12.463359368739502,0.2832581674713524,72.45150267163986,0,1.0,3.0,2.0,7.0,2.1,-0.6647,0.7792,361.493948,362.3170672,-0.8231192000000078,0.0855668
18,26,44,0.1818181818181818,1.4545454545454546,12.463359368739502,0.2832581674713524,81.62034744387593,2,1.0,2.0,2.0,6.0,1.5,0.5344,1.27,373.68743691,373.7290084,-0.0415714900000239,0.001584
19,25,44,0.1363636363636363,0.8181818181818182,12.463359368739502,0.2832581674713524,91.34177411495342,0,1.0,1.0,2.0,5.0,0.8333333333333334,2.2838,0.8524,376.73694391,376.0549012,0.682042709999962,0.000418
20,24,44,0.0909090909090909,0.3636363636363636,12.463359368739502,0.2832581674713524,101.6162763991458,2,2.0,0.0,2.0,4.0,0.0,2.6826,0.5854,382.08345743,380.9597836,1.1236738300000295,0.0003256
21,23,44,0.0454545454545454,0.0909090909090909,12.463359368739502,0.2832581674713524,112.44430646481614,0,2.0,1.0,2.0,3.0,0.75,3.6098,0.7466,378.32505271,376.524742,1.8003107100000193,0.0017556
22,22,44,0.0,0.0,12.463359368739502,0.2832581674713524,123.8262802616804,2,2.0,2.0,2.0,2.0,1.0,3.134,0.8322,376.8379536,375.474946,1.363007600000003,0.0006996
23,21,44,-0.0454545454545454,0.0909090909090909,12.463359368739502,0.2832581674713524,135.76258195154205,0,2.0,3.0,2.0,1.0,0.75,2.5321,0.8176,363.1926678,360.9520948,2.2405729999999835,0.0072644
24,20,44,-0.0909090909090909,0.3636363636363636,12.463359368739502,0.2832581674713524,148.2535676261662,2,2.0,4.0,2.0,0.0,0.0,0.887,0.6631,351.81801423,349.783566,2.034448230000009,0.0512336
17,28,45,0.2444444444444444,2.688888888888889,12.651489979526238,0.2811442217672498,71.91079966492434,1,1.0,3.0,2.0,8.0,2.1818181818181817,-2.1529,0.3892,367.06512928,368.1719595,-1.1068302200000062,0.1361655
18,27,45,0.2,1.8,12.651489979526238,0.2811442217672498,81.01121767230882,1,1.0,2.0,2.0,7.0,1.5555555555555556,-0.449,0.7816,377.92306668,378.897867,-0.9748003200000426,0.000513
19,26,45,0.1555555555555555,1.0888888888888888,12.651489979526238,0.2811442217672498,90.66009367933124,1,1.0,1.0,2.0,6.0,0.8571428571428571,1.2057,0.7287,384.94650306,384.9603615,-0.0138584399999786,0.000522
20,25,45,0.1111111111111111,0.5555555555555556,12.651489979526238,0.2811442217672498,100.8579177156928,1,2.0,0.0,2.0,5.0,0.0,2.0575,0.5498,388.98567869,388.3746015,0.6110771900000032,0.0003645
21,24,45,0.0666666666666666,0.2,12.651489979526238,0.2811442217672498,111.60513857524016,1,2.0,1.0,2.0,4.0,0.8,3.148,0.9039,389.39656248,387.852345,1.5442174799999862,0.0006615
22,23,45,0.0222222222222222,0.0222222222222222,12.651489979526238,0.2811442217672498,122.90216910347114,1,2.0,2.0,2.0,3.0,1.2,3.1726,1.2527,386.62117262,385.0079445,1.6132281199999738,0.000837
23,22,45,-0.0222222222222222,0.0222222222222222,12.651489979526238,0.2811442217672498,134.74939059520327,1,2.0,3.0,2.0,2.0,1.2,2.5769,1.3121,378.91043497,377.101773,1.8086619700000028,0.000864
24,21,45,-0.0666666666666666,0.2,12.651489979526238,0.2811442217672498,147.14715648470138,1,2.0,4.0,2.0,1.0,0.8,1.7096,1.0399,366.30842946,363.947787,2.360642460000008,0.035397
17,29,46,0.2608695652173913,3.130434782608696,12.838232045991903,0.279092000999824,71.38588460337019,0,1.0,3.0,2.0,9.0,2.25,-2.4311,0.6087,370.11738868,371.7156822,-1.598293520000027,0.0972486
18,28,46,0.217391304347826,2.1739130434782608,12.838232045991903,0.279092000999824,80.41987383370349,2,1.0,2.0,2.0,8.0,1.6,-2.1762,0.568,384.7899217,386.969641,-2.1797193000000448,0.0023276
19,27,46,0.1739130434782608,1.391304347826087,12.838232045991903,0.279092000999824,89.99831757788424,0,1.0,1.0,2.0,7.0,0.875,0.2257,0.3385,390.47309565,391.8299688,-1.3568731500000126,0.0007268
20,26,46,0.1304347826086956,0.782608695652174,12.838232045991903,0.279092000999824,100.12170228862702,2,2.0,0.0,2.0,6.0,0.0,0.9731,0.4333,398.51000328,398.7733008,-0.2632975200000373,0.0022356
21,25,46,0.0869565217391304,0.3478260869565217,12.838232045991903,0.279092000999824,110.79047348379416,0,2.0,1.0,2.0,5.0,0.8333333333333334,2.7237,0.8572,397.60502636,396.612989,0.9920373599999834,0.0006716
22,24,46,0.0434782608695652,0.0869565217391304,12.838232045991903,0.279092000999824,122.00504099530532,2,2.0,2.0,2.0,4.0,1.3333333333333333,2.7221,1.4562,399.01891574,398.1972658,0.8216499399999861,9.2e-05
23,23,46,0.0,0.0,12.838232045991903,0.279092000999824,133.76578333470488,0,2.0,3.0,2.0,3.0,1.5,2.5757,1.5247,391.51426278,390.3625458,1.151716980000003,0.0001334
24,22,46,-0.0434782608695652,0.0869565217391304,12.838232045991903,0.279092000999824,146.0730513563536,2,2.0,4.0,2.0,2.0,1.3333333333333333,1.591,1.6256,383.35439976,381.9758718,1.3785279599999851,0.011454
25,21,46,-0.0869565217391304,0.3478260869565217,12.838232045991903,0.279092000999824,158.9271713560707,0,2.0,5.0,2.0,1.0,0.8333333333333334,1.0232,1.0156,366.27663086,364.139703,2.1369278600000143,0.0866272
18,29,47,0.2340425531914893,2.574468085106383,13.023625676689214,0.2770984186529621,79.84542655381946,1,1.0,2.0,2.0,9.0,1.6363636363636365,-2.4478,0.7952,388.0937368,390.636975,-2.543238200000019,0.0012126
19,28,47,0.1914893617021276,1.7234042553191489,13.023625676689214,0.2770984186529621,89.3554505070696,1,1.0,1.0,2.0,8.0,0.8888888888888888,-1.5357,0.1352,397.60238382,400.1993365,-2.596952680000016,0.0013959
20,27,47,0.1489361702127659,1.0425531914893618,13.023625676689214,0.2770984186529621,99.40652285852752,1,2.0,0.0,2.0,7.0,0.0,-0.2175,0.1532,404.30809986,406.0496756,-1.7415757399999734,0.0022231
21,26,47,0.1063829787234042,0.5319148936170213,13.023625676689214,0.2770984186529621,109.99908594367646,1,2.0,1.0,2.0,6.0,0.8571428571428571,1.8984,0.692,407.40811917,407.2595026,0.1486165700000015,0.0019317
22,25,47,0.0638297872340425,0.1914893617021276,13.023625676689214,0.2770984186529621,121.13354666696527,1,2.0,2.0,2.0,5.0,1.4285714285714286,2.5303,1.396,407.51160544,407.0779275,0.4336779399999955,7.99e-05
23,24,47,0.0212765957446808,0.0212765957446808,13.023625676689214,0.2770984186529621,132.8102808361922,1,2.0,3.0,2.0,4.0,1.7142857142857142,2.1546,1.8547,404.19988268,403.3650356,0.8348470799999745,0.0001128
24,23,47,-0.0212765957446808,0.0212765957446808,13.023625676689214,0.2770984186529621,145.02963679952984,1,2.0,4.0,2.0,3.0,1.7142857142857142,1.6862,1.9614,396.2470608,395.1387149,1.1083458999999607,0.0051982
25,22,47,-0.0638297872340425,0.1914893617021276,13.023625676689214,0.2770984186529621,157.79193852203338,1,2.0,5.0,2.0,2.0,1.4285714285714286,0.9962,1.6293,383.60969631,382.3596499,1.2500464099999815,0.0316686
18,30,48,0.25,3.0,13.207708995578503,0.2751606040745522,79.28704865925225,2,1.0,2.0,2.0,10.0,1.6666666666666667,-3.1017,1.0488,394.0030401,395.6959488,-1.6929086999999754,0.0167664
19,29,48,0.2083333333333333,2.083333333333333,13.207708995578503,0.2751606040745522,88.73056677263793,0,1.0,1.0,2.0,9.0,0.9,-1.5531,0.2335,402.14910467,404.8431552,-2.694050530000027,0.0007728
20,28,48,0.1666666666666666,1.3333333333333333,13.207708995578503,0.2751606040745522,98.7113496052094,2,2.0,0.0,2.0,8.0,0.0,-2.1071,0.0238,412.70392452,416.0011968,-3.297272280000016,1.92e-05
21,27,48,0.125,0.75,13.207708995578503,0.2751606040745522,109.22983639909364,0,2.0,1.0,2.0,7.0,0.875,1.0226,0.3253,414.46637691,415.4980656,-1.03168869000001,0.0049488
22,26,48,0.0833333333333333,0.3333333333333333,13.207708995578503,0.2751606040745522,120.28643121316072,2,2.0,2.0,2.0,6.0,1.5,1.8811,1.1765,418.59506201,418.7045856,-0.1095235899999806,7.68e-05
23,25,48,0.0416666666666666,0.0833333333333333,13.207708995578503,0.2751606040745522,131.8815072270963,0,2.0,3.0,2.0,5.0,1.875,2.0659,1.7963,413.96313269,413.9072928,0.0558398900000156,0.0009696
24,24,48,0.0,0.0,13.207708995578503,0.2751606040745522,144.01541035299215,2,2.0,4.0,2.0,4.0,2.0,1.2555,2.0389,411.67645256,411.4682544,0.2081981599999949,0.0073104
25,23,48,-0.0416666666666666,0.0833333333333333,13.207708995578503,0.2751606040745522,156.68846229033934,0,2.0,5.0,2.0,3.0,1.875,0.9921,1.9981,397.77477647,397.1612352,0.6135412699999847,0.0067008
26,22,48,-0.0833333333333333,0.3333333333333333,13.207708995578503,0.2751606040745522,169.9009631292285,2,2.0,6.0,2.0,2.0,1.5,0.1035,1.439,386.21775004,385.0908192,1.12693084,0.0922176
19,30,49,0.2244897959183673,2.4693877551020407,13.390518279406722,0.2732758832531984,88.12280409073304,1,1.0,1.0,2.0,10.0,0.9090909090909092,-1.973,0.3662,408.30195522,410.2414897,-1.9395344799999636,0.0008036
20,29,49,0.1836734693877551,1.653061224489796,13.390518279406722,0.2732758832531984,98.03522325154556,1,2.0,0.0,2.0,9.0,0.0,-1.9702,0.0627,417.50403418,421.14765,-3.64361581999998,0.0001764
21,28,49,0.1428571428571428,1.0,13.390518279406722,0.2732758832531984,108.48166335423922,1,2.0,1.0,2.0,8.0,0.8888888888888888,-0.5733,0.1563,423.12380421,425.6277445,-2.5039402900000027,0.0022687
22,27,49,0.1020408163265306,0.5102040816326531,13.390518279406722,0.2732758832531984,119.46252569007078,1,2.0,2.0,2.0,7.0,1.5555555555555556,1.4068,0.678,425.9215085,426.8469625,-0.925454000000002,7.84e-05
23,26,49,0.0612244897959183,0.1836734693877551,13.390518279406722,0.2732758832531984,130.97818088262048,1,2.0,3.0,2.0,6.0,2.0,1.6096,1.5379,425.31973638,425.4627615,-0.1430251200000043,0.0008232
24,25,49,0.0204081632653061,0.0204081632653061,13.390518279406722,0.2732758832531984,143.02897247464472,1,2.0,4.0,2.0,5.0,2.2222222222222223,1.2814,1.999,421.71618035,422.0506073,-0.3344269500000223,0.0022001
25,24,49,-0.0204081632653061,0.0204081632653061,13.390518279406722,0.2732758832531984,155.61521996214435,1,2.0,5.0,2.0,4.0,2.2222222222222223,0.6741,2.1249,413.48154968,413.555835,-0.0742853200000013,0.0022148
26,23,49,-0.0612244897959183,0.1836734693877551,13.390518279406722,0.2732758832531984,168.73722137973388,1,2.0,6.0,2.0,3.0,2.0,0.0828,1.8118,400.65868835,399.9042929,0.7543954500000041,0.0242207
19,31,50,0.24,2.88,13.572088082974531,0.2714417616594907,87.53135805474625,0,1.0,1.0,2.0,11.0,0.9166666666666666,-2.2373,0.2429,411.96081512,414.429165,-2.468349880000005,0.00773
20,30,50,0.2,2.0,13.572088082974531,0.2714417616594907,97.37724890792948,2,2.0,0.0,2.0,10.0,0.0,-2.2133,0.1234,424.87778192,427.508195,-2.6304130799999825,0.001585
21,29,50,0.16,1.28,13.572088082974531,0.2714417616594907,107.75357656183463,0,2.0,1.0,2.0,9.0,0.9,-0.3872,0.2389,429.14021498,431.673735,-2.533520020000026,0.002515
22,28,50,0.12,0.72,13.572088082974531,0.2714417616594907,118.6607396144074,2,2.0,2.0,2.0,8.0,1.6,0.0781,0.4285,435.81548667,437.786135,-1.9706483300000173,8.5e-05
23,27,50,0.08,0.32,13.572088082974531,0.2714417616594907,130.0991062017464,0,2.0,3.0,2.0,7.0,2.1,1.381,0.9707,433.87504349,434.79516,-0.920116510000014,9.5e-05
24,26,50,0.04,0.08,13.572088082974531,0.2714417616594907,142.0690175608826,2,2.0,4.0,2.0,6.0,2.4,0.9213,1.7511,434.31880023,435.05094,-0.7321397700000034,9.5e-05
25,25,50,0.0,0.0,13.572088082974531,0.2714417616594907,154.57079104348378,0,2.0,5.0,2.0,5.0,2.5,0.8057,1.8901,426.16604445,426.634115,-0.4680705499999931,0.000115
26,24,50,-0.04,0.08,13.572088082974531,0.2714417616594907,167.60472268387176,2,2.0,6.0,2.0,4.0,2.4,-0.1678,1.9745,417.61323608,417.70134,-0.0881039200000373,0.008385
27,23,50,-0.08,0.32,13.572088082974531,0.2714417616594907,181.17108940201047,0,2.0,7.0,2.0,3.0,2.1,-0.3677,1.2036,400.46448433,400.031935,0.4325493300000289,0.12575
19,32,51,0.2549019607843137,3.313725490196078,13.752451353579682,0.2696559088937193,86.95547718469102,1,1.0,1.0,2.0,12.0,0.9230769230769232,-2.9157,0.1184,417.22761021,419.288085,-2.0604747900000007,0.0130407
20,31,51,0.2156862745098039,2.372549019607843,13.752451353579682,0.2696559088937193,96.73659056478336,1,2.0,0.0,2.0,11.0,0.0,-2.604,0.0587,428.77250566,432.3225885,-3.550082840000016,0.0005202
21,30,51,0.1764705882352941,1.588235294117647,13.752451353579682,0.2696559088937193,107.04465092876973,1,2.0,1.0,2.0,10.0,0.9090909090909092,-0.5573,0.3426,436.75876284,438.4582863,-1.699523460000023,0.0025143
22,29,51,0.1372549019607843,0.9607843137254902,13.752451353579682,0.2696559088937193,117.88005425216494,1,2.0,2.0,2.0,9.0,1.6363636363636365,0.3008,0.5599,442.08416214,444.1585512,-2.0743890599999872,0.0004845
23,28,51,0.0980392156862745,0.4901960784313725,13.752451353579682,0.2696559088937193,129.24316624904958,1,2.0,3.0,2.0,8.0,2.1818181818181817,0.4092,0.6021,444.02727925,445.8463452,-1.819065949999981,9.69e-05
24,27,51,0.0588235294117647,0.1764705882352941,13.752451353579682,0.2696559088937193,141.13432591140904,1,2.0,4.0,2.0,7.0,2.5454545454545454,0.8764,1.1454,443.13688611,444.3116073,-1.1747211900000138,0.0001683
25,26,51,0.0196078431372549,0.0196078431372549,13.752451353579682,0.2696559088937193,153.55384850301076,1,2.0,5.0,2.0,6.0,2.727272727272727,0.5259,1.6545,439.03449261,440.3217702,-1.2872775900000306,0.000306
26,25,51,-0.0196078431372549,0.0196078431372549,13.752451353579682,0.2696559088937193,166.50202811052597,1,2.0,6.0,2.0,5.0,2.727272727272727,-0.0609,1.7603,430.56441491,431.4853827,-0.9209677900000202,0.0013974
27,24,51,-0.0588235294117647,0.1764705882352941,13.752451353579682,0.2696559088937193,179.97913983202403,1,2.0,7.0,2.0,4.0,2.5454545454545454,-0.5527,1.3677,417.68437821,417.8559999,-0.1716216899999949,0.0484398
19,33,52,0.2692307692307692,3.769230769230769,13.93163953576523,0.2679161449185622,86.39445848768132,0,1.0,1.0,2.0,13.0,0.9285714285714286,-2.2928,0.1108,420.07908615,421.9815756,-1.9024894499999616,0.0335348
20,32,52,0.2307692307692307,2.769230769230769,13.93163953576523,0.2679161449185622,96.11246615366036,2,2.0,0.0,2.0,12.0,0.0,-3.3946,0.0121,435.21705116,438.3278692,-3.1108180400000265,0.0006708
21,31,52,0.1923076923076923,1.9230769230769231,13.93163953576523,0.2679161449185622,106.35402105092588,0,2.0,1.0,2.0,11.0,0.9166666666666666,-0.6882,0.2406,441.82811882,443.802814,-1.974695180000026,0.0030732
22,30,52,0.1538461538461538,1.2307692307692308,13.93163953576523,0.2679161449185622,117.11951660024089,2,2.0,2.0,2.0,10.0,1.6666666666666667,0.1795,0.713,450.89751289,451.9746036,-1.07709071000005,0.0027456
23,29,52,0.1153846153846153,0.6923076923076923,13.93163953576523,0.2679161449185622,128.4093161561745,0,2.0,3.0,2.0,9.0,2.25,0.5874,0.7841,451.48483715,453.157588,-1.67275085,0.0001612
24,28,52,0.0769230769230769,0.3076923076923077,13.93163953576523,0.2679161449185622,140.22375652360626,2,2.0,4.0,2.0,8.0,2.6666666666666665,0.1273,0.7564,454.4953727,456.3517192,-1.8563464999999724,0.0001144
25,27,52,0.0384615384615384,0.0769230769230769,13.93163953576523,0.2679161449185622,152.5631509322872,0,2.0,5.0,2.0,7.0,2.9166666666666665,0.5836,1.0524,449.0501066,450.8612524,-1.81114580000002,0.00013
26,26,52,0.0,0.0,13.93163953576523,0.2679161449185622,165.42779157150224,2,2.0,6.0,2.0,6.0,3.0,-0.2179,1.3801,446.0106306,447.6996108,-1.6889802000000032,0.000182
27,25,52,-0.0384615384615384,0.0769230769230769,13.93163953576523,0.2679161449185622,178.81795176444516,0,2.0,7.0,2.0,5.0,2.9166666666666665,-0.4293,1.1884,431.83475214,432.9291512,-1.0943990600000006,0.0052832
28,24,52,-0.0769230769230769,0.3076923076923077,13.93163953576523,0.2679161449185622,192.73388784506943,2,2.0,8.0,2.0,4.0,2.6666666666666665,-1.5422,0.9466,420.06412501,420.3626804,-0.29855538999999,0.0829036
19,34,53,0.2830188679245283,4.245283018867925,14.109682667364163,0.2662204276861163,85.84764346804181,1,1.0,1.0,2.0,14.0,0.9333333333333332,-2.0111,0.1498,424.53890257,425.2109864,-0.6720838300000196,0.111777
20,33,53,0.2452830188679245,3.188679245283019,14.109682667364163,0.2662204276861163,95.50414310855544,1,2.0,0.0,2.0,13.0,0.0,-2.7811,0.0081,438.2875521,441.5206234,-3.233071299999949,0.043778
21,32,53,0.2075471698113207,2.2830188679245285,14.109682667364163,0.2662204276861163,105.68087630150892,1,2.0,1.0,2.0,12.0,0.9230769230769232,-1.195,0.1396,448.501166,450.1201225,-1.6189564999999675,0.0176967
22,31,53,0.1698113207547169,1.528301886792453,14.109682667364163,0.2662204276861163,116.37823397759372,1,2.0,2.0,2.0,11.0,1.6923076923076923,0.2763,0.5739,456.20351221,457.4496568,-1.2461445900000283,0.0028885
23,30,53,0.1320754716981132,0.9245283018867924,14.109682667364163,0.2662204276861163,127.59657719160488,1,2.0,3.0,2.0,10.0,2.3076923076923075,0.3569,1.0119,460.54163789,461.6375525,-1.0959146100000223,0.0031005
24,29,53,0.0943396226415094,0.4716981132075472,14.109682667364163,0.2662204276861163,139.3362406166883,1,2.0,4.0,2.0,9.0,2.769230769230769,0.3453,0.9767,462.20185223,464.2911459,-2.0892936700000178,0.0001166
25,28,53,0.0566037735849056,0.1698113207547169,14.109682667364163,0.2662204276861163,151.59753550007517,1,2.0,5.0,2.0,8.0,3.076923076923077,-0.0794,0.677,460.66165143,462.9115294,-2.24987797,0.0003445
26,27,53,0.0188679245283018,0.0188679245283018,14.109682667364163,0.2662204276861163,164.38075218170167,1,2.0,6.0,2.0,7.0,3.230769230769231,-0.072,0.8246,456.28210443,458.3863205,-2.1042160700000068,0.0016695
27,26,53,-0.0188679245283018,0.0188679245283018,14.109682667364163,0.2662204276861163,177.68616225482154,1,2.0,7.0,2.0,6.0,3.230769230769231,-0.6479,0.8838,447.53763984,449.3158634,-1.778223560000015,0.0017278
28,25,53,-0.0566037735849056,0.1698113207547169,14.109682667364163,0.2662204276861163,191.514020430978,1,2.0,8.0,2.0,5.0,3.076923076923077,-1.4086,0.7953,434.46999373,435.5049697,-1.034975970000005,0.0251485
20,34,54,0.2592592592592592,3.6296296296296298,14.286609467713792,0.2645668419946999,94.91093436838509,2,2.0,0.0,2.0,14.0,0.0,-2.4747,0.0155,443.88434879,445.3648218,-1.4804730100000256,0.048438
21,33,54,0.2222222222222222,2.6666666666666665,14.286609467713792,0.2645668419946999,105.02445640756088,0,2.0,1.0,2.0,13.0,0.9285714285714286,-0.4544,0.1332,452.70675919,453.859821,-1.153061809999997,0.0139752
22,32,54,0.1851851851851851,1.851851851851852,14.286609467713792,0.2645668419946999,115.65536915399512,2,2.0,2.0,2.0,12.0,1.7142857142857142,0.0037,0.4254,464.0316469,464.3833518,-0.3517049000000156,0.0158328
23,31,54,0.1481481481481481,1.1851851851851851,14.286609467713792,0.2645668419946999,126.80403141984868,0,2.0,3.0,2.0,11.0,2.357142857142857,0.8011,0.7886,466.99829068,467.7554628,-0.7571721199999502,0.011178
24,30,54,0.1111111111111111,0.6666666666666666,14.286609467713792,0.2645668419946999,138.47077579949865,2,2.0,4.0,2.0,10.0,2.857142857142857,0.1279,1.2484,472.42675567,474.0102288,-1.5834731300000158,0.000135
25,29,54,0.074074074074074,0.2962962962962963,14.286609467713792,0.2645668419946999,150.65591160691366,0,2.0,5.0,2.0,9.0,3.2142857142857144,0.2133,0.9003,469.5292536,471.8507472,-2.3214935999999966,0.0010044
26,28,54,0.037037037037037,0.074074074074074,14.286609467713792,0.2645668419946999,163.35972737862974,2,2.0,6.0,2.0,8.0,3.4285714285714284,-0.6956,0.501,469.06967511,471.7647684,-2.6950932899999884,0.0003456
27,27,54,0.0,0.0,14.286609467713792,0.2645668419946999,176.58249302094254,0,2.0,7.0,2.0,7.0,3.5,-0.6021,0.4075,460.30017535,462.7378746,-2.43769924999998,0.0003564
28,26,54,-0.037037037037037,0.074074074074074,14.286609467713792,0.2645668419946999,190.3244616632951,2,2.0,8.0,2.0,6.0,3.4285714285714284,-1.6629,0.5643,451.35049092,453.2237712,-1.8732802799999604,0.0046548
20,35,55,0.2727272727272727,4.090909090909091,14.462447418811122,0.2629535894329295,94.33219476951696,1,2.0,0.0,2.0,15.0,0.0,-1.5773,0.1708,446.20207532,446.92593,-0.7238546799999881,0.160215
21,34,55,0.2363636363636363,3.0727272727272728,14.462447418811122,0.2629535894329295,104.38404745808477,1,2.0,1.0,2.0,14.0,0.9333333333333332,-0.0541,0.1749,458.51635311,458.335317,0.1810361100000364,0.0624085
22,33,55,0.2,2.2,14.462447418811122,0.2629535894329295,114.95013595408446,1,2.0,2.0,2.0,13.0,1.7333333333333334,0.683,0.4448,468.45869341,468.543328,-0.0846345899999505,0.028875
23,32,55,0.1636363636363636,1.4727272727272729,14.462447418811122,0.2629535894329295,126.03081688174346,1,2.0,3.0,2.0,12.0,2.4,0.8009,0.5911,475.05531998,475.0536505,0.0016694799999754,0.027016
24,31,55,0.1272727272727272,0.8909090909090909,14.462447418811122,0.2629535894329295,137.62642080737402,1,2.0,4.0,2.0,11.0,2.933333333333333,0.6988,0.9935,479.11852956,480.256491,-1.1379614399999696,0.000231
25,30,55,0.0909090909090909,0.4545454545454545,14.462447418811122,0.2629535894329295,149.737255158837,1,2.0,5.0,2.0,10.0,3.333333333333333,0.0887,1.1658,479.99428984,482.0763585,-2.0820686600000045,0.0002585
26,29,55,0.0545454545454545,0.1636363636363636,14.462447418811122,0.2629535894329295,162.36360671325565,1,2.0,6.0,2.0,9.0,3.6,-0.2968,0.7054,478.18120697,481.0628955,-2.8816885300000195,0.000308
27,28,55,0.0181818181818181,0.0181818181818181,14.462447418811122,0.2629535894329295,175.5057437311145,1,2.0,7.0,2.0,8.0,3.733333333333333,-1.2986,0.1827,473.33425782,476.829122,-3.494864179999979,0.000407
28,27,55,-0.0181818181818181,0.0181818181818181,14.462447418811122,0.2629535894329295,189.1639177983461,1,2.0,8.0,2.0,7.0,3.733333333333333,-1.8222,0.1935,464.36031053,467.3527375,-2.992426969999997,0.000704
29,26,55,-0.0545454545454545,0.1636363636363636,14.462447418811122,0.2629535894329295,203.33836542544208,1,2.0,9.0,2.0,6.0,3.6,-1.6779,0.8305,451.21814246,452.869835,-1.651692539999999,0.155562
20,36,56,0.2857142857142857,4.571428571428571,14.637222840091884,0.2613789792873551,93.76731778396712,2,2.0,0.0,2.0,14.0,0.0,-1.2609,0.4707,451.02288993,449.8572624,1.1656275299999947,0.2496424
21,35,56,0.25,3.5,14.637222840091884,0.2613789792873551,103.75897829467048,0,2.0,1.0,2.0,15.0,0.9375,0.5102,0.4769,461.93167856,461.0803736,0.85130496000005,0.2596664
22,34,56,0.2142857142857142,2.571428571428572,14.637222840091884,0.2613789792873551,114.261795282642,2,2.0,2.0,2.0,14.0,1.75,0.751,0.6588,475.38563325,474.205172,1.1804612500000076,0.1002008
23,33,56,0.1785714285714285,1.7857142857142858,14.637222840091884,0.2613789792873551,125.27612323658356,0,2.0,3.0,2.0,13.0,2.4375,1.2212,0.8034,480.59652979,480.1832336,0.4132961899999827,0.1758848
24,32,56,0.1428571428571428,1.1428571428571428,14.637222840091884,0.2613789792873551,136.80229074332078,2,2.0,4.0,2.0,12.0,3.0,0.8456,0.791,488.30714898,488.5026104,-0.1954614199999582,0.0005768
25,31,56,0.1071428571428571,0.6428571428571429,14.637222840091884,0.2613789792873551,148.84060338978517,0,2.0,5.0,2.0,11.0,3.4375,0.7578,0.9127,487.81215104,489.3468048,-1.5346537599999692,0.0002912
26,30,56,0.0714285714285714,0.2857142857142857,14.637222840091884,0.2613789792873551,161.3913462358304,2,2.0,6.0,2.0,10.0,3.75,-0.3051,0.9425,489.78743713,492.2599528,-2.472515670000007,0.0002688
27,29,56,0.0357142857142857,0.0714285714285714,14.637222840091884,0.2613789792873551,174.4547859355523,0,2.0,7.0,2.0,9.0,3.9375,-0.6491,0.3124,483.57916059,486.9109616,-3.3318010099999924,0.000476
28,28,56,0.0,0.0,14.637222840091884,0.2613789792873551,188.0311725683448,2,2.0,8.0,2.0,8.0,4.0,-2.5892,0.0397,479.8264977,483.9957416,-4.1692438999999695,0.0003976
29,27,56,-0.0357142857142857,0.0714285714285714,14.637222840091884,0.2613789792873551,202.1207412284349,0,2.0,9.0,2.0,7.0,3.9375,-1.6152,0.3448,465.36284028,467.9354792,-2.5726389199999744,0.0063952
21,36,57,0.2631578947368421,3.947368421052632,14.810960957438846,0.2598414203059447,103.14861724186544,1,2.0,1.0,2.0,14.0,0.9333333333333332,0.5432,0.8991,466.95023308,465.0154962,1.9347368800000029,0.179778
22,35,57,0.2280701754385964,2.9649122807017543,14.810960957438846,0.2598414203059447,113.58965152399738,1,2.0,2.0,2.0,15.0,1.7647058823529411,1.5838,0.9616,479.00773743,477.2553456,1.752391830000022,0.2058783
23,34,57,0.1929824561403508,2.12280701754386,14.810960957438846,0.2598414203059447,124.53918781444725,1,2.0,3.0,2.0,14.0,2.4705882352941178,1.166,1.1849,487.73817856,486.5062119,1.231966660000012,0.0847647
24,33,57,0.1578947368421052,1.4210526315789471,14.810960957438846,0.2598414203059447,135.99755276713233,1,2.0,4.0,2.0,13.0,3.0588235294117645,1.1905,1.1239,494.06988925,493.8137886,0.2561006500000076,0.0018639
25,32,57,0.1228070175438596,0.8596491228070176,14.810960957438846,0.2598414203059447,147.96505017137233,1,2.0,5.0,2.0,12.0,3.5294117647058822,0.9797,0.7389,497.22801381,497.9927322,-0.7647183899999845,0.0015048
26,31,57,0.087719298245614,0.4385964912280701,14.810960957438846,0.2598414203059447,160.44196341015947,1,2.0,6.0,2.0,11.0,3.882352941176471,0.3618,0.7139,497.83714593,499.9061253,-2.068979369999965,0.0002679
27,30,57,0.0526315789473684,0.1578947368421052,14.810960957438846,0.2598414203059447,173.42855756899976,1,2.0,7.0,2.0,10.0,4.117647058823529,-0.4096,0.4629,495.42073397,498.2874165,-2.8666825299999914,0.000513
28,29,57,0.0175438596491228,0.0175438596491228,14.810960957438846,0.2598414203059447,186.92508125619776,1,2.0,8.0,2.0,9.0,4.235294117647059,-1.6375,0.1058,490.30913065,494.2433748,-3.934244150000041,0.0005643
29,28,57,-0.0175438596491228,0.0175438596491228,14.810960957438846,0.2598414203059447,200.9317681830415,1,2.0,9.0,2.0,8.0,4.235294117647059,-2.2,0.1102,481.06749339,484.6860822,-3.6185888100000057,0.0005016
21,37,58,0.2758620689655172,4.413793103448276,14.983685966957935,0.2583394132234127,102.5523691399722,0,2.0,1.0,2.0,13.0,0.9285714285714286,1.0274,0.867,469.64039961,467.1867288,2.4536708099999487,0.1900254
22,36,58,0.2413793103448276,3.3793103448275863,14.983685966957935,0.2583394132234127,112.93304927447726,2,2.0,2.0,2.0,14.0,1.75,1.3623,1.5107,485.10779465,481.842482,3.2653126499999985,0.183338
23,35,58,0.2068965517241379,2.4827586206896552,14.983685966957935,0.2583394132234127,123.81929203366742,0,2.0,3.0,2.0,15.0,2.5,1.9768,1.3964,492.43965849,490.573048,1.866610490000028,0.095816
24,34,58,0.1724137931034483,1.7241379310344829,14.983685966957935,0.2583394132234127,135.2114221832449,2,2.0,4.0,2.0,14.0,3.111111111111111,1.0302,1.6354,502.30823768,501.3519246,0.9563130799999726,0.0029812
25,33,58,0.1379310344827586,1.103448275862069,14.983685966957935,0.2583394132234127,147.10974175648246,0,2.0,5.0,2.0,13.0,3.611111111111111,1.3173,1.1265,504.08320639,504.4053404,-0.3221340100000134,0.0027028
26,32,58,0.1034482758620689,0.6206896551724138,14.983685966957935,0.2583394132234127,159.5145324982838,2,2.0,6.0,2.0,12.0,4.0,0.6262,0.5904,508.36066452,509.9506972,-1.5900326799999789,0.000319
27,31,58,0.0689655172413793,0.2758620689655172,14.983685966957935,0.2583394132234127,172.4260579618346,0,2.0,7.0,2.0,11.0,4.277777777777778,0.1988,0.2951,504.57173081,506.8603702,-2.288639389999957,0.0011542
28,30,58,0.0344827586206896,0.0689655172413793,14.983685966957935,0.2583394132234127,185.844565318365,2,2.0,8.0,2.0,10.0,4.444444444444445,-1.1738,0.2007,503.26507515,506.4596018,-3.19452665,0.000348
29,29,58,0.0,0.0,14.983685966957935,0.2583394132234127,199.7702869282005,0,2.0,9.0,2.0,9.0,4.5,-1.0297,0.1686,493.90561557,497.1162368,-3.210621230000015,0.0005626
30,28,58,-0.0344827586206896,0.0689655172413793,14.983685966957935,0.2583394132234127,214.2034417117916,2,2.0,10.0,2.0,8.0,4.444444444444445,-2.1888,0.2176,484.55701824,486.9649086,-2.4078903600000103,0.0500018
21,38,59,0.288135593220339,4.898305084745763,15.155421094002053,0.2568715439661365,101.96967264762075,1,2.0,1.0,2.0,12.0,0.9230769230769232,1.137,0.7178,473.93209346,470.6080307,3.324062760000004,0.2496408
23,36,59,0.2203389830508474,2.864406779661017,15.155421094002053,0.2568715439661365,123.11575814402146,1,2.0,3.0,2.0,14.0,2.4705882352941178,2.1869,1.708,498.74068723,495.8244006,2.916286630000002,0.1373992
24,35,59,0.1864406779661017,2.0508474576271185,15.155421094002053,0.2568715439661365,134.44315888428113,1,2.0,4.0,2.0,15.0,3.1578947368421053,1.5927,1.8637,507.21797479,505.5473705,1.6706042900000284,0.0006726
25,34,59,0.1525423728813559,1.3728813559322033,15.155421094002053,0.2568715439661365,146.27387290985223,1,2.0,5.0,2.0,14.0,3.684210526315789,1.1631,1.6761,512.53608307,512.1744216,0.3616614700000582,0.0023305
26,33,59,0.1186440677966101,0.8305084745762712,15.155421094002053,0.2568715439661365,158.60818036478057,1,2.0,6.0,2.0,13.0,4.105263157894737,1.0095,1.0008,515.43564186,516.5317014,-1.096059539999942,0.0003304
27,32,59,0.0847457627118644,0.423728813559322,15.155421094002053,0.2568715439661365,171.44634330475813,1,2.0,7.0,2.0,12.0,4.421052631578948,0.365,0.2405,515.3192761,517.3142361,-1.994959999999992,0.0003953
28,31,59,0.0508474576271186,0.1525423728813559,15.155421094002053,0.2568715439661365,184.7886074966029,1,2.0,8.0,2.0,11.0,4.631578947368421,-0.6673,0.0871,512.64332608,515.4588808,-2.815554720000023,0.000354
29,30,59,0.0169491525423728,0.0169491525423728,15.155421094002053,0.2568715439661365,198.63520398038276,1,2.0,9.0,2.0,10.0,4.7368421052631575,-0.4604,0.3011,507.09102698,509.8781593,-2.787132320000012,0.000531
30,29,59,-0.0169491525423728,0.0169491525423728,15.155421094002053,0.2568715439661365,212.98635043265492,1,2.0,10.0,2.0,9.0,4.7368421052631575,-1.0017,0.3165,497.62530945,499.9530318,-2.327722350000045,0.0007611
22,38,60,0.2666666666666666,4.266666666666667,15.32618864787106,0.2554364774645177,111.66403119082769,2,2.0,2.0,2.0,12.0,1.7142857142857142,1.6871,1.3652,493.32979899,489.167148,4.162650989999975,0.240324
23,37,60,0.2333333333333333,3.2666666666666666,15.32618864787106,0.2554364774645177,122.42794626106264,0,2.0,3.0,2.0,13.0,2.4375,2.4852,1.7289,502.66976278,499.372506,3.297256779999998,0.181944
24,36,60,0.2,2.4,15.32618864787106,0.2554364774645177,133.69206411252208,2,2.0,4.0,2.0,14.0,3.111111111111111,1.7303,1.9903,514.58239985,512.411256,2.1711438500000213,0.001116
25,35,60,0.1666666666666666,1.6666666666666667,15.32618864787106,0.2554364774645177,145.4566833845592,0,2.0,5.0,2.0,15.0,3.75,1.772,1.8961,518.50603851,517.688352,0.8176865100000441,0.002328
26,34,60,0.1333333333333333,1.0666666666666669,15.32618864787106,0.2554364774645177,157.72208265613668,2,2.0,6.0,2.0,14.0,4.2,0.8505,1.5577,524.96395246,525.351234,-0.3872815400000036,0.003408
27,33,60,0.1,0.6,15.32618864787106,0.2554364774645177,170.4885225189177,0,2.0,7.0,2.0,13.0,4.55,0.9733,0.5801,523.46456634,524.806152,-1.3415856599999645,0.000402
28,32,60,0.0666666666666666,0.2666666666666666,15.32618864787106,0.2554364774645177,183.75624736669255,2,2.0,8.0,2.0,12.0,4.8,-0.5412,0.0742,524.47445682,526.846614,-2.3721571800000447,0.000354
29,31,60,0.0333333333333333,0.0666666666666666,15.32618864787106,0.2554364774645177,197.52548694877552,0,2.0,9.0,2.0,11.0,4.95,0.2935,0.1552,517.54579929,519.936282,-2.3904827100000148,0.001614
30,30,60,0.0,0.0,15.32618864787106,0.2554364774645177,211.79645772562847,2,2.0,10.0,2.0,10.0,5.0,-0.2605,0.4084,513.11391294,514.983144,-1.869231060000061,0.000546
23,38,61,0.2459016393442623,3.6885245901639343,15.496010072571345,0.2540329520093663,121.75525166119613,1,2.0,3.0,2.0,12.0,2.4,1.1171,1.6085,508.19666162,504.5335437,3.663117919999991,0.2349171
24,37,61,0.2131147540983606,2.7704918032786887,15.496010072571345,0.2540329520093663,132.95747750611335,1,2.0,4.0,2.0,13.0,3.0588235294117645,0.8166,2.1044,518.70684995,516.0705774,2.636272549999944,0.0018605
25,36,61,0.180327868852459,1.9836065573770487,15.496010072571345,0.2540329520093663,144.65745470830063,1,2.0,5.0,2.0,14.0,3.684210526315789,2.0874,1.9752,526.07254943,524.5338577,1.5386917299999825,0.0023302
26,35,61,0.1475409836065573,1.3278688524590163,15.496010072571345,0.2540329520093663,156.855460316036,1,2.0,6.0,2.0,15.0,4.285714285714286,1.3582,1.7789,531.14177418,530.9298846,0.2118895799999336,0.0026108
27,34,61,0.1147540983606557,0.8032786885245902,15.496010072571345,0.2540329520093663,169.55175348913144,1,2.0,7.0,2.0,14.0,4.666666666666667,1.0285,1.0342,533.20559274,534.125211,-0.9196182599999928,0.0008418
28,33,61,0.081967213114754,0.4098360655737705,15.496010072571345,0.2540329520093663,182.7465772785272,1,2.0,8.0,2.0,13.0,4.9523809523809526,0.2848,0.3615,532.8363815,534.6667141,-1.83033260000002,0.0003538
29,32,61,0.0491803278688524,0.1475409836065573,15.496010072571345,0.2540329520093663,196.44016017115308,1,2.0,9.0,2.0,12.0,5.142857142857143,0.594,0.1712,529.59655221,531.6464028,-2.049850590000005,0.0009516
30,31,61,0.0163934426229508,0.0163934426229508,15.496010072571345,0.2540329520093663,210.6327174381039,1,2.0,10.0,2.0,11.0,5.238095238095238,0.7652,0.2457,523.79036428,525.2288978,-1.4385335200000782,0.0158966
31,30,61,-0.0163934426229508,0.0163934426229508,15.496010072571345,0.2540329520093663,225.3244523169361,1,2.0,11.0,2.0,10.0,5.238095238095238,0.2428,0.2639,514.06304423,515.2323093,-1.1692650700000513,0.0379908
23,39,62,0.2580645161290322,4.129032258064516,15.664905993978548,0.2526597740964282,121.09710231071654,0,2.0,3.0,2.0,11.0,2.357142857142857,0.854,1.3008,511.4134109,507.640903,3.7725078999999937,0.2642874
24,38,62,0.2258064516129032,3.161290322580645,15.664905993978548,0.2526597740964282,132.23877440075944,2,2.0,4.0,2.0,12.0,3.0,0.5711,2.133,525.26537954,522.4980002,2.767379340000048,0.0034472
25,37,62,0.1935483870967742,2.3225806451612905,15.664905993978548,0.2526597740964282,143.87550724764222,0,2.0,5.0,2.0,13.0,3.611111111111111,1.3668,1.7948,531.22636489,529.3870124,1.8393524900000104,0.006541
26,36,62,0.1612903225806451,1.6129032258064515,15.664905993978548,0.2526597740964282,156.00757640205552,2,2.0,6.0,2.0,14.0,4.2,1.6111,1.8438,539.75281081,538.9587522,0.7940586099999791,0.0027962
27,35,62,0.1290322580645161,1.032258064516129,15.664905993978548,0.2526597740964282,168.63523962292007,0,2.0,7.0,2.0,15.0,4.7727272727272725,1.5289,1.2002,540.42388976,540.7227514,-0.298861640000041,0.0185752
28,34,62,0.0967741935483871,0.5806451612903226,15.664905993978548,0.2526597740964282,181.75873864736155,2,2.0,8.0,2.0,14.0,5.090909090909091,0.534,0.7342,543.63125854,545.262441,-1.631182459999991,0.0004278
29,33,62,0.064516129032258,0.2580645161290322,15.664905993978548,0.2526597740964282,195.3783007272212,0,2.0,9.0,2.0,13.0,5.318181818181818,1.3047,0.5768,539.0064921,540.5212018,-1.5147097000000258,0.0006386
30,32,62,0.032258064516129,0.064516129032258,15.664905993978548,0.2526597740964282,209.49413996994355,2,2.0,10.0,2.0,12.0,5.454545454545454,1.2544,0.2953,536.90072272,538.1193962,-1.2186734800000067,0.0006138
31,31,62,0.0,0.0,15.664905993978548,0.2526597740964282,224.10645851448217,0,2.0,11.0,2.0,11.0,5.5,1.3205,0.1339,526.97445754,528.1559838,-1.1815262599999414,0.0006386
23,40,63,0.2698412698412698,4.587301587301587,15.832896263712229,0.2513158137097179,120.45295660516037,1,2.0,3.0,2.0,10.0,2.3076923076923075,0.2829,1.0628,516.22553298,512.2391967,3.986336280000046,0.3399984
24,39,63,0.238095238095238,3.571428571428572,15.832896263712229,0.2513158137097179,131.53536336108235,1,2.0,4.0,2.0,11.0,2.933333333333333,0.2702,1.8777,528.66505934,525.8950074,2.7700519399999166,0.0726579
25,38,63,0.2063492063492063,2.6825396825396823,15.832896263712229,0.2513158137097179,143.11019752214202,1,2.0,5.0,2.0,12.0,3.5294117647058822,1.0849,1.7726,537.97487905,535.821426,2.153453050000053,0.0037233
26,37,63,0.1746031746031746,1.9206349206349207,15.832896263712229,0.2513158137097179,155.17773317330702,1,2.0,6.0,2.0,13.0,4.105263157894737,2.2148,1.5955,545.10280866,543.7876437,1.315164960000061,0.0043029
27,36,63,0.1428571428571428,1.2857142857142858,15.832896263712229,0.2513158137097179,167.73822670241412,1,2.0,7.0,2.0,14.0,4.666666666666667,1.7497,1.2209,549.23645037,549.2212236,0.0152267699999129,0.0185724
28,35,63,0.1111111111111111,0.7777777777777778,15.832896263712229,0.2513158137097179,180.79191856072893,1,2.0,8.0,2.0,15.0,5.217391304347826,1.0509,0.8452,551.0555649,552.1002165,-1.044651599999952,0.0004284
29,34,63,0.0793650793650793,0.3968253968253968,15.832896263712229,0.2513158137097179,194.3390347912834,1,2.0,9.0,2.0,14.0,5.478260869565218,1.4604,0.999,550.01100762,551.3848452,-1.3738375799999858,0.0004284
30,33,63,0.0476190476190476,0.1428571428571428,15.832896263712229,0.2513158137097179,208.3797883626311,1,2.0,10.0,2.0,13.0,5.652173913043479,1.8314,0.7637,546.523074,547.2360558,-0.7129818000000796,0.0015624
31,32,63,0.0158730158730158,0.0158730158730158,15.832896263712229,0.2513158137097179,222.91438033849812,1,2.0,11.0,2.0,12.0,5.739130434782608,1.9364,0.2098,540.29914406,540.7873821,-0.488238039999942,0.0013041
32,31,63,-0.0158730158730158,0.0158730158730158,15.832896263712229,0.2513158137097179,237.94300090819897,1,2.0,12.0,2.0,11.0,5.739130434782608,1.4636,0.2212,530.35267084,530.3791521,-0.0264812600000823,0.0372582
24,40,64,0.25,4.0,15.999999999999998,0.25,130.84668391879646,2,2.0,4.0,2.0,10.0,2.857142857142857,-0.4252,1.6918,534.47852599,531.4280064,3.0505195900000217,0.2999424
25,39,64,0.21875,3.0625,15.999999999999998,0.25,142.3609157434889,0,2.0,5.0,2.0,11.0,3.4375,0.7678,1.4948,542.37441808,539.99472,2.3796980800000256,0.0035392
26,38,64,0.1875,2.25,15.999999999999998,0.25,154.36526942206763,2,2.0,6.0,2.0,12.0,4.0,2.4536,1.2612,552.86623391,551.1928832,1.6733507100000224,0.0050176
27,37,64,0.15625,1.5625,15.999999999999998,0.25,166.86000000000004,0,2.0,7.0,2.0,13.0,4.55,2.2143,1.0021,555.59823018,555.2334272,0.3648029799999222,0.0200064
28,36,64,0.125,1.0,15.999999999999998,0.25,179.84534666962148,2,2.0,8.0,2.0,14.0,5.090909090909091,1.0998,0.866,560.89331555,561.7576768,-0.8643612500000017,0.0004608
29,35,64,0.09375,0.5625,15.999999999999998,0.25,193.321534290471,0,2.0,9.0,2.0,15.0,5.625,1.9663,1.0961,558.45573109,559.3007104,-0.8449793099999852,0.0004288
30,34,64,0.0625,0.25,15.999999999999998,0.25,207.28877471606305,2,2.0,10.0,2.0,14.0,5.833333333333333,1.8455,1.249,558.55977092,559.0979648,-0.5381938799999944,0.0006464
31,33,64,0.03125,0.0625,15.999999999999998,0.25,221.74726795741472,0,2.0,11.0,2.0,13.0,5.958333333333333,2.7384,0.5457,550.94726001,551.1444288,-0.1971687899999779,0.0014272
32,32,64,0.0,0.0,15.999999999999998,0.25,236.69720320806675,2,2.0,12.0,2.0,12.0,6.0,2.1159,0.1514,545.8656,545.8447552,0.0208447999999634,0.0037248
25,40,65,0.2307692307692307,3.4615384615384617,16.166235625781553,0.2487113173197162,141.627083557617,1,2.0,5.0,2.0,10.0,3.333333333333333,0.0579,1.2937,548.36615489,546.044343,2.321811889999936,0.0037245
26,39,65,0.2,2.6,16.166235625781553,0.2487113173197162,153.56955802550138,1,2.0,6.0,2.0,11.0,3.882352941176471,0.7088,0.8448,557.45056975,555.512555,1.9380147499999796,0.005109
27,38,65,0.1692307692307692,1.8615384615384616,16.166235625781553,0.2487113173197162,165.99988163187143,1,2.0,7.0,2.0,12.0,4.421052631578948,2.0435,0.7954,563.5521895,562.697512,0.8546775000000935,0.00208
28,37,65,0.1384615384615384,1.2461538461538462,16.166235625781553,0.2487113173197162,178.9182923360904,1,2.0,8.0,2.0,13.0,4.9523809523809526,1.291,0.7386,567.45057729,567.855756,-0.4051787100000865,0.000481
29,36,65,0.1076923076923077,0.7538461538461538,16.166235625781553,0.2487113173197162,192.3250138386069,1,2.0,9.0,2.0,14.0,5.478260869565218,2.1924,1.0275,568.49312216,569.2112855,-0.7181633400000464,0.0006435
30,35,65,0.0769230769230769,0.3846153846153846,16.166235625781553,0.2487113173197162,206.22025690088768,1,2.0,10.0,2.0,15.0,6.0,2.3715,1.3692,567.2075039,567.07729,0.1302139000000579,0.0006435
31,34,65,0.0461538461538461,0.1384615384615384,16.166235625781553,0.2487113173197162,220.60422050294684,1,2.0,11.0,2.0,14.0,6.16,2.8768,0.9719,563.18954614,563.0404065,0.1491396399999303,0.000793
32,33,65,0.0153846153846153,0.0153846153846153,16.166235625781553,0.2487113173197162,235.47709286308333,1,2.0,12.0,2.0,13.0,6.24,3.2482,0.3925,556.72109547,556.078796,0.6422994700000118,0.0021645
33,32,65,-0.0153846153846153,0.0153846153846153,16.166235625781553,0.2487113173197162,250.8390523400492,1,2.0,13.0,2.0,12.0,6.24,2.9206,0.4161,546.51858862,545.7552815,0.7633071199999222,0.0847665
25,41,66,0.2424242424242424,3.878787878787879,16.331620904278438,0.2474488015799764,140.90815197021726,0,2.0,5.0,2.0,9.0,3.2142857142857144,-0.0444,1.7636,552.0669786,549.8987076,2.1682710000000043,0.0111804
26,40,66,0.2121212121212121,2.9696969696969697,16.331620904278438,0.2474488015799764,152.7900036962432,2,2.0,6.0,2.0,10.0,3.75,0.1475,0.5977,564.42886443,562.433817,1.99504743,0.0040986
27,39,66,0.1818181818181818,2.1818181818181817,16.331620904278438,0.2474488015799764,165.15722812653942,0,2.0,7.0,2.0,11.0,4.277777777777778,2.2462,0.3135,569.12074826,567.9921654,1.1285828600000514,0.0139722
28,38,66,0.1515151515151515,1.5151515151515151,16.331620904278438,0.2474488015799764,178.01006201253293,2,2.0,8.0,2.0,12.0,4.8,1.1078,0.5291,576.40214386,576.8075676,-0.4054237399999465,0.0013992
29,37,66,0.1212121212121212,0.9696969696969696,16.331620904278438,0.2474488015799764,191.3487279191174,0,2.0,9.0,2.0,13.0,5.318181818181818,2.4476,0.8822,576.04413902,576.277218,-0.2330789799999593,0.0006468
30,36,66,0.0909090909090909,0.5454545454545454,16.331620904278438,0.2474488015799764,205.173435537886,2,2.0,10.0,2.0,14.0,5.833333333333333,2.6648,1.2631,578.25051724,578.135811,0.1147062400000322,0.0007458
31,35,66,0.0606060606060606,0.2424242424242424,16.331620904278438,0.2474488015799764,219.48438283878463,0,2.0,11.0,2.0,15.0,6.346153846153846,3.4138,1.1052,572.83753209,572.1779646,0.6595674899999722,0.0010956
32,34,66,0.0303030303030303,0.0606060606060606,16.331620904278438,0.2474488015799764,234.28175708467296,2,2.0,12.0,2.0,14.0,6.461538461538462,3.4979,0.7722,569.97398456,569.2789278,0.6950567599999431,0.0024024
33,33,66,0.0,0.0,16.331620904278438,0.2474488015799764,249.56573572891307,0,2.0,13.0,2.0,13.0,6.5,3.429,0.6516,559.50114423,558.9146244,0.5865198300000429,0.0056826
26,41,67,0.2238805970149253,3.3582089552238807,16.496172972233907,0.2462115368990136,152.0260409129503,1,2.0,6.0,2.0,9.0,3.6,-0.0129,1.0317,568.30344128,566.1457053,2.157735979999984,0.003819
27,40,67,0.1940298507462686,2.5223880597014925,16.496172972233907,0.2462115368990136,164.33142818787763,1,2.0,7.0,2.0,10.0,4.117647058823529,1.5867,0.1306,576.27884839,574.9767274,1.3021209900000486,0.0064454
28,39,67,0.1641791044776119,1.8059701492537317,16.496172972233907,0.2462115368990136,177.1199968306536,1,2.0,8.0,2.0,11.0,4.631578947368421,1.1067,0.1469,582.15583099,582.6152835,-0.4594525100000055,0.0028877
29,38,67,0.1343283582089552,1.208955223880597,16.496172972233907,0.2462115368990136,190.3919682933289,1,2.0,9.0,2.0,12.0,5.142857142857143,2.3258,0.6431,585.1854275,585.4097999,-0.2243724000001066,0.0008911
30,37,67,0.1044776119402985,0.7313432835820896,16.496172972233907,0.2462115368990136,204.14755121902107,1,2.0,10.0,2.0,13.0,5.652173913043479,3.1318,1.019,585.99512017,585.1882778,0.806842369999913,0.0007571
31,36,67,0.0746268656716417,0.373134328358209,16.496172972233907,0.2462115368990136,218.38694258780984,1,2.0,11.0,2.0,14.0,6.16,3.7041,0.9912,584.07726629,583.404711,0.6725552899999911,0.0011792
32,35,67,0.044776119402985,0.1343283582089552,16.496172972233907,0.2462115368990136,233.1103287262249,1,2.0,12.0,2.0,15.0,6.666666666666667,4.0595,0.9031,579.82109676,578.4169228,1.4041739600000938,0.0043215
33,34,67,0.0149253731343283,0.0149253731343283,16.496172972233907,0.2462115368990136,248.31788620034675,1,2.0,13.0,2.0,14.0,6.7407407407407405,3.2828,1.1971,572.95483558,571.5480895,1.4067460800000615,0.0004422
34,33,67,-0.0149253731343283,0.0149253731343283,16.496172972233907,0.2462115368990136,264.00978260908107,1,2.0,14.0,2.0,13.0,6.7407407407407405,3.0034,1.2589,562.53769601,560.7588048,1.7788912099999834,0.067067
27,41,68,0.2058823529411764,2.8823529411764706,16.659908371007916,0.2449986525148223,163.52190063449302,0,2.0,7.0,2.0,9.0,3.9375,1.7061,0.272,581.11120172,579.3688468,1.7423549200000252,0.0038556
28,40,68,0.1764705882352941,2.117647058823529,16.659908371007916,0.2449986525148223,176.24747038047337,2,2.0,8.0,2.0,10.0,4.444444444444445,0.3445,0.021,590.28502275,590.4077356,-0.1227128499999707,0.0029784
29,39,68,0.1470588235294117,1.4705882352941178,16.659908371007916,0.2449986525148223,189.45406161305365,0,2.0,9.0,2.0,11.0,4.95,2.5251,0.2152,591.90715364,591.7286084,0.1785452400000622,0.0015844
30,38,68,0.1176470588235294,0.9411764705882352,16.659908371007916,0.2449986525148223,203.14188194753604,2,2.0,10.0,2.0,12.0,5.454545454545454,3.0907,0.7568,596.11635948,595.386376,0.7299834799999871,0.000782
31,37,68,0.088235294117647,0.5294117647058824,16.659908371007916,0.2449986525148223,217.3111273936393,0,2.0,11.0,2.0,13.0,5.958333333333333,4.1061,0.7777,592.7973641,591.682926,1.1144381000000294,0.001428
32,36,68,0.0588235294117647,0.2352941176470588,16.659908371007916,0.2449986525148223,231.96198336001368,2,2.0,12.0,2.0,14.0,6.461538461538462,4.3695,0.7868,592.04683433,590.7933228,1.2535115299999688,0.0018768
33,35,68,0.0294117647058823,0.0588235294117647,16.659908371007916,0.2449986525148223,247.0946255429417,0,2.0,13.0,2.0,15.0,6.964285714285714,4.3137,1.3031,583.78209189,581.9267076,1.8553842899999609,0.0018428
34,34,68,0.0,0.0,16.659908371007916,0.2449986525148223,262.70922071570544,2,2.0,14.0,2.0,14.0,7.0,3.0887,1.7298,578.07644729,576.4392776,1.6371696900000643,0.0004964
27,42,69,0.217391304347826,3.260869565217391,16.82284307569508,0.2438093199376099,162.72809249915835,1,2.0,7.0,2.0,8.0,3.733333333333333,1.2973,0.626,587.5299641,586.1830278,1.3469363000000385,0.085698
28,41,69,0.1884057971014492,2.449275362318841,16.82284307569508,0.2438093199376099,175.39188666185643,1,2.0,8.0,2.0,9.0,4.235294117647059,0.5234,0.1363,595.29238006,594.9938862,0.2984938600000077,0.003726
29,40,69,0.1594202898550724,1.7536231884057971,16.82284307569508,0.2438093199376099,188.53436721862025,1,2.0,9.0,2.0,10.0,4.7368421052631575,1.953,0.0575,600.21629847,599.9691036,0.2471948699999302,0.0014007
30,39,69,0.1304347826086956,1.173913043478261,16.82284307569508,0.2438093199376099,202.155740776895,1,2.0,10.0,2.0,11.0,5.238095238095238,3.452,0.2913,603.02231244,601.8684459,1.1538665399999672,0.0007935
31,38,69,0.1014492753623188,0.7101449275362319,16.82284307569508,0.2438093199376099,216.25620239488092,1,2.0,11.0,2.0,12.0,5.739130434782608,4.085,0.5312,603.10642863,601.9960062,1.1104224299999714,0.0012006
32,37,69,0.072463768115942,0.3623188405797101,16.82284307569508,0.2438093199376099,230.835936581172,1,2.0,12.0,2.0,13.0,6.24,4.7025,0.6018,600.95768041,598.986516,1.9711644099999148,0.0013179
33,36,69,0.0434782608695652,0.1304347826086956,16.82284307569508,0.2438093199376099,245.89511817914288,1,2.0,13.0,2.0,14.0,6.7407407407407405,4.5709,1.1671,596.20082542,594.2156766,1.9851488199999492,0.0320022
34,35,69,0.0144927536231884,0.0144927536231884,16.82284307569508,0.2438093199376099,261.4339131524838,1,2.0,14.0,2.0,15.0,7.241379310344827,4.0629,1.7798,589.09827191,586.7558658,2.342406109999956,0.0014904
35,34,69,-0.0144927536231884,0.0144927536231884,16.82284307569508,0.2438093199376099,277.45247928553187,1,2.0,15.0,2.0,14.0,7.241379310344827,3.644,1.9301,578.43022172,575.7982794,2.6319423200000074,0.0420003
27,43,70,0.2285714285714285,3.657142857142857,16.984992522418104,0.2426427503202586,161.94947727375347,0,2.0,7.0,2.0,7.0,3.5,0.4636,1.0589,591.67761471,590.39386,1.2837547099999256,0.01099
28,42,70,0.2,2.8,16.984992522418104,0.2426427503202586,174.55267819286934,2,2.0,8.0,2.0,8.0,4.0,0.1907,0.4294,602.65676482,602.300419,0.3563458200000013,0.002142
29,41,70,0.1714285714285714,2.057142857142857,16.984992522418104,0.2426427503202586,187.63227510548836,0,2.0,9.0,2.0,9.0,4.5,2.1407,0.1675,606.1669209,605.280585,0.8863359000000628,0.001085
30,40,70,0.1428571428571428,1.4285714285714286,16.984992522418104,0.2426427503202586,201.1884736304881,2,2.0,10.0,2.0,10.0,5.0,3.0456,0.1106,612.28663128,611.086602,1.2000292800000807,0.001918
31,39,70,0.1142857142857142,0.9142857142857144,16.984992522418104,0.2426427503202586,215.2214678927619,0,2.0,11.0,2.0,11.0,5.5,4.4046,0.1479,610.96389766,609.649656,1.314241659999993,0.001204
32,38,70,0.0857142857142857,0.5142857142857142,16.984992522418104,0.2426427503202586,229.73144151807384,2,2.0,12.0,2.0,12.0,6.0,4.6797,0.3683,612.22886921,610.519196,1.7096732100000054,0.000819
33,37,70,0.0571428571428571,0.2285714285714285,16.984992522418104,0.2426427503202586,244.7185685132147,0,2.0,13.0,2.0,13.0,6.5,5.0252,0.9705,606.06883715,603.508787,2.560050150000052,0.0014
34,36,70,0.0285714285714285,0.0571428571428571,16.984992522418104,0.2426427503202586,260.1830140477778,2,2.0,14.0,2.0,14.0,7.0,4.4764,1.6191,602.48347862,600.322366,2.16111262000004,0.001582
35,35,70,0.0,0.0,16.984992522418104,0.2426427503202586,276.1249351511399,0,2.0,15.0,2.0,15.0,7.5,4.4312,1.9346,591.48190664,589.035748,2.446158640000021,0.014903
27,44,71,0.2394366197183098,4.070422535211268,17.146371633935342,0.2414981920272584,161.18555328667335,1,2.0,7.0,2.0,6.0,3.230769230769231,-0.5095,1.4943,597.40810661,596.3101424,1.0979642099999865,0.4650287
28,43,71,0.2112676056338028,3.1690140845070425,17.146371633935342,0.2414981920272584,173.7293042609164,1,2.0,8.0,2.0,7.0,3.733333333333333,-0.1379,0.608,606.96956344,606.5641044,0.4054590399999824,0.0022365
29,42,71,0.1830985915492957,2.380281690140845,17.146371633935342,0.2414981920272584,186.7472040443375,1,2.0,9.0,2.0,8.0,4.235294117647059,1.7841,0.4722,613.70169113,613.0866543,0.6150368300000082,0.001491
30,41,71,0.1549295774647887,1.704225352112676,17.146371633935342,0.2414981920272584,200.23945728589956,1,2.0,10.0,2.0,9.0,4.7368421052631575,3.1373,0.2803,618.41225008,616.9219607,1.4902893800000356,0.0026554
31,40,71,0.1267605633802817,1.1408450704225352,17.146371633935342,0.2414981920272584,214.2062571947986,1,2.0,11.0,2.0,10.0,5.238095238095238,3.9523,0.0521,620.40719718,618.949955,1.4572421799999802,0.0008094
32,39,71,0.0985915492957746,0.6901408450704225,17.146371633935342,0.2414981920272584,228.6477865306268,1,2.0,12.0,2.0,11.0,5.739130434782608,4.948,0.0574,620.26867668,617.9351378,2.333538879999992,0.0008165
33,38,71,0.0704225352112676,0.352112676056338,17.146371633935342,0.2414981920272584,243.5642184793757,1,2.0,13.0,2.0,12.0,6.24,4.8698,0.6807,617.52509559,615.139385,2.3857105900000306,0.0041606
34,37,71,0.0422535211267605,0.1267605633802817,17.146371633935342,0.2414981920272584,258.9557174315256,1,2.0,14.0,2.0,13.0,6.7407407407407405,4.8305,1.4097,612.53866462,609.6103026,2.9283620200000087,0.0027974
35,36,71,0.0140845070422535,0.0140845070422535,17.146371633935342,0.2414981920272584,274.82243967573714,1,2.0,15.0,2.0,14.0,7.241379310344827,4.988,1.6805,605.05576568,602.1838659,2.871899780000035,0.0054031
36,35,71,-0.0140845070422535,0.0140845070422535,17.146371633935342,0.2414981920272584,291.164534019467,1,2.0,14.0,2.0,15.0,7.241379310344827,4.6869,1.8204,594.17725188,591.226301,2.9509508799999367,0.1287656
28,44,72,0.2222222222222222,3.555555555555556,17.306994843688898,0.2403749283845681,172.9212493040323,2,2.0,8.0,2.0,6.0,3.4285714285714284,-1.0859,0.9196,613.62122699,613.4552496,0.1659773899999663,0.0022392
29,43,72,0.1944444444444444,2.7222222222222223,17.306994843688898,0.2403749283845681,185.87859984106717,0,2.0,9.0,2.0,7.0,3.9375,1.1135,0.8448,618.9339098,618.2298432,0.7040666000000328,0.0013968
30,42,72,0.1666666666666666,2.0,17.306994843688898,0.2403749283845681,199.30809750919403,2,2.0,10.0,2.0,8.0,4.444444444444445,2.6119,0.695,626.87830746,625.8099816,1.068325859999959,0.0021456
31,41,72,0.1388888888888889,1.3888888888888888,17.306994843688898,0.2403749283845681,213.20993461894872,0,2.0,11.0,2.0,9.0,4.95,4.2124,0.1688,627.46114365,625.4704296,1.990714050000065,0.0008208
32,40,72,0.1111111111111111,0.8888888888888888,17.306994843688898,0.2403749283845681,227.58429307986637,2,2.0,12.0,2.0,10.0,5.454545454545454,4.4443,0.0164,630.6509631,628.6857048,1.9652582999999595,7.92e-05
33,39,72,0.0833333333333333,0.5,17.306994843688898,0.2403749283845681,242.4313452724108,0,2.0,13.0,2.0,11.0,5.958333333333333,4.4722,0.3154,626.49972258,623.5472592,2.95246338000004,0.0040824
34,38,72,0.0555555555555555,0.2222222222222222,17.306994843688898,0.2403749283845681,257.7512548224441,2,2.0,14.0,2.0,12.0,6.461538461538462,4.6999,1.1097,624.93919391,622.4032944,2.535899509999922,0.0019584
35,37,72,0.0277777777777777,0.0555555555555555,17.306994843688898,0.2403749283845681,273.54417729169256,0,2.0,15.0,2.0,13.0,6.964285714285714,5.2797,1.3915,616.04984727,612.8145072,3.2353400700000066,0.0010224
36,36,72,0.0,0.0,17.306994843688898,0.2403749283845681,289.81026079547524,2,2.0,14.0,2.0,14.0,7.0,5.0525,1.5831,609.74299988,606.9109896,2.832010279999963,0.0080136
28,45,73,0.2328767123287671,3.958904109589041,17.466876118408518,0.2392722755946373,172.128021410987,1,2.0,8.0,2.0,5.0,3.076923076923077,-1.8979,1.0704,617.28640969,617.4086617,-0.122252010000011,0.0024236
29,44,73,0.2054794520547945,3.0821917808219177,17.466876118408518,0.2392722755946373,185.0259337245108,1,2.0,9.0,2.0,6.0,3.6,0.0379,1.2692,625.74662961,625.5056027,0.2410269099999595,0.0019418
30,43,73,0.1780821917808219,2.315068493150685,17.466876118408518,0.2392722755946373,198.39382732614604,1,2.0,10.0,2.0,7.0,4.117647058823529,1.5729,1.242,632.27646892,631.3292215,0.9472474199999396,0.0018615
31,42,73,0.1506849315068493,1.6575342465753424,17.466876118408518,0.2392722755946373,212.2318936442576,1,2.0,11.0,2.0,8.0,4.631578947368421,2.5501,0.6111,636.09744793,634.652802,1.4446459300000924,0.001679
32,41,73,0.1232876712328767,1.1095890410958904,17.466876118408518,0.2392722755946373,226.5403137539216,1,2.0,12.0,2.0,9.0,5.142857142857143,3.2851,0.2323,637.87887818,635.46865,2.41022817999999,5.84e-05
33,40,73,0.0958904109589041,0.6712328767123288,17.466876118408518,0.2392722755946373,241.31925924485455,1,2.0,13.0,2.0,10.0,5.652173913043479,3.7921,0.2463,637.0591169,634.3415227,2.717594200000008,0.0038544
34,39,73,0.0684931506849315,0.3424657534246575,17.466876118408518,0.2392722755946373,256.56889299233075,1,2.0,14.0,2.0,11.0,6.16,4.5305,0.729,634.0934857,630.8338143,3.259671400000002,0.0074241
35,38,73,0.0410958904109589,0.1232876712328767,17.466876118408518,0.2392722755946373,272.2893698444806,1,2.0,15.0,2.0,12.0,6.666666666666667,5.1824,1.0568,628.63201584,625.4698619,3.162153940000053,0.0067379
36,37,73,0.0136986301369863,0.0136986301369863,17.466876118408518,0.2392722755946373,288.48083723718537,1,2.0,14.0,2.0,13.0,6.7407407407407405,5.4602,1.2519,620.92011284,617.5934831,3.326629740000044,0.0065773
37,36,73,-0.0136986301369863,0.0136986301369863,17.466876118408518,0.2392722755946373,305.1434357460048,1,2.0,13.0,2.0,14.0,6.7407407407407405,5.3928,1.3678,609.79542449,606.2709933,3.524431189999973,0.0407924
29,45,74,0.2162162162162162,3.45945945945946,17.626028979376553,0.2381895808023859,184.18870085088545,0,2.0,9.0,2.0,5.0,3.2142857142857144,-0.8138,1.4814,630.30829569,630.5956842,-0.2873885100000279,0.0061494
30,44,74,0.1891891891891892,2.6486486486486487,17.626028979376553,0.2381895808023859,197.49610541863703,2,2.0,10.0,2.0,6.0,3.75,0.5127,1.7734,639.99746583,639.5638478,0.4336180300000478,0.002516
31,43,74,0.1621621621621621,1.945945945945946,17.626028979376553,0.2381895808023859,211.27155519540375,0,2.0,11.0,2.0,7.0,4.277777777777778,2.7257,1.1085,642.40153929,641.0744024,1.327136889999906,0.002997
32,42,74,0.1351351351351351,1.351351351351351,17.626028979376553,0.2381895808023859,225.51523043690625,2,2.0,12.0,2.0,8.0,4.8,2.6488,0.7949,647.43178231,645.6648814,1.766900910000004,2.22e-05
33,41,74,0.1081081081081081,0.8648648648648649,17.626028979376553,0.2381895808023859,240.22730195642643,0,2.0,13.0,2.0,9.0,5.318181818181818,3.5526,0.7104,645.20016083,642.320148,2.880012829999941,0.0016946
34,40,74,0.081081081081081,0.4864864864864865,17.626028979376553,0.2381895808023859,255.40793189223612,2,2.0,14.0,2.0,10.0,5.833333333333333,3.7413,0.6346,645.57555503,642.890947,2.684608030000049,2.22e-05
35,39,74,0.054054054054054,0.2162162162162162,17.626028979376553,0.2381895808023859,271.05727439178605,0,2.0,15.0,2.0,11.0,6.346153846153846,5.1768,0.5881,638.70438785,635.183551,3.5208368500000238,0.0058386
36,38,74,0.027027027027027,0.054054054054054,17.626028979376553,0.2381895808023859,287.1754762238176,2,2.0,14.0,2.0,12.0,6.461538461538462,5.3854,0.8587,634.428784,631.444886,2.9838979999999538,0.0020128
37,37,74,0.0,0.0,17.626028979376553,0.2381895808023859,303.7626773277934,0,2.0,13.0,2.0,13.0,6.5,5.4906,1.0402,622.91435139,620.2467102,2.6676411899999266,0.0030266
29,46,75,0.2266666666666666,3.8533333333333335,17.784466522450312,0.2371262202993375,183.36641891507264,1,2.0,9.0,2.0,4.0,2.769230769230769,-1.9338,1.6055,636.44648298,637.1310075,-0.6845245199999681,0.00072
30,45,75,0.2,3.0,17.784466522450312,0.2371262202993375,196.6144146356036,1,2.0,10.0,2.0,5.0,3.333333333333333,-0.5055,2.0864,644.71623313,644.4373575,0.2788756300000159,0.0019575
31,44,75,0.1733333333333333,2.2533333333333334,17.784466522450312,0.2371262202993375,210.3283660497846,1,2.0,11.0,2.0,6.0,3.882352941176471,1.6647,1.6797,650.28420493,649.5567375,0.7274674299999333,0.0006675
32,43,75,0.1466666666666666,1.6133333333333333,17.784466522450312,0.2371262202993375,224.5084526086124,1,2.0,12.0,2.0,7.0,4.421052631578948,2.4094,1.0404,653.90156754,652.17072,1.7308475400000134,5.25e-05
33,42,75,0.12,1.08,17.784466522450312,0.2371262202993375,239.15484436279945,1,2.0,13.0,2.0,8.0,4.9523809523809526,2.8507,1.2625,654.92224166,652.56561,2.356631660000062,0.000885
34,41,75,0.0933333333333333,0.6533333333333333,17.784466522450312,0.2371262202993375,254.26770272677655,1,2.0,14.0,2.0,9.0,5.478260869565218,3.4489,1.0837,653.88871614,650.9185425,2.970173640000098,7.5e-05
35,40,75,0.0666666666666666,0.3333333333333333,17.784466522450312,0.2371262202993375,269.84718115982685,1,2.0,15.0,2.0,10.0,6.0,4.0205,0.4594,650.36097251,647.0737275,3.2872450099999924,0.0042825
36,39,75,0.04,0.12,17.784466522450312,0.2371262202993375,285.89342577546546,1,2.0,14.0,2.0,11.0,6.16,6.1706,0.3901,644.67752714,641.5079925,3.169534640000052,0.0081075
37,38,75,0.0133333333333333,0.0133333333333333,17.784466522450312,0.2371262202993375,302.4065758884169,1,2.0,13.0,2.0,12.0,6.24,5.6733,0.6216,636.60070713,633.620715,2.979992130000028,0.0011775
38,37,75,-0.0133333333333333,0.0133333333333333,17.784466522450312,0.2371262202993375,319.3867645071045,1,2.0,12.0,2.0,13.0,6.24,5.2886,0.7533,625.26941814,622.23837,3.031048139999939,0.220005
29,47,76,0.2368421052631578,4.2631578947368425,17.942201436929967,0.2360815978543417,182.5586268597892,0,2.0,9.0,2.0,3.0,2.25,-2.6863,1.3697,640.38115006,641.7137368,-1.3325867400000106,0.000912
30,46,76,0.2105263157894736,3.3684210526315788,17.942201436929967,0.2360815978543417,195.74826060894728,2,2.0,10.0,2.0,4.0,2.857142857142857,-1.5992,2.269,651.74054506,652.252786,-0.5122409399999697,0.0014592
31,45,76,0.1842105263157894,2.5789473684210527,17.942201436929967,0.2360815978543417,209.4017973568853,0,2.0,11.0,2.0,5.0,3.4375,0.68,2.0573,655.88728711,655.4640672,0.4232199099999434,0.0019532
32,44,76,0.1578947368421052,1.894736842105263,17.942201436929967,0.2360815978543417,223.5194157640568,2,2.0,12.0,2.0,6.0,4.0,2.4199,1.5743,662.67919545,661.5979664,1.0812290499999335,2.28e-05
33,43,76,0.131578947368421,1.3157894736842106,17.942201436929967,0.2360815978543417,238.1012851320425,0,2.0,13.0,2.0,7.0,4.55,2.7139,1.5168,662.28413203,659.8941072,2.390024830000016,0.0008892
34,42,76,0.1052631578947368,0.8421052631578947,17.942201436929967,0.2360815978543417,253.14756616418717,2,2.0,14.0,2.0,8.0,5.090909090909091,2.9469,1.6088,664.5125021,662.0723356,2.440166500000032,2.28e-05
35,41,76,0.0789473684210526,0.4736842105263157,17.942201436929967,0.2360815978543417,268.65841164373296,0,2.0,15.0,2.0,9.0,5.625,3.8822,0.8903,659.57193422,656.327108,3.24482622000005,0.0093252
36,40,76,0.0526315789473684,0.2105263157894736,17.942201436929967,0.2360815978543417,284.6339670405149,2,2.0,14.0,2.0,10.0,5.833333333333333,5.8273,0.3257,657.24046501,654.2693852,2.971079809999992,0.0040128
37,39,76,0.0263157894736842,0.0526315789473684,17.942201436929967,0.2360815978543417,301.0743710555284,0,2.0,13.0,2.0,11.0,5.958333333333333,6.303,0.1459,647.75085158,644.9524236,2.7984279800000422,0.0009348
38,38,76,0.0,0.0,17.942201436929967,0.2360815978543417,317.9797561112486,2,2.0,12.0,2.0,12.0,6.0,5.2435,0.4357,640.86308419,637.9386344,2.92444979000004,0.034466
29,48,77,0.2467532467532467,4.688311688311688,18.099246023352887,0.2350551431604271,181.76488367456037,1,2.0,9.0,2.0,2.0,1.6363636363636365,-3.7348,1.0408,645.88806621,647.6662577,-1.7781914899999265,0.0012089
30,47,77,0.2207792207792207,3.753246753246753,18.099246023352887,0.2350551431604271,194.8971704657349,1,2.0,10.0,2.0,3.0,2.3076923076923075,-2.2408,2.0248,655.82370875,656.8102849,-0.986576150000019,0.0019712
31,46,77,0.1948051948051948,2.9220779220779223,18.099246023352887,0.2350551431604271,208.49134326065487,1,2.0,11.0,2.0,4.0,2.933333333333333,-0.4064,2.2765,663.06487835,663.2310839,-0.166205550000086,0.0024255
32,45,77,0.1688311688311688,2.1948051948051948,18.099246023352887,0.2350551431604271,222.54757994297935,1,2.0,12.0,2.0,5.0,3.5294117647058822,1.386,1.9924,668.43983373,667.6692561,0.770577630000048,5.39e-05
33,44,77,0.1428571428571428,1.5714285714285714,18.099246023352887,0.2350551431604271,237.066049078186,1,2.0,13.0,2.0,6.0,4.105263157894737,3.1236,1.8227,671.22308694,669.5903753,1.632711640000025,0.001694
34,43,77,0.1168831168831168,1.051948051948052,18.099246023352887,0.2350551431604271,252.04691067090047,1,2.0,14.0,2.0,7.0,4.666666666666667,2.7348,1.8514,672.03898447,669.4911916,2.5477928699999666,6.16e-05
35,42,77,0.0909090909090909,0.6363636363636364,18.099246023352887,0.2350551431604271,267.49031684008173,1,2.0,15.0,2.0,8.0,5.217391304347826,3.2458,1.3956,670.36307129,667.3441621,3.018909190000045,0.0028105
36,41,77,0.0649350649350649,0.3246753246753247,18.099246023352887,0.2350551431604271,283.39641242307914,1,2.0,14.0,2.0,9.0,5.478260869565218,3.8401,0.6257,666.62103104,663.496449,3.124582040000064,0.0019558
37,40,77,0.0389610389610389,0.1168831168831168,18.099246023352887,0.2350551431604271,299.7653355178327,1,2.0,13.0,2.0,10.0,5.652173913043479,5.8432,0.119,660.48514109,657.3751492,3.1099918899999466,0.0013013
38,39,77,0.0129870129870129,0.0129870129870129,18.099246023352887,0.2350551431604271,316.5972179710605,1,2.0,12.0,2.0,11.0,5.739130434782608,5.7013,0.0733,652.18582168,649.5657476,2.620074079999995,0.0079156
29,49,78,0.2564102564102564,5.128205128205129,18.25561221028858,0.2340463103883151,180.98476727717156,0,2.0,9.0,2.0,1.0,0.9,-4.5225,0.4284,649.23546783,651.664221,-2.42875317000005,0.0133302
30,48,78,0.2307692307692307,4.153846153846154,18.25561221028858,0.2340463103883151,194.06069162883685,2,2.0,10.0,2.0,2.0,1.6666666666666667,-3.181,1.6312,662.19543113,663.57564,-1.3802088700000468,0.0019422
31,47,78,0.2051282051282051,3.282051282051282,18.25561221028858,0.2340463103883151,207.59651961648785,0,2.0,11.0,2.0,3.0,2.357142857142857,-1.1128,2.0778,668.01151086,669.0141354,-1.0026245399999425,0.001053
32,46,78,0.1794871794871795,2.5128205128205128,18.25561221028858,0.2340463103883151,221.59242836032516,2,2.0,12.0,2.0,4.0,3.0,0.2883,2.244,676.49149116,676.3897608,0.1017303600000332,0.0035334
33,45,78,0.1538461538461538,1.8461538461538465,18.25561221028858,0.2340463103883151,236.0485857023604,0,2.0,13.0,2.0,5.0,3.611111111111111,2.0673,2.2342,677.85547619,676.562328,1.2931481900000108,0.0097812
34,44,78,0.1282051282051282,1.2820512820512822,18.25561221028858,0.2340463103883151,250.9651509604956,2,2.0,14.0,2.0,6.0,4.2,3.4367,2.0553,681.8593099,679.9889616,1.8703482999999324,0.0001794
35,43,78,0.1025641025641025,0.8205128205128205,18.25561221028858,0.2340463103883151,266.3422756008108,0,2.0,15.0,2.0,7.0,4.7727272727272725,3.0301,1.6037,678.76763115,675.6328332,3.1347979500000065,0.0035802
36,42,78,0.0769230769230769,0.4615384615384615,18.25561221028858,0.2340463103883151,282.1801038390281,2,2.0,14.0,2.0,8.0,5.090909090909091,3.2706,1.0909,678.29888734,675.576603,2.7222843399999874,0.0003042
37,41,78,0.0512820512820512,0.2051282051282051,18.25561221028858,0.2340463103883151,298.47877318038513,0,2.0,13.0,2.0,9.0,5.318181818181818,6.0316,0.2787,670.74815549,667.5513936,3.1967618900000616,0.003237
38,40,78,0.0256410256410256,0.0512820512820512,18.25561221028858,0.2340463103883151,315.2384149057274,2,2.0,12.0,2.0,10.0,5.454545454545454,5.4196,0.0141,665.81022348,663.0075738,2.802649679999945,0.007449
29,50,79,0.2658227848101265,5.582278481012659,18.41131157020244,0.2330545768380056,180.21787347095884,1,2.0,9.0,3.0,0.0,0.0,-5.9745,0.111,654.15059278,657.354102,-3.203509220000001,0.1049831
30,49,79,0.240506329113924,4.569620253164557,18.41131157020244,0.2330545768380056,193.238390698883,1,2.0,10.0,2.0,1.0,0.9090909090909092,-3.6952,0.858,665.68297873,667.5960175,-1.913038770000071,0.0022278
31,48,79,0.2151898734177215,3.6582278481012658,18.41131157020244,0.2330545768380056,206.7168627951965,1,2.0,11.0,2.0,2.0,1.6923076923076923,-2.1072,1.7146,674.52833587,675.9297275,-1.4013916300000346,0.0012087
32,47,79,0.189873417721519,2.848101265822785,18.41131157020244,0.2330545768380056,220.6534661295817,1,2.0,12.0,2.0,3.0,2.4,-0.452,2.0994,681.58771027,682.1262031,-0.5384928299999956,0.0371616
33,46,79,0.1645569620253164,2.1392405063291138,18.41131157020244,0.2330545768380056,235.04836783284668,1,2.0,13.0,2.0,4.0,3.0588235294117645,0.9321,2.5028,686.06073151,685.4527588,0.6079727100000127,0.0053246
34,45,79,0.1392405063291139,1.5316455696202531,18.41131157020244,0.2330545768380056,249.9017265478097,1,2.0,14.0,2.0,5.0,3.684210526315789,2.3586,2.4299,688.64883566,686.9517917,1.6970439600000873,0.0002212
35,44,79,0.1139240506329113,1.0253164556962024,18.41131157020244,0.2330545768380056,265.21369309873734,1,2.0,15.0,2.0,6.0,4.285714285714286,4.1171,1.8793,688.74815904,686.3200524,2.42810664000001,0.0010033
36,43,79,0.0886075949367088,0.620253164556962,18.41131157020244,0.2330545768380056,280.9844110902611,1,2.0,14.0,2.0,7.0,4.666666666666667,2.9946,1.259,686.86624292,683.911927,2.954315919999999,0.0034839
37,42,79,0.0632911392405063,0.3164556962025316,18.41131157020244,0.2330545768380056,297.21401744496217,1,2.0,13.0,2.0,8.0,4.9523809523809526,5.7,0.623,682.5909281,679.4900679,3.1008602000000565,0.0019434
38,41,79,0.0379746835443038,0.1139240506329113,18.41131157020244,0.2330545768380056,313.9026428874046,1,2.0,12.0,2.0,9.0,5.142857142857143,5.6184,0.1475,676.23980212,673.3846082,2.8551939200000334,0.0074181
39,40,79,0.0126582278481012,0.0126582278481012,18.41131157020244,0.2330545768380056,331.0504123812256,1,2.0,11.0,2.0,10.0,5.238095238095238,5.1202,0.0156,667.58929449,664.9255252,2.6637692900000047,0.080106
30,50,80,0.25,5.0,18.566355334451117,0.2320794416806389,192.4298524110706,2,2.0,10.0,3.0,0.0,0.0,-4.821,0.3841,671.44239913,673.883656,-2.441256869999961,0.002584
31,49,80,0.225,4.05,18.566355334451117,0.2320794416806389,205.8519285670554,0,2.0,11.0,2.0,1.0,0.9166666666666666,-2.542,0.9078,678.85925704,680.67636,-1.8171029600000568,0.002888
32,48,80,0.2,3.2,18.566355334451117,0.2320794416806389,219.73021907158747,2,2.0,12.0,2.0,2.0,1.7142857142857142,-1.4589,1.7738,688.95843366,690.205656,-1.2472223400000075,0.002056
33,47,80,0.175,2.45,18.566355334451117,0.2320794416806389,234.06489035617489,0,2.0,13.0,2.0,3.0,2.4375,0.1174,2.4036,692.0090128,692.102592,-0.0935791999999082,0.003336
34,46,80,0.15,1.8,18.566355334451117,0.2320794416806389,248.8561003998504,2,2.0,14.0,2.0,4.0,3.111111111111111,1.1917,2.7039,697.71576365,696.865136,0.8506276499999785,0.000944
35,45,80,0.125,1.25,18.566355334451117,0.2320794416806389,264.1039993958096,0,2.0,15.0,2.0,5.0,3.75,3.2434,2.173,696.39660693,694.212328,2.184278930000005,0.000992
36,44,80,0.1,0.8,18.566355334451117,0.2320794416806389,279.8087303478205,2,2.0,14.0,2.0,6.0,4.2,4.3912,1.5748,697.71438908,695.434408,2.279981080000084,0.000696
37,43,80,0.075,0.45,18.566355334451117,0.2320794416806389,295.97042960556,0,2.0,13.0,2.0,7.0,4.55,5.5676,0.7543,692.02223711,688.93408,3.0881571099999974,0.001864
38,42,80,0.05,0.2,18.566355334451117,0.2320794416806389,312.5892273466208,2,2.0,12.0,2.0,8.0,4.8,5.3769,0.4258,688.95430997,686.287728,2.6665819700000384,0.003464
39,41,80,0.025,0.05,18.566355334451117,0.2320794416806389,329.6652480117739,0,2.0,11.0,2.0,9.0,4.95,5.5122,0.0767,678.88602919,676.342072,2.543957190000014,0.00624
30,51,81,0.2592592592592592,5.444444444444445,18.720754407467133,0.2311204247835449,191.6346786609481,1,2.0,10.0,3.0,1.0,0.9090909090909092,-4.6887,0.7793,674.37092393,676.5060222,-2.1350982699999577,0.0050301
31,50,81,0.2345679012345679,4.45679012345679,18.720754407467133,0.2311204247835449,205.001291059633,1,2.0,11.0,3.0,0.0,0.0,-3.5376,0.3834,684.75583281,687.1519656,-2.396132790000024,0.0032643
32,49,81,0.2098765432098765,3.567901234567901,18.720754407467133,0.2311204247835449,218.8222326021017,1,2.0,12.0,2.0,1.0,0.9230769230769232,-1.8214,0.9638,693.43116316,695.0333547,-1.6021915400000353,0.0020574
33,48,81,0.1851851851851851,2.7777777777777777,18.720754407467133,0.2311204247835449,233.09766903212096,1,2.0,13.0,2.0,2.0,1.7333333333333334,-0.9333,2.103,699.52575514,700.4926251,-0.9668699600000537,0.0026406
34,47,81,0.1604938271604938,2.08641975308642,18.720754407467133,0.2311204247835449,247.8277576759102,1,2.0,14.0,2.0,3.0,2.4705882352941178,0.3203,2.6205,703.81383217,703.5659838,0.2478483699999287,0.0009801
35,46,81,0.1358024691358024,1.4938271604938271,18.720754407467133,0.2311204247835449,263.0126481060248,1,2.0,15.0,2.0,4.0,3.1578947368421053,2.1032,2.3718,705.61664812,704.3716665,1.2449816200000896,0.0009801
36,45,81,0.1111111111111111,1.0,18.720754407467133,0.2311204247835449,278.6524827353015,1,2.0,14.0,2.0,5.0,3.684210526315789,3.6241,1.7966,705.51883382,703.3084686,2.210365220000085,0.0010773
37,44,81,0.0864197530864197,0.6049382716049383,18.720754407467133,0.2311204247835449,294.7473973499821,1,2.0,13.0,2.0,6.0,4.105263157894737,4.879,1.0186,703.02882142,700.2866259,2.742195519999996,0.0049005
38,43,81,0.0617283950617283,0.3086419753086419,18.720754407467133,0.2311204247835449,311.2975215897296,1,2.0,12.0,2.0,7.0,4.421052631578948,5.0087,0.6312,698.5460561,695.5757145,2.970341599999984,0.0031266
39,42,81,0.037037037037037,0.1111111111111111,18.720754407467133,0.2311204247835449,328.3029793810908,1,2.0,11.0,2.0,8.0,4.631578947368421,5.2725,0.2181,691.76253081,688.9781511,2.784379710000053,0.0054027
40,41,81,0.0123456790123456,0.0123456790123456,18.720754407467133,0.2311204247835449,345.76388933000567,1,2.0,10.0,2.0,9.0,4.7368421052631575,5.0969,0.0537,682.89536909,680.0073039,2.8880651900000203,0.0922185
30,52,82,0.2682926829268293,5.902439024390244,18.874519380186243,0.2301770656120274,190.85248759382404,2,2.0,10.0,3.0,2.0,1.6666666666666667,-4.944,1.3867,679.55493235,680.691635,-1.1367026500000748,0.003075
31,51,82,0.2439024390243902,4.878048780487805,18.874519380186243,0.2301770656120274,204.16454178368667,0,2.0,11.0,3.0,1.0,0.9166666666666666,-3.3718,0.8337,688.50836569,690.5260508,-2.017685110000002,0.0024272
32,50,82,0.2195121951219512,3.951219512195122,18.874519380186243,0.2301770656120274,217.92907069202624,2,2.0,12.0,3.0,0.0,0.0,-2.7091,0.4153,700.16218079,702.2280494,-2.0658686100000523,0.0022386
33,49,82,0.1951219512195122,3.1219512195121952,18.874519380186243,0.2301770656120274,232.14623938609665,0,2.0,13.0,2.0,1.0,0.9285714285714286,-1.2787,1.2878,704.83151421,706.1360546,-1.3045403899999428,0.003731
34,48,82,0.1707317073170731,2.3902439024390243,18.874519380186243,0.2301770656120274,246.81620454996235,2,2.0,14.0,2.0,2.0,1.75,-0.7892,2.3506,712.17318159,712.8421786,-0.6689970099999982,0.0004674
35,47,82,0.1463414634146341,1.7560975609756098,18.874519380186243,0.2301770656120274,261.9391151456718,0,2.0,15.0,2.0,3.0,2.5,1.2513,2.2709,712.55505516,711.9646146,0.5904405600000473,0.0009676
36,46,82,0.1219512195121951,1.2195121951219512,18.874519380186243,0.2301770656120274,277.51511300477824,2,2.0,14.0,2.0,4.0,3.111111111111111,2.5954,1.9305,715.58793476,714.2753828,1.3125519600000644,2.46e-05
37,45,82,0.0975609756097561,0.7804878048780488,18.874519380186243,0.2301770656120274,293.5443333592879,0,2.0,13.0,2.0,5.0,3.611111111111111,4.1766,1.172,711.67920107,709.089055,2.590146069999946,0.0030094
38,44,82,0.073170731707317,0.4390243902439024,18.874519380186243,0.2301770656120274,310.0269053197164,2,2.0,12.0,2.0,6.0,4.0,4.8812,0.5857,710.4064403,708.128958,2.277482299999974,0.0059942
39,43,82,0.048780487804878,0.1951219512195122,18.874519380186243,0.2301770656120274,326.96295230678203,0,2.0,11.0,2.0,7.0,4.277777777777778,5.0218,0.4714,702.20409572,699.4006484,2.803447320000032,0.0055022
40,42,82,0.024390243902439,0.048780487804878,18.874519380186243,0.2301770656120274,344.3525924423139,2,2.0,10.0,2.0,8.0,4.444444444444445,4.9583,0.5575,696.62869819,694.1682612,2.460436990000062,0.0015826
31,52,83,0.253012048192771,5.313253012048193,19.02766054276645,0.2292489222020055,203.3412887219065,1,2.0,11.0,3.0,2.0,1.6923076923076923,-3.5997,1.5,693.82182262,694.9237748,-1.101952180000012,0.0026145
32,51,83,0.2289156626506024,4.349397590361446,19.02766054276645,0.2292489222020055,217.0503148947135,1,2.0,12.0,3.0,1.0,0.9230769230769232,-2.5089,0.8871,704.04895125,705.8607346,-1.811783350000041,0.0024236
33,50,83,0.2048192771084337,3.4819277108433737,19.02766054276645,0.2292489222020055,231.2101556730009,1,2.0,13.0,3.0,0.0,0.0,-2.1052,0.7146,711.70114393,713.771282,-2.070138070000098,0.0027971
34,49,83,0.180722891566265,2.710843373493976,19.02766054276645,0.2292489222020055,245.8209671090359,1,2.0,14.0,2.0,1.0,0.9333333333333332,-1.1467,1.5541,717.62151273,718.660148,-1.0386352700000998,0.0030378
35,48,83,0.1566265060240964,2.036144578313253,19.02766054276645,0.2292489222020055,260.88289756420687,1,2.0,15.0,2.0,2.0,1.7647058823529411,0.1473,2.0103,721.06052207,721.5509716,-0.490449529999978,0.0037931
36,47,83,0.1325301204819277,1.4578313253012047,19.02766054276645,0.2292489222020055,276.3960882981595,1,2.0,14.0,2.0,3.0,2.4705882352941178,1.7509,1.8126,722.67559016,721.7455485,0.9300416599999152,2.49e-05
37,46,83,0.108433734939759,0.9759036144578314,19.02766054276645,0.2292489222020055,292.3606739976036,1,2.0,13.0,2.0,4.0,3.0588235294117645,3.2097,1.255,721.90026669,720.0432019,1.8570647899999813,0.0023323
38,45,83,0.0843373493975903,0.5903614457831325,19.02766054276645,0.2292489222020055,308.7767832524423,1,2.0,12.0,2.0,5.0,3.5294117647058822,3.9111,0.7846,719.2110864,716.9878308,2.223255600000016,0.0068309
39,44,83,0.0602409638554216,0.3012048192771084,19.02766054276645,0.2292489222020055,325.6445389857244,1,2.0,11.0,2.0,6.0,3.882352941176471,4.4817,0.6092,714.22063358,711.6135393,2.6070942800000694,0.0186335
40,43,83,0.036144578313253,0.108433734939759,19.02766054276645,0.2292489222020055,342.964058842976,1,2.0,10.0,2.0,7.0,4.117647058823529,4.7534,0.7415,707.22788944,704.5371751,2.6907143399999995,0.0064325
41,42,83,0.0120481927710843,0.0120481927710843,19.02766054276645,0.2292489222020055,360.7354555456715,1,2.0,9.0,2.0,8.0,4.235294117647059,3.149,0.7664,698.0218362,695.4560787,2.565757500000018,0.1620824
31,53,84,0.2619047619047619,5.761904761904762,19.180187896644355,0.2283355701981471,202.5311554757504,0,2.0,11.0,3.0,3.0,2.357142857142857,-3.2091,1.7239,697.03022994,697.8321,-0.801870059999942,0.0298116
32,52,84,0.238095238095238,4.761904761904762,19.180187896644355,0.2283355701981471,216.18556343528243,2,2.0,12.0,3.0,2.0,1.7142857142857142,-2.6933,1.5792,710.17808512,711.1040496,-0.9259644800000616,0.0031668
33,51,84,0.2142857142857142,3.857142857142857,19.180187896644355,0.2283355701981471,230.28898990712543,0,2.0,13.0,3.0,1.0,0.9285714285714286,-1.8847,1.1735,716.40255454,718.026834,-1.6242794600000252,0.0031668
34,50,84,0.1904761904761904,3.0476190476190474,19.180187896644355,0.2283355701981471,244.8415903218177,2,2.0,14.0,3.0,0.0,0.0,-1.8944,0.977,725.31530729,727.338654,-2.0233467100000557,0.0019572
35,49,84,0.1666666666666666,2.333333333333333,19.180187896644355,0.2283355701981471,259.8435124496601,0,2.0,15.0,2.0,1.0,0.9375,-0.3398,1.2925,727.33117816,728.3916696,-1.0604914399999643,0.0257292
36,48,84,0.1428571428571428,1.7142857142857142,19.180187896644355,0.2283355701981471,275.294896987505,2,2.0,14.0,2.0,2.0,1.75,0.68,1.5521,732.01210365,732.2655732,-0.253469549999977,2.52e-05
37,47,84,0.119047619047619,1.1904761904761905,19.180187896644355,0.2283355701981471,291.19587808545623,0,2.0,13.0,2.0,3.0,2.4375,2.3621,1.1384,729.81632572,728.8028496,1.013476120000064,0.0021924
38,46,84,0.0952380952380952,0.7619047619047619,19.180187896644355,0.2283355701981471,307.5465838211008,2,2.0,12.0,2.0,4.0,3.0,3.3256,0.7281,730.26847419,728.9111088,1.3573653900000409,0.0012432
39,45,84,0.0714285714285714,0.4285714285714285,19.180187896644355,0.2283355701981471,324.34713662774925,0,2.0,11.0,2.0,5.0,3.4375,3.9941,0.582,723.85815584,721.3736208,2.484535039999969,0.0043008
40,44,84,0.0476190476190476,0.1904761904761904,19.180187896644355,0.2283355701981471,341.59765368221537,2,2.0,10.0,2.0,6.0,3.75,4.1653,0.8154,720.08441893,718.1185284,1.965890530000024,0.005502
41,43,84,0.0238095238095238,0.0476190476190476,19.180187896644355,0.2283355701981471,359.2982472568793,0,2.0,9.0,2.0,7.0,3.9375,4.5566,1.1533,709.45676997,707.1083292,2.3484407700000247,0.0004032
31,54,85,0.2705882352941176,6.223529411764706,19.3321111659706,0.2274366019525953,201.7337804660241,1,2.0,11.0,3.0,4.0,2.933333333333333,-3.0128,1.7636,701.79466509,701.5533395,0.241325589999974,0.037264
32,53,85,0.2470588235294117,5.188235294117647,19.3321111659706,0.2274366019525953,215.33443035730247,1,2.0,12.0,3.0,3.0,2.4,-2.3486,1.8539,713.51337784,714.1503565,-0.636978660000068,0.0037315
33,52,85,0.2235294117647059,4.247058823529412,19.3321111659706,0.2274366019525953,229.38233095316983,1,2.0,13.0,3.0,2.0,1.7333333333333334,-2.0203,1.8454,722.66308162,723.4337335,-0.7706518800000595,0.003077
34,51,85,0.2,3.4,19.3321111659706,0.2274366019525953,243.8776370722267,1,2.0,14.0,3.0,1.0,0.9333333333333332,-1.6299,1.3804,730.15222985,731.8758825,-1.7236526499999627,0.0026095
35,50,85,0.1764705882352941,2.647058823529412,19.3321111659706,0.2274366019525953,258.8204959029952,1,2.0,15.0,3.0,0.0,0.0,-1.262,0.7899,735.16421436,737.255371,-2.0911566400000083,0.003077
36,49,85,0.1529411764705882,1.988235294117647,19.3321111659706,0.2274366019525953,274.21104758839715,1,2.0,14.0,2.0,1.0,0.9333333333333332,0.0368,0.9533,738.42534198,739.3778805,-0.952538519999962,0.0019975
37,48,85,0.1294117647058823,1.423529411764706,19.3321111659706,0.2274366019525953,290.04942575038103,1,2.0,13.0,2.0,2.0,1.7333333333333334,1.2431,0.9224,739.29837298,739.282536,0.0158369799999036,2.55e-05
38,47,85,0.1058823529411764,0.9529411764705882,19.3321111659706,0.2274366019525953,306.3357579622861,1,2.0,12.0,2.0,3.0,2.4,2.4463,0.6288,738.33262945,737.4361405,0.8964889500000481,0.0028135
39,46,85,0.0823529411764705,0.5764705882352941,19.3321111659706,0.2274366019525953,323.0701661753972,1,2.0,11.0,2.0,4.0,2.933333333333333,3.5353,0.5145,735.06581325,733.392631,1.673182249999968,0.0189635
40,45,85,0.0588235294117647,0.2941176470588235,19.3321111659706,0.2274366019525953,340.25276710519705,1,2.0,10.0,2.0,5.0,3.333333333333333,3.7032,0.7136,729.87399512,727.943349,1.9306461200000056,0.006426
41,44,85,0.0352941176470588,0.1058823529411764,19.3321111659706,0.2274366019525953,357.8836725820441,1,2.0,9.0,2.0,6.0,3.6,3.9943,1.2627,722.46674865,720.2654945,2.2012541499999543,0.004097
42,43,85,0.0117647058823529,0.0117647058823529,19.3321111659706,0.2274366019525953,375.9629898703419,1,2.0,8.0,2.0,7.0,3.733333333333333,4.0239,1.415,713.04932699,710.71322,2.336106990000076,0.0158355
32,54,86,0.2558139534883721,5.627906976744186,19.483439808463515,0.2265516256798083,214.49654472260588,2,2.0,12.0,3.0,4.0,3.0,-2.2437,1.9517,719.07539513,718.49818,0.5772151299998995,0.4378002
33,53,86,0.2325581395348837,4.651162790697675,19.483439808463515,0.2265516256798083,228.48978367385183,0,2.0,13.0,3.0,3.0,2.4375,-1.7063,2.1466,726.79525258,727.278049,-0.4827964199999996,0.0034486
34,52,86,0.2093023255813953,3.767441860465116,19.483439808463515,0.2265516256798083,242.92868725315907,2,2.0,14.0,3.0,2.0,1.75,-1.7784,2.0302,737.21909057,738.0367264,-0.817635829999972,0.0025198
35,51,86,0.1860465116279069,2.976744186046512,19.483439808463515,0.2265516256798083,257.8134020763259,0,2.0,15.0,3.0,1.0,0.9375,-0.8307,1.0922,740.80601241,742.3834674,-1.5774549899999784,0.0030788
36,50,86,0.1627906976744186,2.2790697674418605,19.483439808463515,0.2265516256798083,273.14406774096534,2,2.0,14.0,3.0,0.0,0.0,-1.0452,0.5474,747.07195483,749.234537,-2.1625821700000643,2.58e-05
37,49,86,0.1395348837209302,1.6744186046511629,19.483439808463515,0.2265516256798083,288.9208173490909,0,2.0,13.0,2.0,1.0,0.9285714285714286,0.3942,0.4753,746.52297558,747.9335204,-1.410544820000041,0.0001978
38,48,86,0.1162790697674418,1.162790697674419,19.483439808463515,0.2265516256798083,305.1437779776426,2,2.0,12.0,2.0,2.0,1.7142857142857142,1.2935,0.4637,748.63398791,748.9272676,-0.2932796900000767,2.58e-05
39,47,86,0.0930232558139534,0.7441860465116279,19.483439808463515,0.2265516256798083,321.8130711033816,0,2.0,11.0,2.0,3.0,2.357142857142857,2.6586,0.4285,743.94631309,742.9049198,1.0413932899999736,0.0141384
40,46,86,0.0697674418604651,0.4186046511627907,19.483439808463515,0.2265516256798083,338.9288129876405,2,2.0,10.0,2.0,4.0,2.857142857142857,3.0111,0.5368,741.9051898,740.8084978,1.0966919999999618,0.003569
41,45,86,0.0465116279069767,0.1860465116279069,19.483439808463515,0.2265516256798083,356.4911150256356,0,2.0,9.0,2.0,5.0,3.2142857142857144,3.4795,1.1418,733.07614124,731.1911866,1.8849546399999328,0.0054954
42,44,86,0.0232558139534883,0.0465116279069767,19.483439808463515,0.2265516256798083,374.500084064395,2,2.0,8.0,2.0,6.0,3.4285714285714284,3.4188,1.3972,726.88556051,725.385705,1.4998555099999749,0.0029326
33,54,87,0.2413793103448276,5.068965517241379,19.63418302571681,0.2256802646634116,227.61096812997351,1,2.0,13.0,3.0,4.0,3.0588235294117645,-1.7154,2.2952,732.48164316,732.0051327,0.4765104599999858,0.0029841
34,53,87,0.2183908045977011,4.149425287356322,19.63418302571681,0.2256802646634116,241.99433691600453,1,2.0,14.0,3.0,3.0,2.4705882352941178,-1.5655,2.353,741.47988382,742.031004,-0.5511201799999981,0.0022446
35,52,87,0.1954022988505747,3.32183908045977,19.63418302571681,0.2256802646634116,256.8218022703221,1,2.0,15.0,3.0,2.0,1.7647058823529411,-0.7667,1.5997,748.00537877,748.7142135,-0.708834730000035,0.0031668
36,51,87,0.1724137931034483,2.586206896551724,19.63418302571681,0.2256802646634116,272.0935032536202,1,2.0,14.0,3.0,1.0,0.9333333333333332,-0.44,0.7491,752.8497762,754.749708,-1.899931800000104,0.0002436
37,50,87,0.1494252873563218,1.942528735632184,19.63418302571681,0.2256802646634116,287.8095724559764,1,2.0,13.0,3.0,0.0,0.0,-0.9309,0.1987,755.30876378,757.8556341,-2.5468703199999254,2.61e-05
38,49,87,0.1264367816091954,1.3908045977011494,19.63418302571681,0.2256802646634116,303.9701364655684,1,2.0,12.0,2.0,1.0,0.9230769230769232,0.2211,0.1606,756.00055222,757.3555581,-1.3550058800000215,2.61e-05
39,48,87,0.1034482758620689,0.9310344827586208,19.63418302571681,0.2256802646634116,320.5753162919343,1,2.0,11.0,2.0,2.0,1.6923076923076923,1.5229,0.2996,754.39205396,754.7115237,-0.319469740000045,0.001131
40,47,87,0.0804597701149425,0.5632183908045977,19.63418302571681,0.2256802646634116,337.62522774924344,1,2.0,10.0,2.0,3.0,2.3076923076923075,2.5512,0.3804,750.93212711,750.2579415,0.674185609999995,0.0041499
41,46,87,0.057471264367816,0.2873563218390804,19.63418302571681,0.2256802646634116,355.1199818042648,1,2.0,9.0,2.0,4.0,2.769230769230769,2.8575,0.938,745.25546278,744.0029373,1.2525254800000312,0.0068034
42,45,87,0.0344827586206896,0.1034482758620689,19.63418302571681,0.2256802646634116,373.0596848930723,1,2.0,8.0,2.0,5.0,3.076923076923077,3.1258,1.4991,737.6444037,736.2309141,1.413489600000048,0.0028536
43,44,87,0.0114942528735632,0.0114942528735632,19.63418302571681,0.2256802646634116,391.4444392099759,1,2.0,7.0,2.0,6.0,3.230769230769231,2.8385,1.6584,727.89917009,726.2538063,1.645363790000033,0.0041934
34,54,88,0.2272727272727272,4.545454545454546,19.7843497729948,0.2248221565113046,241.0741974719062,2,2.0,14.0,3.0,4.0,3.111111111111111,-1.6551,2.5172,747.9553732,747.560396,0.3949772000000848,0.0033616
35,53,88,0.2045454545454545,3.6818181818181817,19.7843497729948,0.2248221565113046,255.84528408652932,0,2.0,15.0,3.0,3.0,2.5,-0.4251,1.8527,753.05415289,753.6098152,-0.5556623100000024,0.003168
36,52,88,0.1818181818181818,2.909090909090909,19.7843497729948,0.2248221565113046,271.05891720496635,2,2.0,14.0,3.0,2.0,1.75,-0.2286,1.1217,760.84578663,761.8027912,-0.957004569999981,0.0026048
37,51,88,0.1590909090909091,2.227272727272727,19.7843497729948,0.2248221565113046,286.71522891314487,0,2.0,13.0,3.0,1.0,0.9285714285714286,-0.1926,0.3201,761.88140198,763.9381552,-2.0567532200000187,0.0001584
38,50,88,0.1363636363636363,1.6363636363636365,19.7843497729948,0.2248221565113046,302.8143453179144,2,2.0,12.0,3.0,0.0,0.0,-1.3552,0.0232,765.58911113,768.4684304,-2.8793192699999963,2.64e-05
39,49,88,0.1136363636363636,1.1363636363636365,19.7843497729948,0.2248221565113046,319.35638696869614,0,2.0,11.0,2.0,1.0,0.9166666666666666,0.3607,0.0881,762.55885242,764.0634848,-1.5046323799999757,0.001496
40,48,88,0.0909090909090909,0.7272727272727273,19.7843497729948,0.2248221565113046,336.34146923929706,2,2.0,10.0,2.0,2.0,1.6666666666666667,1.4303,0.2643,762.18534668,762.6109832,-0.4256365200000118,0.0054032
41,47,88,0.0681818181818181,0.4090909090909091,19.7843497729948,0.2248221565113046,353.7697026745552,0,2.0,9.0,2.0,3.0,2.25,2.2445,0.5928,755.08663291,754.3713144,0.7153185100000883,0.0578072
42,46,88,0.0454545454545454,0.1818181818181818,19.7843497729948,0.2248221565113046,371.6411933058408,2,2.0,8.0,2.0,4.0,2.6666666666666665,2.116,1.4047,750.6344933,750.1039656,0.5305276999999933,0.0038192
43,45,88,0.0227272727272727,0.0454545454545454,19.7843497729948,0.2248221565113046,389.9560429388884,0,2.0,7.0,2.0,5.0,2.9166666666666665,2.3645,1.7634,739.46482612,738.3053744,1.1594517199999927,0.0041008
34,55,89,0.2359550561797752,4.955056179775281,19.93394876854618,0.223976952455575,240.1678949410667,1,2.0,14.0,3.0,5.0,3.684210526315789,-0.8379,2.0542,751.67256772,750.7399111,0.9326566199999888,0.0037291
35,54,89,0.2134831460674157,4.056179775280899,19.93394876854618,0.223976952455575,254.88345063067808,1,2.0,15.0,3.0,4.0,3.1578947368421053,-0.2882,1.9509,759.65556661,759.2394378,0.416128810000032,0.0032663
36,53,89,0.1910112359550561,3.247191011235955,19.93394876854618,0.223976952455575,270.03988909973697,1,2.0,14.0,3.0,3.0,2.4705882352941178,0.2112,1.3002,766.02415139,766.7186062,-0.694454809999911,0.0021449
37,52,89,0.1685393258426966,2.5280898876404496,19.93394876854618,0.223976952455575,285.63734193760286,1,2.0,13.0,3.0,2.0,1.7333333333333334,0.2378,0.5664,770.01032524,771.1128655,-1.1025402599999552,0.005429
38,51,89,0.146067415730337,1.898876404494382,19.93394876854618,0.223976952455575,301.6759347770346,1,2.0,12.0,3.0,1.0,0.9230769230769232,-0.5717,0.1111,772.29764024,774.827147,-2.529506760000004,9.79e-05
39,50,89,0.1235955056179775,1.3595505617977528,19.93394876854618,0.223976952455575,318.15578771425606,1,2.0,11.0,3.0,0.0,0.0,-1.2516,0.007,772.28593622,775.546979,-3.2610427799999115,0.0003382
40,49,89,0.1011235955056179,0.9101123595505618,19.93394876854618,0.223976952455575,335.077015689334,1,2.0,10.0,2.0,1.0,0.9090909090909092,0.2257,0.0844,770.49295991,771.9313985,-1.4384385900000325,0.0027768
41,48,89,0.0786516853932584,0.550561797752809,19.93394876854618,0.223976952455575,352.4397288315202,1,2.0,9.0,2.0,2.0,1.6363636363636365,1.5642,0.4125,766.48261301,766.8968376,-0.4142245900000034,0.0236295
42,47,89,0.0561797752808988,0.2808988764044944,19.93394876854618,0.223976952455575,370.2440327735672,1,2.0,8.0,2.0,3.0,2.1818181818181817,1.6779,1.0473,760.61002561,760.5036739,0.1063517100000126,0.003916
43,46,89,0.0337078651685393,0.1011235955056179,19.93394876854618,0.223976952455575,388.4900289384773,1,2.0,7.0,2.0,4.0,2.5454545454545454,1.6603,1.6855,752.60053546,752.1012462,0.499289259999955,0.0038181
44,45,89,0.0112359550561797,0.0112359550561797,19.93394876854618,0.223976952455575,407.17781480169486,1,2.0,6.0,2.0,5.0,2.727272727272727,1.7139,1.7413,742.64874021,742.293464,0.3552762100000564,0.0242169
34,56,90,0.2444444444444444,5.377777777777778,20.08298850246508,0.2231443166940565,239.2750692467077,2,2.0,14.0,3.0,6.0,4.2,-0.7913,1.6526,757.58949242,755.619048,1.9704444200000355,0.329751
35,55,90,0.2222222222222222,4.444444444444445,20.08298850246508,0.2231443166940565,253.9359197633829,0,2.0,15.0,3.0,5.0,3.75,0.7042,1.5022,764.14439056,763.036785,1.1076055600000243,0.003357
36,54,90,0.2,3.6,20.08298850246508,0.2231443166940565,269.0360140749371,2,2.0,14.0,3.0,4.0,3.111111111111111,0.4513,1.3438,773.40580511,773.213391,0.1924141099999587,0.001863
37,53,90,0.1777777777777777,2.844444444444445,20.08298850246508,0.2231443166940565,284.57548328154525,0,2.0,13.0,3.0,3.0,2.4375,0.7346,0.6785,775.96744761,776.837358,-0.8699103899999727,0.006453
38,52,90,0.1555555555555555,2.1777777777777776,20.08298850246508,0.2231443166940565,300.5544525489258,2,2.0,12.0,3.0,2.0,1.7142857142857142,-0.1619,0.3034,781.21326375,782.640387,-1.4271232500000224,0.001449
39,51,90,0.1333333333333333,1.6,20.08298850246508,0.2231443166940565,316.97304152684404,0,2.0,11.0,3.0,1.0,0.9166666666666666,-0.3245,0.0466,779.77901525,782.404002,-2.624986749999948,0.000351
40,50,90,0.1111111111111111,1.1111111111111112,20.08298850246508,0.2231443166940565,333.83136472807627,2,2.0,10.0,3.0,0.0,0.0,-1.3687,0.0137,781.01186832,783.897291,-2.8854226800000333,0.000117
41,49,90,0.0888888888888888,0.7111111111111111,20.08298850246508,0.2231443166940565,351.1295318724682,0,2.0,9.0,2.0,1.0,0.9,0.4905,0.1801,775.57923259,777.00393,-1.4246974100000216,0.003321
42,48,90,0.0666666666666666,0.4,20.08298850246508,0.2231443166940565,368.86764820008176,2,2.0,8.0,2.0,2.0,1.6,1.2934,0.6746,772.80161883,773.732565,-0.9309461699999702,0.003465
43,47,90,0.0444444444444444,0.1777777777777777,20.08298850246508,0.2231443166940565,387.0458147568789,0,2.0,7.0,2.0,3.0,2.1,1.2281,1.336,763.36819468,763.5024,-0.1342053199999782,0.001026
44,46,90,0.0222222222222222,0.0444444444444444,20.08298850246508,0.2231443166940565,405.66412865593793,2,2.0,6.0,2.0,4.0,2.4,1.0769,1.7434,756.58251527,756.879156,-0.2966407299999218,0.003726
34,57,91,0.2527472527472527,5.813186813186813,20.231477245126285,0.2223239257706185,238.39537355056257,1,2.0,14.0,3.0,7.0,4.666666666666667,0.1641,1.7991,760.79313598,758.4702762,2.3228597800000443,0.4331418
35,56,91,0.2307692307692307,4.846153846153846,20.231477245126285,0.2223239257706185,253.00232339491976,1,2.0,15.0,3.0,6.0,4.285714285714286,1.3882,1.0987,770.18082377,768.2151022,1.9657215699999144,0.0035399
36,55,91,0.2087912087912088,3.967032967032967,20.231477245126285,0.2223239257706185,268.0469021526844,1,2.0,14.0,3.0,5.0,3.684210526315789,1.3632,0.9603,778.01792763,777.2994229,0.7185047300000633,0.0022386
37,54,91,0.1868131868131868,3.175824175824176,20.231477245126285,0.2223239257706185,283.5292404420413,1,2.0,13.0,3.0,4.0,3.0588235294117645,1.0435,0.6995,783.47586572,783.2881511,0.1877146199999515,0.0077987
38,53,91,0.1648351648351648,2.4725274725274726,20.231477245126285,0.2223239257706185,299.4494629685365,1,2.0,12.0,3.0,3.0,2.4,0.5042,0.3013,787.3002921,788.4127069,-1.1124148000000105,0.0054509
39,52,91,0.1428571428571428,1.8571428571428568,20.231477245126285,0.2223239257706185,315.80768894204266,1,2.0,11.0,3.0,2.0,1.6923076923076923,0.3192,0.1467,788.8273621,790.3297311,-1.5023690000000445,0.0018473
40,51,91,0.1208791208791208,1.3296703296703296,20.231477245126285,0.2223239257706185,332.6040324543293,1,2.0,10.0,3.0,1.0,0.9090909090909092,-0.4031,0.0561,788.64016382,791.0916559,-2.45149207999998,0.0001001
41,50,91,0.0989010989010989,0.8901098901098901,20.231477245126285,0.2223239257706185,349.83860282185674,1,2.0,9.0,3.0,0.0,0.0,-1.0166,0.1071,786.23552637,789.0517453,-2.816218929999991,0.0029302
42,49,91,0.0769230769230769,0.5384615384615384,20.231477245126285,0.2223239257706185,367.5115048977714,1,2.0,8.0,2.0,1.0,0.8888888888888888,0.3628,0.3675,782.03746844,783.8402026,-1.80273416,0.0062426
43,48,91,0.0549450549450549,0.2747252747252747,20.231477245126285,0.2223239257706185,385.6228393565394,1,2.0,7.0,2.0,2.0,1.5555555555555556,0.7871,0.9426,775.70053837,776.8356778,-1.135139429999981,0.002366
44,47,91,0.0329670329670329,0.0989010989010989,20.231477245126285,0.2223239257706185,404.17270295420246,1,2.0,6.0,2.0,3.0,2.0,0.638,1.5022,767.49212118,768.3065117,-0.8143905199999608,0.0022204
35,57,92,0.2391304347826087,5.260869565217392,20.3794230552194,0.2215154679915152,252.08230682103624,0,2.0,15.0,3.0,7.0,4.7727272727272725,2.1371,1.193,774.14027509,771.4119316,2.728343490000043,0.0067068
36,56,92,0.217391304347826,4.3478260869565215,20.3794230552194,0.2215154679915152,267.07217753652475,2,2.0,14.0,3.0,6.0,4.2,1.9302,0.6277,784.81871426,783.1661,1.6526142599999505,0.0027048
37,55,92,0.1956521739130435,3.5217391304347827,20.3794230552194,0.2215154679915152,282.4982159167047,0,2.0,13.0,3.0,5.0,3.611111111111111,1.7477,0.4234,788.85116835,788.38687,0.4642983499999218,0.0061272
38,54,92,0.1739130434782608,2.782608695652174,20.3794230552194,0.2215154679915152,298.3605462136435,2,2.0,12.0,3.0,4.0,3.0,1.0156,0.2781,795.57980624,795.699444,-0.1196377599999323,0.0034224
39,53,92,0.1521739130434782,2.130434782608696,20.3794230552194,0.2215154679915152,314.65928720371943,0,2.0,11.0,3.0,3.0,2.357142857142857,0.9807,0.1597,795.68368344,796.8662248,-1.182541360000073,0.0091264
40,52,92,0.1304347826086956,1.565217391304348,20.3794230552194,0.2215154679915152,331.3945525638192,2,2.0,10.0,3.0,2.0,1.6666666666666667,0.3169,0.1387,798.46508983,799.7264036,-1.2613137700000152,0.0001012
41,51,92,0.108695652173913,1.0869565217391304,20.3794230552194,0.2215154679915152,348.5664512128852,0,2.0,9.0,3.0,1.0,0.9,-0.1157,0.1993,794.63796825,796.9383252,-2.3003569500000367,0.0017848
42,50,92,0.0869565217391304,0.6956521739130435,20.3794230552194,0.2215154679915152,366.1750876227764,2,2.0,8.0,3.0,0.0,0.0,-1.0899,0.3016,793.47456502,796.5112704,-3.036705379999944,0.0001564
43,49,92,0.0652173913043478,0.391304347826087,20.3794230552194,0.2215154679915152,384.2205621018666,0,2.0,7.0,2.0,1.0,0.875,-0.0025,0.5704,785.71412825,787.846048,-2.131919749999952,0.0031004
44,48,92,0.0434782608695652,0.1739130434782608,20.3794230552194,0.2215154679915152,402.7029710543544,2,2.0,6.0,2.0,2.0,1.5,0.0293,1.1943,780.60823181,782.439208,-1.8309761900000008,0.002714
45,47,92,0.0217391304347826,0.0434782608695652,20.3794230552194,0.2215154679915152,421.6224072178703,0,2.0,5.0,2.0,3.0,1.875,0.0076,1.6218,768.91223144,770.3547412,-1.4425097600000072,0.0043792
46,46,92,0.0,0.0,20.3794230552194,0.2215154679915152,440.9789598816421,2,2.0,4.0,2.0,4.0,2.0,-0.5466,1.8458,759.8660902,761.352394,-1.4863037999999733,0.3450276
35,58,93,0.2473118279569892,5.688172043010753,20.526833787405323,0.220718642875326,251.1755280969898,1,2.0,15.0,3.0,8.0,5.217391304347826,2.3515,1.5154,779.64221846,776.1406698,3.501548660000026,0.4308132
36,57,93,0.2258064516129032,4.741935483870968,20.526833787405323,0.220718642875326,266.1114779482478,1,2.0,14.0,3.0,7.0,4.666666666666667,2.8542,0.6525,788.89532316,786.6040905,2.2912326599999915,0.002511
37,56,93,0.2043010752688172,3.881720430107527,20.526833787405323,0.220718642875326,281.48202650220446,1,2.0,13.0,3.0,6.0,4.105263157894737,2.1485,0.1989,795.7726988,794.3056437,1.467055099999925,0.0078306
38,55,93,0.1827956989247312,3.10752688172043,20.526833787405323,0.220718642875326,297.28729756397337,1,2.0,12.0,3.0,5.0,3.5294117647058822,1.5442,0.1117,801.07913305,800.9892375,0.0898955500000511,0.0075516
39,54,93,0.1612903225806451,2.419354838709677,20.526833787405323,0.220718642875326,313.52740948267603,1,2.0,11.0,3.0,4.0,2.933333333333333,1.3979,0.1626,804.09019624,804.3482022,-0.2580059599999913,0.0104904
40,53,93,0.1397849462365591,1.8172043010752688,20.526833787405323,0.220718642875326,330.202475526286,1,2.0,10.0,3.0,3.0,2.3076923076923075,0.9826,0.1496,805.45107844,806.4607251,-1.009646660000044,0.0004557
41,52,93,0.1182795698924731,1.3010752688172045,20.526833787405323,0.220718642875326,347.31260422194737,1,2.0,9.0,3.0,2.0,1.6363636363636365,0.6059,0.2726,804.59492426,805.7691957,-1.174271439999984,0.001488
42,51,93,0.0967741935483871,0.8709677419354839,20.526833787405323,0.220718642875326,364.8578996657179,1,2.0,8.0,3.0,1.0,0.8888888888888888,-0.135,0.3311,802.01109376,804.5810835,-2.5699897399999827,0.000186
43,50,93,0.075268817204301,0.5268817204301075,20.526833787405323,0.220718642875326,382.83846180514695,1,2.0,7.0,3.0,0.0,0.0,-1.247,0.4097,797.28706267,800.5977726,-3.31070993000003,0.0010137
44,49,93,0.053763440860215,0.2688172043010752,20.526833787405323,0.220718642875326,401.25438669765214,1,2.0,6.0,2.0,1.0,0.8571428571428571,-0.6326,0.7598,790.75910464,793.4260311,-2.6669264600000133,0.0020646
45,48,93,0.032258064516129,0.0967741935483871,20.526833787405323,0.220718642875326,420.1057667472725,1,2.0,5.0,2.0,2.0,1.4285714285714286,-0.7136,1.3201,782.16676427,784.4387715,-2.2720072299999856,0.0026319
46,47,93,0.010752688172043,0.010752688172043,20.526833787405323,0.220718642875326,439.3926909220492,1,2.0,4.0,2.0,3.0,1.7142857142857142,-0.9829,1.6609,771.69502632,773.6264241,-1.9313977799999973,0.3700098
36,58,94,0.2340425531914893,5.148936170212766,20.673717099616518,0.2199331606342182,265.1644540024664,2,2.0,14.0,3.0,8.0,5.090909090909091,3.2507,0.846,795.14623828,791.8871892,3.259049080000068,0.0121072
37,57,94,0.2127659574468085,4.25531914893617,20.673717099616518,0.2199331606342182,280.48030263271954,0,2.0,13.0,3.0,7.0,4.55,3.2387,0.179,800.59738338,798.3198536,2.277529780000009,0.0020304
38,56,94,0.1914893617021276,3.4468085106382977,20.673717099616518,0.2199331606342182,296.2293267025118,2,2.0,12.0,3.0,6.0,4.0,1.7414,0.0116,808.75661529,807.8204336,0.9361816900000122,0.0016638
39,55,94,0.1702127659574468,2.723404255319149,20.673717099616518,0.2199331606342182,312.4116441397897,0,2.0,11.0,3.0,5.0,3.4375,1.8624,0.0533,810.34398433,810.5438392,-0.1998548699999673,0.0063826
40,54,94,0.1489361702127659,2.0851063829787235,20.673717099616518,0.2199331606342182,329.0273678094346,2,2.0,10.0,3.0,4.0,2.857142857142857,1.4397,0.1484,814.61933421,814.6793504,-0.060016189999942,0.0001692
41,53,94,0.1276595744680851,1.5319148936170213,20.673717099616518,0.2199331606342182,346.0766058523699,0,2.0,9.0,3.0,3.0,2.25,1.2967,0.3099,812.34057087,812.9967316,-0.6561607300000105,0.0014946
42,52,94,0.1063829787234042,1.0638297872340423,20.673717099616518,0.2199331606342182,363.5594619942014,2,2.0,8.0,3.0,2.0,1.6,0.4175,0.5401,812.73439502,814.2594054,-1.525010380000026,0.000141
43,51,94,0.0851063829787234,0.6808510638297872,20.673717099616518,0.2199331606342182,381.4760358267901,0,2.0,7.0,3.0,1.0,0.875,-0.4081,0.579,806.58725727,809.2213062,-2.634048929999949,0.0040702
44,50,94,0.0638297872340425,0.3829787234042553,20.673717099616518,0.2199331606342182,399.8264230657098,2,2.0,6.0,3.0,0.0,0.0,-1.7305,0.5148,803.10179774,806.864228,-3.7624302599999737,0.0031396
45,49,94,0.0425531914893617,0.1702127659574468,20.673717099616518,0.2199331606342182,418.6107157861565,0,2.0,5.0,2.0,1.0,0.8333333333333334,-1.294,0.8573,793.08412194,796.4059102,-3.3217882599999484,0.0033746
46,48,94,0.0212765957446808,0.0425531914893617,20.673717099616518,0.2199331606342182,437.82900263955634,2,2.0,4.0,2.0,2.0,1.3333333333333333,-1.6482,1.3658,785.72154236,788.8182208,-3.096678440000005,0.0042864
36,59,95,0.2421052631578947,5.568421052631579,20.820080460021323,0.219158741684435,264.2307686164324,1,2.0,14.0,3.0,9.0,5.478260869565218,-0.1407,1.9458,798.71580758,794.7696485,3.9461590800000295,0.0186295
37,58,95,0.2210526315789473,4.642105263157895,20.820080460021323,0.219158741684435,279.49268775566617,1,2.0,13.0,3.0,8.0,4.9523809523809526,3.8764,0.2653,806.96315991,803.7186865,3.244473409999955,0.0202445
38,57,95,0.2,3.8,20.820080460021323,0.219158741684435,295.18625705617734,1,2.0,12.0,3.0,7.0,4.421052631578948,2.8898,0.0039,813.69955867,812.1633125,1.5362461700000267,0.005814
39,56,95,0.1789473684210526,3.042105263157895,20.820080460021323,0.219158741684435,311.31159403066965,1,2.0,11.0,3.0,6.0,3.882352941176471,2.0347,0.0016,818.14283386,817.471618,0.6712158599999611,0.006783
40,55,95,0.1578947368421052,2.3684210526315788,20.820080460021323,0.219158741684435,327.86881114660963,1,2.0,10.0,3.0,5.0,3.333333333333333,1.8896,0.0559,820.99730918,821.141278,-0.1439688200000546,0.000874
41,54,95,0.1368421052631579,1.7789473684210526,20.820080460021323,0.219158741684435,344.85801616413966,1,2.0,9.0,3.0,4.0,2.769230769230769,1.8172,0.2936,821.63554424,821.4852635,0.150280739999971,0.000513
42,53,95,0.1157894736842105,1.2736842105263158,20.820080460021323,0.219158741684435,362.2793124436315,1,2.0,8.0,3.0,3.0,2.1818181818181817,1.1668,0.5914,820.60900105,821.628514,-1.0195129500000348,0.0001235
43,52,95,0.0947368421052631,0.8526315789473684,20.820080460021323,0.219158741684435,380.13279922626776,1,2.0,7.0,3.0,2.0,1.5555555555555556,0.056,0.8083,817.44147088,819.1556545,-1.7141836199999716,0.0050825
44,51,95,0.0736842105263157,0.5157894736842106,20.820080460021323,0.219158741684435,398.41857189059255,1,2.0,6.0,3.0,1.0,0.8571428571428571,-0.9983,0.723,812.53456871,815.809707,-3.2751382899999726,0.0095
45,50,95,0.0526315789473684,0.2631578947368421,20.820080460021323,0.219158741684435,417.136722187591,1,2.0,5.0,3.0,0.0,0.0,-2.2926,0.5803,805.56076655,809.9102165,-4.349449950000008,0.0038855
46,49,95,0.031578947368421,0.0947368421052631,20.820080460021323,0.219158741684435,436.2873384565336,1,2.0,4.0,2.0,1.0,0.8,-2.1573,0.8817,796.7739378,800.7531665,-3.9792287000000215,0.0030305
36,60,96,0.25,6.0,20.965931153671168,0.2183951161840747,263.3100964527555,2,2.0,14.0,3.0,10.0,5.833333333333333,-0.9142,3.3045,804.44558513,799.7637216,4.681863529999987,0.0192768
37,59,96,0.2291666666666666,5.041666666666667,20.965931153671168,0.2183951161840747,278.5188377422281,0,2.0,13.0,3.0,9.0,5.318181818181818,-0.1065,0.9794,811.26616321,807.2540448,4.012118409999971,0.0033504
38,58,96,0.2083333333333333,4.166666666666667,20.965931153671168,0.2183951161840747,294.157725173253,2,2.0,12.0,3.0,8.0,4.8,3.3663,0.019,820.80659448,818.0355936,2.771000879999974,0.0084672
39,57,96,0.1875,3.375,20.965931153671168,0.2183951161840747,310.226875849079,0,2.0,11.0,3.0,7.0,4.277777777777778,3.2307,0.0,823.82582751,822.6649824,1.1608451099999684,0.0060768
40,56,96,0.1666666666666666,2.6666666666666665,20.965931153671168,0.2183951161840747,326.7264018452965,2,2.0,10.0,3.0,6.0,3.75,2.0741,0.0082,829.54347252,828.9915168,0.5519557200000236,0.0001152
41,55,96,0.1458333333333333,2.0416666666666665,20.965931153671168,0.2183951161840747,343.6564105465742,0,2.0,9.0,3.0,5.0,3.2142857142857144,2.3814,0.155,828.75906227,828.3731328,0.3859294699999509,0.000144
42,54,96,0.125,1.5,20.965931153671168,0.2183951161840747,361.01700495314,2,2.0,8.0,3.0,4.0,2.6666666666666665,1.7314,0.5562,830.65621925,830.782848,-0.1266287499998952,0.0001248
43,53,96,0.1041666666666666,1.0416666666666667,20.965931153671168,0.2183951161840747,378.8082839603858,0,2.0,7.0,3.0,3.0,2.1,0.8027,0.8789,826.06598924,827.0272608,-0.96127156,0.0051456
44,52,96,0.0833333333333333,0.6666666666666666,20.965931153671168,0.2183951161840747,397.0303426145235,2,2.0,6.0,3.0,2.0,1.5,-0.6016,1.0579,824.14483468,826.503648,-2.3588133199999675,0.0001728
45,51,96,0.0625,0.375,20.965931153671168,0.2183951161840747,415.6832723468458,0,2.0,5.0,3.0,1.0,0.8333333333333334,-1.5432,0.8,815.74669564,819.328656,-3.581960360000039,0.0100032
46,50,96,0.0416666666666666,0.1666666666666666,20.965931153671168,0.2183951161840747,434.7671611888184,2,2.0,4.0,3.0,0.0,0.0,-3.0902,0.5958,810.0093188,815.0419872,-5.032668400000034,0.0041952
47,49,96,0.0208333333333333,0.0416666666666666,20.965931153671168,0.2183951161840747,454.2820939699576,0,2.0,3.0,2.0,1.0,0.75,-2.9519,0.7653,797.80123788,802.5878688,-4.786630919999993,0.0900864
36,61,97,0.2577319587628865,6.443298969072165,21.111276288848163,0.2176420235963728,262.40212339287035,1,2.0,14.0,3.0,11.0,6.16,-0.5994,3.9739,807.53453986,802.1768565,5.35768336000001,0.1304068
37,60,97,0.2371134020618556,5.453608247422681,21.111276288848163,0.2176420235963728,277.558420330411,1,2.0,13.0,3.0,10.0,5.652173913043479,-0.8183,2.2997,817.10506532,812.4901584,4.614906919999953,0.0019109
38,59,97,0.2164948453608247,4.546391752577319,21.111276288848163,0.2176420235963728,293.14338013516846,1,2.0,12.0,3.0,9.0,5.142857142857143,-0.6244,0.4523,825.22221764,821.7693433,3.452874340000108,0.0033853
39,58,97,0.1958762886597938,3.7216494845360826,21.111276288848163,0.2176420235963728,309.157119506584,1,2.0,11.0,3.0,8.0,4.631578947368421,4.2621,0.0014,831.04870532,828.5217752,2.5269301199999745,0.0067124
40,57,97,0.1752577319587628,2.979381443298969,21.111276288848163,0.2176420235963728,325.59975013377755,1,2.0,10.0,3.0,7.0,4.117647058823529,3.3133,0.0049,835.34525716,834.5606654,0.7845917600000121,0.0001261
41,56,97,0.1546391752577319,2.31958762886598,21.111276288848163,0.2176420235963728,342.4713790311226,1,2.0,9.0,3.0,6.0,3.6,2.6372,0.1255,837.42669242,836.4444248,0.982267620000016,0.0042486
42,55,97,0.134020618556701,1.7422680412371134,21.111276288848163,0.2176420235963728,359.7721088436712,1,2.0,8.0,3.0,5.0,3.076923076923077,2.4228,0.3596,837.90360677,837.6039822,0.2996245699999917,0.0001649
43,54,97,0.1134020618556701,1.2474226804123711,21.111276288848163,0.2176420235963728,377.50203812579406,1,2.0,7.0,3.0,4.0,2.5454545454545454,1.409,0.8304,836.23920644,836.5013638,-0.2621573600000602,0.0041225
44,53,97,0.0927835051546391,0.8350515463917526,21.111276288848163,0.2176420235963728,395.6612615959548,1,2.0,6.0,3.0,3.0,2.0,0.175,1.1477,832.89720841,834.6151503,-1.71794189000002,0.0027645
45,52,97,0.0721649484536082,0.5051546391752577,21.111276288848163,0.2176420235963728,414.2498703701633,1,2.0,5.0,3.0,2.0,1.4285714285714286,-1.1259,1.1585,827.48640017,830.3098053,-2.823405129999969,0.0354632
46,51,97,0.0515463917525773,0.2577319587628865,21.111276288848163,0.2176420235963728,433.26795217632616,1,2.0,4.0,3.0,1.0,0.8,-2.3024,0.8121,820.3259965,824.7357391,-4.409742600000072,0.0048403
47,50,97,0.0309278350515463,0.0927835051546391,21.111276288848163,0.2176420235963728,452.7155915514415,1,2.0,3.0,3.0,0.0,0.0,-3.8818,0.4923,811.16840439,817.0515737,-5.883169309999971,0.0120183
48,49,97,0.0103092783505154,0.0103092783505154,21.111276288848163,0.2176420235963728,472.59287002334906,1,2.0,2.0,2.0,1.0,0.6666666666666666,-3.97,0.5906,800.18989669,806.0992261,-5.909329410000055,0.4201749
37,61,98,0.2448979591836734,5.877551020408164,21.256122803129635,0.216899212276833,276.6111145985116,0,2.0,13.0,3.0,11.0,5.958333333333333,-0.8821,3.1811,820.91326369,816.4114812,4.501782489999982,0.0160818
38,60,98,0.2244897959183673,4.938775510204081,21.256122803129635,0.216899212276833,292.1428830004038,2,2.0,12.0,3.0,10.0,5.454545454545454,-1.4485,1.8239,831.78812853,827.682373,4.10575553000001,0.0032242
39,59,98,0.2040816326530612,4.081632653061225,21.256122803129635,0.216899212276833,308.10196754607983,0,2.0,11.0,3.0,9.0,4.95,3.6761,0.3447,836.19038204,832.7663876,3.4239944400000013,0.0079184
40,58,98,0.1836734693877551,3.306122448979592,21.256122803129635,0.216899212276833,324.48847954346525,2,2.0,10.0,3.0,8.0,4.444444444444445,4.3759,0.0037,843.30142222,840.9770432,2.324379019999924,0.0084476
41,57,98,0.1632653061224489,2.6122448979591835,21.256122803129635,0.216899212276833,341.30252564169393,0,2.0,9.0,3.0,7.0,3.9375,3.7804,0.1814,843.96027765,842.4375568,1.522720849999928,0.004998
42,56,98,0.1428571428571428,2.0,21.256122803129635,0.216899212276833,358.544208135491,2,2.0,8.0,3.0,6.0,3.4285714285714284,2.8405,0.236,847.30973976,846.2465718,1.063167959999987,0.0001764
43,55,98,0.1224489795918367,1.469387755102041,21.256122803129635,0.216899212276833,376.213625242861,0,2.0,7.0,3.0,5.0,2.9166666666666665,2.2201,0.5758,844.2230787,843.7804606,0.4426181000000042,0.003381
44,54,98,0.1020408163265306,1.020408163265306,21.256122803129635,0.216899212276833,394.3108713589943,2,2.0,6.0,3.0,4.0,2.4,0.7995,1.0948,843.81308116,844.790772,-0.9776908399999228,0.0064582
45,53,98,0.0816326530612244,0.6530612244897959,21.256122803129635,0.216899212276833,412.836037288922,0,2.0,5.0,3.0,3.0,1.875,-0.3694,1.2667,836.9788799,838.9587724,-1.9798925000000052,0.011907
46,52,98,0.0612244897959183,0.3673469387755102,21.256122803129635,0.216899212276833,431.7892104611357,2,2.0,4.0,3.0,2.0,1.3333333333333333,-1.8876,1.1733,832.81144641,836.3221902,-3.5107437899999923,0.0047432
47,51,98,0.0408163265306122,0.1632653061224489,21.256122803129635,0.216899212276833,451.1704751241093,0,2.0,3.0,3.0,1.0,0.75,-2.9896,0.6756,822.22774648,827.2852868,-5.057540320000044,0.0329084
48,50,98,0.0204081632653061,0.0408163265306122,21.256122803129635,0.216899212276833,470.9799125274282,2,2.0,2.0,3.0,0.0,0.0,-4.912,0.3431,814.30483552,821.0729394,-6.768103880000012,0.051793
37,62,99,0.2525252525252525,6.313131313131313,21.40047746918492,0.216166439082676,275.676610467049,1,2.0,13.0,3.0,12.0,6.24,-1.1556,4.1368,826.25212084,821.234799,5.017321840000022,0.0040293
38,61,99,0.2323232323232323,5.343434343434343,21.40047746918492,0.216166439082676,291.15590627845404,1,2.0,12.0,3.0,11.0,5.739130434782608,-1.5674,2.7437,835.7034416,831.8498265,3.85361510000007,0.0047421
39,60,99,0.2121212121212121,4.454545454545454,21.40047746918492,0.216166439082676,307.0610745870189,1,2.0,11.0,3.0,10.0,5.238095238095238,-0.7552,1.4618,842.86672547,839.1926862,3.67403926999998,0.0066132
40,59,99,0.1919191919191919,3.646464646464647,21.40047746918492,0.216166439082676,323.3922263246257,1,2.0,10.0,3.0,9.0,4.7368421052631575,2.9504,0.5645,848.55659076,845.383275,3.173315759999923,0.0105039
41,58,99,0.1717171717171717,2.919191919191919,21.40047746918492,0.216166439082676,340.1494677801046,1,2.0,9.0,3.0,8.0,4.235294117647059,2.7082,0.4154,852.03273526,849.3196041,2.713131159999989,0.0120087
42,57,99,0.1515151515151515,2.272727272727273,21.40047746918492,0.216166439082676,357.33290090258754,1,2.0,8.0,3.0,7.0,3.733333333333333,3.6855,0.4757,853.96215972,852.1720218,1.7901379200000065,0.0002277
43,56,99,0.1313131313131313,1.707070707070707,21.40047746918492,0.216166439082676,374.9426235782594,1,2.0,7.0,3.0,6.0,3.230769230769231,2.711,0.4689,853.75033004,852.7474395,1.002890539999953,0.0009108
44,55,99,0.1111111111111111,1.2222222222222223,21.40047746918492,0.216166439082676,392.9787298834051,1,2.0,6.0,3.0,5.0,2.727272727272727,1.7195,0.79,851.92009683,852.2626068,-0.3425099699999236,0.0003465
45,54,99,0.0909090909090909,0.8181818181818182,21.40047746918492,0.216166439082676,411.4413103162797,1,2.0,5.0,3.0,4.0,2.2222222222222223,0.1697,1.2357,848.01966258,849.4393941,-1.419731519999914,0.0194535
46,53,99,0.0707070707070707,0.494949494949495,21.40047746918492,0.216166439082676,430.3304520100062,1,2.0,4.0,3.0,3.0,1.7142857142857142,-1.1243,1.3005,842.43034402,845.2553868,-2.8250427799999898,0.0051084
47,52,99,0.0505050505050505,0.2525252525252525,21.40047746918492,0.216166439082676,449.64623892843287,1,2.0,3.0,3.0,2.0,1.2,-2.4616,1.0035,834.84086367,839.0026656,-4.161801930000024,0.0062667
48,51,99,0.0303030303030303,0.0909090909090909,21.40047746918492,0.216166439082676,469.3887520466513,1,2.0,2.0,3.0,1.0,0.6666666666666666,-3.919,0.4921,825.49283573,831.4389666,-5.946130869999934,0.001584
37,63,100,0.26,6.76,21.544346900318832,0.2154434690031884,274.7546082273488,0,2.0,13.0,3.0,13.0,6.5,-1.1282,4.9318,829.59051286,824.45085,5.139662860000044,0.01312
38,62,100,0.24,5.76,21.544346900318832,0.2154434690031884,290.1821334319443,2,2.0,12.0,3.0,12.0,6.0,-1.7845,3.6881,841.75548831,837.22012,4.535368310000081,0.00692
39,61,100,0.22,4.84,21.544346900318832,0.2154434690031884,306.0341068003274,0,2.0,11.0,3.0,11.0,5.5,-1.0125,2.3871,847.4945018,843.94151,3.5529917999999725,0.01118
40,60,100,0.2,4.0,21.544346900318832,0.2154434690031884,322.31063889336787,2,2.0,10.0,3.0,10.0,5.0,2.6356,1.3688,855.95259136,852.21066,3.741931360000081,0.00814
41,59,100,0.18,3.24,21.544346900318832,0.2154434690031884,339.0118356444122,0,2.0,9.0,3.0,9.0,4.5,2.762,1.1671,858.00633137,854.84683,3.159501370000044,0.00798
42,58,100,0.16,2.56,21.544346900318832,0.2154434690031884,356.13779866162287,2,2.0,8.0,3.0,8.0,4.0,2.259,1.0292,862.75973552,860.46626,2.2934755200000154,0.0003
43,57,100,0.14,1.96,21.544346900318832,0.2154434690031884,373.6886255038035,0,2.0,7.0,3.0,7.0,3.5,3.4961,0.6397,861.12613528,859.51184,1.6142952799999648,0.00135
44,56,100,0.12,1.44,21.544346900318832,0.2154434690031884,391.6644099326005,2,2.0,6.0,3.0,6.0,3.0,2.3246,0.5983,862.17692078,861.93593,0.240990780000061,0.00034
45,55,100,0.1,1.0,21.544346900318832,0.2154434690031884,410.06524214359695,0,2.0,5.0,3.0,5.0,2.5,0.7634,0.975,856.85401466,857.51732,-0.663305340000079,0.01813
46,54,100,0.08,0.64,21.544346900318832,0.2154434690031884,428.8912089784983,2,2.0,4.0,3.0,4.0,2.0,-0.6183,1.3012,854.20414714,856.35652,-2.152372860000014,0.01764
47,53,100,0.06,0.36,21.544346900318832,0.2154434690031884,448.1423941203354,0,2.0,3.0,3.0,3.0,1.5,-1.7043,1.1365,845.19004222,848.49947,-3.3094277799999645,0.005
48,52,100,0.04,0.16,21.544346900318832,0.2154434690031884,467.818878273378,2,2.0,2.0,3.0,2.0,1.0,-3.2717,0.7676,838.84141459,843.77375,-4.932335409999951,0.00168
49,51,100,0.02,0.04,21.544346900318832,0.2154434690031884,487.9207393292514,0,2.0,1.0,3.0,1.0,0.5,-4.818,0.2146,826.13426513,832.97495,-6.840684870000018,0.00224
50,50,100,0.0,0.0,21.544346900318832,0.2154434690031884,508.4480525205751,2,3.0,0.0,3.0,0.0,0.0,-7.3746,0.0256,816.08872315,825.1626,-9.073876850000032,0.24001
37,64,101,0.2673267326732673,7.217821782178218,21.68773755577532,0.2147300748096567,273.84481809510504,1,2.0,13.0,3.0,14.0,6.7407407407407405,-1.4618,5.5652,834.45428658,828.8237053,5.630581280000001,0.0204929
38,63,101,0.2475247524752475,6.188118811881188,21.68773755577532,0.2147300748096567,289.2212584051226,1,2.0,12.0,3.0,13.0,6.24,-1.9176,4.4818,845.19562876,840.7988511,4.396777659999998,0.008484
39,62,101,0.2277227722772277,5.237623762376238,21.68773755577532,0.2147300748096567,305.02074141114133,1,2.0,11.0,3.0,12.0,5.739130434782608,-1.3415,3.3396,853.65169463,849.7463805,3.905314129999965,0.0070801
40,61,101,0.2079207920792079,4.366336633663367,21.68773755577532,0.2147300748096567,321.2433773079326,1,2.0,10.0,3.0,11.0,5.238095238095238,-0.7693,2.1106,860.68866653,857.0702339,3.618432630000029,0.0083325
41,60,101,0.1881188118811881,3.5742574257425743,21.68773755577532,0.2147300748096567,337.88927167806764,1,2.0,9.0,3.0,10.0,4.7368421052631575,2.5145,1.993,865.51353854,862.0183855,3.495153039999991,0.0037471
42,59,101,0.1683168316831683,2.8613861386138613,21.68773755577532,0.2147300748096567,354.95852579325566,1,2.0,8.0,3.0,9.0,4.235294117647059,2.4169,1.7925,868.84720093,865.8645059,2.9826950299999453,0.0003131
43,58,101,0.1485148514851485,2.227722772277228,21.68773755577532,0.2147300748096567,372.4512368892556,1,2.0,7.0,3.0,8.0,3.733333333333333,2.2805,1.2703,870.03999813,867.9067966,2.133201529999951,0.0240077
44,57,101,0.1287128712871287,1.6732673267326732,21.68773755577532,0.2147300748096567,390.3674984172424,1,2.0,6.0,3.0,7.0,3.230769230769231,1.7612,1.0244,869.67118583,868.737966,0.9332198299999844,0.0004141
45,56,101,0.1089108910891089,1.198019801980198,21.68773755577532,0.2147300748096567,408.70740027413615,1,2.0,5.0,3.0,6.0,2.727272727272727,1.0242,0.8732,867.23122619,867.4099372,-0.1787110099999154,0.0058378
46,55,101,0.0891089108910891,0.801980198019802,21.68773755577532,0.2147300748096567,427.4710290140849,1,2.0,4.0,3.0,5.0,2.2222222222222223,-0.083,1.1121,863.16056958,864.6473044,-1.486734820000038,0.0045854
47,54,101,0.0693069306930693,0.4851485148514851,21.68773755577532,0.2147300748096567,446.6584680430213,1,2.0,3.0,3.0,4.0,1.7142857142857142,-1.197,1.1458,857.08735349,859.7671965,-2.6798430099999,0.0048379
48,53,101,0.0495049504950495,0.2475247524752475,21.68773755577532,0.2147300748096567,466.2697977979806,1,2.0,2.0,3.0,3.0,1.2,-2.5217,0.8929,849.31529411,853.4869357,-4.171641590000036,0.0014948
49,52,101,0.0297029702970297,0.0891089108910891,21.68773755577532,0.2147300748096567,486.3050959126667,1,2.0,1.0,3.0,2.0,0.6666666666666666,-3.9999,0.4028,839.60849278,845.413026,-5.804533219999939,0.0116655
50,51,101,0.0099009900990099,0.0099009900990099,21.68773755577532,0.2147300748096567,506.7644373705828,1,3.0,0.0,3.0,1.0,0.0,-6.0971,0.0889,828.13529387,836.391403,-8.256109129999913,0.3000003
37,65,102,0.2745098039215686,7.686274509803922,21.830655745813875,0.2140260367236655,272.9469597873613,0,2.0,13.0,3.0,15.0,6.964285714285714,-1.1867,5.7796,837.34615647,831.5799186,5.766237869999941,0.0829056
38,64,102,0.2549019607843137,6.627450980392157,21.830655745813875,0.2140260367236655,288.2729851770897,2,2.0,12.0,3.0,14.0,6.461538461538462,-2.3686,5.1115,850.75919257,845.7045726,5.054619969999976,0.067065
39,63,102,0.2352941176470588,5.647058823529412,21.830655745813875,0.2140260367236655,304.02066622762976,0,2.0,11.0,3.0,13.0,5.958333333333333,-1.5178,4.1141,857.79110548,853.9355544,3.855551080000055,0.00408
40,62,102,0.2156862745098039,4.745098039215686,21.830655745813875,0.2140260367236655,320.1901127724561,2,2.0,10.0,3.0,12.0,5.454545454545454,-1.0425,3.0087,867.55227544,863.561988,3.990287439999975,0.0087618
41,61,102,0.196078431372549,3.92156862745098,21.830655745813875,0.2140260367236655,336.78143004796505,0,2.0,9.0,3.0,11.0,4.95,2.6925,2.5098,870.95503296,867.496485,3.4585479600000326,0.0025092
42,60,102,0.1764705882352941,3.176470588235294,21.830655745813875,0.2140260367236655,353.794718993825,2,2.0,8.0,3.0,10.0,4.444444444444445,2.1278,2.588,877.06649591,873.9767388,3.089757109999937,0.0083028
43,59,102,0.1568627450980392,2.5098039215686274,21.830655745813875,0.2140260367236655,371.2300765269868,0,2.0,7.0,3.0,9.0,3.9375,2.4369,2.0071,876.83807741,874.2064428,2.631634609999992,0.0091698
44,58,102,0.1372549019607843,1.9215686274509804,21.830655745813875,0.2140260367236655,389.087595792226,2,2.0,6.0,3.0,8.0,3.4285714285714284,2.9398,1.6027,879.30185397,877.957605,1.3442489700000806,0.0004182
45,57,102,0.1176470588235294,1.411764705882353,21.830655745813875,0.2140260367236655,407.3673663917165,0,2.0,5.0,3.0,7.0,2.9166666666666665,1.3435,1.3076,875.44034547,874.8521436,0.5882018700000344,0.0064056
46,56,102,0.0980392156862745,0.9803921568627452,21.830655745813875,0.2140260367236655,426.06947459582034,2,2.0,4.0,3.0,6.0,2.4,0.0364,1.085,874.25834964,875.1894474,-0.9310977599999432,0.0004182
47,55,102,0.0784313725490196,0.6274509803921569,21.830655745813875,0.2140260367236655,445.194003537006,0,2.0,3.0,3.0,5.0,1.875,-0.597,0.9702,866.76191627,868.75083,-1.988913729999922,0.0081702
48,54,102,0.0588235294117647,0.3529411764705882,21.830655745813875,0.2140260367236655,464.7410333885787,2,2.0,2.0,3.0,4.0,1.3333333333333333,-1.9382,0.8881,861.9359829,865.3814844,-3.4455014999999776,0.0016626
49,53,102,0.0392156862745098,0.1568627450980392,21.830655745813875,0.2140260367236655,484.71064152970416,0,2.0,1.0,3.0,3.0,0.75,-3.1809,0.4905,850.80284449,855.6343338,-4.831489310000052,0.0045696
50,52,102,0.0196078431372549,0.0392156862745098,21.830655745813875,0.2140260367236655,505.1029026980361,2,3.0,0.0,3.0,2.0,0.0,-5.1293,0.2123,842.33475375,849.0919926,-6.757238850000022,0.1001028
39,64,103,0.2427184466019417,6.067961165048544,21.973107636570678,0.2133311421026279,303.0335791942956,1,2.0,11.0,3.0,14.0,6.16,-1.9941,4.7163,863.45465724,859.2912608,4.163396439999929,0.0112064
40,63,103,0.2233009708737864,5.135922330097087,21.973107636570678,0.2133311421026279,319.150527166513,1,2.0,10.0,3.0,13.0,5.652173913043479,-1.3524,3.7179,871.79490544,867.8608711,3.9340343399999256,0.0092185
41,62,103,0.203883495145631,4.281553398058253,21.973107636570678,0.2133311421026279,335.68797614960675,1,2.0,9.0,3.0,12.0,5.142857142857143,-0.0128,3.0814,877.92485987,874.298196,3.626663870000016,0.0039346
42,61,103,0.1844660194174757,3.504854368932039,21.973107636570678,0.2133311421026279,352.64602675551697,1,2.0,8.0,3.0,11.0,4.631578947368421,2.2298,3.0874,882.61697481,879.4415216,3.1754532100000006,0.0092185
43,60,103,0.1650485436893204,2.8058252427184467,21.973107636570678,0.2133311421026279,370.0247755865268,1,2.0,7.0,3.0,10.0,4.117647058823529,2.073,2.77,885.16889097,882.3087635,2.860127469999952,0.0098056
44,59,103,0.145631067961165,2.184466019417476,21.973107636570678,0.2133311421026279,387.82431548499153,1,2.0,6.0,3.0,9.0,3.6,3.4952,2.0673,886.21375359,884.1896568,2.024096790000044,0.0004429
45,58,103,0.1262135922330097,1.6407766990291262,21.973107636570678,0.2133311421026279,406.04473576216685,1,2.0,5.0,3.0,8.0,3.076923076923077,2.4494,1.8098,885.18690334,884.1718481,1.0150552399999242,0.0022969
46,57,103,0.1067961165048543,1.174757281553398,21.973107636570678,0.2133311421026279,424.6861224083143,1,2.0,4.0,3.0,7.0,2.5454545454545454,0.7688,1.4561,882.58519566,882.8147819,-0.2295862400000032,0.0008755
47,56,103,0.087378640776699,0.7864077669902912,21.973107636570678,0.2133311421026279,443.7485582859898,1,2.0,3.0,3.0,6.0,2.0,-0.3738,0.9332,877.97902774,879.378156,-1.3991282599999977,0.0040994
48,55,103,0.0679611650485436,0.4757281553398058,21.973107636570678,0.2133311421026279,463.23212330819393,1,2.0,2.0,3.0,5.0,1.4285714285714286,-1.3574,0.6939,871.73124938,874.4447341,-2.7134847199999967,0.0018128
49,54,103,0.0485436893203883,0.2427184466019417,21.973107636570678,0.2133311421026279,483.13689460285934,1,2.0,1.0,3.0,4.0,0.8,-2.535,0.4778,863.54537691,867.6431497,-4.097772790000022,0.0089816
40,64,104,0.2307692307692307,5.538461538461538,22.115099254715485,0.2126451851414951,318.1243125988631,2,2.0,10.0,3.0,14.0,5.833333333333333,-1.7852,4.2702,878.15201272,873.8408536,4.31115912000007,0.0093184
41,63,104,0.2115384615384615,4.653846153846154,22.115099254715485,0.2126451851414951,334.6085861377273,0,2.0,9.0,3.0,13.0,5.318181818181818,-0.238,3.6537,882.86025952,879.1518528,3.708406719999971,0.0017888
42,62,104,0.1923076923076923,3.8461538461538463,22.115099254715485,0.2126451851414951,351.51210887327727,2,2.0,8.0,3.0,12.0,4.8,2.2812,3.5851,890.28620888,886.9022552,3.3839536799999905,0.0089128
43,61,104,0.173076923076923,3.1153846153846154,22.115099254715485,0.2126451851414951,368.834977097176,0,2.0,7.0,3.0,11.0,4.277777777777778,2.2224,3.2333,891.41753841,888.275128,3.142410410000025,0.0248872
44,60,104,0.1538461538461538,2.4615384615384617,22.115099254715485,0.2126451851414951,386.5772833532481,2,2.0,6.0,3.0,10.0,3.75,1.7907,2.7649,895.24892046,893.0895792,2.1593412600000192,0.002496
45,59,104,0.1346153846153846,1.8846153846153848,22.115099254715485,0.2126451851414951,404.7391166655729,0,2.0,5.0,3.0,9.0,3.2142857142857144,2.9494,2.2555,892.80146487,891.1708104,1.6306544699999677,0.0022984
46,58,104,0.1153846153846153,1.3846153846153846,22.115099254715485,0.2126451851414951,423.32056274791387,2,2.0,4.0,3.0,8.0,2.6666666666666665,1.2023,1.9125,893.04014746,892.824244,0.2159034599999358,0.0013416
47,57,104,0.0961538461538461,0.9615384615384616,22.115099254715485,0.2126451851414951,442.32170419638624,0,2.0,3.0,3.0,7.0,2.1,0.2982,1.3054,887.01212354,887.76324,-0.7511164600000484,0.0042224
48,56,104,0.0769230769230769,0.6153846153846154,22.115099254715485,0.2126451851414951,461.7426206670336,2,2.0,2.0,3.0,6.0,1.5,-1.0643,0.6331,883.65988987,885.8328128,-2.172922930000027,0.0016744
49,55,104,0.0576923076923076,0.3461538461538461,22.115099254715485,0.2126451851414951,481.5833890397873,0,2.0,1.0,3.0,5.0,0.8333333333333334,-1.6639,0.2681,874.04957551,877.264752,-3.21517649000009,0.005772
50,54,104,0.0384615384615384,0.1538461538461538,22.115099254715485,0.2126451851414951,501.84408357010926,2,3.0,0.0,3.0,4.0,0.0,-3.529,0.2418,867.1081477,871.9267856,-4.818637899999999,0.0057408
52,52,104,0.0,0.0,22.115099254715485,0.2126451851414951,543.6255358357112,2,3.0,2.0,3.0,2.0,1.0,-3.5285,0.5673,843.38492096,848.3618624,-4.976941439999905,0.3176056
40,65,105,0.238095238095238,5.9523809523809526,22.25663649191485,0.2119679665896653,317.11117098393925,1,2.0,10.0,3.0,15.0,6.0,-1.484,4.2709,881.92513017,877.65279,4.272340170000007,0.0121065
41,64,105,0.219047619047619,5.038095238095238,22.25663649191485,0.2119679665896653,333.54294648083487,1,2.0,9.0,3.0,14.0,5.478260869565218,-0.5858,4.105,889.31870061,885.3277125,3.990988109999989,0.004032
42,63,105,0.2,4.2,22.25663649191485,0.2119679665896653,350.39263597684936,1,2.0,8.0,3.0,13.0,4.9523809523809526,2.4094,3.9197,895.32579762,891.960615,3.365182620000041,0.009051
43,62,105,0.1809523809523809,3.4380952380952383,22.25663649191485,0.2119679665896653,367.6603354569822,1,2.0,7.0,3.0,12.0,4.421052631578948,2.2468,3.6595,899.19359625,896.133777,3.0598192500000323,0.035259
44,61,105,0.1619047619047619,2.7523809523809524,22.25663649191485,0.2119679665896653,385.3461371703304,1,2.0,6.0,3.0,11.0,3.882352941176471,1.9617,3.1907,901.60680573,898.999668,2.6071377299999767,0.002499
45,60,105,0.1428571428571428,2.142857142857143,22.25663649191485,0.2119679665896653,403.4501298574552,1,2.0,5.0,3.0,10.0,3.333333333333333,1.9395,2.6526,901.94806304,900.1340565,1.814006539999923,0.002499
46,59,105,0.1238095238095238,1.6095238095238096,22.25663649191485,0.2119679665896653,421.9723989591446,1,2.0,4.0,3.0,9.0,2.769230769230769,1.9176,2.3318,900.76811316,899.9183445,0.8497686599999952,0.001134
47,58,105,0.1047619047619047,1.1523809523809525,22.25663649191485,0.2119679665896653,440.9130268084669,1,2.0,3.0,3.0,8.0,2.1818181818181817,0.8824,1.7438,897.58223177,897.788934,-0.2067022300000189,0.0045465
48,57,105,0.0857142857142857,0.7714285714285715,22.25663649191485,0.2119679665896653,460.2720928077824,1,2.0,2.0,3.0,7.0,1.5555555555555556,-0.4236,0.9923,892.80967378,894.269586,-1.4599122199999783,0.0013965
49,56,105,0.0666666666666666,0.4666666666666667,22.25663649191485,0.2119679665896653,480.0496735921801,1,2.0,1.0,3.0,6.0,0.8571428571428571,-1.0734,0.1638,886.09621517,888.7939725,-2.697757329999945,0.010248
50,55,105,0.0476190476190476,0.238095238095238,22.25663649191485,0.2119679665896653,500.2458431806383,1,3.0,0.0,3.0,5.0,0.0,-2.7756,0.0949,877.73143594,881.709045,-3.9776090599999634,0.003969
51,54,105,0.0285714285714285,0.0857142857142857,22.25663649191485,0.2119679665896653,520.8606731160577,1,3.0,1.0,3.0,4.0,0.8,-2.3721,0.3718,867.49011104,871.6041915,-4.114080459999968,0.0218295
52,53,105,0.0095238095238095,0.0095238095238095,22.25663649191485,0.2119679665896653,541.8942325951916,1,3.0,2.0,3.0,3.0,1.2,-2.5196,0.6793,855.53334157,859.617864,-4.084522430000106,0.3000165
41,65,106,0.2264150943396226,5.433962264150943,22.397725109111345,0.2112992934821825,332.4907535382378,0,2.0,9.0,3.0,15.0,5.625,-0.2158,4.0884,893.77228976,889.6861642,4.086125560000028,0.0014204
42,64,106,0.2075471698113207,4.566037735849057,22.397725109111345,0.2112992934821825,349.2872890864333,2,2.0,8.0,3.0,14.0,5.090909090909091,2.3311,4.1794,902.47130923,898.8291412,3.6421680299999935,0.0091266
43,63,106,0.1886792452830188,3.7735849056603774,22.397725109111345,0.2112992934821825,366.5005159665019,0,2.0,7.0,3.0,13.0,4.55,2.3776,3.9333,904.91923084,901.695042,3.2241888400000107,0.0122536
44,62,106,0.1698113207547169,3.056603773584906,22.397725109111345,0.2112992934821825,384.1305261365322,2,2.0,6.0,3.0,12.0,4.0,1.3646,3.6351,910.0750782,907.4597036,2.615374599999996,0.0053954
45,61,106,0.1509433962264151,2.4150943396226414,22.397725109111345,0.2112992934821825,402.1774080571449,0,2.0,5.0,3.0,11.0,3.4375,1.819,3.0537,908.99670825,906.7167602,2.27994805000003,0.0053848
46,60,106,0.1320754716981132,1.849056603773585,22.397725109111345,0.2112992934821825,420.6412468995969,2,2.0,4.0,3.0,10.0,2.857142857142857,2.2574,2.695,910.61121,909.4793004,1.1319095999999718,0.0011024
47,59,106,0.1132075471698113,1.3584905660377358,22.397725109111345,0.2112992934821825,439.522124737229,0,2.0,3.0,3.0,9.0,2.25,1.4261,2.1423,906.0048114,905.7318082,0.2730031999999482,0.003021
48,58,106,0.0943396226415094,0.9433962264150944,22.397725109111345,0.2112992934821825,458.8201207219192,2,2.0,2.0,3.0,8.0,1.6,0.5224,1.3829,904.07970463,905.1392152,-1.0595105699999294,0.0011024
49,57,106,0.0754716981132075,0.6037735849056604,22.397725109111345,0.2112992934821825,478.5353112470039,0,2.0,1.0,3.0,7.0,0.875,-0.2227,0.3877,895.94360692,897.8328578,-1.889250880000077,0.0122218
50,56,106,0.0566037735849056,0.3396226415094339,22.397725109111345,0.2112992934821825,498.6677700979613,2,3.0,0.0,3.0,6.0,0.0,-2.2942,0.0432,890.4805621,893.7960598,-3.3154976999999235,0.005088
51,55,106,0.0377358490566037,0.1509433962264151,22.397725109111345,0.2112992934821825,519.2175685920034,0,3.0,1.0,3.0,5.0,0.8333333333333334,-1.6888,0.2016,878.81314095,882.1333144,-3.32017344999997,0.0074518
52,54,106,0.0188679245283018,0.0377358490566037,22.397725109111345,0.2112992934821825,540.1847757075957,2,3.0,2.0,3.0,4.0,1.3333333333333333,-1.8172,0.7415,869.81378239,873.0974292,-3.2836468099999365,0.100541
41,66,107,0.2336448598130841,5.841121495327103,22.538370740628164,0.2106389788843754,331.45171315822006,1,2.0,9.0,3.0,16.0,5.76,2.538,4.0579,899.74362188,895.2786086,4.465013279999994,0.008025
42,65,107,0.2149532710280373,4.94392523364486,22.538370740628164,0.2106389788843754,348.19575919056206,1,2.0,8.0,3.0,15.0,5.217391304347826,2.272,4.3204,907.02438835,903.317433,3.70695534999993,0.0092234
43,64,107,0.1962616822429906,4.121495327102804,22.538370740628164,0.2106389788843754,365.3551943858741,1,2.0,7.0,3.0,14.0,4.666666666666667,2.2363,4.1557,912.16695358,908.7400753,3.4268782800000963,0.0086777
44,63,107,0.1775700934579439,3.3738317757009346,22.538370740628164,0.2106389788843754,382.93011041487387,1,2.0,6.0,3.0,13.0,4.105263157894737,1.6087,3.8583,915.90543543,913.0703332,2.8351022299999613,0.0086777
45,62,107,0.1588785046728972,2.7009345794392523,22.538370740628164,0.2106389788843754,400.9205954617409,1,2.0,5.0,3.0,12.0,3.5294117647058822,1.6004,3.4377,917.57200524,915.289128,2.282877239999948,0.0120482
46,61,107,0.1401869158878504,2.102803738317757,22.538370740628164,0.2106389788843754,419.32673443157,1,2.0,4.0,3.0,11.0,2.933333333333333,1.6227,2.8782,917.768972,916.0157222,1.753249799999935,0.0011984
47,60,107,0.1214953271028037,1.5794392523364489,22.538370740628164,0.2106389788843754,438.1486091412211,1,2.0,3.0,3.0,10.0,2.3076923076923075,1.8022,2.4626,915.95890767,915.2674284,0.6914792700000589,0.0023861
48,59,107,0.102803738317757,1.1308411214953271,22.538370740628164,0.2106389788843754,457.3862984952212,1,2.0,2.0,3.0,9.0,1.6363636363636365,0.6367,1.7997,912.61495669,913.0687068,-0.4537501099999872,0.0016585
49,58,107,0.0841121495327102,0.7570093457943925,22.538370740628164,0.2106389788843754,477.03987864817583,1,2.0,1.0,3.0,8.0,0.8888888888888888,0.052,0.8242,907.32777358,908.8626973,-1.5349237200000516,0.0096514
50,57,107,0.0654205607476635,0.4579439252336448,22.538370740628164,0.2106389788843754,497.1094231549821,1,3.0,0.0,3.0,7.0,0.0,-1.3343,0.2217,900.4433434,903.0259222,-2.5825787999999648,0.0053072
51,56,107,0.0467289719626168,0.2336448598130841,22.538370740628164,0.2106389788843754,517.5950031099841,1,3.0,1.0,3.0,6.0,0.8571428571428571,-0.8567,0.1132,891.67870078,894.3845808,-2.705880019999995,0.0041516
41,67,108,0.2407407407407407,6.25925925925926,22.678578898107716,0.2099868416491455,330.42554029612194,0,2.0,9.0,3.0,15.0,5.625,2.1148,4.44,903.73810434,899.1713232,4.566781139999989,0.0082404
42,66,108,0.2222222222222222,5.333333333333333,22.678578898107716,0.2099868416491455,347.11774684488915,2,2.0,8.0,3.0,16.0,5.333333333333333,2.0375,4.4675,913.67079163,909.5930748,4.077716830000099,0.0092232
43,65,108,0.2037037037037037,4.481481481481482,22.678578898107716,0.2099868416491455,364.2240565138354,0,2.0,7.0,3.0,15.0,4.7727272727272725,2.2076,4.2746,917.3942739,913.9842576,3.410016300000052,0.0087696
44,64,108,0.1851851851851851,3.703703703703704,22.678578898107716,0.2099868416491455,381.7445606898665,2,2.0,6.0,3.0,14.0,4.2,1.1328,4.0063,923.83354408,920.9404836,2.893060480000031,0.0086832
45,63,108,0.1666666666666666,3.0,22.678578898107716,0.2099868416491455,399.6793472841439,0,2.0,5.0,3.0,13.0,3.611111111111111,1.766,3.6067,924.0815096,921.5278956,2.5536140000000387,0.0139968
46,62,108,0.1481481481481481,2.3703703703703702,22.678578898107716,0.2099868416491455,418.0285009388968,2,2.0,4.0,3.0,12.0,3.0,1.5139,3.1631,927.029152,925.2386028,1.7905491999999867,0.0011124
47,61,108,0.1296296296296296,1.8148148148148149,22.678578898107716,0.2099868416491455,436.7921032176807,0,2.0,3.0,3.0,11.0,2.357142857142857,2.1878,2.4877,923.79990504,922.5388296,1.2610754400000133,0.0023868
48,60,108,0.1111111111111111,1.3333333333333333,22.678578898107716,0.2099868416491455,455.9702327807343,2,2.0,2.0,3.0,10.0,1.6666666666666667,1.038,2.097,923.25761538,923.4021168,-0.1445014200000969,0.0011232
49,59,108,0.0925925925925925,0.925925925925926,22.678578898107716,0.2099868416491455,475.562965546889,0,2.0,1.0,3.0,9.0,0.9,0.5291,1.1537,916.5495316,917.4871728,-0.93764120000003,0.00864
50,58,108,0.074074074074074,0.5925925925925926,22.678578898107716,0.2099868416491455,495.5703748433162,2,3.0,0.0,3.0,8.0,0.0,-0.8247,0.5116,912.51893423,914.6549484,-2.136014169999953,0.0053784
51,57,108,0.0555555555555555,0.3333333333333333,22.678578898107716,0.2099868416491455,515.9925315442525,0,3.0,1.0,3.0,7.0,0.875,-0.0522,0.3751,902.33044096,904.2479928,-1.9175518399999876,0.0054972
52,56,108,0.037037037037037,0.1481481481481481,22.678578898107716,0.2099868416491455,536.8295041997148,2,3.0,2.0,3.0,6.0,1.5,-0.987,0.7796,894.81310854,896.8019868,-1.9888782599999784,0.0054108
54,54,108,0.0,0.0,22.678578898107716,0.2099868416491455,579.748160662521,2,3.0,4.0,3.0,4.0,2.0,-0.2461,0.9231,870.14013833,872.0879688,-1.947830469999985,0.3795012
41,68,109,0.2477064220183486,6.6880733944954125,22.818354974292443,0.2093427061861692,329.41195865116606,1,2.0,9.0,3.0,14.0,5.478260869565218,1.3773,4.8523,909.24502887,904.3872463,4.85778257000004,0.4308116
42,67,109,0.2293577981651376,5.73394495412844,22.818354974292443,0.2093427061861692,346.05296179066744,1,2.0,8.0,3.0,15.0,5.217391304347826,1.55,4.9053,917.76016635,913.5743767,4.185789649999947,0.0111834
43,66,109,0.2110091743119266,4.853211009174312,22.818354974292443,0.2093427061861692,363.1067977873975,1,2.0,7.0,3.0,16.0,4.869565217391305,1.9315,4.4361,924.1383645,920.4155764,3.7227881000000025,0.0096683
44,65,109,0.1926605504587156,4.045871559633028,22.818354974292443,0.2093427061861692,380.5735577479321,1,2.0,6.0,3.0,15.0,4.285714285714286,1.6471,4.1075,929.16114741,926.088852,3.072295410000038,0.0089489
45,64,109,0.1743119266055046,3.311926605504587,22.818354974292443,0.2093427061861692,398.453329313765,1,2.0,5.0,3.0,14.0,3.684210526315789,1.8233,3.7125,932.11229756,929.5673036,2.544993960000056,0.0040439
46,63,109,0.1559633027522936,2.6513761467889907,22.818354974292443,0.2093427061861692,416.7461968674852,1,2.0,4.0,3.0,13.0,3.0588235294117645,1.6242,3.2947,933.64353259,931.3921925,2.251340089999985,0.0011118
47,62,109,0.1376146788990825,2.0642201834862384,22.818354974292443,0.2093427061861692,435.4522417224513,1,2.0,3.0,3.0,12.0,2.4,1.9986,2.59,933.16695882,931.7227895,1.4441693200000143,0.0012862
48,61,109,0.1192660550458715,1.5504587155963303,22.818354974292443,0.2093427061861692,454.5715422976117,1,2.0,2.0,3.0,11.0,1.6923076923076923,1.6375,2.1022,931.2072847,930.7253414,0.481943299999898,0.0015369
49,60,109,0.1009174311926605,1.110091743119266,22.818354974292443,0.2093427061861692,474.1041742789164,1,2.0,1.0,3.0,10.0,0.9090909090909092,0.7392,1.3953,927.30246102,927.9281943,-0.6257332799999631,0.0039676
50,59,109,0.0825688073394495,0.7431192660550459,22.818354974292443,0.2093427061861692,494.0502107686053,1,3.0,0.0,3.0,9.0,0.0,-0.3045,0.7647,921.85236239,923.2864947,-1.4341323099999954,0.0079461
51,58,109,0.0642201834862385,0.4495412844036697,22.818354974292443,0.2093427061861692,514.4097224235082,1,3.0,1.0,3.0,8.0,0.8888888888888888,0.1634,0.7701,914.51890196,916.1249549,-1.6060529400000405,0.0052647
52,57,109,0.0458715596330275,0.2293577981651376,22.818354974292443,0.2093427061861692,535.1827775833643,1,3.0,2.0,3.0,7.0,1.5555555555555556,-0.28,1.0607,905.57871954,906.8070245,-1.2283049600000595,0.0043818
53,56,109,0.0275229357798165,0.0825688073394495,22.818354974292443,0.2093427061861692,556.3694423900624,1,3.0,3.0,3.0,6.0,2.0,-0.37,1.1395,894.81636697,895.9817876,-1.1654206299999714,0.0067253
54,55,109,0.0091743119266055,0.0091743119266055,22.818354974292443,0.2093427061861692,577.9697808986024,1,3.0,4.0,3.0,5.0,2.2222222222222223,-0.308,1.1809,882.3863045,883.6964739,-1.3101693999999495,0.3001097
41,69,110,0.2545454545454545,7.127272727272727,22.957704246655545,0.2087064022423232,328.41070032094564,0,2.0,9.0,3.0,13.0,5.318181818181818,1.0048,5.0071,912.80165626,908.078677,4.722979259999988,0.838343
42,68,110,0.2363636363636363,6.1454545454545455,22.957704246655545,0.2087064022423232,345.00112259178377,2,2.0,8.0,3.0,14.0,5.090909090909091,0.7837,5.3774,923.93049265,919.52223,4.408262649999983,0.024222
43,67,110,0.2181818181818181,5.236363636363636,22.957704246655545,0.2087064022423232,362.003122900994,0,2.0,7.0,3.0,15.0,4.7727272727272725,1.4448,4.8955,928.89048829,925.238633,3.6518552899999577,0.009493
44,66,110,0.2,4.4,22.957704246655545,0.2087064022423232,379.41679207823074,2,2.0,6.0,3.0,16.0,4.363636363636363,1.3824,4.2502,936.57410075,933.494353,3.0797477499999104,0.008921
45,65,110,0.1818181818181818,3.636363636363636,22.957704246655545,0.2087064022423232,397.2422174985989,0,2.0,5.0,3.0,15.0,3.75,1.8593,3.8008,938.10772192,935.468061,2.639660919999983,0.017809
46,64,110,0.1636363636363636,2.9454545454545453,22.957704246655545,0.2087064022423232,415.47948328820337,2,2.0,4.0,3.0,14.0,3.111111111111111,1.6304,3.378,942.34786623,940.18793,2.159936229999971,0.000616
47,63,110,0.1454545454545454,2.327272727272727,22.957704246655545,0.2087064022423232,434.12867051324855,0,2.0,3.0,3.0,13.0,2.4375,1.9511,2.6554,940.45345437,938.531979,1.9214753700000529,0.001287
48,62,110,0.1272727272727272,1.7818181818181815,22.957704246655545,0.2087064022423232,453.18985735432585,2,2.0,2.0,3.0,12.0,1.7142857142857142,2.0006,1.9878,941.25178908,940.640305,0.6114840799999683,0.000385
49,61,110,0.109090909090909,1.309090909090909,22.957704246655545,0.2087064022423232,472.6631192673352,0,2.0,1.0,3.0,11.0,0.9166666666666666,1.2848,1.3654,935.9277612,935.979957,-0.0521958000000495,0.01155
50,60,110,0.0909090909090909,0.9090909090909092,22.957704246655545,0.2087064022423232,492.5485291323201,2,3.0,0.0,3.0,10.0,0.0,-0.0051,0.9343,933.2858693,934.569625,-1.2837557000000288,0.013772
51,59,110,0.0727272727272727,0.5818181818181818,22.957704246655545,0.2087064022423232,512.8461573913463,0,3.0,1.0,3.0,9.0,0.9,0.6948,1.0453,924.53069885,925.395031,-0.8643321499999956,0.005962
52,58,110,0.0545454545454545,0.3272727272727272,22.957704246655545,0.2087064022423232,533.5560721764325,2,3.0,2.0,3.0,8.0,1.6,0.3171,1.3645,918.45010689,919.39276,-0.9426531099999238,0.006578
53,57,110,0.0363636363636363,0.1454545454545454,22.957704246655545,0.2087064022423232,554.6783394284269,0,3.0,3.0,3.0,7.0,2.1,0.3949,1.4453,906.26230654,906.848437,-0.5861304599999357,0.061941
54,56,110,0.0181818181818181,0.0363636363636363,22.957704246655545,0.2087064022423232,576.2130230076322,2,3.0,4.0,3.0,6.0,2.4,0.0087,1.3978,896.74450184,897.520888,-0.7763861600000155,0.100991
42,69,111,0.2432432432432432,6.567567567567568,23.09663188088886,0.2080777646926925,343.96195628928524,1,2.0,8.0,3.0,13.0,4.9523809523809526,0.3703,5.568,927.5775197,922.9975452,4.5799745000000485,0.0125763
43,68,111,0.2252252252252252,5.63063063063063,23.09663188088886,0.2080777646926925,360.91274544398186,1,2.0,7.0,3.0,14.0,4.666666666666667,0.6008,5.3804,935.15407203,931.3000566,3.854015430000004,0.0105783
44,67,111,0.2072072072072072,4.7657657657657655,23.09663188088886,0.2080777646926925,378.273963492724,1,2.0,6.0,3.0,15.0,4.285714285714286,0.9112,4.7183,941.42214996,938.2783602,3.143789760000004,0.0096792
45,66,111,0.1891891891891892,3.972972972972973,23.09663188088886,0.2080777646926925,396.0456975474369,1,2.0,5.0,3.0,16.0,3.809523809523809,1.6583,3.931,945.61907887,943.0145637,2.6045151699999,0.0068487
46,65,111,0.1711711711711711,3.2522522522522523,23.09663188088886,0.2080777646926925,414.228031480832,1,2.0,4.0,3.0,15.0,3.1578947368421053,1.6938,3.4608,948.44398259,945.9142278,2.52975478999997,0.0007326
47,64,111,0.1531531531531531,2.603603603603604,23.09663188088886,0.2080777646926925,432.82104611493713,1,2.0,3.0,3.0,14.0,2.4705882352941178,1.4555,2.7194,949.26057861,947.3614458,1.8991328100000828,0.0014541
48,63,111,0.1351351351351351,2.027027027027027,23.09663188088886,0.2080777646926925,451.8248193948582,1,2.0,2.0,3.0,13.0,1.7333333333333334,1.4282,1.9009,948.64298403,947.6158911,1.0270929299999807,0.0003552
49,62,111,0.1171171171171171,1.5225225225225223,23.09663188088886,0.2080777646926925,471.2394265492172,1,2.0,1.0,3.0,12.0,0.9230769230769232,1.6148,1.2291,946.07868399,945.9733464,0.1053375899999764,0.0034188
50,61,111,0.0990990990990991,1.09009009009009,23.09663188088886,0.2080777646926925,491.06494023853793,1,3.0,0.0,3.0,11.0,0.0,0.5165,0.8842,942.01911709,942.737541,-0.7184239099999559,0.0053391
51,60,111,0.081081081081081,0.7297297297297297,23.09663188088886,0.2080777646926925,511.3014306927103,1,3.0,1.0,3.0,10.0,0.9090909090909092,0.9913,1.2229,936.07349279,936.8533533,-0.779860509999935,0.0088467
52,59,111,0.063063063063063,0.4414414414414414,23.09663188088886,0.2080777646926925,531.9489658385343,1,3.0,2.0,3.0,9.0,1.6363636363636365,0.9972,1.5793,928.57234043,928.8217485,-0.2494080699999585,0.0064269
53,58,111,0.045045045045045,0.2252252252252252,23.09663188088886,0.2080777646926925,553.0076114182405,1,3.0,3.0,3.0,8.0,2.1818181818181817,0.921,1.7642,919.24509036,919.4057073,-0.1606169400000681,0.0047508
43,69,112,0.2321428571428571,6.035714285714286,23.235142934254814,0.2074566333415609,359.8353875554572,0,2.0,7.0,3.0,13.0,4.55,0.2331,5.5973,939.4526623,935.6056304,3.8470319000000472,0.0055104
44,68,112,0.2142857142857142,5.142857142857143,23.235142934254814,0.2074566333415609,377.1447807643861,2,2.0,6.0,3.0,14.0,4.2,0.2857,5.2188,948.34337354,945.1952272,3.14814634000004,0.0095984
45,67,112,0.1964285714285714,4.321428571428571,23.235142934254814,0.2074566333415609,394.8634645510818,0,2.0,5.0,3.0,15.0,3.75,1.4948,4.2536,951.12390622,948.5130592,2.6108470199999374,0.0440832
46,66,112,0.1785714285714285,3.571428571428572,23.235142934254814,0.2074566333415609,412.99152253788816,2,2.0,4.0,3.0,16.0,3.2,1.8224,3.5865,956.61782383,954.320696,2.297127830000022,0.0065408
47,65,112,0.1607142857142857,2.892857142857143,23.235142934254814,0.2074566333415609,431.5290353055716,0,2.0,3.0,3.0,15.0,2.5,1.6632,2.8095,956.01794709,953.8010384,2.2169086899999684,0.0024192
48,64,112,0.1428571428571428,2.2857142857142856,23.235142934254814,0.2074566333415609,450.4760805665648,2,2.0,2.0,3.0,14.0,1.75,1.2674,1.8727,958.11669606,957.0098272,1.1068688599999632,0.0002464
49,63,112,0.125,1.75,23.235142934254814,0.2074566333415609,469.8327333249253,0,2.0,1.0,3.0,13.0,0.9285714285714286,1.8971,0.9816,954.13486409,953.6427488,0.4921152899999015,0.004256
50,62,112,0.1071428571428571,1.2857142857142858,23.235142934254814,0.2074566333415609,489.5990660242786,2,3.0,0.0,3.0,12.0,0.0,0.831,0.7172,952.83999024,953.5253168,-0.6853265600000213,0.0002912
51,61,112,0.0892857142857142,0.8928571428571429,23.235142934254814,0.2074566333415609,509.7751486848718,0,3.0,1.0,3.0,11.0,0.9166666666666666,1.5645,1.1394,945.47471784,945.686896,-0.2121781600000076,0.0178304
52,60,112,0.0714285714285714,0.5714285714285714,23.235142934254814,0.2074566333415609,530.3610490307373,2,3.0,2.0,3.0,10.0,1.6666666666666667,1.5019,1.7144,940.78770636,940.8731024,-0.0853960399999778,0.0083888
53,59,112,0.0535714285714285,0.3214285714285714,23.235142934254814,0.2074566333415609,551.3568326078587,0,3.0,3.0,3.0,9.0,2.25,1.6355,1.928,930.03755233,929.5865712,0.4509811300000592,0.010248
54,58,112,0.0357142857142857,0.1428571428571428,23.235142934254814,0.2074566333415609,572.7625628941323,2,3.0,4.0,3.0,8.0,2.6666666666666665,1.3324,2.0609,921.95984443,921.7672352,0.1926092300000164,0.008288
43,70,113,0.2389380530973451,6.451327433628318,23.373242358808824,0.2068428527328215,358.7707795954113,1,2.0,7.0,3.0,12.0,4.421052631578948,-0.268,5.676,945.257413,941.2295676,4.027845400000047,0.0033561
44,69,113,0.2212389380530973,5.530973451327434,23.373242358808824,0.2068428527328215,376.0289612825413,1,2.0,6.0,3.0,13.0,4.105263157894737,-0.0192,5.4377,952.73361868,949.5034841,3.2301345799999126,0.0382844
45,68,113,0.2035398230088495,4.68141592920354,23.373242358808824,0.2068428527328215,393.6952226214922,1,2.0,5.0,3.0,14.0,3.684210526315789,0.3752,4.7049,958.13933351,955.6202645,2.5190690100000666,0.0071303
46,67,113,0.1858407079646017,3.902654867256637,23.373242358808824,0.2068428527328215,411.76964698720303,1,2.0,4.0,3.0,15.0,3.1578947368421053,1.563,3.9025,962.21922292,959.6614835,2.5577394199999617,0.0069495
47,66,113,0.168141592920354,3.194690265486725,23.373242358808824,0.2068428527328215,430.2523147220341,1,2.0,3.0,3.0,16.0,2.526315789473684,1.5519,2.9605,964.29054727,962.315458,1.975089270000012,0.0166449
48,65,113,0.1504424778761062,2.557522123893805,23.373242358808824,0.2068428527328215,449.1433033084983,1,2.0,2.0,3.0,15.0,1.7647058823529411,1.131,1.9851,964.97482986,963.5495762,1.425253659999953,0.0002486
49,64,113,0.1327433628318584,1.991150442477876,23.373242358808824,0.2068428527328215,468.4426875287464,1,2.0,1.0,3.0,14.0,0.9333333333333332,1.9547,0.7496,963.711167,963.0910561,0.6201109000000997,0.0001921
50,63,113,0.1150442477876106,1.4955752212389382,23.373242358808824,0.2068428527328215,488.1505396120724,1,3.0,0.0,3.0,13.0,0.0,1.1465,0.4091,961.00040596,961.2697221,-0.2693161400000008,0.0015707
51,62,113,0.0973451327433628,1.0707964601769913,23.373242358808824,0.2068428527328215,508.2669293715618,1,3.0,1.0,3.0,12.0,0.9230769230769232,1.9242,0.9579,956.40129051,956.5762106,-0.1749200900000005,0.0171873
52,61,113,0.079646017699115,0.7168141592920354,23.373242358808824,0.2068428527328215,528.7919243308787,1,3.0,2.0,3.0,11.0,1.6923076923076923,2.1871,1.6021,950.29591402,949.7239358,0.5719782200000054,0.0279449
53,60,113,0.0619469026548672,0.4336283185840708,23.373242358808824,0.2068428527328215,549.7255898420826,1,3.0,3.0,3.0,10.0,2.3076923076923075,2.0924,2.011,942.36100313,941.7140664,0.6469367299999931,0.0080117
54,59,113,0.0442477876106194,0.2212389380530973,23.373242358808824,0.2068428527328215,571.0679891952644,1,3.0,4.0,3.0,9.0,2.769230769230769,2.0864,2.2088,932.86131271,932.0158301,0.8454826099999764,0.0068365
55,58,113,0.0265486725663716,0.079646017699115,23.373242358808824,0.2068428527328215,592.8191837207133,1,3.0,5.0,3.0,8.0,3.076923076923077,1.6102,2.3424,921.59037972,920.794399,0.7959807199999887,0.0085767
43,71,114,0.2456140350877192,6.87719298245614,23.510935004498357,0.2062362719692838,357.7186598313164,0,2.0,7.0,3.0,11.0,4.277777777777778,-0.3811,5.5303,949.12279227,945.0896286,4.033163670000022,0.433143
44,70,114,0.2280701754385964,5.9298245614035086,23.510935004498357,0.2062362719692838,374.9262307243738,2,2.0,6.0,3.0,12.0,4.0,-0.5579,5.5134,959.18508069,955.9282014,3.2568792899999157,0.0035568
45,69,114,0.2105263157894736,5.052631578947368,23.510935004498357,0.2062362719692838,392.5406845478594,0,2.0,5.0,3.0,13.0,3.611111111111111,0.0628,4.9158,963.17559279,960.6349194,2.540673390000052,0.0715578
46,68,114,0.1929824561403508,4.245614035087719,23.510935004498357,0.2062362719692838,410.5621044322097,2,2.0,4.0,3.0,14.0,3.111111111111111,1.113,4.2564,969.88634563,967.6326384,2.253707230000032,0.006954
47,67,114,0.175438596491228,3.508771929824561,23.510935004498357,0.2062362719692838,428.9905704841752,0,2.0,3.0,3.0,15.0,2.5,1.2731,3.2972,970.5425915,968.2907604,2.251831100000004,0.00456
48,66,114,0.1578947368421052,2.8421052631578947,23.510935004498357,0.2062362719692838,447.8261599590464,2,2.0,2.0,3.0,16.0,1.7777777777777777,1.0366,2.1777,973.90340338,972.592539,1.3108643799999982,0.0002736
49,65,114,0.1403508771929824,2.245614035087719,23.510935004498357,0.2062362719692838,467.0689474196703,0,2.0,1.0,3.0,15.0,0.9375,2.0198,0.6981,971.22387076,970.3650588,0.8588119599999118,0.0003078
50,64,114,0.1228070175438596,1.719298245614035,23.510935004498357,0.2062362719692838,486.7190048835234,2,3.0,0.0,3.0,14.0,0.0,1.1546,0.1803,971.23625393,971.5726494,-0.3363954700000704,4.56e-05
51,63,114,0.1052631578947368,1.263157894736842,23.510935004498357,0.2062362719692838,506.7764019589595,0,3.0,1.0,3.0,13.0,0.9285714285714286,2.2828,0.6151,965.21949481,964.7271774,0.4923174100000551,0.0197676
52,62,114,0.087719298245614,0.8771929824561403,23.510935004498357,0.2062362719692838,527.2412059716253,2,3.0,2.0,3.0,12.0,1.7142857142857142,1.4699,1.545,961.88489728,961.337889,0.54700828,0.0244302
53,61,114,0.0701754385964912,0.5614035087719298,23.510935004498357,0.2062362719692838,548.1134820819306,0,3.0,3.0,3.0,11.0,2.357142857142857,1.3037,2.1091,952.52951179,951.304806,1.22470579000003,0.0200298
54,60,114,0.0526315789473684,0.3157894736842105,23.510935004498357,0.2062362719692838,569.3932933943638,2,3.0,4.0,3.0,10.0,2.857142857142857,1.6168,2.3731,945.84933342,944.9694156,0.879917819999946,0.0111834
55,59,114,0.0350877192982456,0.1403508771929824,23.510935004498357,0.2062362719692838,591.0807010593591,0,3.0,5.0,3.0,9.0,3.2142857142857144,2.3191,2.4664,933.15395523,931.7871054,1.3668498299999785,0.0850668
56,58,114,0.0175438596491228,0.0350877192982456,23.510935004498357,0.2062362719692838,613.1757643683485,2,3.0,6.0,3.0,8.0,3.4285714285714284,1.7064,2.6526,923.12956237,922.224261,0.9053013700000748,0.1026798
44,71,115,0.2347826086956521,6.339130434782609,23.64822562214429,0.2056367445403852,373.83632274171634,1,2.0,6.0,3.0,11.0,3.882352941176471,-0.6824,5.3748,963.13793507,959.88361,3.25432507000005,0.025162
45,70,115,0.217391304347826,5.434782608695652,23.64822562214429,0.2056367445403852,391.39957146868136,1,2.0,5.0,3.0,12.0,3.5294117647058822,0.6005,4.9865,969.71713935,967.225187,2.49195235000002,0.007314
46,69,115,0.2,4.6,23.64822562214429,0.2056367445403852,409.3686032089616,1,2.0,4.0,3.0,13.0,3.0588235294117645,0.8261,4.5048,975.0151265,972.639433,2.375693499999897,0.013547
47,68,115,0.1826086956521739,3.834782608695652,23.64822562214429,0.2056367445403852,427.7434978364382,1,2.0,3.0,3.0,14.0,2.4705882352941178,0.818,3.6505,978.30450042,976.4138595,1.8906409200000096,0.0182735
48,67,115,0.1652173913043478,3.139130434782609,23.64822562214429,0.2056367445403852,446.5243323818209,1,2.0,2.0,3.0,15.0,1.7647058823529411,0.962,2.5261,980.25232602,978.733398,1.5189280200000894,0.0006555
49,66,115,0.1478260869565217,2.5130434782608697,23.64822562214429,0.2056367445403852,465.7111811912029,1,2.0,1.0,3.0,16.0,0.9411764705882352,1.4913,0.923,980.25124249,979.402928,0.848314490000007,3.45e-05
50,65,115,0.1304347826086956,1.9565217391304348,23.64822562214429,0.2056367445403852,485.3041160727065,1,3.0,0.0,3.0,15.0,0.0,0.9886,0.2932,978.84950327,979.118073,-0.2685697299999674,3.45e-05
51,64,115,0.1130434782608695,1.4695652173913043,23.64822562214429,0.2056367445403852,505.3032064323346,1,3.0,1.0,3.0,14.0,0.9333333333333332,2.1977,0.4866,975.55746333,975.305294,0.2521693300000152,0.016031
52,63,115,0.0956521739130434,1.0521739130434782,23.64822562214429,0.2056367445403852,525.7085194000184,1,3.0,2.0,3.0,13.0,1.7333333333333334,0.9685,1.498,970.80662468,969.582296,1.224328679999985,0.027945
53,62,115,0.0782608695652174,0.7043478260869566,23.64822562214429,0.2056367445403852,546.5201199467471,1,3.0,3.0,3.0,12.0,2.4,1.0876,2.2294,964.2232483,963.0749865,1.1482618000000002,0.0288765
54,61,115,0.0608695652173913,0.4260869565217391,23.64822562214429,0.2056367445403852,567.7380709935647,1,3.0,4.0,3.0,11.0,2.933333333333333,1.5347,2.5523,956.12365307,954.611596,1.5120570700000826,0.0121095
44,72,116,0.2413793103448276,6.758620689655173,23.78511886631017,0.2050441281578463,372.7589786622816,2,2.0,6.0,3.0,10.0,3.75,-0.8871,5.1474,969.1402601,965.918544,3.2217160999999805,0.0037236
45,71,116,0.2241379310344827,5.827586206896552,23.78511886631017,0.2050441281578463,390.271612558957,0,2.0,5.0,3.0,11.0,3.4375,0.3354,5.0438,974.30551773,971.8030268,2.5024909300000218,0.073834
46,70,116,0.2068965517241379,4.965517241379311,23.78511886631017,0.2050441281578463,408.1888600589671,2,2.0,4.0,3.0,12.0,3.0,0.324,4.7344,982.19784802,980.115958,2.08189002000006,0.007134
47,69,116,0.1896551724137931,4.172413793103448,23.78511886631017,0.2050441281578463,426.5108008060077,0,2.0,3.0,3.0,13.0,2.4375,0.4905,3.9221,984.07357267,982.0452468,2.0283258700000037,0.0032596
48,68,116,0.1724137931034483,3.4482758620689653,23.78511886631017,0.2050441281578463,445.2375116087964,2,2.0,2.0,3.0,14.0,1.75,0.6481,2.9159,988.65984048,987.4327276,1.227112879999936,0.0001624
49,67,116,0.1551724137931034,2.793103448275862,23.78511886631017,0.2050441281578463,464.3690665991717,0,2.0,1.0,3.0,15.0,0.9375,0.944,1.2551,987.24455027,986.1876532,1.056897069999991,0.0002204
50,66,116,0.1379310344827586,2.206896551724138,23.78511886631017,0.2050441281578463,483.905537378315,2,3.0,0.0,3.0,16.0,0.0,0.4231,0.5994,988.52623748,988.6815256,-0.1552881200000229,0.0001044
51,65,116,0.1206896551724138,1.6896551724137931,23.78511886631017,0.2050441281578463,503.8469931522104,0,3.0,1.0,3.0,15.0,0.9375,1.7375,0.7209,983.81851796,983.1952128,0.6233051599999726,0.0051504
52,64,116,0.1034482758620689,1.2413793103448276,23.78511886631017,0.2050441281578463,524.1935008573302,2,3.0,2.0,3.0,14.0,1.75,0.991,1.4413,981.79703902,980.854646,0.942393020000054,0.0242092
53,63,116,0.0862068965517241,0.8620689655172413,23.78511886631017,0.2050441281578463,544.9451252774265,0,3.0,3.0,3.0,13.0,2.4375,1.3892,2.1653,973.79552751,972.2291528,1.5663747100001046,0.0750404
54,62,116,0.0689655172413793,0.5517241379310345,23.78511886631017,0.2050441281578463,566.1019291522134,2,3.0,4.0,3.0,12.0,3.0,1.3463,2.7226,968.4722451,967.073034,1.3992111000000025,0.0130152
44,73,117,0.2478632478632478,7.188034188034188,23.92161929806432,0.2044582845988404,371.6939472045514,1,2.0,6.0,3.0,9.0,3.6,-0.7447,4.7025,972.67490272,969.4108125,3.2640902199999573,0.4331457
45,72,117,0.2307692307692307,6.230769230769231,23.92161929806432,0.2044582845988404,389.1565447316816,1,2.0,5.0,3.0,10.0,3.333333333333333,-0.1103,4.991,980.39389262,978.0353622,2.358530419999965,0.008892
46,71,117,0.2136752136752136,5.3418803418803416,23.92161929806432,0.2044582845988404,407.0225998169793,1,2.0,4.0,3.0,11.0,2.933333333333333,0.0485,4.8225,986.87477276,984.7801431,2.0946296600000096,0.007254
47,70,117,0.1965811965811965,4.521367521367521,23.92161929806432,0.2044582845988404,425.2921918765857,1,2.0,3.0,3.0,12.0,2.4,-0.0085,4.1856,991.34717252,989.7558255,1.5913470199999438,0.013572
48,69,117,0.1794871794871795,3.769230769230769,23.92161929806432,0.2044582845988404,443.9653974997639,1,2.0,2.0,3.0,13.0,1.7333333333333334,0.1657,3.215,994.52195851,993.209958,1.3120005099999617,0.0010179
49,68,117,0.1623931623931624,3.0854700854700856,23.92161929806432,0.2044582845988404,463.0422906065458,1,2.0,1.0,3.0,14.0,0.9333333333333332,0.8994,1.6644,995.74711344,994.9522401,0.794873339999981,0.0048789
50,67,117,0.1452991452991453,2.47008547008547,23.92161929806432,0.2044582845988404,482.52294259353687,1,3.0,0.0,3.0,15.0,0.0,0.3036,0.905,995.61643239,995.624604,-0.0081716099999766,0.0004797
51,66,117,0.1282051282051282,1.9230769230769231,23.92161929806432,0.2044582845988404,502.4074224689889,1,3.0,1.0,3.0,16.0,0.9411764705882352,1.3476,1.0815,993.59381318,993.0840777,0.5097354800000176,0.0084357
52,65,117,0.1111111111111111,1.4444444444444444,23.92161929806432,0.2044582845988404,522.6957969781259,1,3.0,2.0,3.0,15.0,1.7647058823529411,1.1355,1.5539,990.15816403,988.7576751,1.4004889299999377,0.013455
53,64,117,0.094017094017094,1.0341880341880345,23.92161929806432,0.2044582845988404,543.3881307196027,1,3.0,3.0,3.0,14.0,2.4705882352941178,1.4186,2.1177,984.88735707,983.3183919,1.5689651699999558,0.0255528
54,63,117,0.0769230769230769,0.6923076923076923,23.92161929806432,0.2044582845988404,564.4844862538761,1,3.0,4.0,3.0,13.0,3.0588235294117645,1.6443,2.6653,978.14711986,976.2828192,1.8643006600000265,0.0103779
55,62,117,0.0598290598290598,0.4188034188034188,23.92161929806432,0.2044582845988404,585.9849242041948,1,3.0,5.0,3.0,12.0,3.5294117647058822,1.6238,3.0681,969.62781998,967.8082284,1.8195915800000648,0.0624078
56,61,117,0.0427350427350427,0.2136752136752136,23.92161929806432,0.2044582845988404,607.889503350833,1,3.0,6.0,3.0,11.0,3.882352941176471,0.308,3.3845,959.5832627,957.9906882,1.5925744999999552,0.2503332
45,73,118,0.2372881355932203,6.6440677966101696,24.05773138763989,0.2038790795562703,388.0541123528715,0,2.0,5.0,3.0,9.0,3.2142857142857144,0.2789,4.5297,984.55383751,982.0967602,2.457077310000045,0.0242372
46,72,118,0.2203389830508474,5.728813559322034,24.05773138763989,0.2038790795562703,405.86955511293854,2,2.0,4.0,3.0,10.0,2.857142857142857,-0.4074,4.813,993.59406576,991.8159246,1.7781411600000183,0.0024898
47,71,118,0.2033898305084746,4.88135593220339,24.05773138763989,0.2038790795562703,424.08739167695626,0,2.0,3.0,3.0,11.0,2.357142857142857,-0.3425,4.3109,996.65428469,995.19902,1.4552646900000354,0.0025134
48,70,118,0.1864406779661017,4.101694915254237,24.05773138763989,0.2038790795562703,442.70769841722,2,2.0,2.0,3.0,12.0,1.7142857142857142,-0.593,3.4969,1002.43104012,1001.56453,0.8665101200000436,0.020001
49,69,118,0.1694915254237288,3.389830508474576,24.05773138763989,0.2038790795562703,461.7305490443552,0,2.0,1.0,3.0,13.0,0.9285714285714286,0.466,1.9459,1002.24366103,1001.308706,0.9349550299999692,0.0077526
50,68,118,0.1525423728813559,2.7457627118644066,24.05773138763989,0.2038790795562703,481.1560147527097,2,3.0,0.0,3.0,14.0,0.0,-0.0418,1.1644,1004.75839793,1004.9510238,-0.1926258700000289,0.0004956
51,67,118,0.135593220338983,2.169491525423729,24.05773138763989,0.2038790795562703,500.9841643550434,0,3.0,1.0,3.0,15.0,0.9375,1.1723,1.4376,1001.32203674,1000.5120408,0.8099959400000216,0.0030208
52,66,118,0.1186440677966101,1.6610169491525424,24.05773138763989,0.2038790795562703,521.2150644074997,2,3.0,2.0,3.0,16.0,1.7777777777777777,0.9737,1.7823,1000.57613918,999.424246,1.1518931800000018,0.0183018
53,65,118,0.1016949152542373,1.2203389830508475,24.05773138763989,0.2038790795562703,541.8487793257326,0,3.0,3.0,3.0,15.0,2.5,1.5017,2.2866,993.88946678,991.9221954,1.9672713800000563,0.019765
54,64,118,0.0847457627118644,0.847457627118644,24.05773138763989,0.2038790795562703,562.8853714929736,2,3.0,4.0,3.0,14.0,3.111111111111111,1.6966,2.6285,989.88426389,988.2478642,1.6363996900000757,0.010384
55,63,118,0.0677966101694915,0.5423728813559322,24.05773138763989,0.2038790795562703,584.3249013607331,0,3.0,5.0,3.0,13.0,3.611111111111111,1.9194,3.0353,979.94599245,977.7958254,2.1501670499999364,0.0127558
45,74,119,0.2436974789915966,7.067226890756302,24.19345951699733,0.2033063824957759,386.96406696939744,1,2.0,5.0,3.0,8.0,3.076923076923077,0.165,4.0901,990.20851201,988.1040407,2.104471310000008,0.0093177
46,73,119,0.226890756302521,6.126050420168068,24.19345951699733,0.2033063824957759,404.7294660873099,1,2.0,4.0,3.0,9.0,2.769230769230769,-0.3438,4.4416,997.83866041,995.9061686,1.932491809999988,0.0082467
47,72,119,0.2100840336134453,5.2521008403361344,24.19345951699733,0.2033063824957759,422.8961286835449,1,2.0,3.0,3.0,10.0,2.3076923076923075,-0.8629,4.3425,1003.46061773,1002.3622994,1.0983183299999837,0.0147084
48,71,119,0.1932773109243697,4.445378151260504,24.19345951699733,0.2033063824957759,441.4641309158676,1,2.0,2.0,3.0,11.0,1.6923076923076923,-1.0213,3.6526,1007.8274255,1006.9111339,0.9162916000000224,0.0376992
49,70,119,0.1764705882352941,3.7058823529411766,24.19345951699733,0.2033063824957759,460.4335462878502,1,2.0,1.0,3.0,12.0,0.9230769230769232,-0.2197,2.1698,1010.24409191,1009.8505053,0.393586609999943,0.0073066
50,69,119,0.1596638655462184,3.033613445378151,24.19345951699733,0.2033063824957759,479.8044457938552,1,3.0,0.0,3.0,13.0,0.0,0.0194,1.2267,1011.34821373,1011.4344786,-0.0862648700000363,0.0007259
51,68,119,0.1428571428571428,2.4285714285714284,24.19345951699733,0.2033063824957759,499.5768980533472,1,3.0,1.0,3.0,14.0,0.9333333333333332,0.7989,1.7293,1010.55903232,1010.0626942,0.4963381200000185,0.0069972
52,67,119,0.1260504201680672,1.8907563025210083,24.19345951699733,0.2033063824957759,519.7509694355131,1,3.0,2.0,3.0,15.0,1.7647058823529411,1.7177,2.174,1008.40099751,1006.9873415,1.413656010000068,0.0072828
53,66,119,0.1092436974789916,1.4201680672268908,24.19345951699733,0.2033063824957759,540.3267241750632,1,3.0,3.0,3.0,16.0,2.526315789473684,1.3646,2.5895,1004.40552432,1002.8001956,1.6053287199999886,0.0217056
54,65,119,0.0924369747899159,1.0168067226890756,24.19345951699733,0.2033063824957759,561.3042244799944,1,3.0,4.0,3.0,15.0,3.1578947368421053,1.6908,2.8715,998.98574648,997.034598,1.951148480000029,0.0103768
55,64,119,0.0756302521008403,0.680672268907563,24.19345951699733,0.2033063824957759,582.6835306320083,1,3.0,5.0,3.0,14.0,3.684210526315789,1.946,3.0383,991.78364275,989.7628293,2.0208134499999915,0.0139349
56,63,119,0.0588235294117647,0.4117647058823529,24.19345951699733,0.2033063824957759,604.4647010802156,1,3.0,6.0,3.0,13.0,4.105263157894737,1.9066,3.4142,983.10242707,981.2655153,1.8369117700000288,0.2002651
46,74,120,0.2333333333333333,6.533333333333333,24.3288079822936,0.2027400665191133,403.60208011910936,2,2.0,4.0,3.0,8.0,2.6666666666666665,-0.5839,4.0726,1004.11425462,1002.849804,1.2644506200000478,0.002292
47,73,120,0.2166666666666666,5.633333333333334,24.3288079822936,0.2027400665191133,421.7181389362372,0,2.0,3.0,3.0,9.0,2.25,-0.8702,4.0345,1008.32554168,1007.439372,0.8861696799999663,0.004476
48,72,120,0.2,4.8,24.3288079822936,0.2027400665191133,440.234419445957,2,2.0,2.0,3.0,10.0,1.6666666666666667,-1.5621,3.7162,1015.25935732,1014.96288,0.2964773200000081,0.003732
49,71,120,0.1833333333333333,4.033333333333333,24.3288079822936,0.2027400665191133,459.1509949470942,0,2.0,1.0,3.0,11.0,0.9166666666666666,-0.6285,2.3122,1016.26517851,1015.9509,0.3142785100000083,0.040008
50,70,120,0.1666666666666666,3.333333333333333,24.3288079822936,0.2027400665191133,478.4679362362547,2,3.0,0.0,3.0,12.0,0.0,-0.2069,1.2916,1019.97830816,1020.53856,-0.5602518399999781,0.000924
51,69,120,0.15,2.7,24.3288079822936,0.2027400665191133,498.1853117417615,0,3.0,1.0,3.0,13.0,0.9285714285714286,0.695,1.7909,1017.77730697,1017.0756,0.701706970000032,0.0072
52,68,120,0.1333333333333333,2.1333333333333333,24.3288079822936,0.2027400665191133,518.303187647928,2,3.0,2.0,3.0,14.0,1.75,1.1416,2.5823,1018.27110713,1017.238284,1.032823129999997,0.001752
53,67,120,0.1166666666666666,1.6333333333333333,24.3288079822936,0.2027400665191133,538.8216280105371,0,3.0,3.0,3.0,15.0,2.5,1.301,3.0023,1012.86198482,1010.84094,2.021044819999929,0.015096
54,66,120,0.1,1.2,24.3288079822936,0.2027400665191133,559.7406948643031,2,3.0,4.0,3.0,16.0,3.2,1.4814,3.2499,1010.13775424,1008.483864,1.6538902400000095,0.01182
55,65,120,0.0833333333333333,0.8333333333333334,24.3288079822936,0.2027400665191133,581.0604483230114,0,3.0,5.0,3.0,15.0,3.75,1.8062,3.3683,1001.51925655,999.417732,2.101524550000022,0.009972
56,64,120,0.0666666666666666,0.5333333333333333,24.3288079822936,0.2027400665191133,602.7809466729609,2,3.0,6.0,3.0,14.0,4.2,1.878,3.462,995.57824947,993.635388,1.942861469999912,0.300168
45,76,121,0.256198347107438,7.942148760330578,24.463780996262468,0.2021800082335741,384.8201777314868,1,2.0,5.0,3.0,6.0,2.727272727272727,-0.7175,3.1873,999.19762426,997.6740037,1.5236205600000403,0.6194474
46,75,121,0.2396694214876033,6.950413223140496,24.463780996262468,0.2021800082335741,402.48715156595017,1,2.0,4.0,3.0,7.0,2.5454545454545454,-0.9165,3.6413,1007.94490096,1006.8238664,1.1210345599999982,0.0033517
47,74,121,0.2231404958677686,6.024793388429752,24.463780996262468,0.2021800082335741,420.553165766757,1,2.0,3.0,3.0,8.0,2.1818181818181817,-1.1762,3.723,1014.68441088,1014.2620026,0.4224082800000133,0.0121121
48,73,121,0.2066115702479339,5.1652892561983474,24.463780996262468,0.2021800082335741,439.0182960697372,1,2.0,2.0,3.0,9.0,1.6363636363636365,-1.6508,3.4753,1020.20984655,1020.1506612,0.059185350000007,0.0019481
49,72,121,0.1900826446280991,4.371900826446281,24.463780996262468,0.2021800082335741,457.8826155712324,1,2.0,1.0,3.0,10.0,0.9090909090909092,-1.1732,2.399,1023.78481576,1024.1290807,-0.3442649400000164,0.0274186
50,71,121,0.1735537190082644,3.644628099173554,24.463780996262468,0.2021800082335741,477.1461948722767,1,3.0,0.0,3.0,11.0,0.0,-0.5103,1.3955,1026.08909019,1026.7087644,-0.6196742100000847,0.0009801
51,70,121,0.1570247933884297,2.9834710743801653,24.463780996262468,0.2021800082335741,496.8091022121636,1,3.0,1.0,3.0,12.0,0.9230769230769232,0.2753,2.0078,1026.49893669,1026.3289454,0.1699912899998708,0.0025047
52,69,121,0.140495867768595,2.3884297520661155,24.463780996262468,0.2021800082335741,516.871403592376,1,3.0,2.0,3.0,13.0,1.7333333333333334,0.7773,2.9312,1025.58260678,1024.4905561,1.092050680000057,0.0258335
53,68,121,0.1239669421487603,1.859504132231405,24.463780996262468,0.2021800082335741,537.3331628917464,1,3.0,3.0,3.0,14.0,2.4705882352941178,1.044,3.4236,1022.82685901,1021.4107431,1.4161159100000305,0.004719
54,67,121,0.1074380165289256,1.396694214876033,24.463780996262468,0.2021800082335741,558.1944419736212,1,3.0,4.0,3.0,15.0,3.1578947368421053,1.3853,3.713,1018.69036873,1016.8637446,1.8266241300000277,0.0102487
55,66,121,0.0909090909090909,1.0,24.463780996262468,0.2021800082335741,579.4553007857251,1,3.0,5.0,3.0,16.0,3.809523809523809,1.5572,3.8298,1012.76865758,1010.7027392,2.065918379999971,0.0142901
56,65,121,0.0743801652892562,0.6694214876033058,24.463780996262468,0.2021800082335741,601.115797453344,1,3.0,6.0,3.0,15.0,4.285714285714286,1.6795,3.8784,1005.41234568,1003.5629043,1.8494413800000304,0.1418967
46,76,122,0.2459016393442623,7.377049180327869,24.598382690509563,0.2016260876271276,401.3844415154847,2,2.0,4.0,3.0,6.0,2.4,-1.5272,3.2028,1013.79537559,1013.329011,0.4663645900000119,0.0195566
47,75,122,0.2295081967213114,6.426229508196721,24.598382690509563,0.2016260876271276,419.40095953895127,0,2.0,3.0,3.0,7.0,2.1,-1.4996,3.2994,1019.12576974,1019.0366102,0.0891595399999687,0.038186
48,74,122,0.2131147540983606,5.540983606557377,24.598382690509563,0.2016260876271276,437.8155001903388,2,2.0,2.0,3.0,8.0,1.6,-2.0307,3.233,1027.18466851,1027.7605374,-0.5758688900000379,0.0022936
49,73,122,0.1967213114754098,4.721311475409836,24.598382690509563,0.2016260876271276,456.62813636572406,0,2.0,1.0,3.0,9.0,0.9,-1.4721,2.2657,1029.35050247,1029.9371638,-0.5866613299999699,0.0500566
50,72,122,0.180327868852459,3.9672131147540974,24.598382690509563,0.2016260876271276,475.8389384727124,2,3.0,0.0,3.0,10.0,0.0,-1.0791,1.5587,1034.22887154,1035.5234096,-1.2945380599999226,0.0024522
51,71,122,0.1639344262295081,3.278688524590164,24.598382690509563,0.2016260876271276,495.44797456363966,0,3.0,1.0,3.0,11.0,0.9166666666666666,-0.1249,2.1198,1033.22881391,1033.1353084,0.0935055100001136,0.002501
52,70,122,0.1475409836065573,2.6557377049180326,24.598382690509563,0.2016260876271276,515.4553104591619,2,3.0,2.0,3.0,12.0,1.7142857142857142,0.1026,3.2151,1034.92798467,1034.332043,0.5959416699997746,0.0013542
53,69,122,0.1311475409836065,2.098360655737705,24.598382690509563,0.2016260876271276,535.8610098630999,0,3.0,3.0,3.0,13.0,2.4375,0.882,3.7458,1030.76076428,1029.3156958,1.4450684800001454,0.005185
54,68,122,0.1147540983606557,1.6065573770491803,24.598382690509563,0.2016260876271276,556.6651344693109,2,3.0,4.0,3.0,14.0,3.111111111111111,1.1764,4.159,1029.28200789,1027.8090568,1.472951089999924,0.0111142
55,67,122,0.0983606557377049,1.180327868852459,24.598382690509563,0.2016260876271276,577.8677440612785,0,3.0,5.0,3.0,15.0,3.75,1.4144,4.3511,1021.94640087,1019.816483,2.1299178700001,0.0336842
56,66,122,0.081967213114754,0.819672131147541,24.598382690509563,0.2016260876271276,599.4688966050403,2,3.0,6.0,3.0,16.0,4.363636363636363,1.3024,4.4189,1017.29094122,1015.4983174,1.792623820000017,0.0279502
46,77,123,0.2520325203252032,7.813008130081301,24.732617117726065,0.2010781879489924,400.29371754765424,1,2.0,4.0,3.0,5.0,2.2222222222222223,-1.9912,2.6215,1017.22939487,1017.2139114,0.0154834699999355,0.7894386
47,76,123,0.2357723577235772,6.837398373983739,24.732617117726065,0.2010781879489924,418.2612774003685,1,2.0,3.0,3.0,6.0,2.0,-2.1008,2.8707,1025.05583033,1025.5703961,-0.5145657699999902,0.0326073
48,75,123,0.2195121951219512,5.926829268292683,24.732617117726065,0.2010781879489924,436.62577829244384,1,2.0,2.0,3.0,7.0,1.5555555555555556,-2.3362,2.8301,1031.70795299,1032.6336465,-0.9256935099999736,0.0026937
49,74,123,0.2032520325203252,5.08130081300813,24.732617117726065,0.2010781879489924,455.38729292186906,1,2.0,1.0,3.0,8.0,0.8888888888888888,-1.953,2.1692,1036.40944612,1037.8661526,-1.4567064800000935,0.0198276
50,73,123,0.1869918699186991,4.300813008130081,24.732617117726065,0.2010781879489924,474.5458915049236,1,3.0,0.0,3.0,9.0,0.0,-1.629,1.5345,1039.88073242,1041.4694499,-1.588717480000014,0.0024846
51,72,123,0.1707317073170731,3.5853658536585367,24.732617117726065,0.2010781879489924,494.10164190901736,1,3.0,1.0,3.0,10.0,0.9090909090909092,-0.2667,2.2064,1041.45667832,1042.0953108,-0.6386324800000693,0.001353
52,71,123,0.1544715447154471,2.934959349593496,24.732617117726065,0.2010781879489924,514.0546097759451,1,3.0,2.0,3.0,11.0,1.6923076923076923,-0.139,3.343,1041.74771025,1041.261051,0.4866592500000024,0.001353
53,70,123,0.1382113821138211,2.34959349593496,24.732617117726065,0.2010781879489924,534.4048586364187,1,3.0,3.0,3.0,12.0,2.4,0.5878,4.0293,1040.19761225,1039.2503208,0.947291449999966,0.00369
54,69,123,0.1219512195121951,1.829268292682927,24.732617117726065,0.2010781879489924,555.1524500166481,1,3.0,4.0,3.0,13.0,3.0588235294117645,1.0902,4.4701,1037.30886137,1035.7736397,1.535221669999828,0.0095325
55,68,123,0.1056910569105691,1.3739837398373984,24.732617117726065,0.2010781879489924,576.2974435376608,1,3.0,5.0,3.0,14.0,3.684210526315789,1.1554,4.8362,1032.63232279,1030.7866908,1.8456319899999016,0.0121155
56,67,123,0.089430894308943,0.983739837398374,24.732617117726065,0.2010781879489924,597.8398970079775,1,3.0,6.0,3.0,15.0,4.285714285714286,1.1916,4.9816,1026.56415822,1024.6156578,1.948500420000073,0.0121155
47,77,124,0.2419354838709677,7.258064516129032,24.8664882538245,0.2005361955953589,417.1338830445496,0,2.0,3.0,3.0,5.0,1.875,-2.7348,2.3558,1029.09118187,1030.3030792,-1.2118973300000562,0.2515092
48,76,124,0.2258064516129032,6.32258064516129,24.8664882538245,0.2005361955953589,435.4488836941405,2,2.0,2.0,3.0,6.0,1.5,-2.9549,2.4198,1038.24455305,1039.9902196,-1.7456665500001236,0.002604
49,75,124,0.2096774193548387,5.451612903225806,24.8664882538245,0.2005361955953589,454.15982795800073,0,2.0,1.0,3.0,7.0,0.875,-2.4323,1.8678,1041.53864574,1043.3762132,-1.8375674599999456,0.030566
50,74,124,0.1935483870967742,4.645161290322581,24.8664882538245,0.2005361955953589,473.26678586314654,2,3.0,0.0,3.0,8.0,0.0,-2.4173,1.4458,1047.55051751,1049.9575628,-2.407045290000042,0.0013144
51,73,124,0.1774193548387097,3.903225806451613,24.8664882538245,0.2005361955953589,492.76982509405593,0,3.0,1.0,3.0,9.0,0.9,-0.7368,2.1405,1047.71847541,1048.5628108,-0.8443353899999693,0.001364
52,72,124,0.1612903225806451,3.225806451612903,24.8664882538245,0.2005361955953589,512.6690111155907,2,3.0,2.0,3.0,10.0,1.6666666666666667,-0.5246,3.3701,1050.59015626,1050.685542,-0.0953857399999833,0.0013516
53,71,124,0.1451612903225806,2.6129032258064515,24.8664882538245,0.2005361955953589,532.9644072872201,0,3.0,3.0,3.0,11.0,2.357142857142857,0.3566,4.167,1047.6307333,1046.7436068,0.8871265000000221,0.002294
54,70,124,0.1290322580645161,2.064516129032258,24.8664882538245,0.2005361955953589,553.6560749693144,2,3.0,4.0,3.0,12.0,3.0,0.8038,4.7433,1047.36346929,1046.2641112,1.0993580900001234,0.001364
55,69,124,0.1129032258064516,1.5806451612903225,24.8664882538245,0.2005361955953589,574.7440736221969,0,3.0,5.0,3.0,13.0,3.611111111111111,1.1407,5.1375,1041.27546918,1039.5554136,1.7200555800000077,0.0091512
56,68,124,0.0967741935483871,1.1612903225806452,24.8664882538245,0.2005361955953589,596.2284608985692,2,3.0,6.0,3.0,14.0,4.2,0.9192,5.4799,1037.87045661,1036.1217916,1.748665009999968,0.0124992
57,67,124,0.0806451612903225,0.8064516129032258,24.8664882538245,0.2005361955953589,618.1092927298663,0,3.0,7.0,3.0,15.0,4.7727272727272725,1.1481,5.5832,1028.65272145,1026.5082824,2.1444390499998462,0.056668
47,78,125,0.248,7.688,25.0,0.2,416.0185464834892,1,2.0,3.0,3.0,4.0,1.7142857142857142,-3.4857,1.8774,1034.61002486,1036.6643875,-2.0543626399999084,0.43315
48,77,125,0.232,6.728,25.0,0.2,434.2845763093935,1,2.0,2.0,3.0,5.0,1.4285714285714286,-3.6275,1.9867,1042.3582616,1044.7101875,-2.3519258999999693,0.0028875
49,76,125,0.216,5.832,25.0,0.2,452.945491071749,1,2.0,1.0,3.0,6.0,0.8571428571428571,-3.1638,1.5901,1048.15584742,1050.9920625,-2.8362150799998744,0.001775
50,75,125,0.2,5.0,25.0,0.2,472.0013606103332,1,3.0,0.0,3.0,7.0,0.0,-3.1648,1.2755,1052.76242595,1055.6910625,-2.9286365499999647,0.001325
51,74,125,0.184,4.232,25.0,0.2,491.4522524286485,1,3.0,1.0,3.0,8.0,0.8888888888888888,-1.3981,2.0085,1055.4729391,1057.27015,-1.7972108999999818,0.0025125
52,73,125,0.168,3.528,25.0,0.2,511.2982318165165,1,3.0,2.0,3.0,9.0,1.6363636363636365,-0.6577,3.1783,1056.93846433,1057.2545125,-0.3160481699999309,0.00135
53,72,125,0.152,2.888,25.0,0.2,531.5393619639951,1,3.0,3.0,3.0,10.0,2.3076923076923075,-0.0066,4.2025,1056.56138525,1056.2863875,0.2749977500000113,0.00135
54,71,125,0.136,2.312,25.0,0.2,552.1757040673888,1,3.0,4.0,3.0,11.0,2.933333333333333,0.5748,4.8986,1054.88635384,1053.867375,1.0189788400000452,0.0014125
55,70,125,0.12,1.8,25.0,0.2,573.2073174280348,1,3.0,5.0,3.0,12.0,3.5294117647058822,0.9372,5.4008,1051.42126073,1049.9754125,1.4458482300001378,0.0077375
56,69,125,0.104,1.352,25.0,0.2,594.634259544483,1,3.0,6.0,3.0,13.0,4.105263157894737,0.9934,5.7708,1046.60606936,1044.7723,1.8337693599999056,0.0109875
57,68,125,0.088,0.968,25.0,0.2,616.4565861986179,1,3.0,7.0,3.0,14.0,4.666666666666667,0.9008,6.0333,1040.05263152,1038.080475,1.9721565199999984,0.026
48,78,126,0.238095238095238,7.142857142857143,25.133156184720164,0.1994694935295251,433.1326224205956,2,2.0,2.0,3.0,4.0,1.3333333333333333,-4.6111,1.5524,1048.47445885,1051.6891518,-3.2146929499999715,0.0023058
49,77,126,0.2222222222222222,6.222222222222222,25.133156184720164,0.1994694935295251,451.7440385028191,0,2.0,1.0,3.0,5.0,0.8333333333333334,-4.0018,1.2245,1052.86640653,1056.4604442,-3.5940376700000343,0.0041958
50,76,126,0.2063492063492063,5.365079365079365,25.133156184720164,0.1994694935295251,470.7493617309495,2,3.0,0.0,3.0,6.0,0.0,-4.065,1.0292,1059.98138011,1063.8838602,-3.9024800900001537,0.0106848
51,75,126,0.1904761904761904,4.571428571428571,25.133156184720164,0.1994694935295251,490.1486594294343,0,3.0,1.0,3.0,7.0,0.875,-1.8501,1.7133,1061.2858274,1063.4795136,-2.193686200000002,0.0318528
52,74,126,0.1746031746031746,3.8412698412698414,25.133156184720164,0.1994694935295251,509.94199671491145,2,3.0,2.0,3.0,8.0,1.6,-1.0544,3.0021,1065.2985409,1066.3682022,-1.069661300000007,0.0013482
53,73,126,0.1587301587301587,3.1746031746031744,25.133156184720164,0.1994694935295251,530.1294366098252,0,3.0,3.0,3.0,9.0,2.25,-0.0946,3.976,1063.51426465,1063.4321754,0.0820892500000809,0.00378
54,72,126,0.1428571428571428,2.571428571428572,25.133156184720164,0.1994694935295251,550.7110401481549,2,3.0,4.0,3.0,10.0,2.857142857142857,0.2286,4.9419,1064.42594121,1063.885725,0.5402162099999259,3.78e-05
55,71,126,0.1269841269841269,2.031746031746032,25.133156184720164,0.1994694935295251,571.6868664739392,0,3.0,5.0,3.0,11.0,3.4375,0.6861,5.5884,1059.55177023,1058.3076798,1.244090430000142,0.0103572
56,70,126,0.1111111111111111,1.5555555555555556,25.133156184720164,0.1994694935295251,593.056972933211,2,3.0,6.0,3.0,12.0,4.0,0.81,6.025,1057.36358106,1055.8445562,1.519024859999945,0.0124992
57,69,126,0.0952380952380952,1.1428571428571428,25.133156184720164,0.1994694935295251,614.8214151598918,0,3.0,7.0,3.0,13.0,4.55,0.8016,6.2529,1049.39838504,1047.3657768,2.032608239999945,0.0905058
58,68,126,0.0793650793650793,0.7936507936507936,25.133156184720164,0.1994694935295251,636.9802471561438,2,3.0,8.0,3.0,14.0,5.090909090909091,0.5615,6.6907,1044.11146044,1042.4305206,1.6809398400000646,0.0279468
48,79,127,0.2440944881889764,7.566929133858268,25.26596056564665,0.1989445713830445,431.99279446069687,1,2.0,2.0,3.0,3.0,1.2,-5.523,1.2773,1052.19523316,1056.2459317,-4.050698539999985,0.0061976
49,78,127,0.2283464566929134,6.622047244094488,25.26596056564665,0.1989445713830445,450.55523290575854,1,2.0,1.0,3.0,4.0,0.8,-4.9685,0.8739,1059.05975177,1063.6022924,-4.5425406299998485,0.0100076
50,77,127,0.2125984251968504,5.74015748031496,25.26596056564665,0.1989445713830445,469.5105418941827,1,3.0,0.0,3.0,5.0,0.0,-4.767,0.7175,1064.7712421,1069.4096214,-4.638379299999997,0.0092202
51,76,127,0.1968503937007874,4.921259842519685,25.26596056564665,0.1989445713830445,488.8587885732464,1,3.0,1.0,3.0,6.0,0.8571428571428571,-2.5883,1.4399,1068.58610774,1071.855997,-3.2698892599999,0.00508
52,75,127,0.1811023622047244,4.165354330708661,25.26596056564665,0.1989445713830445,508.6000378882271,1,3.0,2.0,3.0,7.0,1.5555555555555556,-1.3807,2.6296,1071.19464708,1072.655843,-1.4611959199999092,0.0013716
53,74,127,0.1653543307086614,3.47244094488189,25.26596056564665,0.1989445713830445,528.7343526957197,1,3.0,3.0,3.0,8.0,2.1818181818181817,-0.4441,3.736,1071.95931923,1072.576214,-0.6168947700000444,0.0036195
54,73,127,0.1496062992125984,2.84251968503937,25.26596056564665,0.1989445713830445,549.2617938690873,1,3.0,4.0,3.0,9.0,2.769230769230769,0.2296,4.6957,1071.46542715,1071.1315382,0.3338889500000732,0.0040894
55,72,127,0.1338582677165354,2.2755905511811023,25.26596056564665,0.1989445713830445,570.1824203967257,1,3.0,5.0,3.0,10.0,3.333333333333333,0.2579,5.6532,1069.17946109,1068.2683359,0.9111251899998932,0.0055753
56,71,127,0.1181102362204724,1.7716535433070866,25.26596056564665,0.1989445713830445,591.496289473756,1,3.0,6.0,3.0,11.0,3.882352941176471,0.5186,6.2333,1065.5835594,1064.063912,1.5196473999999398,0.0113538
57,70,127,0.1023622047244094,1.330708661417323,25.26596056564665,0.1989445713830445,613.2034565876943,1,3.0,7.0,3.0,12.0,4.421052631578948,0.5913,6.4061,1060.24659934,1058.3597324,1.886866940000118,0.0259969
58,69,127,0.0866141732283464,0.952755905511811,25.26596056564665,0.1989445713830445,635.3039755985914,1,3.0,8.0,3.0,13.0,4.9523809523809526,0.5341,6.8444,1053.54901873,1051.6606094,1.8884093299998312,0.0288798
48,80,128,0.25,8.0,25.398416831491183,0.1984251314960249,430.8648708044344,2,2.0,2.0,3.0,2.0,1.0,-6.8741,1.0254,1057.90785385,1062.8142976,-4.90644374999988,0.0064384
49,79,128,0.234375,7.03125,25.398416831491183,0.1984251314960249,449.3788431322169,0,2.0,1.0,3.0,3.0,0.75,-6.1653,0.7233,1063.36852582,1068.9838208,-5.615294980000044,0.0013184
50,78,128,0.21875,6.125,25.398416831491183,0.1984251314960249,468.28466022704015,2,3.0,0.0,3.0,4.0,0.0,-5.9439,0.4923,1071.55746111,1077.3727872,-5.815326089999871,0.0176768
51,77,128,0.203125,5.28125,25.398416831491183,0.1984251314960249,487.5823890608612,0,3.0,1.0,3.0,5.0,0.8333333333333334,-3.3206,1.0721,1073.96819328,1077.8588672,-3.890673920000154,0.0187904
52,76,128,0.1875,4.5,25.398416831491183,0.1984251314960249,507.2720944093867,2,3.0,2.0,3.0,6.0,1.5,-1.9645,2.257,1079.0917674,1081.4404608,-2.348693400000002,0.000704
53,75,128,0.171875,3.78125,25.398416831491183,0.1984251314960249,527.3538389650946,0,3.0,3.0,3.0,7.0,2.1,-0.635,3.3087,1078.45135756,1079.4023552,-0.950997640000196,0.0036224
54,74,128,0.15625,3.125,25.398416831491183,0.1984251314960249,547.8276834424088,2,3.0,4.0,3.0,8.0,2.6666666666666665,-0.0639,4.4189,1080.5107727,1080.7425024,-0.2317296999999598,3.84e-05
55,73,128,0.140625,2.53125,25.398416831491183,0.1984251314960249,568.6936866757076,0,3.0,5.0,3.0,9.0,3.2142857142857144,0.3795,5.4019,1076.81807258,1076.0313984,0.7866741800000909,0.005376
56,72,128,0.125,2.0,25.398416831491183,0.1984251314960249,589.9519057107772,2,3.0,6.0,3.0,10.0,3.75,0.067,6.313,1075.81447703,1074.6864384,1.1280386299999918,0.0016128
57,71,128,0.109375,1.53125,25.398416831491183,0.1984251314960249,611.602395890257,0,3.0,7.0,3.0,11.0,4.277777777777778,0.9295,6.5687,1069.06838141,1067.1603712,1.9080102099999292,0.0544512
58,70,128,0.09375,1.125,25.398416831491183,0.1984251314960249,633.64521093357,2,3.0,8.0,3.0,12.0,4.8,0.3923,6.9229,1065.00288038,1063.2865152,1.716365180000139,0.0279424
59,69,128,0.078125,0.78125,25.398416831491183,0.1984251314960249,656.080403011786,0,3.0,9.0,3.0,13.0,5.318181818181818,0.2706,7.3837,1055.20231742,1053.3010048,1.9013126199999988,0.0298112
48,81,129,0.2558139534883721,8.44186046511628,25.530528603808893,0.197911074448131,429.748635568217,1,2.0,2.0,3.0,1.0,0.6666666666666666,-8.0574,0.6118,1061.25141753,1066.7695119,-5.518094369999972,0.0053148
49,80,129,0.2403100775193798,7.449612403100775,25.530528603808893,0.197911074448131,448.21464402223086,1,2.0,1.0,3.0,2.0,0.6666666666666666,-7.635,0.5698,1069.1549094,1075.699911,-6.545001599999978,0.0019737
50,79,129,0.2248062015503876,6.51937984496124,25.530528603808893,0.197911074448131,467.07148209685386,1,3.0,0.0,3.0,3.0,0.0,-7.2569,0.4003,1075.94219427,1082.6732769,-6.731082629999946,0.0172731
51,78,129,0.2093023255813953,5.651162790697675,25.530528603808893,0.197911074448131,486.3192165905397,1,3.0,1.0,3.0,4.0,0.8,-4.3325,0.7764,1080.83244151,1085.9297142,-5.097272689999954,0.0212205
52,77,129,0.1937984496124031,4.844961240310077,25.530528603808893,0.197911074448131,505.95791211118177,1,3.0,2.0,3.0,5.0,1.4285714285714286,-2.5681,1.8053,1084.55382618,1087.5228642,-2.969038019999971,0.0007095
53,76,129,0.1782945736434108,4.10077519379845,25.530528603808893,0.197911074448131,525.9876311888415,1,3.0,3.0,3.0,6.0,2.0,-1.1173,2.8774,1086.43026905,1088.2428132,-1.8125441499998944,0.0031476
54,75,129,0.1627906976744186,3.4186046511627906,25.530528603808893,0.197911074448131,546.4084343806506,1,3.0,4.0,3.0,7.0,2.5454545454545454,-0.1323,3.9401,1087.08629404,1087.6493616,-0.5630675600000359,3.87e-05
55,74,129,0.1472868217054263,2.798449612403101,25.530528603808893,0.197911074448131,567.2203803685662,1,3.0,5.0,3.0,8.0,3.076923076923077,0.1489,5.1049,1085.94846687,1085.6699985,0.2784683699999277,0.0045537
56,73,129,0.1317829457364341,2.24031007751938,25.530528603808893,0.197911074448131,588.4235260505872,1,3.0,6.0,3.0,9.0,3.6,0.233,6.0375,1083.5395769,1082.4494619,1.0901149999999689,0.0105006
57,72,129,0.1162790697674418,1.744186046511628,25.530528603808893,0.197911074448131,610.0179266259768,1,3.0,7.0,3.0,10.0,4.117647058823529,0.509,6.6085,1079.38710097,1077.9297921,1.4573088699999062,0.0213495
58,71,129,0.1007751937984496,1.310077519379845,25.530528603808893,0.197911074448131,632.0036356749885,1,3.0,8.0,3.0,11.0,4.631578947368421,0.5142,6.9387,1073.91365184,1072.1114019,1.802249940000138,0.0279414
59,70,129,0.0852713178294573,0.937984496124031,25.530528603808893,0.197911074448131,654.3807052335333,1,3.0,9.0,3.0,12.0,5.142857142857143,0.1344,7.4055,1066.74622981,1064.8151232,1.9311066099999152,0.0298119
48,82,130,0.2615384615384615,8.892307692307693,25.66229943873142,0.1974023033748571,428.6438784182408,2,2.0,2.0,4.0,0.0,0.0,-9.5583,0.3477,1066.5763645,1072.836284,-6.259919500000024,0.02236
49,81,130,0.2461538461538461,7.876923076923077,25.66229943873142,0.1974023033748571,447.0624162040951,0,2.0,1.0,3.0,1.0,0.5,-8.9827,0.2791,1073.07783152,1080.84288,-7.765048479999905,0.001794
50,80,130,0.2307692307692307,6.923076923076923,25.66229943873142,0.1974023033748571,465.8707789027315,2,3.0,0.0,3.0,2.0,0.0,-8.7718,0.2866,1082.31277933,1090.28621,-7.973430669999971,0.001872
51,79,130,0.2153846153846154,6.030769230769231,25.66229943873142,0.1974023033748571,485.0690331408847,0,3.0,1.0,3.0,3.0,0.75,-5.5061,0.6298,1085.80083899,1091.657333,-5.856494010000006,0.014209
52,78,130,0.2,5.2,25.66229943873142,0.1974023033748571,504.6572433603601,2,3.0,2.0,3.0,4.0,1.3333333333333333,-3.4111,1.4034,1092.00633486,1095.942263,-3.9359281399999873,3.9e-05
53,77,130,0.1846153846153846,4.430769230769231,25.66229943873142,0.1974023033748571,524.6354719304727,0,3.0,3.0,3.0,5.0,1.875,-1.7461,2.408,1092.47980419,1094.743143,-2.263338809999823,0.003159
54,76,130,0.1692307692307692,3.723076923076923,25.66229943873142,0.1974023033748571,545.0037792526799,2,3.0,4.0,3.0,6.0,2.4,-0.5289,3.4604,1095.65703108,1096.905082,-1.2480509199999688,3.9e-05
55,75,130,0.1538461538461538,3.076923076923077,25.66229943873142,0.1974023033748571,565.7622238580848,0,3.0,5.0,3.0,7.0,2.9166666666666665,0.0832,4.5789,1093.11478275,1093.142024,-0.0272412500000882,0.008359
56,74,130,0.1384615384615384,2.4923076923076923,25.66229943873142,0.1974023033748571,586.9108624984176,2,3.0,6.0,3.0,8.0,3.4285714285714284,0.0902,5.7081,1093.264868,1092.71669,0.5481780000000072,0.000286
57,73,130,0.123076923076923,1.9692307692307691,25.66229943873142,0.1974023033748571,608.4497502310415,0,3.0,7.0,3.0,9.0,3.9375,0.8009,6.2709,1087.70581971,1086.304947,1.4008727099999303,0.025948
58,72,130,0.1076923076923077,1.5076923076923077,25.66229943873142,0.1974023033748571,630.3789404984705,2,3.0,8.0,3.0,10.0,4.444444444444445,0.4896,6.8922,1084.82984561,1083.318132,1.511713609999788,0.02795
59,71,130,0.0923076923076923,1.1076923076923078,25.66229943873142,0.1974023033748571,652.6984852028464,0,3.0,9.0,3.0,11.0,4.95,0.3346,7.323,1076.25295062,1074.288345,1.9646056200001567,0.064272
60,70,130,0.0769230769230769,0.7692307692307693,25.66229943873142,0.1974023033748571,675.4084347757718,2,3.0,10.0,3.0,12.0,5.454545454545454,-0.3507,7.8251,1070.35196392,1068.926768,1.425195919999851,0.02795
48,83,131,0.2671755725190839,9.35114503816794,25.79373282864238,0.1968987238827663,427.55039438643706,1,2.0,2.0,4.0,1.0,0.6666666666666666,-8.6776,0.4871,1069.55758639,1075.0017724,-5.444186009999839,0.0192439
49,82,131,0.2519083969465648,8.312977099236642,25.79373282864238,0.1968987238827663,445.92194590240143,1,2.0,1.0,4.0,0.0,0.0,-10.6479,0.1171,1078.47322632,1087.0320264,-8.558800079999855,0.0022008
50,81,131,0.2366412213740458,7.33587786259542,25.79373282864238,0.1968987238827663,464.6823278755199,1,3.0,0.0,3.0,1.0,0.0,-10.2837,0.0964,1086.30838105,1095.4898973,-9.18151624999996,0.0036156
51,80,131,0.2213740458015267,6.419847328244275,25.79373282864238,0.1968987238827663,483.83160676256017,1,3.0,1.0,3.0,2.0,0.6666666666666666,-6.8935,0.4644,1092.24621451,1099.4243775,-7.178162989999919,0.0020829
52,79,131,0.2061068702290076,5.564885496183206,25.79373282864238,0.1968987238827663,503.3698468409346,1,3.0,2.0,3.0,3.0,1.2,-4.4154,1.1677,1097.05151274,1101.8716409,-4.820128160000195,6.55e-05
53,78,131,0.1908396946564885,4.770992366412214,25.79373282864238,0.1968987238827663,523.2971103208522,1,3.0,3.0,3.0,4.0,1.7142857142857142,-2.6467,2.076,1100.01096232,1103.3209987,-3.3100363799999286,0.0006026
54,77,131,0.1755725190839694,4.038167938931298,25.79373282864238,0.1968987238827663,543.6134574496842,1,3.0,4.0,3.0,5.0,2.2222222222222223,-1.292,3.0233,1101.78696381,1103.5095077,-1.7225438899999972,3.93e-05
55,76,131,0.1603053435114503,3.366412213740458,25.79373282864238,0.1968987238827663,564.318946609219,1,3.0,5.0,3.0,6.0,2.727272727272727,-0.1436,4.0527,1101.76754462,1102.3691527,-0.6016080800000054,0.0001834
56,75,131,0.1450381679389313,2.7557251908396947,25.79373282864238,0.1968987238827663,585.4136344064116,1,3.0,6.0,3.0,7.0,3.230769230769231,0.0752,5.182,1100.51471504,1100.2101941,0.3045209399999748,0.0004192
57,74,131,0.1297709923664122,2.206106870229008,25.79373282864238,0.1968987238827663,606.8975757581719,1,3.0,7.0,3.0,8.0,3.733333333333333,0.7012,5.8865,1097.5160274,1096.5181556,0.9978717999999844,0.0279423
58,73,131,0.1145038167938931,1.717557251908397,25.79373282864238,0.1968987238827663,628.7708239706802,1,3.0,8.0,3.0,9.0,4.235294117647059,0.9747,6.4579,1093.23474547,1091.6749939,1.5597515700001168,0.0328024
59,72,131,0.099236641221374,1.2900763358778626,25.79373282864238,0.1968987238827663,651.0334308136747,1,3.0,9.0,3.0,10.0,4.7368421052631575,0.4587,7.1643,1087.25646912,1085.4848509,1.7716182199999366,0.0469897
60,71,131,0.0839694656488549,0.9236641221374046,25.79373282864238,0.1968987238827663,673.6854465901054,1,3.0,10.0,3.0,11.0,5.238095238095238,-0.0644,7.6548,1079.94703217,1078.1698895,1.777142670000103,0.0275231
48,84,132,0.2727272727272727,9.818181818181818,25.92483220379743,0.1964002439681623,426.46798369387454,2,2.0,2.0,4.0,2.0,1.0,-8.0878,0.7834,1074.50990279,1078.3267572,-3.816854409999905,0.0600732
49,83,132,0.2575757575757575,8.757575757575758,25.92483220379743,0.1964002439681623,444.79302475385305,0,2.0,1.0,4.0,1.0,0.5,-9.6569,0.1921,1082.02537043,1089.4905384,-7.465167970000039,0.0600336
50,82,132,0.2424242424242424,7.757575757575758,25.92483220379743,0.1964002439681623,463.50591188587,2,3.0,0.0,4.0,0.0,0.0,-12.099,0.0165,1092.27950744,1102.8431832,-10.563675760000024,0.00198
51,81,132,0.2272727272727272,6.818181818181818,25.92483220379743,0.1964002439681623,482.6067113784475,0,3.0,1.0,3.0,1.0,0.5,-8.2713,0.2179,1096.81711511,1105.1495664,-8.33245128999988,0.0024684
52,80,132,0.2121212121212121,5.9393939393939394,25.92483220379743,0.1964002439681623,502.0954873462695,2,3.0,2.0,3.0,2.0,1.0,-5.679,0.9263,1104.07675969,1109.9201388,-5.843379109999887,0.0034848
53,79,132,0.1969696969696969,5.121212121212121,25.92483220379743,0.1964002439681623,521.9723018420501,0,3.0,3.0,3.0,3.0,1.5,-3.5905,1.7975,1105.6353421,1109.6530896,-4.017747500000041,0.0040656
54,78,132,0.1818181818181818,4.363636363636363,25.92483220379743,0.1964002439681623,542.2372149606349,2,3.0,4.0,3.0,4.0,2.0,-2.1487,2.6863,1109.90165955,1112.4462228,-2.54456325000001,3.96e-05
55,77,132,0.1666666666666666,3.6666666666666665,25.92483220379743,0.1964002439681623,562.8902849360096,0,3.0,5.0,3.0,5.0,2.5,-0.5679,3.5286,1108.48010857,1109.5375896,-1.0574810299999626,0.0010428
56,76,132,0.1515151515151515,3.0303030303030303,25.92483220379743,0.1964002439681623,583.9315682318203,2,3.0,6.0,3.0,6.0,3.0,-0.1494,4.603,1109.754207,1110.0374604,-0.2832534000001487,0.001056
57,75,132,0.1363636363636363,2.4545454545454546,25.92483220379743,0.1964002439681623,605.3611196259453,0,3.0,7.0,3.0,7.0,3.5,0.8132,5.329,1105.35146132,1104.5437788,0.8076825200000712,0.0363528
58,74,132,0.1212121212121212,1.9393939393939397,25.92483220379743,0.1964002439681623,627.1789922896128,2,3.0,8.0,3.0,8.0,4.0,1.015,5.9972,1103.63440206,1102.5065436,1.1278584599999704,0.0204072
59,73,132,0.106060606060606,1.4848484848484849,25.92483220379743,0.1964002439681623,649.3852378614974,0,3.0,9.0,3.0,9.0,4.5,0.9368,6.645,1096.24943782,1094.4829764,1.766461419999814,0.0288816
60,72,132,0.0909090909090909,1.0909090909090908,25.92483220379743,0.1964002439681623,671.9799065171992,2,3.0,10.0,3.0,10.0,5.0,0.0383,7.3927,1091.54224472,1089.8989728,1.6432719200001884,0.0242088
50,83,133,0.2481203007518796,8.18796992481203,26.055600933891245,0.1959067739390319,462.34131926002016,1,3.0,0.0,4.0,1.0,0.0,-11.0349,0.0787,1095.90111744,1105.241837,-9.340719560000023,0.0019019
51,82,133,0.2330827067669172,7.225563909774436,26.055600933891245,0.1959067739390319,481.3941265918366,1,3.0,1.0,4.0,0.0,0.0,-9.9752,0.1134,1102.85985349,1112.5091166,-9.649263109999993,0.0031255
52,81,133,0.2180451127819548,6.323308270676692,26.055600933891245,0.1959067739390319,500.8339355795253,1,3.0,2.0,3.0,1.0,0.6666666666666666,-6.8976,0.5814,1108.72130236,1115.7403915,-7.0190891400000055,0.0020615
53,80,133,0.2030075187969924,5.481203007518797,26.055600933891245,0.1959067739390319,520.6608081198883,1,3.0,3.0,3.0,2.0,1.2,-4.6833,1.4645,1112.7361452,1117.8782069,-5.142061699999886,0.0059052
54,79,133,0.18796992481203,4.699248120300752,26.055600933891245,0.1959067739390319,540.8748041567786,1,3.0,4.0,3.0,3.0,1.7142857142857142,-3.0273,2.3954,1115.60339355,1118.8821441,-3.2787505500000407,0.002394
55,78,133,0.1729323308270676,3.977443609022557,26.055600933891245,0.1959067739390319,561.4759817778646,1,3.0,5.0,3.0,4.0,2.2222222222222223,-1.2161,3.0006,1116.67384062,1118.5271538,-1.8533131799999865,3.99e-05
56,77,133,0.1578947368421052,3.3157894736842106,26.055600933891245,0.1959067739390319,582.4643973049234,1,3.0,6.0,3.0,5.0,2.727272727272727,-0.4144,4.0541,1116.54737335,1117.2273847,-0.6800113499998588,0.0009975
57,76,133,0.1428571428571428,2.7142857142857144,26.055600933891245,0.1959067739390319,603.8401053782,1,3.0,7.0,3.0,6.0,3.230769230769231,0.5427,4.7582,1114.67300576,1114.3859195,0.2870862600000237,0.0279433
58,75,133,0.1278195488721804,2.172932330827068,26.055600933891245,0.1959067739390319,625.6031590353257,1,3.0,8.0,3.0,7.0,3.733333333333333,1.3133,5.3685,1111.55322254,1110.5274033,1.0258192399999189,0.016359
59,74,133,0.112781954887218,1.6917293233082706,26.055600933891245,0.1959067739390319,647.7536097852292,1,3.0,9.0,3.0,8.0,4.235294117647059,1.1363,6.0641,1106.73369907,1105.2644204,1.4692786699999942,0.012502
60,73,133,0.0977443609022556,1.2706766917293233,26.055600933891245,0.1959067739390319,670.2915076774408,1,3.0,10.0,3.0,9.0,4.7368421052631575,0.8409,6.7847,1100.62092015,1098.876856,1.7440641499999856,0.0465766
61,72,133,0.0827067669172932,0.9097744360902256,26.055600933891245,0.1959067739390319,693.2169013671486,1,3.0,11.0,3.0,10.0,5.238095238095238,0.1563,7.3759,1092.85597253,1091.1697853,1.6861872299998597,0.0503006
50,84,134,0.2537313432835821,8.626865671641792,26.18604232957348,0.1954182263401006,461.18834360292766,2,3.0,0.0,4.0,2.0,0.0,-10.1942,0.2137,1101.48809751,1108.8730346,-7.384937089999994,0.0031624
51,83,134,0.2388059701492537,7.641791044776119,26.18604232957348,0.1954182263401006,480.1936375022696,0,3.0,1.0,4.0,1.0,0.5,-9.054,0.2579,1107.04858719,1115.6759332,-8.627346009999883,0.0030686
52,82,134,0.2238805970149253,6.7164179104477615,26.18604232957348,0.1954182263401006,499.5849679620664,2,3.0,2.0,4.0,0.0,0.0,-8.4559,0.4254,1115.33571052,1123.4083228,-8.07261227999993,0.002747
53,81,134,0.208955223880597,5.850746268656716,26.18604232957348,0.1954182263401006,519.3623967247634,0,3.0,3.0,3.0,1.0,0.75,-5.5264,0.9003,1117.95179419,1124.1356748,-6.18388060999996,0.0048508
54,80,134,0.1940298507462686,5.044776119402985,26.18604232957348,0.1954182263401006,539.525983584727,2,3.0,4.0,3.0,2.0,1.3333333333333333,-4.0607,2.0237,1123.27962177,1127.4357196,-4.156097830000135,4.02e-05
55,79,134,0.1791044776119403,4.298507462686567,26.18604232957348,0.1954182263401006,560.0757864847682,0,3.0,5.0,3.0,3.0,1.875,-1.8855,2.5596,1122.95020899,1125.418698,-2.4684890099999848,4.02e-05
56,78,134,0.1641791044776119,3.611940298507463,26.18604232957348,0.1954182263401006,581.0118616062097,2,3.0,6.0,3.0,4.0,2.4,-1.0036,3.5139,1125.31983126,1126.6951954,-1.3753641400001015,0.0002546
57,77,134,0.1492537313432835,2.985074626865672,26.18604232957348,0.1954182263401006,602.3342634530363,0,3.0,7.0,3.0,5.0,2.9166666666666665,0.2281,4.1709,1122.04387992,1122.1814992,-0.1376192799998534,0.0199258
58,76,134,0.1343283582089552,2.417910447761194,26.18604232957348,0.1954182263401006,624.0430449306155,2,3.0,8.0,3.0,6.0,3.4285714285714284,0.9959,4.8129,1121.45633898,1121.0133944,0.4429445800001304,0.0203814
59,75,134,0.1194029850746268,1.9104477611940296,26.18604232957348,0.1954182263401006,646.1382574194241,0,3.0,9.0,3.0,7.0,3.9375,1.353,5.3396,1115.23284621,1113.9261478,1.3066984099998535,0.0203144
60,74,134,0.1044776119402985,1.462686567164179,26.18604232957348,0.1954182263401006,668.61995084418,2,3.0,10.0,3.0,8.0,4.444444444444445,1.0427,6.151,1111.68914495,1110.2622394,1.4269055499999013,0.0118188
61,73,134,0.0895522388059701,1.0746268656716418,26.18604232957348,0.1954182263401006,691.4881737387364,0,3.0,11.0,3.0,9.0,4.95,0.9814,6.7317,1102.51713889,1100.5973554,1.9197834900001,0.0419152
50,85,135,0.2592592592592592,9.074074074074074,26.31615964391579,0.1949345158808577,460.0467836284072,1,3.0,0.0,4.0,3.0,0.0,-9.3879,0.303,1104.75005537,1111.1428395,-6.392784130000109,0.003078
51,84,135,0.2444444444444444,8.066666666666666,26.31615964391579,0.1949345158808577,479.0050345286785,1,3.0,1.0,4.0,2.0,0.6666666666666666,-8.4817,0.5275,1112.70406266,1119.418569,-6.714506339999844,0.002646
52,83,135,0.2296296296296296,7.118518518518519,26.31615964391579,0.1949345158808577,498.34836644945614,1,3.0,2.0,4.0,1.0,0.6666666666666666,-7.8098,0.7104,1119.59500456,1126.674684,-7.079679440000064,0.001728
53,82,135,0.2148148148148148,6.229629629629629,26.31615964391579,0.1949345158808577,518.076840980357,1,3.0,3.0,4.0,0.0,0.0,-6.9261,0.6932,1124.63871627,1131.9427215,-7.30400523000003,0.0020655
54,81,135,0.2,5.4,26.31615964391579,0.1949345158808577,538.190517767741,1,3.0,4.0,3.0,1.0,0.8,-4.6878,1.3445,1128.56962691,1133.7945705,-5.224943590000066,0.003672
55,80,135,0.1851851851851851,4.62962962962963,26.31615964391579,0.1949345158808577,558.6894546109955,1,3.0,5.0,3.0,2.0,1.4285714285714286,-2.835,2.1718,1130.70252421,1134.1808055,-3.478281289999813,0.0003645
56,79,135,0.1703703703703703,3.9185185185185194,26.31615964391579,0.1949345158808577,579.5737075523805,1,3.0,6.0,3.0,3.0,2.0,-1.5898,3.0358,1131.67390613,1133.6671575,-1.9932513700000527,0.000243
57,78,135,0.1555555555555555,3.2666666666666666,26.31615964391579,0.1949345158808577,600.8433309609691,1,3.0,7.0,3.0,4.0,2.5454545454545454,-0.2132,3.6145,1130.89555246,1131.677622,-0.7820695399998385,0.0094365
58,77,135,0.1407407407407407,2.674074074074074,26.31615964391579,0.1949345158808577,622.4983776111743,1,3.0,8.0,3.0,5.0,3.076923076923077,0.7483,4.2144,1128.90782456,1128.8681235,0.0397010600001976,0.01026
59,76,135,0.1259259259259259,2.140740740740741,26.31615964391579,0.1949345158808577,644.538898756293,1,3.0,9.0,3.0,6.0,3.6,1.368,4.7909,1125.21785949,1124.405334,0.8125254899998708,0.0118125
60,75,135,0.1111111111111111,1.6666666666666667,26.31615964391579,0.1949345158808577,666.9649441974667,1,3.0,10.0,3.0,7.0,4.117647058823529,1.2779,5.3505,1120.27136299,1118.900736,1.3706269899998915,0.0191295
61,74,135,0.0962962962962963,1.2518518518518518,26.31615964391579,0.1949345158808577,689.7765623484146,1,3.0,11.0,3.0,8.0,4.631578947368421,1.2442,6.0676,1113.66949729,1111.9670955,1.7024017900000672,0.0829035
62,73,135,0.0814814814814814,0.8962962962962963,26.31615964391579,0.1949345158808577,712.9738002962641,1,3.0,12.0,3.0,9.0,5.142857142857143,1.067,6.6155,1105.76450045,1103.979645,1.7848554500001228,0.154629
51,85,136,0.25,8.5,26.445956073831777,0.1944555593664101,477.8281132394753,0,3.0,1.0,4.0,3.0,0.75,-7.7154,0.6799,1116.52515551,1122.3064488,-5.781293289999894,0.0058344
52,84,136,0.2352941176470588,7.529411764705882,26.445956073831777,0.1944555593664101,497.12391835468577,2,3.0,2.0,4.0,2.0,1.0,-7.4914,1.1599,1125.81413213,1131.4424936,-5.628361470000073,0.0022848
53,83,136,0.2205882352941176,6.617647058823529,26.445956073831777,0.1944555593664101,516.8039197798671,0,3.0,3.0,4.0,1.0,0.75,-6.4142,1.0239,1129.46119725,1135.7800912,-6.318893950000074,0.0141848
54,82,136,0.2058823529411764,5.764705882352941,26.445956073831777,0.1944555593664101,536.8681770148271,2,3.0,4.0,4.0,0.0,0.0,-5.9252,1.0266,1135.82403476,1141.8816904,-6.057655640000121,4.08e-05
55,81,136,0.1911764705882352,4.970588235294118,26.445956073831777,0.1944555593664101,557.3167477169396,0,3.0,5.0,3.0,1.0,0.8333333333333334,-3.7222,1.6144,1136.55933169,1141.0090328,-4.4497011100002055,0.0018768
56,80,136,0.1764705882352941,4.235294117647059,26.445956073831777,0.1944555593664101,578.1496877907676,2,3.0,6.0,3.0,2.0,1.5,-2.4565,2.5742,1139.99710425,1142.7748976,-2.777793350000138,0.0002448
57,79,136,0.1617647058823529,3.5588235294117645,26.445956073831777,0.1944555593664101,599.3670514717993,0,3.0,7.0,3.0,3.0,2.1,-0.8029,3.1046,1137.81960855,1139.1429632,-1.3233546499998283,0.053176
58,78,136,0.1470588235294117,2.9411764705882355,26.445956073831777,0.1944555593664101,620.9688914047799,2,3.0,8.0,3.0,4.0,2.6666666666666665,0.2866,3.6317,1138.33334062,1138.8316864,-0.4983457800001361,0.0003264
59,77,136,0.1323529411764706,2.3823529411764706,26.445956073831777,0.1944555593664101,642.9552587170765,0,3.0,9.0,3.0,5.0,3.2142857142857144,1.133,4.197,1133.24206862,1132.8812104,0.3608582199999546,0.0114512
60,76,136,0.1176470588235294,1.8823529411764703,26.445956073831777,0.1944555593664101,665.3262030874685,2,3.0,10.0,3.0,6.0,3.75,1.4526,4.7408,1130.83274386,1129.9577272,0.8750166600000284,0.0118184
61,75,136,0.1029411764705882,1.4411764705882353,26.445956073831777,0.1944555593664101,688.081772810722,0,3.0,11.0,3.0,7.0,4.277777777777778,1.4782,5.2635,1122.82674468,1121.1460152,1.6807294800000818,0.0690744
62,74,136,0.088235294117647,1.0588235294117647,26.445956073831777,0.1944555593664101,711.2220148582709,2,3.0,12.0,3.0,8.0,4.8,1.3169,5.9375,1117.49531398,1116.004644,1.4906699799998933,0.0124984
51,86,137,0.2554744525547445,8.941605839416058,26.575434761451795,0.193981275631035,476.6626741892735,1,3.0,1.0,4.0,4.0,0.8,-7.0935,0.7745,1121.80793837,1125.9312668,-4.123328429999901,0.0521696
52,85,137,0.2408759124087591,7.9489051094890515,26.575434761451795,0.193981275631035,495.9114161783027,1,3.0,2.0,4.0,3.0,1.2,-6.7937,1.384,1129.70276183,1134.3922909,-4.689529069999935,0.0020961
53,84,137,0.2262773722627737,7.014598540145985,26.575434761451795,0.193981275631035,515.5434174094113,1,3.0,3.0,4.0,2.0,1.2,-6.1556,1.5216,1135.74984969,1140.6624521,-4.9126024100000905,0.0083844
54,83,137,0.2116788321167883,6.138686131386861,26.575434761451795,0.193981275631035,535.5587372372848,1,3.0,4.0,4.0,1.0,0.8,-5.2254,1.3384,1140.71792167,1145.9072505,-5.189328830000022,0.0001096
55,82,137,0.1970802919708029,5.321167883211679,26.575434761451795,0.193981275631035,555.9574331786691,1,3.0,5.0,4.0,0.0,0.0,-4.9607,1.2485,1143.88691956,1149.2872597,-5.400340140000026,0.0003014
56,81,137,0.1824817518248175,4.562043795620438,26.575434761451795,0.193981275631035,576.7395610017738,1,3.0,6.0,3.0,1.0,0.8571428571428571,-3.2376,1.953,1145.92875889,1149.6805456,-3.751786710000033,0.0002466
57,80,137,0.1678832116788321,3.8613138686131383,26.575434761451795,0.193981275631035,597.9051748098051,1,3.0,7.0,3.0,2.0,1.5555555555555556,-1.6026,2.6028,1146.21921398,1148.3176559,-2.098441920000141,0.001644
58,79,137,0.1532846715328467,3.218978102189781,26.575434761451795,0.193981275631035,619.4543271191055,1,3.0,8.0,3.0,3.0,2.1818181818181817,-0.186,3.092,1145.33525721,1146.3132089,-0.9779516900000544,0.0003562
59,78,137,0.1386861313868613,2.6350364963503647,26.575434761451795,0.193981275631035,641.3870689323412,1,3.0,9.0,3.0,4.0,2.769230769230769,0.6691,3.603,1142.74679141,1142.8139138,-0.0671223899998949,0.0081378
60,77,137,0.1240875912408759,2.1094890510948905,26.575434761451795,0.193981275631035,663.7034498071231,1,3.0,10.0,3.0,5.0,3.333333333333333,1.2102,4.1438,1138.93739898,1138.4137204,0.5236785799997961,0.0117272
61,76,137,0.1094890510948905,1.6423357664233578,26.575434761451795,0.193981275631035,686.4035179204246,1,3.0,11.0,3.0,6.0,3.882352941176471,1.7773,4.4397,1133.46970383,1132.1202692,1.3494346300001323,0.0130424
62,75,137,0.0948905109489051,1.2335766423357664,26.575434761451795,0.193981275631035,709.4873201291149,1,3.0,12.0,3.0,7.0,4.421052631578948,1.5097,5.1503,1126.73516497,1125.2567199,1.478445069999907,0.0286193
63,74,137,0.0802919708029197,0.8832116788321168,26.575434761451795,0.193981275631035,732.9549020269008,1,3.0,13.0,3.0,8.0,4.9523809523809526,1.2308,5.7405,1118.38799768,1116.6286106,1.7593870799998967,0.004384
52,86,138,0.2463768115942029,8.376811594202898,26.70459879545431,0.1935115854743066,494.7106574451184,2,3.0,2.0,4.0,4.0,1.3333333333333333,-6.1853,1.5085,1135.54135952,1138.8558468,-3.314487280000094,0.0037812
53,85,138,0.2318840579710145,7.420289855072464,26.70459879545431,0.1935115854743066,514.2951233782703,0,3.0,3.0,4.0,3.0,1.5,-5.4702,1.7808,1140.19392014,1144.35741,-4.163489860000027,0.0059616
54,84,138,0.217391304347826,6.521739130434782,26.70459879545431,0.1935115854743066,534.2619797723597,2,3.0,4.0,4.0,2.0,1.3333333333333333,-5.066,1.8398,1147.56629107,1151.5673994,-4.001108330000079,0.0028014
55,83,138,0.2028985507246377,5.681159420289855,26.70459879545431,0.1935115854743066,554.6112840048659,0,3.0,5.0,4.0,1.0,0.8333333333333334,-4.4416,1.6046,1149.33993965,1153.6998306,-4.359890950000136,0.0091632
56,82,138,0.1884057971014492,4.898550724637682,26.70459879545431,0.1935115854743066,575.3430917089662,2,3.0,6.0,4.0,0.0,0.0,-4.3682,1.4944,1153.81954644,1158.2922636,-4.472717160000002,0.0002484
57,81,138,0.1739130434782608,4.173913043478261,26.70459879545431,0.1935115854743066,596.4574568568655,0,3.0,7.0,3.0,1.0,0.875,-2.3329,1.8878,1152.71327479,1155.761523,-3.0482482099998838,0.000414
58,80,138,0.1594202898550724,3.5072463768115942,26.70459879545431,0.1935115854743066,617.9544318377482,2,3.0,8.0,3.0,2.0,1.6,-0.9995,2.5369,1154.3011256,1156.0316304,-1.7305048000000625,0.0004968
59,79,138,0.144927536231884,2.898550724637681,26.70459879545431,0.1935115854743066,639.8340675307862,0,3.0,9.0,3.0,3.0,2.25,0.1991,3.0671,1150.31396773,1150.812291,-0.4983232699999007,0.0100188
60,78,138,0.1304347826086956,2.347826086956522,26.70459879545431,0.1935115854743066,662.0964133735962,2,3.0,10.0,3.0,4.0,2.857142857142857,0.7921,3.5311,1149.01102857,1148.9182548,0.0927737699998942,0.0116058
61,77,138,0.1159420289855072,1.855072463768116,26.70459879545431,0.1935115854743066,684.7415174264996,0,3.0,11.0,3.0,5.0,3.4375,1.6125,3.7665,1142.14205281,1141.0331004,1.108952410000029,0.0116058
62,76,138,0.1014492753623188,1.420289855072464,26.70459879545431,0.1935115854743066,707.7694264329104,2,3.0,12.0,3.0,6.0,4.0,1.4315,4.3053,1137.94925534,1136.8341468,1.1151085399999374,0.0118128
63,75,138,0.0869565217391304,1.0434782608695652,26.70459879545431,0.1935115854743066,731.1801858761384,0,3.0,13.0,3.0,7.0,4.55,1.5148,4.9504,1128.19755724,1126.3037118,1.89384543999995,0.027945
52,87,139,0.2517985611510791,8.81294964028777,26.83345121235545,0.1930464115996795,493.521444547198,1,3.0,2.0,4.0,5.0,1.4285714285714286,-5.2374,1.3643,1139.07315915,1141.4362524,-2.36309325000002,0.0035445
53,86,139,0.237410071942446,7.83453237410072,26.83345121235545,0.1930464115996795,513.0588322556622,1,3.0,3.0,4.0,4.0,1.7142857142857142,-4.8927,1.931,1146.09910844,1148.91979,-2.820681559999912,0.0040032
54,85,139,0.2230215827338129,6.913669064748201,26.83345121235545,0.1930464115996795,532.9776912136798,1,3.0,4.0,4.0,3.0,1.7142857142857142,-4.3816,2.1299,1152.07886721,1155.3110656,-3.232198389999894,0.0021406
55,84,139,0.2086330935251798,6.050359712230216,26.83345121235545,0.1930464115996795,553.2780786608029,1,3.0,5.0,4.0,2.0,1.4285714285714286,-4.2242,2.1793,1156.25862701,1159.5852183,-3.3265912899998966,0.0031275
56,83,139,0.1942446043165467,5.244604316546763,26.83345121235545,0.1930464115996795,573.9600500964747,1,3.0,6.0,4.0,1.0,0.8571428571428571,-3.8807,1.8589,1159.34459394,1163.0156966,-3.671102659999861,0.0002502
57,82,139,0.1798561151079136,4.496402877697841,26.83345121235545,0.1930464115996795,595.0236593631586,1,3.0,7.0,4.0,0.0,0.0,-3.42,1.3959,1160.67769641,1164.5418193,-3.8641228900000897,0.0006116
58,81,139,0.1654676258992805,3.805755395683453,26.83345121235545,0.1930464115996795,616.4689587241029,1,3.0,8.0,3.0,1.0,0.8888888888888888,-1.6947,1.7792,1160.87032433,1163.4948296,-2.6245052700001,0.002085
59,80,139,0.1510791366906475,3.172661870503597,26.83345121235545,0.1930464115996795,638.2959989361738,1,3.0,9.0,3.0,2.0,1.6363636363636365,-0.6059,2.4673,1159.35637509,1160.5833912,-1.2270161100000223,0.0036557
60,79,139,0.1366906474820144,2.597122302158273,26.83345121235545,0.1930464115996795,660.5048293181464,1,3.0,10.0,3.0,3.0,2.3076923076923075,0.3228,2.9618,1156.65604211,1156.9893238,-0.3332816899999216,0.027522
61,78,139,0.1223021582733813,2.079136690647482,26.83345121235545,0.1930464115996795,683.0954978148128,1,3.0,11.0,3.0,4.0,2.933333333333333,1.2361,3.0795,1152.29471506,1151.6910747,0.6036403600000995,0.0135942
62,77,139,0.1079136690647482,1.618705035971223,26.83345121235545,0.1930464115996795,706.0680510572221,1,3.0,12.0,3.0,5.0,3.5294117647058822,1.6712,3.4413,1146.70172961,1145.7879254,0.9138042100000804,0.0108837
63,76,139,0.0935251798561151,1.2158273381294964,26.83345121235545,0.1930464115996795,729.4225344193488,1,3.0,13.0,3.0,6.0,4.105263157894737,1.3862,4.1149,1139.49276273,1138.0233993,1.4693634300001577,0.0131494
52,88,140,0.2571428571428571,9.257142857142858,26.9619949977585,0.1925856785554179,492.343584592846,2,3.0,2.0,4.0,6.0,1.5,-4.4451,1.149,1144.54522284,1145.669938,-1.124715160000051,0.014378
53,87,140,0.2428571428571428,8.257142857142858,26.9619949977585,0.1925856785554179,511.8343435137493,0,3.0,3.0,4.0,5.0,1.875,-3.8717,1.7833,1150.1787727,1152.12636,-1.9475872999998955,0.01211
54,86,140,0.2285714285714285,7.314285714285714,26.9619949977585,0.1925856785554179,531.7056632481683,2,3.0,4.0,4.0,4.0,2.0,-3.8507,2.3208,1158.53617136,1160.72425,-2.188078639999958,0.002324
55,85,140,0.2142857142857142,6.428571428571429,26.9619949977585,0.1925856785554179,551.9576008990445,0,3.0,5.0,4.0,3.0,1.875,-3.6294,2.5167,1161.32282776,1164.005178,-2.682350239999778,0.008204
56,84,140,0.2,5.6,26.9619949977585,0.1925856785554179,572.5902118333636,2,3.0,6.0,4.0,2.0,1.5,-3.6923,2.4492,1166.81895553,1169.441,-2.622044469999992,0.007896
57,83,140,0.1857142857142857,4.828571428571428,26.9619949977585,0.1925856785554179,593.6035497650863,0,3.0,7.0,4.0,1.0,0.875,-2.8564,1.6926,1166.7577253,1169.702814,-2.945088700000042,0.000602
58,82,140,0.1714285714285714,4.114285714285714,26.9619949977585,0.1925856785554179,614.9976668327273,2,3.0,8.0,4.0,0.0,0.0,-2.7247,1.244,1169.39357534,1172.68263,-3.28905465999992,0.001316
59,81,140,0.1571428571428571,3.4571428571428573,26.9619949977585,0.1925856785554179,636.7726136720138,0,3.0,9.0,3.0,1.0,0.9,-1.2722,1.7035,1166.48350876,1168.512282,-2.028773239999964,0.006146
60,80,140,0.1428571428571428,2.857142857142857,26.9619949977585,0.1925856785554179,658.928439484015,2,3.0,10.0,3.0,2.0,1.6666666666666667,-0.4884,2.3492,1166.2600308,1167.30096,-1.0409291999999368,0.003262
61,79,140,0.1285714285714285,2.3142857142857145,26.9619949977585,0.1925856785554179,681.4651920990956,0,3.0,11.0,3.0,3.0,2.357142857142857,0.913,2.4338,1160.50021387,1160.473412,0.0268018699998719,0.02422
62,78,140,0.1142857142857142,1.8285714285714283,26.9619949977585,0.1925856785554179,704.3829180370129,2,3.0,12.0,3.0,4.0,3.0,1.3966,2.6597,1157.41832191,1156.934954,0.4833679099999699,0.012502
63,77,140,0.1,1.4,26.9619949977585,0.1925856785554179,727.6816625634503,0,3.0,13.0,3.0,5.0,3.611111111111111,1.5695,3.1666,1148.80786938,1147.68262,1.1252493800000138,0.051534
64,76,140,0.0857142857142857,1.0285714285714285,26.9619949977585,0.1925856785554179,751.3614697432496,2,3.0,14.0,3.0,6.0,4.2,1.1377,4.0842,1142.86844866,1141.696598,1.1718506600000185,0.027944
65,75,140,0.0714285714285714,0.7142857142857143,26.9619949977585,0.1925856785554179,775.4223824905865,0,3.0,15.0,3.0,7.0,4.7727272727272725,1.004,5.517,1131.40649771,1129.614248,1.792249709999851,0.800492
53,88,141,0.2482269503546099,8.687943262411348,27.09023308756464,0.1921293126777634,510.6214613765965,1,3.0,3.0,4.0,6.0,2.0,-3.0968,1.5586,1155.71454876,1156.5181242,-0.8035754400000314,0.0158343
54,87,141,0.2340425531914893,7.723404255319149,27.09023308756464,0.1921293126777634,530.4456924991375,1,3.0,4.0,4.0,5.0,2.2222222222222223,-3.1416,2.192,1162.68149265,1164.0064227,-1.3249300499999208,0.0028905
55,86,141,0.2198581560283688,6.815602836879433,27.09023308756464,0.1921293126777634,550.6496395965646,1,3.0,5.0,4.0,4.0,2.2222222222222223,-3.2291,2.7524,1167.84763477,1169.5041114,-1.6564766300000429,0.0091932
56,85,141,0.2056737588652482,5.964539007092198,27.09023308756464,0.1921293126777634,571.2333579046616,1,3.0,6.0,4.0,3.0,2.0,-3.1619,2.8147,1171.9524061,1173.9769134,-2.024507300000096,0.0053157
57,84,141,0.1914893617021276,5.170212765957447,27.09023308756464,0.1921293126777634,592.1969010101044,1,3.0,7.0,4.0,2.0,1.5555555555555556,-2.5814,2.2357,1174.30298481,1176.391905,-2.088920189999953,0.0041313
58,83,141,0.1773049645390071,4.432624113475177,27.09023308756464,0.1921293126777634,613.5403209278563,1,3.0,8.0,4.0,1.0,0.8888888888888888,-2.0698,1.4869,1175.5460514,1178.1107796,-2.5647281999999905,0.0013113
59,82,141,0.1631205673758865,3.75177304964539,27.09023308756464,0.1921293126777634,635.2636681736542,1,3.0,9.0,4.0,0.0,0.0,-2.2811,1.1703,1175.08065732,1177.9119132,-2.831255880000072,0.0014946
60,81,141,0.1489361702127659,3.127659574468085,27.09023308756464,0.1921293126777634,657.3669918319766,1,3.0,10.0,3.0,1.0,0.9090909090909092,-1.1226,1.5885,1173.46241354,1175.3065434,-1.8441298600000664,0.0031866
61,80,141,0.1347517730496454,2.5602836879432624,27.09023308756464,0.1921293126777634,679.8503396198457,1,3.0,11.0,3.0,2.0,1.6923076923076923,0.1706,1.7928,1170.1807043,1170.8556105,-0.6749062000001231,0.0139731
62,79,141,0.1205673758865248,2.049645390070922,27.09023308756464,0.1921293126777634,702.7137579467822,1,3.0,12.0,3.0,3.0,2.4,1.0986,1.8926,1165.70147627,1165.484286,0.2171902699999464,0.0085305
63,78,141,0.1063829787234042,1.5957446808510638,27.09023308756464,0.1921293126777634,725.9572919712039,1,3.0,13.0,3.0,4.0,3.0588235294117645,1.3722,2.29,1159.60317219,1158.6936273,0.9095448900000064,0.0126336
64,77,141,0.0921985815602836,1.198581560283688,27.09023308756464,0.1921293126777634,749.5809856535336,1,3.0,14.0,3.0,5.0,3.684210526315789,1.2012,3.0989,1152.26322192,1151.209869,1.053352919999952,0.0197541
65,76,141,0.0780141843971631,0.8581560283687943,27.09023308756464,0.1921293126777634,773.5848818062541,1,3.0,15.0,3.0,6.0,4.285714285714286,0.824,4.6646,1143.34810259,1141.7441301,1.6039724900001602,0.1052565
53,89,142,0.2535211267605634,9.126760563380282,27.218168369146653,0.1916772420362441,509.41999467481713,0,3.0,3.0,4.0,7.0,2.1,-2.7664,1.2021,1159.44310611,1159.4657414,-0.0226352900001529,0.0049416
54,88,142,0.2394366197183098,8.140845070422536,27.218168369146653,0.1916772420362441,529.1975803752917,2,3.0,4.0,4.0,6.0,2.4,-2.6443,2.0336,1168.76194811,1169.110069,-0.3481208900000183,0.002698
55,87,142,0.2253521126760563,7.211267605633803,27.218168369146653,0.1916772420362441,549.3539885979981,0,3.0,5.0,4.0,5.0,2.5,-2.5435,2.6792,1172.53723023,1173.6126334,-1.0754031700000724,0.0070716
56,86,142,0.2112676056338028,6.338028169014085,27.218168369146653,0.1916772420362441,569.8892744487532,2,3.0,6.0,4.0,4.0,2.4,-2.7965,3.082,1179.02551751,1180.1579956,-1.1324780899999496,0.0059214
57,85,142,0.1971830985915492,5.52112676056338,27.218168369146653,0.1916772420362441,590.8034913881462,0,3.0,7.0,4.0,3.0,2.1,-2.0165,2.5813,1179.98414063,1181.5573346,-1.5731939700001476,0.0062906
58,84,142,0.1830985915492957,4.76056338028169,27.218168369146653,0.1916772420362441,612.0966913087515,2,3.0,8.0,4.0,2.0,1.6,-1.6951,1.972,1183.64285247,1185.28394,-1.6410875300000498,0.0024424
59,83,142,0.1690140845070422,4.056338028169014,27.218168369146653,0.1916772420362441,633.7689246074452,0,3.0,9.0,4.0,1.0,0.9,-1.5831,1.3978,1181.78388187,1183.7550544,-1.9711725300001035,0.0015052
60,82,142,0.1549295774647887,3.408450704225352,27.218168369146653,0.1916772420362441,655.8202402532128,2,3.0,10.0,4.0,0.0,0.0,-2.1136,1.0697,1182.61395299,1185.136402,-2.522449010000173,0.0012496
61,81,142,0.1408450704225352,2.816901408450704,27.218168369146653,0.1916772420362441,678.2506858508001,0,3.0,11.0,3.0,1.0,0.9166666666666666,-0.3688,1.0725,1177.93649093,1179.5455354,-1.6090444700000717,0.0236004
62,80,142,0.1267605633802817,2.2816901408450705,27.218168369146653,0.1916772420362441,701.0603077005289,2,3.0,12.0,3.0,2.0,1.7142857142857142,0.5649,1.1986,1175.93881907,1176.6035794,-0.6647603300000355,0.0018602
63,79,142,0.1126760563380281,1.8028169014084507,27.218168369146653,0.1916772420362441,724.2491508545617,0,3.0,13.0,3.0,3.0,2.4375,1.0473,1.5149,1168.44199799,1168.148232,0.2937659899998834,0.0300614
64,78,142,0.0985915492957746,1.380281690140845,27.218168369146653,0.1916772420362441,747.8172591698841,2,3.0,14.0,3.0,4.0,3.111111111111111,1.1164,2.1323,1163.61745071,1163.0164798,0.6009709099998872,0.0279456
65,77,142,0.0845070422535211,1.0140845070422535,27.218168369146653,0.1916772420362441,771.7646753582437,0,3.0,15.0,3.0,5.0,3.75,1.0211,3.6317,1153.30042699,1151.834136,1.4662909900000614,0.700557
54,89,143,0.2447552447552447,8.566433566433567,27.34580368248674,0.1912293963810262,527.9611329253744,1,3.0,4.0,4.0,7.0,2.5454545454545454,-1.9355,1.7544,1172.55336669,1172.1546265,0.3987401900001259,0.0046618
55,88,143,0.2307692307692307,7.615384615384615,27.34580368248674,0.1912293963810262,548.0704465647518,1,3.0,5.0,4.0,6.0,2.727272727272727,-2.0952,2.5659,1178.68242206,1178.8449101,-0.1624880400001984,0.007579
56,87,143,0.2167832167832167,6.72027972027972,27.34580368248674,0.1912293963810262,568.5577526008497,1,3.0,6.0,4.0,5.0,2.727272727272727,-2.1956,3.0464,1183.78162937,1184.3242554,-0.5426260300000649,0.0067496
57,86,143,0.2027972027972027,5.881118881118881,27.34580368248674,0.1912293963810262,589.4231043693486,1,3.0,7.0,4.0,4.0,2.5454545454545454,-1.6237,2.8401,1187.12545336,1187.7761753,-0.6507219400000395,0.0073359
58,85,143,0.1888111888111888,5.0979020979020975,27.34580368248674,0.1912293963810262,610.6665536415785,1,3.0,8.0,4.0,3.0,2.1818181818181817,-1.1319,2.3124,1189.39379941,1190.4287395,-1.0349400899999637,0.0024453
59,84,143,0.1748251748251748,4.370629370629371,27.34580368248674,0.1912293963810262,632.2881506966652,1,3.0,9.0,4.0,2.0,1.6363636363636365,-1.1353,1.8579,1189.95196874,1191.108204,-1.156235259999903,0.0018161
60,83,143,0.1608391608391608,3.699300699300699,27.34580368248674,0.1912293963810262,654.28794438918,1,3.0,10.0,4.0,1.0,0.9090909090909092,-1.3237,1.2604,1189.38986291,1191.2599699,-1.8701069900000675,0.0012584
61,82,143,0.1468531468531468,3.083916083916084,27.34580368248674,0.1912293963810262,676.6659822126427,1,3.0,11.0,4.0,0.0,0.0,-1.4702,0.6359,1187.16202022,1189.4359763,-2.2739560800000618,0.0029458
62,81,143,0.1328671328671328,2.5244755244755246,27.34580368248674,0.1912293963810262,699.4223103591961,1,3.0,12.0,3.0,1.0,0.9230769230769232,0.1227,0.5804,1183.76980489,1185.2100975,-1.4402926100001423,0.0027456
63,80,143,0.1188811188811188,2.020979020979021,27.34580368248674,0.1912293963810262,722.5569737757402,1,3.0,13.0,3.0,2.0,1.7333333333333334,0.3745,0.8463,1178.75565421,1179.1519311,-0.3962768899998536,0.0109824
64,79,143,0.1048951048951049,1.573426573426573,27.34580368248674,0.1912293963810262,746.0700162167909,1,3.0,14.0,3.0,3.0,2.4705882352941178,0.7621,1.4088,1172.53360905,1172.3595884,0.1740206500001022,0.2003001
65,78,143,0.0909090909090909,1.181818181818182,27.34580368248674,0.1912293963810262,769.9614802943015,1,3.0,15.0,3.0,4.0,3.1578947368421053,0.9508,2.6095,1164.73291233,1163.7651168,0.9677955300001032,0.0512369
66,77,143,0.0769230769230769,0.8461538461538461,27.34580368248674,0.1912293963810262,794.2314075246649,1,3.0,16.0,3.0,5.0,3.809523809523809,0.6134,4.2324,1155.68125776,1154.7325361,0.9487216600000464,0.0130416
54,90,144,0.25,9.0,27.47314182127996,0.190785707092222,526.7361606982113,2,3.0,4.0,4.0,8.0,2.6666666666666665,-1.3134,1.5513,1178.27048146,1176.895368,1.375113459999966,0.0053136
55,89,144,0.2361111111111111,8.027777777777779,27.47314182127996,0.190785707092222,546.7988168297167,0,3.0,5.0,4.0,7.0,2.9166666666666665,-1.4074,2.3025,1183.01091981,1182.5120736,0.4988462100000106,0.0201312
56,88,144,0.2222222222222222,7.111111111111111,27.47314182127996,0.190785707092222,567.2385883422701,2,3.0,6.0,4.0,6.0,3.0,-2.1821,3.0216,1190.46790902,1190.2255056,0.2424034200000733,0.0071424
57,87,144,0.2083333333333333,6.25,27.47314182127996,0.190785707092222,588.0555284478029,0,3.0,7.0,4.0,5.0,2.9166666666666665,-0.9685,2.7922,1192.42214111,1192.5256752,-0.1035340900000392,0.0129312
58,86,144,0.1944444444444444,5.444444444444445,27.47314182127996,0.190785707092222,609.2496887975256,2,3.0,8.0,4.0,4.0,2.6666666666666665,-0.7722,2.566,1197.07951006,1197.3256128,-0.2461027399999693,0.0028368
59,85,144,0.1805555555555555,4.694444444444445,27.47314182127996,0.190785707092222,630.8211195539064,0,3.0,9.0,4.0,3.0,2.25,-0.5809,2.1989,1196.24661505,1196.8619184,-0.6153033499999765,0.0027072
60,84,144,0.1666666666666666,4.0,27.47314182127996,0.190785707092222,652.7698694581647,2,3.0,10.0,4.0,2.0,1.6666666666666667,-0.8635,1.7128,1198.10528457,1199.0770128,-0.971728229999826,0.0012528
61,83,144,0.1527777777777778,3.361111111111111,27.47314182127996,0.190785707092222,675.0959858936262,0,3.0,11.0,4.0,1.0,0.9166666666666666,-0.5715,0.7826,1194.48437974,1195.9627536,-1.478373860000147,0.0029088
62,82,144,0.1388888888888889,2.7777777777777777,27.47314182127996,0.190785707092222,697.7995149452589,2,3.0,12.0,4.0,0.0,0.0,-1.1464,0.2773,1193.54523255,1195.72992,-2.184687449999956,0.0014544
63,81,144,0.125,2.25,27.47314182127996,0.190785707092222,720.8805014556775,0,3.0,13.0,3.0,1.0,0.9285714285714286,0.3155,0.2418,1187.13546661,1188.6011136,-1.4656469899998683,0.0107856
64,80,144,0.1111111111111111,1.7777777777777777,27.47314182127996,0.190785707092222,744.3389890778786,2,3.0,14.0,3.0,2.0,1.75,0.1878,0.7318,1183.39935401,1183.9591008,-0.5597467899999629,0.0279504
65,79,144,0.0972222222222222,1.3611111111111112,27.47314182127996,0.190785707092222,768.1750203249475,0,3.0,15.0,3.0,3.0,2.5,0.5605,1.9379,1174.19990099,1173.7854288,0.4144721899999695,0.0279504
66,78,144,0.0833333333333333,1.0,27.47314182127996,0.190785707092222,792.3886366169513,2,3.0,16.0,3.0,4.0,3.2,0.6333,3.1581,1167.66764895,1167.2049888,0.462660150000147,0.0071712
67,77,144,0.0694444444444444,0.6944444444444444,27.47314182127996,0.190785707092222,816.9798783252205,0,3.0,15.0,3.0,5.0,3.75,0.4739,4.5833,1155.67770267,1154.4620688,1.2156338699999196,0.0084816
54,91,145,0.2551724137931034,9.441379310344828,27.600185534004485,0.1903461071310654,525.5224786079134,1,3.0,4.0,4.0,9.0,2.769230769230769,-0.7541,1.9464,1181.72068976,1179.5877165,2.132973259999972,0.0111795
55,90,145,0.2413793103448276,8.448275862068966,27.600185534004485,0.1903461071310654,545.5389072573367,1,3.0,5.0,4.0,8.0,3.076923076923077,-0.7853,2.0985,1188.79005434,1187.366459,1.42359534000002,0.0090625
56,89,145,0.2275862068965517,7.510344827586207,27.600185534004485,0.1903461071310654,565.9315823552796,1,3.0,6.0,4.0,7.0,3.230769230769231,-1.6591,2.8422,1194.86023557,1194.0458695,0.8143660700000055,0.0084825
57,88,145,0.2137931034482758,6.627586206896551,27.600185534004485,0.1903461071310654,586.700556991065,1,3.0,7.0,4.0,6.0,3.230769230769231,-1.3645,2.8828,1199.17396705,1198.5826585,0.5913085500001216,0.012267
58,87,145,0.2,5.8,27.600185534004485,0.1903461071310654,607.8458826968906,1,3.0,8.0,4.0,5.0,3.076923076923077,-0.0675,2.5082,1202.44337003,1202.032049,0.411321030000181,0.033901
59,86,145,0.1862068965517241,5.027586206896552,27.600185534004485,0.1903461071310654,629.3676095196429,1,3.0,9.0,4.0,4.0,2.769230769230769,-0.1817,2.4612,1204.00103229,1203.8086325,0.1923997900000813,0.0071485
60,85,145,0.1724137931034483,4.310344827586207,27.600185534004485,0.1903461071310654,651.2657860882337,1,3.0,10.0,4.0,3.0,2.3076923076923075,-0.2963,2.0686,1204.47008028,1204.8323035,-0.3622232200000326,0.001276
61,84,145,0.1586206896551724,3.6482758620689655,27.600185534004485,0.1903461071310654,673.5404596768101,1,3.0,11.0,4.0,2.0,1.6923076923076923,-0.2272,1.2051,1203.27130206,1203.8854535,-0.6141514400001142,0.0027985
62,83,145,0.1448275862068965,3.041379310344828,27.600185534004485,0.1903461071310654,696.1916762641532,1,3.0,12.0,4.0,1.0,0.9230769230769232,-0.1497,0.387,1200.94035244,1202.4870155,-1.546663060000128,0.001479
63,82,145,0.1310344827586207,2.489655172413793,27.600185534004485,0.1903461071310654,719.2194805895534,1,3.0,13.0,4.0,0.0,0.0,-1.2052,0.0861,1196.98482277,1199.044788,-2.059965229999989,0.0030595
64,81,145,0.1172413793103448,1.993103448275862,27.600185534004485,0.1903461071310654,742.6239162054242,1,3.0,14.0,3.0,1.0,0.9333333333333332,0.1627,0.0729,1191.85417149,1193.1975325,-1.3433610100000806,0.01972
65,80,145,0.1034482758620689,1.5517241379310345,27.600185534004485,0.1903461071310654,766.4050255268937,1,3.0,15.0,3.0,2.0,1.7647058823529411,-0.118,1.2095,1185.14163606,1185.8882565,-0.7466204399997878,0.110896
66,79,145,0.0896551724137931,1.1655172413793105,27.600185534004485,0.1903461071310654,790.5628498785909,1,3.0,16.0,3.0,3.0,2.526315789473684,0.1688,2.5746,1177.21152118,1176.948818,0.2627031800000168,0.006525
67,78,145,0.0758620689655172,0.8344827586206897,27.600185534004485,0.1903461071310654,815.0974295388246,1,3.0,15.0,3.0,4.0,3.1578947368421053,0.5813,3.6371,1167.74177935,1167.043984,0.6977953499999785,0.007453
54,92,146,0.2602739726027397,9.89041095890411,27.7269375249599,0.189910530992876,524.3199058040149,2,3.0,4.0,4.0,10.0,2.857142857142857,-1.6614,2.6504,1187.0873077,1184.1206484,2.966659300000174,0.0242214
55,91,146,0.2465753424657534,8.876712328767123,27.7269375249599,0.189910530992876,544.2905301088008,0,3.0,5.0,4.0,9.0,3.2142857142857144,-1.431,2.6971,1192.77029943,1190.693729,2.076570429999947,0.0028908
56,90,146,0.2328767123287671,7.917808219178082,27.7269375249599,0.189910530992876,564.6365398832422,2,3.0,6.0,4.0,8.0,3.4285714285714284,-1.6144,2.738,1201.17339201,1199.4672778,1.7061142100001234,0.0017666
57,89,146,0.2191780821917808,7.013698630136986,27.7269375249599,0.189910530992876,585.357988095176,0,3.0,7.0,4.0,7.0,3.5,-0.8795,2.7689,1204.09988483,1203.0398248,1.0600600300001588,0.001679
58,88,146,0.2054794520547945,6.164383561643835,27.7269375249599,0.189910530992876,606.4549261588768,2,3.0,8.0,4.0,6.0,3.4285714285714284,-1.3509,2.6774,1209.73259262,1208.6621826,1.070410020000054,0.0146584
59,87,146,0.1917808219178082,5.36986301369863,27.7269375249599,0.189910530992876,627.9274040067069,0,3.0,9.0,4.0,5.0,3.2142857142857144,0.6035,2.407,1209.90167854,1208.92745,0.9742285400000128,0.0343538
60,86,146,0.1780821917808219,4.63013698630137,27.7269375249599,0.189910530992876,649.775470156299,2,3.0,10.0,4.0,4.0,2.857142857142857,0.1058,2.3462,1212.76490953,1212.3975342,0.3673753299999589,0.0012702
61,85,146,0.1643835616438356,3.945205479452055,27.7269375249599,0.189910530992876,671.9991717736206,0,3.0,11.0,4.0,3.0,2.357142857142857,0.3447,1.5593,1210.1757197,1210.14363,0.0320896999999149,0.0042778
62,84,146,0.1506849315068493,3.315068493150685,27.7269375249599,0.189910530992876,694.5985547322381,2,3.0,12.0,4.0,2.0,1.7142857142857142,0.1169,0.6677,1210.27034272,1210.9032826,-0.6329398800000945,0.0030514
63,83,146,0.136986301369863,2.73972602739726,27.7269375249599,0.189910530992876,717.5736636690631,0,3.0,13.0,4.0,1.0,0.9285714285714286,-0.1074,0.157,1204.92204086,1206.2421742,-1.320133339999984,0.0060152
64,82,146,0.1232876712328767,2.219178082191781,27.7269375249599,0.189910530992876,740.9245420368464,2,3.0,14.0,4.0,0.0,0.0,-1.5176,0.0227,1202.24889221,1204.4280512,-2.1791589900001327,0.0040734
65,81,146,0.1095890410958904,1.7534246575342465,27.7269375249599,0.189910530992876,764.6512321536566,0,3.0,15.0,3.0,1.0,0.9375,0.2985,0.2726,1194.14066863,1195.3235204,-1.1828517700000702,0.0448658
66,80,146,0.0958904109589041,1.3424657534246576,27.7269375249599,0.189910530992876,788.7537752495574,2,3.0,16.0,3.0,2.0,1.7777777777777777,-0.516,1.822,1188.700558,1189.3324688,-0.6319108000000142,0.0067014
67,79,146,0.0821917808219178,0.9863013698630136,27.7269375249599,0.189910530992876,813.2322115106874,0,3.0,15.0,3.0,3.0,2.5,-0.0546,3.0573,1177.83162418,1177.2334196,0.5982045800001288,0.0065846
68,78,146,0.0684931506849315,0.684931506849315,27.7269375249599,0.189910530992876,838.0865801209192,2,3.0,14.0,3.0,4.0,3.111111111111111,0.2108,4.0403,1169.62534008,1169.5348542,0.0904858799999601,0.0067014
55,92,147,0.2517006802721088,9.312925170068027,27.853400455274738,0.1894789146617329,543.0535019121373,1,3.0,5.0,4.0,10.0,3.333333333333333,-1.4131,3.4945,1198.1962713,1195.374747,2.821524299999965,0.008379
56,91,147,0.238095238095238,8.333333333333334,27.853400455274738,0.1894789146617329,563.353270595859,1,3.0,6.0,4.0,9.0,3.6,-1.4245,3.4086,1205.21482539,1202.9363535,2.278471889999992,0.0197421
57,90,147,0.2244897959183673,7.408163265306122,27.853400455274738,0.1894789146617329,584.0276244449556,1,3.0,7.0,4.0,8.0,3.733333333333333,-1.4164,2.8674,1210.47597572,1208.5683792,1.90759651999997,0.0107163
58,89,147,0.2108843537414966,6.537414965986395,27.853400455274738,0.1894789146617329,605.0766147568503,1,3.0,8.0,4.0,7.0,3.733333333333333,-1.3476,2.7955,1214.72310285,1213.1215278,1.601575050000065,0.0085848
59,88,147,0.1972789115646258,5.72108843537415,27.853400455274738,0.1894789146617329,626.5002913504226,1,3.0,9.0,4.0,6.0,3.6,-0.9863,2.6423,1217.25706339,1215.76938,1.4876833900000292,0.0158613
60,87,147,0.1836734693877551,4.959183673469388,27.853400455274738,0.1894789146617329,648.2987026330371,1,3.0,10.0,4.0,5.0,3.333333333333333,0.9111,2.316,1218.73319966,1217.6897292,1.0434704599999804,0.0012789
61,86,147,0.1700680272108843,4.2517006802721085,27.853400455274738,0.1894789146617329,670.4718956634662,1,3.0,11.0,4.0,4.0,2.933333333333333,0.7564,1.8373,1218.53958629,1217.8025664,0.737019890000056,0.0012936
62,85,147,0.1564625850340136,3.598639455782313,27.853400455274738,0.1894789146617329,693.0199162110173,1,3.0,12.0,4.0,3.0,2.4,0.6812,1.0255,1217.24510299,1217.2442898,0.0008131900001444,0.0012642
63,84,147,0.1428571428571428,3.0,27.853400455274738,0.1894789146617329,715.9428088111542,1,3.0,13.0,4.0,2.0,1.7333333333333334,0.7124,0.3442,1214.32359087,1214.7405123,-0.4169214300000021,0.0025725
64,83,147,0.1292517006802721,2.45578231292517,27.853400455274738,0.1894789146617329,739.2406168178713,1,3.0,14.0,4.0,1.0,0.9333333333333332,-0.3707,0.1014,1210.25879894,1211.7704802,-1.5116812600001597,0.0018816
65,82,147,0.1156462585034013,1.965986394557823,27.853400455274738,0.1894789146617329,762.9133824530593,1,3.0,15.0,4.0,0.0,0.0,-1.1125,0.1198,1204.60911873,1206.373875,-1.764756269999907,0.0080997
66,81,147,0.1020408163265306,1.530612244897959,27.853400455274738,0.1894789146617329,786.9611468530769,1,3.0,16.0,3.0,1.0,0.9411764705882352,-0.205,0.7959,1197.77427251,1199.044896,-1.2706234900001618,0.0088494
67,80,147,0.0884353741496598,1.1496598639455782,27.853400455274738,0.1894789146617329,811.3839501127303,1,3.0,15.0,3.0,2.0,1.7647058823529411,-0.7349,2.3066,1189.39620731,1189.8236007,-0.4273933900001339,0.004998
68,79,147,0.0748299319727891,0.8231292517006803,27.853400455274738,0.1894789146617329,836.1818313268374,1,3.0,14.0,3.0,3.0,2.4705882352941178,-0.4327,3.4558,1179.79150743,1179.891972,-0.1004645699999855,0.0381906
69,78,147,0.0612244897959183,0.5510204081632653,27.853400455274738,0.1894789146617329,861.3548286295461,1,3.0,13.0,3.0,4.0,3.0588235294117645,-0.1283,4.2606,1168.6848904,1168.4762166,0.2086738000000423,0.0068355
55,93,148,0.2567567567567567,9.756756756756756,27.97957694388431,0.1890511955667859,541.8276433370006,0,3.0,5.0,4.0,11.0,3.4375,-1.2865,4.1266,1201.84048696,1198.4369412,3.403545759999816,0.0130388
56,92,148,0.2432432432432432,8.756756756756756,27.97957694388431,0.1890511955667859,562.0815884592748,2,3.0,6.0,4.0,10.0,3.75,-1.4242,4.2518,1211.16790127,1208.2885464,2.8793548699998155,0.0014948
57,91,148,0.2297297297297297,7.81081081081081,27.97957694388431,0.1890511955667859,582.7092731793406,0,3.0,7.0,4.0,9.0,3.9375,-1.5137,3.6067,1215.0441581,1212.670042,2.374116100000037,0.019462
58,90,148,0.2162162162162162,6.918918918918919,27.97957694388431,0.1890511955667859,603.7107486788256,2,3.0,8.0,4.0,8.0,4.0,-1.7694,3.0686,1221.6297295,1219.5773648,2.0523646999999983,0.0111888
59,89,148,0.2027027027027027,6.081081081081081,27.97957694388431,0.1890511955667859,625.0860646641509,0,3.0,9.0,4.0,7.0,3.9375,-1.0772,2.8562,1222.77758127,1220.9320532,1.8455280700000003,0.0150368
60,88,148,0.1891891891891892,5.297297297297297,27.97957694388431,0.1890511955667859,646.8352694334088,2,3.0,10.0,4.0,6.0,3.75,-0.8078,2.5647,1226.62220582,1225.0223144,1.5998914200001764,0.0020572
61,87,148,0.1756756756756756,4.567567567567568,27.97957694388431,0.1890511955667859,668.9584099391441,0,3.0,11.0,4.0,5.0,3.4375,-0.0536,1.8556,1225.04079653,1223.6977884,1.3430081300000438,0.0056832
62,86,148,0.1621621621621621,3.891891891891892,27.97957694388431,0.1890511955667859,691.4555318473471,2,3.0,12.0,4.0,4.0,3.0,0.8806,1.3287,1226.14533022,1225.3856248,0.7597054200000457,0.0012432
63,85,148,0.1486486486486486,3.27027027027027,27.97957694388431,0.1890511955667859,714.3266795929495,0,3.0,13.0,4.0,3.0,2.4375,1.572,0.4894,1221.83383746,1221.564694,0.269143460000123,0.0099604
64,84,148,0.1351351351351351,2.702702702702702,27.97957694388431,0.1890511955667859,737.5718964320813,2,3.0,14.0,4.0,2.0,1.75,0.5061,0.2742,1220.19910271,1220.7542904,-0.5551876899999115,0.0014652
65,83,148,0.1216216216216216,2.189189189189189,27.97957694388431,0.1890511955667859,761.1912244913233,0,3.0,15.0,4.0,1.0,0.9375,-0.1495,0.2905,1213.1567318,1214.2394636,-1.0827317999999195,0.0124616
66,82,148,0.1081081081081081,1.7297297297297298,27.97957694388431,0.1890511955667859,785.1847048141759,2,3.0,16.0,4.0,0.0,0.0,-1.1719,0.4172,1208.78352329,1210.779564,-1.9960407099999884,0.0087172
67,81,148,0.0945945945945946,1.3243243243243243,27.97957694388431,0.1890511955667859,809.5523774049369,0,3.0,15.0,3.0,1.0,0.9375,-0.4031,1.1781,1199.00950198,1200.1289956,-1.1194936199999574,0.0838272
68,80,148,0.081081081081081,0.972972972972973,27.97957694388431,0.1890511955667859,834.2942812701742,2,3.0,14.0,3.0,2.0,1.75,-1.1377,2.7067,1191.89859195,1192.8344752,-0.9358832499999608,0.0102416
69,79,148,0.0675675675675675,0.6756756756756757,27.97957694388431,0.1890511955667859,859.4104544579534,0,3.0,13.0,3.0,3.0,2.4375,-0.7415,3.647,1179.39216551,1179.3381628,0.054002710000077,0.0102416
56,93,149,0.2483221476510067,9.187919463087248,28.105469568479982,0.1886273125401341,560.8213116108421,1,3.0,6.0,4.0,11.0,3.882352941176471,-1.4794,4.947,1214.87071274,1211.6455755,3.2251372400000946,0.0025181
57,92,149,0.2348993288590604,8.221476510067115,28.105469568479982,0.1886273125401341,581.4027457615542,1,3.0,7.0,4.0,10.0,4.117647058823529,-1.7505,4.6002,1221.05760108,1218.2525335,2.805067580000013,0.200256
58,91,149,0.2214765100671141,7.308724832214765,28.105469568479982,0.1886273125401341,602.3571325929555,1,3.0,8.0,4.0,9.0,4.235294117647059,-2.0936,3.9849,1226.2599653,1223.9201806,2.339784699999882,0.0102512
59,90,149,0.2080536912751678,6.449664429530201,28.105469568479982,0.1886273125401341,623.6845217000172,1,3.0,9.0,4.0,8.0,4.235294117647059,-1.7754,3.2797,1229.7478627,1227.507296,2.240566700000045,0.0098787
60,89,149,0.1946308724832214,5.644295302013423,28.105469568479982,0.1886273125401341,645.3849612725398,1,3.0,10.0,4.0,7.0,4.117647058823529,-1.3705,2.907,1232.20789486,1230.0611113,2.1467835599999034,0.0020562
61,88,149,0.1812080536912751,4.89261744966443,28.105469568479982,0.1886273125401341,667.4584981577929,1,3.0,11.0,4.0,6.0,3.882352941176471,-0.1534,2.306,1232.99640527,1230.9676273,2.0287779699999646,0.0021903
62,87,149,0.1677852348993288,4.194630872483222,28.105469568479982,0.1886273125401341,689.9051779193761,1,3.0,12.0,4.0,5.0,3.5294117647058822,0.427,1.6099,1232.7144895,1231.2567767,1.4577127999998538,0.0011622
63,86,149,0.1543624161073825,3.5503355704697985,28.105469568479982,0.1886273125401341,712.7250448925913,1,3.0,13.0,4.0,4.0,3.0588235294117645,0.897,0.9186,1230.80327523,1229.779844,1.023431230000142,0.0039038
64,85,149,0.1409395973154362,2.959731543624161,28.105469568479982,0.1886273125401341,735.918142236581,1,3.0,14.0,4.0,3.0,2.4705882352941178,1.5006,0.3344,1227.77973636,1227.6833544,0.0963819599999169,0.0033078
65,84,149,0.1275167785234899,2.422818791946309,28.105469568479982,0.1886273125401341,759.4845119834717,1,3.0,15.0,4.0,2.0,1.7647058823529411,0.5465,0.5769,1223.16851419,1223.2624797,-0.0939655100000891,0.0036356
66,83,149,0.1140939597315436,1.9395973154362416,28.105469568479982,0.1886273125401341,783.4241950847373,1,3.0,16.0,4.0,1.0,0.9411764705882352,-0.377,0.6884,1217.40362157,1218.6854828,-1.281861230000004,0.0091784
67,82,149,0.1006711409395973,1.5100671140939597,28.105469568479982,0.1886273125401341,807.7372314549801,1,3.0,15.0,4.0,0.0,0.0,-1.1862,0.6638,1210.0921596,1211.854995,-1.762835399999858,0.0119796
68,81,149,0.087248322147651,1.1342281879194631,28.105469568479982,0.1886273125401341,832.4236600133087,1,3.0,14.0,3.0,1.0,0.9333333333333332,-0.8303,1.4891,1201.58613011,1203.1684142,-1.5822840899998027,0.0279375
56,94,150,0.2533333333333333,9.626666666666669,28.23108086643085,0.1882072057762057,559.572262238351,2,3.0,6.0,4.0,12.0,4.0,-1.8042,5.6704,1220.47612548,1216.776075,3.7000504800000726,0.005685
57,93,150,0.24,8.64,28.23108086643085,0.1882072057762057,580.1078578539028,0,3.0,7.0,4.0,11.0,4.277777777777778,-1.8495,5.3728,1225.28045937,1222.415085,2.865374369999927,0.00252
58,92,150,0.2266666666666666,7.706666666666667,28.23108086643085,0.1882072057762057,601.0155755178156,2,3.0,8.0,4.0,10.0,4.444444444444445,-2.6627,5.1095,1232.79722134,1230.16845,2.628771340000185,0.0117
59,91,150,0.2133333333333333,6.826666666666667,28.23108086643085,0.1882072057762057,622.2954647146036,0,3.0,9.0,4.0,9.0,4.5,-2.2794,4.3347,1234.90146026,1232.83974,2.061720260000129,0.009015
60,90,150,0.2,6.0,28.23108086643085,0.1882072057762057,643.9475735267403,2,3.0,10.0,4.0,8.0,4.444444444444445,-1.9971,3.4319,1239.70513746,1237.436835,2.2683024600000863,0.001125
61,89,150,0.1866666666666666,5.226666666666667,28.23108086643085,0.1882072057762057,665.9719486971576,0,3.0,11.0,4.0,7.0,4.277777777777778,-0.8896,2.64,1239.10843734,1236.571875,2.5365623399998185,0.020025
62,88,150,0.1733333333333333,4.506666666666667,28.23108086643085,0.1882072057762057,688.3686356879772,2,3.0,12.0,4.0,6.0,4.0,0.2792,2.05,1241.19987385,1239.243525,1.956348849999813,0.00111
63,87,150,0.16,3.84,28.23108086643085,0.1882072057762057,711.1376787357583,0,3.0,13.0,4.0,5.0,3.611111111111111,0.583,1.3356,1237.90142513,1236.202215,1.699210129999983,0.006225
64,86,150,0.1466666666666666,3.2266666666666666,28.23108086643085,0.1882072057762057,734.27912090352,2,3.0,14.0,4.0,4.0,3.111111111111111,0.6798,0.7076,1237.28143049,1236.391545,0.889885490000097,0.00606
65,85,150,0.1333333333333333,2.6666666666666665,28.23108086643085,0.1882072057762057,757.793004129776,0,3.0,15.0,4.0,3.0,2.5,1.5552,0.6494,1231.28045238,1230.95094,0.3295123800000965,0.007365
66,84,150,0.12,2.16,28.23108086643085,0.1882072057762057,781.6793692747938,2,3.0,16.0,4.0,2.0,1.7777777777777777,0.0985,1.0961,1227.94980739,1228.372425,-0.4226176100000884,0.00432
67,83,150,0.1066666666666666,1.7066666666666668,28.23108086643085,0.1882072057762057,805.9382561642789,0,3.0,15.0,4.0,1.0,0.9375,-0.4657,0.9702,1219.24554265,1220.226345,-0.9808023499999764,0.014175
68,82,150,0.0933333333333333,1.3066666666666666,28.23108086643085,0.1882072057762057,830.5697036306599,2,3.0,14.0,4.0,0.0,0.0,-1.4315,0.8596,1213.20500456,1215.32943,-2.1244254400000955,0.01719
57,94,151,0.2450331125827814,9.066225165562914,28.35641333567881,0.1877908167925749,578.824429197004,1,3.0,7.0,4.0,12.0,4.421052631578948,-2.0585,6.1559,1230.94371732,1227.4855836,3.458133719999978,0.4354689
58,93,151,0.2317880794701986,8.112582781456954,28.35641333567881,0.1877908167925749,599.6858906972793,1,3.0,8.0,4.0,11.0,4.631578947368421,-2.6721,5.9556,1237.07963607,1234.6179629,2.46167317000004,0.0176972
59,92,151,0.2185430463576159,7.211920529801325,28.35641333567881,0.1877908167925749,620.9187003393932,1,3.0,9.0,4.0,10.0,4.7368421052631575,-2.7466,5.5468,1241.49990205,1239.3902424,2.1096596499999123,0.0116572
60,91,151,0.2052980132450331,6.364238410596027,28.35641333567881,0.1877908167925749,642.5229060994413,1,3.0,10.0,4.0,9.0,4.7368421052631575,-2.5925,4.608,1244.92146818,1242.7713891,2.1500790799998413,0.0011325
61,90,151,0.1920529801324503,5.569536423841059,28.35641333567881,0.1877908167925749,664.4985546169416,1,3.0,11.0,4.0,8.0,4.631578947368421,-1.6177,3.2,1246.6698786,1244.4321173,2.2377612999998746,0.0046055
62,89,151,0.1788079470198675,4.827814569536423,28.35641333567881,0.1877908167925749,686.845691253436,1,3.0,12.0,4.0,7.0,4.421052631578948,-0.4702,2.2891,1247.37748816,1244.8399985,2.537489659999892,0.0011174
63,88,151,0.1655629139072847,4.139072847682119,28.35641333567881,0.1877908167925749,709.5643601476144,1,3.0,13.0,4.0,6.0,4.105263157894737,0.4288,1.7792,1246.45369339,1244.1342698,2.319423589999815,0.0011627
64,87,151,0.152317880794702,3.5033112582781456,28.35641333567881,0.1877908167925749,732.6546042672235,1,3.0,14.0,4.0,5.0,3.684210526315789,0.4597,1.2089,1244.44768407,1242.8877346,1.5599494699999925,0.0029898
65,86,151,0.1390728476821192,2.920529801324504,28.35641333567881,0.1877908167925749,756.1164654579924,1,3.0,15.0,4.0,4.0,3.1578947368421053,0.4302,1.152,1240.85138804,1239.5400193,1.3113687400000344,0.0040921
66,85,151,0.1258278145695364,2.390728476821192,28.35641333567881,0.1877908167925749,779.9499844897898,1,3.0,16.0,4.0,3.0,2.526315789473684,0.8843,1.2103,1236.13204306,1235.8865139,0.2455291599999327,0.0032465
67,84,151,0.1125827814569536,1.913907284768212,28.35641333567881,0.1877908167925749,804.1552011002104,1,3.0,15.0,4.0,2.0,1.7647058823529411,-0.0553,1.45,1229.86299999,1229.9745317,-0.1115317100000083,0.008305
68,83,151,0.0993377483443708,1.490066225165563,28.35641333567881,0.1877908167925749,828.7321540357707,1,3.0,14.0,4.0,1.0,0.9333333333333332,-0.7575,1.1913,1222.43055126,1223.8357173,-1.40516604000004,0.0164741
69,82,151,0.086092715231788,1.119205298013245,28.35641333567881,0.1877908167925749,853.6808810908748,1,3.0,13.0,4.0,0.0,0.0,-1.5632,0.9344,1213.48856302,1215.5586976,-2.070134580000058,0.0193733
70,81,151,0.0728476821192053,0.8013245033112583,28.35641333567881,0.1877908167925749,879.0014191447069,1,3.0,12.0,3.0,1.0,0.9230769230769232,-1.3873,1.6111,1203.34319364,1205.5470956,-2.203901959999939,0.30049
59,93,152,0.2236842105263158,7.605263157894737,28.48146943560797,0.1873780883921577,619.5540394557717,0,3.0,9.0,4.0,11.0,4.95,-2.9374,6.4535,1246.29916344,1244.4399448,1.8592186400001085,0.018544
60,92,152,0.2105263157894736,6.7368421052631575,28.48146943560797,0.1873780883921577,641.1107632918474,2,3.0,10.0,4.0,10.0,5.0,-3.3092,5.8959,1252.04033989,1250.0491856,1.9911542899999404,0.024472
61,91,152,0.1973684210526315,5.921052631578948,28.48146943560797,0.1873780883921577,663.0381135250352,0,3.0,11.0,4.0,9.0,4.95,-2.0536,4.4032,1252.40609876,1250.3716536,2.034445160000132,0.0259008
62,90,152,0.1842105263157894,5.157894736842105,28.48146943560797,0.1873780883921577,685.3361354171802,2,3.0,12.0,4.0,8.0,4.8,-1.1501,2.8541,1255.46224122,1253.097804,2.3644372199999,0.0010184
63,89,152,0.1710526315789473,4.447368421052632,28.48146943560797,0.1873780883921577,708.0048730099646,0,3.0,13.0,4.0,7.0,4.55,0.3751,2.0209,1253.15391817,1250.4409808,2.7129373699999637,0.0011704
64,88,152,0.1578947368421052,3.789473684210526,28.48146943560797,0.1873780883921577,731.0443691766999,2,3.0,14.0,4.0,6.0,4.2,0.4103,1.672,1253.52582429,1251.4774384,2.048385889999963,0.0010032
65,87,152,0.1447368421052631,3.1842105263157894,28.48146943560797,0.1873780883921577,754.4546656711464,0,3.0,15.0,4.0,5.0,3.75,0.4445,1.703,1248.54265136,1246.7050944,1.837556960000029,0.0400064
66,86,152,0.131578947368421,2.631578947368421,28.48146943560797,0.1873780883921577,778.235803173568,2,3.0,16.0,4.0,4.0,3.2,0.2289,1.6633,1246.23108908,1245.3233992,0.9076898799999072,0.0045904
67,85,152,0.1184210526315789,2.131578947368421,28.48146943560797,0.1873780883921577,802.3878213342242,0,3.0,15.0,4.0,3.0,2.5,0.6945,1.6414,1238.57232293,1238.0277336,0.544589330000008,0.0125248
68,84,152,0.1052631578947368,1.6842105263157894,28.48146943560797,0.1873780883921577,826.9107588144738,2,3.0,14.0,4.0,2.0,1.75,-0.3806,1.7229,1233.57803561,1234.140972,-0.5629363900000044,0.0088312
69,83,152,0.0921052631578947,1.2894736842105263,28.48146943560797,0.1873780883921577,851.804653325656,0,3.0,13.0,4.0,1.0,0.9285714285714286,-0.8677,1.2601,1223.24295276,1224.5786824,-1.335729639999954,0.0540208
70,82,152,0.0789473684210526,0.9473684210526316,28.48146943560797,0.1873780883921577,877.0695416659017,2,3.0,12.0,4.0,0.0,0.0,-1.8687,0.9397,1215.56666387,1218.3464392,-2.7797753300001204,0.1497048
59,94,153,0.2287581699346405,8.006535947712418,28.60625158788936,0.1869689646267278,618.2012970743948,1,3.0,9.0,4.0,12.0,5.142857142857143,-3.0784,7.3314,1252.53840412,1250.3216763,2.21672781999996,0.0118881
60,93,153,0.2156862745098039,7.117647058823529,28.60625158788936,0.1869689646267278,639.7109536781072,1,3.0,10.0,4.0,11.0,5.238095238095238,-3.3774,6.8708,1256.89993273,1255.3012296,1.5987031300001036,0.002754
61,92,153,0.2026143790849673,6.281045751633987,28.60625158788936,0.1869689646267278,661.5904274484157,1,3.0,11.0,4.0,10.0,5.238095238095238,-2.7481,5.7155,1259.58679789,1257.8365008,1.7502970900000037,0.0090576
62,91,153,0.1895424836601307,5.496732026143791,28.60625158788936,0.1869689646267278,683.8397635483402,1,3.0,12.0,4.0,9.0,5.142857142857143,-1.7337,4.0724,1261.26170579,1258.9662069,2.2954988899998625,0.0010251
63,90,153,0.1764705882352941,4.764705882352941,28.60625158788936,0.1869689646267278,706.4590059234015,1,3.0,13.0,4.0,8.0,4.9523809523809526,-0.5436,2.4902,1261.30325363,1258.9912683,2.3119853299999704,0.0011781
64,89,153,0.1633986928104575,4.084967320261438,28.60625158788936,0.1869689646267278,729.4481973533011,1,3.0,14.0,4.0,7.0,4.666666666666667,0.3205,1.9231,1260.29189044,1257.7243977,2.5674927400000342,0.0010098
65,88,153,0.1503267973856209,3.457516339869281,28.60625158788936,0.1869689646267278,752.8073795006335,1,3.0,15.0,4.0,6.0,4.285714285714286,0.2864,2.2185,1257.68781294,1255.3727112,2.315101740000045,0.0039474
66,87,153,0.1372549019607843,2.8823529411764706,28.60625158788936,0.1869689646267278,776.536592956841,1,3.0,16.0,4.0,5.0,3.809523809523809,0.2,2.2833,1253.99047475,1252.4199642,1.5705105499998808,0.0040086
67,86,153,0.1241830065359477,2.3594771241830066,28.60625158788936,0.1869689646267278,800.63587728561,1,3.0,15.0,4.0,4.0,3.1578947368421053,0.4042,1.8976,1248.74051327,1247.5064916,1.2340216700001747,0.0050643
68,85,153,0.1111111111111111,1.8888888888888888,28.60625158788936,0.1869689646267278,825.1052710638855,1,3.0,14.0,4.0,3.0,2.4705882352941178,0.2842,1.9929,1242.35744585,1242.1787562,0.1786896500000239,0.0092871
69,84,153,0.0980392156862745,1.4705882352941178,28.60625158788936,0.1869689646267278,849.9448119206675,1,3.0,13.0,4.0,2.0,1.7333333333333334,-0.4602,1.7952,1234.4613884,1234.9023363,-0.4409478999998555,0.0119799
71,82,153,0.0718954248366013,0.7908496732026143,28.60625158788936,0.1869689646267278,900.7344808644792,1,3.0,11.0,4.0,0.0,0.0,-2.1618,0.9093,1214.85046891,1217.7404946,-2.890025689999902,0.1500165
60,94,154,0.2207792207792207,7.506493506493506,28.730762177301624,0.1865633907616989,638.323289984817,2,3.0,10.0,4.0,12.0,5.454545454545454,-3.5798,7.8004,1263.6531991,1261.6217614,2.031437699999969,0.0010318
61,93,154,0.2077922077922078,6.64935064935065,28.730762177301624,0.1865633907616989,660.1553027085312,0,3.0,11.0,4.0,11.0,5.5,-2.8539,6.7297,1264.95994861,1263.526418,1.4335306100001617,0.025025
62,92,154,0.1948051948051948,5.8441558441558445,28.730762177301624,0.1865633907616989,682.3563754549393,2,3.0,12.0,4.0,10.0,5.454545454545454,-2.3345,5.3959,1268.95937297,1266.9330366,2.026336370000081,0.001309
63,91,154,0.1818181818181818,5.090909090909091,28.730762177301624,0.1865633907616989,704.9265520742352,0,3.0,13.0,4.0,9.0,5.318181818181818,-1.1279,3.6758,1267.61906323,1265.4334924,2.185570829999961,0.0011858
64,90,154,0.1688311688311688,4.3896103896103895,28.730762177301624,0.1865633907616989,727.8658752533227,2,3.0,14.0,4.0,8.0,5.090909090909091,-0.3399,2.3477,1268.96082589,1266.6191384,2.341687489999913,0.001001
65,89,154,0.1558441558441558,3.74025974025974,28.730762177301624,0.1865633907616989,751.1743865644212,0,3.0,15.0,4.0,7.0,4.7727272727272725,0.207,2.5059,1264.97270088,1262.2871338,2.6855670800000557,0.0453068
66,88,154,0.1428571428571428,3.142857142857143,28.730762177301624,0.1865633907616989,774.8521265109222,2,3.0,16.0,4.0,6.0,4.363636363636363,-0.007,2.8489,1263.65755787,1261.742097,1.9154608699998332,0.0074382
67,87,154,0.1298701298701298,2.5974025974025974,28.730762177301624,0.1865633907616989,798.8991345706903,0,3.0,15.0,4.0,5.0,3.75,0.3864,2.549,1257.02088709,1255.205105,1.8157820900000845,0.0082236
68,86,154,0.1168831168831168,2.103896103896104,28.730762177301624,0.1865633907616989,823.3154492369891,2,3.0,14.0,4.0,4.0,3.111111111111111,0.667,2.2664,1253.04956892,1252.3883526,0.6612163199999941,0.0049588
69,85,154,0.1038961038961039,1.6623376623376624,28.730762177301624,0.1865633907616989,848.1011080571939,0,3.0,13.0,4.0,3.0,2.4375,0.1592,2.0957,1243.76364277,1243.428186,0.335456769999837,0.0144144
70,84,154,0.0909090909090909,1.2727272727272727,28.730762177301624,0.1865633907616989,873.2561476694416,2,3.0,12.0,4.0,2.0,1.7142857142857142,-0.7178,1.7821,1237.13685902,1238.1507908,-1.0139317800001209,0.0172788
59,96,155,0.2387096774193548,8.832258064516129,28.855003552528785,0.1861613132421212,615.5308478126975,1,3.0,9.0,4.0,14.0,5.478260869565218,-3.3492,8.9814,1262.88741641,1260.311169,2.576247409999951,0.017205
60,95,155,0.2258064516129032,7.903225806451613,28.855003552528785,0.1861613132421212,636.9475889746783,1,3.0,10.0,4.0,13.0,5.652173913043479,-3.684,8.6483,1268.16808881,1266.397275,1.770813809999936,0.0091605
61,94,155,0.2129032258064516,7.025806451612903,28.855003552528785,0.1861613132421212,658.7325498009784,1,3.0,11.0,4.0,12.0,5.739130434782608,-3.0841,7.7065,1271.77270548,1270.2711435,1.5015619799999058,0.004712
62,93,155,0.2,6.2,28.855003552528785,0.1861613132421212,680.885775259527,1,3.0,12.0,4.0,11.0,5.739130434782608,-2.4768,6.4335,1274.39346111,1272.739999,1.6534621100001914,0.001333
63,92,155,0.1870967741935484,5.425806451612903,28.855003552528785,0.1861613132421212,703.4073091060127,1,3.0,13.0,4.0,10.0,5.652173913043479,-1.6756,4.9844,1275.37903853,1273.58478,1.7942585299999791,0.0012555
64,91,155,0.1741935483870967,4.703225806451613,28.855003552528785,0.1861613132421212,726.2971939353415,1,3.0,14.0,4.0,9.0,5.478260869565218,-0.6038,3.462,1275.3402381,1273.0543855,2.2858525999999983,0.0009765
65,90,155,0.1612903225806451,4.032258064516129,28.855003552528785,0.1861613132421212,749.5554712301373,1,3.0,15.0,4.0,8.0,5.217391304347826,-0.2545,2.9463,1273.70645719,1271.4521815,2.254275689999986,0.009827
66,89,155,0.1483870967741935,3.412903225806452,28.855003552528785,0.1861613132421212,773.1821814064994,1,3.0,16.0,4.0,7.0,4.869565217391305,-0.0834,3.1586,1271.0084087,1268.575335,2.4330737000000227,0.009641
67,88,155,0.1354838709677419,2.8451612903225807,28.855003552528785,0.1861613132421212,797.1773638572106,1,3.0,15.0,4.0,6.0,4.285714285714286,0.1478,3.1475,1266.75499889,1264.6768525,2.078146390000029,0.0174685
68,87,155,0.1225806451612903,2.329032258064516,28.855003552528785,0.1861613132421212,821.5410569925748,1,3.0,14.0,4.0,5.0,3.684210526315789,0.3809,2.6951,1261.39796097,1260.063882,1.334078970000064,0.006076
69,86,155,0.1096774193548387,1.864516129032258,28.855003552528785,0.1861613132421212,846.2732982790457,1,3.0,13.0,4.0,4.0,3.0588235294117645,0.4921,2.4069,1254.52469742,1253.69828,0.8264174199998706,0.00992
70,85,155,0.0967741935483871,1.4516129032258065,28.855003552528785,0.1861613132421212,871.3741242757984,1,3.0,12.0,4.0,3.0,2.4,-0.1334,2.0981,1246.50888208,1246.792627,-0.2837449200001174,0.0166005
71,84,155,0.0838709677419354,1.0903225806451613,28.855003552528785,0.1861613132421212,896.8435706693806,1,3.0,11.0,4.0,2.0,1.6923076923076923,-0.8754,1.7117,1237.01558335,1238.0527195,-1.037136149999924,0.019251
59,97,156,0.2435897435897435,9.256410256410255,28.978978026935597,0.1857626796598436,614.2127905719494,0,3.0,9.0,4.0,15.0,5.625,-3.1571,9.5942,1267.01344426,1264.4164572,2.5969870599999467,0.0010296
60,96,156,0.2307692307692307,8.307692307692308,28.978978026935597,0.1857626796598436,635.5836713341434,2,3.0,10.0,4.0,14.0,5.833333333333333,-3.9826,9.524,1274.56792526,1272.386934,2.180991259999928,0.0013104
61,95,156,0.2179487179487179,7.410256410256411,28.978978026935597,0.1857626796598436,657.3219832793054,0,3.0,11.0,4.0,13.0,5.958333333333333,-3.2752,8.5719,1276.7949419,1275.5693028,1.225639099999853,0.0011856
62,94,156,0.2051282051282051,6.564102564102564,28.978978026935597,0.1857626796598436,679.4277712790729,2,3.0,12.0,4.0,12.0,6.0,-2.7501,7.4495,1281.71696082,1279.9808424,1.7361184199999116,0.0085176
63,93,156,0.1923076923076923,5.769230769230769,28.978978026935597,0.1857626796598436,701.9010789954392,0,3.0,13.0,4.0,11.0,5.958333333333333,-1.8814,6.0334,1281.32331991,1279.9205952,1.4027247100000295,0.0035256
64,92,156,0.1794871794871795,5.0256410256410255,28.978978026935597,0.1857626796598436,724.7419489321003,2,3.0,14.0,4.0,10.0,5.833333333333333,-1.355,4.7611,1283.61365299,1281.5907468,2.022906189999958,0.0009828
65,91,156,0.1666666666666666,4.333333333333333,28.978978026935597,0.1857626796598436,747.950422482852,0,3.0,15.0,4.0,9.0,5.625,-0.701,4.0399,1280.59860959,1278.364074,2.2345355899999504,0.0037752
66,90,156,0.1538461538461538,3.692307692307693,28.978978026935597,0.1857626796598436,771.5265399772492,2,3.0,16.0,4.0,8.0,5.333333333333333,-0.3623,3.6157,1280.25800177,1278.0201096,2.2378921699998955,0.0009828
67,89,156,0.141025641025641,3.102564102564102,28.978978026935597,0.1857626796598436,795.4703407237215,0,3.0,15.0,4.0,7.0,4.7727272727272725,0.3488,3.4468,1274.6208373,1272.246768,2.3740692999999737,0.0384228
68,88,156,0.1282051282051282,2.5641025641025643,28.978978026935597,0.1857626796598436,819.7818630503234,2,3.0,14.0,4.0,6.0,4.2,0.1151,3.3196,1271.65000716,1270.1377104,1.5122967600000266,0.0246324
69,87,156,0.1153846153846153,2.076923076923077,28.978978026935597,0.1857626796598436,844.4611443432808,0,3.0,13.0,4.0,5.0,3.611111111111111,0.4209,2.7104,1263.39002489,1261.9780992,1.4119256899998618,0.014274
70,86,156,0.1025641025641025,1.641025641025641,28.978978026935597,0.1857626796598436,869.5082210834831,2,3.0,12.0,4.0,4.0,3.0,0.2093,2.4362,1257.78966915,1257.6268692,0.1627999499999077,0.0093132
71,85,156,0.0897435897435897,1.2564102564102564,28.978978026935597,0.1857626796598436,894.9231288810613,0,3.0,11.0,4.0,3.0,2.357142857142857,-0.179,2.0767,1246.90619009,1247.2785312,-0.3723411099999794,0.0541164
72,84,156,0.0769230769230769,0.9230769230769232,28.978978026935597,0.1857626796598436,920.7059025081726,2,3.0,10.0,4.0,2.0,1.6666666666666667,-1.3075,1.6343,1238.67698776,1240.6161456,-1.9391578400000071,0.1497444
59,98,157,0.2484076433121019,9.687898089171975,29.102687879321483,0.1853674387217929,612.9059508991318,1,3.0,9.0,4.0,16.0,5.76,-3.1016,10.1428,1272.56987996,1269.473269,3.096610959999907,0.0031714
60,97,157,0.2356687898089172,8.719745222929935,29.102687879321483,0.1853674387217929,634.2313615648842,1,3.0,10.0,4.0,15.0,6.0,-3.811,10.127,1278.7495949,1276.7502347,1.9993601999999555,0.0021352
61,96,157,0.2229299363057325,7.802547770700637,29.102687879321483,0.1853674387217929,655.923421642768,1,3.0,11.0,4.0,14.0,6.16,-3.4983,9.4611,1283.25196744,1281.7708906,1.4810768400000145,0.0070022
62,95,157,0.2101910828025477,6.936305732484076,29.102687879321483,0.1853674387217929,677.9821759089492,1,3.0,12.0,4.0,13.0,6.24,-2.9503,8.3287,1286.79786005,1285.3690794,1.4287806500001352,0.0044274
63,94,157,0.197452229299363,6.121019108280255,29.102687879321483,0.1853674387217929,700.4076679325232,1,3.0,13.0,4.0,12.0,6.24,-2.1705,7.0704,1288.70688256,1287.3682075,1.338675060000014,0.004239
64,93,157,0.1847133757961783,5.356687898089172,29.102687879321483,0.1853674387217929,723.1999401267518,1,3.0,14.0,4.0,11.0,6.16,-1.5175,5.8217,1289.61932385,1287.9506304,1.6686934500000916,0.0009734
65,92,157,0.1719745222929936,4.643312101910828,29.102687879321483,0.1853674387217929,746.359033797359,1,3.0,15.0,4.0,10.0,6.0,-1.164,5.2861,1288.93466692,1287.1082312,1.826435719999836,0.0010205
66,91,157,0.1592356687898089,3.980891719745223,29.102687879321483,0.1853674387217929,769.8849891880917,1,3.0,16.0,4.0,9.0,5.76,-0.7826,4.6637,1287.21397598,1284.9867059,2.2272700799999257,0.0051496
67,90,157,0.1464968152866242,3.3694267515923566,29.102687879321483,0.1853674387217929,793.7778455237445,1,3.0,15.0,4.0,8.0,5.217391304347826,-0.0402,3.885,1283.93535797,1281.6125561,2.3228018700001485,0.0234715
68,89,157,0.1337579617834395,2.8089171974522293,29.102687879321483,0.1853674387217929,818.0376410508225,1,3.0,14.0,4.0,7.0,4.666666666666667,0.2898,3.6509,1279.58180536,1277.4109849,2.1708204600001864,0.0265016
69,88,157,0.1210191082802547,2.299363057324841,29.102687879321483,0.1853674387217929,842.664413076006,1,3.0,13.0,4.0,6.0,4.105263157894737,0.207,3.3411,1273.70898948,1271.9242745,1.7847149799999895,0.027946
70,87,157,0.10828025477707,1.8407643312101911,29.102687879321483,0.1853674387217929,867.6581980025655,1,3.0,12.0,4.0,5.0,3.5294117647058822,0.9138,2.6561,1266.72280006,1265.8525507,0.8702493600001162,0.0109115
71,86,157,0.0955414012738853,1.4331210191082802,29.102687879321483,0.1853674387217929,893.0190313648654,1,3.0,11.0,4.0,4.0,2.933333333333333,0.343,2.3984,1258.25559204,1258.0901096,0.1654824400000052,0.0120733
73,84,157,0.0700636942675159,0.7707006369426752,29.102687879321483,0.1853674387217929,944.8419813842376,1,3.0,9.0,4.0,2.0,1.6363636363636365,-1.7564,1.4355,1237.5751934,1239.6815456,-2.1063521999999466,0.1500449
60,98,158,0.240506329113924,9.139240506329116,29.22613535465364,0.1849755402193268,632.8904878789325,2,3.0,10.0,4.0,16.0,6.153846153846154,-3.7252,10.6342,1284.807621,1282.1625582,2.645062800000005,0.0013114
61,97,158,0.2278481012658227,8.20253164556962,29.22613535465364,0.1849755402193268,654.536687227885,0,3.0,11.0,4.0,15.0,6.346153846153846,-3.4812,10.0859,1287.93489128,1286.6512276,1.2836636800000178,0.0008848
62,96,158,0.2151898734177215,7.3164556962025316,29.22613535465364,0.1849755402193268,676.5488055108386,2,3.0,12.0,4.0,14.0,6.461538461538462,-3.3232,9.2319,1293.7595203,1292.014585,1.7449353000001793,0.0047874
63,95,158,0.2025316455696202,6.481012658227848,29.22613535465364,0.1849755402193268,698.926886204776,0,3.0,13.0,4.0,13.0,6.5,-2.3083,7.9379,1294.29193566,1293.250856,1.041079659999923,0.0020382
64,94,158,0.189873417721519,5.69620253164557,29.22613535465364,0.1849755402193268,721.6709716332906,2,3.0,14.0,4.0,12.0,6.461538461538462,-1.8347,6.8624,1297.51027625,1295.8880182,1.6222580500000277,0.0009796
65,93,158,0.1772151898734177,4.962025316455696,29.22613535465364,0.1849755402193268,744.7811030147785,0,3.0,15.0,4.0,11.0,6.346153846153846,-1.3706,6.3479,1295.44710208,1293.8865848,1.5605172799998854,0.001264
66,92,158,0.1645569620253164,4.278481012658228,29.22613535465364,0.1849755402193268,768.2573205079048,2,3.0,16.0,4.0,10.0,6.153846153846154,-1.2078,5.8737,1296.05988887,1294.0405084,2.0193804699999878,0.0023384
67,91,158,0.1518987341772152,3.645569620253165,29.22613535465364,0.1849755402193268,792.099663254536,0,3.0,15.0,4.0,9.0,5.625,-0.1054,4.88,1291.40041766,1289.0384022,2.362015459999838,0.0271128
68,90,158,0.1392405063291139,3.0632911392405062,29.22613535465364,0.1849755402193268,816.3081694203175,2,3.0,14.0,4.0,8.0,5.090909090909091,0.3678,4.0066,1289.40835815,1287.372466,2.035892149999881,0.0252168
69,89,158,0.1265822784810126,2.5316455696202533,29.22613535465364,0.1849755402193268,840.8828762330571,0,3.0,13.0,4.0,7.0,4.55,0.4013,3.6738,1282.1519051,1279.9895052,2.162399900000082,0.0252168
70,88,158,0.1139240506329113,2.050632911392405,29.22613535465364,0.1849755402193268,865.8238200190624,2,3.0,12.0,4.0,6.0,4.0,0.1461,3.2787,1277.55568408,1276.5135842,1.0420998800000234,0.007979
71,87,158,0.1012658227848101,1.620253164556962,29.22613535465364,0.1849755402193268,891.1310362375721,0,3.0,11.0,4.0,5.0,3.4375,0.6376,2.7074,1267.70158305,1266.933823,0.7677600499998789,0.0151206
72,86,158,0.0886075949367088,1.240506329113924,29.22613535465364,0.1849755402193268,916.8045595134018,2,3.0,10.0,4.0,4.0,2.857142857142857,-0.1082,2.3596,1260.50186668,1261.0416712,-0.5398045200001889,0.0174906
60,99,159,0.2452830188679245,9.566037735849056,29.34932266478004,0.1845869349986166,631.5608820973468,1,3.0,10.0,4.0,17.0,6.296296296296297,-3.6532,11.0105,1288.66703364,1286.1227616,2.544272039999896,0.0298125
61,98,159,0.2327044025157232,8.61006289308176,29.34932266478004,0.1845869349986166,653.1616061036374,1,3.0,11.0,4.0,16.0,6.518518518518518,-3.5156,10.6121,1294.04784167,1292.1707559,1.8770857700001216,0.0100329
62,97,159,0.220125786163522,7.70440251572327,29.34932266478004,0.1845869349986166,675.1274803044086,1,3.0,12.0,4.0,15.0,6.666666666666667,-3.2274,9.8618,1298.49886599,1297.0419117,1.4569542900001125,0.0059307
63,96,159,0.2075471698113207,6.849056603773585,29.34932266478004,0.1845869349986166,697.4585480853044,1,3.0,13.0,4.0,14.0,6.7407407407407405,-2.6933,8.8185,1301.31144425,1300.0950933,1.2163509500001055,0.0043248
64,95,159,0.1949685534591195,6.044025157232705,29.34932266478004,0.1845869349986166,720.154851681003,1,3.0,14.0,4.0,13.0,6.7407407407407405,-2.0226,7.7023,1303.15453314,1301.8312143,1.3233188399999565,0.0009858
65,94,159,0.1823899371069182,5.289308176100629,29.34932266478004,0.1845869349986166,743.216432223307,1,3.0,15.0,4.0,12.0,6.666666666666667,-1.7,7.384,1303.39854263,1302.0195975,1.3789451300001474,0.0010971
66,93,159,0.1698113207547169,4.584905660377358,29.34932266478004,0.1845869349986166,766.6433297865143,1,3.0,16.0,4.0,11.0,6.518518518518518,-1.4334,6.9192,1302.63402548,1300.8718878,1.7621376800000237,0.0014469
67,92,159,0.1572327044025157,3.930817610062893,29.34932266478004,0.1845869349986166,790.4355834302603,1,3.0,15.0,4.0,10.0,6.0,-0.7667,6.0547,1300.30917423,1298.2519494,2.057224829999996,0.0030528
68,91,159,0.1446540880503144,3.3270440251572326,29.34932266478004,0.1845869349986166,814.5932312400103,1,3.0,14.0,4.0,9.0,5.478260869565218,0.0094,4.9921,1296.93733269,1294.7010978,2.236234889999878,0.0036411
69,90,159,0.1320754716981132,2.7735849056603774,29.34932266478004,0.1845869349986166,839.1163103653618,1,3.0,13.0,4.0,8.0,4.9523809523809526,0.4263,4.032,1292.04337284,1289.9280291,2.115343740000071,0.0279522
70,89,159,0.1194968553459119,2.270440251572327,29.34932266478004,0.1845869349986166,864.004857056307,1,3.0,12.0,4.0,7.0,4.421052631578948,0.348,3.6058,1286.06444369,1284.4088052,1.6556384900000012,0.0175854
71,88,159,0.1069182389937107,1.8176100628930816,29.34932266478004,0.1845869349986166,889.2589066975897,1,3.0,11.0,4.0,6.0,3.882352941176471,0.274,3.0883,1278.60116904,1277.5015431,1.0996259400001236,0.0376671
72,87,159,0.0943396226415094,1.4150943396226414,29.34932266478004,0.1845869349986166,914.8784938412846,1,3.0,10.0,4.0,5.0,3.333333333333333,0.1996,2.6984,1270.01534656,1269.863199,0.152147560000003,0.0168063
73,86,159,0.0817610062893081,1.0628930817610065,29.34932266478004,0.1845869349986166,940.8636522377124,1,3.0,9.0,4.0,4.0,2.769230769230769,-0.5444,2.1847,1259.98259059,1260.6674022,-0.684811609999997,0.0196842
60,100,160,0.25,10.0,29.472251989123087,0.1842015749320193,630.2423795522608,2,3.0,10.0,4.0,18.0,6.428571428571429,-3.7244,11.3351,1294.39434507,1291.194592,3.1997530700000425,0.046576
61,99,160,0.2375,9.025,29.472251989123087,0.1842015749320193,651.7980079701681,0,3.0,11.0,4.0,17.0,6.678571428571429,-3.4286,10.985,1298.40253276,1296.582368,1.8201647599998976,0.002048
62,98,160,0.225,8.1,29.472251989123087,0.1842015749320193,673.718024262605,2,3.0,12.0,4.0,16.0,6.857142857142857,-3.3585,10.4165,1305.11045826,1303.138544,1.971914260000176,0.001952
63,97,160,0.2125,7.225,29.472251989123087,0.1842015749320193,696.0024717246398,0,3.0,13.0,4.0,15.0,6.964285714285714,-2.7191,9.4788,1306.54901547,1305.61648,0.9325354700001752,0.000912
64,96,160,0.2,6.4,29.472251989123087,0.1842015749320193,718.6513925027776,2,3.0,14.0,4.0,14.0,7.0,-2.3075,8.5643,1310.67549099,1309.282736,1.3927549899999576,0.00112
65,95,160,0.1875,5.625,29.472251989123087,0.1842015749320193,741.6648276429507,0,3.0,15.0,4.0,13.0,6.964285714285714,-1.8433,8.2007,1309.54369272,1308.394816,1.1488767200000891,0.001104
66,94,160,0.175,4.9,29.472251989123087,0.1842015749320193,765.0428171357943,2,3.0,16.0,4.0,12.0,6.857142857142857,-1.7524,7.9545,1311.08944326,1309.448416,1.6410272600001008,0.000704
67,93,160,0.1625,4.225,29.472251989123087,0.1842015749320193,788.7853999593995,0,3.0,15.0,4.0,11.0,6.346153846153846,-1.0051,7.0957,1307.38659233,1305.376064,2.010528329999943,0.015024
68,92,160,0.15,3.6,29.472251989123087,0.1842015749320193,812.892614119721,2,3.0,14.0,4.0,10.0,5.833333333333333,-0.2084,6.0918,1306.35231507,1304.275472,2.076843069999996,0.02424
69,91,160,0.1375,3.025,29.472251989123087,0.1842015749320193,837.3644966887995,0,3.0,13.0,4.0,9.0,5.318181818181818,0.2174,4.9144,1300.07773775,1297.729984,2.347753750000038,0.032688
70,90,160,0.125,2.5,29.472251989123087,0.1842015749320193,862.2010838409484,2,3.0,12.0,4.0,8.0,4.8,0.3148,3.9552,1296.46410643,1294.809824,1.6542824299999666,0.005488
71,89,160,0.1125,2.025,29.472251989123087,0.1842015749320193,887.4024108870394,0,3.0,11.0,4.0,7.0,4.277777777777778,0.5277,3.3853,1287.6171485,1286.134192,1.4829565000000002,0.056816
72,88,160,0.1,1.6,29.472251989123087,0.1842015749320193,912.968512307013,2,3.0,10.0,4.0,6.0,3.75,0.1833,3.1024,1281.42481733,1281.020656,0.404161330000079,0.009536
73,87,160,0.0875,1.225,29.472251989123087,0.1842015749320193,938.89942178073,0,3.0,9.0,4.0,5.0,3.2142857142857144,-0.2034,2.5436,1270.00484041,1270.123264,-0.1184235900000203,0.05432
74,86,160,0.075,0.9,29.472251989123087,0.1842015749320193,965.1951722172684,2,3.0,8.0,4.0,4.0,2.6666666666666665,-1.1309,1.954,1261.23444777,1262.846288,-1.6118402299998706,0.149808
61,100,161,0.2422360248447205,9.4472049689441,29.59492547535442,0.1838194128904001,650.4457260608461,1,3.0,11.0,4.0,18.0,6.827586206896552,-3.511,11.312,1304.18254106,1301.8456297,2.336911359999931,0.0090321
62,99,161,0.2298136645962732,8.503105590062113,29.59492547535442,0.1838194128904001,672.3202650104224,1,3.0,12.0,4.0,17.0,7.0344827586206895,-3.286,10.7959,1309.51936493,1307.6487298,1.8706351299999824,0.0068103
63,98,161,0.217391304347826,7.608695652173913,29.59492547535442,0.1838194128904001,694.5584790461601,1,3.0,13.0,4.0,16.0,7.172413793103448,-2.8834,10.0508,1313.21627337,1311.985941,1.230332370000042,0.0104006
64,97,161,0.2049689440993788,6.763975155279503,29.59492547535442,0.1838194128904001,717.160410227123,1,3.0,14.0,4.0,15.0,7.241379310344827,-2.4008,9.231,1315.97010922,1314.9181374,1.0519718200000625,0.0014973
65,96,161,0.1925465838509316,5.968944099378882,29.59492547535442,0.1838194128904001,740.1260995140856,1,3.0,15.0,4.0,14.0,7.241379310344827,-2.1651,9.0365,1317.12301031,1316.0914249,1.0315854099999342,0.0012236
66,95,161,0.1801242236024844,5.22360248447205,29.59492547535442,0.1838194128904001,763.4555868147148,1,3.0,16.0,4.0,13.0,7.172413793103448,-1.9161,8.7666,1317.29419715,1315.9027973,1.391399849999971,0.0006923
67,94,161,0.1677018633540372,4.527950310559007,29.59492547535442,0.1838194128904001,787.1489110262341,1,3.0,15.0,4.0,12.0,6.666666666666667,-1.3499,8.121,1315.90278932,1314.2612574,1.641531920000034,0.0021574
68,93,161,0.15527950310559,3.881987577639752,29.59492547535442,0.1838194128904001,811.2061100757475,1,3.0,14.0,4.0,11.0,6.16,-0.8328,7.1263,1313.49161912,1311.4839108,2.0077083199998924,0.0087745
69,92,161,0.1428571428571428,3.2857142857142856,29.59492547535442,0.1838194128904001,835.6272209583824,1,3.0,13.0,4.0,10.0,5.652173913043479,0.0336,5.9977,1309.55564417,1307.3989866,2.1566575700001067,0.0279496
70,91,161,0.1304347826086956,2.739130434782609,29.59492547535442,0.1838194128904001,860.4122797734017,1,3.0,12.0,4.0,9.0,5.142857142857143,0.3432,4.7654,1304.56236479,1302.5521621,2.0102026899999146,0.0151018
71,90,161,0.1180124223602484,2.2422360248447206,29.59492547535442,0.1838194128904001,885.5613217584176,1,3.0,11.0,4.0,8.0,4.631578947368421,0.6769,3.7036,1298.08160545,1296.4979181,1.583687349999991,0.0279496
72,89,161,0.1055900621118012,1.795031055900621,29.59492547535442,0.1838194128904001,911.0743813218354,1,3.0,10.0,4.0,7.0,4.117647058823529,0.6609,3.2616,1290.5064231,1289.4690445,1.0373785999997835,0.0234577
73,88,161,0.093167701863354,1.3975155279503106,29.59492547535442,0.1838194128904001,936.9514920736405,1,3.0,9.0,4.0,6.0,3.6,-0.1895,2.9652,1281.48070092,1281.14945,0.3312509200000022,0.0243754
75,86,161,0.0683229813664596,0.7515527950310559,29.59492547535442,0.1838194128904001,989.7979977642204,1,3.0,7.0,4.0,4.0,2.5454545454545454,-1.5999,1.5784,1259.75295584,1261.6490012,-1.8960453600000164,0.1499071
62,100,162,0.2345679012345679,8.91358024691358,29.717345240051635,0.1834404027163681,670.9340337270119,2,3.0,12.0,4.0,18.0,7.2,-3.4398,11.1208,1315.79213585,1313.427069,2.3650668499999483,0.0035316
63,99,162,0.2222222222222222,8.0,29.717345240051635,0.1834404027163681,693.1263956449599,0,3.0,13.0,4.0,17.0,7.366666666666666,-2.8784,10.4352,1318.11758678,1316.9886066,1.1289801800000987,0.0013122
64,98,162,0.2098765432098765,7.135802469135802,29.717345240051635,0.1834404027163681,715.6817247737474,2,3.0,14.0,4.0,16.0,7.466666666666667,-2.6381,9.8225,1323.13298391,1321.7640426,1.3689413099998546,0.003969
65,97,162,0.1975308641975308,6.320987654320987,29.717345240051635,0.1834404027163681,738.6000619896935,0,3.0,15.0,4.0,15.0,7.5,-2.2986,9.704,1322.91275445,1322.5805226,0.332231849999971,0.0020574
66,96,162,0.1851851851851851,5.555555555555555,29.717345240051635,0.1834404027163681,761.8814471181807,2,3.0,16.0,4.0,14.0,7.466666666666667,-2.2333,9.5879,1325.3717157,1324.099791,1.2719246999999996,0.0006966
67,95,162,0.1728395061728395,4.839506172839506,29.717345240051635,0.1834404027163681,785.525918976232,0,3.0,15.0,4.0,13.0,6.964285714285714,-1.5395,8.9135,1322.60511829,1321.1768412,1.4282770900001651,0.0031104
68,94,162,0.1604938271604938,4.172839506172839,29.717345240051635,0.1834404027163681,809.5335154127508,2,3.0,14.0,4.0,12.0,6.461538461538462,-1.1584,8.1616,1322.50833123,1320.6881358,1.8201954300000125,0.0007614
69,93,162,0.1481481481481481,3.555555555555556,29.717345240051635,0.1834404027163681,833.904273346586,0,3.0,13.0,4.0,11.0,5.958333333333333,-0.3217,6.9641,1317.19470246,1315.0490616,2.1456408599999577,0.0260658
70,92,162,0.1358024691358024,2.9876543209876543,29.717345240051635,0.1834404027163681,858.6382288025685,2,3.0,12.0,4.0,10.0,5.454545454545454,0.0151,5.7847,1314.54283051,1312.6103946,1.9324359099998676,0.0150984
71,91,162,0.1234567901234567,2.469135802469136,29.717345240051635,0.1834404027163681,883.7354169456555,0,3.0,11.0,4.0,9.0,4.95,0.821,4.4296,1306.68152723,1304.8386552,1.8428720300000805,0.0750384
72,90,162,0.1111111111111111,2.0,29.717345240051635,0.1834404027163681,909.195872113307,2,3.0,10.0,4.0,8.0,4.444444444444445,0.7319,3.5189,1301.47521352,1300.3929702,1.0822433199998611,0.0089586
73,89,162,0.0987654320987654,1.5802469135802468,29.717345240051635,0.1834404027163681,935.019627846209,0,3.0,9.0,4.0,7.0,3.9375,0.2636,3.1489,1291.06560928,1290.2235984,0.842010880000089,0.0633258
74,88,162,0.0864197530864197,1.2098765432098766,29.717345240051635,0.1834404027163681,961.2067169174502,2,3.0,8.0,4.0,6.0,3.4285714285714284,-0.7057,2.7427,1283.30548027,1283.6590668,-0.3535865299998022,0.017658
62,101,163,0.2392638036809816,9.331288343558285,29.839513369337435,0.1830644991983892,669.5591650509997,1,3.0,12.0,4.0,19.0,7.354838709677419,-3.5736,11.6414,1319.88122641,1317.7189439,2.162282509999841,0.0073513
63,100,163,0.2269938650306748,8.39877300613497,29.839513369337435,0.1830644991983892,691.7060506900383,1,3.0,13.0,4.0,18.0,7.548387096774194,-3.0731,10.7688,1324.44387349,1322.9108036,1.5330698899999788,0.0009128
64,99,163,0.2147239263803681,7.515337423312883,29.839513369337435,0.1830644991983892,714.2151597525637,1,3.0,14.0,4.0,17.0,7.67741935483871,-2.6801,10.2175,1328.08921773,1326.943228,1.145989729999883,0.0007987
65,98,163,0.2024539877300613,6.680981595092025,29.839513369337435,0.1830644991983892,737.0865330311321,1,3.0,15.0,4.0,16.0,7.741935483870968,-2.5775,10.3019,1330.13188781,1329.3680486,0.7638392100000146,0.0040587
66,97,163,0.1901840490797546,5.895705521472393,29.839513369337435,0.1830644991983892,760.3202102695166,1,3.0,16.0,4.0,15.0,7.741935483870968,-2.4126,10.2585,1331.21899041,1330.370792,0.8481984100001227,0.0007009
67,96,163,0.1779141104294478,5.159509202453988,29.839513369337435,0.1830644991983892,783.9162302051964,1,3.0,15.0,4.0,14.0,7.241379310344827,-1.8618,9.7167,1330.74137294,1329.585621,1.1557519400000729,0.0007009
68,95,163,0.1656441717791411,4.47239263803681,29.839513369337435,0.1830644991983892,807.8746306095157,1,3.0,14.0,4.0,13.0,6.7407407407407405,-1.2756,8.9606,1329.27053548,1327.5926689,1.67786658,0.0046292
69,94,163,0.1533742331288343,3.834355828220859,29.839513369337435,0.1830644991983892,832.1954483256701,1,3.0,13.0,4.0,12.0,6.24,-0.8688,7.9844,1326.27236266,1324.3713162,1.9010464600000887,0.0055094
70,93,163,0.1411042944785276,3.245398773006135,29.839513369337435,0.1830644991983892,856.8787193046683,1,3.0,12.0,4.0,11.0,5.739130434782608,-0.2309,6.71,1322.24384332,1320.1544247,2.0894186200000604,0.0151101
71,92,163,0.1288343558282208,2.705521472392638,29.839513369337435,0.1830644991983892,881.9244786394086,1,3.0,11.0,4.0,10.0,5.238095238095238,0.652,5.3297,1316.72488754,1314.8696224,1.8552651400000288,0.0279382
72,91,163,0.1165644171779141,2.214723926380368,29.839513369337435,0.1830644991983892,907.3327605969864,1,3.0,10.0,4.0,9.0,4.7368421052631575,0.921,4.1707,1310.13890361,1308.5651736,1.573730009999963,0.0256888
73,90,163,0.1042944785276073,1.7730061349693251,29.839513369337435,0.1830644991983892,933.1035986493577,1,3.0,9.0,4.0,8.0,4.235294117647059,0.5695,3.3682,1302.09897535,1301.0481515,1.0508238500001426,0.0380605
74,89,163,0.0920245398773006,1.3803680981595092,29.839513369337435,0.1830644991983892,959.237025502452,1,3.0,8.0,4.0,7.0,3.733333333333333,-0.2792,2.9459,1292.95570527,1292.6396009,0.3161043699999482,0.0584192
75,88,163,0.0797546012269938,1.0368098159509205,29.839513369337435,0.1830644991983892,985.7330731238468,1,3.0,7.0,4.0,6.0,3.230769230769231,-0.9847,2.2856,1282.39465136,1282.9510765,-0.5564251400001012,0.0185331
62,102,164,0.2439024390243902,9.75609756097561,29.96143191950181,0.1826916580457427,668.1954969888919,2,3.0,12.0,4.0,20.0,7.5,-3.8751,12.2784,1325.82592717,1323.1159692,2.709957970000005,0.0041
63,101,164,0.2317073170731707,8.804878048780488,29.96143191950181,0.1826916580457427,690.2972768296717,0,3.0,13.0,4.0,19.0,7.71875,-3.2377,11.2992,1329.01965994,1327.6404504,1.3792095400001472,0.0020664
64,100,164,0.2195121951219512,7.902439024390244,29.96143191950181,0.1826916580457427,712.7605423659828,2,3.0,14.0,4.0,18.0,7.875,-2.9314,10.5605,1334.90539533,1333.3196392,1.585756129999936,0.0010004
65,99,164,0.2073170731707317,7.048780487804878,29.96143191950181,0.1826916580457427,735.5853343073005,0,3.0,15.0,4.0,17.0,7.96875,-2.6561,10.6967,1335.57758286,1334.9485856,0.6289972600000056,0.0018696
66,98,164,0.1951219512195122,6.243902439024391,29.96143191950181,0.1826916580457427,758.7716923164531,2,3.0,16.0,4.0,16.0,8.0,-2.7575,10.8645,1338.93064949,1338.0289156,0.9017338900000595,0.0006888
67,97,164,0.1829268292682926,5.487804878048781,29.96143191950181,0.1826916580457427,782.3196550520247,0,3.0,15.0,4.0,15.0,7.5,-2.1043,10.4016,1337.08061319,1336.2594376,0.8211755899999389,0.001394
68,96,164,0.1707317073170731,4.780487804878049,29.96143191950181,0.1826916580457427,806.2292602084319,2,3.0,14.0,4.0,14.0,7.0,-1.5218,9.7512,1337.90168965,1336.4391324,1.462557249999918,0.0007052
69,95,164,0.1585365853658536,4.121951219512195,29.96143191950181,0.1826916580457427,830.5005445538326,0,3.0,13.0,4.0,13.0,6.5,-0.9894,8.7911,1333.52877573,1331.6231576,1.9056181299999932,0.02501
70,94,164,0.1463414634146341,3.5121951219512195,29.96143191950181,0.1826916580457427,855.133543966016,2,3.0,12.0,4.0,12.0,6.0,-0.6925,7.681,1331.81851582,1329.9440436,1.874472219999916,0.0151044
71,93,164,0.1341463414634146,2.951219512195122,29.96143191950181,0.1826916580457427,880.1282934664074,0,3.0,11.0,4.0,11.0,5.5,0.3925,6.178,1324.92209145,1322.7919052,2.1301862499999515,0.0279456
72,92,164,0.1219512195121951,2.4390243902439024,29.96143191950181,0.1826916580457427,905.484827252312,2,3.0,10.0,4.0,10.0,5.0,0.7942,4.9961,1320.68112798,1319.1855288,1.4955991799999993,0.0158096
73,91,164,0.1097560975609756,1.975609756097561,29.96143191950181,0.1826916580457427,931.203178727514,0,3.0,9.0,4.0,9.0,4.5,0.8208,3.9729,1311.26057778,1309.8676392,1.3929385799999636,0.0279456
74,90,164,0.0975609756097561,1.5609756097560976,29.96143191950181,0.1826916580457427,957.2833805313325,2,3.0,8.0,4.0,8.0,4.0,0.0112,3.1768,1304.48952614,1304.038046,0.4514801400000579,0.009676
75,89,164,0.0853658536585365,1.195121951219512,29.96143191950181,0.1826916580457427,983.725464566237,0,3.0,7.0,4.0,7.0,3.5,-0.5525,2.4877,1292.54424893,1292.4925772,0.0516717300001801,0.0545464
76,88,164,0.073170731707317,0.8780487804878049,29.96143191950181,0.1826916580457427,1010.529462024108,2,3.0,6.0,4.0,6.0,3.0,-1.4672,1.8363,1283.2437103,1284.662512,-1.418801700000131,0.149896
63,102,165,0.2363636363636363,9.21818181818182,30.08310291760778,0.1823218358642896,688.8999100998541,1,3.0,13.0,4.0,20.0,7.878787878787879,-3.4366,11.9349,1335.01576035,1333.2087285,1.8070318499999305,0.005214
64,101,165,0.2242424242424242,8.296969696969697,30.08310291760778,0.1823218358642896,711.3177033143742,1,3.0,14.0,4.0,19.0,8.06060606060606,-3.0936,11.0778,1339.53400679,1338.223062,1.310944789999894,0.0013035
65,100,165,0.2121212121212121,7.424242424242424,30.08310291760778,0.1823218358642896,734.0962910970716,1,3.0,15.0,4.0,18.0,8.181818181818182,-2.9143,11.0387,1342.44794666,1341.5037735,0.9441731599999912,0.0015345
66,99,165,0.2,6.6,30.08310291760778,0.1823218358642896,757.2357130304853,1,3.0,16.0,4.0,17.0,8.242424242424242,-2.8796,11.2543,1344.43182776,1343.7448695,0.6869582599999831,0.000693
67,98,165,0.1878787878787878,5.824242424242424,30.08310291760778,0.1823218358642896,780.7360076949429,1,3.0,15.0,4.0,16.0,7.741935483870968,-2.4958,11.0189,1344.84898833,1344.2482515,0.6007368300001872,0.000792
68,97,165,0.1757575757575757,5.096969696969697,30.08310291760778,0.1823218358642896,804.5972127085565,1,3.0,14.0,4.0,15.0,7.241379310344827,-1.8819,10.425,1344.29881463,1343.089242,1.2095726299999114,0.000924
69,96,165,0.1636363636363636,4.418181818181818,30.08310291760778,0.1823218358642896,828.8193647650542,1,3.0,13.0,4.0,14.0,6.7407407407407405,-1.3182,9.5804,1342.21891914,1340.7155685,1.5033506400000078,0.0016665
70,95,165,0.1515151515151515,3.787878787878788,30.08310291760778,0.1823218358642896,853.4024996695977,1,3.0,12.0,4.0,13.0,6.24,-0.9182,8.4872,1339.13495845,1337.2985835,1.8363749500001632,0.026532
71,94,165,0.1393939393939394,3.206060606060606,30.08310291760778,0.1823218358642896,878.3466523727188,1,3.0,11.0,4.0,12.0,5.739130434782608,-0.0275,7.0587,1334.55776967,1332.66309,1.8946796699999595,0.026532
72,93,165,0.1272727272727272,2.672727272727273,30.08310291760778,0.1823218358642896,903.6518570024972,1,3.0,10.0,4.0,11.0,5.238095238095238,0.7112,5.7438,1328.9402496,1327.074012,1.8662375999999767,0.027951
73,92,165,0.1151515151515151,2.187878787878788,30.08310291760778,0.1823218358642896,929.3181468950976,1,3.0,9.0,4.0,10.0,4.7368421052631575,0.7052,4.6794,1321.86556769,1320.5040255,1.3615421900001363,0.0135795
74,91,165,0.103030303030303,1.7515151515151517,30.08310291760778,0.1823218358642896,955.3455546237678,1,3.0,8.0,4.0,9.0,4.235294117647059,0.3715,3.7467,1313.71467775,1312.735116,0.9795617499999024,0.0257565
75,90,165,0.0909090909090909,1.3636363636363635,30.08310291760778,0.1823218358642896,981.7341120263972,1,3.0,7.0,4.0,8.0,3.733333333333333,-0.2582,2.717,1304.14233846,1303.7508165,0.391521960000091,0.023595
64,102,166,0.2289156626506024,8.698795180722891,30.20452836208127,0.1819549901330197,709.8864767045686,2,3.0,14.0,4.0,20.0,8.235294117647058,-3.4112,11.7004,1346.01437725,1344.139516,1.8748612500000943,0.001577
65,101,166,0.216867469879518,7.807228915662651,30.20452836208127,0.1819549901330197,732.6192321948649,0,3.0,15.0,4.0,19.0,8.382352941176471,-3.1636,11.5553,1347.56045599,1346.795018,0.7654379900000094,0.0014608
66,100,166,0.2048192771084337,6.963855421686747,30.20452836208127,0.1819549901330197,755.712095809468,2,3.0,16.0,4.0,18.0,8.470588235294118,-3.1588,11.5936,1351.78914195,1350.7883638,1.00077814999986,0.0007968
67,99,166,0.1927710843373494,6.168674698795181,30.20452836208127,0.1819549901330197,779.1651060510787,0,3.0,15.0,4.0,17.0,7.96875,-2.6644,11.4113,1350.83661859,1350.4918878,0.3447307899998577,0.0007802
68,98,166,0.180722891566265,5.421686746987952,30.20452836208127,0.1819549901330197,802.9783004621185,2,3.0,14.0,4.0,16.0,7.466666666666667,-2.4353,11.0293,1352.55656807,1351.5633514,0.9932166699998106,0.000332
69,97,166,0.1686746987951807,4.72289156626506,30.20452836208127,0.1819549901330197,827.1517156624849,0,3.0,13.0,4.0,15.0,6.964285714285714,-1.6626,10.2332,1349.1047978,1347.7433262,1.361471599999959,0.0115536
70,96,166,0.1566265060240964,4.072289156626506,30.20452836208127,0.1819549901330197,851.6853873852971,2,3.0,12.0,4.0,14.0,6.461538461538462,-1.2873,9.2612,1348.31665563,1346.6682106,1.648445029999948,0.0070052
71,95,166,0.144578313253012,3.469879518072289,30.20452836208127,0.1819549901330197,876.5793505107632,0,3.0,11.0,4.0,13.0,5.958333333333333,-0.1814,7.8198,1342.36501524,1340.3131496,2.05186563999996,0.0298136
72,94,166,0.1325301204819277,2.915662650602409,30.20452836208127,0.1819549901330197,901.833639098295,2,3.0,10.0,4.0,12.0,5.454545454545454,0.3993,6.5242,1339.06940461,1337.3688076,1.7005970099999104,0.0279378
73,93,166,0.1204819277108433,2.409638554216868,30.20452836208127,0.1819549901330197,927.4482864169822,0,3.0,9.0,4.0,11.0,4.95,0.6412,5.3497,1330.61728904,1328.8252524,1.7920366400001058,0.0279378
74,92,166,0.108433734939759,1.9518072289156627,30.20452836208127,0.1819549901330197,953.4233249745324,2,3.0,8.0,4.0,10.0,4.444444444444445,0.5711,4.3689,1324.81481502,1323.8325866,0.9822284199999558,0.009462
75,91,166,0.0963855421686747,1.5421686746987953,30.20452836208127,0.1819549901330197,979.7587865447748,0,3.0,7.0,4.0,9.0,3.9375,0.1187,3.2665,1313.86163415,1313.0001072,0.8615269500000977,0.0882456
76,90,166,0.0843373493975903,1.180722891566265,30.20452836208127,0.1819549901330197,1006.4547021938148,2,3.0,6.0,4.0,8.0,3.4285714285714284,-0.6981,2.233,1305.55288686,1305.8119586,-0.2590717400000812,0.0179612
64,103,167,0.2335329341317365,9.107784431137723,30.32571022328558,0.1815910791813508,708.4666999612895,1,3.0,14.0,4.0,21.0,8.4,-3.4139,12.0869,1350.32566316,1348.6156476,1.7100155599998743,0.0052104
65,102,167,0.2215568862275449,8.197604790419161,30.32571022328558,0.1815910791813508,731.1539898192418,1,3.0,15.0,4.0,20.0,8.571428571428571,-3.4778,12.1726,1354.09296977,1352.940647,1.1523227700001826,0.0019372
66,101,167,0.2095808383233532,7.335329341317365,30.32571022328558,0.1815910791813508,754.2006675833297,1,3.0,16.0,4.0,19.0,8.685714285714285,-3.4118,12.1139,1356.95511422,1356.1866594,0.7684548199999881,0.004008
67,100,167,0.1976047904191616,6.520958083832335,30.32571022328558,0.1815910791813508,777.6067716792487,1,3.0,15.0,4.0,18.0,8.181818181818182,-3.0045,11.7571,1358.24865326,1357.7723244,0.4763288600001942,0.0051937
68,99,167,0.18562874251497,5.754491017964072,30.32571022328558,0.1815910791813508,801.372339574335,1,3.0,14.0,4.0,17.0,7.67741935483871,-2.668,11.4268,1358.60011429,1357.9997784,0.6003358899999967,0.0002839
69,98,167,0.1736526946107784,5.035928143712575,30.32571022328558,0.1815910791813508,825.4974078152461,1,3.0,13.0,4.0,16.0,7.172413793103448,-2.2039,10.8088,1357.41960059,1356.4712942,0.9483063899999706,0.0012525
70,97,167,0.1616766467065868,4.365269461077844,30.32571022328558,0.1815910791813508,849.9820120636348,1,3.0,12.0,4.0,15.0,6.666666666666667,-1.6438,9.8833,1355.26065496,1353.735734,1.5249209599999176,0.0039579
71,96,167,0.1497005988023952,3.74251497005988,30.32571022328558,0.1815910791813508,874.8261871299486,1,3.0,11.0,4.0,14.0,6.16,-0.4598,8.5358,1351.60584233,1349.8897574,1.7160849300000791,0.0372577
72,95,167,0.1377245508982036,3.167664670658682,30.32571022328558,0.1815910791813508,900.0299670054803,1,3.0,10.0,4.0,13.0,5.652173913043479,0.3385,7.2019,1346.93672726,1345.048895,1.887832260000096,0.0279391
73,94,167,0.1257485029940119,2.6407185628742518,30.32571022328558,0.1815910791813508,925.5933848927812,1,3.0,9.0,4.0,12.0,5.142857142857143,0.434,6.0497,1340.80740623,1339.1498538,1.657552429999896,0.0279391
74,93,167,0.1137724550898203,2.161676646706587,30.32571022328558,0.1815910791813508,951.5164732345434,1,3.0,8.0,4.0,11.0,4.631578947368421,0.5705,4.9204,1333.62832158,1332.1096515,1.5186700799999926,0.018704
76,91,167,0.0898203592814371,1.347305389221557,30.32571022328558,0.1815910791813508,1004.4417874162688,1,3.0,6.0,4.0,9.0,3.6,-0.3433,2.7621,1315.3354276,1314.9506019,0.3848256999999648,0.0808948
77,90,167,0.0778443113772455,1.0119760479041915,30.32571022328558,0.1815910791813508,1031.4440745827092,1,3.0,5.0,4.0,8.0,3.076923076923077,-0.6577,1.8043,1304.25659944,1304.7418418,-0.4852423600000293,0.0183533
65,103,168,0.2261904761904762,8.595238095238095,30.446650444080973,0.1812300621671487,729.7003995244074,0,3.0,15.0,4.0,21.0,8.75,-3.5362,12.5712,1358.88269014,1357.910064,0.9726261400001022,0.0042
66,102,168,0.2142857142857142,7.714285714285714,30.446650444080973,0.1812300621671487,752.7012587227863,2,3.0,16.0,4.0,20.0,8.88888888888889,-3.7508,12.7218,1363.96910173,1362.9049224,1.064179329999888,0.1400112
67,101,168,0.2023809523809523,6.880952380952381,30.446650444080973,0.1812300621671487,776.0608296858392,0,3.0,15.0,4.0,19.0,8.382352941176471,-3.255,12.2898,1363.895659,1363.6234248,0.2722341999999571,0.0300048
68,100,168,0.1904761904761904,6.095238095238095,30.446650444080973,0.1812300621671487,799.7791498064148,2,3.0,14.0,4.0,18.0,7.875,-3.0746,11.7798,1366.49609957,1365.7710696,0.7250299700001506,0.0002688
69,99,168,0.1785714285714285,5.357142857142857,30.446650444080973,0.1812300621671487,823.8562555585131,0,3.0,13.0,4.0,17.0,7.366666666666666,-2.4872,11.2026,1363.94653503,1363.3118688,0.6346662299999934,0.00168
70,98,168,0.1666666666666666,4.666666666666667,30.446650444080973,0.1812300621671487,848.2921825328884,2,3.0,12.0,4.0,16.0,6.857142857142857,-2.1799,10.425,1364.06164099,1362.797016,1.264624989999902,0.0001008
71,97,168,0.1547619047619047,4.023809523809524,30.446650444080973,0.1812300621671487,873.0869654707828,0,3.0,11.0,4.0,15.0,6.346153846153846,-0.9542,9.1093,1359.0353404,1357.5076368,1.5277035999999953,0.037968
72,96,168,0.1428571428571428,3.4285714285714284,30.446650444080973,0.1812300621671487,898.2406382959117,2,3.0,10.0,4.0,14.0,5.833333333333333,-0.0422,7.8499,1356.665726,1355.0130048,1.65272119999986,0.0279384
73,95,168,0.1309523809523809,2.880952380952381,30.446650444080973,0.1812300621671487,923.7532341448168,0,3.0,9.0,4.0,13.0,5.318181818181818,0.3571,6.6793,1349.16209391,1347.2640216,1.8980723100000887,0.0279384
74,94,168,0.119047619047619,2.380952380952381,30.446650444080973,0.1812300621671487,949.624785395692,2,3.0,8.0,4.0,12.0,4.8,0.2478,5.5343,1344.30835459,1342.9806936,1.327660989999913,0.0132552
75,93,168,0.1071428571428571,1.9285714285714288,30.446650444080973,0.1812300621671487,975.855323695776,0,3.0,7.0,4.0,11.0,4.277777777777778,0.5442,4.3202,1334.32681121,1333.1002944,1.226516810000021,0.030828
76,92,168,0.0952380952380952,1.5238095238095235,30.446650444080973,0.1812300621671487,1002.4448799874036,2,3.0,6.0,4.0,10.0,3.75,-0.1537,3.3168,1326.98952676,1326.5180544,0.471472360000007,0.0098952
77,91,168,0.0833333333333333,1.1666666666666667,30.446650444080973,0.1812300621671487,1029.3934845327958,0,3.0,5.0,4.0,9.0,3.2142857142857144,-0.2422,2.2825,1314.52950505,1314.4069512,0.1225538499998037,0.0552216
78,90,168,0.0714285714285714,0.8571428571428571,30.446650444080973,0.1812300621671487,1056.7011669376675,2,3.0,4.0,4.0,8.0,2.6666666666666665,-0.9201,1.4612,1304.70924251,1305.9684456,-1.2592030900000282,0.14994
66,103,169,0.2189349112426035,8.100591715976332,30.56735094036984,0.1808718990554429,751.2137029509387,1,3.0,16.0,4.0,21.0,9.08108108108108,-3.876,13.1334,1368.81029288,1368.0138654,0.7964274799999203,0.3006679
67,102,169,0.2071005917159763,7.2485207100591715,30.56735094036984,0.1808718990554429,774.5271086336613,1,3.0,15.0,4.0,20.0,8.571428571428571,-3.6769,12.895,1370.9623971,1370.4315118,0.5308853000001363,0.0200434
68,101,169,0.1952662721893491,6.443786982248521,30.56735094036984,0.1808718990554429,798.1985544816288,1,3.0,14.0,4.0,19.0,8.06060606060606,-3.3681,12.3182,1372.19707565,1371.7743182,0.4227574500000628,0.0003042
69,100,169,0.1834319526627219,5.686390532544379,30.56735094036984,0.1808718990554429,822.2280768967579,1,3.0,13.0,4.0,18.0,7.548387096774194,-2.8914,11.5686,1371.89765033,1371.3454638,0.5521865299999718,0.0007436
70,99,169,0.1715976331360946,4.976331360946745,30.56735094036984,0.1808718990554429,846.6157113994655,1,3.0,12.0,4.0,17.0,7.0344827586206895,-2.4763,10.7939,1370.64480506,1369.6639814,0.9808236599999418,0.0001859
71,98,169,0.1597633136094674,4.313609467455621,30.56735094036984,0.1808718990554429,871.3614926623347,1,3.0,11.0,4.0,16.0,6.518518518518518,-1.426,9.595,1367.8935956,1366.5886377,1.3049579000000904,0.0030082
72,97,169,0.1479289940828402,3.698224852071006,30.56735094036984,0.1808718990554429,896.4654545420378,1,3.0,10.0,4.0,15.0,6.0,-0.1913,8.3162,1364.15347272,1362.4406679,1.712804819999974,0.0279526
73,96,169,0.136094674556213,3.1301775147929,30.56735094036984,0.1808718990554429,921.9276301096294,1,3.0,9.0,4.0,14.0,5.478260869565218,0.1654,7.2556,1358.9502607,1357.2318513,1.7184093999999277,0.0279526
74,95,169,0.1242603550295858,2.6094674556213016,30.56735094036984,0.1808718990554429,947.7480516793144,1,3.0,8.0,4.0,13.0,4.9523809523809526,0.2412,6.1195,1352.72306965,1351.0769389,1.6461307500001112,0.0154297
75,94,169,0.1124260355029585,2.136094674556213,30.56735094036984,0.1808718990554429,973.926750835788,1,3.0,7.0,4.0,12.0,4.421052631578948,0.5105,4.8219,1345.06767087,1343.7859747,1.281696170000032,0.0113737
76,93,169,0.1005917159763313,1.7100591715976332,30.56735094036984,0.1808718990554429,1000.4637584602328,1,3.0,6.0,4.0,11.0,3.882352941176471,0.161,3.7081,1336.35358624,1335.3173678,1.0362184399998569,0.0259415
77,92,169,0.0887573964497041,1.331360946745562,30.56735094036984,0.1808718990554429,1027.359104755064,1,3.0,5.0,4.0,10.0,3.333333333333333,0.0019,2.7777,1326.24584919,1325.9054536,0.3403955899998436,0.0233051
67,103,170,0.2117647058823529,7.623529411764705,30.687813601627905,0.1805165505978112,773.005440453672,0,3.0,15.0,4.0,21.0,8.75,-3.7625,13.3127,1376.27929708,1375.944334,0.3349630800000795,0.050014
68,102,170,0.2,6.8,30.687813601627905,0.1805165505978112,796.6303803943321,2,3.0,14.0,4.0,20.0,8.235294117647058,-3.797,12.9348,1379.74242923,1379.031993,0.7104362299999138,0.001394
69,101,170,0.188235294117647,6.023529411764706,30.687813601627905,0.1805165505978112,820.612693410033,0,3.0,13.0,4.0,19.0,7.71875,-3.2599,12.1166,1378.07673814,1377.937448,0.1392901400001847,0.000731
70,100,170,0.1764705882352941,5.294117647058823,30.687813601627905,0.1805165505978112,844.9524149514067,2,3.0,12.0,4.0,18.0,7.2,-2.9301,11.1594,1379.07682055,1378.123717,0.9531035500001508,5.1e-05
71,99,170,0.1647058823529411,4.6117647058823525,30.687813601627905,0.1805165505978112,869.6495796229174,0,3.0,11.0,4.0,17.0,6.678571428571429,-1.7039,9.9137,1374.95703791,1373.883662,1.0733759100000952,0.016847
72,98,170,0.1529411764705882,3.976470588235294,30.687813601627905,0.1805165505978112,894.7042212147205,2,3.0,10.0,4.0,16.0,6.153846153846154,-0.531,8.6926,1373.49467642,1372.048954,1.4457224199998109,0.027948
73,97,170,0.1411764705882353,3.388235294117647,30.687813601627905,0.1805165505978112,920.1163727328984,0,3.0,9.0,4.0,15.0,5.625,0.0296,7.6292,1366.92021577,1365.150405,1.7698107699998218,0.027948
74,96,170,0.1294117647058823,2.847058823529412,30.687813601627905,0.1805165505978112,945.8860664281702,2,3.0,8.0,4.0,14.0,5.090909090909091,0.0299,6.6537,1362.99599685,1361.521194,1.47480285000006,0.013192
75,95,170,0.1176470588235294,2.3529411764705883,30.687813601627905,0.1805165505978112,972.013333823178,0,3.0,7.0,4.0,13.0,4.55,0.3681,5.3171,1353.966288,1352.35204,1.6142480000000887,0.011424
76,94,170,0.1058823529411764,1.9058823529411764,30.687813601627905,0.1805165505978112,998.4982057384346,2,3.0,6.0,4.0,12.0,4.0,0.1885,4.114,1347.58078183,1346.591386,0.9893958299999212,0.009758
78,92,170,0.0823529411764705,1.152941176470588,30.687813601627905,0.1805165505978112,1052.5408830480828,2,3.0,4.0,4.0,10.0,2.857142857142857,-0.1244,2.3219,1327.24903137,1327.400205,-0.1511736299999029,0.018241
67,104,171,0.2163742690058479,8.005847953216374,30.80804029142188,0.1801639783124087,771.495660359455,1,3.0,15.0,4.0,22.0,8.91891891891892,-3.9861,13.5964,1383.01131406,1382.2959591,0.7153549600000133,0.6000048
68,103,171,0.2046783625730994,7.16374269005848,30.80804029142188,0.1801639783124087,795.0744577218318,1,3.0,14.0,4.0,21.0,8.4,-3.9376,13.3643,1385.11137828,1384.7136084,0.3977698799999416,0.0014022
69,102,171,0.1929824561403508,6.368421052631579,30.80804029142188,0.1801639783124087,819.0099301631855,1,3.0,13.0,4.0,20.0,7.878787878787879,-3.7035,12.7366,1385.67532433,1385.4237201,0.2516042299998844,0.0009747
70,101,171,0.1812865497076023,5.619883040935672,30.80804029142188,0.1801639783124087,843.3021130649082,1,3.0,12.0,4.0,19.0,7.354838709677419,-3.2901,11.7175,1385.31026636,1384.7379246,0.572341759999972,5.13e-05
71,100,171,0.1695906432748538,4.918128654970761,30.80804029142188,0.1801639783124087,867.9510409638771,1,3.0,11.0,4.0,18.0,6.827586206896552,-2.1755,10.2521,1383.44447864,1382.4772191,0.9672595399999864,0.0018639
72,99,171,0.1578947368421052,4.2631578947368425,30.80804029142188,0.1801639783124087,892.9567475842514,1,3.0,10.0,4.0,17.0,6.296296296296297,-1.1138,8.9436,1380.61455305,1379.2977477,1.3168053500000951,0.0288819
73,98,171,0.1461988304093567,3.654970760233918,30.80804029142188,0.1801639783124087,918.319265867648,1,3.0,9.0,4.0,16.0,5.76,-0.2852,7.9272,1376.31880474,1374.8043294,1.51447533999999,0.0279414
74,97,171,0.1345029239766081,3.0935672514619883,30.80804029142188,0.1801639783124087,944.038628001796,1,3.0,8.0,4.0,15.0,5.217391304347826,-0.0393,6.9709,1371.02422998,1369.3878018,1.636428179999939,0.0279414
75,96,171,0.1228070175438596,2.5789473684210527,30.80804029142188,0.1801639783124087,970.1148654477696,1,3.0,7.0,4.0,14.0,4.666666666666667,0.0716,5.802,1364.2983279,1362.7696401,1.5286877999999433,0.0279414
76,95,171,0.1111111111111111,2.111111111111111,30.80804029142188,0.1801639783124087,996.548008965886,1,3.0,6.0,4.0,13.0,4.105263157894737,0.1265,4.528,1356.53928816,1355.0342499,1.505038259999992,0.0182457
77,94,171,0.0994152046783625,1.6900584795321638,30.80804029142188,0.1801639783124087,1023.3380886403484,1,3.0,5.0,4.0,12.0,3.5294117647058822,0.4989,3.3945,1347.3830712,1346.3667045,1.016366699999935,0.0384579
78,93,171,0.087719298245614,1.3157894736842106,30.80804029142188,0.1801639783124087,1050.485133902717,1,3.0,4.0,4.0,11.0,2.933333333333333,0.4282,2.5472,1337.15971798,1336.6388907,0.5208272800000486,0.0809514
79,92,171,0.0760233918128654,0.9883040935672516,30.80804029142188,0.1801639783124087,1077.9891735542722,1,3.0,3.0,4.0,10.0,2.3076923076923075,-0.2118,1.7834,1325.57305571,1325.9522799,-0.3792241899998316,0.0207081
68,104,172,0.2093023255813953,7.534883720930233,30.92803284791408,0.1798141444646167,793.5306199389893,2,3.0,14.0,4.0,22.0,8.555555555555555,-4.179,13.6613,1392.31676714,1391.5496944,0.7670727400000033,0.003956
69,103,172,0.1976744186046511,6.72093023255814,30.92803284791408,0.1798141444646167,817.4196156178884,0,3.0,13.0,4.0,21.0,8.029411764705882,-3.8804,13.1807,1391.51719675,1391.6583124,-0.1411156500000743,0.0054868
70,102,172,0.1860465116279069,5.953488372093023,30.92803284791408,0.1798141444646167,841.6646291137434,2,3.0,12.0,4.0,20.0,7.5,-3.7593,12.3494,1393.38455643,1392.757874,0.6266824300000735,5.16e-05
71,101,172,0.1744186046511628,5.232558139534884,30.92803284791408,0.1798141444646167,866.265694896369,0,3.0,11.0,4.0,19.0,6.966666666666667,-2.4972,10.7872,1390.15306538,1389.4561448,0.6969205800000964,0.0023392
72,100,172,0.1627906976744186,4.558139534883721,30.92803284791408,0.1798141444646167,891.2228466244408,2,3.0,10.0,4.0,18.0,6.428571428571429,-1.5511,9.2424,1389.57980078,1388.3399508,1.2398499799999172,0.024424
73,99,172,0.1511627906976744,3.930232558139535,30.92803284791408,0.1798141444646167,916.5361171756108,0,3.0,9.0,4.0,17.0,5.884615384615385,-0.4204,8.0698,1383.91581099,1382.4853632,1.4304477900000163,0.02795
74,98,172,0.1395348837209302,3.3488372093023258,30.92803284791408,0.1798141444646167,942.205538675108,2,3.0,8.0,4.0,16.0,5.333333333333333,-0.2577,7.1968,1380.90250019,1379.4702204,1.4322797899999389,0.02795
75,97,172,0.127906976744186,2.813953488372093,30.92803284791408,0.1798141444646167,968.2311425229168,0,3.0,7.0,4.0,15.0,4.7727272727272725,0.0095,6.0668,1372.80545045,1371.157512,1.647938450000083,0.0355696
76,96,172,0.1162790697674418,2.3255813953488373,30.92803284791408,0.1798141444646167,994.6129594196252,2,3.0,6.0,4.0,14.0,4.2,-0.1134,4.915,1367.35265466,1366.0519672,1.3006874600000629,0.0127624
77,95,172,0.1046511627906976,1.8837209302325584,30.92803284791408,0.1798141444646167,1021.3510193910208,0,3.0,5.0,4.0,13.0,3.611111111111111,0.5182,3.7045,1356.82199786,1355.4053564,1.416641459999937,0.0324048
78,94,172,0.0930232558139534,1.4883720930232558,30.92803284791408,0.1798141444646167,1048.445351811515,2,3.0,4.0,4.0,12.0,3.0,0.5121,2.7458,1348.93026418,1348.350312,0.5799521799999638,0.0103716
79,93,172,0.0813953488372093,1.1395348837209305,30.92803284791408,0.1798141444646167,1075.895985426462,0,3.0,3.0,4.0,11.0,2.357142857142857,0.3577,1.9867,1335.96546468,1335.7792964,0.1861682799999471,0.056158
80,92,172,0.0697674418604651,0.8372093023255814,30.92803284791408,0.1798141444646167,1103.7029483734418,2,3.0,2.0,4.0,10.0,1.6666666666666667,-0.501,1.2908,1325.63532877,1326.7403008,-1.1049720300002264,0.15007
69,104,173,0.2023121387283237,7.08092485549133,31.04779308435421,0.1794670120482903,815.8415815473934,1,3.0,13.0,4.0,22.0,8.17142857142857,-4.1672,13.4967,1398.7739439,1398.6121509,0.1617929999999887,0.0043942
70,103,173,0.1907514450867052,6.294797687861272,31.04779308435421,0.1794670120482903,840.0397898814867,1,3.0,12.0,4.0,21.0,7.636363636363637,-3.9776,12.8165,1399.27893598,1399.1249748,0.1539611799998965,5.19e-05
71,102,173,0.1791907514450867,5.554913294797688,31.04779308435421,0.1794670120482903,864.5933631410145,1,3.0,11.0,4.0,20.0,7.096774193548387,-2.946,11.4054,1398.28095511,1397.6723976,0.608557509999855,0.0015743
72,101,173,0.1676300578034682,4.861271676300578,31.04779308435421,0.1794670120482903,889.5023349196734,1,3.0,10.0,4.0,19.0,6.551724137931035,-1.9118,9.7604,1396.34302339,1395.4208372,0.9221861900000476,0.0279395
73,100,173,0.1560693641618497,4.213872832369942,31.04779308435421,0.1794670120482903,914.7667380316456,1,3.0,9.0,4.0,18.0,6.0,-0.8091,8.2625,1392.93667448,1391.623245,1.313429479999968,0.0279395
74,99,173,0.1445086705202312,3.61271676300578,31.04779308435421,0.1794670120482903,940.3866045401415,1,3.0,8.0,4.0,17.0,5.44,-0.3005,7.2666,1388.55604579,1387.1717301,1.384315689999994,0.0279395
75,98,173,0.1329479768786127,3.057803468208093,31.04779308435421,0.1794670120482903,966.3619657845284,1,3.0,7.0,4.0,16.0,4.869565217391305,-0.1862,6.2346,1382.74112728,1381.2158764,1.5252508799999305,0.0279395
76,97,173,0.1213872832369942,2.5491329479768785,31.04779308435421,0.1794670120482903,992.6928524061254,1,3.0,6.0,4.0,15.0,4.285714285714286,-0.1407,5.1178,1375.91799478,1374.3178993,1.6000954800001637,0.0149645
77,96,173,0.1098265895953757,2.086705202312139,31.04779308435421,0.1794670120482903,1019.379294372756,1,3.0,5.0,4.0,14.0,3.684210526315789,0.3704,4.0071,1367.69433658,1366.365764,1.3285725800001271,0.0105357
78,95,173,0.0982658959537572,1.670520231213873,31.04779308435421,0.1794670120482903,1046.4213210021242,1,3.0,4.0,4.0,13.0,3.0588235294117645,0.6189,2.9629,1358.4288614,1357.2517088,1.1771525999999994,0.0634391
79,94,173,0.0867052023121387,1.300578034682081,31.04779308435421,0.1794670120482903,1073.818960984091,1,3.0,3.0,4.0,12.0,2.4,0.7415,2.101,1347.79632347,1347.3646204,0.4317030700001396,0.0227841
69,105,174,0.2068965517241379,7.448275862068965,31.167322789559027,0.1791225447675806,814.2756629538978,0,3.0,13.0,4.0,21.0,8.029411764705882,-4.0778,13.6176,1404.28879037,1404.2919168,-0.0031264300000657,0.044718
70,104,174,0.1954022988505747,6.64367816091954,31.167322789559027,0.1791225447675806,838.427425476431,2,3.0,12.0,4.0,22.0,7.764705882352941,-4.3087,13.1674,1407.00627662,1406.5895694,0.4167072200000348,5.22e-05
71,103,174,0.1839080459770115,5.885057471264368,31.167322789559027,0.1791225447675806,862.9338708403311,0,3.0,11.0,4.0,21.0,7.21875,-3.223,11.9047,1404.64542088,1404.432996,0.2124248800000714,0.001566
72,102,174,0.1724137931034483,5.172413793103448,31.167322789559027,0.1791225447675806,887.7950325748157,2,3.0,10.0,4.0,20.0,6.666666666666667,-2.3288,10.3602,1404.9436598,1403.9249334,1.0187263999998777,0.002262
73,101,174,0.160919540229885,4.505747126436781,31.167322789559027,0.1791225447675806,913.0109434310835,0,3.0,9.0,4.0,19.0,6.107142857142857,-1.0965,8.7421,1400.17202566,1399.0387872,1.1332384600000296,0.0279444
74,100,174,0.1494252873563218,3.885057471264368,31.167322789559027,0.1791225447675806,938.5816354108034,2,3.0,8.0,4.0,18.0,5.538461538461538,-0.5491,7.3979,1398.05158747,1396.7427528,1.3088346699998965,0.0279444
75,99,174,0.1379310344827586,3.310344827586207,31.167322789559027,0.1791225447675806,964.5071397931898,0,3.0,7.0,4.0,17.0,4.958333333333333,-0.2749,6.2643,1390.86862211,1389.4064256,1.4621965100000125,0.0279444
76,98,174,0.1264367816091954,2.781609195402299,31.167322789559027,0.1791225447675806,990.78748716075,2,3.0,6.0,4.0,16.0,4.363636363636363,-0.2864,5.2332,1386.33005962,1384.9463532,1.3837064199999531,0.0102486
77,97,174,0.1149425287356321,2.2988505747126435,31.167322789559027,0.1791225447675806,1017.4227074237864,0,3.0,5.0,4.0,15.0,3.75,0.4328,4.1228,1376.7352249,1374.9545598,1.7806651000000784,0.011223
78,96,174,0.1034482758620689,1.862068965517241,31.167322789559027,0.1791225447675806,1044.4128298437313,2,3.0,4.0,4.0,14.0,3.111111111111111,0.556,3.1669,1369.77907625,1368.7038882,1.0751880499999515,0.0103356
80,94,174,0.0804597701149425,1.1264367816091954,31.167322789559027,0.1791225447675806,1099.4578950880862,2,3.0,2.0,4.0,12.0,1.7142857142857142,0.2642,1.5996,1348.39863737,1348.4626074,-0.063970030000064,0.0192096
69,106,175,0.2114285714285714,7.822857142857143,31.286623728379865,0.1787807070193135,812.7216979884378,1,3.0,13.0,4.0,20.0,7.878787878787879,-4.185,13.6726,1411.21394493,1410.8092775,0.4046674300000177,0.0499975
70,105,175,0.2,7.0,31.286623728379865,0.1787807070193135,836.8273692491025,1,3.0,12.0,4.0,21.0,7.636363636363637,-4.2976,13.3175,1412.57180126,1412.4119275,0.1598737599999822,8.75e-05
71,104,175,0.1885714285714285,6.222857142857142,31.286623728379865,0.1787807070193135,861.2870464738379,1,3.0,11.0,4.0,22.0,7.333333333333333,-3.6071,12.2919,1412.42455525,1412.09971,0.324845249999953,0.0012075
72,103,175,0.1771428571428571,5.491428571428571,31.286623728379865,0.1787807070193135,886.1007631278742,1,3.0,10.0,4.0,21.0,6.774193548387097,-2.6486,10.8787,1411.3609803,1410.6334375,0.7275428000000375,0.002275
73,102,175,0.1657142857142857,4.805714285714286,31.286623728379865,0.1787807070193135,911.2685518999076,1,3.0,9.0,4.0,20.0,6.206896551724138,-1.4124,9.329,1408.82652325,1407.77798,1.048543249999966,0.0279475
74,101,175,0.1542857142857142,4.1657142857142855,31.286623728379865,0.1787807070193135,936.7904447305348,1,3.0,8.0,4.0,19.0,5.62962962962963,-0.8168,7.8672,1405.34175172,1404.219775,1.1219767200000206,0.0279475
75,100,175,0.1428571428571428,3.571428571428572,31.286623728379865,0.1787807070193135,962.6664728392768,1,3.0,7.0,4.0,18.0,5.04,-0.4493,6.373,1400.4198742,1399.09294,1.326934200000096,0.0279475
76,99,175,0.1314285714285714,3.0228571428571427,31.286623728379865,0.1787807070193135,988.8966667502774,1,3.0,6.0,4.0,17.0,4.434782608695652,-0.2511,5.204,1394.51410765,1393.127645,1.3864626499998849,0.0117775
77,98,175,0.12,2.52,31.286623728379865,0.1787807070193135,1015.4810563167588,1,3.0,5.0,4.0,16.0,3.809523809523809,0.3315,4.1611,1387.20463118,1385.63446,1.5701711799999885,0.01239
78,97,175,0.1085714285714285,2.0628571428571427,31.286623728379865,0.1787807070193135,1042.4196707443095,1,3.0,4.0,4.0,15.0,3.1578947368421053,0.6364,3.208,1378.87803971,1377.16628,1.711759710000024,0.01862
79,96,175,0.0971428571428571,1.6514285714285717,31.286623728379865,0.1787807070193135,1069.7125386130776,1,3.0,3.0,4.0,14.0,2.4705882352941178,0.7736,2.291,1369.18081528,1368.0789325,1.101882779999869,0.03857
80,95,175,0.0857142857142857,1.2857142857142858,31.286623728379865,0.1787807070193135,1097.359687898929,1,3.0,2.0,4.0,13.0,1.7333333333333334,0.7153,1.6168,1358.43353891,1357.862345,0.5711939099999199,0.0810775
69,107,176,0.2159090909090909,8.204545454545455,31.405697642158756,0.178441463875902,811.1795278732109,0,3.0,13.0,4.0,19.0,7.71875,-4.2017,13.4867,1416.4115361,1415.9413664,0.4701696999998148,0.1000032
70,106,176,0.2045454545454545,7.363636363636363,31.405697642158756,0.178441463875902,835.2394577122825,2,3.0,12.0,4.0,20.0,7.5,-4.4874,13.3988,1419.96252393,1419.2790128,0.6835111300001699,5.28e-05
71,105,176,0.1931818181818181,6.568181818181818,31.405697642158756,0.178441463875902,859.6527217757384,0,3.0,11.0,4.0,21.0,7.21875,-3.635,12.4819,1418.45519328,1418.3876784,0.0675148800000897,0.0012144
72,104,176,0.1818181818181818,5.818181818181818,31.405697642158756,0.178441463875902,884.4193534653073,2,3.0,10.0,4.0,22.0,6.875,-3.0638,11.3075,1419.60788163,1418.7994304,0.8084512300001734,0.0014784
73,103,176,0.1704545454545454,5.113636363636363,31.405697642158756,0.178441463875902,909.5393854076576,0,3.0,9.0,4.0,21.0,6.3,-1.7974,9.8528,1415.71104859,1414.8060256,0.9050229899999068,0.0307472
74,102,176,0.1590909090909091,4.454545454545454,31.405697642158756,0.178441463875902,935.0128494827774,2,3.0,8.0,4.0,20.0,5.714285714285714,-1.0991,8.4368,1414.46600032,1413.2999056,1.166094719999819,0.0279488
75,101,176,0.1477272727272727,3.840909090909091,31.405697642158756,0.178441463875902,960.8397768509476,0,3.0,7.0,4.0,19.0,5.115384615384615,-0.6608,6.8361,1408.17911994,1406.9388432,1.2402767399998993,0.0279488
76,100,176,0.1363636363636363,3.272727272727273,31.405697642158756,0.178441463875902,987.0201979783913,2,3.0,6.0,4.0,18.0,4.5,-0.5735,5.2937,1404.53688001,1403.2247856,1.3120944100000995,0.0109472
77,99,176,0.125,2.75,31.405697642158756,0.178441463875902,1013.5541426616824,0,3.0,5.0,4.0,17.0,3.863636363636364,0.3553,4.1005,1395.85942255,1394.1931872,1.666235350000079,0.0080784
78,98,176,0.1136363636363636,2.272727272727273,31.405697642158756,0.178441463875902,1040.4416400509915,2,3.0,4.0,4.0,16.0,3.2,0.6421,3.1882,1389.82052069,1388.4628384,1.357682289999957,0.0127072
79,97,176,0.1022727272727272,1.8409090909090908,31.405697642158756,0.178441463875902,1067.682718672235,0,3.0,3.0,4.0,15.0,2.5,1.005,2.2971,1378.75196911,1377.2675312,1.484437909999997,0.033176
80,96,176,0.0909090909090909,1.4545454545454546,31.405697642158756,0.178441463875902,1095.2774064481926,2,3.0,2.0,4.0,14.0,1.75,0.6765,1.6697,1370.31692236,1369.748864,0.5680583600001228,0.0111232
81,95,176,0.0795454545454545,1.1136363636363635,31.405697642158756,0.178441463875902,1123.2257307186571,0,3.0,1.0,4.0,13.0,0.9285714285714286,0.4803,1.1115,1356.85676999,1356.5971408,0.2596291899999414,0.0830544
70,107,177,0.2090395480225988,7.734463276836158,31.52454624917325,0.1781047810687755,833.6635304634397,1,3.0,12.0,4.0,19.0,7.354838709677419,-4.5521,13.2435,1425.20898719,1424.8454157,0.3635714899999129,0.0002301
71,106,177,0.1977401129943503,6.92090395480226,31.52454624917325,0.1781047810687755,858.0307316550861,1,3.0,11.0,4.0,20.0,7.096774193548387,-3.8945,12.6031,1425.89592453,1425.4605615,0.4353630299999622,0.0012213
72,105,177,0.1864406779661017,6.152542372881356,31.52454624917325,0.1781047810687755,882.7506337398918,1,3.0,10.0,4.0,21.0,6.774193548387097,-3.1714,11.5422,1425.68961187,1425.1750605,0.5145513699999356,0.001416
73,104,177,0.1751412429378531,5.429378531073446,31.52454624917325,0.1781047810687755,907.8232692829648,1,3.0,9.0,4.0,22.0,6.387096774193548,-2.3485,10.2924,1424.01007289,1423.2267153,0.7833575899999232,0.0033099
74,103,177,0.1638418079096045,4.751412429378531,31.52454624917325,0.1781047810687755,933.2486701041428,1,3.0,8.0,4.0,21.0,5.793103448275862,-1.489,8.9408,1421.40362652,1420.4313543,0.9722722199999224,0.0279483
75,102,177,0.1525423728813559,4.11864406779661,31.52454624917325,0.1781047810687755,959.0268673049128,1,3.0,7.0,4.0,20.0,5.185185185185185,-0.9534,7.4108,1417.35739443,1416.2164533,1.1409411300001011,0.0279483
76,101,177,0.1412429378531073,3.531073446327684,31.52454624917325,0.1781047810687755,985.157891294015,1,3.0,6.0,4.0,19.0,4.56,-0.7027,5.7749,1412.35102379,1411.1213667,1.229657090000046,0.0146202
77,100,177,0.1299435028248587,2.9887005649717517,31.52454624917325,0.1781047810687755,1011.641771811803,1,3.0,5.0,4.0,18.0,3.9130434782608696,0.2588,4.1685,1405.93791224,1404.4300056,1.507906640000101,0.0197532
78,99,177,0.1186440677966101,2.4915254237288136,31.52454624917325,0.1781047810687755,1038.4785379534471,1,3.0,4.0,4.0,17.0,3.238095238095238,0.7048,3.0939,1398.53179582,1396.9706592,1.5611366200000705,0.0149919
79,98,177,0.1073446327683615,2.0395480225988702,31.52454624917325,0.1781047810687755,1065.6682181910403,1,3.0,3.0,4.0,16.0,2.526315789473684,1.1027,2.2522,1389.75164741,1388.3636271,1.3880203100000017,0.0099651
80,97,177,0.096045197740113,1.6327683615819208,31.52454624917325,0.1781047810687755,1093.2108403946786,1,3.0,2.0,4.0,15.0,1.7647058823529411,0.7563,1.6995,1379.94593421,1378.8113619,1.1345723099998395,0.0847299
81,96,177,0.0847457627118644,1.271186440677966,31.52454624917325,0.1781047810687755,1121.10643185257,1,3.0,1.0,4.0,14.0,0.9333333333333332,0.8187,1.0426,1368.79861929,1368.5932935,0.2053257899999607,0.0216294
70,108,178,0.2134831460674157,8.112359550561798,31.6431712450704,0.1777706249723056,832.0994301094948,2,3.0,12.0,4.0,18.0,7.2,-4.8446,13.0062,1432.27300195,1431.6074708,0.6655311499998788,0.006586
71,107,178,0.2022471910112359,7.280898876404494,31.6431712450704,0.1777706249723056,856.4209141183502,0,3.0,11.0,4.0,19.0,6.966666666666667,-4.0949,12.4845,1431.60260942,1431.4858612,0.116748219999863,0.0022606
72,106,178,0.1910112359550561,6.49438202247191,31.6431712450704,0.1777706249723056,881.0944372910559,2,3.0,10.0,4.0,20.0,6.666666666666667,-3.5063,11.6946,1433.59321026,1432.8009964,0.7922138599999471,0.001424
74,104,178,0.1685393258426966,5.056179775280899,31.6431712450704,0.1777706249723056,931.4977304001868,2,3.0,8.0,4.0,22.0,5.866666666666666,-1.9773,9.3641,1430.16755015,1429.2079952,0.9595549499999834,0.0152012
75,103,178,0.1573033707865168,4.404494382022472,31.6431712450704,0.1777706249723056,957.2275631398858,0,3.0,7.0,4.0,21.0,5.25,-1.2944,7.8992,1424.75930665,1423.6720528,1.0872538500000246,0.027946
76,102,178,0.146067415730337,3.797752808988764,31.6431712450704,0.1777706249723056,983.309560702406,2,3.0,6.0,4.0,20.0,4.615384615384615,-1.0099,6.3547,1421.9960216,1420.7804784,1.2155431999999564,0.0136348
77,101,178,0.1348314606741573,3.235955056179775,31.6431712450704,0.1777706249723056,1009.7437527723032,0,3.0,5.0,4.0,19.0,3.9583333333333335,0.116,4.6216,1414.21806194,1412.708214,1.5098479400000997,0.0188146
78,100,178,0.1235955056179775,2.7191011235955056,31.6431712450704,0.1777706249723056,1036.5301683901605,2,3.0,4.0,4.0,18.0,3.272727272727273,0.5925,3.1351,1409.07862463,1407.669034,1.4095906299999117,0.0101282
79,99,178,0.1123595505617977,2.247191011235955,31.6431712450704,0.1777706249723056,1063.6688359746518,0,3.0,3.0,4.0,17.0,2.55,1.1253,2.1007,1398.93044015,1397.1922388,1.738201350000054,0.0102528
80,98,178,0.1011235955056179,1.820224719101124,31.6431712450704,0.1777706249723056,1091.159783343584,2,3.0,2.0,4.0,16.0,1.7777777777777777,0.6935,1.6531,1391.41535923,1390.4222046,0.9931546299999354,0.0107512
82,96,178,0.0786516853932584,1.101123595505618,31.6431712450704,0.1777706249723056,1147.19862582118,2,4.0,0.0,4.0,14.0,0.0,0.1061,0.8226,1369.0062254,1368.9687902,0.0374351999998907,0.0231756
71,108,179,0.2067039106145251,7.648044692737431,31.7615743032901,0.1774389625882129,854.8231101942899,1,3.0,11.0,4.0,18.0,6.827586206896552,-4.3601,12.264,1438.71486938,1438.2783176,0.4365517799999452,0.0051552
72,107,179,0.1955307262569832,6.843575418994414,31.7615743032901,0.1774389625882129,879.4506005675908,1,3.0,10.0,4.0,19.0,6.551724137931035,-3.7078,11.5984,1439.34924458,1438.8999846,0.4492599800000789,0.0014141
73,106,179,0.1843575418994413,6.083798882681564,31.7615743032901,0.1774389625882129,904.4295057571,1,3.0,9.0,4.0,20.0,6.206896551724138,-2.8595,10.7299,1438.50816185,1438.0120551,0.4961067500000808,0.0014678
74,105,179,0.1731843575418994,5.368715083798882,31.7615743032901,0.1774389625882129,929.7598574637012,1,3.0,8.0,4.0,21.0,5.793103448275862,-2.266,9.6367,1436.76304244,1436.1674959,0.5955465399999866,0.0145706
75,104,179,0.1620111731843575,4.698324022346369,31.7615743032901,0.1774389625882129,955.441686672614,1,3.0,7.0,4.0,22.0,5.310344827586207,-1.758,8.3156,1433.57558489,1432.6742214,0.9013634899999944,0.0246304
76,103,179,0.1508379888268156,4.072625698324022,31.7615743032901,0.1774389625882129,981.4750236788984,1,3.0,6.0,4.0,21.0,4.666666666666667,-1.3092,6.8254,1429.45118766,1428.3277076,1.12348006000002,0.0155014
77,102,179,0.1396648044692737,3.4916201117318435,31.7615743032901,0.1774389625882129,1007.8598981117292,1,3.0,5.0,4.0,20.0,4.0,-0.1982,5.1628,1423.91716157,1422.6069392,1.3102223700000195,0.0097734
78,101,179,0.1284916201117318,2.9553072625698324,31.7615743032901,0.1774389625882129,1034.5963389575086,1,3.0,4.0,4.0,19.0,3.3043478260869565,0.5381,3.5438,1417.41367287,1416.0109861,1.4026867699999457,0.0079834
79,100,179,0.1173184357541899,2.463687150837989,31.7615743032901,0.1774389625882129,1061.684374581891,1,3.0,3.0,4.0,18.0,2.571428571428572,0.9645,2.0833,1409.53291299,1407.9490946,1.583818390000033,0.0116887
80,99,179,0.106145251396648,2.016759776536313,31.7615743032901,0.1774389625882129,1089.1240327507835,1,3.0,2.0,4.0,17.0,1.7894736842105263,0.6748,1.4559,1400.65049022,1399.1110949,1.5393953200000396,0.0281209
81,98,179,0.0949720670391061,1.6145251396648044,31.7615743032901,0.1774389625882129,1116.9153406503815,1,3.0,1.0,4.0,16.0,0.9411764705882352,1.4892,0.6249,1390.42285849,1389.6654618,0.7573966899999505,0.0386461
82,97,179,0.0837988826815642,1.2569832402234635,31.7615743032901,0.1774389625882129,1145.058324906296,1,4.0,0.0,4.0,15.0,0.0,0.4676,0.6674,1379.16163131,1378.561877,0.5997543099999803,0.0812302
71,109,180,0.2111111111111111,8.022222222222222,31.879757075478327,0.1771097615304352,853.2371638610606,0,3.0,11.0,4.0,17.0,6.678571428571429,-4.2565,11.7933,1444.10707845,1443.967092,0.1399864499999239,0.070722
72,108,180,0.2,7.2,31.879757075478327,0.1771097615304352,877.8189630526557,2,3.0,10.0,4.0,18.0,6.428571428571429,-4.0208,11.4015,1446.91955095,1446.287742,0.6318089500000497,0.001422
73,107,180,0.1888888888888888,6.422222222222223,31.879757075478327,0.1771097615304352,902.7515250834214,0,3.0,9.0,4.0,19.0,6.107142857142857,-3.0801,10.6464,1444.72178337,1444.659552,0.0622313699998358,0.00207
74,106,180,0.1777777777777777,5.688888888888889,31.879757075478327,0.1771097615304352,928.0348815954268,2,3.0,8.0,4.0,20.0,5.714285714285714,-2.6585,9.8351,1445.17716589,1444.579812,0.5973538900000221,0.00144
75,105,180,0.1666666666666666,5.0,31.879757075478327,0.1771097615304352,953.6690635164048,0,3.0,7.0,4.0,21.0,5.25,-2.0218,8.603,1440.63063969,1439.998596,0.6320436900000459,0.021384
76,104,180,0.1555555555555555,4.355555555555555,31.879757075478327,0.1771097615304352,979.65410108521,2,3.0,6.0,4.0,22.0,4.714285714285714,-1.7418,7.225,1438.7294629,1437.735078,0.9943849000001136,0.015714
77,103,180,0.1444444444444444,3.755555555555556,31.879757075478327,0.1771097615304352,1005.9900238760456,0,3.0,5.0,4.0,21.0,4.038461538461538,-0.4772,5.5801,1431.83366356,1430.574066,1.259597560000202,0.021708
78,102,180,0.1333333333333333,3.2,31.879757075478327,0.1771097615304352,1032.676860821536,2,3.0,4.0,4.0,20.0,3.333333333333333,0.2572,4.0385,1427.576442,1426.244058,1.3323840000000473,0.010044
79,101,180,0.1222222222222222,2.688888888888889,31.879757075478327,0.1771097615304352,1059.7146402347084,0,3.0,3.0,4.0,19.0,2.590909090909091,0.9159,2.4497,1418.33086873,1416.657492,1.673376729999973,0.004752
80,100,180,0.1111111111111111,2.2222222222222223,31.879757075478327,0.1771097615304352,1087.103389829957,2,3.0,2.0,4.0,18.0,1.8,0.4365,1.4102,1411.71810318,1410.499998,1.218105180000066,0.012636
81,99,180,0.1,1.8,31.879757075478327,0.1771097615304352,1114.8431367430385,0,3.0,1.0,4.0,17.0,0.9444444444444444,1.2258,0.3479,1400.12226667,1398.85758,1.2646866699999464,0.069912
82,98,180,0.0888888888888888,1.4222222222222225,31.879757075478327,0.1771097615304352,1142.9339075501646,2,4.0,0.0,4.0,16.0,0.0,0.6281,0.4788,1391.15444645,1390.625874,0.528572449999956,0.012402
71,110,181,0.2154696132596685,8.403314917127071,31.997721191890317,0.1767829900104437,851.6629219754707,1,3.0,11.0,4.0,16.0,6.518518518518518,-4.3538,11.2251,1450.90039995,1450.1593481,0.7410518500000762,0.1257588
72,109,181,0.2044198895027624,7.56353591160221,31.997721191890317,0.1767829900104437,876.1993671909971,1,3.0,10.0,4.0,17.0,6.296296296296297,-3.9875,10.9421,1452.35938734,1451.982543,0.3768443399999341,0.0014299
73,108,181,0.1933701657458563,6.767955801104972,31.997721191890317,0.1767829900104437,901.0859280803144,1,3.0,9.0,4.0,18.0,6.0,-3.4617,10.4539,1452.34079031,1452.236305,0.1044853100002001,0.0015747
74,107,181,0.1823204419889502,6.016574585635359,31.997721191890317,0.1767829900104437,926.322636227111,1,3.0,8.0,4.0,19.0,5.62962962962963,-2.7413,9.7614,1451.44051153,1451.2488414,0.1916701300001477,0.001448
75,106,181,0.1712707182320442,5.30939226519337,31.997721191890317,0.1767829900104437,951.9095225020576,1,3.0,7.0,4.0,20.0,5.185185185185185,-2.4612,8.8235,1449.0954611,1448.7499554,0.345505699999876,0.0125433
76,105,181,0.1602209944751381,4.6464088397790055,31.997721191890317,0.1767829900104437,977.8466170882174,1,3.0,6.0,4.0,21.0,4.666666666666667,-2.0233,7.5284,1445.83613982,1445.0001603,0.8359795199999098,0.02534
77,104,181,0.149171270718232,4.027624309392265,31.997721191890317,0.1767829900104437,1004.1339495052288,1,3.0,5.0,4.0,22.0,4.074074074074074,-0.83,5.9395,1441.16443537,1440.1308802,1.0335551699999996,0.005249
78,103,181,0.1381215469613259,3.453038674033149,31.997721191890317,0.1767829900104437,1030.7715486323336,1,3.0,4.0,4.0,21.0,3.36,0.0624,4.4066,1435.54626531,1434.2670051,1.279260210000075,0.0136836
79,102,181,0.1270718232044199,2.922651933701657,31.997721191890317,0.1767829900104437,1057.7594427303227,1,3.0,3.0,4.0,20.0,2.608695652173913,0.751,2.9054,1428.54773422,1426.9742979,1.573436319999928,0.0199824
80,101,181,0.1160220994475138,2.43646408839779,31.997721191890317,0.1767829900104437,1085.097659462455,1,3.0,2.0,4.0,19.0,1.809523809523809,0.4047,1.793,1420.57088064,1418.9819352,1.5889454400000886,0.015385
81,100,181,0.1049723756906077,1.9944751381215469,31.997721191890317,0.1767829900104437,1112.7862259144224,1,3.0,1.0,4.0,18.0,0.9473684210526316,1.6993,0.226,1411.245377,1410.3372123,0.908164700000043,0.0091043
82,99,181,0.0939226519337016,1.5966850828729282,31.997721191890317,0.1767829900104437,1140.8251686134022,1,4.0,0.0,4.0,17.0,0.0,0.8406,0.198,1400.90997795,1399.8667424,1.043235549999963,0.0850338
72,110,182,0.2087912087912088,7.934065934065934,32.11546826178415,0.1764586168229899,874.5916583183051,2,3.0,10.0,4.0,16.0,6.153846153846154,-4.1365,10.3824,1459.60601277,1458.7005342,0.905478570000014,0.0061698
73,109,182,0.1978021978021978,7.12087912087912,32.11546826178415,0.1764586168229899,899.4325556905613,0,3.0,9.0,4.0,17.0,5.884615384615385,-3.4489,9.9977,1458.23351871,1458.2992424,-0.0657236899999134,0.0015834
74,108,182,0.1868131868131868,6.351648351648351,32.11546826178415,0.1764586168229899,924.6229578468216,2,3.0,8.0,4.0,18.0,5.538461538461538,-3.0767,9.5817,1459.51493883,1459.3323472,0.1825916299999335,0.0007462
75,107,182,0.1758241758241758,5.626373626373627,32.11546826178415,0.1764586168229899,950.1628956011128,0,3.0,7.0,4.0,19.0,5.115384615384615,-2.6461,8.7614,1455.81371728,1455.7500048,0.0637124800000492,0.1019746
76,106,182,0.1648351648351648,4.945054945054945,32.11546826178415,0.1764586168229899,976.0523990811164,2,3.0,6.0,4.0,20.0,4.615384615384615,-2.5146,7.7648,1454.75830223,1454.1306234,0.6276788299999225,0.021749
77,105,182,0.1538461538461538,4.307692307692308,32.11546826178415,0.1764586168229899,1002.2914977523058,0,3.0,5.0,4.0,21.0,4.038461538461538,-1.1307,6.2491,1448.72784557,1447.7908536,0.9369919700000082,0.0209664
78,104,182,0.1428571428571428,3.7142857142857135,32.11546826178415,0.1764586168229899,1028.8802204409342,2,3.0,4.0,4.0,22.0,3.3846153846153846,-0.2351,4.7307,1445.33610297,1444.1252462,1.210856769999964,0.0130858
79,103,182,0.1318681318681318,3.1648351648351647,32.11546826178415,0.1764586168229899,1055.8185953559366,0,3.0,3.0,4.0,21.0,2.625,0.5768,3.3341,1436.97591777,1435.4784444,1.4974733700000795,0.0187642
80,102,182,0.1208791208791208,2.659340659340659,32.11546826178415,0.1764586168229899,1083.1066501098146,2,3.0,2.0,4.0,20.0,1.818181818181818,0.2442,2.276,1431.24834105,1429.9690132,1.279327849999845,0.0097916
81,101,182,0.1098901098901098,2.197802197802198,32.11546826178415,0.1764586168229899,1110.74441173856,0,3.0,1.0,4.0,19.0,0.95,1.3759,0.6375,1420.55794586,1418.9369922,1.620953659999941,0.0119756
82,100,182,0.0989010989010989,1.78021978021978,32.11546826178415,0.1764586168229899,1138.731906720678,2,4.0,0.0,4.0,18.0,0.0,0.7724,0.0889,1412.49501646,1411.6519872,0.8430292600000939,0.0120848
71,112,183,0.2240437158469945,9.185792349726777,32.232999873805014,0.1761366113322678,848.5489529577196,1,3.0,11.0,4.0,14.0,6.16,-4.5609,9.8834,1462.47077037,1461.2206875,1.250082870000142,0.0801174
72,111,183,0.2131147540983606,8.311475409836065,32.232999873805014,0.1761366113322678,872.9956845926317,1,3.0,10.0,4.0,15.0,6.0,-4.0952,9.7562,1464.73877283,1464.0057645,0.7330083300000751,0.0300486
73,110,183,0.2021857923497267,7.48087431693989,32.232999873805014,0.1761366113322678,897.7912517594701,1,3.0,9.0,4.0,16.0,5.76,-3.5074,9.4569,1465.52716254,1465.23342,0.2937425400000393,0.0015921
74,109,183,0.1912568306010929,6.693989071038251,32.232999873805014,0.1761366113322678,922.9356859264428,1,3.0,8.0,4.0,17.0,5.44,-3.146,9.1326,1465.45572912,1465.5231822,-0.0674530800001775,0.0007503
75,108,183,0.180327868852459,5.950819672131147,32.232999873805014,0.1761366113322678,948.4290178513468,1,3.0,7.0,4.0,18.0,5.04,-2.9865,8.5896,1463.93720175,1464.1848483,-0.2476465500001268,0.0080337
76,107,183,0.1693989071038251,5.251366120218579,32.232999873805014,0.1761366113322678,974.2712776068852,1,3.0,6.0,4.0,19.0,4.56,-2.6567,7.7157,1461.52656264,1461.2565921,0.2699705400000312,0.049776
77,106,183,0.1584699453551912,4.595628415300546,32.232999873805014,0.1761366113322678,1000.4624946047632,1,3.0,5.0,4.0,20.0,4.0,-1.6102,6.4948,1457.70091106,1457.0126208,0.6882902600000307,0.0246684
78,105,183,0.1475409836065573,3.9836065573770494,32.232999873805014,0.1761366113322678,1027.0026976186307,1,3.0,4.0,4.0,21.0,3.36,-0.5132,5.0471,1452.95126689,1451.8013298,1.1499370899998669,0.0142191
79,104,183,0.1366120218579235,3.4153005464480874,32.232999873805014,0.1761366113322678,1053.8919148059465,1,3.0,3.0,4.0,22.0,2.64,0.231,3.7205,1446.81831157,1445.4372852,1.3810263700001997,0.0094245
80,103,183,0.1256830601092896,2.890710382513661,32.232999873805014,0.1761366113322678,1081.130173728824,1,3.0,2.0,4.0,21.0,1.826086956521739,0.0299,2.7167,1439.72983495,1438.2680955,1.4617394499998682,0.0070821
81,102,183,0.1147540983606557,2.4098360655737703,32.232999873805014,0.1761366113322678,1108.7175013739195,1,3.0,1.0,4.0,20.0,0.9523809523809524,1.2093,1.1096,1431.28942262,1430.2683603,1.0210623200000557,0.009333
82,101,183,0.1038251366120218,1.9726775956284155,32.232999873805014,0.1761366113322678,1136.6539241714197,1,4.0,0.0,4.0,19.0,0.0,0.9903,0.2761,1421.86225946,1420.478757,1.3835024599998178,0.0289872
72,112,184,0.217391304347826,8.695652173913043,32.35031759636025,0.1758169434584796,871.4112969278005,2,3.0,10.0,4.0,14.0,5.833333333333333,-4.333,9.092,1471.67094866,1470.2929952,1.3779534600000716,0.0397072
73,111,184,0.2065217391304347,7.8478260869565215,32.35031759636025,0.1758169434584796,896.1618629663918,0,3.0,9.0,4.0,15.0,5.625,-3.7147,8.8507,1471.10819414,1470.850644,0.2575501399999211,0.0260176
74,110,184,0.1956521739130435,7.043478260869565,32.35031759636025,0.1758169434584796,921.2606628512754,2,3.0,8.0,4.0,16.0,5.333333333333333,-3.3267,8.6167,1473.20016477,1472.9342968,0.2658679699998174,0.000736
75,109,184,0.1847826086956521,6.282608695652174,32.35031759636025,0.1758169434584796,946.7077272844264,0,3.0,7.0,4.0,17.0,4.958333333333333,-3.0351,8.1556,1470.32832166,1470.6663128,-0.3379911399999855,0.0042688
76,108,184,0.1739130434782608,5.565217391304348,32.35031759636025,0.1758169434584796,972.5030862839697,2,3.0,6.0,4.0,18.0,4.5,-2.9733,7.5446,1470.10280202,1469.9167152,0.1860868199999004,0.000828
77,107,184,0.1630434782608695,4.891304347826087,32.35031759636025,0.1758169434584796,998.646769208231,0,3.0,5.0,4.0,19.0,3.9583333333333335,-1.7662,6.437,1464.92136921,1464.4926528,0.428716409999879,0.0279496
78,106,184,0.1521739130434782,4.260869565217392,32.35031759636025,0.1758169434584796,1025.13880477864,2,3.0,4.0,4.0,20.0,3.333333333333333,-1.0183,5.3,1462.37886043,1461.4319416,0.9469188299999588,0.0147384
79,105,184,0.1413043478260869,3.6739130434782608,32.35031759636025,0.1758169434584796,1051.9792211015522,0,3.0,3.0,4.0,21.0,2.625,-0.0406,3.9435,1454.88735138,1453.6358248,1.251526580000018,0.0222824
80,104,184,0.1304347826086956,3.130434782608696,32.35031759636025,0.1758169434584796,1079.1680456890597,2,3.0,2.0,4.0,22.0,1.8333333333333333,-0.2819,3.1025,1450.02833997,1448.8795536,1.1487863699999252,0.0095312
81,103,184,0.1195652173913043,2.630434782608696,32.35031759636025,0.1758169434584796,1106.7053054788405,0,3.0,1.0,4.0,21.0,0.9545454545454546,0.9869,1.4958,1440.22628062,1438.6357768,1.5905038199998671,0.0100096
82,102,184,0.108695652173913,2.1739130434782608,32.35031759636025,0.1758169434584796,1134.5910268531136,2,4.0,0.0,4.0,20.0,0.0,0.8457,0.6653,1433.05124066,1432.0216576,1.02958306000005,0.0128064
72,113,185,0.2216216216216216,9.086486486486486,32.46742297798574,0.1754995836647878,869.8383489287412,1,3.0,10.0,4.0,13.0,5.652173913043479,-4.1249,8.2542,1476.50539623,1475.1846535,1.32074273000012,0.064269
73,112,185,0.2108108108108108,8.221621621621622,32.46742297798574,0.1754995836647878,894.5442387582182,1,3.0,9.0,4.0,14.0,5.478260869565218,-3.8758,8.2069,1478.08572668,1477.4768775,0.6088491800001066,0.0141525
74,111,185,0.2,7.4,32.46742297798574,0.1754995836647878,919.5977338516713,1,3.0,8.0,4.0,15.0,5.217391304347826,-3.46,8.0035,1478.82761474,1478.6880355,0.1395792399998754,0.00074
75,110,185,0.1891891891891892,6.621621621621622,32.46742297798574,0.1754995836647878,944.9988648556558,1,3.0,7.0,4.0,16.0,4.869565217391305,-3.1775,7.6512,1478.12019056,1478.3368685,-0.2166779399999541,0.000814
76,109,185,0.1783783783783784,5.886486486486486,32.46742297798574,0.1754995836647878,970.7476617341132,1,3.0,6.0,4.0,17.0,4.434782608695652,-3.0586,7.1232,1476.54232328,1476.5413695,0.0009537799999179,0.0008325
77,108,185,0.1675675675675675,5.194594594594594,32.46742297798574,0.1754995836647878,996.8441537923748,1,3.0,5.0,4.0,18.0,3.9130434782608696,-2.0569,6.2577,1473.54693125,1473.288681,0.2582502499999464,0.0279535
78,107,185,0.1567567567567567,4.545945945945946,32.46742297798574,0.1754995836647878,1023.2883697000271,1,3.0,4.0,4.0,19.0,3.3043478260869565,-1.1646,5.2489,1469.64951576,1468.8589115,0.7906042600000092,0.025826
79,106,185,0.1459459459459459,3.9405405405405407,32.46742297798574,0.1754995836647878,1050.0803375126918,1,3.0,3.0,4.0,20.0,2.608695652173913,-0.4687,4.1201,1464.36596985,1463.246585,1.1193848499999604,0.0026085
80,105,185,0.1351351351351351,3.3783783783783785,32.46742297798574,0.1754995836647878,1077.2200846928,1,3.0,2.0,4.0,21.0,1.826086956521739,-0.5096,3.3159,1458.14918568,1456.7897335,1.359452180000062,0.0136345
81,104,185,0.1243243243243243,2.85945945945946,32.46742297798574,0.1754995836647878,1104.7076381294055,1,3.0,1.0,4.0,22.0,0.9565217391304348,0.628,1.8403,1450.57732571,1449.581486,0.9958397099999274,0.020683
82,103,185,0.1135135135135135,2.383783783783784,32.46742297798574,0.1754995836647878,1132.5430241571064,1,4.0,0.0,4.0,21.0,0.0,0.8112,0.9741,1442.04132612,1440.582605,1.4587211199998364,0.016169
72,114,186,0.2258064516129032,9.483870967741936,32.584317547703584,0.175184502944643,868.2766968286794,2,3.0,10.0,4.0,12.0,5.454545454545454,-4.093,7.4614,1483.13199301,1481.3603952,1.771597810000003,0.0512244
73,113,186,0.2150537634408602,8.602150537634408,32.584317547703584,0.175184502944643,892.9382312847889,0,3.0,9.0,4.0,13.0,5.318181818181818,-3.8201,7.4208,1483.36389923,1482.7614402,0.6024590300000909,0.0600036
74,112,186,0.2043010752688172,7.763440860215054,32.584317547703584,0.175184502944643,917.9467469366308,2,3.0,8.0,4.0,14.0,5.090909090909091,-3.658,7.3748,1486.25138353,1485.8800836,0.3712999300000774,0.001209
75,111,186,0.1935483870967742,6.967741935483871,32.584317547703584,0.175184502944643,943.3022743757404,0,3.0,7.0,4.0,15.0,4.7727272727272725,-3.2281,7.0305,1484.19345967,1484.5164618,-0.3230021299998498,0.0008184
76,110,186,0.1827956989247312,6.21505376344086,32.584317547703584,0.175184502944643,969.0048435122628,2,3.0,6.0,4.0,16.0,4.363636363636363,-3.1805,6.6323,1484.78243041,1484.8068264,-0.02439599000013,0.0007626
77,109,186,0.1720430107526881,5.505376344086022,32.584317547703584,0.175184502944643,995.0544835989172,0,3.0,5.0,4.0,17.0,3.863636363636364,-1.9196,5.8718,1480.43418145,1480.1967978,0.2373836500000834,0.0165168
78,108,186,0.1612903225806451,4.838709677419355,32.584317547703584,0.175184502944643,1021.451223253818,2,3.0,4.0,4.0,18.0,3.272727272727273,-1.4506,5.0824,1478.72513365,1478.1065484,0.6185852500000237,0.0217434
79,107,186,0.1505376344086021,4.21505376344086,32.584317547703584,0.175184502944643,1048.195090482218,0,3.0,3.0,4.0,19.0,2.590909090909091,-0.6432,4.0585,1472.08607956,1471.1746074,0.9114721599999028,0.0209622
80,106,186,0.1397849462365591,3.6344086021505375,32.584317547703584,0.175184502944643,1075.2861126972434,2,3.0,2.0,4.0,20.0,1.818181818181818,-0.8537,3.4286,1468.07949325,1467.216453,0.86304025000004,0.0116436
81,105,186,0.1290322580645161,3.096774193548387,32.584317547703584,0.175184502944643,1102.724316739674,0,3.0,1.0,4.0,21.0,0.9545454545454546,0.4798,1.9937,1459.14916687,1457.7779946,1.3711722699999882,0.0207576
82,104,186,0.1182795698924731,2.6021505376344085,32.584317547703584,0.175184502944643,1130.5097288968277,2,4.0,0.0,4.0,22.0,0.0,0.6195,1.2242,1452.84550922,1451.793612,1.0518972200000007,0.0110112
83,103,186,0.1075268817204301,2.150537634408602,32.584317547703584,0.175184502944643,1158.6423749205967,0,4.0,1.0,4.0,21.0,0.9545454545454546,1.1123,1.7078,1441.62345425,1439.475855,2.1475992499999847,0.0169446
84,102,186,0.0967741935483871,1.7419354838709675,32.584317547703584,0.175184502944643,1187.1222800446862,2,4.0,2.0,4.0,20.0,1.818181818181818,0.9449,2.6017,1433.02318156,1431.4464768,1.5767047599999842,0.0182838
73,114,187,0.2192513368983957,8.989304812834225,32.70100281537152,0.1748716728094733,891.3436953361429,1,3.0,9.0,4.0,12.0,5.142857142857143,-3.2437,6.6868,1490.03421216,1489.1207001,0.9135120599999028,0.0558943
74,113,187,0.2085561497326203,8.133689839572192,32.70100281537152,0.1748716728094733,916.3075528292992,1,3.0,8.0,4.0,13.0,4.9523809523809526,-3.276,6.6517,1491.57435043,1491.3468416,0.2275088300000334,0.0012155
75,112,187,0.1978609625668449,7.320855614973262,32.70100281537152,0.1748716728094733,941.6178024444988,1,3.0,7.0,4.0,14.0,4.666666666666667,-3.0534,6.4135,1491.66305559,1491.8770053,-0.2139497099999516,0.0007293
76,111,187,0.1871657754010695,6.550802139037433,32.70100281537152,0.1748716728094733,967.274474038476,1,3.0,6.0,4.0,15.0,4.285714285714286,-3.1368,6.0692,1490.90251403,1491.0971218,-0.1946077699999477,0.0007293
77,110,187,0.1764705882352941,5.823529411764706,32.70100281537152,0.1748716728094733,993.2775968117126,1,3.0,5.0,4.0,16.0,3.809523809523809,-1.9685,5.4541,1488.72204504,1488.6451404,0.0769046400000661,0.0279378
78,109,187,0.1657754010695187,5.13903743315508,32.70100281537152,0.1748716728094733,1019.6271993312188,1,3.0,4.0,4.0,17.0,3.238095238095238,-1.3605,4.7566,1485.66103687,1484.9987713,0.662265570000045,0.0240669
79,108,187,0.1550802139037433,4.497326203208556,32.70100281537152,0.1748716728094733,1046.3233095522387,1,3.0,3.0,4.0,18.0,2.571428571428572,-0.9103,3.9133,1481.21120162,1480.5598401,0.6513615200001368,0.0224961
80,107,187,0.1443850267379679,3.8983957219251337,32.70100281537152,0.1748716728094733,1073.365954838946,1,3.0,2.0,4.0,19.0,1.809523809523809,-0.97,3.3428,1475.84991286,1474.8672235,0.9826893599999948,0.0128656
81,106,187,0.1336898395721925,3.342245989304813,32.70100281537152,0.1748716728094733,1100.7551619841906,1,3.0,1.0,4.0,20.0,0.9523809523809524,0.0542,2.0472,1469.13054466,1468.410955,0.7195896599998832,0.008041
82,105,187,0.1229946524064171,2.828877005347594,32.70100281537152,0.1748716728094733,1128.4909572283482,1,4.0,0.0,4.0,21.0,0.0,0.5478,1.333,1461.4691355,1460.170987,1.2981485000000248,0.0050864
83,104,187,0.1122994652406417,2.358288770053476,32.70100281537152,0.1748716728094733,1156.5733662773252,1,4.0,1.0,4.0,22.0,0.9565217391304348,0.9268,2.0061,1452.48009195,1450.7849521,1.6951398500000323,0.0100045
84,103,187,0.1016042780748663,1.93048128342246,32.70100281537152,0.1748716728094733,1185.0024143197677,1,4.0,2.0,4.0,21.0,1.826086956521739,1.0869,2.9424,1442.51869787,1440.7955243,1.723173570000199,0.0326315
74,114,188,0.2127659574468085,8.51063829787234,32.817480272024206,0.1745610652767245,914.680004904293,2,3.0,8.0,4.0,12.0,4.8,-3.6356,6.0426,1498.6864162,1498.1820016,0.5044146000000183,0.0030832
75,113,188,0.202127659574468,7.680851063829787,32.817480272024206,0.1745610652767245,939.9452983864612,0,3.0,7.0,4.0,13.0,4.55,-3.3008,5.769,1497.42740092,1497.7486428,-0.3212418799998886,0.0007332
76,112,188,0.1914893617021276,6.893617021276596,32.817480272024206,0.1745610652767245,965.556398531762,2,3.0,6.0,4.0,14.0,4.2,-3.1667,5.5089,1498.81590032,1499.0867328,-0.2708324799998536,0.0007332
77,111,188,0.1808510638297872,6.148936170212766,32.817480272024206,0.1745610652767245,991.5133344888118,0,3.0,5.0,4.0,15.0,3.75,-2.121,4.9672,1495.28545513,1495.5120256,-0.2265704700000697,0.0094188
78,110,188,0.1702127659574468,5.446808510638298,32.817480272024206,0.1745610652767245,1017.8161347738796,2,3.0,4.0,4.0,16.0,3.2,-1.595,4.4222,1494.39454938,1494.2057076,0.1888417799998478,0.0053016
79,109,188,0.1595744680851064,4.787234042553192,32.817480272024206,0.1745610652767245,1044.4648272925551,0,3.0,3.0,4.0,17.0,2.55,-0.9922,3.6483,1488.59220036,1487.9736956,0.6185047600001781,0.0027072
80,108,188,0.1489361702127659,4.170212765957447,32.817480272024206,0.1745610652767245,1071.459439360408,2,3.0,2.0,4.0,18.0,1.8,-1.1654,3.1643,1485.42236338,1485.018392,0.4039713800000299,0.0067868
81,107,188,0.1382978723404255,3.595744680851064,32.817480272024206,0.1745610652767245,1098.7999977226982,0,3.0,1.0,4.0,19.0,0.95,-0.1128,2.0623,1477.34764984,1476.3740956,0.9735542400001124,0.0299108
82,106,188,0.1276595744680851,3.0638297872340425,32.817480272024206,0.1745610652767245,1126.4865285731937,2,4.0,0.0,4.0,20.0,0.0,0.1774,1.4655,1471.89934232,1471.0663668,0.8329755199999909,0.0101332
83,105,188,0.1170212765957446,2.574468085106383,32.817480272024206,0.1745610652767245,1154.5190575721422,0,4.0,1.0,4.0,21.0,0.9545454545454546,0.7388,2.212,1461.55181488,1459.6677952,1.8840196799999376,0.011186
84,104,188,0.1063829787234042,2.127659574468085,32.817480272024206,0.1745610652767245,1182.8976098634491,2,4.0,2.0,4.0,22.0,1.8333333333333333,0.9074,3.2638,1453.8254862,1452.2350272,1.5904589999997825,0.0199656
75,114,189,0.2063492063492063,8.047619047619047,32.93375139020674,0.1742526528582367,938.2846141882866,1,3.0,7.0,4.0,12.0,4.421052631578948,-3.7251,5.1782,1504.5837063,1504.7821845,-0.1984782000001814,0.0081837
76,113,189,0.1957671957671957,7.243386243386244,32.93375139020674,0.1742526528582367,963.8504649457964,1,3.0,6.0,4.0,13.0,4.105263157894737,-3.4868,4.8804,1504.62549027,1505.0075481,-0.3820578299998942,0.0006615
77,112,189,0.1851851851851851,6.481481481481482,32.93375139020674,0.1742526528582367,989.761540496447,1,3.0,5.0,4.0,14.0,3.684210526315789,-2.4291,4.425,1503.24504696,1503.6880446,-0.4429976399999304,0.0125685
78,111,189,0.1746031746031746,5.761904761904762,32.93375139020674,0.1742526528582367,1016.0178693061254,1,3.0,4.0,4.0,15.0,3.1578947368421053,-1.7721,3.9583,1501.00508182,1500.9254505,0.0796313200000895,0.0100926
79,110,189,0.164021164021164,5.084656084656085,32.93375139020674,0.1742526528582367,1042.6194792311185,1,3.0,3.0,4.0,16.0,2.526315789473684,-1.2143,3.3859,1497.37370795,1497.2556564,0.1180515500000183,0.0200907
80,109,189,0.1534391534391534,4.449735449735449,32.93375139020674,0.1742526528582367,1069.5663975387342,1,3.0,2.0,4.0,17.0,1.7894736842105263,-1.3916,2.9139,1492.85218584,1492.5177288,0.3344570399999611,0.0315441
81,108,189,0.1428571428571428,3.857142857142857,32.93375139020674,0.1742526528582367,1096.8586509269803,1,3.0,1.0,4.0,18.0,0.9473684210526316,-0.4322,2.0173,1486.96970863,1486.7251056,0.2446030300000075,0.0083727
82,107,189,0.1322751322751322,3.306878306878307,32.93375139020674,0.1742526528582367,1124.4962655433458,1,4.0,0.0,4.0,19.0,0.0,-0.1437,1.5101,1480.16679622,1479.1706811,0.9961151200000132,0.0140616
83,106,189,0.1216931216931216,2.798941798941799,32.93375139020674,0.1742526528582367,1152.4792670027412,1,4.0,1.0,4.0,20.0,0.9523809523809524,0.4474,2.332,1472.03306677,1470.6089811,1.4240856700000677,0.0208467
84,105,189,0.1111111111111111,2.333333333333333,32.93375139020674,0.1742526528582367,1180.8076804046486,1,4.0,2.0,4.0,21.0,1.826086956521739,0.7384,3.4889,1462.94890646,1461.1839669,1.7649395599999025,0.0220563
74,116,190,0.2210526315789473,9.284210526315787,33.0498176243004,0.1739464085489495,911.4592739933968,2,3.0,8.0,4.0,10.0,4.444444444444445,-4.3659,5.2467,1510.52240016,1510.025589,0.4968111599998792,0.035397
75,115,190,0.2105263157894736,8.421052631578947,33.0498176243004,0.1739464085489495,936.6356044379404,0,3.0,7.0,4.0,11.0,4.277777777777778,-4.1741,4.8346,1510.0477138,1510.457421,-0.4097071999999571,0.004864
76,114,190,0.2,7.6,33.0498176243004,0.1739464085489495,962.1565239064386,2,3.0,6.0,4.0,12.0,4.0,-3.9697,4.2878,1512.22120633,1512.799893,-0.5786866700000246,0.000646
77,113,190,0.1894736842105263,6.821052631578947,33.0498176243004,0.1739464085489495,988.0220614448712,0,3.0,5.0,4.0,13.0,3.611111111111111,-2.7766,3.793,1509.49362671,1510.063323,-0.5696962900001381,0.001368
78,112,190,0.1789473684210526,6.08421052631579,33.0498176243004,0.1739464085489495,1014.2322454690968,2,3.0,4.0,4.0,14.0,3.111111111111111,-2.1105,3.4371,1509.40598046,1509.833879,-0.4278985400001147,0.000665
79,111,190,0.1684210526315789,5.389473684210526,33.0498176243004,0.1739464085489495,1040.7871037864454,0,3.0,3.0,4.0,15.0,2.5,-1.4392,2.9443,1504.42503941,1504.578555,-0.1535155900000973,0.003439
80,110,190,0.1578947368421052,4.7368421052631575,33.0498176243004,0.1739464085489495,1067.6866636163045,2,3.0,2.0,4.0,16.0,1.7777777777777777,-1.7393,2.6387,1502.07672255,1502.333306,-0.25658344999988,0.015903
81,109,190,0.1473684210526315,4.126315789473685,33.0498176243004,0.1739464085489495,1094.930951609759,0,3.0,1.0,4.0,17.0,0.9444444444444444,-0.6664,1.827,1494.84196552,1494.546555,0.2954105200001322,0.007258
82,108,190,0.1368421052631579,3.557894736842105,33.0498176243004,0.1739464085489495,1122.5199938683454,2,4.0,0.0,4.0,18.0,0.0,-0.57,1.4976,1490.23343262,1489.814586,0.4188466200000675,0.012521
83,107,190,0.1263157894736842,3.031578947368421,33.0498176243004,0.1739464085489495,1150.4538159619572,0,4.0,1.0,4.0,19.0,0.95,0.2886,2.3203,1480.74441669,1479.211541,1.5328756900000826,0.020976
84,106,190,0.1157894736842105,2.5473684210526315,33.0498176243004,0.1739464085489495,1178.7324429459643,2,4.0,2.0,4.0,20.0,1.818181818181818,0.4346,3.6113,1473.87611064,1472.395994,1.4801166400000056,0.013167
74,117,191,0.225130890052356,9.680628272251308,33.16568041084109,0.1736423058159219,909.8658104745068,1,3.0,8.0,4.0,9.0,4.235294117647059,-4.1796,4.4916,1515.26162768,1514.9042569,0.3573707799998828,0.0419245
75,116,191,0.2146596858638743,8.801047120418849,33.16568041084109,0.1736423058159219,934.9981262655735,1,3.0,7.0,4.0,10.0,4.117647058823529,-4.6359,4.4872,1516.89936836,1517.2961308,-0.3967624399999749,0.0102567
76,115,191,0.2041884816753926,7.963350785340314,33.16568041084109,0.1736423058159219,960.4744286510032,1,3.0,6.0,4.0,11.0,3.882352941176471,-4.4591,3.9773,1517.72890626,1518.5586217,-0.8297154399999727,0.0006685
77,114,191,0.193717277486911,7.167539267015707,33.16568041084109,0.1736423058159219,986.294746625995,1,3.0,5.0,4.0,12.0,3.5294117647058822,-3.2642,3.2048,1517.13401349,1518.0898504,-0.9558369100000164,0.0013179
78,113,191,0.1832460732984293,6.413612565445026,33.16568041084109,0.1736423058159219,1012.4591085567298,1,3.0,4.0,4.0,13.0,3.0588235294117645,-2.4369,2.7902,1515.70016638,1516.2970289,-0.5968625200000588,0.0041256
79,112,191,0.1727748691099476,5.701570680628272,33.16568041084109,0.1736423058159219,1038.9675422019232,1,3.0,3.0,4.0,14.0,2.4705882352941178,-1.9478,2.4863,1512.87243685,1513.6142429,-0.7418060499999228,0.0049278
80,111,191,0.1623036649214659,5.031413612565445,33.16568041084109,0.1736423058159219,1065.8200747333758,1,3.0,2.0,4.0,15.0,1.7647058823529411,-2.1189,2.3054,1509.17540262,1509.6258382,-0.4504355799999757,0.0222897
81,110,191,0.1518324607329843,4.403141361256544,33.16568041084109,0.1736423058159219,1093.0167327555807,1,3.0,1.0,4.0,16.0,0.9411764705882352,-0.8309,1.624,1504.11465781,1504.5345995,-0.4199416900000869,0.0073535
82,109,191,0.1413612565445026,3.816753926701571,33.16568041084109,0.1736423058159219,1120.5575423244416,1,4.0,0.0,4.0,17.0,0.0,-0.8351,1.3732,1498.15460923,1497.7605362,0.3940730300000723,0.0066086
83,108,191,0.1308900523560209,3.272251308900524,33.16568041084109,0.1736423058159219,1148.442528965149,1,4.0,1.0,4.0,18.0,0.9473684210526316,-0.0177,2.2587,1490.86069413,1489.9263083,0.9343858299998828,0.0074872
84,107,191,0.1204188481675392,2.769633507853403,33.16568041084109,0.1736423058159219,1176.6717176892696,1,4.0,2.0,4.0,19.0,1.809523809523809,0.4083,3.5212,1482.6377801,1480.9733361,1.6644440000000031,0.0071052
85,106,191,0.1099476439790576,2.3089005235602094,33.16568041084109,0.1736423058159219,1205.2451330110855,1,4.0,3.0,4.0,20.0,2.608695652173913,0.6705,4.6963,1473.1105622,1471.2583503,1.8522118999999293,0.0161013
75,117,192,0.21875,9.1875,33.28134116883046,0.1733403185876587,933.3720392860466,0,3.0,7.0,4.0,9.0,3.9375,-4.3942,3.819,1522.07129924,1522.6058688,-0.5345695600001363,0.0707904
76,116,192,0.2083333333333333,8.333333333333334,33.28134116883046,0.1733403185876587,958.8040349692149,2,3.0,6.0,4.0,10.0,3.75,-4.957,3.6823,1525.01565927,1526.116992,-1.1013327299999671,0.0023232
77,115,192,0.1979166666666666,7.520833333333333,33.28134116883046,0.1733403185876587,984.579447952756,0,3.0,5.0,4.0,11.0,3.4375,-3.7856,2.9092,1523.07643179,1524.2879808,-1.2115490099999988,0.0013056
78,114,192,0.1875,6.75,33.28134116883046,0.1733403185876587,1010.6983065535184,2,3.0,4.0,4.0,12.0,3.0,-2.911,2.193,1523.7775822,1524.9585216,-1.180939399999943,0.0025728
79,113,192,0.1770833333333333,6.020833333333333,33.28134116883046,0.1733403185876587,1037.160638481941,0,3.0,3.0,4.0,13.0,2.4375,-2.3613,2.0376,1519.60318732,1520.6598336,-1.0566462799999954,0.0158208
80,112,192,0.1666666666666666,5.333333333333333,33.28134116883046,0.1733403185876587,1063.9664708625696,2,3.0,2.0,4.0,14.0,1.75,-2.6339,1.9388,1518.06159085,1519.1167872,-1.0551963500001875,0.0155328
81,111,192,0.15625,4.6875,33.28134116883046,0.1733403185876587,1091.1158302536285,0,3.0,1.0,4.0,15.0,0.9375,-1.3022,1.4121,1511.65157974,1512.1952064,-0.5436266599999726,0.03168
82,110,192,0.1458333333333333,4.083333333333333,33.28134116883046,0.1733403185876587,1118.608742665706,2,4.0,0.0,4.0,16.0,0.0,-1.3461,1.2985,1507.8676852,1508.0924544,-0.2247691999998551,0.0057216
83,109,192,0.1354166666666666,3.520833333333333,33.28134116883046,0.1733403185876587,1146.445233579602,0,4.0,1.0,4.0,17.0,0.9444444444444444,-0.1124,2.0424,1499.22162108,1498.2928128,0.9288082799998848,0.0301056
84,108,192,0.125,3.0,33.28134116883046,0.1733403185876587,1174.6253279633845,2,4.0,2.0,4.0,18.0,1.8,0.1888,3.3909,1493.19586528,1492.0424064,1.1534588800000165,0.0106368
85,107,192,0.1145833333333333,2.520833333333333,33.28134116883046,0.1733403185876587,1203.149050288701,0,4.0,3.0,4.0,19.0,2.590909090909091,0.7519,4.5627,1482.31332161,1480.2678336,2.045488010000099,0.0278784
75,118,193,0.2227979274611398,9.580310880829016,33.39680130004011,0.1730404212437311,931.7572055430446,1,3.0,7.0,4.0,8.0,3.733333333333333,-4.52,3.2115,1528.62661646,1529.3199954,-0.6933789400000023,0.0391211
76,117,193,0.2124352331606217,8.709844559585493,33.39680130004011,0.1730404212437311,957.1452011458028,1,3.0,6.0,4.0,9.0,3.6,-4.8391,3.1584,1530.22974877,1531.7004188,-1.4706700300000648,0.002316
77,116,193,0.2020725388601036,7.880829015544041,33.39680130004011,0.1730404212437311,982.8760199001688,1,3.0,5.0,4.0,10.0,3.333333333333333,-4.2142,2.6738,1530.40633759,1532.0599778,-1.653640210000049,0.0013317
78,115,193,0.1917098445595854,7.093264248704664,33.39680130004011,0.1730404212437311,1008.9496900739994,1,3.0,4.0,4.0,11.0,2.933333333333333,-3.4109,1.9562,1529.76410585,1531.2209875,-1.456881650000014,0.001351
79,114,193,0.1813471502590673,6.347150259067358,33.39680130004011,0.1730404212437311,1035.3662393297925,1,3.0,3.0,4.0,12.0,2.4,-2.8638,1.6154,1527.72561942,1529.3638064,-1.6381869800000004,0.0086657
80,113,193,0.1709844559585492,5.642487046632124,33.39680130004011,0.1730404212437311,1062.1256947451643,1,3.0,2.0,4.0,13.0,1.7333333333333334,-3.062,1.5009,1524.83822693,1526.238789,-1.400562069999978,0.0154979
81,112,193,0.160621761658031,4.979274611398964,33.39680130004011,0.1730404212437311,1089.2280828323912,1,3.0,1.0,4.0,14.0,0.9333333333333332,-1.9125,1.1093,1520.58448131,1521.8714885,-1.2870071899999402,0.0067164
82,111,193,0.1502590673575129,4.357512953367876,33.39680130004011,0.1730404212437311,1116.6734295570602,1,4.0,0.0,4.0,15.0,0.0,-1.8203,1.0623,1515.4521066,1515.8411842,-0.3890776000000642,0.0102869
83,110,193,0.1398963730569948,3.77720207253886,33.39680130004011,0.1730404212437311,1144.461760355887,1,4.0,1.0,4.0,16.0,0.9411764705882352,-0.5225,1.8853,1508.98294102,1508.7141574,0.268783620000022,0.0075849
84,109,193,0.1295336787564766,3.238341968911917,33.39680130004011,0.1730404212437311,1172.5931001537415,1,4.0,2.0,4.0,17.0,1.7894736842105263,0.0733,3.0936,1501.6057391,1500.372543,1.2331960999999865,0.0145329
85,108,193,0.1191709844559585,2.7409326424870466,33.39680130004011,0.1730404212437311,1201.0674733799335,1,4.0,3.0,4.0,18.0,2.571428571428572,0.587,4.3627,1492.92101495,1491.3322107,1.5888042500000663,0.0216353
86,107,193,0.1088082901554404,2.284974093264249,33.39680130004011,0.1730404212437311,1229.884903983791,1,4.0,4.0,4.0,19.0,3.3043478260869565,-0.292,5.5879,1483.29911832,1481.439629,1.859489319999966,0.0251093
76,118,194,0.2164948453608247,9.09278350515464,33.51206218930888,0.172742588604685,955.4977879046728,2,3.0,6.0,4.0,8.0,3.4285714285714284,-4.9989,2.7074,1537.21591892,1538.8125008,-1.5965818800000309,0.0024056
77,117,194,0.2061855670103092,8.24742268041237,33.51206218930888,0.172742588604685,981.1843194479964,0,3.0,5.0,4.0,9.0,3.2142857142857144,-4.4036,2.3291,1536.05093862,1538.126769,-2.0758303800000704,0.0013386
78,116,194,0.1958762886597938,7.443298969072165,33.51206218930888,0.172742588604685,1007.2131123039052,2,3.0,4.0,4.0,10.0,2.857142857142857,-3.5241,1.8151,1537.52682669,1539.572748,-2.04592131000004,0.0005044
79,115,194,0.1855670103092783,6.680412371134021,33.51206218930888,0.172742588604685,1033.584194087285,0,3.0,3.0,4.0,11.0,2.357142857142857,-3.3222,1.5157,1534.14453469,1536.2422336,-2.097698909999963,0.0021146
80,114,194,0.1752577319587628,5.958762886597938,33.51206218930888,0.172742588604685,1060.297591829146,2,3.0,2.0,4.0,12.0,1.7142857142857142,-3.4862,1.1033,1533.39527214,1535.4318956,-2.0366234599998734,0.0028906
81,113,194,0.1649484536082474,5.278350515463917,33.51206218930888,0.172742588604685,1087.353331996133,0,3.0,1.0,4.0,13.0,0.9285714285714286,-2.2424,0.5978,1527.79522504,1529.4030934,-1.607868359999884,0.013968
82,112,194,0.1546391752577319,4.639175257731959,33.51206218930888,0.172742588604685,1114.7514405091415,2,4.0,0.0,4.0,14.0,0.0,-2.3966,0.7396,1524.82125527,1525.8911114,-1.069856130000062,0.0174406
83,111,194,0.1443298969072164,4.041237113402062,33.51206218930888,0.172742588604685,1142.4919427611055,0,4.0,1.0,4.0,15.0,0.9375,-0.9231,1.63,1517.00302203,1516.923927,0.0790950299999622,0.0052574
84,110,194,0.134020618556701,3.484536082474227,33.51206218930888,0.172742588604685,1170.5748636339963,2,4.0,2.0,4.0,16.0,1.7777777777777777,-0.1258,2.797,1511.80477607,1511.1231718,0.6816042699999798,0.0129204
85,109,194,0.1237113402061855,2.9690721649484537,33.51206218930888,0.172742588604685,1199.0002275150762,0,4.0,3.0,4.0,17.0,2.55,0.4961,4.0293,1501.76793627,1500.0526976,1.7152386699999624,0.0234934
86,108,194,0.1134020618556701,2.4948453608247423,33.51206218930888,0.172742588604685,1227.7680583124516,2,4.0,4.0,4.0,18.0,3.272727272727273,-0.5296,5.3552,1494.34583454,1492.8292434,1.516591139999946,0.0166646
76,119,195,0.2205128205128205,9.482051282051282,33.62712520483358,0.1724467959222235,953.8616583546108,1,3.0,6.0,4.0,7.0,3.230769230769231,-4.7323,2.2506,1542.1443688,1543.9602555,-1.8158866999999643,0.055887
77,118,195,0.2102564102564102,8.62051282051282,33.62712520483358,0.1724467959222235,979.5042060249956,1,3.0,5.0,4.0,8.0,3.076923076923077,-4.7856,2.0693,1543.07876117,1545.35862,-2.2798588299999665,0.001326
78,117,195,0.2,7.8,33.62712520483358,0.1724467959222235,1005.4884289429276,1,3.0,4.0,4.0,9.0,2.769230769230769,-4.1016,1.6801,1543.21404834,1545.677835,-2.463786659999869,0.000507
79,116,195,0.1897435897435897,7.02051282051282,33.62712520483358,0.1724467959222235,1031.814354676006,1,3.0,3.0,4.0,10.0,2.3076923076923075,-3.8785,1.4597,1541.95080392,1544.668671,-2.7178670799999054,0.0011115
80,115,195,0.1794871794871795,6.282051282051282,33.62712520483358,0.1724467959222235,1058.4820102089568,1,3.0,2.0,4.0,11.0,1.6923076923076923,-3.942,1.0536,1539.85862314,1542.33261,-2.473986859999968,0.0231465
81,114,195,0.1692307692307692,5.584615384615384,33.62712520483358,0.1724467959222235,1085.4914219631034,1,3.0,1.0,4.0,12.0,0.9230769230769232,-2.6637,0.1693,1536.39755287,1538.6922135,-2.294660629999953,0.0111345
82,113,195,0.1589743589743589,4.9282051282051285,33.62712520483358,0.1724467959222235,1112.842615814957,1,4.0,0.0,4.0,13.0,0.0,-2.7594,0.3054,1532.07808809,1533.4926165,-1.4145284100000026,0.0050895
83,112,195,0.1487179487179487,4.312820512820513,33.62712520483358,0.1724467959222235,1140.5356171139704,1,4.0,1.0,4.0,14.0,0.9333333333333332,-1.4725,1.2753,1526.4190258,1526.9977905,-0.5787646999999652,0.0052845
84,111,195,0.1384615384615384,3.7384615384615385,33.62712520483358,0.1724467959222235,1168.570450699508,1,4.0,2.0,4.0,15.0,1.7647058823529411,-0.4538,2.4857,1519.87243776,1519.3065225,0.5659152599998833,0.006045
85,110,195,0.1282051282051282,3.2051282051282053,33.62712520483358,0.1724467959222235,1196.9471409170733,1,4.0,3.0,4.0,16.0,2.526315789473684,0.3032,3.6462,1512.01523909,1510.877823,1.137416089999988,0.0095745
86,109,195,0.1179487179487179,2.712820512820513,33.62712520483358,0.1724467959222235,1225.6657116338347,1,4.0,4.0,4.0,17.0,3.238095238095238,0.7332,4.9436,1503.24166642,1501.5748995,1.6667669200001,0.0516945
76,120,196,0.2244897959183673,9.877551020408164,33.74199169845321,0.1721530188696593,952.2366779364658,2,3.0,6.0,4.0,6.0,3.0,-5.0786,2.0804,1548.83802475,1550.7970996,-1.959074849999979,0.0400624
77,119,196,0.2142857142857142,9.0,33.74199169845321,0.1721530188696593,977.8355414546776,0,3.0,5.0,4.0,7.0,2.9166666666666665,-4.7394,1.781,1548.43357965,1551.1731452,-2.739565549999952,0.038416
78,118,196,0.2040816326530612,8.16326530612245,33.74199169845321,0.1721530188696593,1003.7754981490408,2,3.0,4.0,4.0,8.0,2.6666666666666665,-4.8736,1.5444,1550.67053509,1553.5998212,-2.929286110000021,0.0005096
79,117,196,0.1938775510204081,7.36734693877551,33.74199169845321,0.1721530188696593,1030.0565755401913,0,3.0,3.0,4.0,9.0,2.25,-4.5125,1.3247,1548.06630535,1551.3116388,-3.245333450000089,0.0029596
80,116,196,0.1836734693877551,6.612244897959184,33.74199169845321,0.1721530188696593,1056.6788005668843,2,3.0,2.0,4.0,10.0,1.6666666666666667,-4.5259,1.042,1548.09538803,1551.21652,-3.121131969999851,0.00294
81,115,196,0.173469387755102,5.8979591836734695,33.74199169845321,0.1721530188696593,1083.6421996054323,0,3.0,1.0,4.0,11.0,0.9166666666666666,-3.2843,0.1707,1543.29093537,1546.10484,-2.813904630000025,0.0121128
82,114,196,0.1632653061224489,5.224489795918367,33.74199169845321,0.1721530188696593,1110.9467984882642,2,4.0,0.0,4.0,12.0,0.0,-3.3453,0.0115,1541.11258356,1543.1741304,-2.061546839999892,0.0077028
83,113,196,0.1530612244897959,4.591836734693878,33.74199169845321,0.1721530188696593,1138.5926225216476,0,4.0,1.0,4.0,13.0,0.9285714285714286,-1.7684,0.7396,1534.10748237,1535.0525764,-0.9450940299998364,0.0244216
84,112,196,0.1428571428571428,4.0,33.74199169845321,0.1721530188696593,1166.579696502631,2,4.0,2.0,4.0,14.0,1.75,-0.944,2.1062,1529.7221217,1529.729922,-0.007800300000099,0.00539
85,111,196,0.1326530612244898,3.4489795918367347,33.74199169845321,0.1721530188696593,1194.9080447352435,0,4.0,3.0,4.0,15.0,2.5,0.0807,3.2604,1520.51595731,1519.3920196,1.1239377100000638,0.0302428
86,110,196,0.1224489795918367,2.938775510204082,33.74199169845321,0.1721530188696593,1223.5776910459936,2,4.0,4.0,4.0,16.0,3.2,0.5162,4.5253,1513.92400243,1512.721336,1.2026664299999084,0.0140532
77,120,197,0.2182741116751269,9.385786802030458,33.856663005926926,0.171861233532624,976.178189902542,1,3.0,5.0,4.0,6.0,2.727272727272727,-5.4734,1.7972,1555.1674057,1558.0730591,-2.905653399999892,0.0201137
78,119,197,0.2081218274111675,8.532994923857869,33.856663005926926,0.171861233532624,1002.074180484336,1,3.0,4.0,4.0,7.0,2.5454545454545454,-5.3408,1.6217,1556.06650619,1559.4463658,-3.3798596100000395,0.0005319
79,118,197,0.1979695431472081,7.720812182741117,33.856663005926926,0.171861233532624,1028.3107135911366,1,3.0,3.0,4.0,8.0,2.1818181818181817,-5.2378,1.2474,1555.56488794,1559.3839956,-3.819107659999872,0.0005516
80,117,197,0.1878172588832487,6.949238578680203,33.856663005926926,0.171861233532624,1054.88781611604,1,3.0,2.0,4.0,9.0,1.6363636363636365,-5.1851,0.9247,1554.25388919,1558.0021194,-3.7482302099999742,0.0032111
81,116,197,0.1776649746192893,6.218274111675127,33.856663005926926,0.171861233532624,1081.8055143906531,1,3.0,1.0,4.0,10.0,0.9090909090909092,-3.8776,0.2087,1551.57156458,1555.0337825,-3.46221791999983,0.0135733
82,115,197,0.1675126903553299,5.527918781725888,33.856663005926926,0.171861233532624,1109.063834203621,1,4.0,0.0,4.0,11.0,0.0,-3.9344,0.0486,1548.05065567,1550.6425934,-2.591937729999927,0.0048068
83,114,197,0.1573604060913705,4.878172588832487,33.856663005926926,0.171861233532624,1136.662800818318,1,4.0,1.0,4.0,12.0,0.9230769230769232,-2.2255,0.3171,1543.18745343,1544.8020556,-1.6146021699998985,0.0083331
84,113,197,0.1472081218274111,4.269035532994923,33.856663005926926,0.171861233532624,1164.6024389897657,1,4.0,2.0,4.0,13.0,1.7333333333333334,-1.1648,1.4908,1537.45680051,1537.7255792,-0.2687786900000901,0.0098697
85,112,197,0.1370558375634517,3.700507614213198,33.856663005926926,0.171861233532624,1192.882772980798,1,4.0,3.0,4.0,14.0,2.4705882352941178,-0.3586,2.8514,1530.41257085,1529.9054278,0.5071430499999678,0.0079785
86,111,197,0.1269035532994923,3.172588832487309,33.856663005926926,0.171861233532624,1221.5038265775406,1,4.0,4.0,4.0,15.0,3.1578947368421053,0.4022,4.0442,1522.47231831,1521.257443,1.214875310000025,0.0161934
87,110,197,0.116751269035533,2.685279187817259,33.856663005926926,0.171861233532624,1250.465623104218,1,4.0,5.0,4.0,16.0,3.809523809523809,0.6785,5.3789,1513.24693195,1511.731508,1.515423950000013,0.0564405
78,120,198,0.2121212121212121,8.909090909090908,33.97114044720589,0.1715714164000298,1000.3843388623188,2,3.0,4.0,4.0,6.0,2.4,-6.1154,1.7078,1563.2249081,1567.0019376,-3.777029500000026,0.0020988
79,119,198,0.202020202020202,8.080808080808081,33.97114044720589,0.1715714164000298,1026.5766281531176,0,3.0,3.0,4.0,7.0,2.1,-5.9241,1.4407,1561.3850875,1565.896365,-4.511277500000006,0.0005346
80,118,198,0.1919191919191919,7.292929292929293,33.97114044720589,0.1715714164000298,1053.1089125448789,2,3.0,2.0,4.0,8.0,1.6,-5.6823,0.8654,1562.17890973,1566.4875336,-4.30862387000002,0.0004554
81,117,198,0.1818181818181818,6.545454545454546,33.97114044720589,0.1715714164000298,1079.9812183248057,0,3.0,1.0,4.0,9.0,0.9,-4.6139,0.1978,1558.15607879,1562.2796178,-4.123539010000059,0.0075438
82,116,198,0.1717171717171717,5.838383838383838,33.97114044720589,0.1715714164000298,1107.1935712380528,2,4.0,0.0,4.0,10.0,0.0,-4.6461,0.0894,1556.7594299,1560.035961,-3.2765311000000565,0.0087516
83,115,198,0.1616161616161616,5.171717171717172,33.97114044720589,0.1715714164000298,1134.7459965053945,0,4.0,1.0,4.0,11.0,0.9166666666666666,-2.7884,0.3051,1550.55316812,1552.5600354,-2.0068672800000518,0.0275616
84,114,198,0.1515151515151515,4.545454545454546,33.97114044720589,0.1715714164000298,1162.6385188401046,2,4.0,2.0,4.0,12.0,1.7142857142857142,-1.5473,0.9285,1546.9664686,1547.8770978,-0.910629199999903,0.017424
85,113,198,0.1414141414141414,3.95959595959596,33.97114044720589,0.1715714164000298,1190.8711624641032,0,4.0,3.0,4.0,13.0,2.4375,-0.5674,2.1859,1538.57636674,1538.3302308,0.246135939999931,0.0049104
86,112,198,0.1313131313131313,3.414141414141414,33.97114044720589,0.1715714164000298,1219.4439511234034,2,4.0,4.0,4.0,14.0,3.111111111111111,0.0168,3.5864,1532.80002584,1532.069451,0.7305748399999175,0.0134244
87,111,198,0.1212121212121212,2.909090909090909,33.97114044720589,0.1715714164000298,1248.3569081028973,0,4.0,5.0,4.0,15.0,3.75,0.6288,4.8274,1522.22568435,1520.4790854,1.7465989499999068,0.0311256
77,122,199,0.2261306532663316,10.175879396984923,34.08542532669918,0.1712835443552723,972.8968939180908,1,3.0,5.0,4.0,4.0,2.2222222222222223,-5.902,1.0619,1566.68780117,1570.3501134,-3.6623122299999977,0.0410537
78,121,199,0.2160804020100502,9.29145728643216,34.08542532669918,0.1712835443552723,998.7058384966156,1,3.0,4.0,4.0,5.0,2.2222222222222223,-6.2534,1.3845,1568.33738564,1572.5579189,-4.220533259999911,0.0021691
79,120,199,0.2060301507537688,8.447236180904522,34.08542532669918,0.1712835443552723,1024.854180910754,1,3.0,3.0,4.0,6.0,2.0,-6.7311,1.564,1568.58414869,1573.4806421,-4.896493410000176,0.0005373
80,119,199,0.1959798994974874,7.64321608040201,34.08542532669918,0.1712835443552723,1051.3419479632043,1,3.0,2.0,4.0,7.0,1.5555555555555556,-6.5235,1.0979,1568.0406877,1573.1506006,-5.109912899999927,0.0005373
81,118,199,0.185929648241206,6.879396984924624,34.08542532669918,0.1712835443552723,1078.1691658970633,1,3.0,1.0,4.0,8.0,0.8888888888888888,-5.475,0.2042,1566.12355863,1570.8815827,-4.758024070000147,0.0279396
82,117,199,0.1758793969849246,6.155778894472362,34.08542532669918,0.1712835443552723,1105.33586041429,1,4.0,0.0,4.0,9.0,0.0,-5.3232,0.0485,1563.38724607,1567.2715834,-3.884337330000108,0.0068257
83,116,199,0.1658291457286432,5.472361809045226,34.08542532669918,0.1712835443552723,1132.8420566933414,1,4.0,1.0,4.0,10.0,0.9090909090909092,-3.349,0.3634,1559.30604876,1562.0551168,-2.749068039999884,0.0106067
84,115,199,0.1557788944723618,4.8291457286432165,34.08542532669918,0.1712835443552723,1160.6877794060258,1,4.0,2.0,4.0,11.0,1.6923076923076923,-2.0181,0.8958,1554.37705592,1555.7139818,-1.3369258800000807,0.0054327
85,114,199,0.1457286432160804,4.226130653266332,34.08542532669918,0.1712835443552723,1188.8730527336224,1,4.0,3.0,4.0,12.0,2.4,-0.8376,1.5466,1548.13163546,1548.5161717,-0.3845362399999885,0.0053929
86,113,199,0.135678391959799,3.663316582914573,34.08542532669918,0.1712835443552723,1217.3979003823024,1,4.0,4.0,4.0,13.0,3.0588235294117645,-0.1516,2.8842,1541.01011214,1540.4703032,0.5398089400000572,0.0073033
87,112,199,0.1256281407035175,3.14070351758794,34.08542532669918,0.1712835443552723,1246.2623455978887,1,4.0,5.0,4.0,14.0,3.684210526315789,0.3493,4.2882,1532.60033384,1531.3567201,1.2436137400000007,0.013731
78,122,200,0.22,9.68,34.19951893353393,0.1709975946676697,997.0385468510584,2,3.0,4.0,4.0,4.0,2.0,-6.6817,1.0905,1575.20555477,1579.83972,-4.634165230000008,0.02012
79,121,200,0.21,8.82,34.19951893353393,0.1709975946676697,1023.143235857785,0,3.0,3.0,4.0,5.0,1.875,-6.968,1.2916,1574.11686328,1579.6983,-5.581436720000056,0.02672
80,120,200,0.2,8.0,34.19951893353393,0.1709975946676697,1049.586782849619,2,3.0,2.0,4.0,6.0,1.5,-7.4317,1.249,1575.66218833,1581.17912,-5.516931670000076,0.00054
81,119,200,0.19,7.22,34.19951893353393,0.1709975946676697,1076.3692140258458,0,3.0,1.0,4.0,7.0,0.875,-6.2774,0.3993,1572.40738843,1577.94074,-5.5333515699999225,0.00576
82,118,200,0.18,6.48,34.19951893353393,0.1709975946676697,1103.4905550455162,2,4.0,0.0,4.0,8.0,0.0,-6.0886,0.0192,1571.77890475,1576.36202,-4.583115249999992,0.01
83,117,200,0.17,5.78,34.19951893353393,0.1709975946676697,1130.9508310450524,0,4.0,1.0,4.0,9.0,0.9,-4.0612,0.3551,1566.35758077,1569.69938,-3.341799230000106,0.0227
84,116,200,0.16,5.12,34.19951893353393,0.1709975946676697,1158.7500666550748,2,4.0,2.0,4.0,10.0,1.6666666666666667,-2.6743,0.9343,1563.55570402,1565.48814,-1.9324359800000368,0.00758
85,115,200,0.15,4.5,34.19951893353393,0.1709975946676697,1186.888286016493,0,4.0,3.0,4.0,11.0,2.357142857142857,-1.3112,1.4712,1555.96745185,1556.75202,-0.7845681499998136,0.02446
86,114,200,0.14,3.92,34.19951893353393,0.1709975946676697,1215.365512795902,2,4.0,4.0,4.0,12.0,3.0,-0.4342,2.1956,1550.99258615,1550.98222,0.0103661499999816,0.0058
87,113,200,0.13,3.38,34.19951893353393,0.1709975946676697,1244.1817702003164,0,4.0,5.0,4.0,13.0,3.611111111111111,0.217,3.5273,1541.23701164,1540.06584,1.1711716400000114,0.03052
78,123,201,0.2238805970149253,10.07462686567164,34.3134225418098,0.1707135449841283,995.3823335910884,1,3.0,4.0,4.0,3.0,1.7142857142857142,-7.2814,0.8044,1580.04201473,1585.0525737,-5.010558970000147,0.0501093
79,122,201,0.2139303482587064,9.199004975124378,34.3134225418098,0.1707135449841283,1021.4436592472036,1,3.0,3.0,4.0,4.0,1.7142857142857142,-7.4883,1.03,1581.02427168,1586.9302152,-5.905943519999937,0.003216
80,121,201,0.2039800995024875,8.36318407960199,34.3134225418098,0.1707135449841283,1047.8432800003714,1,3.0,2.0,4.0,5.0,1.4285714285714286,-7.7814,1.0411,1581.23507526,1587.4097007,-6.17462544,0.0007236
81,120,201,0.1940298507462686,7.567164179104478,34.3134225418098,0.1707135449841283,1074.5812220063565,1,3.0,1.0,4.0,6.0,0.8571428571428571,-7.151,0.5378,1580.06995729,1586.1456117,-6.07565440999997,0.0141906
82,119,201,0.1840796019900497,6.810945273631841,34.3134225418098,0.1707135449841283,1101.6575108815866,1,4.0,0.0,4.0,7.0,0.0,-6.7695,0.1238,1578.10466149,1583.4535182,-5.348856710000064,0.0137484
83,118,201,0.1741293532338308,6.09452736318408,34.3134225418098,0.1707135449841283,1129.0721717207296,1,4.0,1.0,4.0,8.0,0.8888888888888888,-4.8969,0.358,1574.79198792,1578.8291313,-4.037143379999861,0.0121806
84,117,201,0.1641791044776119,5.417910447761194,34.3134225418098,0.1707135449841283,1156.8252291134906,1,4.0,2.0,4.0,9.0,1.6363636363636365,-3.2948,0.925,1570.65076886,1573.1389419,-2.4881730399999924,0.0049446
85,116,201,0.154228855721393,4.781094527363184,34.3134225418098,0.1707135449841283,1184.9167071606787,1,4.0,3.0,4.0,10.0,2.3076923076923075,-1.9025,1.4913,1565.19037994,1566.6248736,-1.4344936600000435,0.0081807
86,115,201,0.1442786069651741,4.1840796019900495,34.3134225418098,0.1707135449841283,1213.346629489574,1,4.0,4.0,4.0,11.0,2.933333333333333,-0.7965,2.0519,1558.87339253,1559.1604974,-0.2871048699998937,0.0101304
87,114,201,0.1343283582089552,3.626865671641791,34.3134225418098,0.1707135449841283,1242.115019268643,1,4.0,5.0,4.0,12.0,3.5294117647058822,-0.0088,2.7834,1551.26514846,1550.6821767,0.5829717600001914,0.0090852
88,113,201,0.1243781094527363,3.109452736318408,34.3134225418098,0.1707135449841283,1271.2218992216283,1,4.0,6.0,4.0,13.0,4.105263157894737,0.4139,4.1569,1542.77252738,1541.5515708,1.2209565799998927,0.020301
78,124,202,0.2277227722772277,10.475247524752476,34.42713741084797,0.1704313733210296,993.737070536451,2,3.0,4.0,4.0,2.0,1.3333333333333333,-8.0526,0.5352,1586.62751964,1592.0753018,-5.447782160000088,0.025149
79,123,202,0.2178217821782178,9.584158415841584,34.42713741084797,0.1704313733210296,1019.7553195427104,0,3.0,3.0,4.0,3.0,1.5,-8.0949,0.7692,1586.27703654,1592.95382,-6.676783460000024,0.0232906
80,122,202,0.2079207920792079,8.732673267326733,34.42713741084797,0.1704313733210296,1046.1113044795532,2,3.0,2.0,4.0,4.0,1.3333333333333333,-8.3082,0.8282,1588.56098321,1595.163801,-6.602817790000017,0.000707
81,121,202,0.198019801980198,7.920792079207921,34.42713741084797,0.1704313733210296,1072.8050514595116,0,3.0,1.0,4.0,5.0,0.8333333333333334,-7.7026,0.4554,1586.06099162,1593.0165612,-6.955569579999974,0.0018382
82,120,202,0.1881188118811881,7.148514851485149,34.42713741084797,0.1704313733210296,1099.8365860566726,2,4.0,0.0,4.0,6.0,0.0,-7.6642,0.2764,1586.18749907,1592.194401,-6.006901929999913,0.0037976
83,119,202,0.1782178217821782,6.415841584158416,34.42713741084797,0.1704313733210296,1127.205933324224,0,4.0,1.0,4.0,7.0,0.875,-5.6804,0.5326,1581.5375879,1586.2223114,-4.684723500000018,0.0139986
84,118,202,0.1683168316831683,5.7227722772277225,34.42713741084797,0.1704313733210296,1154.9131178112275,2,4.0,2.0,4.0,8.0,1.6,-4.1586,0.9669,1579.50706721,1582.6306706,-3.123603389999971,0.0086658
85,117,202,0.1584158415841584,5.069306930693069,34.42713741084797,0.1704313733210296,1182.9581635786556,0,4.0,3.0,4.0,9.0,2.25,-2.5365,1.4368,1572.70683716,1574.5018674,-1.79503023999996,0.0275932
86,116,202,0.1485148514851485,4.455445544554456,34.42713741084797,0.1704313733210296,1211.3410942147357,2,4.0,4.0,4.0,10.0,2.857142857142857,-1.3322,2.032,1568.51968764,1569.3989636,-0.879275959999859,0.0175134
87,115,202,0.1386138613861386,3.881188118811881,34.42713741084797,0.1704313733210296,1240.0619328496389,0,4.0,5.0,4.0,11.0,3.4375,-0.2971,2.5735,1559.5687497,1559.240525,0.3282246999999643,0.0060398
88,114,202,0.1287128712871287,3.3465346534653464,34.42713741084797,0.1704313733210296,1269.1207021695473,2,4.0,6.0,4.0,12.0,4.0,0.215,3.36,1553.22536035,1552.4848168,0.740543549999984,0.0150086
79,124,203,0.2216748768472906,9.975369458128078,34.540664785434856,0.1701510580563294,1018.0780873714446,1,3.0,3.0,4.0,2.0,1.2,-8.8821,0.5061,1592.90037773,1599.815595,-6.915217270000085,0.0030856
80,123,203,0.2118226600985221,9.108374384236454,34.540664785434856,0.1701510580563294,1044.3907235706104,1,3.0,2.0,4.0,3.0,1.2,-8.9459,0.6025,1593.85253018,1601.1590084,-7.306478219999917,0.001624
81,122,203,0.2019704433497537,8.280788177339902,34.540664785434856,0.1701510580563294,1071.0405662822134,1,3.0,1.0,4.0,4.0,0.8,-8.44,0.3503,1593.42659134,1600.868759,-7.4421676599999955,0.0011774
82,121,203,0.1921182266009852,7.492610837438423,34.540664785434856,0.1701510580563294,1098.027641038277,1,4.0,0.0,4.0,5.0,0.0,-8.3657,0.2734,1592.21909864,1599.111591,-6.892492360000006,0.0065569
83,120,203,0.1822660098522167,6.74384236453202,34.540664785434856,0.1701510580563294,1125.351972850783,1,4.0,1.0,4.0,6.0,0.8571428571428571,-6.5568,0.6726,1589.66182803,1595.0676686,-5.405840570000009,0.0127687
84,119,203,0.1724137931034483,6.0344827586206895,34.540664785434856,0.1701510580563294,1153.0135862284174,1,4.0,2.0,4.0,7.0,1.5555555555555556,-4.9722,1.1757,1586.29487088,1590.0712296,-3.776358719999962,0.0046487
85,118,203,0.1625615763546798,5.364532019704433,34.540664785434856,0.1701510580563294,1181.0125051925777,1,4.0,3.0,4.0,8.0,2.1818181818181817,-3.335,1.4631,1581.60610418,1584.1406861,-2.534581919999937,0.0106169
86,117,203,0.1527093596059113,4.733990147783251,34.540664785434856,0.1701510580563294,1209.3487532926952,1,4.0,4.0,4.0,9.0,2.769230769230769,-1.9813,1.9624,1576.07984233,1577.3797711,-1.299928769999951,0.0058058
87,116,203,0.1428571428571428,4.142857142857143,34.540664785434856,0.1701510580563294,1238.0223536208975,1,4.0,5.0,4.0,10.0,3.333333333333333,-0.7685,2.49,1569.25943491,1569.5369676,-0.2775326900000436,0.0062321
88,115,203,0.1330049261083744,3.5911330049261085,34.540664785434856,0.1701510580563294,1267.033328826055,1,4.0,6.0,4.0,11.0,3.882352941176471,-0.0173,3.0885,1561.57400815,1561.0297045,0.5443036500000744,0.0096831
80,124,204,0.2156862745098039,9.490196078431373,34.65400589606056,0.1698725779218655,1042.681406729122,2,3.0,2.0,4.0,2.0,1.0,-9.7458,0.3729,1600.89048899,1608.651282,-7.760793010000043,0.00051
81,123,204,0.2058823529411764,8.647058823529411,34.65400589606056,0.1698725779218655,1069.2876325989223,0,3.0,1.0,4.0,3.0,0.75,-9.2062,0.2085,1599.13243751,1607.5248552,-8.392417690000002,0.0011628
82,122,204,0.196078431372549,7.84313725490196,34.65400589606056,0.1698725779218655,1096.2305385775906,2,4.0,0.0,4.0,4.0,0.0,-9.0681,0.1653,1600.0011125,1607.5062504,-7.505137899999909,0.0011424
83,121,204,0.1862745098039215,7.078431372549019,34.65400589606056,0.1698725779218655,1123.5101496361729,0,4.0,1.0,4.0,5.0,0.8333333333333334,-7.1322,0.5975,1596.10945197,1602.2600028,-6.150550829999929,0.00918
84,120,204,0.1764705882352941,6.352941176470588,34.65400589606056,0.1698725779218655,1151.1264902432415,2,4.0,2.0,4.0,6.0,1.5,-5.8695,1.319,1594.83717896,1599.1727892,-4.335610239999824,0.0100776
85,119,204,0.1666666666666666,5.666666666666667,34.65400589606056,0.1698725779218655,1179.0795843808796,0,4.0,3.0,4.0,7.0,2.1,-4.1395,1.6677,1588.81151466,1591.9246488,-3.1131341400000565,0.0226644
86,118,204,0.1568627450980392,5.019607843137255,34.65400589606056,0.1698725779218655,1207.369455559976,2,4.0,4.0,4.0,8.0,2.6666666666666665,-2.7399,1.9658,1585.39868837,1587.2371572,-1.8384688300000107,0.007446
87,117,204,0.1470588235294117,4.411764705882353,34.65400589606056,0.1698725779218655,1235.9961268348643,0,4.0,5.0,4.0,9.0,3.2142857142857144,-1.4074,2.3684,1577.23863611,1577.8773924,-0.6387562899999466,0.024582
88,116,204,0.1372549019607843,3.843137254901961,34.65400589606056,0.1698725779218655,1264.959620817346,2,4.0,6.0,4.0,10.0,3.75,-0.4115,2.9385,1571.68564073,1571.6412552,0.0443855299999995,0.0089148
80,125,205,0.2195121951219512,9.878048780487806,34.76716195915227,0.1695959119958648,1040.98322553681,1,3.0,2.0,4.0,1.0,0.6666666666666666,-9.8931,0.0675,1605.90797866,1614.3201625,-8.412183839999898,0.003649
81,124,205,0.2097560975609756,9.019512195121951,34.76716195915227,0.1695959119958648,1067.5461187144963,1,3.0,1.0,4.0,2.0,0.6666666666666666,-10.0967,0.0957,1606.20872676,1615.070893,-8.862166240000079,0.00123
82,123,205,0.2,8.2,34.76716195915227,0.1695959119958648,1094.445143661141,1,4.0,0.0,4.0,3.0,0.0,-9.9463,0.088,1605.74617618,1614.2379165,-8.491740319999963,0.001148
83,122,205,0.1902439024390244,7.419512195121952,34.76716195915227,0.1695959119958648,1121.6803253071205,1,4.0,1.0,4.0,4.0,0.8,-7.8446,0.4839,1603.93153521,1610.750969,-6.819433789999948,0.0048175
84,121,205,0.1804878048780487,6.678048780487805,34.76716195915227,0.1695959119958648,1149.251688081155,1,4.0,2.0,4.0,5.0,1.4285714285714286,-6.3446,1.1637,1601.32568895,1606.424444,-5.098755049999909,0.0100655
85,120,205,0.1707317073170731,5.975609756097561,34.76716195915227,0.1695959119958648,1177.1592559262697,1,4.0,3.0,4.0,6.0,2.0,-5.0207,1.7931,1597.39549025,1601.105227,-3.7097367500000473,0.012054
86,119,205,0.1609756097560975,5.31219512195122,34.76716195915227,0.1695959119958648,1205.4030523150618,1,4.0,4.0,4.0,7.0,2.5454545454545454,-3.5125,2.1418,1592.64651262,1595.048133,-2.4016203799999403,0.005084
87,118,205,0.1512195121951219,4.68780487804878,34.76716195915227,0.1695959119958648,1233.983100264317,1,4.0,5.0,4.0,8.0,3.076923076923077,-2.1454,2.3513,1586.600607,1587.865835,-1.2652279999999791,0.007831
88,117,205,0.1414634146341463,4.102439024390244,34.76716195915227,0.1695959119958648,1262.8994223490097,1,4.0,6.0,4.0,9.0,3.6,-1.0889,2.7611,1579.70864265,1579.969809,-0.2611663499999395,0.0227755
89,116,205,0.1317073170731707,3.55609756097561,34.76716195915227,0.1695959119958648,1292.152040715717,1,4.0,7.0,4.0,10.0,4.117647058823529,0.0332,3.2493,1571.54689943,1570.8846395,0.662259929999891,0.059327
80,126,206,0.2233009708737864,10.271844660194176,34.880134177302764,0.1693210396956445,1039.2960536567414,2,3.0,2.0,5.0,0.0,0.0,-10.6345,0.0259,1612.66536099,1621.0494938,-8.384132809999983,0.0204352
81,125,206,0.2135922330097087,9.398058252427184,34.880134177302764,0.1693210396956445,1065.8158950682484,0,3.0,1.0,4.0,1.0,0.5,-10.6684,0.0057,1611.63672309,1621.5747114,-9.937988310000035,0.0012772
82,124,206,0.203883495145631,8.563106796116505,34.880134177302764,0.1693210396956445,1092.671323463692,2,4.0,0.0,4.0,2.0,0.0,-10.927,0.0221,1613.23508005,1622.324572,-9.08949194999991,0.0011536
83,123,206,0.1941747572815534,7.766990291262136,34.880134177302764,0.1693210396956445,1119.8623637330434,0,4.0,1.0,4.0,3.0,0.75,-8.6053,0.334,1610.0888577,1617.7849294,-7.696071699999948,0.0076426
84,122,206,0.1844660194174757,7.009708737864078,34.880134177302764,0.1693210396956445,1147.3890402654304,2,4.0,2.0,4.0,4.0,1.3333333333333333,-6.9552,0.9746,1609.56206949,1615.1630438,-5.600974309999856,0.004017
85,121,206,0.174757281553398,6.29126213592233,34.880134177302764,0.1693210396956445,1175.251376965072,0,4.0,3.0,4.0,5.0,1.875,-5.3806,1.5592,1604.29787228,1608.6314224,-4.333550119999927,0.0135342
86,120,206,0.1650485436893204,5.611650485436893,34.880134177302764,0.1693210396956445,1203.4493972665225,2,4.0,4.0,4.0,6.0,2.4,-4.3858,2.2377,1601.6463293,1604.5425902,-2.896260900000016,0.0085902
87,119,206,0.1553398058252427,4.970873786407767,34.880134177302764,0.1693210396956445,1231.9831241492627,0,4.0,5.0,4.0,7.0,2.9166666666666665,-2.8907,2.5006,1594.26377763,1595.8741926,-1.6104149699999653,0.02781
88,118,206,0.145631067961165,4.368932038834951,34.880134177302764,0.1693210396956445,1260.852580151679,2,4.0,6.0,4.0,8.0,3.4285714285714284,-1.7779,2.72,1589.48785949,1590.2793768,-0.7915173100000175,0.0180044
89,117,206,0.1359223300970873,3.805825242718447,34.880134177302764,0.1693210396956445,1290.0577873844547,0,4.0,7.0,4.0,9.0,3.9375,-0.2921,2.9938,1579.98658314,1579.5778828,0.4087003399999958,0.065096
80,127,207,0.2270531400966183,10.671497584541063,34.992923739494074,0.1690479407705028,1037.619766789688,1,3.0,2.0,5.0,1.0,0.6666666666666666,-9.4869,0.1285,1617.41581955,1624.6625184,-7.24669885000003,0.029808
81,126,207,0.217391304347826,9.782608695652174,34.992923739494074,0.1690479407705028,1064.0968341891912,1,3.0,1.0,5.0,0.0,0.0,-11.4772,0.0046,1618.43109015,1628.4271653,-9.996075150000024,0.0054441
82,125,207,0.2077294685990338,8.932367149758454,34.992923739494074,0.1690479407705028,1090.9089473023628,1,4.0,0.0,4.0,1.0,0.0,-11.6339,0.0024,1618.70096063,1629.0623448,-10.361384169999836,0.0011385
83,124,207,0.1980676328502415,8.120772946859903,34.992923739494074,0.1690479407705028,1118.0561309790282,1,4.0,1.0,4.0,2.0,0.6666666666666666,-9.4995,0.2112,1617.61651109,1625.8825971,-8.266086010000208,0.0024012
84,123,207,0.1884057971014492,7.3478260869565215,34.992923739494074,0.1690479407705028,1145.538409568979,1,4.0,2.0,4.0,3.0,1.2,-7.6142,0.7518,1615.75897251,1622.1913938,-6.432421290000093,0.0066654
85,122,207,0.178743961352657,6.613526570048309,34.992923739494074,0.1690479407705028,1173.3558069378776,1,4.0,3.0,4.0,4.0,1.7142857142857142,-5.9179,1.2948,1612.57463009,1617.4908171,-4.9161870099999305,0.0123993
86,121,207,0.1690821256038647,5.917874396135265,34.992923739494074,0.1690479407705028,1201.508346482481,1,4.0,4.0,4.0,5.0,2.2222222222222223,-4.6398,1.9155,1608.58985108,1612.1157309,-3.52587982,0.0047403
87,120,207,0.1594202898550724,5.260869565217392,34.992923739494074,0.1690479407705028,1229.9960511452068,1,4.0,5.0,4.0,6.0,2.727272727272727,-3.7252,2.5555,1603.30546227,1605.5476623,-2.242200030000049,0.0175536
88,119,207,0.1497584541062802,4.642512077294686,34.992923739494074,0.1690479407705028,1258.8189434280885,1,4.0,6.0,4.0,7.0,3.230769230769231,-2.4832,2.8412,1597.19359203,1598.4023121,-1.208720070000027,0.0582912
89,118,207,0.1400966183574879,4.06280193236715,34.992923739494074,0.1690479407705028,1287.9770454061472,1,4.0,7.0,4.0,8.0,3.733333333333333,-1.1149,2.8839,1589.80902158,1589.9877207,-0.1786991199999192,0.0562419
80,128,208,0.2307692307692307,11.076923076923077,35.105531821316504,0.1687765952947909,1035.9542426316038,2,3.0,2.0,5.0,2.0,1.0,-8.5575,0.3169,1623.89973928,1629.5118112,-5.612071920000062,0.0307424
81,127,208,0.2211538461538461,10.173076923076923,35.105531821316504,0.1687765952947909,1062.3888106524323,0,3.0,1.0,5.0,1.0,0.5,-10.2684,0.0657,1623.5883179,1632.214168,-8.62585009999998,0.0018512
82,126,208,0.2115384615384615,9.307692307692308,35.105531821316504,0.1687765952947909,1089.1578865919223,2,4.0,0.0,5.0,0.0,0.0,-12.4298,0.006,1625.90419726,1636.430224,-10.526026739999908,0.001144
83,125,208,0.2019230769230769,8.48076923076923,35.105531821316504,0.1687765952947909,1116.2614952600109,0,4.0,1.0,4.0,1.0,0.5,-10.0721,0.1073,1623.49093779,1632.7695072,-9.278569409999818,0.0023088
84,124,208,0.1923076923076923,7.6923076923076925,35.105531821316504,0.1687765952947909,1143.6996609674047,2,4.0,2.0,4.0,2.0,1.0,-8.4311,0.5491,1623.69720479,1630.5862144,-6.88900961000013,0.001664
85,123,208,0.1826923076923076,6.9423076923076925,35.105531821316504,0.1687765952947909,1171.4724075414597,0,4.0,3.0,4.0,3.0,1.5,-6.5257,1.0171,1619.18172093,1624.8045632,-5.622842270000092,0.0089232
86,122,208,0.173076923076923,6.230769230769231,35.105531821316504,0.1687765952947909,1199.5797583413766,2,4.0,4.0,4.0,4.0,2.0,-5.0871,1.5607,1617.27876186,1621.2077024,-3.928940539999985,0.0101712
87,121,208,0.1634615384615384,5.557692307692308,35.105531821316504,0.1687765952947909,1228.0217362727478,0,4.0,5.0,4.0,5.0,2.5,-3.8726,2.149,1610.66067832,1613.434888,-2.7742096800000127,0.011648
88,120,208,0.1538461538461538,4.923076923076923,35.105531821316504,0.1687765952947909,1256.798363801488,2,4.0,6.0,4.0,6.0,3.0,-3.2841,2.8602,1606.64886847,1608.2596816,-1.6108131299999968,0.0090272
89,119,208,0.1442307692307692,4.326923076923077,35.105531821316504,0.1687765952947909,1285.9096629671849,0,4.0,7.0,4.0,7.0,3.5,-1.8,2.9872,1597.92781962,1598.4444112,-0.5165915800000676,0.06448
90,118,208,0.1346153846153846,3.769230769230769,35.105531821316504,0.1687765952947909,1315.3556553958972,2,4.0,8.0,4.0,8.0,4.0,-0.5849,3.054,1591.80752463,1591.7348928,0.0726318300000912,0.0318656
81,128,209,0.2248803827751196,10.569377990430622,35.21795958518306,0.168506983661163,1060.691701036685,1,3.0,1.0,5.0,2.0,0.6666666666666666,-9.2629,0.2064,1630.10789263,1637.1801611,-7.072268470000154,0.0061028
82,127,209,0.215311004784689,9.688995215311005,35.21795958518306,0.168506983661163,1087.4180148012283,1,4.0,0.0,5.0,1.0,0.0,-11.1864,0.0502,1631.09799096,1640.3675992,-9.269608240000023,0.0017556
83,126,209,0.2057416267942583,8.84688995215311,35.21795958518306,0.168506983661163,1114.4783268961314,1,4.0,1.0,5.0,0.0,0.0,-10.8225,0.092,1630.73161796,1640.2292621,-9.49764413999992,0.0013585
84,125,209,0.1961722488038277,8.043062200956937,35.21795958518306,0.168506983661163,1141.8726615932644,1,4.0,2.0,4.0,1.0,0.6666666666666666,-8.8608,0.3375,1629.60991926,1637.5543338,-7.944414540000025,0.0017765
85,124,209,0.1866028708133971,7.277511961722488,35.21795958518306,0.168506983661163,1169.601042681921,1,4.0,3.0,4.0,2.0,1.2,-7.3028,0.7633,1627.15905184,1633.2897515,-6.130699659999891,0.0047443
86,123,209,0.1770334928229665,6.55023923444976,35.21795958518306,0.168506983661163,1197.6634934839865,1,4.0,4.0,4.0,3.0,1.7142857142857142,-5.6283,1.2218,1623.92572883,1628.5646795,-4.638950669999986,0.0099693
87,122,209,0.1674641148325359,5.861244019138756,35.21795958518306,0.168506983661163,1226.060036868463,1,4.0,5.0,4.0,4.0,2.2222222222222223,-4.2082,1.6965,1619.39020937,1622.6234365,-3.233227129999932,0.011495
88,121,209,0.1578947368421052,5.2105263157894735,35.21795958518306,0.168506983661163,1254.7906952653764,1,4.0,6.0,4.0,5.0,2.727272727272727,-3.3293,2.3755,1614.04541558,1616.2006993,-2.155283719999943,0.0057475
89,120,209,0.1483253588516746,4.598086124401914,35.21795958518306,0.168506983661163,1283.855490679108,1,4.0,7.0,4.0,6.0,3.230769230769231,-2.5975,2.9868,1607.42510453,1608.4317095,-1.0066049699998985,0.0558448
81,129,210,0.2285714285714285,10.971428571428572,35.33020818053945,0.1682390865739974,1059.005383882852,0,3.0,1.0,5.0,3.0,0.75,-8.2145,0.285,1635.0011873,1640.85369,-5.852502699999832,0.011613
82,128,210,0.219047619047619,10.076190476190476,35.33020818053945,0.1682390865739974,1085.6892074107736,2,4.0,0.0,5.0,2.0,0.0,-10.1468,0.1785,1638.02274412,1645.552776,-7.530031880000024,0.001449
83,127,210,0.2095238095238095,9.219047619047618,35.33020818053945,0.1682390865739974,1112.706498269224,0,4.0,1.0,5.0,1.0,0.5,-9.7015,0.2064,1636.33029743,1644.833904,-8.503606570000102,0.001365
84,126,210,0.2,8.4,35.33020818053945,0.1682390865739974,1140.0572806914856,2,4.0,2.0,5.0,0.0,0.0,-9.5269,0.2739,1637.25751164,1645.212702,-7.95519035999996,0.001155
85,125,210,0.1904761904761904,7.619047619047619,35.33020818053945,0.1682390865739974,1167.7415784290306,0,4.0,3.0,4.0,1.0,0.75,-7.6286,0.4761,1633.47832002,1640.449398,-6.971077980000018,0.007686
86,124,210,0.1809523809523809,6.876190476190477,35.33020818053945,0.1682390865739974,1195.759414766667,2,4.0,4.0,4.0,2.0,1.3333333333333333,-6.3857,0.9288,1632.31157406,1637.299713,-4.988138939999999,0.004557
87,123,210,0.1714285714285714,6.171428571428572,35.33020818053945,0.1682390865739974,1224.1108125370388,0,4.0,5.0,4.0,3.0,1.875,-4.651,1.2573,1626.44526632,1630.256103,-3.810836679999966,0.013419
88,122,210,0.1619047619047619,5.504761904761905,35.33020818053945,0.1682390865739974,1252.7957941345128,2,4.0,6.0,4.0,4.0,2.4,-3.5543,1.8409,1623.18493138,1625.687427,-2.5024956199999906,0.009198
89,121,210,0.1523809523809524,4.876190476190477,35.33020818053945,0.1682390865739974,1281.814381528486,0,4.0,7.0,4.0,5.0,2.9166666666666665,-2.6133,2.4598,1615.2311462,1616.583822,-1.3526758000000427,0.062202
90,120,210,0.1428571428571428,4.285714285714286,35.33020818053945,0.1682390865739974,1311.1665962761451,2,4.0,8.0,4.0,6.0,3.4285714285714284,-2.0937,3.0529,1609.87758359,1610.506044,-0.6284604099998887,0.0189
81,130,211,0.2322274881516587,11.37914691943128,35.44227874406976,0.1679728850429847,1057.3297396536711,1,3.0,1.0,5.0,4.0,0.8,-7.302,0.3502,1641.25285258,1645.7560065,-4.503153919999932,0.0419257
82,129,211,0.2227488151658767,10.469194312796208,35.44227874406976,0.1679728850429847,1083.9713418713072,1,4.0,0.0,5.0,3.0,0.0,-9.0489,0.2281,1642.95130179,1649.3886669,-6.437365110000201,0.0022577
83,128,211,0.2132701421800948,9.597156398104266,35.44227874406976,0.1679728850429847,1110.9458837804095,1,4.0,1.0,5.0,2.0,0.6666666666666666,-8.7556,0.396,1643.29120246,1649.9724195,-6.681217039999865,0.0054438
84,127,211,0.2037914691943128,8.763033175355451,35.44227874406976,0.1679728850429847,1138.2533895759166,1,4.0,2.0,5.0,1.0,0.6666666666666666,-8.5201,0.4553,1642.89319938,1649.7634662,-6.870266820000097,0.001266
85,126,211,0.1943127962085308,7.966824644549763,35.44227874406976,0.1679728850429847,1165.8938829717188,1,4.0,3.0,5.0,0.0,0.0,-8.2255,0.3695,1641.16374458,1648.1957995,-7.032054920000064,0.0027219
86,125,211,0.1848341232227488,7.208530805687204,35.44227874406976,0.1679728850429847,1193.867387215782,1,4.0,4.0,4.0,1.0,0.8,-6.6027,0.585,1638.66946583,1644.5215932,-5.852127370000062,0.0068153
87,124,211,0.1753554502369668,6.488151658767772,35.44227874406976,0.1679728850429847,1222.1739251046213,1,4.0,5.0,4.0,2.0,1.4285714285714286,-5.3802,0.9337,1634.87049406,1639.1242343,-4.253740239999843,0.0119848
88,123,211,0.1658767772511848,5.805687203791469,35.44227874406976,0.1679728850429847,1250.8135189971697,1,4.0,6.0,4.0,3.0,2.0,-3.9039,1.3192,1630.28009726,1633.3697157,-3.0896184399998674,0.0049585
89,122,211,0.1563981042654028,5.161137440758294,35.44227874406976,0.1679728850429847,1279.7861908280634,1,4.0,7.0,4.0,4.0,2.5454545454545454,-2.8291,1.8859,1624.41146487,1626.275748,-1.8642831300001037,0.0537628
90,121,211,0.1469194312796208,4.554502369668247,35.44227874406976,0.1679728850429847,1309.0919621203782,1,4.0,8.0,4.0,5.0,3.076923076923077,-2.0618,2.4954,1617.72508958,1618.7604766,-1.0353870199999164,0.0860669
91,120,211,0.1374407582938388,3.985781990521327,35.44227874406976,0.1679728850429847,1338.7308539978503,1,4.0,9.0,4.0,6.0,3.6,-1.6378,3.0458,1609.78666994,1609.8023028,-0.0156328600000961,0.0694823
82,130,212,0.2264150943396226,10.867924528301886,35.55417239989791,0.1677083603768769,1082.2642975634983,2,4.0,0.0,5.0,4.0,0.0,-8.1383,0.2891,1649.60450761,1654.5159036,-4.911395990000074,0.0018444
83,129,212,0.2169811320754717,9.9811320754717,35.55417239989791,0.1677083603768769,1109.1963598087546,0,4.0,1.0,5.0,3.0,0.75,-7.6791,0.4601,1648.62103735,1654.302568,-5.681530650000013,0.0018444
84,128,212,0.2075471698113207,9.132075471698114,35.55417239989791,0.1677083603768769,1136.4608615869704,2,4.0,2.0,5.0,2.0,1.0,-7.671,0.7094,1650.25740123,1655.7716856,-5.514284370000041,0.0011448
85,127,212,0.1981132075471698,8.320754716981131,35.55417239989791,0.1677083603768769,1164.0578265746924,0,4.0,3.0,5.0,1.0,0.75,-7.2403,0.5658,1647.20240167,1653.24808,-6.045678330000101,0.0023956
86,126,212,0.1886792452830188,7.547169811320755,35.55417239989791,0.1677083603768769,1191.987277983275,2,4.0,4.0,5.0,0.0,0.0,-7.1344,0.4412,1646.75981521,1652.4968156,-5.737000390000048,0.0031164
87,125,212,0.1792452830188679,6.811320754716981,35.55417239989791,0.1677083603768769,1220.2492385733328,0,4.0,5.0,4.0,1.0,0.8333333333333334,-5.5435,0.5715,1641.63291905,1646.571246,-4.938326949999919,0.0087768
88,124,212,0.1698113207547169,6.113207547169812,35.55417239989791,0.1677083603768769,1248.8437306685887,2,4.0,6.0,4.0,2.0,1.5,-4.51,0.895,1639.11174955,1642.4716536,-3.3599040500000683,0.0102608
89,123,212,0.160377358490566,5.452830188679245,35.55417239989791,0.1677083603768769,1277.7707761691352,0,4.0,7.0,4.0,3.0,2.1,-3.17,1.3328,1631.91259957,1634.1909548,-2.2783552299999883,0.0218784
90,122,212,0.1509433962264151,4.830188679245283,35.55417239989791,0.1677083603768769,1307.030396564154,2,4.0,8.0,4.0,4.0,2.6666666666666665,-2.251,1.8917,1627.31320426,1628.5973136,-1.2841093399999863,0.0101124
91,121,212,0.1415094339622641,4.245283018867925,35.55417239989791,0.1677083603768769,1336.6226129441154,0,4.0,9.0,4.0,5.0,3.2142857142857144,-1.5163,2.4185,1618.04145207,1618.3293268,-0.2878747299998849,0.0875984
81,132,213,0.2394366197183098,12.211267605633802,35.665890259784945,0.1674454941773941,1054.010001194289,1,3.0,1.0,5.0,6.0,0.8571428571428571,-5.5679,0.417,1651.87921712,1654.0368243,-2.1576071800000136,0.0270084
82,131,213,0.2300469483568075,11.272300469483568,35.665890259784945,0.1674454941773941,1080.5679557586109,1,4.0,0.0,5.0,5.0,0.0,-7.1858,0.3124,1654.27444541,1658.2418916,-3.967446189999919,0.0069438
83,130,213,0.2206572769953051,10.370892018779342,35.665890259784945,0.1674454941773941,1107.457804670967,1,4.0,1.0,5.0,4.0,0.8,-6.8715,0.5406,1655.30911811,1659.4876221,-4.178503989999854,0.0050907
84,129,213,0.2112676056338028,9.507042253521126,35.665890259784945,0.1674454941773941,1134.679572050331,1,4.0,2.0,5.0,3.0,1.2,-6.6043,0.7997,1655.62297863,1660.127112,-4.504133369999863,0.0030459
85,128,213,0.2018779342723004,8.68075117370892,35.665890259784945,0.1674454941773941,1162.233281536137,1,4.0,3.0,5.0,2.0,1.2,-6.4312,0.8546,1654.60318195,1659.2707668,-4.667584850000139,0.004899
86,127,213,0.1924882629107981,7.892018779342723,35.665890259784945,0.1674454941773941,1190.1189563033586,1,4.0,4.0,5.0,1.0,0.8,-6.2614,0.6539,1652.83585499,1657.6048512,-4.7689962100000685,0.0033654
87,126,213,0.1830985915492957,7.140845070422535,35.665890259784945,0.1674454941773941,1218.336619076936,1,4.0,5.0,5.0,0.0,0.0,-6.1394,0.478,1649.76142374,1654.6807659,-4.919342160000042,0.0047073
88,125,213,0.1737089201877934,6.427230046948357,35.665890259784945,0.1674454941773941,1246.8862921456011,1,4.0,6.0,4.0,1.0,0.8571428571428571,-4.6625,0.5518,1645.91307082,1649.9986638,-4.085592980000001,0.0098193
89,124,213,0.1643192488262911,5.751173708920188,35.665890259784945,0.1674454941773941,1275.7679973751206,1,4.0,7.0,4.0,2.0,1.5555555555555556,-3.7627,0.7916,1640.78385745,1643.4208404,-2.6369829500001742,0.0116724
90,123,213,0.1549295774647887,5.112676056338028,35.665890259784945,0.1674454941773941,1304.981756220994,1,4.0,8.0,4.0,3.0,2.1818181818181817,-2.5816,1.327,1634.85462221,1636.659411,-1.8047887900002024,0.0092229
91,122,213,0.1455399061032863,4.511737089201878,35.665890259784945,0.1674454941773941,1334.527589740634,1,4.0,9.0,4.0,4.0,2.769230769230769,-1.6421,1.7869,1627.67049602,1628.3429751,-0.6724790800001301,0.0571692
82,132,214,0.2336448598130841,11.682242990654206,35.77743342332243,0.1671842683332824,1078.8821995801611,2,4.0,0.0,5.0,6.0,0.0,-6.3498,0.3203,1660.66280319,1663.292637,-2.6298338100000365,0.0019688
83,131,214,0.2242990654205607,10.766355140186915,35.77743342332243,0.1671842683332824,1105.730098582102,0,4.0,1.0,5.0,5.0,0.8333333333333334,-5.8878,0.5543,1660.37677582,1663.528037,-3.15126118000012,0.0112136
84,130,214,0.2149532710280373,9.88785046728972,35.77743342332243,0.1671842683332824,1132.9093982366887,2,4.0,2.0,5.0,4.0,1.3333333333333333,-5.9733,0.9377,1662.71079155,1666.0148882,-3.3040966500000195,0.0014552
85,129,214,0.205607476635514,9.046728971962615,35.77743342332243,0.1671842683332824,1160.4201221464768,0,4.0,3.0,5.0,3.0,1.5,-5.7186,1.0415,1660.36819362,1664.1417248,-3.773531179999964,0.0039804
86,128,214,0.1962616822429906,8.242990654205608,35.77743342332243,0.1671842683332824,1188.262293450285,2,4.0,4.0,5.0,2.0,1.3333333333333333,-5.6006,1.0001,1660.6380193,1664.2998922,-3.661872899999935,0.0091806
87,127,214,0.1869158878504672,7.4766355140186915,35.77743342332243,0.1671842683332824,1216.4359348376013,0,4.0,5.0,5.0,1.0,0.8333333333333334,-5.1858,0.6769,1656.23848719,1660.1562102,-3.917723010000145,0.0085172
88,126,214,0.1775700934579439,6.747663551401869,35.77743342332243,0.1671842683332824,1244.9410685623857,2,4.0,6.0,5.0,0.0,0.0,-5.292,0.4893,1654.44448645,1658.3227866,-3.878300149999859,0.005243
89,125,214,0.1682242990654205,6.05607476635514,35.77743342332243,0.1671842683332824,1273.7777164562922,0,4.0,7.0,4.0,1.0,0.875,-3.7696,0.453,1647.98766681,1651.1999036,-3.2122367899999063,0.0135462
90,124,214,0.1588785046728972,5.401869158878505,35.77743342332243,0.1671842683332824,1302.9458999413491,2,4.0,8.0,4.0,2.0,1.6,-3.09,0.7571,1644.13019299,1646.1559022,-2.025709209999832,0.0106572
91,123,214,0.1495327102803738,4.785046728971962,35.77743342332243,0.1671842683332824,1332.4456400421184,0,4.0,9.0,4.0,3.0,2.25,-1.9824,1.2195,1635.61574154,1636.6085918,-0.9928502600000684,0.081213
82,133,215,0.2372093023255814,12.097674418604653,35.8888029781218,0.16692466501452,1077.2069139665273,1,4.0,0.0,5.0,7.0,0.0,-5.4953,0.2637,1665.08051265,1666.8386915,-1.7581788500001494,0.052675
83,132,215,0.227906976744186,11.167441860465116,35.8888029781218,0.16692466501452,1104.0131236172383,1,4.0,1.0,5.0,6.0,0.8571428571428571,-4.9939,0.5386,1666.79874665,1668.7693055,-1.9705588499998608,0.005633
84,131,215,0.2186046511627907,10.274418604651164,35.8888029781218,0.16692466501452,1131.15021932248,1,4.0,2.0,5.0,5.0,1.4285714285714286,-4.9472,0.9507,1667.81294011,1670.158012,-2.3450718900000997,0.0021285
85,130,215,0.2093023255813953,9.418604651162791,35.8888029781218,0.16692466501452,1158.618224648159,1,4.0,3.0,5.0,4.0,1.7142857142857142,-4.9825,1.2544,1667.49134436,1670.0904805,-2.599136139999928,0.006622
86,129,215,0.2,8.6,35.8888029781218,0.16692466501452,1186.4171626971631,1,4.0,4.0,5.0,3.0,1.7142857142857142,-4.8471,1.2743,1666.43918493,1669.220526,-2.781341070000053,0.0060845
87,128,215,0.1906976744186046,7.818604651162791,35.8888029781218,0.16692466501452,1214.5470561237494,1,4.0,5.0,5.0,2.0,1.4285714285714286,-4.4699,1.0123,1664.07759074,1666.9510505,-2.87345976000006,0.0070735
88,127,215,0.1813953488372093,7.074418604651163,35.8888029781218,0.16692466501452,1243.0079271473207,1,4.0,6.0,5.0,1.0,0.8571428571428571,-4.3012,0.6699,1660.9592436,1663.9548535,-2.995609899999863,0.0072025
89,126,215,0.1720930232558139,6.367441860465116,35.8888029781218,0.16692466501452,1271.7997975656317,1,4.0,7.0,5.0,0.0,0.0,-4.4117,0.3916,1656.55749975,1659.6739455,-3.116445749999912,0.0124055
90,125,215,0.1627906976744186,5.697674418604652,35.8888029781218,0.16692466501452,1300.922688767447,1,4.0,8.0,4.0,1.0,0.8888888888888888,-3.0862,0.3295,1651.37311244,1654.000719,-2.6276065599997764,0.0063425
91,124,215,0.1534883720930232,5.065116279069767,35.8888029781218,0.16692466501452,1330.37662174468,1,4.0,9.0,4.0,2.0,1.6363636363636365,-2.5269,0.6482,1644.93108434,1646.3352595,-1.4041751599997951,0.0824525
92,123,215,0.1441860465116279,4.469767441860465,35.8888029781218,0.16692466501452,1360.1616171040505,1,4.0,10.0,4.0,3.0,2.3076923076923075,-1.5332,1.1558,1637.68078757,1638.4681515,-0.7873639300000832,0.104146
83,133,216,0.2314814814814814,11.574074074074074,35.99999999999999,0.1666666666666666,1102.306763674105,0,4.0,1.0,5.0,7.0,0.875,-4.062,0.4417,1671.61066936,1672.5959136,-0.985244239999929,0.0111888
84,132,216,0.2222222222222222,10.666666666666666,35.99999999999999,0.1666666666666666,1129.4019163515932,2,4.0,2.0,5.0,6.0,1.5,-4.0481,0.9188,1674.63112861,1675.905228,-1.274099390000174,0.0018144
85,131,216,0.2129629629629629,9.796296296296296,35.99999999999999,0.1666666666666666,1156.8274671964302,0,4.0,3.0,5.0,5.0,1.875,-4.3344,1.3296,1672.98944092,1674.6485184,-1.6590774799999508,0.0035856
86,130,216,0.2037037037037037,8.962962962962964,35.99999999999999,0.1666666666666666,1184.5834392757974,2,4.0,4.0,5.0,4.0,2.0,-4.2146,1.5117,1673.9602272,1675.8695448,-1.9093176000001224,0.0057672
87,129,216,0.1944444444444444,8.166666666666666,35.99999999999999,0.1666666666666666,1212.6698552089365,0,4.0,5.0,5.0,3.0,1.875,-3.6855,1.2889,1670.27631734,1672.3694808,-2.0931634599999143,0.0041688
88,128,216,0.1851851851851851,7.407407407407407,35.99999999999999,0.1666666666666666,1241.0867371809084,2,4.0,6.0,5.0,2.0,1.5,-3.5582,0.9795,1669.19779077,1671.2666928,-2.068902030000117,0.0080136
89,127,216,0.1759259259259259,6.685185185185185,35.99999999999999,0.1666666666666666,1269.834106955777,0,4.0,7.0,5.0,1.0,0.875,-3.3756,0.5413,1663.47130907,1665.6260904,-2.1547813300001053,0.0092232
90,126,216,0.1666666666666666,6.0,35.99999999999999,0.1666666666666666,1298.9119858892486,2,4.0,8.0,5.0,0.0,0.0,-3.7466,0.2811,1660.34381931,1662.6949272,-2.3511078899998665,0.0111024
91,125,216,0.1574074074074074,5.351851851851852,35.99999999999999,0.1666666666666666,1328.3203949407923,0,4.0,9.0,4.0,1.0,0.9,-2.3067,0.0995,1652.57442538,1654.3873296,-1.8129042199998369,0.0246456
92,124,216,0.1481481481481481,4.7407407407407405,35.99999999999999,0.1666666666666666,1358.0593546852765,2,4.0,10.0,4.0,2.0,1.6666666666666667,-2.0683,0.5775,1647.39831282,1648.3623552,-0.9640423799999098,0.0281016
83,134,217,0.2350230414746544,11.986175115207374,36.1110255531613,0.1664102560053516,1100.6109044366306,1,4.0,1.0,5.0,8.0,0.8888888888888888,-3.2811,0.333,1677.7730182,1677.8112547,-0.038236500000039,0.0177072
84,133,217,0.2258064516129032,11.064516129032258,36.1110255531613,0.1664102560053516,1127.66437219802,1,4.0,2.0,5.0,7.0,1.5555555555555556,-4.0241,0.9854,1679.47630499,1679.8754238,-0.3991188099998908,0.0065534
85,132,217,0.216589861751152,10.179723502304148,36.1110255531613,0.1664102560053516,1155.0477298210828,1,4.0,3.0,5.0,6.0,2.0,-3.9919,1.4939,1679.8417402,1680.5819324,-0.7401921999999104,0.004991
86,131,217,0.2073732718894009,9.33179723502304,36.1110255531613,0.1664102560053516,1182.761000337512,1,4.0,4.0,5.0,5.0,2.2222222222222223,-3.648,1.6777,1679.49326161,1680.5356029,-1.0423412899999676,0.0041881
87,130,217,0.1981566820276497,8.52073732718894,36.1110255531613,0.1664102560053516,1210.8042063317507,1,4.0,5.0,5.0,4.0,2.2222222222222223,-3.4302,1.5918,1677.83309446,1679.097175,-1.2640805400001227,0.0065317
88,129,217,0.1889400921658986,7.746543778801843,36.1110255531613,0.1664102560053516,1239.1773699547286,1,4.0,6.0,5.0,3.0,2.0,-3.2312,1.3036,1675.43301916,1676.7399474,-1.3069282399999338,0.0070525
89,128,217,0.1797235023041474,7.009216589861751,36.1110255531613,0.1664102560053516,1267.8805129370276,1,4.0,7.0,5.0,2.0,1.5555555555555556,-2.7605,0.8715,1671.74709492,1673.1448216,-1.3977266799997778,0.0112189
90,127,217,0.1705069124423963,6.308755760368664,36.1110255531613,0.1664102560053516,1296.9136566014972,1,4.0,8.0,5.0,1.0,0.8888888888888888,-2.6646,0.3926,1667.29557414,1668.8590065,-1.5634323599999789,0.0106113
91,126,217,0.1612903225806451,5.645161290322581,36.1110255531613,0.1664102560053516,1326.276821875362,1,4.0,9.0,5.0,0.0,0.0,-3.0303,0.0845,1661.58375454,1663.2277046,-1.643950059999952,0.0124992
83,135,218,0.2385321100917431,12.403669724770642,36.22188069037562,0.1661554160108974,1098.9254333393812,0,4.0,1.0,5.0,9.0,0.9,-2.4544,0.1602,1682.33543246,1681.396504,0.9389284599999428,0.0270102
84,134,218,0.2293577981651376,11.46788990825688,36.22188069037562,0.1661554160108974,1125.937471529422,2,4.0,2.0,5.0,8.0,1.6,-3.3144,0.9915,1686.03140663,1685.47354,0.557866630000035,0.001962
85,133,218,0.2201834862385321,10.568807339449542,36.22188069037562,0.1661554160108974,1153.2788943891337,0,4.0,3.0,5.0,7.0,2.1,-3.2891,1.5729,1685.0794266,1684.947615,0.1318115999999918,0.0115104
86,132,218,0.2110091743119266,9.706422018348624,36.22188069037562,0.1661554160108974,1180.9497249149383,2,4.0,4.0,5.0,6.0,2.4,-3.3862,1.9402,1686.74000774,1687.0480886,-0.3080808600000182,0.0023108
87,131,218,0.2018348623853211,8.880733944954128,36.22188069037562,0.1661554160108974,1208.949985656693,0,4.0,5.0,5.0,5.0,2.5,-3.0643,1.8656,1683.76027358,1684.4237174,-0.663443819999884,0.0042292
88,130,218,0.1926605504587156,8.091743119266056,36.22188069037562,0.1661554160108974,1237.2796987314064,2,4.0,6.0,5.0,4.0,2.4,-2.8708,1.6652,1683.38581848,1684.0552538,-0.6694353200000478,0.00981
89,129,218,0.1834862385321101,7.339449541284404,36.22188069037562,0.1661554160108974,1265.9388858363811,0,4.0,7.0,5.0,3.0,2.1,-2.6856,1.2532,1678.37798404,1679.06761,-0.6896259600000576,0.0576174
90,128,218,0.1743119266055046,6.623853211009174,36.22188069037562,0.1661554160108974,1294.9275682618138,2,4.0,8.0,5.0,2.0,1.6,-2.266,0.7914,1675.96883886,1676.7693668,-0.8005279399999381,0.0105076
91,127,218,0.1651376146788991,5.944954128440367,36.22188069037562,0.1661554160108974,1324.245766902881,0,4.0,9.0,5.0,1.0,0.9,-1.8946,0.1533,1668.93256741,1669.704183,-0.7716155900000103,0.0178542
92,126,218,0.1559633027522936,5.302752293577981,36.22188069037562,0.1661554160108974,1353.8935022713376,2,4.0,10.0,5.0,0.0,0.0,-2.6002,0.0088,1664.48906888,1665.6767638,-1.1876949199997853,0.0137122
84,135,219,0.2328767123287671,11.876712328767123,36.33256645315319,0.165902129923074,1124.2211007715844,1,4.0,2.0,5.0,9.0,1.6363636363636365,-2.621,0.9371,1690.62585211,1689.220146,1.4057061099999828,0.0158337
85,134,219,0.2237442922374429,10.963470319634704,36.33256645315319,0.165902129923074,1151.5208445684166,1,4.0,3.0,5.0,8.0,2.1818181818181817,-2.6555,1.6255,1691.66742586,1690.723143,0.9442828600001576,0.0032412
86,133,219,0.2146118721461187,10.08675799086758,36.33256645315319,0.165902129923074,1179.1494938847309,1,4.0,4.0,5.0,7.0,2.5454545454545454,-2.7601,2.0745,1692.01142886,1691.5074696,0.5039592600001015,0.0021024
87,132,219,0.2054794520547945,9.246575342465754,36.33256645315319,0.165902129923074,1207.1070712360092,1,4.0,5.0,5.0,6.0,2.727272727272727,-2.8523,2.2067,1691.04156224,1690.9375221,0.1040401400000519,0.0068766
88,131,219,0.1963470319634703,8.442922374429223,36.33256645315319,0.165902129923074,1235.3935987055456,1,4.0,6.0,5.0,5.0,2.727272727272727,-2.6102,2.0541,1689.34831864,1689.378264,-0.029945360000056,0.0068109
89,130,219,0.1872146118721461,7.675799086757991,36.33256645315319,0.165902129923074,1264.0090979575675,1,4.0,7.0,5.0,4.0,2.5454545454545454,-2.3132,1.6689,1686.36685361,1686.4202091,-0.0533554900000581,0.0514869
90,129,219,0.1780821917808219,6.945205479452055,36.33256645315319,0.165902129923074,1292.953590249817,1,4.0,8.0,5.0,3.0,2.1818181818181817,-2.0244,1.1989,1682.63651813,1682.7446445,-0.1081263700000363,0.0564582
91,128,219,0.1689497716894977,6.251141552511416,36.33256645315319,0.165902129923074,1322.2270964456177,1,4.0,9.0,5.0,2.0,1.6363636363636365,-1.6909,0.6035,1677.6433129,1677.8418477,-0.1985348000000613,0.0697077
92,127,219,0.1598173515981735,5.593607305936073,36.33256645315319,0.165902129923074,1351.8296370254563,1,4.0,10.0,5.0,1.0,0.9090909090909092,-1.4392,0.0664,1671.87602382,1672.3467873,-0.4707634799999596,0.0133371
93,126,219,0.1506849315068493,4.972602739726027,36.33256645315319,0.165902129923074,1381.7612320981004,1,4.0,11.0,5.0,0.0,0.0,-1.9143,0.0499,1664.87095211,1665.4234308,-0.5524786900000436,0.0919581
84,136,220,0.2363636363636363,12.290909090909093,36.44308387191581,0.165650381235981,1122.5151480737334,2,4.0,2.0,5.0,10.0,1.6666666666666667,-2.7552,0.9875,1696.92418708,1694.709368,2.21481907999987,0.017688
85,135,220,0.2272727272727272,11.363636363636363,36.44308387191581,0.165650381235981,1149.7734657920578,0,4.0,3.0,5.0,9.0,2.25,-2.6524,1.6829,1696.65099114,1694.814726,1.8362651400000232,0.01397
86,134,220,0.2181818181818181,10.472727272727273,36.44308387191581,0.165650381235981,1177.3601899311925,2,4.0,4.0,5.0,8.0,2.6666666666666665,-2.8041,2.2389,1698.99047762,1697.796144,1.1943336200001795,0.001804
87,133,220,0.209090909090909,9.61818181818182,36.44308387191581,0.165650381235981,1205.2753429724528,0,4.0,5.0,5.0,7.0,2.9166666666666665,-2.5048,2.4165,1696.70375786,1696.14346,0.5602978599999915,0.004026
88,132,220,0.2,8.8,36.44308387191581,0.165650381235981,1233.518946965623,2,4.0,6.0,5.0,6.0,3.0,-2.5196,2.4905,1697.02225364,1696.571338,0.4509156399999483,0.00759
89,131,220,0.1909090909090909,8.018181818181818,36.44308387191581,0.165650381235981,1262.0910235420556,0,4.0,7.0,5.0,5.0,2.9166666666666665,-2.0754,2.1464,1692.72166724,1692.31733,0.4043372399999043,0.006138
90,130,220,0.1818181818181818,7.272727272727272,36.44308387191581,0.165650381235981,1290.991593927235,2,4.0,8.0,5.0,4.0,2.6666666666666665,-1.9357,1.6893,1691.01951515,1690.589208,0.4303071499998623,0.013684
91,129,220,0.1727272727272727,6.563636363636364,36.44308387191581,0.165650381235981,1320.2206789528266,0,4.0,9.0,5.0,3.0,2.25,-1.7517,1.0649,1684.70472889,1684.218008,0.486720890000015,0.014652
93,127,220,0.1545454545454545,5.254545454545455,36.44308387191581,0.165650381235981,1379.6644743517236,0,4.0,11.0,5.0,1.0,0.9166666666666666,-0.8248,0.1533,1672.65295131,1672.456676,0.196275309999919,0.030712
84,137,221,0.2398190045248869,12.710407239819004,36.553433966164725,0.1654001536930531,1120.819503274693,1,4.0,2.0,5.0,11.0,1.6923076923076923,-2.6605,1.558,1701.2739366,1698.2703894,3.003547199999957,0.0195585
85,136,221,0.2307692307692307,11.76923076923077,36.553433966164725,0.1654001536930531,1148.0366452238095,1,4.0,3.0,5.0,10.0,2.3076923076923075,-2.3457,1.8583,1702.98102474,1700.4790634,2.50196133999998,0.0139672
86,135,221,0.2217194570135746,10.86425339366516,36.553433966164725,0.1654001536930531,1175.581697510774,1,4.0,4.0,5.0,9.0,2.769230769230769,-2.3392,2.3713,1704.00658784,1702.0080961,1.998491739999963,0.0057239
87,134,221,0.2126696832579185,9.995475113122172,36.553433966164725,0.1654001536930531,1203.4546825829432,1,4.0,5.0,5.0,8.0,3.076923076923077,-2.3839,2.6912,1703.71616931,1702.4198412,1.296328109999877,0.0048841
88,133,221,0.2036199095022624,9.16289592760181,36.553433966164725,0.1654001536930531,1231.655622456792,1,4.0,6.0,5.0,7.0,3.230769230769231,-2.2118,2.7878,1702.71860113,1701.9508792,0.767721930000107,0.004641
89,132,221,0.1945701357466063,8.366515837104073,36.553433966164725,0.1654001536930531,1260.1845387309982,1,4.0,7.0,5.0,6.0,3.230769230769231,-2.1231,2.6534,1700.43051473,1699.6013619,0.8291528299998845,0.0569075
90,131,221,0.1855203619909502,7.606334841628959,36.553433966164725,0.1654001536930531,1289.0414525989831,1,4.0,8.0,5.0,5.0,3.076923076923077,-1.903,2.255,1697.40997332,1696.410144,0.9998293200001171,0.0080002
91,130,221,0.1764705882352941,6.882352941176471,36.553433966164725,0.1654001536930531,1318.2263848609443,1,4.0,9.0,5.0,4.0,2.769230769230769,-1.6784,1.6393,1693.12407393,1692.1927789,0.9312950300000012,0.0593827
92,129,221,0.167420814479638,6.194570135746607,36.553433966164725,0.1654001536930531,1347.739355935399,1,4.0,10.0,5.0,3.0,2.3076923076923075,-1.4226,1.0417,1688.08070107,1687.2653629,0.8153381700001319,0.0721344
84,138,222,0.2432432432432432,13.135135135135137,36.66361774464523,0.1651514312821858,1119.134057869854,2,4.0,2.0,5.0,12.0,1.7142857142857142,-2.7594,2.3022,1707.32161686,1703.6291988,3.692418059999909,0.0400488
85,137,222,0.2342342342342342,12.18018018018018,36.66361774464523,0.1651514312821858,1146.3102717242175,0,4.0,3.0,5.0,11.0,2.357142857142857,-2.442,2.5138,1707.71655105,1704.3800916,3.336459449999893,0.0158286
86,136,222,0.2252252252252252,11.26126126126126,36.66361774464523,0.1651514312821858,1173.8139028174328,2,4.0,4.0,5.0,10.0,2.857142857142857,-2.0992,2.6166,1710.7243204,1708.1788002,2.545520199999828,0.0019536
87,135,222,0.2162162162162162,10.37837837837838,36.66361774464523,0.1651514312821858,1201.6449735631008,0,4.0,5.0,5.0,9.0,3.2142857142857144,-2.0152,2.9026,1709.11972937,1707.3903228,1.7294065700000374,0.0074592
88,134,222,0.2072072072072072,9.531531531531533,36.66361774464523,0.1651514312821858,1229.8035059445892,2,4.0,6.0,5.0,8.0,3.4285714285714284,-2.2313,3.1012,1710.12032816,1708.6658682,1.454459960000122,0.0044622
89,133,222,0.1981981981981982,8.72072072072072,36.66361774464523,0.1651514312821858,1258.2895215280964,0,4.0,7.0,5.0,7.0,3.5,-2.0078,3.0336,1706.51587227,1705.581933,0.93393927000011,0.0047064
90,132,222,0.1891891891891892,7.945945945945946,36.66361774464523,0.1651514312821858,1287.103041475174,2,4.0,8.0,5.0,6.0,3.4285714285714284,-1.9768,2.8284,1705.50964017,1704.2183424,1.2912977700000283,0.010212
91,131,222,0.1801801801801801,7.207207207207207,36.66361774464523,0.1651514312821858,1316.2440865547403,0,4.0,9.0,5.0,5.0,3.2142857142857144,-1.6105,2.2546,1699.9049895,1698.5746806,1.330308900000091,0.0866022
92,130,222,0.1711711711711711,6.504504504504505,36.66361774464523,0.1651514312821858,1345.7126771546095,2,4.0,10.0,5.0,4.0,2.857142857142857,-1.4099,1.6685,1696.8922564,1695.5838522,1.3084042000000409,0.0519924
93,129,222,0.1621621621621621,5.837837837837838,36.66361774464523,0.1651514312821858,1375.5088332925577,0,4.0,11.0,5.0,3.0,2.357142857142857,-0.9796,1.3379,1689.28708976,1687.7996886,1.4874011599999903,0.0380508
85,138,223,0.2376681614349775,12.596412556053812,36.77363620550805,0.1649041982309778,1144.5942358176007,1,4.0,3.0,5.0,12.0,2.4,-2.4315,3.3036,1713.79474535,1709.9764211,3.81832425000016,0.0139821
86,137,223,0.2286995515695067,11.663677130044842,36.77363620550805,0.1649041982309778,1172.0566937488177,1,4.0,4.0,5.0,11.0,2.933333333333333,-2.153,3.3263,1715.49121549,1712.232356,3.258859490000077,0.0078273
87,136,223,0.2197309417040358,10.766816143497758,36.77363620550805,0.1649041982309778,1199.8461011526335,1,4.0,5.0,5.0,10.0,3.333333333333333,-2.0329,3.228,1715.86965761,1713.4574065,2.4122511100001702,0.0019401
88,135,223,0.210762331838565,9.905829596412556,36.77363620550805,0.1649041982309778,1227.9624799795076,1,4.0,6.0,5.0,9.0,3.6,-1.9879,3.3684,1715.55688293,1713.8241523,1.7327306300001055,0.0020962
89,134,223,0.2017937219730941,9.080717488789238,36.77363620550805,0.1649041982309778,1256.4058517633528,1,4.0,7.0,5.0,8.0,3.733333333333333,-2.0231,3.4144,1713.95136516,1712.4499817,1.5013834599999427,0.0069576
90,133,223,0.1928251121076233,8.291479820627803,36.77363620550805,0.1649041982309778,1285.176237634042,1,4.0,8.0,5.0,7.0,3.733333333333333,-1.8618,3.2672,1711.62950688,1710.1072998,1.5222070800000438,0.0079388
91,132,223,0.1838565022421524,7.538116591928251,36.77363620550805,0.1649041982309778,1314.273658329403,1,4.0,9.0,5.0,6.0,3.6,-1.8538,2.8972,1708.03988096,1706.3727411,1.6671398599999063,0.0756416
92,131,223,0.1748878923766816,6.820627802690583,36.77363620550805,0.1649041982309778,1343.6981342067277,1,4.0,10.0,5.0,5.0,3.333333333333333,-1.6228,2.3527,1703.70908417,1701.8827253,1.8263588700001487,0.0590504
93,130,223,0.1659192825112107,6.139013452914798,36.77363620550805,0.1649041982309778,1373.449685253826,1,4.0,11.0,5.0,4.0,2.933333333333333,-1.0232,2.0193,1698.13521701,1696.4870842,1.648132809999879,0.0828668
85,139,224,0.2410714285714285,13.017857142857142,36.88349033646757,0.1646584390020874,1142.888429659816,0,4.0,3.0,5.0,13.0,2.4375,-2.1886,3.9525,1718.28811651,1713.7647296,4.523386909999999,0.0223552
86,138,224,0.2321428571428571,12.071428571428571,36.88349033646757,0.1646584390020874,1170.3099598732606,2,4.0,4.0,5.0,12.0,3.0,-2.2804,4.1532,1721.95380448,1718.2483136,3.705490879999843,0.0098112
87,137,224,0.2232142857142857,11.160714285714286,36.88349033646757,0.1646584390020874,1198.057952301545,0,4.0,5.0,5.0,11.0,3.4375,-2.2852,3.9803,1721.02072299,1718.162432,2.8582909899998867,0.0111776
88,136,224,0.2142857142857142,10.285714285714286,36.88349033646757,0.1646584390020874,1226.1324288624132,2,4.0,6.0,5.0,10.0,3.75,-2.5807,3.8724,1722.69284066,1720.3028864,2.389954259999968,0.0018144
89,135,224,0.2053571428571428,9.446428571428571,36.88349033646757,0.1646584390020874,1254.5334110576875,0,4.0,7.0,5.0,9.0,3.9375,-2.3819,3.7802,1719.77367,1718.1122112,1.6614587999999912,0.0040992
90,134,224,0.1964285714285714,8.642857142857142,36.88349033646757,0.1646584390020874,1283.26091998575,2,4.0,8.0,5.0,8.0,4.0,-2.4745,3.7329,1719.45255402,1717.5684288,1.8841252199999872,0.0096096
91,133,224,0.1875,7.875,36.88349033646757,0.1646584390020874,1312.314976353522,0,4.0,9.0,5.0,7.0,3.9375,-1.8582,3.416,1714.54696746,1712.9193088,1.627658659999952,0.0075936
92,132,224,0.1785714285714285,7.142857142857143,36.88349033646757,0.1646584390020874,1341.6956004879585,2,4.0,10.0,5.0,6.0,3.75,-1.7986,3.0583,1712.23294457,1710.2566208,1.976323769999908,0.0152544
93,131,224,0.1696428571428571,6.446428571428571,36.88349033646757,0.1646584390020874,1371.4028123470794,0,4.0,11.0,5.0,5.0,3.4375,-1.0978,2.7302,1705.34062422,1703.1847168,2.155907420000176,0.0289184
86,139,225,0.2355555555555555,12.484444444444444,36.993181114957046,0.164414138288698,1168.5735923975549,1,4.0,4.0,5.0,13.0,3.0588235294117645,-2.0539,4.8031,1726.47738213,1722.2305725,4.246809629999916,0.0111375
87,138,225,0.2266666666666666,11.56,36.993181114957046,0.164414138288698,1196.2804156371446,1,4.0,5.0,5.0,12.0,3.5294117647058822,-2.2691,4.8448,1727.51435373,1724.16177,3.352583730000106,0.01197
88,137,225,0.2177777777777777,10.671111111111111,36.993181114957046,0.164414138288698,1224.313238610785,1,4.0,6.0,5.0,11.0,3.882352941176471,-2.4744,4.6837,1727.87575588,1725.206985,2.668770880000011,0.0025875
89,136,225,0.2088888888888889,9.817777777777778,36.993181114957046,0.164414138288698,1252.6720827883948,1,4.0,7.0,5.0,10.0,4.117647058823529,-2.5412,4.3082,1726.94225847,1724.780385,2.161873470000046,0.0047475
90,135,225,0.2,9.0,36.993181114957046,0.164414138288698,1281.3569692370538,1,4.0,8.0,5.0,9.0,4.235294117647059,-2.6833,4.2206,1725.30824333,1723.3251525,1.9830908300000372,0.005085
91,134,225,0.1911111111111111,8.217777777777778,36.993181114957046,0.164414138288698,1310.3679186329605,1,4.0,9.0,5.0,8.0,4.235294117647059,-2.1969,3.9862,1722.40412562,1720.49634,1.9077856200001408,0.0818775
92,133,225,0.1822222222222222,7.471111111111111,36.993181114957046,0.164414138288698,1339.7049512729102,1,4.0,10.0,5.0,7.0,4.117647058823529,-1.9284,3.6519,1718.77484146,1716.6986325,2.076208960000031,0.009945
93,132,225,0.1733333333333333,6.76,36.993181114957046,0.164414138288698,1369.368087085313,1,4.0,11.0,5.0,6.0,3.882352941176471,-1.3039,3.4607,1713.8999672,1711.6701975,2.229769699999906,0.09162
86,140,226,0.2389380530973451,12.902654867256636,37.1027095082808,0.1641712810100921,1166.8474841354898,2,4.0,4.0,5.0,14.0,3.111111111111111,-1.9421,5.3842,1732.69080021,1728.0888408,4.601959409999836,0.0104864
87,139,226,0.2300884955752212,11.964601769911503,37.1027095082808,0.1641712810100921,1194.5133814318438,0,4.0,5.0,5.0,13.0,3.611111111111111,-2.0226,5.4753,1732.41886672,1728.5331568,3.885709920000181,0.0062376
88,138,226,0.2212389380530973,11.061946902654867,37.1027095082808,0.1641712810100921,1222.5047969257512,2,4.0,6.0,5.0,12.0,4.0,-2.5549,5.5707,1734.75217424,1731.6037736,3.1484006399998634,0.001921
89,137,226,0.2123893805309734,10.194690265486726,37.1027095082808,0.1641712810100921,1250.8217520554174,0,4.0,7.0,5.0,11.0,4.277777777777778,-2.6462,5.1979,1732.50770683,1730.1797928,2.3279140299998744,0.0030962
90,136,226,0.2035398230088495,9.36283185840708,37.1027095082808,0.1641712810100921,1279.4642678568036,2,4.0,8.0,5.0,10.0,4.444444444444445,-2.9383,4.826,1732.86116354,1730.509007,2.3521565399998963,0.0044748
91,135,226,0.1946902654867256,8.56637168141593,37.1027095082808,0.1641712810100921,1308.432364975568,0,4.0,9.0,5.0,9.0,4.5,-2.7059,4.5649,1728.64383851,1726.8907018,1.7531367100000352,0.0112096
92,134,226,0.1858407079646017,7.805309734513274,37.1027095082808,0.1641712810100921,1337.726063678525,2,4.0,10.0,5.0,8.0,4.444444444444445,-2.5448,4.3115,1727.01776811,1724.8131516,2.2046165099998234,0.011074
93,133,226,0.1769911504424778,7.079646017699115,37.1027095082808,0.1641712810100921,1367.3453838646485,0,4.0,11.0,5.0,7.0,4.277777777777778,-1.8111,4.0703,1720.82727073,1718.5427364,2.2845343300000422,0.1020616
86,141,227,0.2422907488986784,13.325991189427311,37.21207647376352,0.1639298523073283,1165.131529477131,1,4.0,4.0,5.0,15.0,3.1578947368421053,-1.7808,5.8636,1736.97676809,1732.0215316,4.955236490000061,0.0140967
87,140,227,0.2334801762114537,12.374449339207048,37.21207647376352,0.1639298523073283,1192.7567415717008,1,4.0,5.0,5.0,14.0,3.684210526315789,-1.8967,6.0592,1738.66218598,1734.4425774,4.219608580000113,0.005902
88,139,227,0.224669603524229,11.458149779735685,37.21207647376352,0.1639298523073283,1220.7069931599017,1,4.0,6.0,5.0,13.0,4.105263157894737,-2.2665,6.1799,1739.6874048,1736.1651896,3.5222151999998914,0.0019522
89,138,227,0.2158590308370044,10.577092511013216,37.21207647376352,0.1639298523073283,1248.9823056484122,1,4.0,7.0,5.0,12.0,4.421052631578948,-2.738,6.1129,1739.41563265,1736.7108068,2.7048258499999065,0.0019295
90,137,227,0.2070484581497797,9.731277533039648,37.21207647376352,0.1639298523073283,1277.5827000422582,1,4.0,8.0,5.0,11.0,4.631578947368421,-2.9606,5.6812,1738.45888272,1735.9732157,2.485667019999937,0.0020884
91,136,227,0.198237885462555,8.920704845814978,37.21207647376352,0.1639298523073283,1306.5081969567364,1,4.0,9.0,5.0,10.0,4.7368421052631575,-2.9841,5.1997,1736.22976638,1734.1652515,2.0645148799999333,0.007264
92,135,227,0.1894273127753304,8.145374449339206,37.21207647376352,0.1639298523073283,1335.7588166288576,1,4.0,10.0,5.0,9.0,4.7368421052631575,-2.8624,4.9294,1733.29119898,1731.1682386,2.122960379999995,0.0085125
93,134,227,0.1806167400881057,7.405286343612334,37.21207647376352,0.1639298523073283,1365.334578928332,1,4.0,11.0,5.0,8.0,4.631578947368421,-2.3609,4.8243,1729.10459918,1726.8519017,2.2526974799998243,0.0769984
86,142,228,0.2456140350877192,13.75438596491228,37.32128295889665,0.1636898375390204,1163.425624358816,2,4.0,4.0,5.0,16.0,3.2,-1.6944,6.3059,1742.94679617,1737.7352196,5.211576570000034,0.01767
87,141,228,0.2368421052631578,12.789473684210526,37.32128295889665,0.1636898375390204,1191.0103895257091,0,4.0,5.0,5.0,15.0,3.75,-1.7925,6.5527,1743.32589831,1738.8121092,4.5137891100000616,0.006726
88,140,228,0.2280701754385964,11.859649122807015,37.32128295889665,0.1636898375390204,1218.9197182858547,2,4.0,6.0,5.0,14.0,4.2,-2.1344,6.7372,1746.31031355,1742.4737892,3.836524349999991,0.0020064
89,139,228,0.219298245614035,10.964912280701755,37.32128295889665,0.1636898375390204,1247.1536320145894,0,4.0,7.0,5.0,13.0,4.55,-2.5382,6.7222,1744.73022204,1741.7369844,2.993237639999961,0.0020976
90,138,228,0.2105263157894736,10.105263157894736,37.32128295889665,0.1636898375390204,1275.7121516861848,2,4.0,8.0,5.0,12.0,4.8,-3.089,6.5847,1745.74796,1743.0783996,2.6695603999999094,0.0018012
91,137,228,0.2017543859649122,9.280701754385966,37.32128295889665,0.1636898375390204,1304.5952978857545,0,4.0,9.0,5.0,11.0,4.95,-3.1018,6.0681,1742.20835399,1740.1433328,2.065021189999925,0.004332
92,136,228,0.1929824561403508,8.491228070175438,37.32128295889665,0.1636898375390204,1333.8030908206788,2,4.0,10.0,5.0,10.0,5.0,-3.4609,5.613,1741.25973553,1739.0645964,2.195139129999916,0.0134748
94,134,228,0.175438596491228,7.017543859649122,37.32128295889665,0.1636898375390204,1393.192695902839,2,4.0,12.0,5.0,8.0,4.8,-2.2158,5.3757,1732.84564014,1730.6120892,2.2335509399999864,0.0233472
86,143,229,0.2489082969432314,14.187772925764191,37.43032990148211,0.1634512222772145,1161.729666233853,1,4.0,4.0,5.0,17.0,3.238095238095238,-1.5115,6.5925,1747.00067961,1741.6875983,5.313081309999916,0.0130301
87,142,229,0.2401746724890829,13.209606986899564,37.43032990148211,0.1634512222772145,1189.2742203158,1,4.0,5.0,5.0,16.0,3.809523809523809,-1.8645,7.0305,1749.32470054,1744.599402,4.72529854000004,0.0049922
88,141,229,0.2314410480349345,12.266375545851528,37.43032990148211,0.1634512222772145,1217.142864865557,1,4.0,6.0,5.0,15.0,4.285714285714286,-2.2001,7.2948,1751.00362404,1746.9233398,4.080284240000083,0.0154346
89,140,229,0.222707423580786,11.358078602620088,37.43032990148211,0.1634512222772145,1245.335621227301,1,4.0,7.0,5.0,14.0,4.666666666666667,-2.4894,7.2919,1751.38352707,1748.0130134,3.3705136699998093,0.0121141
90,139,229,0.2139737991266375,10.48471615720524,37.43032990148211,0.1634512222772145,1273.8525103447298,1,4.0,8.0,5.0,13.0,4.9523809523809526,-2.859,7.2479,1751.09371792,1748.335079,2.7586389200000667,0.0024045
91,138,229,0.2052401746724891,9.646288209606986,37.43032990148211,0.1634512222772145,1302.6935527729484,1,4.0,9.0,5.0,12.0,5.142857142857143,-3.2037,6.9543,1749.52934617,1747.2414208,2.287925370000039,0.0032747
92,137,229,0.1965065502183406,8.842794759825328,37.43032990148211,0.1634512222772145,1331.8587686898811,1,4.0,10.0,5.0,11.0,5.238095238095238,-3.5519,6.5054,1747.27095854,1745.1452922,2.1256663399999525,0.0059311
93,136,229,0.1877729257641921,8.074235807860262,37.43032990148211,0.1634512222772145,1361.3481779072245,1,4.0,11.0,5.0,10.0,5.238095238095238,-3.1866,6.2429,1743.76216987,1741.7721909,1.9899789700000383,0.1011722
94,135,229,0.1790393013100436,7.3406113537117905,37.43032990148211,0.1634512222772145,1391.1617998809663,1,4.0,12.0,5.0,9.0,5.142857142857143,-2.5587,6.1077,1739.53534301,1737.3962986,2.139044409999997,0.0606392
95,134,229,0.1703056768558952,6.641921397379913,37.43032990148211,0.1634512222772145,1421.2996537214972,1,4.0,13.0,5.0,8.0,4.9523809523809526,-1.946,5.8896,1734.0820093,1731.8284613,2.2535479999999097,0.1063476
87,143,230,0.2434782608695652,13.634782608695652,37.539218229773184,0.1632139923033617,1187.5481304875404,0,4.0,5.0,5.0,17.0,3.863636363636364,-1.6449,7.3285,1753.75318113,1748.852196,4.900985129999981,0.006532
88,142,230,0.2347826086956521,12.678260869565218,37.539218229773184,0.1632139923033617,1215.3763270202942,2,4.0,6.0,5.0,16.0,4.363636363636363,-2.1948,7.7781,1757.37886083,1753.040312,4.338548829999809,0.010304
89,141,230,0.2260869565217391,11.756521739130434,37.539218229773184,0.1632139923033617,1243.528164955358,0,4.0,7.0,5.0,15.0,4.7727272727272725,-2.6064,7.8538,1756.45306425,1752.935892,3.5171722499999305,0.015847
90,140,230,0.217391304347826,10.869565217391305,37.539218229773184,0.1632139923033617,1272.0036652060323,2,4.0,8.0,5.0,14.0,5.090909090909091,-2.8323,7.8467,1758.12503594,1755.129402,2.9956339400000616,0.001219
91,139,230,0.208695652173913,10.017391304347829,37.539218229773184,0.1632139923033617,1300.8028482975888,0,4.0,9.0,5.0,13.0,5.318181818181818,-3.3088,7.5811,1755.25285808,1753.036034,2.216824079999924,0.003036
92,138,230,0.2,9.2,37.539218229773184,0.1632139923033617,1329.9257343786664,2,4.0,10.0,5.0,12.0,5.454545454545454,-3.7196,7.3839,1754.97143987,1752.812221,2.159218870000132,0.004508
93,137,230,0.1913043478260869,8.417391304347825,37.539218229773184,0.1632139923033617,1359.372343232206,0,4.0,11.0,5.0,11.0,5.5,-3.3049,7.1443,1750.15257188,1748.408273,1.7442988800000876,0.055016
94,136,230,0.1826086956521739,7.669565217391304,37.539218229773184,0.1632139923033617,1389.1426942859584,2,4.0,12.0,5.0,10.0,5.454545454545454,-2.975,6.8661,1747.91807262,1745.930368,1.9877046199999315,0.014444
87,144,231,0.2467532467532467,14.064935064935066,37.64794886261285,0.1629781336043846,1185.8320180815108,1,4.0,5.0,5.0,18.0,3.9130434782608696,-1.4825,7.5886,1759.51307691,1754.3297079,5.183369010000206,0.0077385
88,143,231,0.238095238095238,13.095238095238097,37.64794886261285,0.1629781336043846,1213.6200004013992,1,4.0,6.0,5.0,17.0,4.434782608695652,-2.0307,8.0665,1761.83583321,1757.4114558,4.424377409999806,0.0113652
89,142,231,0.2294372294372294,12.16017316017316,37.64794886261285,0.1629781336043846,1241.731156433059,1,4.0,7.0,5.0,16.0,4.869565217391305,-2.6412,8.384,1762.85759852,1759.0827408,3.77485772,0.0130515
90,141,231,0.2207792207792207,11.25974025974026,37.64794886261285,0.1629781336043846,1270.1655070595673,1,4.0,8.0,5.0,15.0,5.217391304347826,-2.8823,8.4248,1763.22465103,1760.2474428,2.97720822999986,0.0012243
91,140,231,0.2121212121212121,10.393939393939394,37.64794886261285,0.1629781336043846,1298.9230727765364,1,4.0,9.0,5.0,14.0,5.478260869565218,-3.2831,8.2209,1762.31500918,1759.8565677,2.458441480000147,0.0017787
92,139,231,0.2034632034632034,9.562770562770565,37.64794886261285,0.1629781336043846,1328.0038737034884,1,4.0,10.0,5.0,13.0,5.652173913043479,-3.7299,8.0533,1760.72651477,1758.6926049,2.0339098699998885,0.0026796
93,138,231,0.1948051948051948,8.766233766233766,37.64794886261285,0.1629781336043846,1357.407929594776,1,4.0,11.0,5.0,12.0,5.739130434782608,-3.4714,8.0262,1757.88532087,1756.0925151,1.7928057700000863,0.0511434
94,137,231,0.1861471861471861,8.004329004329005,37.64794886261285,0.1629781336043846,1387.1352598500753,1,4.0,12.0,5.0,11.0,5.739130434782608,-3.0945,7.7786,1754.3414217,1752.6252744,1.716147299999875,0.0220605
87,145,232,0.25,14.5,37.75652270956944,0.1627436323688338,1184.1257826053402,0,4.0,5.0,5.0,19.0,3.9583333333333335,-1.3516,7.7277,1763.71171911,1758.4087592,5.302959910000027,0.0139664
88,144,232,0.2413793103448276,13.517241379310343,37.75652270956944,0.1627436323688338,1211.873782161631,2,4.0,6.0,5.0,18.0,4.5,-1.8773,8.301,1767.96905135,1763.2022968,4.76675454999986,0.0091408
89,143,232,0.2327586206896551,12.56896551724138,37.75652270956944,0.1627436323688338,1239.9444904309044,0,4.0,7.0,5.0,17.0,4.958333333333333,-2.3328,8.6248,1767.68770716,1763.762484,3.92522315999986,0.0130384
90,142,232,0.2241379310344827,11.655172413793103,37.75652270956944,0.1627436323688338,1268.33792826619,2,4.0,8.0,5.0,16.0,5.333333333333333,-3.1493,8.9578,1770.00410117,1766.6878416,3.316259570000057,0.0014152
91,141,232,0.2155172413793103,10.775862068965518,37.75652270956944,0.1627436323688338,1297.0541161336105,0,4.0,9.0,5.0,15.0,5.625,-3.3853,8.8508,1767.78930412,1765.4056704,2.3836337200000344,0.007656
92,140,232,0.2068965517241379,9.93103448275862,37.75652270956944,0.1627436323688338,1326.0930741237378,2,4.0,10.0,5.0,14.0,5.833333333333333,-3.9371,8.691,1768.16507542,1765.9604288,2.2046466199999486,0.0018096
94,138,232,0.1896551724137931,8.344827586206897,37.75652270956944,0.1627436323688338,1385.1393790216655,2,4.0,12.0,5.0,12.0,6.0,-3.3246,8.6631,1762.45197409,1760.6442648,1.807709290000048,0.0168896
87,146,233,0.2532188841201717,14.939914163090128,37.86494067106982,0.1625104749831323,1182.429325006383,1,4.0,5.0,5.0,20.0,4.0,-1.4103,7.874,1769.23814253,1763.6328734,5.605269129999897,0.019572
88,145,233,0.2446351931330472,13.944206008583691,37.86494067106982,0.1625104749831323,1210.1375709272118,1,4.0,6.0,5.0,19.0,4.56,-1.7368,8.4335,1772.1950922,1767.4365052,4.758587000000034,0.0085977
89,144,233,0.2360515021459227,12.982832618025752,37.86494067106982,0.1625104749831323,1238.16806322699,1,4.0,7.0,5.0,18.0,5.04,-2.1189,8.8208,1773.84913656,1769.6801787,4.168957860000091,0.013048
90,143,233,0.2274678111587982,12.055793991416309,37.86494067106982,0.1625104749831323,1266.5208227288726,1,4.0,8.0,5.0,17.0,5.44,-2.786,9.1835,1774.86320901,1771.4742321,3.388976909999883,0.0014213
91,142,233,0.2188841201716738,11.163090128755364,37.86494067106982,0.1625104749831323,1295.1958698696603,1,4.0,9.0,5.0,16.0,5.76,-3.4727,9.399,1774.59851675,1771.9341275,2.664389250000113,0.0013281
92,141,233,0.2103004291845493,10.304721030042918,37.86494067106982,0.1625104749831323,1324.1932247111424,1,4.0,10.0,5.0,15.0,6.0,-3.904,9.2898,1773.66987149,1771.7220742,1.9477972900001528,0.0022601
93,140,233,0.2017167381974249,9.48068669527897,37.86494067106982,0.1625104749831323,1353.5129069509887,1,4.0,11.0,5.0,14.0,6.16,-3.742,9.3977,1771.48629513,1769.9103128,1.575982329999988,0.0509804
94,139,233,0.1931330472103004,8.69098712446352,37.86494067106982,0.1625104749831323,1383.1549359332075,1,4.0,12.0,5.0,13.0,6.24,-3.4077,9.3871,1768.61507702,1767.0246544,1.5904226200000269,0.0541725
96,137,233,0.1759656652360515,7.214592274678112,37.86494067106982,0.1625104749831323,1443.4061097924207,1,4.0,14.0,5.0,11.0,6.16,-2.7016,8.7911,1759.69882287,1758.218466,1.4803568699999232,0.081084
88,146,234,0.2478632478632478,14.376068376068377,37.97320363853009,0.1622786480279064,1208.4112667705,2,4.0,6.0,5.0,20.0,4.615384615384615,-1.7711,8.5726,1778.09176798,1772.9112726,5.180495379999911,0.0083772
89,145,234,0.2393162393162393,13.401709401709402,37.97320363853009,0.1622786480279064,1236.4017725790443,0,4.0,7.0,5.0,19.0,5.115384615384615,-2.0267,8.944,1778.44526446,1774.2183498,4.226914660000148,0.0139698
90,144,234,0.2307692307692307,12.461538461538462,37.97320363853009,0.1622786480279064,1264.7140858641017,2,4.0,8.0,5.0,18.0,5.538461538461538,-2.7698,9.3422,1781.39649807,1777.6642338,3.732264270000087,0.0025974
91,143,234,0.2222222222222222,11.555555555555555,37.97320363853009,0.1622786480279064,1293.3482270333184,0,4.0,9.0,5.0,17.0,5.884615384615385,-3.2523,9.6162,1779.82927022,1777.1559858,2.6732844199998453,0.004095
92,142,234,0.2136752136752136,10.683760683760685,37.97320363853009,0.1622786480279064,1322.304216119866,2,4.0,10.0,5.0,16.0,6.153846153846154,-4.061,9.8479,1780.85245362,1778.567544,2.284909620000008,0.0011232
93,141,234,0.2051282051282051,9.846153846153848,37.97320363853009,0.1622786480279064,1351.5820727933135,0,4.0,11.0,5.0,15.0,6.346153846153846,-3.7857,10.0206,1777.36419793,1775.9753388,1.388859130000128,0.0084006
94,140,234,0.1965811965811965,9.042735042735044,37.97320363853009,0.1622786480279064,1381.1818163700757,2,4.0,12.0,5.0,14.0,6.461538461538462,-3.6619,10.0886,1776.45963463,1774.7978274,1.6618072300000222,0.0068094
96,138,234,0.1794871794871795,7.538461538461538,37.97320363853009,0.1622786480279064,1441.3470397932565,2,4.0,14.0,5.0,12.0,6.461538461538462,-2.9013,9.6849,1768.21804109,1766.8607112,1.3573298900000736,0.017082
89,146,235,0.2425531914893617,13.825531914893617,38.08131249448381,0.1620481382743992,1234.6455176971078,1,4.0,7.0,5.0,20.0,5.185185185185185,-2.0537,9.0657,1784.36907801,1779.7736985,4.595379510000157,0.0139825
90,145,235,0.2340425531914893,12.872340425531917,38.08131249448381,0.1620481382743992,1262.9176145739325,1,4.0,8.0,5.0,19.0,5.62962962962963,-2.7662,9.4579,1786.02055859,1782.330757,3.689801590000116,0.0130425
91,144,235,0.225531914893617,11.953191489361702,38.08131249448381,0.1620481382743992,1291.5110821924202,1,4.0,9.0,5.0,18.0,6.0,-3.1679,9.7819,1786.39126265,1783.2772665,3.113996150000048,0.0139825
92,143,235,0.2170212765957447,11.06808510638298,38.08131249448381,0.1620481382743992,1320.425940557286,1,4.0,10.0,5.0,17.0,6.296296296296297,-3.8766,10.105,1786.11265714,1783.8650485,2.247608639999953,0.001128
93,142,235,0.2085106382978723,10.217021276595744,38.08131249448381,0.1620481382743992,1349.66220931016,1,4.0,11.0,5.0,16.0,6.518518518518518,-4.0226,10.5861,1784.57695271,1782.9584185,1.6185342099997797,0.0013865
94,141,235,0.2,9.4,38.08131249448381,0.1620481382743992,1379.2199077400176,1,4.0,12.0,5.0,15.0,6.666666666666667,-3.7823,10.7506,1782.3684086,1781.0367765,1.331632099999979,0.0205155
95,140,235,0.1914893617021276,8.617021276595745,38.08131249448381,0.1620481382743992,1409.0990547932045,1,4.0,13.0,5.0,14.0,6.7407407407407405,-3.4296,10.6504,1778.92615937,1777.812177,1.1139823700000306,0.052781
89,147,236,0.2457627118644068,14.254237288135592,38.189268112707936,0.1618189326809659,1232.8991992168278,0,4.0,7.0,5.0,21.0,5.25,-2.0323,9.0801,1788.73650405,1783.9811828,4.755321249999952,0.0381848
90,146,236,0.2372881355932203,13.28813559322034,38.189268112707936,0.1618189326809659,1261.131307218672,2,4.0,8.0,5.0,20.0,5.714285714285714,-2.7584,9.5907,1792.31321603,1788.1646368,4.148579229999996,0.0139712
91,145,236,0.2288135593220339,12.35593220338983,38.189268112707936,0.1618189326809659,1289.6843314060682,0,4.0,9.0,5.0,19.0,6.107142857142857,-3.195,9.8978,1791.38397406,1788.3035228,3.08045125999979,0.0139712
92,144,236,0.2203389830508474,11.457627118644067,38.189268112707936,0.1618189326809659,1318.5582917554364,2,4.0,10.0,5.0,18.0,6.428571428571429,-3.7688,10.2672,1793.04501818,1790.4105544,2.634463780000033,0.0011092
93,143,236,0.211864406779661,10.59322033898305,38.189268112707936,0.1618189326809659,1347.753207880624,0,4.0,11.0,5.0,17.0,6.678571428571429,-3.8157,10.8196,1790.20728425,1788.6946928,1.512591449999945,0.0504096
94,142,236,0.2033898305084746,9.76271186440678,38.189268112707936,0.1618189326809659,1377.2690990433246,2,4.0,12.0,5.0,16.0,6.857142857142857,-4.0463,11.3502,1789.95296153,1788.3889312,1.5640303300001506,0.0018172
96,140,236,0.1864406779661017,8.203389830508474,38.189268112707936,0.1618189326809659,1437.2638818269277,2,4.0,14.0,5.0,14.0,7.0,-3.0964,11.1602,1783.03704608,1781.872924,1.16412207999997,0.0176292
90,147,237,0.240506329113924,13.708860759493673,38.29707135834644,0.1615910183896475,1259.3550635901786,1,4.0,8.0,5.0,21.0,5.793103448275862,-2.677,9.6123,1796.70752039,1792.5360621,4.171458289999919,0.0158316
91,146,237,0.2320675105485232,12.763713080168776,38.29707135834644,0.1615910183896475,1287.867872197328,1,4.0,9.0,5.0,20.0,6.206896551724138,-3.1846,10.0157,1797.70428744,1794.1811739,3.5231135399999403,0.013035
92,145,237,0.2236286919831223,11.852320675105483,38.29707135834644,0.1615910183896475,1316.701164943088,1,4.0,10.0,5.0,19.0,6.551724137931035,-3.7376,10.3759,1798.06613961,1795.5363162,2.529823409999836,0.0012087
93,144,237,0.2151898734177215,10.974683544303796,38.29707135834644,0.1615910183896475,1345.8549614136805,1,4.0,11.0,5.0,18.0,6.827586206896552,-3.7594,11.0095,1797.16878589,1795.2725115,1.8962743899999168,0.0011139
94,143,237,0.2067510548523206,10.130801687763713,38.29707135834644,0.1615910183896475,1375.3292808436704,1,4.0,12.0,5.0,17.0,7.0344827586206895,-3.9072,11.5974,1795.61314072,1794.2700963,1.3430444200000693,0.0017064
96,141,237,0.189873417721519,8.544303797468354,38.29707135834644,0.1615910183896475,1435.239563821383,1,4.0,14.0,5.0,15.0,7.241379310344827,-3.5064,11.9012,1789.34852123,1788.5499117,0.7986095300000216,0.0743943
98,139,237,0.1729957805907173,7.0928270042194095,38.29707135834644,0.1615910183896475,1496.4321610898414,1,4.0,16.0,5.0,13.0,7.172413793103448,-2.6846,11.0243,1779.27227853,1778.2941159,0.9781626300000426,0.0973359
91,147,238,0.2352941176470588,13.176470588235292,38.4047230880316,0.1613643827228219,1286.0616035265357,0,4.0,9.0,5.0,21.0,6.3,-3.097,10.0084,1802.46428702,1798.8860862,3.57820082000012,0.015827
92,146,238,0.226890756302521,12.252100840336135,38.4047230880316,0.1613643827228219,1314.854456818461,2,4.0,10.0,5.0,20.0,6.666666666666667,-3.8327,10.4889,1804.75385948,1801.6900356,3.0638238799999726,0.0014994
93,145,238,0.2184873949579832,11.361344537815128,38.4047230880316,0.1613643827228219,1343.9673643202889,0,4.0,11.0,5.0,19.0,6.966666666666667,-3.7402,11.1532,1802.55709445,1800.760836,1.7962584500000958,0.0011424
94,144,238,0.2100840336134453,10.504201680672267,38.4047230880316,0.1613643827228219,1373.4003452396062,2,4.0,12.0,5.0,18.0,7.2,-3.8041,11.7886,1802.94349427,1801.2699418,1.6735524700000042,0.0011424
95,143,238,0.2016806722689075,9.680672268907562,38.4047230880316,0.1613643827228219,1403.1534184428149,0,4.0,13.0,5.0,17.0,7.366666666666666,-3.7968,12.2455,1798.85029267,1798.2293014,0.6209912700001041,0.058905
96,142,238,0.1932773109243697,8.890756302521009,38.4047230880316,0.1613643827228219,1433.2266024647265,2,4.0,14.0,5.0,16.0,7.466666666666667,-3.9094,12.5513,1797.3338097,1796.4231908,0.910618900000145,0.0122332
92,147,239,0.2301255230125523,12.656903765690377,38.51222415000313,0.1611390131799294,1313.018065522543,1,4.0,10.0,5.0,21.0,6.774193548387097,-3.476,10.4608,1809.54124032,1806.4964136,3.0448267199999464,0.0015057
93,146,239,0.2217573221757322,11.753138075313808,38.51222415000313,0.1611390131799294,1342.0903124861209,1,4.0,11.0,5.0,20.0,7.096774193548387,-3.856,11.286,1809.27293351,1806.975752,2.297181509999973,0.0013145
94,145,239,0.2133891213389121,10.882845188284518,38.51222415000313,0.1611390131799294,1371.4821858366938,1,4.0,12.0,5.0,19.0,7.354838709677419,-3.7474,11.9426,1808.36063697,1806.9161693,1.4444676699999943,0.0011233
95,144,239,0.205020920502092,10.04602510460251,38.51222415000313,0.1611390131799294,1401.1937044143133,1,4.0,13.0,5.0,18.0,7.548387096774194,-3.7764,12.4563,1806.21017234,1805.3316949,0.878477440000097,0.0019837
96,143,239,0.1966527196652719,9.242677824267782,38.51222415000313,0.1611390131799294,1431.224886727905,1,4.0,14.0,5.0,17.0,7.67741935483871,-3.837,12.8462,1803.39277008,1802.7927501,0.6000199800000701,0.1500681
92,148,240,0.2333333333333333,13.066666666666666,38.61957538422518,0.1609148974342716,1311.1918906130063,2,4.0,10.0,5.0,22.0,6.875,-3.4081,10.4771,1815.98972832,1812.42492,3.564808320000111,0.002544
93,147,240,0.225,12.15,38.61957538422518,0.1609148974342716,1340.2237032448993,0,4.0,11.0,5.0,21.0,7.21875,-3.7763,11.2823,1814.42459801,1812.041832,2.382766009999841,0.01704
94,146,240,0.2166666666666666,11.266666666666667,38.61957538422518,0.1609148974342716,1369.574697720256,2,4.0,12.0,5.0,20.0,7.5,-3.9647,12.1011,1815.4424188,1813.450392,1.992026800000076,0.001104
95,145,240,0.2083333333333333,10.416666666666666,38.61957538422518,0.1609148974342716,1399.2448928529243,0,4.0,13.0,5.0,19.0,7.71875,-3.8568,12.6289,1811.99301337,1811.283264,0.7097493700000541,0.013824
96,144,240,0.2,9.6,38.61957538422518,0.1609148974342716,1429.2343071260868,2,4.0,14.0,5.0,18.0,7.875,-3.8749,13.0688,1811.11996177,1810.286808,0.8331537699998535,0.001896
98,142,240,0.1833333333333333,8.066666666666666,38.61957538422518,0.1609148974342716,1490.1708654281508,2,4.0,16.0,5.0,16.0,8.0,-3.8068,13.1718,1803.02235725,1802.4576,0.5647572499999569,0.018024
93,148,241,0.2282157676348547,12.551867219917012,38.7267776225012,0.1606920233298805,1338.3674353523231,1,4.0,11.0,5.0,22.0,7.333333333333333,-3.6109,11.2821,1820.90019463,1818.1142666,2.7859280299999227,0.100015
94,147,241,0.2199170124481327,11.655601659751037,38.7267776225012,0.1606920233298805,1367.6777774287343,1,4.0,12.0,5.0,21.0,7.636363636363637,-3.9499,12.1261,1820.62191419,1818.6919195,1.9299946900000575,0.0011086
95,146,241,0.2116182572614107,10.792531120331953,38.7267776225012,0.1606920233298805,1397.3068780557187,1,4.0,13.0,5.0,20.0,7.878787878787879,-3.9955,12.7819,1819.10332589,1817.9303595,1.172966390000056,0.0011086
96,145,241,0.2033195020746888,9.962655601659751,38.7267776225012,0.1606920233298805,1427.2547556908578,1,4.0,14.0,5.0,19.0,8.06060606060606,-3.974,13.2504,1816.93201086,1816.3805608,0.5514500599999792,0.0016147
93,149,242,0.2314049586776859,12.958677685950413,38.833831688586685,0.1604703788784574,1336.5214089605695,0,4.0,11.0,5.0,23.0,7.4411764705882355,-3.4668,11.2999,1825.82043113,1823.0838164,2.736614730000156,0.200013
94,148,242,0.2231404958677686,12.049586776859504,38.833831688586685,0.1604703788784574,1365.791322927633,2,4.0,12.0,5.0,22.0,7.764705882352941,-3.9202,12.1353,1827.46058121,1825.0014728,2.459108409999999,0.0012584
95,147,242,0.2148760330578512,11.173553719008265,38.833831688586685,0.1604703788784574,1395.3795557777446,0,4.0,13.0,5.0,21.0,8.029411764705882,-4.0056,12.8267,1824.64566772,1823.4679914,1.1776763199998186,0.0011132
96,146,242,0.2066115702479339,10.330578512396697,38.833831688586685,0.1604703788784574,1425.286125943028,2,4.0,14.0,5.0,20.0,8.235294117647058,-4.1787,13.424,1824.40677861,1823.349968,1.0568106099999568,0.0011374
98,144,242,0.1900826446280991,8.743801652892563,38.833831688586685,0.1604703788784574,1486.0543503535469,2,4.0,16.0,5.0,18.0,8.470588235294118,-3.8777,13.7654,1817.60164121,1817.2019822,0.3996590100000503,0.0128986
94,149,243,0.2263374485596707,12.448559670781894,38.94073839830002,0.1602499522563787,1363.915233584033,1,4.0,12.0,5.0,23.0,7.885714285714286,-3.7563,12.1613,1832.4076558,1830.0351141,2.372541699999829,0.0025515
95,148,243,0.2181069958847736,11.559670781893004,38.94073839830002,0.1602499522563787,1393.4628232059924,1,4.0,13.0,5.0,22.0,8.17142857142857,-4.0745,12.8778,1831.5118799,1829.8323306,1.6795492999999624,0.0013851
96,147,243,0.2098765432098765,10.703703703703704,38.94073839830002,0.1602499522563787,1423.3283128660414,1,4.0,14.0,5.0,21.0,8.4,-4.2643,13.5024,1829.97735071,1829.0430423,0.9343084100000852,0.0015066
97,146,243,0.2016460905349794,9.880658436213992,38.94073839830002,0.1602499522563787,1453.511720650847,1,4.0,15.0,5.0,20.0,8.571428571428571,-4.122,13.8363,1827.22295361,1826.7530103,0.4699433100001897,0.0045198
94,150,244,0.2295081967213114,12.852459016393444,39.04749855963123,0.1600307318017673,1362.0494101416691,2,4.0,12.0,5.0,24.0,8.0,-3.6686,12.1951,1839.00850069,1836.0549576,2.953543089999812,0.0023424
95,149,244,0.221311475409836,11.950819672131148,39.04749855963123,0.1600307318017673,1391.556578933929,0,4.0,13.0,5.0,23.0,8.305555555555555,-3.9484,12.9451,1836.81898456,1835.199518,1.6194665600000917,0.0014884
96,148,244,0.2131147540983606,11.081967213114757,39.04749855963123,0.1600307318017673,1421.3812128799616,2,4.0,14.0,5.0,22.0,8.555555555555555,-4.3763,13.5774,1837.20519651,1835.8444588,1.360737709999967,0.001098
97,147,244,0.2049180327868852,10.245901639344265,39.04749855963123,0.1600307318017673,1451.5233300416933,0,4.0,15.0,5.0,21.0,8.75,-4.2223,13.9248,1833.15491166,1832.8001196,0.3547920599999088,0.014396
98,146,244,0.1967213114754098,9.442622950819672,39.04749855963123,0.1600307318017673,1481.982948170155,2,4.0,16.0,5.0,20.0,8.88888888888889,-4.2507,14.1536,1831.67401924,1831.2535012,0.4205180399999335,0.0026108
94,151,245,0.2326530612244897,13.261224489795918,39.15411297284888,0.1598127060116281,1360.193754696547,1,4.0,12.0,5.0,25.0,8.108108108108109,-3.2418,12.0447,1843.72822453,1840.754139,2.9740855300001385,0.013622
95,150,245,0.2244897959183673,12.346938775510203,39.15411297284888,0.1598127060116281,1389.6607229365857,1,4.0,13.0,5.0,24.0,8.432432432432432,-3.8215,13.0233,1843.44639915,1841.2495535,2.1968456499998865,0.0018865
96,149,245,0.2163265306122449,11.46530612244898,39.15411297284888,0.1598127060116281,1419.444723816029,1,4.0,14.0,5.0,23.0,8.702702702702704,-4.3058,13.6892,1842.53956318,1841.3630865,1.1764766799999506,0.0011515
97,148,245,0.2081632653061224,10.616326530612245,39.15411297284888,0.1598127060116281,1449.5457753721944,1,4.0,15.0,5.0,22.0,8.91891891891892,-4.4232,14.015,1840.41069033,1839.771493,0.6391973300001155,0.0017885
98,147,245,0.2,9.8,39.15411297284888,0.1598127060116281,1479.9638953319293,1,4.0,16.0,5.0,21.0,9.08108108108108,-4.3815,14.2533,1837.63455958,1837.417778,0.216781580000088,0.0024255
94,152,246,0.2357723577235772,13.67479674796748,39.260582430605055,0.1595958635390449,1358.3481706730895,2,4.0,12.0,5.0,26.0,8.210526315789474,-3.1708,11.7896,1850.09638197,1846.6088646,3.4875173699999777,0.0149814
96,150,246,0.2195121951219512,11.853658536585366,39.260582430605055,0.1595958635390449,1417.5187448917688,2,4.0,14.0,5.0,24.0,8.842105263157896,-4.3508,13.8091,1849.52582467,1847.8220136,1.7038110700000288,0.0015252
97,149,246,0.2113821138211382,10.991869918699187,39.260582430605055,0.1595958635390449,1447.578953722661,0,4.0,15.0,5.0,23.0,9.078947368421051,-4.3652,14.1479,1846.10367603,1845.689661,0.4140150300002005,0.060024
98,148,246,0.2032520325203252,10.16260162601626,39.260582430605055,0.1595958635390449,1477.9558007416645,2,4.0,16.0,5.0,22.0,9.263157894736842,-4.6026,14.3492,1845.25051293,1844.784012,0.4665009299999383,0.0015252
99,147,246,0.1951219512195122,9.365853658536585,39.260582430605055,0.1595958635390449,1508.6493033499762,0,4.0,17.0,5.0,21.0,9.394736842105264,-4.3892,14.4103,1839.97896063,1840.2730854,-0.2941247699998257,0.089913
100,146,246,0.1869918699186991,8.601626016260163,39.260582430605055,0.1595958635390449,1539.6594786553346,2,4.0,18.0,5.0,20.0,9.473684210526317,-4.3886,14.3291,1837.27044676,1837.1183568,0.152089960000012,0.0136776
96,151,247,0.2226720647773279,12.246963562753036,39.36690771803848,0.1593801931904392,1415.6031766866372,1,4.0,14.0,5.0,25.0,8.974358974358974,-4.2187,13.6831,1854.62910084,1852.9771546,1.651946240000143,0.0038038
97,150,247,0.2145748987854251,11.37246963562753,39.36690771803848,0.1593801931904392,1445.6227635642156,1,4.0,15.0,5.0,24.0,9.23076923076923,-4.4837,14.2906,1853.11691898,1852.2383776,0.8785413800001152,0.005187
98,149,247,0.2064777327935222,10.530364372469636,39.36690771803848,0.1593801931904392,1475.9585607399408,1,4.0,16.0,5.0,23.0,9.435897435897436,-4.6039,14.4956,1850.97113712,1850.8361586,0.1349785200000042,0.014326
99,148,247,0.1983805668016194,9.720647773279351,39.36690771803848,0.1593801931904392,1506.6105855914943,1,4.0,17.0,5.0,22.0,9.58974358974359,-4.666,14.5164,1847.62318853,1847.5848235,0.0383650300000226,0.0194389
96,152,248,0.2258064516129032,12.64516129032258,39.47308961287589,0.1591656839228866,1413.6979211181908,2,4.0,14.0,5.0,26.0,9.1,-4.1419,13.4417,1861.37895751,1859.1888168,2.1901407099999237,0.002356
97,151,248,0.2177419354838709,11.758064516129032,39.47308961287589,0.1591656839228866,1443.677104734458,0,4.0,15.0,5.0,25.0,9.375,-4.3647,14.1932,1858.57608097,1857.66818,0.907900970000128,0.0500464
98,150,248,0.2096774193548387,10.903225806451612,39.47308961287589,0.1591656839228866,1473.9720730624915,2,4.0,16.0,5.0,24.0,9.6,-4.7547,14.6642,1858.34181672,1857.778912,0.5629047200000059,0.0051336
100,148,248,0.1935483870967742,9.290322580645162,39.47308961287589,0.1591656839228866,1535.509432978365,2,4.0,18.0,5.0,22.0,9.9,-4.8976,14.5604,1851.6227048,1851.5543848,0.0683200000000852,0.0085064
96,153,249,0.2289156626506024,13.048192771084338,39.57912888553151,0.158952324841492,1411.8028814187703,1,4.0,14.0,5.0,27.0,9.21951219512195,-3.7236,13.2454,1866.25610733,1863.902199,2.3539083299999675,0.0023655
97,152,249,0.2208835341365461,12.14859437751004,39.57912888553151,0.158952324841492,1441.7418784136526,1,4.0,15.0,5.0,26.0,9.51219512195122,-4.3349,13.9392,1865.35197708,1864.024209,1.327768080000169,0.001245
98,151,249,0.2128514056224899,11.281124497991968,39.57912888553151,0.158952324841492,1471.9962368158904,1,4.0,16.0,5.0,25.0,9.75609756097561,-4.6443,14.559,1863.82768224,1863.3654546,0.4622276400000373,0.0011952
100,149,249,0.1967871485943775,9.6425702811245,39.57912888553151,0.158952324841492,1533.4511068742802,1,4.0,18.0,5.0,23.0,10.097560975609756,-5.0354,14.7443,1857.72848554,1858.0043601,-0.2758745599999201,0.0062001
101,148,249,0.1887550200803212,8.8714859437751,39.57912888553151,0.158952324841492,1564.6516523234734,1,4.0,19.0,5.0,22.0,10.195121951219512,-4.655,14.4695,1853.17518631,1853.5602081,-0.3850217899998824,0.1644147
96,154,250,0.232,13.456,39.68502629920498,0.1587401051968199,1409.9179621126796,2,4.0,14.0,5.0,28.0,9.333333333333334,-3.4189,12.9771,1872.77458641,1869.734625,3.0399614099999326,0.010275
97,153,250,0.224,12.544,39.68502629920498,0.1587401051968199,1439.8169871014245,0,4.0,15.0,5.0,27.0,9.642857142857142,-3.9288,13.7263,1870.58231291,1868.98985,1.5924629099999947,0.0029
98,152,250,0.216,11.664,39.68502629920498,0.1587401051968199,1470.0309524537568,2,4.0,16.0,5.0,26.0,9.904761904761903,-4.697,14.329,1870.9583101,1869.989175,0.9691351000001304,0.00155
100,150,250,0.2,10.0,39.68502629920498,0.1587401051968199,1531.4037731888657,2,4.0,18.0,5.0,24.0,10.285714285714286,-5.2084,14.9454,1865.48251804,1865.522625,-0.0401069600000028,0.0079
101,149,250,0.192,9.216,39.68502629920498,0.1587401051968199,1562.562662319566,0,4.0,19.0,5.0,23.0,10.404761904761903,-4.7888,14.6761,1859.63670112,1860.413325,-0.7766238799999883,0.090925
96,155,251,0.2350597609561753,13.868525896414342,39.7907826099774,0.1585290143823801,1408.0430689938505,1,4.0,14.0,5.0,29.0,9.44186046511628,-3.0892,12.5631,1877.43042885,1874.1475483,3.2828805500000726,0.0226904
97,154,251,0.2270916334661354,12.94422310756972,39.7907826099774,0.1585290143823801,1437.9023345939515,1,4.0,15.0,5.0,28.0,9.767441860465116,-3.6288,13.4471,1877.125899,1874.7851887,2.340710299999955,0.0107428
98,153,251,0.2191235059760956,12.05179282868526,39.7907826099774,0.1585290143823801,1468.0761217534716,1,4.0,16.0,5.0,27.0,10.046511627906977,-4.2337,14.1125,1876.21442356,1875.0958514,1.1185721599999852,0.0038905
99,152,251,0.2111553784860557,11.191235059760956,39.7907826099774,0.1585290143823801,1498.564447757286,1,4.0,17.0,5.0,26.0,10.27906976744186,-4.9073,14.5743,1874.09644794,1873.9369342,0.1595137399999657,0.0052961
100,151,251,0.2031872509960159,10.362549800796812,39.7907826099774,0.1585290143823801,1529.367329598773,1,4.0,18.0,5.0,25.0,10.465116279069768,-5.2378,14.8959,1871.34994289,1871.7073263,-0.3573834100000113,0.0142819
101,150,251,0.1952191235059761,9.565737051792828,39.7907826099774,0.1585290143823801,1560.484783987601,1,4.0,19.0,5.0,24.0,10.604651162790695,-4.9769,14.911,1867.41840288,1867.9170255,-0.4986226199998782,0.0189254
98,154,252,0.2222222222222222,12.444444444444445,39.896398566905845,0.1583190419321661,1466.1316477933815,2,4.0,16.0,5.0,28.0,10.181818181818182,-3.964,13.8075,1883.1100693,1881.2675448,1.8425245000000812,0.0023688
99,153,252,0.2142857142857142,11.571428571428571,39.896398566905845,0.1583190419321661,1496.5795918611896,0,4.0,17.0,5.0,27.0,10.431818181818182,-4.5142,14.3459,1879.70440824,1879.2251856,0.479222639999989,0.0500472
100,152,252,0.2063492063492063,10.73015873015873,39.896398566905845,0.1583190419321661,1527.3416751359343,2,4.0,18.0,5.0,26.0,10.636363636363637,-5.3044,14.7107,1878.86034657,1878.9208452,-0.0604986299999836,0.0052164
101,151,252,0.1984126984126984,9.92063492063492,39.896398566905845,0.1583190419321661,1558.4179143051515,0,4.0,19.0,5.0,25.0,10.795454545454543,-4.8454,14.9124,1873.63892289,1874.4879888,-0.8490659100000357,0.0912744
102,150,252,0.1904761904761904,9.142857142857142,39.896398566905845,0.1583190419321661,1589.808325780535,2,4.0,20.0,5.0,24.0,10.909090909090908,-4.5741,14.822,1870.9732428,1871.3013984,-0.3281555999999455,0.0092988
98,155,253,0.225296442687747,12.84189723320158,40.00187491211624,0.158110177518246,1464.1974349304887,1,4.0,16.0,5.0,29.0,10.311111111111112,-3.6553,13.3855,1888.14129196,1886.0719141,2.0693778600000314,0.0042504
99,154,253,0.217391304347826,11.956521739130435,40.00187491211624,0.158110177518246,1494.605210160012,1,4.0,17.0,5.0,28.0,10.577777777777778,-4.2415,14.0363,1886.62557203,1885.5806387,1.044933330000049,0.0012397
100,153,253,0.2094861660079051,11.102766798418973,40.00187491211624,0.158110177518246,1525.326710164319,1,4.0,18.0,5.0,27.0,10.8,-4.908,14.4824,1884.49446239,1884.4632136,0.0312487900000633,0.0015433
102,151,253,0.1936758893280632,9.4901185770751,40.00187491211624,0.158110177518246,1587.7109508838898,1,4.0,20.0,5.0,25.0,11.11111111111111,-4.6621,14.8533,1877.22113446,1877.8853907,-0.6642562399999861,0.0069069
103,150,253,0.1857707509881423,8.731225296442688,40.00187491211624,0.158110177518246,1619.3737241109766,1,4.0,21.0,5.0,24.0,11.2,-4.5668,14.663,1872.10001936,1872.938254,-0.8382346399998823,0.1645259
98,156,254,0.2283464566929134,13.244094488188976,40.10721238089454,0.1579024109484037,1462.2733887786069,2,4.0,16.0,5.0,28.0,10.181818181818182,-3.4298,12.8921,1894.80687842,1892.1033786,2.7034998199999336,0.0114554
99,155,254,0.2204724409448819,12.346456692913383,40.10721238089454,0.1579024109484037,1492.6412063073976,0,4.0,17.0,5.0,29.0,10.717391304347826,-3.9462,13.5955,1892.00601954,1890.6682786,1.337740940000003,0.0029464
100,154,254,0.2125984251968504,11.48031496062992,40.10721238089454,0.1579024109484037,1523.32233635718,2,4.0,18.0,5.0,28.0,10.956521739130435,-4.6493,14.1696,1891.76634709,1890.9775744,0.7887726899998597,0.0018542
102,152,254,0.1968503937007874,9.84251968503937,40.10721238089454,0.1579024109484037,1585.6246003190877,2,4.0,20.0,5.0,26.0,11.304347826086955,-4.8773,14.7531,1885.11025577,1885.5920886,-0.4818328299998029,0.009652
103,151,254,0.1889763779527559,9.070866141732283,40.10721238089454,0.1579024109484037,1617.2457667003132,0,4.0,21.0,5.0,25.0,11.41304347826087,-4.7046,14.728,1878.69958255,1879.8871724,-1.1875898499999948,0.091313
99,156,255,0.2235294117647059,12.741176470588234,40.21241170177653,0.1576957321638295,1490.687485218074,1,4.0,17.0,5.0,28.0,10.577777777777778,-3.7774,13.1165,1898.69622283,1896.644508,2.05171482999981,0.010812
100,155,255,0.2156862745098039,11.862745098039216,40.21241170177653,0.1576957321638295,1521.3284566747736,1,4.0,18.0,5.0,29.0,11.106382978723405,-4.3613,13.729,1897.17205533,1896.15093,1.0211253299999044,0.003927
101,154,255,0.2078431372549019,11.015686274509804,40.21241170177653,0.1576957321638295,1552.2823471789095,1,4.0,19.0,5.0,28.0,11.319148936170214,-4.4713,14.2908,1894.4584729,1894.3269915,0.1314813999999842,0.005559
102,153,255,0.2,10.2,40.21241170177653,0.1576957321638295,1583.549173077562,1,4.0,20.0,5.0,27.0,11.48936170212766,-4.6225,14.5798,1891.12134957,1891.5747765,-0.4534269300002052,0.0140505
103,152,255,0.192156862745098,9.415686274509804,40.21241170177653,0.1576957321638295,1615.1289504502524,1,4.0,21.0,5.0,26.0,11.617021276595745,-4.9205,14.6553,1886.61578125,1887.6570585,-1.0412772499998937,0.017697
100,156,256,0.21875,12.25,40.317473596635935,0.1574901312368591,1519.344975342547,2,4.0,18.0,5.0,28.0,10.956521739130435,-4.2194,13.2438,1904.21038402,1902.5379328,1.6724512200000845,0.0030208
102,154,256,0.203125,10.5625,40.317473596635935,0.1574901312368591,1581.484569467683,2,4.0,20.0,5.0,28.0,11.666666666666666,-4.4807,14.3242,1898.76848213,1898.6349824,0.1334997300000395,0.007552
103,153,256,0.1953125,9.765625,40.317473596635935,0.1574901312368591,1613.023173681073,0,4.0,21.0,5.0,27.0,11.8125,-4.7003,14.4767,1892.97598334,1893.929088,-0.9531046600000082,0.0828928
104,152,256,0.1875,9.0,40.317473596635935,0.1574901312368591,1644.874337146139,2,4.0,22.0,5.0,26.0,11.916666666666666,-5.1915,14.5309,1889.73253447,1890.6713344,-0.9387999299999592,0.0178432
100,157,257,0.2217898832684824,12.6420233463035,40.42239878077115,0.1572855983687593,1517.3717978297768,1,4.0,18.0,5.0,27.0,10.8,-3.989,12.7039,1909.39244597,1907.5039094,1.888536569999815,0.0043433
101,156,257,0.2140077821011673,11.770428015564203,40.42239878077115,0.1572855983687593,1548.2451837038227,1,4.0,19.0,5.0,28.0,11.319148936170214,-4.0708,13.376,1907.27542474,1906.3192165,0.9562082400000236,0.0015677
102,155,257,0.2062256809338521,10.929961089494164,40.42239878077115,0.1572855983687593,1579.430691092521,1,4.0,20.0,5.0,29.0,11.83673469387755,-4.2743,13.8958,1904.54771763,1904.2822859,0.2654317300000457,0.0061937
104,153,257,0.1906614785992217,9.342412451361868,40.42239878077115,0.1572855983687593,1642.7381343047414,1,4.0,22.0,5.0,27.0,12.122448979591836,-4.9273,14.3434,1896.119523,1897.0982621,-0.9787390999999844,0.0108197
105,152,257,0.1828793774319066,8.59533073929961,40.42239878077115,0.1572855983687593,1674.8601014305127,1,4.0,21.0,5.0,26.0,11.617021276595745,-5.3084,14.2947,1890.43965976,1892.0280119,-1.58835213999987,0.1646342
101,157,258,0.2170542635658914,12.155038759689925,40.527187962990446,0.1570821238875599,1546.242276960987,0,4.0,19.0,5.0,27.0,11.152173913043478,-3.9333,12.8698,1912.80284838,1911.692667,1.110181379999858,0.003483
104,154,258,0.1937984496124031,9.689922480620154,40.527187962990446,0.1570821238875599,1640.612985574719,2,4.0,22.0,5.0,28.0,12.32,-4.7372,14.0854,1904.14085313,1904.6916306,-0.5507774699999572,0.0160992
105,153,258,0.1860465116279069,8.930232558139535,40.527187962990446,0.1570821238875599,1672.6933977160295,0,4.0,21.0,5.0,27.0,11.8125,-5.1365,14.1145,1897.17436091,1898.7459174,-1.5715564900001482,0.091848
102,157,259,0.2123552123552123,11.67953667953668,40.63184184569578,0.1568796982459297,1575.354722801945,1,4.0,20.0,5.0,27.0,11.48936170212766,-4.097,12.9586,1917.51003904,1916.5925926,0.9174464400000488,0.0063714
105,154,259,0.1891891891891892,9.27027027027027,40.63184184569578,0.1568796982459297,1670.537862599089,1,4.0,21.0,5.0,28.0,12.0,-5.0059,13.8733,1905.22218982,1906.3339134,-1.111723579999989,0.0566951
106,154,260,0.1846153846153846,8.861538461538462,40.73636112496519,0.1566783120190969,1700.7023173475714,2,4.0,20.0,5.0,28.0,11.666666666666666,-5.3596,13.6011,1907.90717943,1909.066432,-1.1592525700000351,0.02054
104,157,261,0.2030651340996168,10.762452107279694,40.84074649063382,0.1564779559028116,1634.3028732798527,1,4.0,22.0,5.0,27.0,12.122448979591836,-4.5245,12.7466,1923.99491018,1923.9316938,0.0632163800000853,0.0656676
106,155,261,0.1877394636015325,9.199233716475096,40.84074649063382,0.1564779559028116,1698.5275038276268,1,4.0,20.0,5.0,29.0,11.83673469387755,-5.2281,13.1796,1914.43036055,1915.680231,-1.2498704500001168,0.0185049
107,154,261,0.1800766283524904,8.46360153256705,40.84074649063382,0.1564779559028116,1731.105705718303,1,4.0,19.0,5.0,28.0,11.319148936170214,-5.3441,13.0847,1908.20046561,1909.8234693,-1.623003689999905,0.1798029
106,156,262,0.1908396946564885,9.541984732824428,40.94499862637359,0.1562786207113496,1696.3637721810478,2,4.0,20.0,5.0,28.0,11.666666666666666,-5.2312,12.746,1922.58112454,1923.3874832,-0.8063586599998871,0.0221652
107,155,262,0.183206106870229,8.793893129770993,40.94499862637359,0.1562786207113496,1728.900473132669,0,4.0,19.0,5.0,29.0,11.479166666666666,-5.2418,12.6707,1915.06750018,1916.7220722,-1.6545720199999323,0.0930624
108,156,264,0.1818181818181818,8.727272727272727,41.15310591240709,0.155882976940936,1757.2872501380243,2,4.0,18.0,5.0,28.0,10.956521739130435,-5.435,11.6421,1925.50349537,1926.7713168,-1.2678214299999129,0.0288816
108,157,265,0.1849056603773584,9.060377358490566,41.256962399927446,0.155686650565764,1755.074039672546,1,4.0,18.0,5.0,27.0,10.8,-5.4977,11.1969,1932.16006928,1933.505561,-1.3454917199999272,0.023956
108,158,266,0.18796992481203,9.398496240601505,41.36068833212256,0.1554913095192578,1752.871936933746,2,4.0,18.0,5.0,26.0,10.636363636363637,-5.6752,10.7473,1940.43759211,1941.3374526,-0.8998604900000373,0.0271054
109,157,266,0.1804511278195488,8.661654135338345,41.36068833212256,0.1554913095192578,1785.862041231111,0,4.0,17.0,5.0,27.0,10.431818181818182,-5.1411,10.1914,1932.38519118,1934.0221068,-1.6369156200000816,0.0964782
110,159,269,0.1821561338289963,8.925650557620818,41.67108930832694,0.1549111126703604,1812.3728497523025,1,4.0,16.0,5.0,25.0,9.75609756097561,-5.2183,8.3395,1949.31480251,1950.2917219,-0.9769193900001484,0.0313923
110,160,270,0.1851851851851851,9.25925925925926,41.774299502515,0.1547196277870926,1810.1325843666227,2,4.0,16.0,5.0,24.0,9.6,-5.7811,7.8976,1957.71650436,1958.516118,-0.7996136399999614,0.039285
