Z,N,A,I,I2A,A23,Am13,Ec,Npair,Zm,vp,Nm,vn,Casten,Esh,Edef,Eth
22,37,59,0.2542372881355932,3.8135593220338984,15.155421094002051,0.2568715439661365,112.29137037193556,1,2.0,2.0,2.0,13.0,1.7333333333333334,1.6929,1.5338,487.9906325
73,105,178,0.1797752808988764,5.752808988764045,31.6431712450704,0.17777062497230567,906.1200321316222,0,3.0,9.0,4.0,21.0,6.3,-2.5466,10.5521,1430.55416105
75,92,167,0.10179640718562874,1.7305389221556886,30.32571022328558,0.18159107918135084,977.7992637410484,1,3.0,7.0,4.0,10.0,4.117647058823529,0.3074,3.8564,1325.02431759
77,93,170,0.09411764705882353,1.5058823529411764,30.687813601627905,0.18051655059781124,1025.3407123170175,0,3.0,5.0,4.0,11.0,3.4375,0.3832,3.0807,1336.09526806
79,95,174,0.09195402298850575,1.471264367816092,31.167322789559027,0.17912254476758066,1071.757883055379,0,3.0,3.0,4.0,13.0,2.4375,0.7479,2.1567,1357.77184617
81,97,178,0.0898876404494382,1.4382022471910112,31.6431712450704,0.17777062497230567,1119.0030377339674,0,3.0,1.0,4.0,15.0,0.9375,1.2344,0.8647,1378.89645224
93,135,228,0.18421052631578946,7.7368421052631575,37.32128295889665,0.16368983753902044,1363.3355503315765,0,4.0,11.0,5.0,9.0,4.95,-2.7711,5.5032,1735.7603033
93,139,232,0.19827586206896552,9.120689655172415,37.75652270956944,0.16274363236883382,1355.4548219625021,0,4.0,11.0,5.0,13.0,5.958333333333333,-3.5404,8.7257,1764.01651939
101,155,256,0.2109375,11.390625,40.317473596635935,0.15749013123685915,1550.2585087076936,0,4.0,19.0,5.0,29.0,11.479166666666666,-4.2512,13.8427,1900.21209038
8,19,27,0.4074074074074074,4.481481481481482,8.999999999999998,0.33333333333333337,17.28,1,1.0,0.0,1.0,1.0,0.0,-7.0883,0.094,165.72355288
8,20,28,0.42857142857142855,5.142857142857143,9.220872584116892,0.32931687800417475,17.071786955736425,2,1.0,0.0,2.0,0.0,0.0,-7.7639,0.0126,167.70201274
8,21,29,0.4482758620689655,5.827586206896552,9.43913067739236,0.32548726473766765,16.873259804000693,1,1.0,0.0,2.0,1.0,0.0,-6.2306,0.3537,165.78016553
8,22,30,0.4666666666666667,6.533333333333333,9.654893846056297,0.3218297948685433,16.683656565985284,2,1.0,0.0,2.0,2.0,0.0,-6.308,1.5515,166.84976693
8,23,31,0.4838709677419355,7.258064516129032,9.868272403218972,0.31833136784577337,16.502298109124894,1,1.0,0.0,2.0,3.0,0.0,-6.1616,2.4445,164.18756736
9,22,31,0.41935483870967744,5.451612903225806,9.868272403218972,0.31833136784577337,21.255694243705953,1,1.0,1.0,2.0,2.0,0.6666666666666666,-3.5317,2.7005,190.34084013
9,23,32,0.4375,6.125,10.079368399158984,0.3149802624737183,21.03193347627397,0,1.0,1.0,2.0,3.0,0.75,-4.237,3.9637,189.25226894
9,24,33,0.45454545454545453,6.818181818181818,10.288276478101775,0.311765953881872,20.81730693445512,1,1.0,1.0,2.0,4.0,0.8,-5.2084,5.1012,189.78715591
9,25,34,0.47058823529411764,7.529411764705882,10.49508462297634,0.30867895949930413,20.61118144587402,0,1.0,1.0,2.0,5.0,0.8333333333333334,-4.6693,4.8574,187.96720856
10,22,32,0.375,4.5,10.079368399158984,0.3149802624737183,26.34063277584151,2,1.0,2.0,2.0,2.0,1.0,-5.4444,4.5716,216.32299039
10,23,33,0.3939393939393939,5.121212121212121,10.288276478101775,0.311765953881872,26.07183205296091,1,1.0,2.0,2.0,3.0,1.2,-4.8658,5.8093,215.52061601
10,24,34,0.4117647058823529,5.764705882352941,10.49508462297634,0.30867895949930413,25.813678145875734,2,1.0,2.0,2.0,4.0,1.3333333333333333,-6.1722,7.0784,217.59889924
10,25,35,0.42857142857142855,6.428571428571429,10.699874805650794,0.30571070873287987,25.56545432762453,1,1.0,2.0,2.0,5.0,1.4285714285714286,-5.7789,6.8894,216.03017008
10,26,36,0.4444444444444444,7.111111111111111,10.902723556992836,0.30285343213869,25.326510868388436,2,1.0,2.0,2.0,6.0,1.5,-5.988,6.4737,217.30222072
10,27,37,0.4594594594594595,7.8108108108108105,11.103702468586784,0.30010006671856176,25.0962571157891,1,1.0,2.0,2.0,7.0,1.5555555555555556,-6.3833,5.624,215.05935704
11,24,35,0.37142857142857144,4.828571428571428,10.699874805650794,0.30571070873287987,31.307077488421914,1,1.0,3.0,2.0,4.0,1.7142857142857142,-4.4573,6.521,239.08673899
11,25,36,0.3888888888888889,5.444444444444445,10.902723556992836,0.30285343213869,31.014470860047904,0,1.0,3.0,2.0,5.0,1.875,-4.5507,6.517,238.98407417
11,26,37,0.40540540540540543,6.081081081081081,11.103702468586784,0.30010006671856176,30.73250551797932,1,1.0,3.0,2.0,6.0,2.0,-5.1931,6.2358,240.50432393
11,27,38,0.42105263157894735,6.7368421052631575,11.302878635921052,0.29744417462950146,30.460522178639547,0,1.0,3.0,2.0,7.0,2.1,-5.7985,5.3343,239.65369179
12,26,38,0.3684210526315789,5.157894736842105,11.302878635921052,0.29744417462950146,36.62144939158072,2,1.0,4.0,2.0,6.0,2.4,-5.5973,5.5832,266.1300956
12,27,39,0.38461538461538464,5.769230769230769,11.500315051230226,0.29487987310846736,36.30573153126533,1,1.0,4.0,2.0,7.0,2.5454545454545454,-6.3776,4.6264,265.52377289
12,28,40,0.4,6.4,11.696070952851462,0.2924017738212866,36.00062692551589,2,1.0,4.0,2.0,8.0,2.6666666666666665,-7.5503,3.7865,267.67094887
13,8,21,-0.23809523809523808,1.1904761904761905,7.611662611020244,0.3624601243342974,52.83538218745968,1,1.0,5.0,1.0,0.0,0.0,-4.1369,0.2881,131.97469046
13,9,22,-0.18181818181818182,0.7272727272727273,7.851424410539689,0.3568829277518041,52.0224008601707,0,1.0,5.0,1.0,1.0,0.8333333333333334,-1.286,0.9082,149.61114581
13,25,38,0.3157894736842105,3.789473684210526,11.302878635921052,0.29744417462950146,43.35808435437359,0,1.0,5.0,2.0,5.0,2.5,-2.6038,3.3533,282.66886552
13,26,39,0.3333333333333333,4.333333333333333,11.500315051230226,0.29487987310846736,42.98428916474671,1,1.0,5.0,2.0,6.0,2.727272727272727,-3.5336,3.0849,285.89488917
13,27,40,0.35,4.9,11.696070952851462,0.2924017738212866,42.62305957245118,0,1.0,5.0,2.0,7.0,2.9166666666666665,-3.9787,1.7902,286.66124039
13,28,41,0.36585365853658536,5.487804878048781,11.890202136872691,0.2900049301676267,42.27367451742672,1,1.0,5.0,2.0,8.0,3.076923076923077,-5.477,1.2254,289.04822468
13,29,42,0.38095238095238093,6.095238095238095,12.082761235960547,0.28768479133239405,41.93547063275768,0,1.0,5.0,2.0,9.0,3.2142857142857144,-5.2815,1.1888,289.06081931
14,8,22,-0.2727272727272727,1.6363636363636365,7.851424410539689,0.3568829277518041,60.7971788423576,2,1.0,6.0,1.0,0.0,0.0,-6.9431,0.014,132.60743999
14,27,41,0.3170731707317073,4.121951219512195,11.890202136872691,0.2900049301676267,49.404104913722634,1,1.0,6.0,2.0,7.0,3.230769230769231,-3.4703,0.5926,309.06220873
14,28,42,0.3333333333333333,4.666666666666667,12.082761235960547,0.28768479133239405,49.00885514205847,2,1.0,6.0,2.0,8.0,3.4285714285714284,-6.6832,0.3605,312.79742771
14,29,43,0.3488372093023256,5.232558139534884,12.273797969521459,0.28543716208189446,48.62595781946934,1,1.0,6.0,2.0,9.0,3.6,-6.43,0.4143,313.04491543
14,30,44,0.36363636363636365,5.818181818181818,12.463359368739502,0.2832581674713524,48.254752825528605,2,1.0,6.0,2.0,10.0,3.75,-6.798,0.4958,315.97082285
15,8,23,-0.30434782608695654,2.130434782608696,8.087579399090064,0.35163388691695935,69.23150194701054,1,1.0,5.0,1.0,0.0,0.0,-8.8352,0.0042,128.26827297
15,9,24,-0.25,1.5,8.320335292207616,0.3466806371753174,68.25628046838922,0,1.0,5.0,1.0,1.0,0.8333333333333334,-4.2093,0.2968,148.45469764
15,10,25,-0.2,1.0,8.549879733383484,0.3419951893353394,67.33378521601142,1,1.0,5.0,1.0,2.0,1.4285714285714286,-2.6068,0.9447,169.937774
15,28,43,0.3023255813953488,3.9302325581395348,12.273797969521459,0.28543716208189446,56.19834770671176,1,1.0,5.0,2.0,8.0,3.076923076923077,-3.3813,0.0646,331.05580503
15,29,44,0.3181818181818182,4.454545454545454,12.463359368739502,0.2832581674713524,55.76933595546977,0,1.0,5.0,2.0,9.0,3.2142857142857144,-3.8753,0.264,332.59419848
15,30,45,0.3333333333333333,5.0,12.651489979526238,0.2811442217672498,55.35313137003396,1,1.0,5.0,2.0,10.0,3.3333333333333335,-4.8897,0.559,335.74981899
15,31,46,0.34782608695652173,5.565217391304348,12.838232045991905,0.27909200099982406,54.949079510011494,0,1.0,5.0,2.0,11.0,3.4375,-5.1104,0.2466,336.53587272
16,8,24,-0.3333333333333333,2.6666666666666665,8.320335292207616,0.3466806371753174,78.12750466568785,2,1.0,4.0,1.0,0.0,0.0,-11.5865,0.0061,126.77990367
16,9,25,-0.28,1.96,8.549879733383484,0.3419951893353394,77.07159813753181,1,1.0,4.0,1.0,1.0,0.8,-6.2978,0.2845,147.41226474
16,10,26,-0.23076923076923078,1.3846153846153846,8.776382955329126,0.33755319058958183,76.07055498565065,2,1.0,4.0,1.0,2.0,1.3333333333333333,-4.1019,0.9608,170.88265022
16,29,45,0.28888888888888886,3.7555555555555555,12.651489979526238,0.2811442217672498,63.35830197157558,1,1.0,4.0,2.0,9.0,2.769230769230769,-3.5529,0.4897,353.43409223
16,30,46,0.30434782608695654,4.260869565217392,12.838232045991905,0.27909200099982406,62.89581612613451,2,1.0,4.0,2.0,10.0,2.857142857142857,-4.6616,0.8995,357.858671
16,31,47,0.3191489361702128,4.787234042553192,13.023625676689214,0.2770984186529621,62.446544960098414,1,1.0,4.0,2.0,11.0,2.933333333333333,-4.6562,0.5853,358.86910563
16,32,48,0.3333333333333333,5.333333333333333,13.207708995578505,0.27516060407455223,62.009841546981654,2,1.0,4.0,2.0,12.0,3.0,-5.1126,0.2713,362.49240874
17,9,26,-0.3076923076923077,2.4615384615384617,8.776382955329126,0.33755319058958183,86.33903166197338,0,1.0,3.0,1.0,1.0,0.75,-5.1529,0.6311,143.17459695
17,10,27,-0.25925925925925924,1.8148148148148149,8.999999999999998,0.33333333333333337,85.25968061623186,1,1.0,3.0,1.0,2.0,1.2,-3.441,1.5704,167.07054399
17,11,28,-0.21428571428571427,1.2857142857142858,9.220872584116892,0.32931687800417475,84.2323555205116,0,1.0,3.0,1.0,3.0,1.5,-1.9211,1.6652,186.48497011
17,12,29,-0.1724137931034483,0.8620689655172413,9.43913067739236,0.32548726473766765,83.25282070855334,1,1.0,3.0,1.0,4.0,1.7142857142857142,-1.5638,1.451,207.26698501
17,30,47,0.2765957446808511,3.595744680851064,13.023625676689214,0.2770984186529621,70.87596802084336,1,1.0,3.0,2.0,10.0,2.3076923076923075,-3.1161,0.8565,374.78083906
17,31,48,0.2916666666666667,4.083333333333333,13.207708995578505,0.27516060407455223,70.38031566469725,0,1.0,3.0,2.0,11.0,2.357142857142857,-3.2846,0.6177,377.01006775
17,32,49,0.30612244897959184,4.591836734693878,13.390518279406722,0.27327588325319846,69.8982435788591,1,1.0,3.0,2.0,12.0,2.4,-3.8451,0.3691,380.8523518
17,33,50,0.32,5.12,13.572088082974531,0.2714417616594907,69.42911371498651,0,1.0,3.0,2.0,13.0,2.4375,-3.1566,0.3398,382.33547404
17,34,51,0.3333333333333333,5.666666666666667,13.752451353579682,0.2696559088937193,68.97233000567468,1,1.0,3.0,2.0,14.0,2.4705882352941178,-2.9781,0.4044,385.43198375
17,35,52,0.34615384615384615,6.230769230769231,13.93163953576523,0.2679161449185622,68.52733484306611,0,1.0,3.0,2.0,15.0,2.5,-2.0413,1.0236,386.23627837
17,36,53,0.3584905660377358,6.811320754716981,14.109682667364165,0.26622042768611637,68.0936059141048,1,1.0,3.0,2.0,14.0,2.4705882352941178,-1.8744,1.8704,388.65301
18,9,27,-0.3333333333333333,3.0,8.999999999999998,0.33333333333333337,96.04941924240742,1,1.0,2.0,1.0,1.0,0.6666666666666666,-4.7369,1.063,140.22470122
18,10,28,-0.2857142857142857,2.2857142857142856,9.220872584116892,0.32931687800417475,94.89208463707116,2,1.0,2.0,1.0,2.0,1.0,-3.5374,2.3081,165.98562126
18,11,29,-0.2413793103448276,1.6896551724137931,9.43913067739236,0.32548726473766765,93.78858824655808,1,1.0,2.0,1.0,3.0,1.2,-2.1062,2.3379,185.8063956
18,12,30,-0.2,1.2,9.654893846056297,0.3218297948685433,92.7346946760801,2,1.0,2.0,1.0,4.0,1.3333333333333333,-1.9018,2.0087,208.38629881
18,31,49,0.2653061224489796,3.4489795918367347,13.390518279406722,0.27327588325319846,78.74396963827694,1,1.0,2.0,2.0,11.0,1.6923076923076923,-3.2714,0.8358,396.46434675
18,32,50,0.28,3.92,13.572088082974531,0.2714417616594907,78.21547069659017,2,1.0,2.0,2.0,12.0,1.7142857142857142,-3.7425,0.5941,401.50568596
18,33,51,0.29411764705882354,4.411764705882353,13.752451353579682,0.2696559088937193,77.7008803335758,1,1.0,2.0,2.0,13.0,1.7333333333333334,-3.055,0.5626,403.20238441
18,34,52,0.3076923076923077,4.923076923076923,13.93163953576523,0.2679161449185622,77.1995703752777,2,1.0,2.0,2.0,14.0,1.75,-2.7562,0.6411,407.45398753
18,35,53,0.32075471698113206,5.452830188679245,14.109682667364165,0.26622042768611637,76.71095240915041,1,1.0,2.0,2.0,15.0,1.7647058823529411,-2.2815,1.3109,408.45434873
18,36,54,0.3333333333333333,6.0,14.286609467713793,0.26456684199469993,76.23447457316608,2,1.0,2.0,2.0,14.0,1.75,-2.2992,2.1517,411.98486135
18,37,55,0.34545454545454546,6.5636363636363635,14.462447418811122,0.26295358943292957,75.76961865821798,1,1.0,2.0,2.0,13.0,1.7333333333333334,-1.7555,2.357,412.34898294
18,38,56,0.35714285714285715,7.142857142857143,14.637222840091884,0.26137897928735515,75.3158974881711,2,1.0,2.0,2.0,12.0,1.7142857142857142,-1.482,2.3497,415.21891904
19,11,30,-0.26666666666666666,2.1333333333333333,9.654893846056297,0.3218297948685433,103.77990046594977,0,1.0,1.0,1.0,3.0,0.75,-2.4823,2.5074,181.96818667
19,12,31,-0.22580645161290322,1.5806451612903225,9.868272403218972,0.31833136784577337,102.65176872053834,1,1.0,1.0,1.0,4.0,0.8,-2.1877,1.9389,204.93634865
19,13,32,-0.1875,1.125,10.079368399158984,0.3149802624737183,101.57114353446804,0,1.0,1.0,1.0,5.0,0.8333333333333334,-0.0251,0.5356,223.74387182
19,14,33,-0.15151515151515152,0.7575757575757576,10.288276478101775,0.311765953881872,100.53463097084754,1,1.0,1.0,1.0,6.0,0.8571428571428571,-0.8762,0.1156,243.97501717
19,35,54,0.2962962962962963,4.7407407407407405,14.286609467713793,0.26456684199469993,85.31441453397989,0,1.0,1.0,2.0,15.0,0.9375,-1.2242,0.5045,426.65370276
19,36,55,0.3090909090909091,5.254545454545455,14.462447418811122,0.26295358943292957,84.79419175486973,1,1.0,1.0,2.0,14.0,0.9333333333333333,-1.0467,1.026,430.37605603
19,37,56,0.32142857142857145,5.785714285714286,14.637222840091884,0.26137897928735515,84.28642992925275,0,1.0,1.0,2.0,13.0,0.9285714285714286,-0.474,1.0671,431.81657177
19,38,57,0.3333333333333333,6.333333333333333,14.810960957438846,0.2598414203059447,83.79061592882287,1,1.0,1.0,2.0,12.0,0.9230769230769231,-0.1658,0.92,434.86284418
19,39,58,0.3448275862068966,6.896551724137931,14.983685966957935,0.25833941322341275,83.30626628808189,0,1.0,1.0,2.0,11.0,0.9166666666666666,0.4129,0.4482,435.68435064
19,40,59,0.3559322033898305,7.47457627118644,15.155421094002051,0.2568715439661365,82.83292501314065,1,1.0,1.0,2.0,10.0,0.9090909090909091,0.3848,0.1653,438.10896857
20,11,31,-0.2903225806451613,2.6129032258064515,9.868272403218972,0.31833136784577337,114.19846619182047,1,2.0,0.0,1.0,3.0,0.0,-4.6482,3.4988,179.44503651
20,12,32,-0.25,2.0,10.079368399158984,0.3149802624737183,112.99628779474443,2,2.0,0.0,1.0,4.0,0.0,-4.1588,2.5622,204.11430216
20,13,33,-0.21212121212121213,1.4848484848484849,10.288276478101775,0.311765953881872,111.84318399118249,1,2.0,0.0,1.0,5.0,0.0,-0.2897,0.283,223.293081
20,14,34,-0.17647058823529413,1.0588235294117647,10.49508462297634,0.30867895949930413,110.73575299555779,2,2.0,0.0,1.0,6.0,0.0,-1.5955,0.0179,245.16910298
20,37,57,0.2982456140350877,5.0701754385964914,14.810960957438846,0.2598414203059447,93.21573256462553,1,2.0,0.0,2.0,13.0,0.0,-0.7763,0.4505,452.6509981
20,38,58,0.3103448275862069,5.586206896551724,14.983685966957935,0.25833941322341275,92.67690126378585,2,2.0,0.0,2.0,12.0,0.0,-0.7099,0.3635,456.75933541
20,39,59,0.3220338983050847,6.11864406779661,15.155421094002051,0.2568715439661365,92.15031659547166,1,2.0,0.0,2.0,11.0,0.0,-0.7373,0.1244,457.75386908
20,40,60,0.3333333333333333,6.666666666666667,15.32618864787106,0.2554364774645177,91.63549961567743,2,2.0,0.0,2.0,10.0,0.0,-1.3151,0.0157,461.20614989
21,13,34,-0.23529411764705882,1.8823529411764706,10.49508462297634,0.30867895949930413,122.53553650731246,0,2.0,1.0,1.0,5.0,0.8333333333333334,-2.0093,1.2467,219.72816451
21,14,35,-0.2,1.4,10.699874805650794,0.30571070873287987,121.3572372129841,1,2.0,1.0,1.0,6.0,0.8571428571428571,-0.8861,0.2437,241.95947967
21,15,36,-0.16666666666666666,1.0,10.902723556992836,0.30285343213869,120.22299106615647,0,2.0,1.0,1.0,5.0,0.8333333333333334,0.4864,0.1805,260.28341099
21,39,60,0.3,5.4,15.32618864787106,0.2554364774645177,101.39999778547674,0,2.0,1.0,2.0,11.0,0.9166666666666666,1.3203,0.3367,475.95499811
21,40,61,0.3114754098360656,5.918032786885246,15.496010072571343,0.2540329520093663,100.84284369590868,1,2.0,1.0,2.0,10.0,0.9090909090909091,0.8468,0.1566,479.57693419
21,41,62,0.3225806451612903,6.451612903225806,15.664905993978548,0.25265977409642826,100.29773659643294,0,2.0,1.0,2.0,9.0,0.9,1.0966,0.433,480.98424474
21,42,63,0.3333333333333333,7.0,15.832896263712227,0.25131581370971795,99.76422790734948,1,2.0,1.0,2.0,8.0,0.8888888888888888,0.8229,0.9245,483.98741704
22,13,35,-0.2571428571428571,2.3142857142857145,10.699874805650794,0.30571070873287987,133.64140648259698,1,2.0,2.0,1.0,5.0,1.4285714285714286,-3.055,2.8745,217.49792336
22,14,36,-0.2222222222222222,1.7777777777777777,10.902723556992836,0.30285343213869,132.39234829834152,2,2.0,2.0,1.0,6.0,1.5,-1.4795,1.0282,241.29560442
22,15,37,-0.1891891891891892,1.3243243243243243,11.103702468586784,0.30010006671856176,131.1887148736845,1,2.0,2.0,1.0,5.0,1.4285714285714286,-0.0344,0.8164,259.95985375
22,16,38,-0.15789473684210525,0.9473684210526315,11.302878635921052,0.29744417462950146,130.02769190618957,2,2.0,2.0,1.0,4.0,1.3333333333333333,0.4537,0.769,281.26846664
22,17,39,-0.1282051282051282,0.6410256410256411,11.500315051230226,0.29487987310846736,128.9067077465673,1,2.0,2.0,1.0,3.0,1.2,1.688,0.9089,297.75820204
22,39,61,0.2786885245901639,4.737704918032787,15.496010072571343,0.2540329520093663,111.05048017510434,1,2.0,2.0,2.0,11.0,1.6923076923076923,1.8843,0.7965,495.5318629
22,40,62,0.2903225806451613,5.225806451612903,15.664905993978548,0.25265977409642826,110.45019558449738,2,2.0,2.0,2.0,10.0,1.6666666666666667,2.038,0.4254,500.16896472
22,41,63,0.30158730158730157,5.73015873015873,15.832896263712227,0.25131581370971795,109.862683432629,1,2.0,2.0,2.0,9.0,1.6363636363636365,0.4396,1.0433,501.74252902
22,42,64,0.3125,6.25,15.999999999999998,0.25,109.28747559786049,2,2.0,2.0,2.0,8.0,1.6,-0.5444,1.9608,505.73019179
22,43,65,0.3230769230769231,6.7846153846153845,16.166235625781553,0.24871131731971627,108.7241280899609,1,2.0,2.0,2.0,7.0,1.5555555555555556,-0.6824,2.5115,506.72212669
23,14,37,-0.24324324324324326,2.189189189189189,11.103702468586784,0.30010006671856176,143.83472245566406,1,2.0,3.0,1.0,6.0,2.0,-2.1575,1.8771,236.42123897
23,15,38,-0.21052631578947367,1.6842105263157894,11.302878635921052,0.29744417462950146,142.5617820472221,0,2.0,3.0,1.0,5.0,1.875,-0.8329,1.6328,256.57190652
23,16,39,-0.1794871794871795,1.2564102564102564,11.500315051230226,0.29487987310846736,141.33274000933255,1,2.0,3.0,1.0,4.0,1.7142857142857142,-0.5149,1.5877,278.20679161
23,17,40,-0.15,0.9,11.696070952851462,0.2924017738212866,140.14501377159235,0,2.0,3.0,1.0,3.0,1.5,0.9662,1.4715,296.14009817
23,18,41,-0.12195121951219512,0.6097560975609756,11.890202136872691,0.2900049301676267,138.9962324818597,1,2.0,3.0,1.0,2.0,1.2,1.4109,1.3505,315.57185126
23,19,42,-0.09523809523809523,0.38095238095238093,12.082761235960547,0.28768479133239405,137.8842149835855,0,2.0,3.0,1.0,1.0,0.75,2.0437,0.7644,331.53011046
23,41,64,0.28125,5.0625,15.999999999999998,0.25,119.82230129804869,0,2.0,3.0,2.0,9.0,2.25,0.1105,1.7136,518.7837462
23,42,65,0.2923076923076923,5.553846153846154,16.166235625781553,0.24871131731971627,119.20464960047052,1,2.0,3.0,2.0,8.0,2.1818181818181817,-0.3186,2.5982,522.93425766
23,43,66,0.30303030303030304,6.0606060606060606,16.331620904278438,0.2474488015799764,118.59953943502795,0,2.0,3.0,2.0,7.0,2.1,-0.6083,3.1007,524.88224802
24,16,40,-0.2,1.6,11.696070952851462,0.2924017738212866,153.0392099059572,2,2.0,4.0,1.0,4.0,2.0,-2.1267,2.5205,277.62120755
24,17,41,-0.17073170731707318,1.1951219512195121,11.890202136872691,0.2900049301676267,151.78473373014432,1,2.0,4.0,1.0,3.0,1.7142857142857142,-0.352,2.1599,295.86761002
24,18,42,-0.14285714285714285,0.8571428571428571,12.082761235960547,0.28768479133239405,150.57040383885868,2,2.0,4.0,1.0,2.0,1.3333333333333333,0.4048,1.789,316.71113682
24,19,43,-0.11627906976744186,0.5813953488372093,12.273797969521459,0.28543716208189446,149.39402450243165,1,2.0,4.0,1.0,1.0,0.8,1.1315,1.0558,332.97690769
24,42,66,0.2727272727272727,4.909090909090909,16.331620904278438,0.2474488015799764,129.51142050568058,2,2.0,4.0,2.0,8.0,2.6666666666666665,-0.8618,2.9651,542.33067894
24,43,67,0.2835820895522388,5.388059701492537,16.496172972233907,0.2462115368990136,128.86385258314527,1,2.0,4.0,2.0,7.0,2.5454545454545454,-1.3027,3.4384,544.4381297
25,18,43,-0.16279069767441862,1.1395348837209303,12.273797969521459,0.28543716208189446,162.54038312480466,1,2.0,5.0,1.0,2.0,1.4285714285714286,-0.3766,1.8678,313.72591907
25,19,44,-0.13636363636363635,0.8181818181818182,12.463359368739502,0.2832581674713524,161.29956845217703,0,2.0,5.0,1.0,1.0,0.8333333333333334,0.3218,1.0597,331.33979798
25,20,45,-0.1111111111111111,0.5555555555555556,12.651489979526238,0.2811442217672498,160.09579546710478,1,2.0,5.0,2.0,0.0,0.0,0.0274,0.6381,350.47603343
25,42,67,0.2537313432835821,4.313432835820896,16.496172972233907,0.2462115368990136,140.20359943822154,1,2.0,5.0,2.0,8.0,3.076923076923077,-0.2222,2.4015,557.35693567
25,43,68,0.2647058823529412,4.764705882352941,16.659908371007916,0.24499865251482233,139.51293011172373,0,2.0,5.0,2.0,7.0,2.9166666666666665,-0.8568,2.8748,560.40909372
25,44,69,0.2753623188405797,5.231884057971015,16.82284307569508,0.2438093199376099,138.83567221246165,1,2.0,5.0,2.0,6.0,2.727272727272727,-1.1255,3.3381,565.04683224
25,45,70,0.2857142857142857,5.714285714285714,16.984992522418104,0.24264275032025867,138.17137653644303,0,2.0,5.0,2.0,5.0,2.5,-1.7947,3.5301,567.49553756
25,46,71,0.29577464788732394,6.211267605633803,17.146371633935342,0.2414981920272584,137.51961506958972,1,2.0,5.0,2.0,4.0,2.2222222222222223,-2.7406,3.5812,571.52585033
26,18,44,-0.18181818181818182,1.4545454545454546,12.463359368739502,0.2832581674713524,174.9008933508658,2,2.0,6.0,1.0,2.0,1.5,-1.6168,1.7835,313.15655051
26,19,45,-0.15555555555555556,1.0888888888888888,12.651489979526238,0.2811442217672498,173.59561415823612,1,2.0,6.0,1.0,1.0,0.8571428571428571,-0.9576,0.95,331.05954508
26,20,46,-0.13043478260869565,0.782608695652174,12.838232045991905,0.27909200099982406,172.32844771152722,2,2.0,6.0,2.0,0.0,0.0,-1.3122,0.5239,351.51645534
26,21,47,-0.10638297872340426,0.5319148936170213,13.023625676689214,0.2770984186529621,171.09748820717348,1,2.0,6.0,2.0,1.0,0.8571428571428571,-0.0881,0.8632,367.60060321
26,42,68,0.23529411764705882,3.764705882352941,16.659908371007916,0.24499865251482233,151.27713201397626,2,2.0,6.0,2.0,8.0,3.4285714285714284,-0.3769,1.6343,574.55282412
26,43,69,0.2463768115942029,4.188405797101449,16.82284307569508,0.2438093199376099,150.54276543912093,1,2.0,6.0,2.0,7.0,3.230769230769231,-0.4205,2.1418,577.76806192
26,44,70,0.2571428571428571,4.628571428571429,16.984992522418104,0.24264275032025867,149.82245410599285,2,2.0,6.0,2.0,6.0,3.0,-1.2125,2.6389,583.33926983
26,45,71,0.2676056338028169,5.084507042253521,17.146371633935342,0.2414981920272584,149.11573390891982,1,2.0,6.0,2.0,5.0,2.727272727272727,-1.9148,2.892,585.94076855
26,46,72,0.2777777777777778,5.555555555555555,17.306994843688898,0.2403749283845681,148.42216232957622,2,2.0,6.0,2.0,4.0,2.4,-2.9781,2.9979,590.87972168
26,47,73,0.2876712328767123,6.041095890410959,17.466876118408518,0.2392722755946373,147.74131714958955,1,2.0,6.0,2.0,3.0,2.0,-3.6928,2.731,592.90883041
27,19,46,-0.17391304347826086,1.391304347826087,12.838232045991905,0.27909200099982406,186.2771651473226,0,2.0,7.0,1.0,1.0,0.875,-1.9709,0.4572,327.81631997
27,20,47,-0.14893617021276595,1.0425531914893618,13.023625676689214,0.2770984186529621,184.946568545733,1,2.0,7.0,2.0,0.0,0.0,-2.7047,0.183,348.55142935
27,21,48,-0.125,0.75,13.207708995578505,0.27516060407455223,183.65319358351914,0,2.0,7.0,2.0,1.0,0.875,-1.1208,0.4224,365.90131481
27,22,49,-0.10204081632653061,0.5102040816326531,13.390518279406722,0.27327588325319846,182.39525551851477,1,2.0,7.0,2.0,2.0,1.5555555555555556,-0.6393,0.8841,384.79116876
27,45,72,0.25,4.5,17.306994843688898,0.2403749283845681,160.43584220099612,0,2.0,7.0,2.0,5.0,2.9166666666666665,-1.4924,1.7286,600.91770198
27,46,73,0.2602739726027397,4.945205479452055,17.466876118408518,0.2392722755946373,159.69988762288472,1,2.0,7.0,2.0,4.0,2.5454545454545454,-2.5879,1.8687,606.0061911
27,47,74,0.2702702702702703,5.405405405405405,17.626028979376553,0.23818958080238592,158.97725381074446,0,2.0,7.0,2.0,3.0,2.1,-3.4036,1.6469,608.9200891
27,48,75,0.28,5.88,17.784466522450312,0.23712622029933753,158.26752447658984,1,2.0,7.0,2.0,2.0,1.5555555555555556,-4.5321,1.3202,613.40860499
27,49,76,0.2894736842105263,6.368421052631579,17.942201436929967,0.23608159785434174,157.57030167190183,0,2.0,7.0,2.0,1.0,0.875,-5.2739,0.6262,615.76536204
27,50,77,0.2987012987012987,6.87012987012987,18.099246023352887,0.23505514316042717,156.8852047509955,1,2.0,7.0,3.0,0.0,0.0,-6.6517,0.2265,619.69217969
27,51,78,0.3076923076923077,7.384615384615385,18.25561221028858,0.23404631038831517,156.21186940557706,0,2.0,7.0,3.0,1.0,0.875,-6.3028,0.413,621.52697344
27,52,79,0.31645569620253167,7.9113924050632916,18.41131157020244,0.23305457683800562,155.5499467647585,1,2.0,7.0,3.0,2.0,1.5555555555555556,-6.3376,0.7767,624.92703141
28,20,48,-0.16666666666666666,1.3333333333333333,13.207708995578505,0.27516060407455223,197.94541691844123,2,2.0,8.0,2.0,0.0,0.0,-4.8439,0.0228,347.94930059
28,21,49,-0.14285714285714285,1.0,13.390518279406722,0.27327588325319846,196.58958384047392,1,2.0,8.0,2.0,1.0,0.8888888888888888,-2.9398,0.2055,365.56711442
28,22,50,-0.12,0.72,13.572088082974531,0.2714417616594907,195.27015090505546,2,2.0,8.0,2.0,2.0,1.6,-2.0709,0.5701,385.69879421
28,23,51,-0.09803921568627451,0.49019607843137253,13.752451353579682,0.2696559088937193,193.98544166601124,1,2.0,8.0,2.0,3.0,2.1818181818181817,-1.5053,0.7714,401.63464633
28,46,74,0.24324324324324326,4.378378378378378,17.626028979376553,0.23818958080238592,171.34915092998764,2,2.0,8.0,2.0,4.0,2.6666666666666665,-2.998,1.1565,623.27260561
28,47,75,0.25333333333333335,4.8133333333333335,17.784466522450312,0.23712622029933753,170.58418917676556,1,2.0,8.0,2.0,3.0,2.1818181818181817,-3.8934,0.9605,626.3328428
28,48,76,0.2631578947368421,5.2631578947368425,17.942201436929967,0.23608159785434174,169.832707233729,2,2.0,8.0,2.0,2.0,1.6,-5.1406,0.7139,631.69655094
28,49,77,0.2727272727272727,5.7272727272727275,18.099246023352887,0.23505514316042717,169.0942948326581,1,2.0,8.0,2.0,1.0,0.8888888888888888,-6.248,0.2441,634.19072152
28,50,78,0.28205128205128205,6.205128205128205,18.25561221028858,0.23404631038831517,168.36855931412944,2,2.0,8.0,3.0,0.0,0.0,-7.9806,0.0203,638.97112981
28,51,79,0.2911392405063291,6.69620253164557,18.41131157020244,0.23305457683800562,167.65512465749222,1,2.0,8.0,3.0,1.0,0.8888888888888888,-7.404,0.1223,640.9347382
28,52,80,0.3,7.2,18.566355334451114,0.23207944168063896,166.95363057578686,2,2.0,8.0,3.0,2.0,1.6,-7.1988,0.3353,645.16766004
28,53,81,0.30864197530864196,7.716049382716049,18.720754407467133,0.23112042478354491,166.26373167050724,1,2.0,8.0,3.0,3.0,2.1818181818181817,-6.9254,0.3879,646.63319926
28,54,82,0.3170731707317073,8.24390243902439,18.874519380186243,0.23017706561202741,165.58509664156512,2,2.0,8.0,3.0,4.0,2.6666666666666665,-6.9134,0.3859,650.35143627
29,21,50,-0.16,1.28,13.572088082974531,0.2714417616594907,209.9021513380843,0,2.0,9.0,2.0,1.0,0.9,-3.1788,0.3118,362.31910822
29,22,51,-0.13725490196078433,0.9607843137254902,13.752451353579682,0.2696559088937193,208.5211761513011,1,2.0,9.0,2.0,2.0,1.6363636363636365,-2.2581,0.7484,382.70904327
29,23,52,-0.11538461538461539,0.6923076923076923,13.93163953576523,0.2679161449185622,207.17584078737846,0,2.0,9.0,2.0,3.0,2.25,-1.7294,1.0276,399.83877877
29,24,53,-0.09433962264150944,0.4716981132075472,14.109682667364165,0.26622042768611637,205.8645661589816,1,2.0,9.0,2.0,4.0,2.769230769230769,-1.7689,1.2507,418.52123999
29,25,54,-0.07407407407407407,0.2962962962962963,14.286609467713793,0.26456684199469993,204.5858712672,0,2.0,9.0,2.0,5.0,3.2142857142857144,-1.5212,1.1002,434.09139862
29,51,80,0.275,6.05,18.566355334451114,0.23207944168063896,179.46381497190802,0,2.0,9.0,3.0,1.0,0.9,-5.5766,0.3023,656.94705749
29,52,81,0.2839506172839506,6.530864197530864,18.720754407467133,0.23112042478354491,178.72222050008122,1,2.0,9.0,3.0,2.0,1.6363636363636365,-5.6323,0.7002,661.30650181
29,53,82,0.2926829268292683,7.024390243902439,18.874519380186243,0.23017706561202741,177.9927339303822,0,2.0,9.0,3.0,3.0,2.25,-5.2762,0.7991,663.58531507
29,54,83,0.30120481927710846,7.530120481927711,19.027660542766455,0.22924892220200552,177.27501349811408,1,2.0,9.0,3.0,4.0,2.769230769230769,-5.1177,0.7775,667.42217881
29,55,84,0.30952380952380953,8.047619047619047,19.180187896644355,0.22833557019814713,176.56873105518136,0,2.0,9.0,3.0,5.0,3.2142857142857144,-4.6288,0.4442,669.21389943
29,56,85,0.3176470588235294,8.576470588235294,19.3321111659706,0.22743660195259535,175.87357137314743,1,2.0,9.0,3.0,6.0,3.6,-4.4969,0.1848,672.55858546
30,22,52,-0.15384615384615385,1.2307692307692308,13.93163953576523,0.2679161449185622,222.1440376272797,2,2.0,10.0,2.0,2.0,1.6666666666666667,-2.8146,0.9436,382.03501751
30,23,53,-0.1320754716981132,0.9245283018867925,14.109682667364165,0.26622042768611637,220.73802503776528,1,2.0,10.0,2.0,3.0,2.3076923076923075,-2.3642,1.3267,399.41388829
30,24,54,-0.1111111111111111,0.6666666666666666,14.286609467713793,0.26456684199469993,219.36694603031833,2,2.0,10.0,2.0,4.0,2.857142857142857,-2.4005,1.6139,419.2692031
30,25,55,-0.09090909090909091,0.45454545454545453,14.462447418811122,0.26295358943292957,218.02930944297063,1,2.0,10.0,2.0,5.0,3.3333333333333335,-2.0539,1.4423,435.08335612
30,26,56,-0.07142857142857142,0.2857142857142857,14.637222840091884,0.26137897928735515,216.72371341204422,2,2.0,10.0,2.0,6.0,3.75,-2.1276,1.1522,453.35430849
30,27,57,-0.05263157894736842,0.15789473684210525,14.810960957438846,0.2598414203059447,215.44883854280326,1,2.0,10.0,2.0,7.0,4.117647058823529,-1.7851,0.5368,467.73655681
30,53,83,0.27710843373493976,6.373493975903615,19.027660542766455,0.22924892220200552,190.0829127529271,1,2.0,10.0,3.0,3.0,2.3076923076923075,-4.5554,1.5518,681.9579905
30,54,84,0.2857142857142857,6.857142857142857,19.180187896644355,0.22833557019814713,189.32560228187003,2,2.0,10.0,3.0,4.0,2.857142857142857,-4.3399,1.5494,686.60043714
30,55,85,0.29411764705882354,7.352941176470588,19.3321111659706,0.22743660195259535,188.58021817735371,1,2.0,10.0,3.0,5.0,3.3333333333333335,-3.6011,1.0878,688.50886031
30,56,86,0.3023255813953488,7.8604651162790695,19.483439808463515,0.22655162567980835,187.84643558839852,2,2.0,10.0,3.0,6.0,3.75,-3.2132,0.7188,692.64086851
31,24,55,-0.12727272727272726,0.8909090909090909,14.462447418811122,0.26295358943292957,233.23696022539136,1,2.0,11.0,2.0,4.0,2.933333333333333,-2.2032,1.3128,416.21843178
31,25,56,-0.10714285714285714,0.6428571428571429,14.637222840091884,0.26137897928735515,231.84029823387473,0,2.0,11.0,2.0,5.0,3.4375,-1.7444,1.1519,433.16319402
31,26,57,-0.08771929824561403,0.43859649122807015,14.810960957438846,0.2598414203059447,230.47650022007014,1,2.0,11.0,2.0,6.0,3.8823529411764706,-1.7982,0.9004,451.66967279
31,27,58,-0.06896551724137931,0.27586206896551724,14.983685966957935,0.25833941322341275,229.14423635205353,0,2.0,11.0,2.0,7.0,4.277777777777778,-1.5616,0.3509,467.15608354
31,28,59,-0.05084745762711865,0.15254237288135594,15.155421094002051,0.2568715439661365,227.8422523619748,1,2.0,11.0,2.0,8.0,4.631578947368421,-2.0766,0.0949,484.20590543
31,29,60,-0.03333333333333333,0.06666666666666667,15.32618864787106,0.2554364774645177,226.5693640576901,0,2.0,11.0,2.0,9.0,4.95,-0.6626,0.1716,498.35209063
31,55,86,0.27906976744186046,6.6976744186046515,19.483439808463515,0.22655162567980835,200.9488161832335,0,2.0,11.0,3.0,5.0,3.4375,-2.1278,1.2782,704.49046077
31,56,87,0.28735632183908044,7.183908045977011,19.63418302571681,0.22568026466341165,200.17592848407122,1,2.0,11.0,3.0,6.0,3.8823529411764706,-1.5888,0.8759,708.73724729
32,26,58,-0.10344827586206896,0.6206896551724138,14.983685966957935,0.25833941322341275,244.5928663535793,2,2.0,12.0,2.0,6.0,4.0,-1.9604,0.7057,452.23649378
32,27,59,-0.0847457627118644,0.423728813559322,15.155421094002051,0.2568715439661365,243.20310416208977,1,2.0,12.0,2.0,7.0,4.421052631578948,-1.7512,0.2568,467.95044186
32,28,60,-0.06666666666666667,0.26666666666666666,15.32618864787106,0.2554364774645177,241.84439925268677,2,2.0,12.0,2.0,8.0,4.8,-2.3564,0.0583,486.08659439
32,29,61,-0.04918032786885246,0.14754098360655737,15.496010072571343,0.2540329520093663,240.51555705322414,1,2.0,12.0,2.0,9.0,5.142857142857143,-0.7289,0.18,500.45441503
32,30,62,-0.03225806451612903,0.06451612903225806,15.664905993978548,0.25265977409642826,239.21544756722602,2,2.0,12.0,2.0,10.0,5.454545454545454,0.3485,0.3224,517.22628708
32,55,87,0.26436781609195403,6.080459770114943,19.63418302571681,0.22568026466341165,213.67154986034328,1,2.0,12.0,3.0,5.0,3.5294117647058822,-1.1762,1.4532,721.89094944
32,56,88,0.2727272727272727,6.545454545454546,19.7843497729948,0.2248221565113046,212.85910266172817,2,2.0,12.0,3.0,6.0,4.0,-1.1798,1.2933,726.91787083
32,57,89,0.2808988764044944,7.022471910112359,19.93394876854618,0.22397695245557508,212.058872917203,1,2.0,12.0,3.0,7.0,4.421052631578948,-0.3036,1.2609,729.2429548
32,58,90,0.28888888888888886,7.511111111111111,20.08298850246508,0.22314431669405652,211.27054269303318,2,2.0,12.0,3.0,8.0,4.8,0.1095,1.5031,733.76432567
32,59,91,0.2967032967032967,8.010989010989011,20.231477245126285,0.22232392577061855,210.49380574457294,1,2.0,12.0,3.0,9.0,5.142857142857143,0.9053,2.2091,735.62597523
33,28,61,-0.08196721311475409,0.4098360655737705,15.496010072571343,0.2540329520093663,256.2062138220327,1,2.0,13.0,2.0,8.0,4.9523809523809526,-1.6718,0.2821,484.23958585
33,29,62,-0.06451612903225806,0.25806451612903225,15.664905993978548,0.25265977409642826,254.8212883184904,0,2.0,13.0,2.0,9.0,5.318181818181818,-0.1515,0.5864,499.65804754
33,30,63,-0.047619047619047616,0.14285714285714285,15.832896263712227,0.25131581370971795,253.46583029825237,1,2.0,13.0,2.0,10.0,5.6521739130434785,0.7304,0.848,516.64425812
33,31,64,-0.03125,0.0625,15.999999999999998,0.25,252.13875975092623,0,2.0,13.0,2.0,11.0,5.958333333333333,2.0543,0.6141,530.7976642
33,55,88,0.25,5.5,19.7843497729948,0.2248221565113046,226.74551882915583,0,2.0,13.0,3.0,5.0,3.611111111111111,-0.9308,1.816,736.07692374
33,56,89,0.25842696629213485,5.943820224719101,19.93394876854618,0.22397695245557508,225.89308401976345,1,2.0,13.0,3.0,6.0,4.105263157894737,-0.3608,1.4583,741.22140456
33,57,90,0.26666666666666666,6.4,20.08298850246508,0.22314431669405652,225.0533250268292,0,2.0,13.0,3.0,7.0,4.55,0.0595,1.5255,744.3096539
33,58,91,0.27472527472527475,6.868131868131868,20.231477245126285,0.22232392577061855,224.22591562704292,1,2.0,13.0,3.0,8.0,4.9523809523809526,0.7098,1.9042,748.94198047
33,59,92,0.2826086956521739,7.3478260869565215,20.379423055219398,0.22151546799151525,223.41054146010657,0,2.0,13.0,3.0,9.0,5.318181818181818,0.0224,2.6973,751.55080594
33,60,93,0.2903225806451613,7.838709677419355,20.526833787405323,0.22071864287532608,222.6068994739693,1,2.0,13.0,3.0,10.0,5.6521739130434785,-0.4067,3.7715,755.69849944
34,29,63,-0.07936507936507936,0.3968253968253968,15.832896263712227,0.25131581370971795,269.4830395821016,1,2.0,14.0,2.0,9.0,5.478260869565218,-0.0836,0.9435,500.23926367
34,30,64,-0.0625,0.25,15.999999999999998,0.25,268.0721077637475,2,2.0,14.0,2.0,10.0,5.833333333333333,0.5555,1.3412,518.26017092
34,31,65,-0.046153846153846156,0.13846153846153847,16.166235625781553,0.24871131731971627,266.69026823437827,1,2.0,14.0,2.0,11.0,6.16,2.0681,1.0707,532.62101345
34,32,66,-0.030303030303030304,0.06060606060606061,16.331620904278438,0.2474488015799764,265.33648721263035,2,2.0,14.0,2.0,12.0,6.461538461538462,3.0475,0.8334,549.35374714
34,58,92,0.2608695652173913,6.260869565217392,20.379423055219398,0.22151546799151525,237.5284736270337,2,2.0,14.0,3.0,8.0,5.090909090909091,0.7413,2.1738,766.18181387
34,59,93,0.26881720430107525,6.720430107526882,20.526833787405323,0.22071864287532608,236.67404727337004,1,2.0,14.0,3.0,9.0,5.478260869565218,-0.1064,3.0743,768.89970684
34,60,94,0.2765957446808511,7.191489361702128,20.673717099616514,0.21993316063421828,235.83178375343095,2,2.0,14.0,3.0,10.0,5.833333333333333,-0.4885,4.2032,773.78820317
34,61,95,0.28421052631578947,7.673684210526316,20.820080460021323,0.21915874168443503,235.00138327278864,1,2.0,14.0,3.0,11.0,6.16,-0.2753,4.8808,776.04610757
34,62,96,0.2916666666666667,8.166666666666666,20.965931153671168,0.21839511618407473,234.1825564830937,2,2.0,14.0,3.0,12.0,6.461538461538462,0.0485,5.6306,780.46044448
34,63,97,0.29896907216494845,8.670103092783505,21.111276288848163,0.21764202359637289,233.37502401378777,1,2.0,14.0,3.0,13.0,6.7407407407407405,0.4505,6.3422,782.28226995
35,30,65,-0.07692307692307693,0.38461538461538464,16.166235625781553,0.24871131731971627,283.0309015027983,1,2.0,15.0,2.0,10.0,6.0,1.0983,1.4379,516.23394165
35,31,66,-0.06060606060606061,0.24242424242424243,16.331620904278438,0.2474488015799764,281.5941716754993,0,2.0,15.0,2.0,11.0,6.346153846153846,2.3372,1.2157,531.59744977
35,32,67,-0.04477611940298507,0.13432835820895522,16.496172972233907,0.2462115368990136,280.18617729139055,1,2.0,15.0,2.0,12.0,6.666666666666667,3.5405,0.9947,548.53108269
35,33,68,-0.029411764705882353,0.058823529411764705,16.659908371007916,0.24499865251482233,278.8059274323339,0,2.0,15.0,2.0,13.0,6.964285714285714,3.9719,1.4503,562.69633419
35,59,94,0.2553191489361702,6.127659574468085,20.673717099616514,0.21993316063421828,250.28165744722997,0,2.0,15.0,3.0,9.0,5.625,0.0781,2.5732,783.10061262
35,60,95,0.2631578947368421,6.578947368421052,20.820080460021323,0.21915874168443503,249.40037670833928,1,2.0,15.0,3.0,10.0,6.0,-0.577,3.837,788.09630892
35,61,96,0.2708333333333333,7.041666666666667,20.965931153671168,0.21839511618407473,248.53137880303015,0,2.0,15.0,3.0,11.0,6.346153846153846,-0.2093,4.4876,791.07990753
35,62,97,0.27835051546391754,7.515463917525773,21.111276288848163,0.21764202359637289,247.67436724316488,1,2.0,15.0,3.0,12.0,6.666666666666667,-0.0447,5.1962,795.59555895
35,63,98,0.2857142857142857,8.0,21.256122803129635,0.21689921227683306,246.82905565991442,0,2.0,15.0,3.0,13.0,6.964285714285714,0.2055,5.8804,798.12875527
35,64,99,0.29292929292929293,8.494949494949495,21.400477469184917,0.216166439082676,245.99516735931587,1,2.0,15.0,3.0,14.0,7.241379310344827,0.1849,6.41,802.18870789
35,65,100,0.3,9.0,21.544346900318832,0.2154434690031884,245.17243490161317,0,2.0,15.0,3.0,15.0,7.5,0.4335,6.6617,804.29419242
35,66,101,0.3069306930693069,9.514851485148515,21.68773755577532,0.2147300748096567,244.36059970288525,1,2.0,15.0,3.0,16.0,7.741935483870968,0.54,6.8981,807.92110092
35,67,102,0.3137254901960784,10.03921568627451,21.830655745813875,0.2140260367236655,243.5594116575731,0,2.0,15.0,3.0,15.0,7.5,0.336,7.4005,809.62000965
36,31,67,-0.07462686567164178,0.373134328358209,16.496172972233907,0.2462115368990136,296.847221959022,1,2.0,14.0,2.0,11.0,6.16,2.576,1.2029,531.95298894
36,32,68,-0.058823529411764705,0.23529411764705882,16.659908371007916,0.24499865251482233,295.3848966572133,2,2.0,14.0,2.0,12.0,6.461538461538462,3.7474,1.0026,549.8749423
36,33,69,-0.043478260869565216,0.13043478260869565,16.82284307569508,0.2438093199376099,293.9509668098249,1,2.0,14.0,2.0,13.0,6.7407407407407405,4.1118,1.4677,564.23489356
36,34,70,-0.02857142857142857,0.05714285714285714,16.984992522418104,0.24264275032025867,292.5444813360164,2,2.0,14.0,2.0,14.0,7.0,4.1203,1.8818,580.93636822
36,62,98,0.2653061224489796,6.8979591836734695,21.256122803129635,0.21689921227683306,261.50654603925693,2,2.0,14.0,3.0,12.0,6.461538461538462,-0.4154,4.6571,812.7698587
36,63,99,0.2727272727272727,7.363636363636363,21.400477469184917,0.216166439082676,260.62307124456936,1,2.0,14.0,3.0,13.0,6.7407407407407405,-0.7774,5.3904,815.40275837
36,64,100,0.28,7.84,21.544346900318832,0.2154434690031884,259.75141566596255,2,2.0,14.0,3.0,14.0,7.0,-0.992,6.0139,820.16842635
36,65,101,0.2871287128712871,8.326732673267326,21.68773755577532,0.2147300748096567,258.89130534303143,1,2.0,14.0,3.0,15.0,7.241379310344827,-0.7858,6.3086,822.36812895
36,66,102,0.29411764705882354,8.823529411764707,21.830655745813875,0.2140260367236655,258.042475297892,2,2.0,14.0,3.0,16.0,7.466666666666667,-0.6836,6.5525,826.6872473
36,67,103,0.30097087378640774,9.330097087378642,21.973107636570674,0.21333114210262794,257.20466915603816,1,2.0,14.0,3.0,15.0,7.241379310344827,-0.7568,6.9708,828.47505619
37,32,69,-0.07246376811594203,0.36231884057971014,16.82284307569508,0.2438093199376099,310.92951896649504,1,2.0,13.0,2.0,12.0,6.24,4.1714,0.9074,547.65563433
37,33,70,-0.05714285714285714,0.22857142857142856,16.984992522418104,0.24264275032025867,309.441795158165,0,2.0,13.0,2.0,13.0,6.5,3.9835,1.3857,562.97497918
37,34,71,-0.04225352112676056,0.1267605633802817,17.146371633935342,0.2414981920272584,307.98214234602983,1,2.0,13.0,2.0,14.0,6.7407407407407405,4.3483,1.8096,579.86526731
37,35,72,-0.027777777777777776,0.05555555555555555,17.306994843688898,0.2403749283845681,306.5496465571747,0,2.0,13.0,2.0,15.0,6.964285714285714,5.0436,1.6572,594.04611887
37,66,103,0.2815533980582524,8.16504854368932,21.973107636570674,0.21333114210262794,272.06076212146854,1,2.0,13.0,3.0,16.0,7.172413793103448,-1.1054,5.9241,841.75810326
37,67,104,0.28846153846153844,8.653846153846153,22.115099254715485,0.2126451851414951,271.1859626346756,0,2.0,13.0,3.0,15.0,6.964285714285714,-1.13,6.252,844.22516746
38,33,71,-0.07042253521126761,0.352112676056338,17.146371633935342,0.2414981920272584,325.2754001161673,1,2.0,12.0,2.0,13.0,6.24,3.3941,1.4143,563.09468451
38,34,72,-0.05555555555555555,0.2222222222222222,17.306994843688898,0.2403749283845681,323.7624694074737,2,2.0,12.0,2.0,14.0,6.461538461538462,3.6276,1.7719,580.93138814
38,35,73,-0.0410958904109589,0.1232876712328767,17.466876118408518,0.2392722755946373,322.27729958312375,1,2.0,12.0,2.0,15.0,6.666666666666667,5.0183,1.4625,595.29545775
38,36,74,-0.02702702702702703,0.05405405405405406,17.626028979376553,0.23818958080238592,320.819011308595,2,2.0,12.0,2.0,14.0,6.461538461538462,5.3209,1.1312,611.97229929
38,65,103,0.2621359223300971,7.077669902912621,21.973107636570674,0.21333114210262794,287.3370273382374,1,2.0,12.0,3.0,15.0,6.666666666666667,-2.0516,5.2365,853.74758684
38,66,104,0.2692307692307692,7.538461538461538,22.115099254715485,0.2126451851414951,286.41310768847967,2,2.0,12.0,3.0,16.0,6.857142857142857,-1.8217,5.2936,858.84633198
38,67,105,0.2761904761904762,8.00952380952381,22.25663649191485,0.2119679665896653,285.5009578559557,1,2.0,12.0,3.0,15.0,6.666666666666667,-1.7109,5.5546,861.40484057
38,68,106,0.2830188679245283,8.49056603773585,22.397725109111345,0.21129929348218257,284.6003179349793,2,2.0,12.0,3.0,14.0,6.461538461538462,-1.9049,5.8124,866.06085978
39,34,73,-0.0684931506849315,0.3424657534246575,17.466876118408518,0.2392722755946373,339.88255704610344,1,2.0,11.0,2.0,14.0,6.16,2.9442,1.8073,578.50753878
39,35,74,-0.05405405405405406,0.21621621621621623,17.626028979376553,0.23818958080238592,338.34460588324356,0,2.0,11.0,2.0,15.0,6.346153846153846,4.2747,1.3519,593.79175527
39,36,75,-0.04,0.12,17.784466522450312,0.23712622029933753,336.8341187783765,1,2.0,11.0,2.0,14.0,6.16,5.049,0.8422,610.64649006
39,37,76,-0.02631578947368421,0.05263157894736842,17.942201436929967,0.23608159785434174,335.3502487943987,0,2.0,11.0,2.0,13.0,5.958333333333333,5.1126,0.3311,624.84600697
39,38,77,-0.012987012987012988,0.012987012987012988,18.099246023352887,0.23505514316042717,333.89218581910154,1,2.0,11.0,2.0,12.0,5.739130434782608,5.6225,0.1066,640.61275571
39,39,78,0.0,0.0,18.25561221028858,0.23404631038831517,332.45915451045863,0,2.0,11.0,2.0,11.0,5.5,5.5593,0.0005,653.79715322
39,66,105,0.2571428571428571,6.942857142857143,22.25663649191485,0.2119679665896653,301.0972095171279,1,2.0,11.0,3.0,16.0,6.518518518518518,-1.505,4.7677,872.32322335
39,67,106,0.2641509433962264,7.39622641509434,22.397725109111345,0.21129929348218257,300.1473697371768,0,2.0,11.0,3.0,15.0,6.346153846153846,-1.4681,4.9874,875.5557694
39,68,107,0.27102803738317754,7.859813084112149,22.538370740628164,0.2106389788843754,299.2094030906031,1,2.0,11.0,3.0,14.0,6.16,-1.8999,5.2354,880.30185738
39,69,108,0.2777777777777778,8.333333333333334,22.678578898107713,0.20998684164914555,298.28305226076264,0,2.0,11.0,3.0,13.0,5.958333333333333,-1.9823,5.2278,883.11288169
39,70,109,0.28440366972477066,8.81651376146789,22.818354974292443,0.20934270618616926,297.36806782432353,1,2.0,11.0,3.0,12.0,5.739130434782608,-2.2674,5.1278,887.43213788
39,71,110,0.2909090909090909,9.309090909090909,22.957704246655545,0.2087064022423232,296.46420793936426,0,2.0,11.0,3.0,11.0,5.5,-1.9345,4.9694,889.84110344
40,35,75,-0.06666666666666667,0.3333333333333333,17.784466522450312,0.23712622029933753,354.74876039021586,1,2.0,10.0,2.0,15.0,6.0,3.6623,1.3801,593.66736959
40,36,76,-0.05263157894736842,0.21052631578947367,17.942201436929967,0.23608159785434174,353.1859702568841,2,2.0,10.0,2.0,14.0,5.833333333333333,4.313,0.8105,611.4304511
40,37,77,-0.03896103896103896,0.11688311688311688,18.099246023352887,0.23505514316042717,351.6503596871072,1,2.0,10.0,2.0,13.0,5.6521739130434785,4.5376,0.2105,625.80278858
40,38,78,-0.02564102564102564,0.05128205128205128,18.25561221028858,0.23404631038831517,350.1411121020194,2,2.0,10.0,2.0,12.0,5.454545454545454,5.4125,0.0176,642.460612
40,39,79,-0.012658227848101266,0.012658227848101266,18.41131157020244,0.23305457683800562,348.65744552493,1,2.0,10.0,2.0,11.0,5.238095238095238,5.1023,0.0028,655.81322196
40,67,107,0.2523364485981308,6.813084112149533,22.538370740628164,0.2106389788843754,315.12296090565144,1,2.0,10.0,3.0,15.0,6.0,-1.4033,4.4634,891.12586793
40,68,108,0.25925925925925924,7.2592592592592595,22.678578898107713,0.20998684164914555,314.1473417796431,2,2.0,10.0,3.0,14.0,5.833333333333333,-1.7686,4.7608,896.54089465
40,69,109,0.26605504587155965,7.715596330275229,22.818354974292443,0.20934270618616926,313.18369357268494,1,2.0,10.0,3.0,13.0,5.6521739130434785,-1.909,4.8107,899.44062296
40,70,110,0.2727272727272727,8.181818181818182,22.957704246655545,0.2087064022423232,312.2317615804074,2,2.0,10.0,3.0,12.0,5.454545454545454,-2.2295,4.7537,904.41704191
40,71,111,0.27927927927927926,8.657657657657658,23.09663188088886,0.2080777646926925,311.29129877041237,1,2.0,10.0,3.0,11.0,5.238095238095238,-2.0177,4.5438,906.91012219
40,72,112,0.2857142857142857,9.142857142857142,23.235142934254814,0.2074566333415609,310.3620654845476,2,2.0,10.0,3.0,10.0,5.0,-2.0455,4.2644,911.46773878
41,38,79,-0.0379746835443038,0.11392405063291139,18.41131157020244,0.23305457683800562,366.7238569112287,1,2.0,9.0,2.0,12.0,5.142857142857143,5.311,0.1938,640.87505307
41,39,80,-0.025,0.05,18.566355334451114,0.23207944168063896,365.18942952185455,0,2.0,9.0,2.0,11.0,4.95,5.1742,0.0861,655.09574912
41,40,81,-0.012345679012345678,0.012345679012345678,18.720754407467133,0.23112042478354491,363.6803650781649,1,2.0,9.0,2.0,10.0,4.7368421052631575,4.6913,0.0558,670.88161883
41,41,82,0.0,0.0,18.874519380186243,0.23017706561202741,362.19593890415354,0,2.0,9.0,2.0,9.0,4.5,3.3406,0.3951,684.12982264
41,70,111,0.26126126126126126,7.576576576576577,23.09663188088886,0.2080777646926925,327.4215054725646,1,2.0,9.0,3.0,12.0,5.142857142857143,0.4844,5.0374,917.8654273
41,71,112,0.26785714285714285,8.035714285714286,23.235142934254814,0.2074566333415609,326.4441220294846,0,2.0,9.0,3.0,11.0,4.95,0.4459,4.8688,921.00411494
41,72,113,0.2743362831858407,8.504424778761061,23.373242358808824,0.2068428527328215,325.4783053731969,1,2.0,9.0,3.0,10.0,4.7368421052631575,0.2616,4.6652,925.64465494
41,73,114,0.2807017543859649,8.982456140350877,23.510935004498354,0.20623627196928387,324.5238180588916,0,2.0,9.0,3.0,9.0,4.5,0.6158,4.2929,928.38408673
41,74,115,0.28695652173913044,9.469565217391304,23.648225622144295,0.20563674454038525,323.58042954435234,1,2.0,9.0,3.0,8.0,4.235294117647059,0.5529,3.9369,932.62009117
42,38,80,-0.05,0.2,18.566355334451114,0.23207944168063896,383.63781393409545,2,2.0,8.0,2.0,12.0,4.8,0.5816,0.5556,641.37344662
42,39,81,-0.037037037037037035,0.1111111111111111,18.720754407467133,0.23112042478354491,382.0525156273488,1,2.0,8.0,2.0,11.0,4.631578947368421,5.0276,0.1669,655.75750827
42,40,82,-0.024390243902439025,0.04878048780487805,18.874519380186243,0.23017706561202741,380.49310024917116,2,2.0,8.0,2.0,10.0,4.444444444444445,2.6142,0.3036,672.401105
42,41,83,-0.012048192771084338,0.012048192771084338,19.027660542766455,0.22924892220200552,378.95883721294706,1,2.0,8.0,2.0,9.0,4.235294117647059,2.7284,0.8179,685.80843573
42,42,84,0.0,0.0,19.180187896644355,0.22833557019814713,377.44902504011907,2,2.0,8.0,2.0,8.0,4.0,2.3509,1.1047,701.45993785
42,71,113,0.25663716814159293,7.442477876106195,23.373242358808824,0.2068428527328215,341.9205909651738,1,2.0,8.0,3.0,11.0,4.631578947368421,-0.2371,5.4835,936.51804754
42,72,114,0.2631578947368421,7.894736842105263,23.510935004498354,0.20623627196928387,340.91788552770436,2,2.0,8.0,3.0,10.0,4.444444444444445,-0.4273,5.2651,941.79960854
42,73,115,0.26956521739130435,8.356521739130434,23.648225622144295,0.20563674454038525,339.92683957141196,1,2.0,8.0,3.0,9.0,4.235294117647059,-0.2656,4.8489,944.62077933
42,74,116,0.27586206896551724,8.827586206896552,23.785118866310174,0.20504412815784637,338.9472178873354,2,2.0,8.0,3.0,8.0,4.0,-0.3838,4.4617,949.48707672
42,75,117,0.28205128205128205,9.307692307692308,23.92161929806432,0.2044582845988404,337.97879198689003,1,2.0,8.0,3.0,7.0,3.7333333333333334,-0.6347,4.0995,951.92237349
43,40,83,-0.03614457831325301,0.10843373493975904,19.027660542766455,0.22924892220200552,397.63430765510003,1,2.0,7.0,2.0,10.0,4.117647058823529,2.2545,0.4474,670.55175348
43,41,84,-0.023809523809523808,0.047619047619047616,19.180187896644355,0.22833557019814713,396.05009042864083,0,2.0,7.0,2.0,9.0,3.9375,2.2584,0.9529,684.79569748
43,42,85,-0.011764705882352941,0.011764705882352941,19.3321111659706,0.22743660195259535,394.49082195971897,1,2.0,7.0,2.0,8.0,3.7333333333333334,1.8946,1.2897,700.60208344
43,43,86,0.0,0.0,19.483439808463515,0.22655162567980835,392.95582269280527,0,2.0,7.0,2.0,7.0,3.5,1.9061,1.2711,713.91252788
43,73,116,0.25862068965517243,7.758620689655173,23.785118866310174,0.20504412815784637,355.6508757190379,0,2.0,7.0,3.0,9.0,3.9375,-0.4204,4.8738,957.9403003
43,74,117,0.26495726495726496,8.213675213675213,23.92161929806432,0.2044582845988404,354.6347248218298,1,2.0,7.0,3.0,8.0,3.7333333333333334,-0.4692,4.468,962.887161
43,75,118,0.2711864406779661,8.677966101694915,24.057731387639894,0.20387907955627035,353.63008849080387,0,2.0,7.0,3.0,7.0,3.5,-0.659,4.1019,965.94223184
43,76,119,0.2773109243697479,9.15126050420168,24.193459516997326,0.2033063824957759,352.6367403129435,1,2.0,7.0,3.0,6.0,3.230769230769231,-1.3696,3.7296,970.48766199
43,77,120,0.2833333333333333,9.633333333333333,24.328807982293597,0.20274006651911336,351.6544601821091,0,2.0,7.0,3.0,5.0,2.9166666666666665,-1.856,3.1264,973.16343502
43,78,121,0.2892561983471074,10.12396694214876,24.463780996262468,0.20218000823357415,350.68303407254314,1,2.0,7.0,3.0,4.0,2.5454545454545454,-2.4461,2.4329,977.32434316
44,41,85,-0.03529411764705882,0.10588235294117647,19.3321111659706,0.22743660195259535,413.46726783126894,1,2.0,6.0,2.0,9.0,3.6,1.6503,0.9406,685.16066845
44,42,86,-0.023255813953488372,0.046511627906976744,19.483439808463515,0.22655162567980835,411.85842950681587,2,2.0,6.0,2.0,8.0,3.4285714285714284,1.3184,1.2996,701.7941528
44,43,87,-0.011494252873563218,0.011494252873563218,19.63418302571681,0.22568026466341165,410.274342971706,1,2.0,6.0,2.0,7.0,3.230769230769231,2.722,1.5236,715.25542116
44,44,88,0.0,0.0,19.7843497729948,0.2248221565113046,408.7143494169774,2,2.0,6.0,2.0,6.0,3.0,2.0725,1.6013,730.93655098
44,74,118,0.2542372881355932,7.627118644067797,24.057731387639894,0.20387907955627035,370.64098420559037,2,2.0,6.0,3.0,8.0,3.4285714285714284,-0.7666,4.2833,978.24747485
44,75,119,0.2605042016806723,8.07563025210084,24.193459516997326,0.2033063824957759,369.5998523610907,1,2.0,6.0,3.0,7.0,3.230769230769231,-1.006,3.9274,981.38194356
44,76,120,0.26666666666666666,8.533333333333333,24.328807982293597,0.20274006651911336,368.5703209770056,2,2.0,6.0,3.0,6.0,3.0,-1.6824,3.5659,986.54300005
44,77,121,0.2727272727272727,9.0,24.463780996262468,0.20218000823357415,367.5521657321589,1,2.0,6.0,3.0,5.0,2.727272727272727,-2.1687,2.9732,989.29427633
44,78,122,0.2786885245901639,9.475409836065573,24.598382690509563,0.2016260876271276,366.5451684512612,2,2.0,6.0,3.0,4.0,2.4,-2.7894,2.2861,994.06099277
44,79,123,0.2845528455284553,9.959349593495935,24.732617117726065,0.20107818794899246,365.54911688779555,1,2.0,6.0,3.0,3.0,2.0,-3.0069,1.654,996.44507902
45,42,87,-0.034482758620689655,0.10344827586206896,19.63418302571681,0.22568026466341165,429.5494906594888,1,2.0,5.0,2.0,8.0,3.076923076923077,2.4414,1.1802,699.67778206
45,43,88,-0.022727272727272728,0.045454545454545456,19.7843497729948,0.2248221565113046,427.916206862086,0,2.0,5.0,2.0,7.0,2.9166666666666665,1.9793,1.6302,713.94668104
45,44,89,-0.011235955056179775,0.011235955056179775,19.93394876854618,0.22397695245557508,426.3074841313526,1,2.0,5.0,2.0,6.0,2.727272727272727,1.3374,1.7977,729.77474676
45,45,90,0.0,0.0,20.08298850246508,0.22314431669405652,424.7226833168083,0,2.0,5.0,2.0,5.0,2.5,1.0517,1.7943,743.14595715
45,46,91,0.01098901098901099,0.01098901098901099,20.231477245126285,0.22232392577061855,423.16118876685266,1,2.0,5.0,2.0,4.0,2.2222222222222223,0.4345,1.8262,757.22255088
45,75,120,0.25,7.5,24.328807982293597,0.20274006651911336,385.8861670489478,0,2.0,5.0,3.0,7.0,2.9166666666666665,-0.1374,3.6362,993.95832379
45,77,122,0.26229508196721313,8.39344262295082,24.598382690509563,0.2016260876271276,383.76587059160556,0,2.0,5.0,3.0,5.0,2.5,-1.0172,2.5755,1002.55454082
45,78,123,0.2682926829268293,8.853658536585366,24.732617117726065,0.20107818794899246,382.72302341120877,1,2.0,5.0,3.0,4.0,2.2222222222222223,-1.8929,2.1185,1007.39573315
45,79,124,0.27419354838709675,9.32258064516129,24.8664882538245,0.20053619559535893,381.6914199620022,0,2.0,5.0,3.0,3.0,1.875,-2.886,1.7473,1010.37600697
45,80,125,0.28,9.8,24.999999999999996,0.2,380.670849797288,1,2.0,5.0,3.0,2.0,1.4285714285714286,-4.091,1.3525,1014.83537362
46,43,89,-0.033707865168539325,0.10112359550561797,19.93394876854618,0.22397695245557508,445.8791272088624,1,2.0,4.0,2.0,7.0,2.5454545454545454,1.0116,1.6309,714.01366297
46,44,90,-0.022222222222222223,0.044444444444444446,20.08298850246508,0.22314431669405652,444.2215686852799,2,2.0,4.0,2.0,6.0,2.4,0.395,1.8762,730.64058779
46,45,91,-0.01098901098901099,0.01098901098901099,20.231477245126285,0.22232392577061855,442.5883864095939,1,2.0,4.0,2.0,5.0,2.2222222222222223,0.0506,1.896,744.15500765
46,78,124,0.25806451612903225,8.258064516129032,24.8664882538245,0.20053619559535893,399.2147535071915,2,2.0,4.0,3.0,4.0,2.0,-2.8323,2.1479,1022.67226287
46,79,125,0.264,8.712,24.999999999999996,0.2,398.1473292858566,1,2.0,4.0,3.0,3.0,1.7142857142857142,-3.8459,1.7825,1025.72599224
46,80,126,0.2698412698412698,9.174603174603174,25.133156184720164,0.19946949352952517,397.0912306139144,2,2.0,4.0,3.0,2.0,1.3333333333333333,-5.017,1.4041,1030.77777713
46,81,127,0.2755905511811024,9.645669291338583,25.26596056564665,0.19894457138304456,396.04624886039306,1,2.0,4.0,3.0,1.0,0.8,-6.1569,0.9088,1033.4666395
46,82,128,0.28125,10.125,25.398416831491186,0.19842513149602495,395.0121808416862,2,2.0,4.0,4.0,0.0,0.0,-7.6342,0.6023,1038.14294561
46,83,129,0.2868217054263566,10.612403100775193,25.530528603808893,0.19791107444813102,393.9888286380885,1,2.0,4.0,4.0,1.0,0.8,-6.9746,0.8568,1040.48151364
46,84,130,0.2923076923076923,11.107692307692307,25.66229943873142,0.19740230337485715,392.9759994178789,2,2.0,4.0,4.0,2.0,1.3333333333333333,-6.6412,1.3085,1044.79709037
46,85,131,0.29770992366412213,11.610687022900763,25.79373282864238,0.1968987238827663,391.9735052685835,1,2.0,4.0,4.0,3.0,1.7142857142857142,-6.1697,1.6145,1046.79914504
46,86,132,0.30303030303030304,12.121212121212121,25.92483220379743,0.19640024396816239,390.98116303507254,2,2.0,4.0,4.0,4.0,2.0,-5.7792,1.8381,1050.76794574
47,44,91,-0.03296703296703297,0.0989010989010989,20.231477245126285,0.22232392577061855,462.4543822379793,1,2.0,3.0,2.0,6.0,2.0,-0.3263,1.6824,728.25464299
47,45,92,-0.021739130434782608,0.043478260869565216,20.379423055219398,0.22151546799151525,460.77271508720025,0,2.0,3.0,2.0,5.0,1.875,-0.7043,1.7477,742.54990772
47,46,93,-0.010752688172043012,0.010752688172043012,20.526833787405323,0.22071864287532608,459.1152449540075,1,2.0,3.0,2.0,4.0,1.7142857142857142,-1.3609,1.7285,758.40062536
47,47,94,0.0,0.0,20.673717099616514,0.21993316063421828,457.4813690528361,0,2.0,3.0,2.0,3.0,1.5,-1.7343,1.4987,771.83121089
47,79,126,0.25396825396825395,8.126984126984127,25.133156184720164,0.19946949352952517,414.91504382975404,0,2.0,3.0,3.0,3.0,1.5,-4.5417,1.5616,1038.25593766
47,80,127,0.25984251968503935,8.5748031496063,25.26596056564665,0.19894457138304456,413.8231570877747,1,2.0,3.0,3.0,2.0,1.2,-5.8187,1.2429,1043.38016599
47,81,128,0.265625,9.03125,25.398416831491186,0.19842513149602495,412.74267395385755,0,2.0,3.0,3.0,1.0,0.75,-6.9714,0.7738,1046.65228908
47,82,129,0.2713178294573643,9.496124031007753,25.530528603808893,0.19791107444813102,411.67338762448543,1,2.0,3.0,4.0,0.0,0.0,-8.4574,0.4813,1051.39758738
47,83,130,0.27692307692307694,9.96923076923077,25.66229943873142,0.19740230337485715,410.61509661250415,0,2.0,3.0,4.0,1.0,0.75,-7.6806,0.6765,1054.31071411
47,84,131,0.2824427480916031,10.450381679389313,25.79373282864238,0.1968987238827663,409.56760457081157,1,2.0,3.0,4.0,2.0,1.2,-7.2146,1.054,1058.69191242
47,85,132,0.2878787878787879,10.93939393939394,25.92483220379743,0.19640024396816239,408.5307201231879,0,2.0,3.0,4.0,3.0,1.5,-6.6616,1.3308,1061.26003897
47,86,133,0.2932330827067669,11.436090225563909,26.055600933891245,0.19590677393903197,407.5042567019279,1,2.0,3.0,4.0,4.0,1.7142857142857142,-6.2682,1.5542,1065.29117131
48,44,92,-0.043478260869565216,0.17391304347826086,20.379423055219398,0.22151546799151525,481.003755813361,2,2.0,2.0,2.0,6.0,1.5,-1.276,1.387,727.88333272
48,45,93,-0.03225806451612903,0.0967741935483871,20.526833787405323,0.22071864287532608,479.2735115234766,1,2.0,2.0,2.0,5.0,1.4285714285714286,-1.7249,1.4796,742.31815824
48,46,94,-0.02127659574468085,0.0425531914893617,20.673717099616514,0.21993316063421828,477.5678974120862,2,2.0,2.0,2.0,4.0,1.3333333333333333,-2.383,1.4825,758.94160728
48,47,95,-0.010526315789473684,0.010526315789473684,20.820080460021323,0.21915874168443503,475.8863063846233,1,2.0,2.0,2.0,3.0,1.2,-2.8293,1.2838,772.50839674
48,48,96,0.0,0.0,20.965931153671168,0.21839511618407473,474.22815250020824,2,2.0,2.0,2.0,2.0,1.0,-3.4555,1.0069,788.24967162
48,85,133,0.2781954887218045,10.293233082706767,26.055600933891245,0.19590677393903197,425.3964515812631,1,2.0,2.0,4.0,3.0,1.2,-7.4973,1.0258,1077.14285506
48,86,134,0.2835820895522388,10.776119402985074,26.186042329573482,0.19541822634010067,424.3356081462189,2,2.0,2.0,4.0,4.0,1.3333333333333333,-7.075,1.2311,1081.73678274
48,87,135,0.28888888888888886,11.266666666666667,26.31615964391579,0.19493451588085775,423.2852681869752,1,2.0,2.0,4.0,5.0,1.4285714285714286,-6.4565,1.2267,1084.03479432
49,46,95,-0.031578947368421054,0.09473684210526316,20.820080460021323,0.21915874168443503,496.33481937461494,1,2.0,1.0,2.0,4.0,0.8,-3.1955,0.9934,756.28408971
49,47,96,-0.020833333333333332,0.041666666666666664,20.965931153671168,0.21839511618407473,494.6054157383369,0,2.0,1.0,2.0,3.0,0.75,-3.6904,0.8331,770.60688682
49,48,97,-0.010309278350515464,0.010309278350515464,21.111276288848163,0.21764202359637289,492.8998662785414,1,2.0,1.0,2.0,2.0,0.6666666666666666,-4.379,0.6198,786.48106954
49,49,98,0.0,0.0,21.256122803129635,0.21689921227683306,491.21760108902834,0,2.0,1.0,2.0,1.0,0.5,-4.9053,0.2896,799.96971679
49,84,133,0.2631578947368421,9.210526315789474,26.055600933891245,0.19590677393903197,443.6754496304847,1,2.0,1.0,4.0,2.0,0.6666666666666666,-8.9278,0.389,1087.04489064
49,85,134,0.26865671641791045,9.671641791044776,26.186042329573482,0.19541822634010067,442.5690224699354,0,2.0,1.0,4.0,3.0,0.75,-8.2281,0.551,1090.24052939
49,86,135,0.2740740740740741,10.14074074074074,26.31615964391579,0.19493451588085775,441.4735501124438,1,2.0,1.0,4.0,4.0,0.8,-7.6897,0.6913,1094.89848851
49,87,136,0.27941176470588236,10.617647058823529,26.445956073831777,0.19445555936641015,440.3888441442514,0,2.0,1.0,4.0,5.0,0.8333333333333334,-7.0322,0.6793,1097.75114661
49,88,137,0.2846715328467153,11.102189781021897,26.575434761451795,0.19398127563103507,439.3147207471173,1,2.0,1.0,4.0,6.0,0.8571428571428571,-6.5452,0.6099,1102.06111075
50,47,97,-0.030927835051546393,0.09278350515463918,21.111276288848163,0.21764202359637289,513.636656317371,1,3.0,0.0,2.0,3.0,0.0,-4.9368,0.5406,770.07603733
50,48,98,-0.02040816326530612,0.04081632653061224,21.256122803129635,0.21689921227683306,511.88361654987335,2,3.0,0.0,2.0,2.0,0.0,-5.6673,0.3704,786.69869971
50,49,99,-0.010101010101010102,0.010101010101010102,21.400477469184917,0.216166439082676,510.15426682656863,1,3.0,0.0,2.0,1.0,0.0,-6.3608,0.1281,800.31708624
50,53,103,0.02912621359223301,0.08737864077669903,21.973107636570674,0.21333114210262794,503.4629466649834,1,3.0,0.0,3.0,3.0,0.0,-4.2268,0.2646,853.65185667
50,86,136,0.2647058823529412,9.529411764705882,26.445956073831777,0.19445555936641015,458.916442995945,2,3.0,0.0,4.0,4.0,0.0,-8.7446,0.3866,1109.96739638
50,87,137,0.27007299270072993,9.992700729927007,26.575434761451795,0.19398127563103507,457.79713015388296,1,3.0,0.0,4.0,5.0,0.0,-8.0444,0.3527,1112.88329437
50,88,138,0.2753623188405797,10.46376811594203,26.70459879545431,0.19351158547430664,456.6886581886775,2,3.0,0.0,4.0,6.0,0.0,-7.5293,0.2916,1117.74475176
50,89,139,0.2805755395683453,10.942446043165468,26.833451212355452,0.19304641159967958,455.5908446799557,1,3.0,0.0,4.0,7.0,0.0,-6.9243,0.1073,1120.32748363
50,90,140,0.2857142857142857,11.428571428571429,26.9619949977585,0.1925856785554179,454.5035115611074,2,3.0,0.0,4.0,8.0,0.0,-6.5827,0.0175,1124.84610996
51,48,99,-0.030303030303030304,0.09090909090909091,21.400477469184917,0.216166439082676,531.1774169333067,1,3.0,1.0,2.0,2.0,0.6666666666666666,-5.0214,0.5375,783.76807343
51,49,100,-0.02,0.04,21.544346900318832,0.2154434690031884,529.4008905632933,0,3.0,1.0,2.0,1.0,0.5,-5.5956,0.2211,798.11936719
51,50,101,-0.009900990099009901,0.009900990099009901,21.68773755577532,0.2147300748096567,527.64789464689,1,3.0,1.0,3.0,0.0,0.0,-6.5463,0.088,814.01769532
51,51,102,0.0,0.0,21.830655745813875,0.2140260367236655,525.9178891311103,0,3.0,1.0,3.0,1.0,0.5,-5.0699,0.1738,827.56316235
51,52,103,0.009708737864077669,0.009708737864077669,21.973107636570674,0.21333114210262794,524.210351497563,1,3.0,1.0,3.0,2.0,0.6666666666666666,-4.1421,0.355,841.88604865
51,53,104,0.019230769230769232,0.038461538461538464,22.115099254715485,0.2126451851414951,522.5247760294737,0,3.0,1.0,3.0,3.0,0.75,-3.1693,0.4108,853.91386051
51,87,138,0.2608695652173913,9.391304347826088,26.70459879545431,0.19351158547430664,475.5085227619347,0,3.0,1.0,4.0,5.0,0.8333333333333334,-6.2199,0.6846,1125.27516527
51,88,139,0.26618705035971224,9.848920863309353,26.833451212355452,0.19304641159967958,474.3654690196525,1,3.0,1.0,4.0,6.0,0.8571428571428571,-5.5749,0.5518,1130.19907471
51,89,140,0.2714285714285714,10.314285714285715,26.9619949977585,0.1925856785554179,473.233327557799,0,3.0,1.0,4.0,7.0,0.875,-4.8415,0.2983,1133.32550799
51,90,141,0.2765957446808511,10.787234042553191,27.09023308756464,0.19212931267776348,472.1119173652748,1,3.0,1.0,4.0,8.0,0.8888888888888888,-4.3992,0.1935,1137.90366076
51,91,142,0.28169014084507044,11.267605633802816,27.218168369146653,0.1916772420362441,471.00106169011696,0,3.0,1.0,4.0,9.0,0.9,-3.3667,0.2878,1140.70171511
52,48,100,-0.04,0.16,21.544346900318832,0.2154434690031884,550.7793237887336,2,3.0,2.0,2.0,2.0,1.0,-4.6913,0.8481,782.81139357
52,49,101,-0.0297029702970297,0.0891089108910891,21.68773755577532,0.2147300748096567,548.9555378400288,1,3.0,2.0,2.0,1.0,0.6666666666666666,-5.1106,0.4194,797.28935491
52,50,102,-0.0196078431372549,0.0392156862745098,21.830655745813875,0.2140260367236655,547.1556706975349,2,3.0,2.0,3.0,0.0,0.0,-5.9404,0.2095,813.91358551
52,51,103,-0.009708737864077669,0.009708737864077669,21.973107636570674,0.21333114210262794,545.3791787423585,1,3.0,2.0,3.0,1.0,0.6666666666666666,-4.5412,0.3518,827.5828097
52,55,107,0.028037383177570093,0.08411214953271028,22.538370740628164,0.2106389788843754,538.4966872760884,1,3.0,2.0,3.0,5.0,1.4285714285714286,-1.1567,0.7592,881.25408047
52,89,141,0.2624113475177305,9.709219858156029,27.09023308756464,0.19212931267776348,491.17688926131547,1,3.0,2.0,4.0,7.0,1.5555555555555556,-3.5479,0.7771,1147.73332495
52,90,142,0.2676056338028169,10.169014084507042,27.218168369146653,0.1916772420362441,490.02117466299035,2,3.0,2.0,4.0,8.0,1.6,-2.8347,0.6178,1152.85214427
52,91,143,0.2727272727272727,10.636363636363637,27.34580368248674,0.1912293963810262,488.87626120479223,1,3.0,2.0,4.0,9.0,1.6363636363636365,-1.9999,0.897,1155.70902422
52,92,144,0.2777777777777778,11.11111111111111,27.47314182127996,0.190785707092222,487.74197346058463,2,3.0,2.0,4.0,10.0,1.6666666666666667,-1.8288,1.3102,1160.48722738
52,93,145,0.2827586206896552,11.593103448275862,27.600185534004485,0.19034610713106545,486.61814004635494,1,3.0,2.0,4.0,11.0,1.6923076923076923,-1.07,1.524,1163.02474451
52,94,146,0.2876712328767123,12.082191780821917,27.7269375249599,0.18991053099287608,485.5045934999664,2,3.0,2.0,4.0,12.0,1.7142857142857142,-2.7889,1.8175,1167.47433968
53,50,103,-0.02912621359223301,0.08737864077669903,21.973107636570674,0.21333114210262794,566.9694958014061,1,3.0,3.0,3.0,0.0,0.0,-5.3663,0.2561,810.70870148
53,51,104,-0.019230769230769232,0.038461538461538464,22.115099254715485,0.2126451851414951,565.1464301741295,0,3.0,3.0,3.0,1.0,0.75,-3.897,0.416,825.08928755
53,52,105,-0.009523809523809525,0.009523809523809525,22.25663649191485,0.2119679665896653,563.3465885893806,1,3.0,3.0,3.0,2.0,1.2,-2.8958,0.6885,841.01232985
53,53,106,0.0,0.0,22.397725109111345,0.21129929348218257,561.5694582048113,0,3.0,3.0,3.0,3.0,1.5,-1.6912,0.7401,854.61344076
53,54,107,0.009345794392523364,0.009345794392523364,22.538370740628164,0.2106389788843754,559.8145422047415,1,3.0,3.0,3.0,4.0,1.7142857142857142,-0.8655,0.906,869.0117746
53,55,108,0.018518518518518517,0.037037037037037035,22.678578898107713,0.20998684164914555,558.0813591551064,0,3.0,3.0,3.0,5.0,1.875,-0.2773,1.0048,881.1426668
53,90,143,0.25874125874125875,9.573426573426573,27.34580368248674,0.1912293963810262,508.2297567056529,1,3.0,3.0,4.0,8.0,2.1818181818181817,-2.1289,0.9982,1164.62281641
53,91,144,0.2638888888888889,10.027777777777779,27.47314182127996,0.190785707092222,507.0505650982466,0,3.0,3.0,4.0,9.0,2.25,-1.4629,1.312,1168.01290555
53,92,145,0.2689655172413793,10.489655172413793,27.600185534004485,0.19034610713106545,505.88224168388393,1,3.0,3.0,4.0,10.0,2.3076923076923075,-0.7058,1.804,1172.8492357
53,93,146,0.273972602739726,10.95890410958904,27.7269375249599,0.18991053099287608,504.7246123709843,0,3.0,3.0,4.0,11.0,2.357142857142857,-2.0288,2.3491,1175.91287581
53,94,147,0.2789115646258503,11.435374149659864,27.853400455274738,0.18947891466173297,503.57750702463903,1,3.0,3.0,4.0,12.0,2.4,-2.0481,2.937,1180.41789168
53,95,148,0.28378378378378377,11.91891891891892,27.97957694388431,0.18905119556678593,502.44075935049926,0,3.0,3.0,4.0,13.0,2.4375,-1.805,3.6006,1183.16652048
54,50,104,-0.038461538461538464,0.15384615384615385,22.115099254715485,0.2126451851414951,587.0875241102262,2,3.0,4.0,3.0,0.0,0.0,-4.9877,0.2444,809.4587881
54,51,105,-0.02857142857142857,0.08571428571428572,22.25663649191485,0.2119679665896653,585.2178059569057,1,3.0,4.0,3.0,1.0,0.8,-3.4057,0.3901,823.96030054
54,52,106,-0.018867924528301886,0.03773584905660377,22.397725109111345,0.21129929348218257,583.3716807373298,2,3.0,4.0,3.0,2.0,1.3333333333333333,-2.4674,0.7394,840.58816955
54,53,107,-0.009345794392523364,0.009345794392523364,22.538370740628164,0.2106389788843754,581.548632347579,1,3.0,4.0,3.0,3.0,1.7142857142857142,-1.1849,0.8868,854.30748769
54,57,111,0.02702702702702703,0.08108108108108109,23.09663188088886,0.2080777646926925,574.4774310997796,1,3.0,4.0,3.0,7.0,2.5454545454545454,0.8042,1.7255,908.30260793
54,93,147,0.2653061224489796,10.346938775510203,27.853400455274738,0.18947891466173297,523.1282655463351,1,3.0,4.0,4.0,11.0,2.933333333333333,-1.5999,3.2703,1190.20837922
54,94,148,0.2702702702702703,10.81081081081081,27.97957694388431,0.18905119556678593,521.9473850843581,2,3.0,4.0,4.0,12.0,3.0,-1.5577,3.8857,1195.23672112
54,95,149,0.2751677852348993,11.281879194630873,28.105469568479982,0.18862731254013418,520.7770955409397,1,3.0,4.0,4.0,13.0,3.0588235294117645,-1.4269,4.5564,1198.04014827
54,96,150,0.28,11.76,28.23108086643085,0.18820720577620573,519.6172318001614,2,3.0,4.0,4.0,14.0,3.111111111111111,-1.3127,5.2344,1202.74184988
55,52,107,-0.028037383177570093,0.08411214953271028,22.538370740628164,0.2106389788843754,603.6990201604664,1,3.0,5.0,3.0,2.0,1.4285714285714286,-1.8286,0.6338,837.10820351
55,53,108,-0.018518518518518517,0.037037037037037035,22.678578898107713,0.20998684164914555,601.8299709844612,0,3.0,5.0,3.0,3.0,1.875,-0.8838,0.8942,851.51873637
55,54,109,-0.009174311926605505,0.009174311926605505,22.818354974292443,0.20934270618616926,599.9838551804967,1,3.0,5.0,3.0,4.0,2.2222222222222223,-0.1261,1.0765,867.46696747
55,55,110,0.0,0.0,22.957704246655545,0.2087064022423232,598.1601847968923,0,3.0,5.0,3.0,5.0,2.5,0.0407,1.2955,881.12260748
55,56,111,0.009009009009009009,0.009009009009009009,23.09663188088886,0.2080777646926925,596.3584865796006,1,3.0,5.0,3.0,6.0,2.727272727272727,0.2983,1.6337,895.59355156
55,57,112,0.017857142857142856,0.03571428571428571,23.235142934254814,0.2074566333415609,594.5783014018375,0,3.0,5.0,3.0,7.0,2.9166666666666665,1.0982,1.9974,907.82339628
55,60,115,0.043478260869565216,0.21739130434782608,23.648225622144295,0.20563674454038525,589.3624335131416,1,3.0,5.0,3.0,10.0,3.3333333333333335,2.0022,2.6489,946.24867224
55,61,116,0.05172413793103448,0.3103448275862069,23.785118866310174,0.20504412815784637,587.6639732786464,0,3.0,5.0,3.0,11.0,3.4375,1.8625,2.8531,957.1756166
55,94,149,0.26174496644295303,10.208053691275168,28.105469568479982,0.18862731254013418,540.612779073949,1,3.0,5.0,4.0,12.0,3.5294117647058822,-1.6383,4.7814,1206.92556843
55,95,150,0.26666666666666666,10.666666666666666,28.23108086643085,0.18820720577620573,539.408737718025,0,3.0,5.0,4.0,13.0,3.611111111111111,-1.3635,5.4838,1210.24539376
55,96,151,0.271523178807947,11.132450331125828,28.356413335678806,0.18779081679257492,538.2153516564571,1,3.0,5.0,4.0,14.0,3.6842105263157894,-1.2532,6.1934,1215.00127241
55,97,152,0.27631578947368424,11.605263157894736,28.48146943560797,0.18737808839215775,537.0324569603096,0,3.0,5.0,4.0,15.0,3.75,-1.2091,6.9185,1218.00779738
56,52,108,-0.037037037037037035,0.14814814814814814,22.678578898107713,0.20998684164914555,624.3268504906212,2,3.0,6.0,3.0,2.0,1.5,-1.6912,0.5392,835.56504449
56,53,109,-0.027522935779816515,0.08256880733944955,22.818354974292443,0.20934270618616926,622.4117254202549,1,3.0,6.0,3.0,3.0,2.0,-0.8179,0.9531,850.09116887
56,54,110,-0.01818181818181818,0.03636363636363636,22.957704246655545,0.2087064022423232,620.5198847977842,2,3.0,6.0,3.0,4.0,2.4,-0.3199,1.2896,866.7245026
56,55,111,-0.009009009009009009,0.009009009009009009,23.09663188088886,0.2080777646926925,618.6508376785519,1,3.0,6.0,3.0,5.0,2.727272727272727,0.1585,1.5964,880.49318843
56,56,112,0.0,0.0,23.235142934254814,0.2074566333415609,616.8041077732516,2,3.0,6.0,3.0,6.0,3.0,0.397,1.8505,896.35640444
56,57,113,0.008849557522123894,0.008849557522123894,23.373242358808824,0.2068428527328215,614.9792328842491,1,3.0,6.0,3.0,7.0,3.230769230769231,1.1615,2.2977,908.6965559
56,59,115,0.02608695652173913,0.0782608695652174,23.648225622144295,0.20563674454038525,611.3932666245497,1,3.0,6.0,3.0,9.0,3.6,2.5492,2.7947,934.80054709
56,60,116,0.034482758620689655,0.13793103448275862,23.785118866310174,0.20504412815784637,609.6313166054251,2,3.0,6.0,3.0,10.0,3.75,-0.0234,3.0867,948.55185572
56,62,118,0.05084745762711865,0.3050847457627119,24.057731387639894,0.20387907955627035,606.1674275427678,2,3.0,6.0,3.0,12.0,4.0,0.8052,3.4916,972.68277205
56,95,151,0.2582781456953642,10.072847682119205,28.356413335678806,0.18779081679257492,558.3342664635321,1,3.0,6.0,4.0,13.0,4.105263157894737,-1.5364,6.3745,1223.8520029
56,96,152,0.2631578947368421,10.526315789473685,28.48146943560797,0.18737808839215775,557.1071542296569,2,3.0,6.0,4.0,14.0,4.2,-1.4218,7.0721,1229.12158241
56,97,153,0.2679738562091503,10.986928104575163,28.606251587889357,0.18696896462672788,555.8907591930647,1,3.0,6.0,4.0,15.0,4.285714285714286,-1.5014,7.8041,1232.1816649
56,98,154,0.2727272727272727,11.454545454545455,28.730762177301624,0.18656339076169892,554.6849186184542,2,3.0,6.0,4.0,16.0,4.363636363636363,-1.7598,8.4968,1237.12668855
56,99,155,0.27741935483870966,11.929032258064517,28.855003552528782,0.18616131324212123,553.4894732777864,1,3.0,6.0,4.0,17.0,4.434782608695652,-1.9281,9.0607,1239.88159884
57,56,113,-0.008849557522123894,0.008849557522123894,23.373242358808824,0.2068428527328215,637.5481943762929,1,3.0,7.0,3.0,6.0,3.230769230769231,0.8828,2.3968,893.38373403
57,57,114,0.0,0.0,23.510935004498354,0.20623627196928387,635.6785408425721,0,3.0,7.0,3.0,7.0,3.5,1.6008,2.7739,907.09284499
57,58,115,0.008695652173913044,0.008695652173913044,23.648225622144295,0.20563674454038525,633.8306276818157,1,3.0,7.0,3.0,8.0,3.7333333333333334,2.3177,3.0828,921.63380117
57,59,116,0.017241379310344827,0.034482758620689655,23.785118866310174,0.20504412815784637,632.0040163212892,0,3.0,7.0,3.0,9.0,3.9375,0.1277,3.5512,933.95880988
57,60,117,0.02564102564102564,0.07692307692307693,23.92161929806432,0.2044582845988404,630.1982807191329,1,3.0,7.0,3.0,10.0,4.117647058823529,-0.0677,3.9966,947.81526789
57,61,118,0.03389830508474576,0.13559322033898305,24.057731387639894,0.20387907955627035,628.4130069028741,0,3.0,7.0,3.0,11.0,4.277777777777778,0.3631,4.2993,959.49164256
57,62,119,0.04201680672268908,0.21008403361344538,24.193459516997326,0.2033063824957759,626.6477925286822,1,3.0,7.0,3.0,12.0,4.421052631578948,0.5261,4.3948,972.69345363
57,63,120,0.05,0.3,24.328807982293597,0.20274006651911336,624.9022464602665,0,3.0,7.0,3.0,13.0,4.55,0.779,4.1655,983.7491546
57,64,121,0.05785123966942149,0.4049586776859504,24.463780996262468,0.20218000823357415,623.1759883663877,1,3.0,7.0,3.0,14.0,4.666666666666667,1.8629,4.0647,996.3243984
57,65,122,0.06557377049180328,0.5245901639344263,24.598382690509563,0.2016260876271276,621.4686483360123,0,3.0,7.0,3.0,15.0,4.7727272727272725,1.5889,4.5098,1006.7857593
57,66,123,0.07317073170731707,0.6585365853658537,24.732617117726065,0.20107818794899246,619.7798665101997,1,3.0,7.0,3.0,16.0,4.869565217391305,1.201,5.0705,1018.76087592
57,96,153,0.2549019607843137,9.941176470588236,28.606251587889357,0.18696896462672788,576.2912482944139,1,3.0,7.0,4.0,14.0,4.666666666666667,-2.0822,7.5496,1240.15802589
57,97,154,0.2597402597402597,10.38961038961039,28.730762177301624,0.18656339076169892,575.0411548929783,0,3.0,7.0,4.0,15.0,4.7727272727272725,-1.9829,8.2816,1243.7251608
57,98,155,0.2645161290322581,10.845161290322581,28.855003552528782,0.18616131324212123,573.801838217448,1,3.0,7.0,4.0,16.0,4.869565217391305,-2.0162,8.9497,1248.72312491
57,99,156,0.2692307692307692,11.307692307692308,28.978978026935593,0.1857626796598436,572.573136731073,0,3.0,7.0,4.0,17.0,4.958333333333333,-2.0694,9.4545,1251.97879018
57,100,157,0.27388535031847133,11.777070063694268,29.102687879321483,0.18536743872179293,571.3548923340896,1,3.0,7.0,4.0,18.0,5.04,-2.1918,9.8871,1256.66057367
58,56,114,-0.017543859649122806,0.03508771929824561,23.510935004498354,0.20623627196928387,658.589086316155,2,3.0,8.0,3.0,6.0,3.4285714285714284,1.106,3.0497,892.32474998
58,57,115,-0.008695652173913044,0.008695652173913044,23.648225622144295,0.20563674454038525,656.6745723567549,1,3.0,8.0,3.0,7.0,3.7333333333333334,0.0504,3.4109,906.1420958
58,58,116,0.0,0.0,23.785118866310174,0.20504412815784637,654.7821279376161,2,3.0,8.0,3.0,8.0,4.0,-0.0318,4.1135,922.03587088
58,59,117,0.008547008547008548,0.008547008547008548,23.92161929806432,0.2044582845988404,652.911311661867,1,3.0,8.0,3.0,9.0,4.235294117647059,-0.2055,4.2806,934.46655121
58,60,118,0.01694915254237288,0.03389830508474576,24.057731387639894,0.20387907955627035,651.0616946370174,2,3.0,8.0,3.0,10.0,4.444444444444445,-1.1907,4.7496,948.97166365
58,61,119,0.025210084033613446,0.07563025210084033,24.193459516997326,0.2033063824957759,649.2328600183273,1,3.0,8.0,3.0,11.0,4.631578947368421,0.2777,5.1855,960.7510021
58,62,120,0.03333333333333333,0.13333333333333333,24.328807982293597,0.20274006651911336,647.4244025725296,2,3.0,8.0,3.0,12.0,4.8,0.4164,5.3154,974.59259285
58,63,121,0.04132231404958678,0.2066115702479339,24.463780996262468,0.20218000823357415,645.6359282608333,1,3.0,8.0,3.0,13.0,4.9523809523809526,0.504,5.0875,985.74850406
58,64,122,0.04918032786885246,0.29508196721311475,24.598382690509563,0.2016260876271276,643.8670538402095,2,3.0,8.0,3.0,14.0,5.090909090909091,0.3798,5.0216,998.95478465
58,65,123,0.056910569105691054,0.3983739837398374,24.732617117726065,0.20107818794899246,642.1174064820101,1,3.0,8.0,3.0,15.0,5.217391304347826,0.5937,5.4084,1009.51357041
58,66,124,0.06451612903225806,0.5161290322580645,24.8664882538245,0.20053619559535893,640.3866234070376,2,3.0,8.0,3.0,16.0,5.333333333333333,0.6235,5.8816,1022.11111822
58,67,125,0.072,0.648,24.999999999999996,0.2,638.6743515362255,1,3.0,8.0,3.0,15.0,5.217391304347826,0.7279,6.3206,1032.09758333
58,96,154,0.24675324675324675,9.376623376623376,28.730762177301624,0.18656339076169892,595.7662630756374,2,3.0,8.0,4.0,14.0,5.090909090909091,-3.0069,8.2893,1253.0423043
58,98,156,0.2564102564102564,10.256410256410257,28.978978026935593,0.1857626796598436,593.2092948569109,2,3.0,8.0,4.0,16.0,5.333333333333333,-2.7063,9.5238,1262.16654631
58,99,157,0.2611464968152866,10.707006369426752,29.102687879321483,0.18536743872179293,591.9471436078604,1,3.0,8.0,4.0,17.0,5.44,-2.6552,9.9529,1265.47453801
58,100,158,0.26582278481012656,11.164556962025317,29.226135354653636,0.18497554021932686,590.6956659982077,2,3.0,8.0,4.0,18.0,5.538461538461538,-2.7364,10.312,1270.65457837
58,101,159,0.27044025157232704,11.628930817610064,29.34932266478004,0.18458693499861667,589.4547050615043,1,3.0,8.0,4.0,19.0,5.62962962962963,-2.7811,10.7053,1273.65904508
58,102,160,0.275,12.1,29.472251989123087,0.18420157493201936,588.2241071082944,2,3.0,8.0,4.0,20.0,5.714285714285714,-2.9364,11.2506,1278.52715143
59,65,124,0.04838709677419355,0.2903225806451613,24.8664882538245,0.20053619559535893,663.0605056562058,0,3.0,9.0,3.0,15.0,5.625,0.1443,6.2174,1009.76251821
59,66,125,0.056,0.392,24.999999999999996,0.2,661.2876081424488,1,3.0,9.0,3.0,16.0,5.76,0.1595,6.6262,1022.45555609
59,67,126,0.06349206349206349,0.5079365079365079,25.133156184720164,0.19946949352952517,659.5335213676266,0,3.0,9.0,3.0,15.0,5.625,0.3229,6.9822,1033.05413994
59,68,127,0.07086614173228346,0.6377952755905512,25.26596056564665,0.19894457138304456,657.7978988140908,1,3.0,9.0,3.0,14.0,5.478260869565218,0.2524,7.2842,1045.16079241
59,99,158,0.25316455696202533,10.126582278481013,29.226135354653636,0.18497554021932686,611.6101627824797,0,3.0,9.0,4.0,17.0,5.884615384615385,-3.0474,10.5317,1276.37593694
59,100,159,0.2578616352201258,10.572327044025156,29.34932266478004,0.18458693499861667,610.3252636979042,1,3.0,9.0,4.0,18.0,6.0,-3.0991,10.8539,1281.60769326
59,101,160,0.2625,11.025,29.472251989123087,0.18420157493201936,609.0510945143354,0,3.0,9.0,4.0,19.0,6.107142857142857,-3.178,11.2817,1285.10421196
59,102,161,0.2670807453416149,11.48447204968944,29.59492547535442,0.18381941289040019,607.7874994022096,1,3.0,9.0,4.0,20.0,6.206896551724138,-3.373,11.8561,1290.02177177
60,66,126,0.047619047619047616,0.2857142857142857,25.133156184720164,0.19946949352952517,682.4812887540605,2,3.0,10.0,3.0,16.0,6.153846153846154,-0.4896,7.2663,1024.66957934
60,67,127,0.05511811023622047,0.3858267716535433,25.26596056564665,0.19894457138304456,680.6852770598081,1,3.0,10.0,3.0,15.0,6.0,-0.2813,7.5536,1035.36177756
60,68,128,0.0625,0.5,25.398416831491186,0.19842513149602495,678.9080228178159,2,3.0,10.0,3.0,14.0,5.833333333333333,-0.3034,7.7937,1048.07598275
60,69,129,0.06976744186046512,0.627906976744186,25.530528603808893,0.19791107444813102,677.1491858631924,1,3.0,10.0,3.0,13.0,5.6521739130434785,-0.2495,7.8514,1058.20849377
60,101,161,0.2546583850931677,10.440993788819876,29.59492547535442,0.18381941289040019,628.9348189921868,1,3.0,10.0,4.0,19.0,6.551724137931035,-3.8152,11.8019,1297.94197327
60,102,162,0.25925925925925924,10.88888888888889,29.717345240051635,0.18344040271636816,627.6380424904407,2,3.0,10.0,4.0,20.0,6.666666666666667,-3.9701,12.3893,1303.34917154
60,103,163,0.26380368098159507,11.343558282208589,29.839513369337435,0.1830644991983892,626.351895356571,1,3.0,10.0,4.0,21.0,6.774193548387097,-3.8982,12.6786,1306.59502485
60,104,164,0.2682926829268293,11.804878048780488,29.96143191950181,0.18269165804574278,625.0762260506729,2,3.0,10.0,4.0,22.0,6.875,-3.8689,12.7783,1311.69224501
61,67,128,0.046875,0.28125,25.398416831491186,0.19842513149602495,702.1281196323043,0,3.0,11.0,3.0,15.0,6.346153846153846,-0.3397,7.7555,1035.21990501
61,68,129,0.05426356589147287,0.3798449612403101,25.530528603808893,0.19791107444813102,700.30912671694,1,3.0,11.0,3.0,14.0,6.16,-0.3537,7.9635,1048.02590538
61,69,130,0.06153846153846154,0.49230769230769234,25.66229943873142,0.19740230337485715,698.5088382438628,0,3.0,11.0,3.0,13.0,5.958333333333333,-0.3196,8.0001,1058.75620237
61,70,131,0.06870229007633588,0.6183206106870229,25.79373282864238,0.1968987238827663,696.7269202015195,1,3.0,11.0,3.0,12.0,5.739130434782608,-0.4216,7.9419,1070.98892177
61,71,132,0.07575757575757576,0.7575757575757576,25.92483220379743,0.19640024396816239,694.9630470344639,0,3.0,11.0,3.0,11.0,5.5,-0.0416,7.7144,1081.17406718
61,101,162,0.24691358024691357,9.876543209876543,29.717345240051635,0.18344040271636816,649.1045970475591,0,3.0,11.0,4.0,19.0,6.966666666666667,-3.6228,11.8029,1308.21958683
61,102,163,0.25153374233128833,10.312883435582823,29.839513369337435,0.1830644991983892,647.7744609491134,1,3.0,11.0,4.0,20.0,7.096774193548387,-3.8443,12.4141,1313.67729254
61,103,164,0.25609756097560976,10.75609756097561,29.96143191950181,0.18269165804574278,646.4551610426172,0,3.0,11.0,4.0,21.0,7.21875,-3.6643,12.7144,1317.40681538
61,104,165,0.2606060606060606,11.206060606060607,30.08310291760778,0.18232183586428963,645.146543777736,1,3.0,11.0,4.0,22.0,7.333333333333333,-3.6205,12.8507,1322.55239197
62,68,130,0.046153846153846156,0.27692307692307694,25.66229943873142,0.19740230337485715,721.9997432903499,2,3.0,12.0,3.0,14.0,6.461538461538462,-0.5646,8.0151,1049.83122293
62,69,131,0.05343511450381679,0.37404580152671757,25.79373282864238,0.1968987238827663,720.1578992095064,1,3.0,12.0,3.0,13.0,6.24,-0.5512,8.0433,1060.65155006
62,70,132,0.06060606060606061,0.48484848484848486,25.92483220379743,0.19640024396816239,718.3347068544709,2,3.0,12.0,3.0,12.0,6.0,-0.6384,7.9641,1073.47773498
62,71,133,0.06766917293233082,0.6090225563909775,26.055600933891245,0.19590677393903197,716.5298381763325,1,3.0,12.0,3.0,11.0,5.739130434782608,-0.1995,7.6826,1083.75044328
62,72,134,0.07462686567164178,0.746268656716418,26.186042329573482,0.19541822634010067,714.7429733070625,2,3.0,12.0,3.0,10.0,5.454545454545454,0.0885,7.2806,1096.01824916
62,103,165,0.24848484848484848,10.187878787878788,30.08310291760778,0.18232183586428963,666.8428708264443,1,3.0,12.0,4.0,21.0,7.636363636363637,-3.651,12.5999,1329.60536014
62,104,166,0.25301204819277107,10.626506024096386,30.20452836208127,0.18195499013301975,665.5011310428864,2,3.0,12.0,4.0,22.0,7.764705882352941,-3.6833,12.7723,1335.23227398
62,105,167,0.25748502994011974,11.071856287425149,30.32571022328558,0.18159107918135084,664.1701252278906,1,3.0,12.0,4.0,21.0,7.636363636363637,-3.1137,12.5558,1338.71176895
62,106,168,0.2619047619047619,11.523809523809524,30.446650444080973,0.1812300621671487,662.8497040011817,2,3.0,12.0,4.0,20.0,7.5,-2.8374,12.2198,1344.0307368
63,70,133,0.05263157894736842,0.3684210526315789,26.055600933891245,0.19590677393903197,740.2303641512719,1,3.0,13.0,3.0,12.0,6.24,-0.7429,7.9471,1073.03987259
63,71,134,0.05970149253731343,0.47761194029850745,26.186042329573482,0.19541822634010067,738.3843954806088,0,3.0,13.0,3.0,11.0,5.958333333333333,-0.2496,7.6183,1083.89678149
63,72,135,0.06666666666666667,0.6,26.31615964391579,0.19493451588085775,736.5567038587735,1,3.0,13.0,3.0,10.0,5.6521739130434785,0.0797,7.1759,1096.25051228
63,73,136,0.07352941176470588,0.7352941176470589,26.445956073831777,0.19445555936641015,734.7469749352983,0,3.0,13.0,3.0,9.0,5.318181818181818,0.9393,6.4689,1106.5736622
63,103,166,0.24096385542168675,9.63855421686747,30.20452836208127,0.18195499013301975,687.5137898356832,0,3.0,13.0,4.0,21.0,8.029411764705882,-3.4477,12.2988,1339.27628462
63,104,167,0.24550898203592814,10.065868263473053,30.32571022328558,0.18159107918135084,686.1387585855828,1,3.0,13.0,4.0,22.0,8.17142857142857,-3.4887,12.5054,1344.95251633
63,105,168,0.25,10.5,30.446650444080973,0.1812300621671487,684.7746620282538,0,3.0,13.0,4.0,21.0,8.029411764705882,-2.9588,12.3236,1348.90760252
63,106,169,0.25443786982248523,10.940828402366863,30.567350940369842,0.1808718990554429,683.4213488922516,1,3.0,13.0,4.0,20.0,7.878787878787879,-2.5896,12.0541,1354.27384129
64,71,135,0.05185185185185185,0.362962962962963,26.31615964391579,0.19493451588085775,760.5253176382137,1,3.0,14.0,3.0,11.0,6.16,-0.4685,7.7217,1085.38721403
64,72,136,0.058823529411764705,0.47058823529411764,26.445956073831777,0.19445555936641015,758.6566975344872,2,3.0,14.0,3.0,10.0,5.833333333333333,-0.1183,7.2505,1098.32105096
64,73,137,0.06569343065693431,0.5912408759124088,26.575434761451795,0.19398127563103507,756.8063079979455,1,3.0,14.0,3.0,9.0,5.478260869565218,0.6477,6.494,1108.72853422
64,74,138,0.07246376811594203,0.7246376811594203,26.70459879545431,0.19351158547430664,754.973840032879,2,3.0,14.0,3.0,8.0,5.090909090909091,0.9642,5.7257,1121.11580591
64,75,139,0.07913669064748201,0.8705035971223022,26.833451212355452,0.19304641159967958,753.1589920714538,1,3.0,14.0,3.0,7.0,4.666666666666667,1.2985,4.9222,1131.00736762
64,105,169,0.24260355029585798,9.946745562130177,30.567350940369842,0.1808718990554429,705.6608618508671,1,3.0,14.0,4.0,21.0,8.4,-3.091,12.2263,1360.4844646
64,106,170,0.24705882352941178,10.376470588235295,30.687813601627905,0.18051655059781124,704.2744911643247,2,3.0,14.0,4.0,20.0,8.235294117647058,-2.8791,12.0317,1366.32404027
65,72,137,0.051094890510948905,0.35766423357664234,26.575434761451795,0.19398127563103507,781.041581267408,1,3.0,15.0,3.0,10.0,6.0,-0.2563,7.7955,1097.50171457
65,73,138,0.057971014492753624,0.463768115942029,26.70459879545431,0.19351158547430664,779.1504320236292,0,3.0,15.0,3.0,9.0,5.625,0.4896,7.0505,1108.48050168
65,74,139,0.06474820143884892,0.5827338129496403,26.833451212355452,0.19304641159967958,777.2774670303786,1,3.0,15.0,3.0,8.0,5.217391304347826,0.755,6.3175,1120.95055973
65,104,169,0.23076923076923078,9.0,30.567350940369842,0.1808718990554429,728.2583001145116,1,3.0,15.0,4.0,22.0,8.91891891891892,-3.6635,12.8334,1365.08780535
65,105,170,0.23529411764705882,9.411764705882353,30.687813601627905,0.18051655059781124,726.8275335606435,0,3.0,15.0,4.0,21.0,8.75,-3.3097,12.7826,1369.56469202
65,106,171,0.23976608187134502,9.830409356725147,30.808040291421882,0.18016397831240874,725.4079449204202,1,3.0,15.0,4.0,20.0,8.571428571428571,-3.1624,12.6505,1375.45241725
66,73,139,0.050359712230215826,0.35251798561151076,26.833451212355452,0.19304641159967958,801.7780012069946,1,3.0,16.0,3.0,9.0,5.76,0.1635,7.6747,1109.57293517
66,74,140,0.05714285714285714,0.45714285714285713,26.9619949977585,0.1925856785554179,799.8644426163064,2,3.0,16.0,3.0,8.0,5.333333333333333,0.3755,6.9817,1122.61041106
66,75,141,0.06382978723404255,0.574468085106383,27.09023308756464,0.19212931267776348,797.9690221411327,1,3.0,16.0,3.0,7.0,4.869565217391305,0.4696,6.1946,1133.14763126
66,76,142,0.07042253521126761,0.704225352112676,27.218168369146653,0.1916772420362441,796.091441033262,2,3.0,16.0,3.0,6.0,4.363636363636363,0.3305,5.3152,1145.64984791
66,104,170,0.2235294117647059,8.494117647058824,30.687813601627905,0.18051655059781124,749.7378372576528,2,3.0,16.0,4.0,22.0,9.263157894736842,-4.0105,13.4037,1375.49150247
66,105,171,0.22807017543859648,8.894736842105264,30.808040291421882,0.18016397831240874,748.2735018166129,1,3.0,16.0,4.0,21.0,9.08108108108108,-3.7334,13.3997,1380.01789669
66,106,172,0.23255813953488372,9.30232558139535,30.92803284791408,0.17981414446461677,746.8205399049518,2,3.0,16.0,4.0,20.0,8.88888888888889,-3.6434,13.3212,1386.3764329
67,73,140,0.04285714285714286,0.2571428571428571,26.9619949977585,0.1925856785554179,824.687690872624,0,3.0,15.0,3.0,9.0,5.625,0.0903,8.0001,1108.29611532
67,74,141,0.04964539007092199,0.3475177304964539,27.09023308756464,0.19212931267776348,822.7334473138145,1,3.0,15.0,3.0,8.0,5.217391304347826,0.2976,7.328,1121.41553294
67,75,142,0.056338028169014086,0.4507042253521127,27.218168369146653,0.1916772420362441,820.7975967549233,0,3.0,15.0,3.0,7.0,4.7727272727272725,0.3366,6.5627,1132.51179614
67,76,143,0.06293706293706294,0.5664335664335665,27.34580368248674,0.1912293963810262,818.879838373099,1,3.0,15.0,3.0,6.0,4.285714285714286,0.2096,5.6967,1145.09383203
67,105,172,0.22093023255813954,8.395348837209303,30.92803284791408,0.17981414446461677,769.9976067643554,0,3.0,15.0,4.0,21.0,8.75,-3.7588,13.6388,1388.0081852
67,106,173,0.2254335260115607,8.791907514450868,31.047793084354215,0.17946701204829033,768.5111212011783,1,3.0,15.0,4.0,20.0,8.571428571428571,-3.7277,13.6246,1394.4156131
67,107,174,0.22988505747126436,9.195402298850574,31.167322789559027,0.17912254476758066,767.0360482443494,0,3.0,15.0,4.0,19.0,8.382352941176471,-3.6856,13.4121,1399.10211372
67,108,175,0.2342857142857143,9.605714285714285,31.286623728379862,0.17878070701931353,765.5722354344557,1,3.0,15.0,4.0,18.0,8.181818181818182,-3.7712,13.1171,1405.19466454
67,109,176,0.23863636363636365,10.022727272727273,31.405697642158753,0.17844146387590207,764.1195332050743,0,3.0,15.0,4.0,17.0,7.96875,-3.5394,12.6311,1409.5800562
68,75,143,0.04895104895104895,0.34265734265734266,27.34580368248674,0.1912293963810262,843.9068122955954,1,3.0,14.0,3.0,7.0,4.666666666666667,0.0466,6.8119,1133.21273177
68,76,144,0.05555555555555555,0.4444444444444444,27.47314182127996,0.190785707092222,841.9487848142012,2,3.0,14.0,3.0,6.0,4.2,-0.1414,5.9656,1146.35011736
68,77,145,0.06206896551724138,0.5586206896551724,27.600185534004485,0.19034610713106545,840.008803781339,1,3.0,14.0,3.0,5.0,3.6842105263157894,0.1675,4.8286,1157.01238384
68,105,173,0.2138728323699422,7.913294797687861,31.047793084354215,0.17946701204829033,791.9987037354634,1,3.0,14.0,4.0,21.0,8.4,-3.993,13.748,1397.36379142
68,106,174,0.21839080459770116,8.298850574712644,31.167322789559027,0.17912254476758066,790.4785489354944,2,3.0,14.0,4.0,20.0,8.235294117647058,-4.0711,13.7794,1404.23943792
68,107,175,0.22285714285714286,8.691428571428572,31.286623728379862,0.17878070701931353,788.9699984201352,1,3.0,14.0,4.0,19.0,8.06060606060606,-4.0647,13.5978,1408.97422195
68,108,176,0.22727272727272727,9.090909090909092,31.405697642158753,0.17844146387590207,787.4728980518473,2,3.0,14.0,4.0,18.0,7.875,-4.1592,13.3156,1415.52992723
68,109,177,0.23163841807909605,9.497175141242938,31.524546249173255,0.1781047810687755,785.9870966013697,1,3.0,14.0,4.0,17.0,7.67741935483871,-3.9706,12.8329,1419.9617594
68,110,178,0.23595505617977527,9.910112359550562,31.6431712450704,0.17777062497230567,784.5124456767851,2,3.0,14.0,4.0,16.0,7.466666666666667,-3.9499,12.2626,1426.20692521
69,75,144,0.041666666666666664,0.25,27.47314182127996,0.190785707092222,867.2953944810434,0,3.0,13.0,3.0,7.0,4.55,-0.288,6.9855,1131.5688862
69,76,145,0.04827586206896552,0.33793103448275863,27.600185534004485,0.19034610713106545,865.2970109148112,1,3.0,13.0,3.0,6.0,4.105263157894737,-0.5266,6.1547,1144.78528642
69,77,146,0.0547945205479452,0.4383561643835616,27.7269375249599,0.18991053099287608,863.3169193012666,0,3.0,13.0,3.0,5.0,3.611111111111111,-0.1793,4.9836,1155.99492362
69,80,149,0.0738255033557047,0.8120805369127517,28.105469568479982,0.18862731254013418,857.4835187224791,1,3.0,13.0,3.0,2.0,1.7333333333333334,-1.4138,2.8721,1191.57424522
69,81,150,0.08,0.96,28.23108086643085,0.18820720577620573,855.573749552143,0,3.0,13.0,3.0,1.0,0.9285714285714286,-1.0177,1.595,1201.79671471
69,108,177,0.22033898305084745,8.59322033898305,31.524546249173255,0.1781047810687755,809.6489968262459,1,3.0,13.0,4.0,18.0,7.548387096774194,-4.381,13.2235,1423.01492411
69,109,178,0.2247191011235955,8.98876404494382,31.6431712450704,0.17777062497230567,808.1299519883327,0,3.0,13.0,4.0,17.0,7.366666666666666,-4.2455,12.7482,1427.90463342
69,110,179,0.22905027932960895,9.391061452513966,31.7615743032901,0.1774389625882129,806.6222433521339,1,3.0,13.0,4.0,16.0,7.172413793103448,-4.2701,12.1812,1434.19568222
69,111,180,0.23333333333333334,9.8,31.879757075478327,0.1771097615304352,805.1257236934002,0,3.0,13.0,4.0,15.0,6.964285714285714,-4.1326,11.4817,1438.78650616
69,112,181,0.23756906077348067,10.215469613259668,31.997721191890314,0.17678299001044376,803.6402485042178,1,3.0,13.0,4.0,14.0,6.7407407407407405,-4.2147,10.7367,1444.77426473
69,113,182,0.24175824175824176,10.637362637362637,32.11546826178415,0.1764586168229899,802.165675928213,0,3.0,13.0,4.0,13.0,6.5,-3.909,9.8499,1449.07484186
69,114,183,0.2459016393442623,11.065573770491802,32.232999873805014,0.17613661133226788,800.7018666976513,1,3.0,13.0,4.0,12.0,6.24,-3.7976,9.0029,1454.76799997
70,76,146,0.0410958904109589,0.2465753424657534,27.7269375249599,0.18991053099287608,888.9232663471926,2,3.0,12.0,3.0,6.0,4.0,-0.9669,6.2306,1145.02323845
70,77,147,0.047619047619047616,0.3333333333333333,27.853400455274738,0.18947891466173297,886.9029792315563,1,3.0,12.0,3.0,5.0,3.5294117647058822,-0.6289,5.0345,1156.31048603
70,78,148,0.05405405405405406,0.43243243243243246,27.97957694388431,0.18905119556678593,884.9009340949776,2,3.0,12.0,3.0,4.0,3.0,-0.6517,4.3822,1169.5443087
70,79,149,0.06040268456375839,0.5436241610738255,28.105469568479982,0.18862731254013418,882.91684462595,1,3.0,12.0,3.0,3.0,2.4,-1.2198,3.7339,1180.32724572
70,80,150,0.06666666666666667,0.6666666666666666,28.23108086643085,0.18820720577620573,880.9504308896846,2,3.0,12.0,3.0,2.0,1.7142857142857142,-1.8659,2.927,1193.04702198
70,83,153,0.08496732026143791,1.1045751633986929,28.606251587889357,0.18696896462672788,875.1545365737414,1,3.0,12.0,4.0,1.0,0.9230769230769231,-1.1355,1.2538,1225.39278988
70,109,179,0.21787709497206703,8.497206703910615,31.7615743032901,0.1774389625882129,830.5470021938293,1,3.0,12.0,4.0,17.0,7.0344827586206895,-4.7131,12.5337,1437.20980098
70,110,180,0.2222222222222222,8.88888888888889,31.879757075478327,0.1771097615304352,829.0060951254598,2,3.0,12.0,4.0,16.0,6.857142857142857,-4.7623,11.9534,1443.95661809
70,111,181,0.2265193370165746,9.287292817679559,31.997721191890314,0.17678299001044376,827.4765601103062,1,3.0,12.0,4.0,15.0,6.666666666666667,-4.6897,11.2756,1448.59277376
70,112,182,0.23076923076923078,9.692307692307692,32.11546826178415,0.1764586168229899,825.9582510844746,2,3.0,12.0,4.0,14.0,6.461538461538462,-4.8471,10.5491,1455.03152404
70,113,183,0.23497267759562843,10.103825136612022,32.232999873805014,0.17613661133226788,824.4510246494905,1,3.0,12.0,4.0,13.0,6.24,-4.521,9.6444,1459.37569985
70,114,184,0.2391304347826087,10.521739130434783,32.35031759636025,0.17581694345847967,822.9547400094106,2,3.0,12.0,4.0,12.0,6.0,-4.3802,8.7797,1465.5151537
70,115,185,0.24324324324324326,10.945945945945946,32.46742297798574,0.17549958366478785,821.4692589097531,1,3.0,12.0,4.0,11.0,5.739130434782608,-4.3479,8.067,1469.57567352
70,116,186,0.24731182795698925,11.376344086021506,32.584317547703584,0.175184502944643,819.9944455781812,2,3.0,12.0,4.0,10.0,5.454545454545454,-4.4596,7.2738,1475.42425886
71,76,147,0.034013605442176874,0.17006802721088435,27.853400455274738,0.18947891466173297,912.8263194553899,1,3.0,11.0,3.0,6.0,3.8823529411764706,-0.8239,5.9801,1142.47519856
71,77,148,0.04054054054054054,0.24324324324324326,27.97957694388431,0.18905119556678593,910.7657564217758,0,3.0,11.0,3.0,5.0,3.4375,-0.2862,4.8868,1154.30473531
71,78,149,0.04697986577181208,0.3288590604026846,28.105469568479982,0.18862731254013418,908.7236738829936,1,3.0,11.0,3.0,4.0,2.933333333333333,-0.8329,4.238,1167.61480164
71,79,150,0.05333333333333334,0.4266666666666667,28.23108086643085,0.18820720577620573,906.6997837220238,0,3.0,11.0,3.0,3.0,2.357142857142857,-1.3806,3.5763,1178.93398288
71,80,151,0.059602649006622516,0.5364238410596026,28.356413335678806,0.18779081679257492,904.6938041961855,1,3.0,11.0,3.0,2.0,1.6923076923076923,-2.0122,2.764,1191.7281077
71,81,152,0.06578947368421052,0.6578947368421053,28.48146943560797,0.18737808839215775,902.7054597550107,0,3.0,11.0,3.0,1.0,0.9166666666666666,-1.5946,1.4796,1202.55455644
71,83,154,0.07792207792207792,0.935064935064935,28.730762177301624,0.18656339076169892,898.7806038373567,0,3.0,11.0,4.0,1.0,0.9166666666666666,-1.3638,1.1989,1225.20098463
71,111,182,0.21978021978021978,8.791208791208792,32.11546826178415,0.1764586168229899,850.100234204316,0,3.0,11.0,4.0,15.0,6.346153846153846,-4.3803,10.5863,1455.98723329
71,113,184,0.22826086956521738,9.58695652173913,32.35031759636025,0.17581694345847967,847.008933324405,0,3.0,11.0,4.0,13.0,5.958333333333333,-4.2465,9.0028,1467.26096968
71,114,185,0.23243243243243245,9.994594594594595,32.46742297798574,0.17549958366478785,845.480033008842,1,3.0,11.0,4.0,12.0,5.739130434782608,-4.1479,8.1711,1473.44351656
71,115,186,0.23655913978494625,10.408602150537634,32.584317547703584,0.175184502944643,843.962112270196,0,3.0,11.0,4.0,11.0,5.5,-4.1945,7.5441,1477.94548283
71,116,187,0.24064171122994651,10.828877005347593,32.70100281537152,0.17487167280947338,842.4550338630213,1,3.0,11.0,4.0,10.0,5.238095238095238,-4.3662,6.8406,1483.83549169
72,79,151,0.046357615894039736,0.32450331125827814,28.356413335678806,0.18779081679257492,930.7580713971067,1,3.0,10.0,3.0,3.0,2.3076923076923075,-1.7025,3.292,1178.86995396
72,80,152,0.05263157894736842,0.42105263157894735,28.48146943560797,0.18737808839215775,928.7124426675219,2,3.0,10.0,3.0,2.0,1.6666666666666667,-2.3341,2.4951,1192.19697385
72,81,153,0.058823529411764705,0.5294117647058824,28.606251587889357,0.18696896462672788,926.6846797908373,1,3.0,10.0,3.0,1.0,0.9090909090909091,-1.9452,1.2739,1203.09649182
72,82,154,0.06493506493506493,0.6493506493506493,28.730762177301624,0.18656339076169892,924.6745114829782,2,3.0,10.0,4.0,0.0,0.0,-2.7067,0.8687,1215.91942818
72,83,155,0.07096774193548387,0.7806451612903226,28.855003552528782,0.18616131324212123,922.6816723065683,1,3.0,10.0,4.0,1.0,0.9090909090909091,-1.8654,1.1329,1226.34115814
72,85,157,0.08280254777070063,1.0764331210191083,29.102687879321483,0.18536743872179293,918.7469478610794,1,3.0,10.0,4.0,3.0,2.3076923076923075,-0.6273,2.014,1248.63694723
72,115,187,0.22994652406417113,9.88770053475936,32.70100281537152,0.17487167280947338,866.7261994281225,1,3.0,10.0,4.0,11.0,5.238095238095238,-4.2244,6.9208,1487.67655183
72,116,188,0.23404255319148937,10.297872340425531,32.817480272024206,0.17456106527672455,865.1867180355789,2,3.0,10.0,4.0,10.0,5.0,-4.4598,6.2977,1494.00609702
72,117,189,0.23809523809523808,10.714285714285714,32.93375139020674,0.17425265285823677,863.6581164099538,1,3.0,10.0,4.0,9.0,4.7368421052631575,-3.4257,5.3451,1498.26886724
72,118,190,0.24210526315789474,11.136842105263158,33.0498176243004,0.17394640854894952,862.1402607045635,2,3.0,10.0,4.0,8.0,4.444444444444445,-2.9347,4.5399,1504.30956196
72,119,191,0.24607329842931938,11.565445026178011,33.16568041084109,0.17364230581592197,860.6330194127171,1,3.0,10.0,4.0,7.0,4.117647058823529,-3.4413,4.4993,1508.29833576
73,80,153,0.0457516339869281,0.3202614379084967,28.606251587889357,0.18696896462672788,953.005167538673,1,3.0,9.0,3.0,2.0,1.6363636363636365,-2.4888,2.0831,1189.90778255
73,81,154,0.05194805194805195,0.4155844155844156,28.730762177301624,0.18656339076169892,950.9379047180073,0,3.0,9.0,3.0,1.0,0.9,-2.2301,1.1227,1201.33292542
73,82,155,0.05806451612903226,0.5225806451612903,28.855003552528782,0.18616131324212123,948.8884632255453,1,3.0,9.0,4.0,0.0,0.0,-3.1778,0.7023,1214.22768445
73,83,156,0.0641025641025641,0.6410256410256411,28.978978026935593,0.1857626796598436,946.8565759301139,0,3.0,9.0,4.0,1.0,0.9,-2.3356,0.9427,1225.16934677
73,85,158,0.0759493670886076,0.9113924050632911,29.226135354653636,0.18497554021932686,942.8444236679263,0,3.0,9.0,4.0,3.0,2.25,-1.0505,1.8235,1248.04946642
73,115,188,0.22340425531914893,9.382978723404255,32.817480272024206,0.17456106527672455,889.7604882815547,0,3.0,9.0,4.0,11.0,4.95,-3.6177,6.2483,1495.01802239
73,116,189,0.2275132275132275,9.783068783068783,32.93375139020674,0.17425265285823677,888.1884700102937,1,3.0,9.0,4.0,10.0,4.7368421052631575,-3.9837,5.7708,1501.38966489
73,117,190,0.23157894736842105,10.189473684210526,33.0498176243004,0.17394640854894952,886.627502874049,0,3.0,9.0,4.0,9.0,4.5,-3.6678,4.9323,1506.08728502
73,118,191,0.2356020942408377,10.602094240837696,33.16568041084109,0.17364230581592197,885.0774516309643,1,3.0,9.0,4.0,8.0,4.235294117647059,-3.4896,4.0771,1512.16848038
73,119,192,0.23958333333333334,11.020833333333334,33.28134116883046,0.1733403185876587,883.5381833912319,0,3.0,9.0,4.0,7.0,3.9375,-3.4162,3.9351,1516.58777366
73,120,193,0.24352331606217617,11.44559585492228,33.39680130004011,0.17304042124373117,882.0095675641901,1,3.0,9.0,4.0,6.0,3.6,-4.0851,3.8007,1522.38643494
74,82,156,0.05128205128205128,0.41025641025641024,28.978978026935593,0.1857626796598436,973.375182334867,2,3.0,8.0,4.0,0.0,0.0,-3.8553,0.5377,1214.31196297
74,83,157,0.05732484076433121,0.5159235668789809,29.102687879321483,0.18536743872179293,971.3041650517089,1,3.0,8.0,4.0,1.0,0.8888888888888888,-2.9627,0.7267,1225.32423298
74,84,158,0.06329113924050633,0.6329113924050633,29.226135354653636,0.18497554021932686,969.2506617484986,2,3.0,8.0,4.0,2.0,1.6,-2.3394,1.2008,1238.24690593
74,85,159,0.06918238993710692,0.7610062893081762,29.34932266478004,0.18458693499861667,967.214414864799,1,3.0,8.0,4.0,3.0,2.1818181818181817,-1.6412,1.5879,1248.79002845
74,87,161,0.08074534161490683,1.049689440993789,29.59492547535442,0.18381941289040019,963.1926868546342,1,3.0,8.0,4.0,5.0,3.076923076923077,-0.7657,2.3137,1271.32378212
74,115,189,0.21693121693121692,8.894179894179894,32.93375139020674,0.17425265285823677,913.063959126801,1,3.0,8.0,4.0,11.0,4.631578947368421,-4.0266,5.6622,1503.71341693
74,118,192,0.22916666666666666,10.083333333333334,33.28134116883046,0.1733403185876587,908.2834319584784,2,3.0,8.0,4.0,8.0,4.0,-3.9886,3.7306,1521.77582205
74,119,193,0.23316062176165803,10.492227979274611,33.39680130004011,0.17304042124373117,906.7120041971989,1,3.0,8.0,4.0,7.0,3.7333333333333334,-3.6681,3.3267,1526.23516082
74,120,194,0.23711340206185566,10.907216494845361,33.51206218930888,0.172742588604685,905.1513952532081,2,3.0,8.0,4.0,6.0,3.4285714285714284,-4.349,3.2446,1532.46254882
74,121,195,0.24102564102564103,11.328205128205129,33.62712520483358,0.17244679592222356,903.6014754482642,1,3.0,8.0,4.0,5.0,3.076923076923077,-4.1618,2.6705,1536.64958937
74,122,196,0.24489795918367346,11.755102040816327,33.74199169845321,0.1721530188696593,902.0621173133086,2,3.0,8.0,4.0,4.0,2.6666666666666665,-4.3207,2.1481,1542.59785701
75,82,157,0.044585987261146494,0.31210191082802546,29.102687879321483,0.18536743872179293,998.1335312332203,1,3.0,7.0,4.0,0.0,0.0,-4.5939,0.3574,1211.66781882
75,83,158,0.05063291139240506,0.4050632911392405,29.226135354653636,0.18497554021932686,996.0233060564104,0,3.0,7.0,4.0,1.0,0.875,-3.609,0.483,1223.1955666
75,84,159,0.05660377358490566,0.5094339622641509,29.34932266478004,0.18458693499861667,993.9308139559761,1,3.0,7.0,4.0,2.0,1.5555555555555556,-2.8994,0.8926,1236.18766275
75,85,160,0.0625,0.625,29.472251989123087,0.18420157493201936,991.8557957827662,0,3.0,7.0,4.0,3.0,2.1,-2.1592,1.2422,1247.24082588
75,87,162,0.07407407407407407,0.8888888888888888,29.717345240051635,0.18344040271636816,987.7571713602495,0,3.0,7.0,4.0,5.0,2.9166666666666665,-1.1199,1.8939,1270.34696196
75,119,194,0.2268041237113402,9.97938144329897,33.51206218930888,0.172742588604685,930.1534894547308,0,3.0,7.0,4.0,7.0,3.5,-3.924,2.6595,1533.5144226
75,120,195,0.23076923076923078,10.384615384615385,33.62712520483358,0.17244679592222356,928.5607577608905,1,3.0,7.0,4.0,6.0,3.230769230769231,-4.6066,2.6128,1539.78140526
75,121,196,0.23469387755102042,10.795918367346939,33.74199169845321,0.1721530188696593,926.9788794715146,0,3.0,7.0,4.0,5.0,2.9166666666666665,-4.4775,2.0817,1544.39274375
75,122,197,0.23857868020304568,11.213197969543147,33.856663005926926,0.17186123353262403,925.407725816777,1,3.0,7.0,4.0,4.0,2.5454545454545454,-4.7135,1.6052,1550.37909853
75,123,198,0.24242424242424243,11.636363636363637,33.97114044720589,0.1715714164000298,923.8471701983635,0,3.0,7.0,4.0,3.0,2.1,-5.1124,1.1783,1554.72134541
75,124,199,0.24623115577889448,12.06532663316583,34.08542532669918,0.17128354435527232,922.297088142106,1,3.0,7.0,4.0,2.0,1.5555555555555556,-5.7907,0.7908,1560.43449671
76,84,160,0.05,0.4,29.472251989123087,0.18420157493201936,1018.8813239269,2,3.0,6.0,4.0,2.0,1.5,-3.6342,0.667,1235.89299775
76,85,161,0.055900621118012424,0.5031055900621118,29.59492547535442,0.18381941289040019,1016.7674561868263,1,3.0,6.0,4.0,3.0,2.0,-2.8456,0.9625,1247.01442898
76,86,162,0.06172839506172839,0.6172839506172839,29.717345240051635,0.18344040271636816,1014.6710224943238,2,3.0,6.0,4.0,4.0,2.4,-2.2389,1.2471,1260.03363077
76,87,163,0.06748466257668712,0.7423312883435583,29.839513369337435,0.1830644991983892,1012.5917727690787,1,3.0,6.0,4.0,5.0,2.727272727272727,-1.6843,1.4974,1270.69423638
76,89,165,0.07878787878787878,1.0242424242424242,30.08310291760778,0.18232183586428963,1008.4838502317244,1,3.0,6.0,4.0,7.0,3.230769230769231,-1.0154,2.0177,1293.45823183
76,121,197,0.22842639593908629,10.279187817258883,33.856663005926926,0.17186123353262403,950.622714371764,1,3.0,6.0,4.0,5.0,2.727272727272727,-5.0075,1.6086,1553.48851152
76,122,198,0.23232323232323232,10.686868686868687,33.97114044720589,0.1715714164000298,949.0196376127119,2,3.0,6.0,4.0,4.0,2.4,-5.2872,1.1997,1559.897425
76,123,199,0.23618090452261306,11.100502512562814,34.08542532669918,0.17128354435527232,947.4273197935387,1,3.0,6.0,4.0,3.0,2.0,-5.7395,0.826,1564.27734446
76,124,200,0.24,11.52,34.19951893353393,0.17099759466766973,945.8456351831409,2,3.0,6.0,4.0,2.0,1.5,-6.4561,0.5032,1570.40900406
76,125,201,0.24378109452736318,11.945273631840797,34.3134225418098,0.17071354498412838,944.2744601389837,1,3.0,6.0,4.0,1.0,0.8571428571428571,-6.5916,0.1241,1574.52548424
76,126,202,0.24752475247524752,12.376237623762377,34.42713741084797,0.1704313733210296,942.7136730622236,2,3.0,6.0,5.0,0.0,0.0,-7.3173,0.0643,1580.38710836
77,84,161,0.043478260869565216,0.30434782608695654,29.59492547535442,0.18381941289040019,1044.1010928170492,1,3.0,5.0,4.0,2.0,1.4285714285714286,-4.108,0.5997,1232.89839329
77,85,162,0.04938271604938271,0.3950617283950617,29.717345240051635,0.18344040271636816,1041.9483009509825,0,3.0,5.0,4.0,3.0,1.875,-3.2429,0.8362,1244.52559546
77,86,163,0.05521472392638037,0.49693251533742333,29.839513369337435,0.1830644991983892,1039.8131550066878,1,3.0,5.0,4.0,4.0,2.2222222222222223,-2.5415,1.0582,1257.61193863
77,87,164,0.06097560975609756,0.6097560975609756,29.96143191950181,0.18269165804574278,1037.695403411227,0,3.0,5.0,4.0,5.0,2.5,-1.8834,1.2295,1268.77311601
77,88,165,0.06666666666666667,0.7333333333333333,30.08310291760778,0.18232183586428963,1035.5947996842776,1,3.0,5.0,4.0,6.0,2.727272727272727,-1.5785,1.4965,1281.38810504
77,89,166,0.07228915662650602,0.8674698795180723,30.20452836208127,0.18195499013301975,1033.5111023049235,0,3.0,5.0,4.0,7.0,2.9166666666666665,-1.0527,1.6305,1292.09806257
77,121,198,0.2222222222222222,9.777777777777779,33.97114044720589,0.1715714164000298,974.5320178247367,0,3.0,5.0,4.0,5.0,2.5,-5.5364,1.4039,1560.2401813
77,123,200,0.23,10.58,34.19951893353393,0.17099759466766973,971.2726890714862,0,3.0,5.0,4.0,3.0,1.875,-6.4312,0.7491,1571.4859921
77,124,201,0.23383084577114427,10.990049751243781,34.3134225418098,0.17071354498412838,969.6592763185215,1,3.0,5.0,4.0,2.0,1.4285714285714286,-7.1788,0.4614,1577.65491331
77,125,202,0.2376237623762376,11.405940594059405,34.42713741084797,0.1704313733210296,968.0565307914259,0,3.0,5.0,4.0,1.0,0.8333333333333334,-7.2847,0.1196,1582.18570919
77,126,203,0.2413793103448276,11.827586206896552,34.540664785434856,0.1701510580563294,966.4643296761863,1,3.0,5.0,5.0,0.0,0.0,-8.0296,0.0721,1588.08316943
78,86,164,0.04878048780487805,0.3902439024390244,29.96143191950181,0.18269165804574278,1065.2233185720759,2,3.0,4.0,4.0,4.0,2.0,-3.1405,0.9634,1256.94368046
78,87,165,0.05454545454545454,0.4909090909090909,30.08310291760778,0.18232183586428963,1063.066990168124,1,3.0,4.0,4.0,5.0,2.2222222222222223,-2.382,1.0659,1268.17089991
78,88,166,0.060240963855421686,0.6024096385542169,30.20452836208127,0.18195499013301975,1060.9280166022404,2,3.0,4.0,4.0,6.0,2.4,-1.9901,1.2618,1281.28362013
78,89,167,0.0658682634730539,0.7245508982035929,30.32571022328558,0.18159107918135084,1058.8061549050608,1,3.0,4.0,4.0,7.0,2.5454545454545454,-1.3845,1.3428,1292.05803423
78,91,169,0.07692307692307693,1.0,30.567350940369842,0.1808718990554429,1054.6128192674864,1,3.0,4.0,4.0,9.0,2.769230769230769,-0.4499,1.8829,1315.04501216
78,125,203,0.2315270935960591,10.881773399014778,34.540664785434856,0.1701510580563294,992.1026316151316,1,3.0,4.0,4.0,1.0,0.8,-8.1622,0.1847,1591.19516981
78,126,204,0.23529411764705882,11.294117647058824,34.65400589606056,0.16987257792186555,990.478892818499,2,3.0,4.0,5.0,0.0,0.0,-8.9137,0.1345,1597.50530843
78,127,205,0.23902439024390243,11.71219512195122,34.76716195915227,0.1695959119958648,988.865732157619,1,3.0,4.0,5.0,1.0,0.8,-7.8119,0.2651,1601.81110046
78,128,206,0.24271844660194175,12.135922330097088,34.880134177302764,0.16932103969564452,987.2630296206983,2,3.0,4.0,5.0,2.0,1.3333333333333333,-6.911,0.476,1607.8529123
78,129,207,0.2463768115942029,12.565217391304348,34.992923739494074,0.1690479407705028,985.6706671316291,1,3.0,4.0,5.0,3.0,1.7142857142857142,-6.0487,0.6875,1611.90355314
78,130,208,0.25,13.0,35.105531821316504,0.16877659529479094,984.0885285095965,2,3.0,4.0,5.0,4.0,2.0,-5.2905,0.8951,1617.68383084
79,88,167,0.05389221556886228,0.48502994011976047,30.32571022328558,0.18159107918135084,1086.5280574127416,1,3.0,3.0,4.0,6.0,2.0,-2.2997,0.9819,1278.5042729
79,89,168,0.05952380952380952,0.5952380952380952,30.446650444080973,0.1812300621671487,1084.367956173725,0,3.0,3.0,4.0,7.0,2.1,-1.6375,0.9584,1289.77018543
79,90,169,0.0650887573964497,0.7159763313609467,30.567350940369842,0.1808718990554429,1082.2249309119502,1,3.0,3.0,4.0,8.0,2.1818181818181817,-1.1062,1.0273,1302.48481675
79,91,170,0.07058823529411765,0.8470588235294118,30.687813601627905,0.18051655059781124,1080.098746789273,0,3.0,3.0,4.0,9.0,2.25,-0.5821,1.3943,1313.30716673
79,125,204,0.22549019607843138,10.372549019607844,34.65400589606056,0.16987257792186555,1016.4118354779532,0,3.0,3.0,4.0,1.0,0.75,-8.9815,0.1398,1597.88045922
79,126,205,0.22926829268292684,10.77560975609756,34.76716195915227,0.1695959119958648,1014.7564386793599,1,3.0,3.0,5.0,0.0,0.0,-9.6998,0.0767,1604.22704854
79,127,206,0.23300970873786409,11.184466019417476,34.880134177302764,0.16932103969564452,1013.1117738216957,0,3.0,3.0,5.0,1.0,0.75,-8.5657,0.1957,1608.94145619
79,128,207,0.23671497584541062,11.599033816425122,34.992923739494074,0.1690479407705028,1011.4777197373572,1,3.0,3.0,5.0,2.0,1.2,-7.674,0.4189,1615.01835089
79,129,208,0.2403846153846154,12.01923076923077,35.105531821316504,0.16877659529479094,1009.8541572036573,0,3.0,3.0,5.0,3.0,1.5,-6.7025,0.566,1619.47384875
79,130,209,0.24401913875598086,12.444976076555024,35.21795958518306,0.168506983661163,1008.2409689024354,1,3.0,3.0,5.0,4.0,1.7142857142857142,-5.8755,0.7179,1625.28785946
79,131,210,0.24761904761904763,12.876190476190477,35.33020818053945,0.16823908657399744,1006.6380393806946,0,3.0,3.0,5.0,5.0,1.875,-4.9972,0.7996,1629.49097697
79,132,211,0.25118483412322273,13.312796208530806,35.44227874406976,0.16797288504298472,1005.0452550122362,1,3.0,3.0,5.0,6.0,2.0,-4.2462,0.8575,1635.04867857
79,133,212,0.25471698113207547,13.754716981132075,35.55417239989791,0.16770836037687697,1003.4625039602598,0,3.0,3.0,5.0,7.0,2.1,-3.3995,0.7809,1639.00572071
79,134,213,0.25821596244131456,14.2018779342723,35.665890259784945,0.16744549417739416,1001.8896761409027,1,3.0,3.0,5.0,8.0,2.1818181818181817,-2.6692,0.6646,1644.3134626
80,88,168,0.047619047619047616,0.38095238095238093,30.446650444080973,0.1812300621671487,1112.3938806001117,2,3.0,2.0,4.0,6.0,1.5,-3.2376,0.927,1277.46750185
80,89,169,0.05325443786982249,0.47928994082840237,30.567350940369842,0.1808718990554429,1110.1954679915525,1,3.0,2.0,4.0,7.0,1.5555555555555556,-2.4074,0.8457,1288.79733635
80,90,170,0.058823529411764705,0.5882352941176471,30.687813601627905,0.18051655059781124,1108.0143317880809,2,3.0,2.0,4.0,8.0,1.6,-1.7005,0.7693,1302.00074547
80,91,171,0.06432748538011696,0.7076023391812866,30.808040291421882,0.18016397831240874,1105.8502357873347,1,3.0,2.0,4.0,9.0,1.6363636363636365,-1.0887,0.9875,1312.88550912
80,93,173,0.07514450867052024,0.976878612716763,31.047793084354215,0.17946701204829033,1101.5722424019161,1,3.0,2.0,4.0,11.0,1.6923076923076923,0.0606,1.4719,1336.08863603
80,129,209,0.23444976076555024,11.488038277511961,35.21795958518306,0.168506983661163,1034.2993608321942,1,3.0,2.0,5.0,3.0,1.2,-7.5898,0.4452,1628.38994783
80,130,210,0.23809523809523808,11.904761904761905,35.33020818053945,0.16823908657399744,1032.655002954533,2,3.0,2.0,5.0,4.0,1.3333333333333333,-6.7336,0.5531,1634.60727148
80,131,211,0.24170616113744076,12.327014218009479,35.44227874406976,0.16797288504298472,1031.0210524357067,1,3.0,2.0,5.0,5.0,1.4285714285714286,-5.7202,0.5745,1638.84377675
80,132,212,0.24528301886792453,12.754716981132075,35.55417239989791,0.16770836037687697,1029.3973945484483,2,3.0,2.0,5.0,6.0,1.5,-4.9482,0.6167,1644.80113436
80,133,213,0.24882629107981222,13.187793427230046,35.665890259784945,0.16744549417739416,1027.7839163637332,1,3.0,2.0,5.0,7.0,1.5555555555555556,-4.099,0.5597,1648.79025884
80,134,214,0.2523364485981308,13.626168224299066,35.77743342332243,0.16718426833328243,1026.1805067143093,2,3.0,2.0,5.0,8.0,1.6,-3.3877,0.4701,1654.49405423
80,135,215,0.2558139534883721,14.069767441860465,35.8888029781218,0.16692466501452005,1024.5870561591337,1,3.0,2.0,5.0,9.0,1.6363636363636365,-2.4453,0.2262,1658.24190588
81,90,171,0.05263157894736842,0.47368421052631576,30.808040291421882,0.18016397831240874,1134.0683482056118,1,3.0,1.0,4.0,8.0,0.8888888888888888,-2.0362,0.2961,1298.86830081
81,91,172,0.05813953488372093,0.5813953488372093,30.92803284791408,0.17981414446461677,1131.866268202561,0,3.0,1.0,4.0,9.0,0.9,-1.4427,0.5737,1310.23585997
81,92,173,0.06358381502890173,0.6994219653179191,31.047793084354215,0.17946701204829033,1129.6811927525212,1,3.0,1.0,4.0,10.0,0.9090909090909091,-0.9948,0.8856,1323.04710731
81,93,174,0.06896551724137931,0.8275862068965517,31.167322789559027,0.17912254476758066,1127.512893385997,0,3.0,1.0,4.0,11.0,0.9166666666666666,-0.417,1.0408,1333.97849563
81,94,175,0.07428571428571429,0.9657142857142857,31.286623728379862,0.17878070701931353,1125.361145993633,1,3.0,1.0,4.0,12.0,0.9230769230769231,0.0046,1.1273,1346.34844584
81,131,212,0.2358490566037736,11.79245283018868,35.55417239989791,0.16770836037687697,1055.6646506943662,0,3.0,1.0,5.0,5.0,0.8333333333333334,-6.3724,0.3904,1645.88881466
81,133,214,0.24299065420560748,12.63551401869159,35.77743342332243,0.16718426833328243,1052.3656771495196,0,3.0,1.0,5.0,7.0,0.875,-4.714,0.3607,1656.26422219
81,134,215,0.24651162790697675,13.065116279069768,35.8888029781218,0.16692466501452005,1050.7315663263948,1,3.0,1.0,5.0,8.0,0.8888888888888888,-3.9973,0.2903,1661.99978249
81,135,216,0.25,13.5,35.99999999999999,0.16666666666666669,1049.1075582259382,0,3.0,1.0,5.0,9.0,0.9,-3.1465,0.1168,1666.13999086
81,136,217,0.2534562211981567,13.940092165898617,36.1110255531613,0.16641025600535164,1047.493544049166,1,3.0,1.0,5.0,10.0,0.9090909090909091,-2.4962,0.0256,1671.62691333
81,137,218,0.25688073394495414,14.385321100917432,36.22188069037562,0.1661554160108974,1045.889416663245,0,3.0,1.0,5.0,11.0,0.9166666666666666,-1.5014,0.1278,1675.5282792
82,90,172,0.046511627906976744,0.37209302325581395,30.92803284791408,0.17981414446461677,1160.3859718958386,2,4.0,0.0,4.0,8.0,0.0,-2.7987,0.2363,1297.4678484
82,91,173,0.05202312138728324,0.4682080924855491,31.047793084354215,0.17946701204829033,1158.1458389658353,1,4.0,0.0,4.0,9.0,0.0,-2.1769,0.4557,1308.89730835
82,92,174,0.05747126436781609,0.5747126436781609,31.167322789559027,0.17912254476758066,1155.922904827352,2,4.0,0.0,4.0,10.0,0.0,-1.7069,0.7208,1322.18874298
82,93,175,0.06285714285714286,0.6914285714285714,31.286623728379862,0.17878070701931353,1153.7169397241357,1,4.0,0.0,4.0,11.0,0.0,-1.1042,0.8364,1333.18059564
82,94,176,0.06818181818181818,0.8181818181818182,31.405697642158753,0.17844146387590207,1151.5277182596697,2,4.0,0.0,4.0,12.0,0.0,-0.6687,0.9031,1346.02608503
82,95,177,0.07344632768361582,0.9548022598870056,31.524546249173255,0.1781047810687755,1149.3550192902346,1,4.0,0.0,4.0,13.0,0.0,-0.2022,0.8821,1356.59342999
82,134,216,0.24074074074074073,12.518518518518519,35.99999999999999,0.16666666666666669,1075.5419856344834,2,4.0,0.0,5.0,8.0,0.0,-4.7805,0.2008,1671.21049499
82,135,217,0.24423963133640553,12.944700460829493,36.1110255531613,0.16641025600535164,1073.8873030436316,1,4.0,0.0,5.0,9.0,0.0,-3.9963,0.0679,1675.38215264
82,136,218,0.24770642201834864,13.376146788990825,36.22188069037562,0.1661554160108974,1072.2427563617052,2,4.0,0.0,5.0,10.0,0.0,-3.3933,0.0192,1681.26001516
82,137,219,0.2511415525114155,13.812785388127853,36.33256645315319,0.165902129923074,1070.608237430718,1,4.0,0.0,5.0,11.0,0.0,-2.3682,0.1261,1685.19159155
82,138,220,0.2545454545454545,14.254545454545454,36.44308387191581,0.16565038123598103,1068.9836397339373,2,4.0,0.0,5.0,12.0,0.0,-1.7664,0.4283,1690.82338204
82,139,221,0.2579185520361991,14.701357466063348,36.553433966164725,0.1654001536930531,1067.3688583636506,1,4.0,0.0,5.0,13.0,0.0,-1.0964,0.6584,1694.52065042
82,140,222,0.26126126126126126,15.153153153153154,36.66361774464523,0.1651514312821858,1065.763789989714,2,4.0,0.0,5.0,14.0,0.0,-0.6431,0.9264,1699.91221756
83,93,176,0.056818181818181816,0.5681818181818182,31.405697642158753,0.17844146387590207,1180.1833953018918,0,4.0,1.0,4.0,11.0,0.9166666666666666,-0.1691,1.2804,1330.17383336
83,94,177,0.062146892655367235,0.6836158192090396,31.524546249173255,0.1781047810687755,1177.9566288888414,1,4.0,1.0,4.0,12.0,0.9230769230769231,0.3375,1.2987,1343.07884566
83,95,178,0.06741573033707865,0.8089887640449438,31.6431712450704,0.17777062497230567,1175.7465737372715,0,4.0,1.0,4.0,13.0,0.9285714285714286,0.879,1.2292,1354.11610701
83,96,179,0.07262569832402235,0.9441340782122905,31.7615743032901,0.1774389625882129,1173.5530116018213,1,4.0,1.0,4.0,14.0,0.9333333333333333,0.3034,1.2108,1366.58701586
83,97,180,0.07777777777777778,1.0888888888888888,31.879757075478327,0.1771097615304352,1171.3757282862389,0,4.0,1.0,4.0,15.0,0.9375,0.6393,1.1399,1377.20786679
83,98,181,0.08287292817679558,1.2430939226519337,31.997721191890314,0.17678299001044376,1169.214513546263,1,4.0,1.0,4.0,16.0,0.9411764705882353,0.8478,1.014,1389.2573815
83,99,182,0.08791208791208792,1.4065934065934067,32.11546826178415,0.1764586168229899,1167.0691609953537,0,4.0,1.0,4.0,17.0,0.9444444444444444,1.0301,0.7491,1399.47393977
83,100,183,0.09289617486338798,1.5792349726775956,32.232999873805014,0.17613661133226788,1164.9394680131752,1,4.0,1.0,4.0,18.0,0.9473684210526315,1.0153,0.6256,1411.114262
83,101,184,0.09782608695652174,1.7608695652173914,32.35031759636025,0.17581694345847967,1162.8252356567389,0,4.0,1.0,4.0,19.0,0.95,1.1728,0.932,1420.93816734
83,102,185,0.10270270270270271,1.9513513513513514,32.46742297798574,0.17549958366478785,1160.7262685741105,1,4.0,1.0,4.0,20.0,0.9523809523809523,1.1644,1.3757,1432.18101662
83,136,219,0.2420091324200913,12.826484018264841,36.33256645315319,0.165902129923074,1097.2502395328675,1,4.0,1.0,5.0,10.0,0.9090909090909091,-1.8476,0.1201,1688.24443049
83,137,220,0.24545454545454545,13.254545454545454,36.44308387191581,0.16565038123598103,1095.5852138496955,0,4.0,1.0,5.0,11.0,0.9166666666666666,-1.0968,0.3812,1692.56335626
83,138,221,0.248868778280543,13.687782805429864,36.553433966164725,0.1654001536930531,1093.9302487715336,1,4.0,1.0,5.0,12.0,0.9230769230769231,-1.586,0.9252,1698.22506704
83,139,222,0.25225225225225223,14.126126126126126,36.66361774464523,0.1651514312821858,1092.285238396875,0,4.0,1.0,5.0,13.0,0.9285714285714286,-1.4221,1.4471,1702.30632633
83,140,223,0.2556053811659193,14.5695067264574,36.77363620550805,0.16490419823097785,1090.6500784095733,1,4.0,1.0,5.0,14.0,0.9333333333333333,-1.4291,2.0032,1707.72661443
83,141,224,0.25892857142857145,15.017857142857142,36.88349033646757,0.1646584390020874,1089.0246660481257,0,4.0,1.0,5.0,15.0,0.9375,-1.1919,2.3688,1711.57583945
84,94,178,0.056179775280898875,0.5617977528089888,31.6431712450704,0.17777062497230567,1204.6469070884543,2,4.0,2.0,4.0,12.0,1.7142857142857142,-0.0384,2.1913,1341.85122314
84,95,179,0.061452513966480445,0.6759776536312849,31.7615743032901,0.1774389625882129,1202.3994262953975,1,4.0,2.0,4.0,13.0,1.7333333333333334,0.0987,2.3424,1352.94708716
84,96,180,0.06666666666666667,0.8,31.879757075478327,0.1771097615304352,1200.1686244622829,2,4.0,2.0,4.0,14.0,1.75,0.0363,2.4675,1365.88547179
84,97,181,0.0718232044198895,0.9337016574585635,31.997721191890314,0.17678299001044376,1197.9542861769582,1,4.0,2.0,4.0,15.0,1.7647058823529411,0.2532,2.3759,1376.56354884
84,98,182,0.07692307692307693,1.0769230769230769,32.11546826178415,0.1764586168229899,1195.7561999798172,2,4.0,2.0,4.0,16.0,1.7777777777777777,0.3785,2.2329,1389.07612921
84,99,183,0.08196721311475409,1.2295081967213115,32.232999873805014,0.17613661133226788,1193.574158270034,1,4.0,2.0,4.0,17.0,1.7894736842105263,0.6639,2.0107,1399.34853257
84,100,184,0.08695652173913043,1.391304347826087,32.35031759636025,0.17581694345847967,1191.4079572145197,2,4.0,2.0,4.0,18.0,1.8,0.7341,1.9092,1411.4475625
84,101,185,0.0918918918918919,1.5621621621621622,32.46742297798574,0.17549958366478785,1189.2573966595087,1,4.0,2.0,4.0,19.0,1.8095238095238095,0.9071,2.1997,1421.32592974
84,139,223,0.24663677130044842,13.565022421524663,36.77363620550805,0.16490419823097785,1117.4587049789359,1,4.0,2.0,5.0,13.0,1.7333333333333334,-2.4796,2.9523,1711.43250758
84,140,224,0.25,14.0,36.88349033646757,0.1646584390020874,1115.7933393145163,2,4.0,2.0,5.0,14.0,1.75,-2.2257,3.5391,1717.23544548
84,141,225,0.25333333333333335,14.44,36.993181114957046,0.16441413828869803,1114.137857151308,1,4.0,2.0,5.0,15.0,1.7647058823529411,-2.0396,3.9539,1721.11312494
84,142,226,0.25663716814159293,14.88495575221239,37.1027095082808,0.1641712810100921,1112.4921562961636,2,4.0,2.0,5.0,16.0,1.7777777777777777,-1.8519,4.3331,1726.67704146
84,143,227,0.2599118942731278,15.334801762114537,37.21207647376352,0.16392985230732834,1110.8561360587812,1,4.0,2.0,5.0,17.0,1.7894736842105263,-1.4469,4.6046,1730.32697532
84,144,228,0.2631578947368421,15.789473684210526,37.32128295889665,0.16368983753902044,1109.2296972231036,2,4.0,2.0,5.0,18.0,1.8,-1.1437,4.837,1735.65740786
84,145,229,0.2663755458515284,16.24890829694323,37.43032990148211,0.1634512222772145,1107.6127420193775,1,4.0,2.0,5.0,19.0,1.8095238095238095,-0.9179,4.9568,1739.08488726
85,100,185,0.08108108108108109,1.2162162162162162,32.46742297798574,0.17549958366478785,1218.136433189787,1,4.0,3.0,4.0,18.0,2.5714285714285716,0.9788,2.9498,1409.17705894
85,101,186,0.08602150537634409,1.3763440860215055,32.584317547703584,0.175184502944643,1215.9494690011015,0,4.0,3.0,4.0,19.0,2.590909090909091,1.1326,3.2577,1419.5089507
85,102,187,0.09090909090909091,1.5454545454545454,32.70100281537152,0.17487167280947338,1213.7781260435156,1,4.0,3.0,4.0,20.0,2.608695652173913,1.1725,3.6791,1431.25985987
85,103,188,0.09574468085106383,1.7234042553191489,32.817480272024206,0.17456106527672455,1211.6222100911039,0,4.0,3.0,4.0,21.0,2.625,1.268,4.0024,1441.20470494
85,104,189,0.10052910052910052,1.91005291005291,32.93375139020674,0.17425265285823677,1209.481530349517,1,4.0,3.0,4.0,22.0,2.64,1.234,4.3079,1452.56379876
85,105,190,0.10526315789473684,2.1052631578947367,33.0498176243004,0.17394640854894952,1207.3558993775805,0,4.0,3.0,4.0,21.0,2.625,1.0548,4.5568,1462.13240281
85,140,225,0.24444444444444444,13.444444444444445,36.993181114957046,0.16441413828869803,1141.192747006789,1,4.0,3.0,5.0,14.0,2.4705882352941178,-2.0042,4.535,1724.12039847
85,141,226,0.24778761061946902,13.876106194690266,37.1027095082808,0.1641712810100921,1139.5070831837897,0,4.0,3.0,5.0,15.0,2.5,-1.7704,4.9716,1728.37730808
85,142,227,0.2511013215859031,14.312775330396477,37.21207647376352,0.16392985230732834,1137.831335055429,1,4.0,3.0,5.0,16.0,2.526315789473684,-1.6448,5.3763,1733.96941343
85,143,228,0.2543859649122807,14.75438596491228,37.32128295889665,0.16368983753902044,1136.165400996361,0,4.0,3.0,5.0,17.0,2.55,-1.3095,5.6473,1737.99537261
85,144,229,0.2576419213973799,15.200873362445416,37.43032990148211,0.1634512222772145,1134.5091808626646,1,4.0,3.0,5.0,18.0,2.5714285714285716,-1.1118,5.8807,1743.35285366
85,145,230,0.2608695652173913,15.652173913043478,37.539218229773184,0.16321399230336173,1132.8625759638935,0,4.0,3.0,5.0,19.0,2.590909090909091,-0.9402,6.0195,1747.15319839
85,146,231,0.26406926406926406,16.10822510822511,37.64794886261285,0.16297813360438468,1131.2254890357704,1,4.0,3.0,5.0,20.0,2.608695652173913,-0.9338,6.1582,1752.28143139
85,147,232,0.2672413793103448,16.56896551724138,37.75652270956944,0.16274363236883382,1129.59782421351,0,4.0,3.0,5.0,21.0,2.625,-0.7458,6.147,1755.86132953
85,148,233,0.2703862660944206,17.034334763948497,37.86494067106982,0.1625104749831323,1127.9794870057547,1,4.0,3.0,5.0,22.0,2.64,-0.8615,6.2228,1760.76552175
86,100,186,0.07526881720430108,1.053763440860215,32.584317547703584,0.175184502944643,1245.1239660359174,2,4.0,4.0,4.0,18.0,3.272727272727273,1.0856,3.9187,1408.61251025
86,101,187,0.08021390374331551,1.2032085561497325,32.70100281537152,0.17487167280947338,1242.9005256513476,1,4.0,4.0,4.0,19.0,3.3043478260869565,1.2422,4.2438,1418.99859262
86,102,188,0.0851063829787234,1.3617021276595744,32.817480272024206,0.17456106527672455,1240.692882414896,2,4.0,4.0,4.0,20.0,3.3333333333333335,1.2258,4.6896,1431.20079502
86,103,189,0.08994708994708994,1.529100529100529,32.93375139020674,0.17425265285823677,1238.50084095445,1,4.0,4.0,4.0,21.0,3.36,1.2742,5.0284,1441.19850966
86,104,190,0.09473684210526316,1.7052631578947368,33.0498176243004,0.17394640854894952,1236.3242093315255,2,4.0,4.0,4.0,22.0,3.3846153846153846,1.1906,5.3214,1453.00475664
86,105,191,0.09947643979057591,1.8900523560209423,33.16568041084109,0.17364230581592197,1234.162798963228,1,4.0,4.0,4.0,21.0,3.36,1.1652,5.5986,1462.62490873
86,106,192,0.10416666666666667,2.0833333333333335,33.28134116883046,0.1733403185876587,1232.016424546387,2,4.0,4.0,4.0,20.0,3.3333333333333335,0.7715,5.7609,1474.04613106
86,144,230,0.25217391304347825,14.626086956521739,37.539218229773184,0.16321399230336173,1160.0435540438984,2,4.0,4.0,5.0,18.0,3.272727272727273,-1.3416,6.8396,1752.73291455
86,145,231,0.2554112554112554,15.069264069264069,37.64794886261285,0.16297813360438468,1158.3671881909943,1,4.0,4.0,5.0,19.0,3.3043478260869565,-1.2095,7.0134,1756.56006391
86,146,232,0.25862068965517243,15.517241379310345,37.75652270956944,0.16274363236883382,1156.7004705102547,2,4.0,4.0,5.0,20.0,3.3333333333333335,-1.247,7.1577,1762.05992596
86,147,233,0.26180257510729615,15.969957081545065,37.86494067106982,0.1625104749831323,1155.043304243174,1,4.0,4.0,5.0,21.0,3.36,-1.1807,7.1874,1765.66552354
86,148,234,0.26495726495726496,16.427350427350426,37.97320363853009,0.1622786480279064,1153.3955940115436,2,4.0,4.0,5.0,22.0,3.3846153846153846,-1.2517,7.2841,1770.93826334
87,104,191,0.08900523560209424,1.513089005235602,33.16568041084109,0.17364230581592197,1263.4247391116394,1,4.0,5.0,4.0,22.0,4.074074074074074,1.0025,6.4692,1450.86427713
87,105,192,0.09375,1.6875,33.28134116883046,0.1733403185876587,1261.2274742614013,0,4.0,5.0,4.0,21.0,4.038461538461538,0.9376,6.7164,1460.92668996
87,106,193,0.09844559585492228,1.8704663212435233,33.39680130004011,0.17304042124373117,1259.0454154495728,1,4.0,5.0,4.0,20.0,4.0,0.6785,6.8499,1472.3987182
87,107,194,0.10309278350515463,2.0618556701030926,33.51206218930888,0.172742588604685,1256.8783794699611,0,4.0,5.0,4.0,19.0,3.9583333333333335,0.782,6.6265,1482.08997678
87,108,195,0.1076923076923077,2.2615384615384615,33.62712520483358,0.17244679592222356,1254.7261862534867,1,4.0,5.0,4.0,18.0,3.9130434782608696,0.7221,6.2827,1493.18620784
87,109,196,0.11224489795918367,2.4693877551020407,33.74199169845321,0.1721530188696593,1252.5886587987059,0,4.0,5.0,4.0,17.0,3.8636363636363638,0.8363,5.8424,1502.51636955
87,147,234,0.2564102564102564,15.384615384615385,37.97320363853009,0.1622786480279064,1180.742547645019,0,4.0,5.0,5.0,21.0,4.038461538461538,-1.3343,7.9015,1773.21217113
87,148,235,0.25957446808510637,15.83404255319149,38.081312494483804,0.1620481382743992,1179.0653542685602,1,4.0,5.0,5.0,22.0,4.074074074074074,-1.4213,7.9888,1778.51038679
87,149,236,0.2627118644067797,16.28813559322034,38.189268112707936,0.1618189326809659,1177.3976499857488,0,4.0,5.0,5.0,23.0,4.107142857142857,-1.1849,8.0834,1782.26486459
88,105,193,0.08808290155440414,1.4974093264248705,33.39680130004011,0.17304042124373117,1288.5490308107533,1,4.0,6.0,4.0,21.0,4.666666666666667,0.6338,7.8418,1460.53223777
88,106,194,0.09278350515463918,1.6701030927835052,33.51206218930888,0.172742588604685,1286.3312139814345,2,4.0,6.0,4.0,20.0,4.615384615384615,0.4389,7.9249,1472.44443068
88,107,195,0.09743589743589744,1.8512820512820514,33.62712520483358,0.17244679592222356,1284.128587730486,1,4.0,6.0,4.0,19.0,4.56,0.5656,7.6666,1482.18576794
88,108,196,0.10204081632653061,2.0408163265306123,33.74199169845321,0.1721530188696593,1281.9409709087327,2,4.0,6.0,4.0,18.0,4.5,0.5633,7.2874,1493.71822577
88,109,197,0.1065989847715736,2.238578680203046,33.856663005926926,0.17186123353262403,1279.7681854373425,1,4.0,6.0,4.0,17.0,4.434782608695652,0.6853,6.7623,1503.09720329
88,110,198,0.1111111111111111,2.4444444444444446,33.97114044720589,0.1715714164000298,1277.6100562405193,2,4.0,6.0,4.0,16.0,4.363636363636363,0.6325,6.2228,1514.26010162
88,111,199,0.11557788944723618,2.658291457286432,34.08542532669918,0.17128354435527232,1275.4664111799975,1,4.0,6.0,4.0,15.0,4.285714285714286,0.6785,5.5994,1523.28640929
88,112,200,0.12,2.88,34.19951893353393,0.17099759466766973,1273.33708099129,2,4.0,6.0,4.0,14.0,4.2,0.442,4.9851,1534.08955113
88,147,235,0.251063829787234,14.812765957446809,38.081312494483804,0.1620481382743992,1206.6947711832884,1,4.0,6.0,5.0,21.0,4.666666666666667,-1.7535,8.5953,1782.09211543
88,148,236,0.2542372881355932,15.254237288135593,38.189268112707936,0.1618189326809659,1204.9879870507016,2,4.0,6.0,5.0,22.0,4.714285714285714,-1.8198,8.673,1787.75755509
88,149,237,0.25738396624472576,15.70042194092827,38.29707135834644,0.1615910183896475,1203.2908186256864,1,4.0,6.0,5.0,23.0,4.758620689655173,-1.6585,8.76,1791.53728544
89,108,197,0.09644670050761421,1.83248730964467,33.856663005926926,0.17186123353262403,1309.411536019307,1,4.0,7.0,4.0,18.0,5.04,0.5913,8.0564,1491.69055071
89,109,198,0.10101010101010101,2.0202020202020203,33.97114044720589,0.1715714164000298,1307.2034179408174,0,4.0,7.0,4.0,17.0,4.958333333333333,0.7531,7.4675,1501.50112916
89,110,199,0.10552763819095477,2.2160804020100504,34.08542532669918,0.17128354435527232,1305.0101194955846,1,4.0,7.0,4.0,16.0,4.869565217391305,0.7681,6.8762,1512.71215787
89,111,200,0.11,2.42,34.19951893353393,0.17099759466766973,1302.8314674984379,0,4.0,7.0,4.0,15.0,4.7727272727272725,0.8788,6.1686,1522.16626871
89,112,201,0.11442786069651742,2.6318407960199006,34.3134225418098,0.17071354498412838,1300.6672916410532,1,4.0,7.0,4.0,14.0,4.666666666666667,0.7036,5.4922,1533.01630746
89,113,202,0.1188118811881188,2.8514851485148514,34.42713741084797,0.1704313733210296,1298.5174244301375,0,4.0,7.0,4.0,13.0,4.55,0.6806,4.6206,1542.12333436
89,114,203,0.12315270935960591,3.0788177339901477,34.540664785434856,0.1701510580563294,1296.3817011272376,1,4.0,7.0,4.0,12.0,4.421052631578948,0.5471,3.7736,1552.62183418
89,115,204,0.12745098039215685,3.3137254901960786,34.65400589606056,0.16987257792186555,1294.2599596901266,0,4.0,7.0,4.0,11.0,4.277777777777778,0.3742,3.452,1561.39082547
89,148,237,0.2489451476793249,14.68776371308017,38.29707135834644,0.1615910183896475,1231.1627191733555,1,4.0,7.0,5.0,22.0,5.310344827586207,-2.21,9.1388,1794.4280209
89,149,238,0.25210084033613445,15.126050420168067,38.4047230880316,0.1613643827228219,1229.4359809758284,0,4.0,7.0,5.0,23.0,5.366666666666666,-1.8742,9.2196,1798.5718616
90,111,201,0.1044776119402985,2.1940298507462686,34.3134225418098,0.17071354498412838,1330.4512184011664,1,4.0,8.0,4.0,15.0,5.217391304347826,0.8611,6.7289,1522.34816801
90,112,202,0.10891089108910891,2.396039603960396,34.42713741084797,0.1704313733210296,1328.2521214695025,2,4.0,8.0,4.0,14.0,5.090909090909091,0.7482,5.9857,1533.62408536
90,113,203,0.11330049261083744,2.605911330049261,34.540664785434856,0.1701510580563294,1326.0674923266217,1,4.0,8.0,4.0,13.0,4.9523809523809526,0.7676,5.0659,1542.77736323
90,114,204,0.11764705882352941,2.823529411764706,34.65400589606056,0.16987257792186555,1323.8971652196988,2,4.0,8.0,4.0,12.0,4.8,0.6967,4.1777,1553.69803603
90,115,205,0.12195121951219512,3.048780487804878,34.76716195915227,0.1695959119958648,1321.7409770954816,1,4.0,8.0,4.0,11.0,4.631578947368421,0.5498,3.8031,1562.51207418
90,116,206,0.1262135922330097,3.2815533980582523,34.880134177302764,0.16932103969564452,1319.5987675434112,2,4.0,8.0,4.0,10.0,4.444444444444445,0.2634,3.5499,1573.08666005
90,117,207,0.13043478260869565,3.5217391304347827,34.992923739494074,0.1690479407705028,1317.4703787402111,1,4.0,8.0,4.0,9.0,4.235294117647059,-0.1295,3.2883,1581.57019078
90,119,209,0.13875598086124402,4.023923444976076,35.21795958518306,0.168506983661163,1313.2544447011703,1,4.0,8.0,4.0,7.0,3.7333333333333334,-1.275,3.0782,1599.9689752
90,148,238,0.24369747899159663,14.134453781512605,38.4047230880316,0.1613643827228219,1257.5887848857599,2,4.0,8.0,5.0,22.0,5.866666666666666,-2.6559,9.6423,1802.76490535
90,149,239,0.24686192468619247,14.564853556485355,38.51222415000313,0.16113901317992946,1255.8323736826558,1,4.0,8.0,5.0,23.0,5.935483870967742,-2.3767,9.6625,1806.93458251
90,150,240,0.25,15.0,38.61957538422518,0.16091489743427165,1254.085733913087,2,4.0,8.0,5.0,24.0,6.0,-2.0854,9.7083,1812.76189034
91,114,205,0.11219512195121951,2.580487804878049,34.76716195915227,0.1695959119958648,1351.6662528161455,1,4.0,9.0,4.0,12.0,5.142857142857143,0.764,4.5437,1552.23438049
91,115,206,0.11650485436893204,2.796116504854369,34.880134177302764,0.16932103969564452,1349.4755419218243,0,4.0,9.0,4.0,11.0,4.95,0.7026,4.1101,1561.46629692
91,116,207,0.12077294685990338,3.0193236714975846,34.992923739494074,0.1690479407705028,1347.2989646892115,1,4.0,9.0,4.0,10.0,4.7368421052631575,0.4636,3.8075,1572.08532097
91,117,208,0.125,3.25,35.105531821316504,0.16877659529479094,1345.1363623124334,0,4.0,9.0,4.0,9.0,4.5,0.1147,3.5142,1580.98315318
91,118,209,0.1291866028708134,3.488038277511962,35.21795958518306,0.168506983661163,1342.9875785224658,1,4.0,9.0,4.0,8.0,4.235294117647059,-0.2502,3.2284,1591.26375026
91,119,210,0.13333333333333333,3.7333333333333334,35.33020818053945,0.16823908657399744,1340.8524595347021,0,4.0,9.0,4.0,7.0,3.9375,-0.8561,3.1035,1599.83596826
91,148,239,0.2384937238493724,13.594142259414227,38.51222415000313,0.16113901317992946,1284.2654257652002,1,4.0,9.0,5.0,22.0,6.387096774193548,-2.9413,10.0419,1808.54829232
91,149,240,0.24166666666666667,14.016666666666667,38.61957538422518,0.16091489743427165,1282.4792406704923,0,4.0,9.0,5.0,23.0,6.46875,-2.7406,10.0566,1813.08074766
91,150,241,0.24481327800829875,14.443983402489627,38.726777622501196,0.16069202332988053,1280.7029513602913,1,4.0,9.0,5.0,24.0,6.545454545454546,-2.6037,10.0679,1818.93365226
91,151,242,0.24793388429752067,14.87603305785124,38.833831688586685,0.16047037887845741,1278.9364622887863,0,4.0,9.0,5.0,25.0,6.617647058823529,-2.4412,9.9119,1823.24357452
92,116,208,0.11538461538461539,2.769230769230769,35.105531821316504,0.16877659529479094,1375.2518045521308,2,4.0,10.0,4.0,10.0,5.0,0.525,4.1156,1572.75473033
92,117,209,0.11961722488038277,2.9904306220095696,35.21795958518306,0.168506983661163,1373.0549129450487,1,4.0,10.0,4.0,9.0,4.7368421052631575,0.2012,3.7992,1581.6964031
92,118,210,0.12380952380952381,3.219047619047619,35.33020818053945,0.16823908657399744,1370.8719920731396,2,4.0,10.0,4.0,8.0,4.444444444444445,-0.1358,3.4884,1592.38953069
92,119,211,0.12796208530805686,3.4549763033175354,35.44227874406976,0.16797288504298472,1368.7028871965995,1,4.0,10.0,4.0,7.0,4.117647058823529,-0.6124,3.2068,1601.00443844
92,120,212,0.1320754716981132,3.69811320754717,35.55417239989791,0.16770836037687697,1366.5474460124838,2,4.0,10.0,4.0,6.0,3.75,-1.3297,3.1144,1611.36417933
92,121,213,0.13615023474178403,3.948356807511737,35.665890259784945,0.16744549417739416,1364.4055186050546,1,4.0,10.0,4.0,5.0,3.3333333333333335,-1.1599,2.4169,1619.66050509
92,122,214,0.14018691588785046,4.205607476635514,35.77743342332243,0.16718426833328243,1362.2769573973658,2,4.0,10.0,4.0,4.0,2.857142857142857,-1.1731,1.7267,1629.69513893
92,125,217,0.15207373271889402,5.018433179723503,36.1110255531613,0.16641025600535164,1355.9700293018368,1,4.0,10.0,4.0,1.0,0.9090909090909091,-1.8403,0.0056,1655.08092288
92,128,220,0.16363636363636364,5.890909090909091,36.44308387191581,0.16565038123598103,1349.7782990682383,2,4.0,10.0,5.0,2.0,1.6666666666666667,-1.355,0.5225,1680.98226214
92,149,241,0.23651452282157676,13.481327800829876,38.726777622501196,0.16069202332988053,1309.3758330386936,1,4.0,10.0,5.0,23.0,6.96969696969697,-3.1943,10.5009,1820.54854758
92,150,242,0.2396694214876033,13.900826446280991,38.833831688586685,0.16047037887845741,1307.569795114678,2,4.0,10.0,5.0,24.0,7.0588235294117645,-3.0256,10.5126,1826.76304899
92,151,243,0.24279835390946503,14.325102880658436,38.94073839830002,0.16024995225637872,1305.7736804978642,1,4.0,10.0,5.0,25.0,7.142857142857143,-2.8648,10.3365,1831.09832943
92,152,244,0.2459016393442623,14.754098360655737,39.04749855963123,0.16003073180176738,1303.9873941631245,2,4.0,10.0,5.0,26.0,7.222222222222222,-2.7448,10.0615,1837.08393177
92,153,245,0.24897959183673468,15.187755102040816,39.15411297284888,0.15981270601162811,1302.2108423799568,1,4.0,10.0,5.0,27.0,7.297297297297297,-2.3585,9.8269,1841.20054581
92,154,246,0.25203252032520324,15.626016260162602,39.260582430605055,0.15959586353904498,1300.443932689649,2,4.0,10.0,5.0,28.0,7.368421052631579,-2.0466,9.514,1846.96218484
93,118,211,0.11848341232227488,2.962085308056872,35.44227874406976,0.16797288504298472,1399.008082076386,1,4.0,11.0,4.0,8.0,4.631578947368421,-0.1403,3.9038,1590.99612127
93,119,212,0.12264150943396226,3.188679245283019,35.55417239989791,0.16770836037687697,1396.804916096957,0,4.0,11.0,4.0,7.0,4.277777777777778,-0.308,3.48,1600.01948423
93,120,213,0.1267605633802817,3.4225352112676055,35.665890259784945,0.16744549417739416,1394.615563110092,1,4.0,11.0,4.0,6.0,3.8823529411764706,-1.0711,3.3893,1610.42135147
93,121,214,0.1308411214953271,3.663551401869159,35.77743342332243,0.16718426833328243,1392.4398722712642,0,4.0,11.0,4.0,5.0,3.4375,-0.864,2.6779,1619.1227193
93,122,215,0.13488372093023257,3.911627906976744,35.8888029781218,0.16692466501452005,1390.2776950782636,1,4.0,11.0,4.0,4.0,2.933333333333333,-0.835,1.9497,1629.19835651
93,123,216,0.1388888888888889,4.166666666666667,35.99999999999999,0.16666666666666669,1388.1288853241367,0,4.0,11.0,4.0,3.0,2.357142857142857,-1.1483,1.3475,1637.58567438
93,124,217,0.14285714285714285,4.428571428571429,36.1110255531613,0.16641025600535164,1385.9932990512777,1,4.0,11.0,4.0,2.0,1.6923076923076923,-1.6457,0.738,1647.34308532
93,125,218,0.14678899082568808,4.697247706422019,36.22188069037562,0.1661554160108974,1383.870794506651,0,4.0,11.0,4.0,1.0,0.9166666666666666,-1.1967,0.056,1655.42403203
93,128,221,0.1583710407239819,5.542986425339366,36.553433966164725,0.1654001536930531,1377.580385870272,1,4.0,11.0,5.0,2.0,1.6923076923076923,-0.9523,0.7659,1681.79685892
93,150,243,0.2345679012345679,13.37037037037037,38.94073839830002,0.16024995225637872,1334.6855255933588,1,4.0,11.0,5.0,24.0,7.542857142857143,-3.203,11.3221,1832.06104165
93,151,244,0.23770491803278687,13.78688524590164,39.04749855963123,0.16003073180176738,1332.8596881215592,0,4.0,11.0,5.0,25.0,7.638888888888889,-3.0042,11.1539,1836.75490953
93,152,245,0.24081632653061225,14.208163265306123,39.15411297284888,0.15981270601162811,1331.0438007393316,1,4.0,11.0,5.0,26.0,7.72972972972973,-2.8036,10.8708,1842.76563265
93,153,246,0.24390243902439024,14.634146341463415,39.260582430605055,0.15959586353904498,1329.2377689407851,0,4.0,11.0,5.0,27.0,7.815789473684211,-2.471,10.6663,1847.23804057
93,154,247,0.24696356275303644,15.064777327935223,39.36690771803848,0.15938019319043925,1327.4414994971398,1,4.0,11.0,5.0,28.0,7.897435897435898,-2.2463,10.3604,1853.02382336
94,121,215,0.12558139534883722,3.390697674418605,35.8888029781218,0.16692466501452005,1420.7248755367614,1,4.0,12.0,4.0,5.0,3.5294117647058822,-0.6499,2.9482,1619.88226489
94,122,216,0.12962962962962962,3.6296296296296298,35.99999999999999,0.16666666666666669,1418.5290066961034,2,4.0,12.0,4.0,4.0,3.0,-0.6801,2.2159,1630.36127131
94,123,217,0.1336405529953917,3.8755760368663594,36.1110255531613,0.16641025600535164,1416.3466509318941,1,4.0,12.0,4.0,3.0,2.4,-0.9361,1.5907,1638.78906148
94,124,218,0.13761467889908258,4.128440366972477,36.22188069037562,0.1661554160108974,1414.1776633866964,2,4.0,12.0,4.0,2.0,1.7142857142857142,-1.3742,0.9545,1648.94650852
94,125,219,0.1415525114155251,4.3881278538812785,36.33256645315319,0.165902129923074,1412.0219014112758,1,4.0,12.0,4.0,1.0,0.9230769230769231,-0.7634,0.1851,1657.06683203
94,126,220,0.14545454545454545,4.654545454545454,36.44308387191581,0.16565038123598103,1409.8792245210416,2,4.0,12.0,5.0,0.0,0.0,-1.4081,0.1489,1666.91049463
94,127,221,0.1493212669683258,4.927601809954751,36.553433966164725,0.1654001536930531,1407.7494943535364,1,4.0,12.0,5.0,1.0,0.9230769230769231,-0.877,0.3702,1674.73078089
94,128,222,0.15315315315315314,5.207207207207207,36.66361774464523,0.1651514312821858,1405.6325746269522,2,4.0,12.0,5.0,2.0,1.7142857142857142,-0.7837,1.0715,1684.26817687
94,129,223,0.15695067264573992,5.493273542600897,36.77363620550805,0.16490419823097785,1403.5283310996376,1,4.0,12.0,5.0,3.0,2.4,-0.723,1.6937,1691.79561149
94,130,224,0.16071428571428573,5.785714285714286,36.88349033646757,0.1646584390020874,1401.4366315305715,2,4.0,12.0,5.0,4.0,3.0,-0.7248,2.4167,1701.03401229
94,131,225,0.16444444444444445,6.084444444444444,36.993181114957046,0.16441413828869803,1399.3573456407753,1,4.0,12.0,5.0,5.0,3.5294117647058822,-0.7735,3.1581,1708.27554711
94,132,226,0.168141592920354,6.389380530973451,37.1027095082808,0.1641712810100921,1397.2903450756367,2,4.0,12.0,5.0,6.0,4.0,-0.929,3.9062,1717.22198795
94,133,227,0.17180616740088106,6.700440528634362,37.21207647376352,0.16392985230732834,1395.2355033681201,1,4.0,12.0,5.0,7.0,4.421052631578948,-1.6567,4.5681,1724.18435057
94,153,247,0.2388663967611336,14.093117408906883,39.36690771803848,0.15938019319043925,1356.5125628008009,1,4.0,12.0,5.0,27.0,8.307692307692308,-2.8309,11.5798,1854.59367452
94,154,248,0.24193548387096775,14.516129032258064,39.47308961287589,0.15916568392288669,1354.68683709143,2,4.0,12.0,5.0,28.0,8.4,-2.5613,11.2837,1860.73412715
94,155,249,0.24497991967871485,14.943775100401606,39.57912888553151,0.15895232484149208,1352.8709008166284,1,4.0,12.0,5.0,29.0,8.487804878048781,-2.126,10.8647,1865.01376287
94,156,250,0.248,15.376,39.68502629920498,0.15874010519681997,1351.0646624860794,2,4.0,12.0,5.0,28.0,8.4,-1.883,10.3806,1870.93134696
94,157,251,0.250996015936255,15.812749003984063,39.7907826099774,0.15852901438238012,1349.2680318260996,1,4.0,12.0,5.0,27.0,8.307692307692308,-1.5714,9.8457,1874.99796074
95,124,219,0.1324200913242009,3.8401826484018264,36.33256645315319,0.165902129923074,1442.6116643619282,1,4.0,13.0,4.0,2.0,1.7333333333333334,-0.9759,1.0836,1648.04978241
95,125,220,0.13636363636363635,4.090909090909091,36.44308387191581,0.16565038123598103,1440.4225689437046,0,4.0,13.0,4.0,1.0,0.9285714285714286,-0.4679,0.3346,1656.56634199
95,126,221,0.14027149321266968,4.34841628959276,36.553433966164725,0.1654001536930531,1438.2467007234486,1,4.0,13.0,5.0,0.0,0.0,-0.9769,0.2357,1666.44888085
95,127,222,0.14414414414414414,4.612612612612613,36.66361774464523,0.1651514312821858,1436.0839204669694,0,4.0,13.0,5.0,1.0,0.9285714285714286,-0.4772,0.4901,1674.66218069
95,128,223,0.14798206278026907,4.883408071748879,36.77363620550805,0.16490419823097785,1433.9340910244316,1,4.0,13.0,5.0,2.0,1.7333333333333334,-0.4628,1.243,1684.23738446
95,129,224,0.15178571428571427,5.160714285714286,36.88349033646757,0.1646584390020874,1431.7970772899707,0,4.0,13.0,5.0,3.0,2.4375,-0.3766,1.9412,1692.1546481
95,130,225,0.15555555555555556,5.444444444444445,36.993181114957046,0.16441413828869803,1429.67274616227,1,4.0,13.0,5.0,4.0,3.0588235294117645,-0.4658,2.7075,1701.42979435
95,131,226,0.1592920353982301,5.734513274336283,37.1027095082808,0.1641712810100921,1427.5609665060683,0,4.0,13.0,5.0,5.0,3.611111111111111,-0.5587,3.5077,1709.05801149
95,132,227,0.16299559471365638,6.030837004405286,37.21207647376352,0.16392985230732834,1425.4616091145729,1,4.0,13.0,5.0,6.0,4.105263157894737,-0.7306,4.3044,1718.0401422
95,133,228,0.16666666666666666,6.333333333333333,37.32128295889665,0.16368983753902044,1423.374546672755,0,4.0,13.0,5.0,7.0,4.55,-1.4131,5.0642,1725.38607811
95,135,230,0.17391304347826086,6.956521739130435,37.539218229773184,0.16321399230336173,1419.2368066225781,0,4.0,13.0,5.0,9.0,5.318181818181818,-2.259,6.6277,1741.15221395
95,136,231,0.1774891774891775,7.2770562770562774,37.64794886261285,0.16297813360438468,1417.1858835244643,1,4.0,13.0,5.0,10.0,5.6521739130434785,-2.705,7.3912,1749.56854477
95,137,232,0.1810344827586207,7.603448275862069,37.75652270956944,0.16274363236883382,1415.1467643288893,0,4.0,13.0,5.0,11.0,5.958333333333333,-2.8522,8.304,1756.3693614
95,138,233,0.18454935622317598,7.935622317596566,37.86494067106982,0.1625104749831323,1413.1193306581997,1,4.0,13.0,5.0,12.0,6.24,-2.9571,9.1974,1764.51248285
95,139,234,0.18803418803418803,8.273504273504274,37.97320363853009,0.1622786480279064,1411.1034658234476,0,4.0,13.0,5.0,13.0,6.5,-3.1462,9.9326,1771.05005615
95,141,236,0.19491525423728814,8.966101694915254,38.189268112707936,0.1618189326809659,1407.105984163085,0,4.0,13.0,5.0,15.0,6.964285714285714,-3.6105,11.3464,1785.2064433
95,142,237,0.19831223628691982,9.320675105485233,38.29707135834644,0.1615910183896475,1405.1241421259567,1,4.0,13.0,5.0,16.0,7.172413793103448,-3.9245,11.9796,1792.82152742
95,151,246,0.22764227642276422,12.747967479674797,39.260582430605055,0.15959586353904498,1387.775156546193,0,4.0,13.0,5.0,25.0,8.552631578947368,-3.653,12.8855,1848.52337185
95,152,247,0.23076923076923078,13.153846153846153,39.36690771803848,0.15938019319043925,1385.8997824283326,1,4.0,13.0,5.0,26.0,8.666666666666666,-3.5663,12.6412,1854.91713382
95,153,248,0.23387096774193547,13.564516129032258,39.47308961287589,0.15916568392288669,1384.0345045586118,0,4.0,13.0,5.0,27.0,8.775,-3.166,12.4487,1859.76892877
95,154,249,0.23694779116465864,13.97991967871486,39.57912888553151,0.15895232484149208,1382.1792281998326,1,4.0,13.0,5.0,28.0,8.878048780487806,-2.8613,12.1777,1865.9340312
95,155,250,0.24,14.4,39.68502629920498,0.15874010519681997,1380.3338598796508,0,4.0,13.0,5.0,29.0,8.976190476190476,-2.538,11.7695,1870.5654573
95,156,251,0.24302788844621515,14.824701195219124,39.7907826099774,0.15852901438238012,1378.4983073687108,1,4.0,13.0,5.0,28.0,8.878048780487806,-2.2924,11.3041,1876.50674703
95,157,252,0.24603174603174602,15.253968253968255,39.896398566905845,0.15831904193216612,1376.6724796592425,0,4.0,13.0,5.0,27.0,8.775,-1.9791,10.7863,1880.92247317
96,132,228,0.15789473684210525,5.684210526315789,37.32128295889665,0.16368983753902044,1453.881121443245,2,4.0,14.0,5.0,6.0,4.2,-0.9838,4.7439,1720.50567381
96,133,229,0.1615720524017467,5.978165938864628,37.43032990148211,0.1634512222772145,1451.76175820333,1,4.0,14.0,5.0,7.0,4.666666666666667,-1.2613,5.5474,1727.88686834
96,134,230,0.16521739130434782,6.278260869565218,37.539218229773184,0.16321399230336173,1449.6546989893282,2,4.0,14.0,5.0,8.0,5.090909090909091,-1.8234,6.373,1736.9649342
96,135,231,0.16883116883116883,6.584415584415584,37.64794886261285,0.16297813360438468,1447.5598193381147,1,4.0,14.0,5.0,9.0,5.478260869565218,-2.1202,7.1069,1744.06936895
96,136,232,0.1724137931034483,6.896551724137931,37.75652270956944,0.16274363236883382,1445.4769965774092,2,4.0,14.0,5.0,10.0,5.833333333333333,-2.5496,7.882,1752.86479718
96,139,235,0.1829787234042553,7.868085106382979,38.081312494483804,0.1620481382743992,1439.2996690830698,1,4.0,14.0,5.0,13.0,6.7407407407407405,-2.9458,10.4404,1774.78781036
96,156,252,0.23809523809523808,14.285714285714286,39.896398566905845,0.15831904193216612,1406.1781091039823,2,4.0,14.0,5.0,28.0,9.333333333333334,-2.8705,12.0969,1883.72241098
96,157,253,0.24110671936758893,14.707509881422926,40.001874912116236,0.15811017751824602,1404.3229907111418,1,4.0,14.0,5.0,27.0,9.21951219512195,-2.5531,11.5769,1888.16162515
96,158,254,0.2440944881889764,15.133858267716535,40.10721238089454,0.15790241094840374,1402.4776232888134,2,4.0,14.0,5.0,26.0,9.1,-2.384,11.0374,1894.23184977
97,132,229,0.15283842794759825,5.349344978165939,37.43032990148211,0.1634512222772145,1482.548131774444,1,4.0,15.0,5.0,6.0,4.285714285714286,-0.8147,4.9882,1720.48887486
97,133,230,0.1565217391304348,5.6347826086956525,37.539218229773184,0.16321399230336173,1480.3963898074135,0,4.0,15.0,5.0,7.0,4.7727272727272725,-1.0267,5.8002,1728.25179167
97,134,231,0.16017316017316016,5.926406926406926,37.64794886261285,0.16297813360438468,1478.2570856856116,1,4.0,15.0,5.0,8.0,5.217391304347826,-1.586,6.6387,1737.36469125
97,135,232,0.16379310344827586,6.224137931034483,37.75652270956944,0.16274363236883382,1476.1300941353431,0,4.0,15.0,5.0,9.0,5.625,-1.8937,7.3719,1744.84783766
97,136,233,0.16738197424892703,6.527896995708154,37.86494067106982,0.1625104749831323,1474.0152916776722,1,4.0,15.0,5.0,10.0,6.0,-2.2601,8.155,1753.67709029
97,137,234,0.17094017094017094,6.837606837606837,37.97320363853009,0.1622786480279064,1471.9125565951394,0,4.0,15.0,5.0,11.0,6.346153846153846,-2.4008,9.0682,1760.88685251
97,138,235,0.17446808510638298,7.153191489361702,38.081312494483804,0.1620481382743992,1469.8217688992345,1,4.0,15.0,5.0,12.0,6.666666666666667,-2.6758,9.9797,1769.43889299
97,139,236,0.17796610169491525,7.47457627118644,38.189268112707936,0.1618189326809659,1467.7428102986034,0,4.0,15.0,5.0,13.0,6.964285714285714,-2.7686,10.7517,1776.38145898
97,140,237,0.18143459915611815,7.801687763713081,38.29707135834644,0.1615910183896475,1465.675564167977,1,4.0,15.0,5.0,14.0,7.241379310344827,-2.9372,11.5096,1784.66252241
97,141,238,0.18487394957983194,8.134453781512605,38.4047230880316,0.1613643827228219,1463.6199155177887,0,4.0,15.0,5.0,15.0,7.5,-3.3261,12.2512,1791.34388957
97,142,239,0.18828451882845187,8.472803347280335,38.51222415000313,0.16113901317992946,1461.5757509644802,1,4.0,15.0,5.0,16.0,7.741935483870968,-3.7731,12.9014,1799.36001921
97,143,240,0.19166666666666668,8.816666666666666,38.61957538422518,0.16091489743427165,1459.5429587014605,0,4.0,15.0,5.0,17.0,7.96875,-3.7269,13.2123,1805.78600174
97,144,241,0.1950207468879668,9.16597510373444,38.726777622501196,0.16069202332988053,1457.5214284707135,1,4.0,15.0,5.0,18.0,8.181818181818182,-3.8119,13.4655,1813.54305642
97,145,242,0.19834710743801653,9.520661157024794,38.833831688586685,0.16047037887845741,1455.5110515350293,0,4.0,15.0,5.0,19.0,8.382352941176471,-3.9524,13.6605,1819.7192924
97,155,252,0.23015873015873015,13.34920634920635,39.896398566905845,0.15831904193216612,1435.9978259616398,0,4.0,15.0,5.0,29.0,9.886363636363637,-3.2968,13.0164,1882.13226068
97,156,253,0.233201581027668,13.75889328063241,40.001874912116236,0.15811017751824602,1434.1033675272683,1,4.0,15.0,5.0,28.0,9.767441860465116,-3.0699,12.5421,1888.44842712
97,157,254,0.23622047244094488,14.173228346456693,40.10721238089454,0.15790241094840374,1432.218866844597,0,4.0,15.0,5.0,27.0,9.642857142857142,-2.8026,12.0081,1893.23552648
97,158,255,0.23921568627450981,14.592156862745098,40.212411701776524,0.15769573216382957,1430.344232677419,1,4.0,15.0,5.0,26.0,9.512195121951219,-2.6393,11.4519,1899.32902257
98,135,233,0.15879828326180256,5.875536480686695,37.86494067106982,0.1625104749831323,1504.9468943400461,1,4.0,16.0,5.0,9.0,5.76,-1.7487,7.5682,1746.92110618
98,136,234,0.1623931623931624,6.170940170940171,37.97320363853009,0.1622786480279064,1502.800034229473,2,4.0,16.0,5.0,10.0,6.153846153846154,-2.1944,8.3597,1756.12767302
98,137,235,0.16595744680851063,6.472340425531915,38.081312494483804,0.1620481382743992,1500.665372216506,1,4.0,16.0,5.0,11.0,6.518518518518518,-2.3723,9.2925,1763.37085969
98,138,236,0.1694915254237288,6.779661016949152,38.189268112707936,0.1618189326809659,1498.5427875274966,2,4.0,16.0,5.0,12.0,6.857142857142857,-2.5958,10.2153,1772.29727184
98,140,238,0.17647058823529413,7.411764705882353,38.4047230880316,0.1613643827228219,1494.3333755009658,2,4.0,16.0,5.0,14.0,7.466666666666667,-2.9366,11.7849,1787.92480578
98,141,239,0.1799163179916318,7.7364016736401675,38.51222415000313,0.16113901317992946,1492.2463149980044,1,4.0,16.0,5.0,15.0,7.741935483870968,-3.3509,12.5234,1794.63763717
98,143,241,0.18672199170124482,8.402489626556017,38.726777622501196,0.16069202332988053,1488.1069142196702,1,4.0,16.0,5.0,17.0,8.242424242424242,-3.8073,13.4973,1809.47883524
98,145,243,0.1934156378600823,9.090534979423868,38.94073839830002,0.16024995225637872,1484.0130643357586,1,4.0,16.0,5.0,19.0,8.685714285714285,-4.0259,13.9679,1823.8074119
98,157,255,0.23137254901960785,13.650980392156862,40.212411701776524,0.15769573216382957,1460.3594161869744,1,4.0,16.0,5.0,27.0,10.046511627906977,-3.1785,12.3486,1899.61793152
98,158,256,0.234375,14.0625,40.317473596635935,0.15749013123685915,1458.4554252193175,2,4.0,16.0,5.0,26.0,9.904761904761905,-2.9794,11.7833,1906.05824014
98,159,257,0.23735408560311283,14.478599221789883,40.42239878077115,0.15728559836875938,1456.5613251333432,1,4.0,16.0,5.0,25.0,9.75609756097561,-2.9932,11.2233,1910.65370993
99,137,236,0.16101694915254236,6.11864406779661,38.189268112707936,0.1618189326809659,1529.6638311571915,0,4.0,17.0,5.0,11.0,6.678571428571429,-2.0656,9.3313,1763.73233823
99,138,237,0.16455696202531644,6.417721518987341,38.29707135834644,0.1615910183896475,1527.5093722057106,1,4.0,17.0,5.0,12.0,7.0344827586206895,-2.2932,10.2716,1772.69178054
99,139,238,0.16806722689075632,6.722689075630252,38.4047230880316,0.1613643827228219,1525.3670000082818,0,4.0,17.0,5.0,13.0,7.366666666666666,-2.4485,11.0968,1780.03789222
99,140,239,0.17154811715481172,7.03347280334728,38.51222415000313,0.16113901317992946,1523.236596397929,1,4.0,17.0,5.0,14.0,7.67741935483871,-2.7474,11.8698,1788.7224838
99,141,240,0.175,7.35,38.61957538422518,0.16091489743427165,1521.1180448511734,0,4.0,17.0,5.0,15.0,7.96875,-3.1477,12.6101,1795.80357033
99,142,241,0.17842323651452283,7.672199170124482,38.726777622501196,0.16069202332988053,1519.0112304584422,1,4.0,17.0,5.0,16.0,8.242424242424242,-3.6629,13.2711,1804.2193959
99,143,242,0.18181818181818182,8.0,38.833831688586685,0.16047037887845741,1516.9160398951287,0,4.0,17.0,5.0,17.0,8.5,-3.7042,13.621,1811.04131248
99,144,243,0.18518518518518517,8.333333333333334,38.94073839830002,0.16024995225637872,1514.8323613932896,1,4.0,17.0,5.0,18.0,8.742857142857142,-3.7837,13.8864,1819.19427247
99,145,244,0.1885245901639344,8.672131147540984,39.04749855963123,0.16003073180176738,1512.7600847139595,0,4.0,17.0,5.0,19.0,8.972222222222221,-3.9876,14.0912,1825.76269825
99,146,245,0.19183673469387755,9.016326530612245,39.15411297284888,0.15981270601162811,1510.6991011200744,1,4.0,17.0,5.0,20.0,9.18918918918919,-4.2964,14.2957,1833.65851586
99,149,248,0.20161290322580644,10.080645161290322,39.47308961287589,0.15916568392288669,1504.5828434565856,0,4.0,17.0,5.0,23.0,9.775,-4.7235,14.6791,1853.70099905
99,150,249,0.20481927710843373,10.44578313253012,39.57912888553151,0.15895232484149208,1502.5659739565147,1,4.0,17.0,5.0,24.0,9.951219512195122,-4.8828,14.863,1861.09902577
99,151,250,0.208,10.816,39.68502629920498,0.15874010519681997,1500.5598754775685,0,4.0,17.0,5.0,25.0,10.119047619047619,-4.8754,14.7832,1866.93939187
99,157,256,0.2265625,13.140625,40.317473596635935,0.15749013123685915,1488.7439530464767,0,4.0,17.0,5.0,27.0,10.431818181818182,-3.5067,12.5808,1903.85391022
99,158,257,0.22957198443579765,13.544747081712062,40.42239878077115,0.15728559836875938,1486.8105171658192,1,4.0,17.0,5.0,26.0,10.279069767441861,-3.3845,12.0452,1910.31794353
99,159,258,0.23255813953488372,13.953488372093023,40.527187962990446,0.1570821238875599,1484.8870861475962,0,4.0,17.0,5.0,25.0,10.119047619047619,-3.3184,11.4767,1915.25748818
100,137,237,0.15611814345991562,5.776371308016878,38.29707135834644,0.1615910183896475,1558.9072148371927,1,4.0,18.0,5.0,11.0,6.827586206896552,-1.8899,9.3014,1765.38440989
100,138,238,0.15966386554621848,6.067226890756302,38.4047230880316,0.1613643827228219,1556.7208063370497,2,4.0,18.0,5.0,12.0,7.2,-2.1716,10.2579,1774.7164825
100,139,239,0.16317991631799164,6.364016736401673,38.51222415000313,0.16113901317992946,1554.5466124374086,1,4.0,18.0,5.0,13.0,7.548387096774194,-2.4221,11.0909,1782.09523562
100,140,240,0.16666666666666666,6.666666666666667,38.61957538422518,0.16091489743427165,1552.384514219659,2,4.0,18.0,5.0,14.0,7.875,-2.7177,11.8762,1791.14960521
100,141,241,0.17012448132780084,6.975103734439834,38.726777622501196,0.16069202332988053,1550.2343944122701,1,4.0,18.0,5.0,15.0,8.181818181818182,-3.1511,12.6317,1798.26238482
100,142,242,0.17355371900826447,7.289256198347108,38.833831688586685,0.16047037887845741,1548.0961373612568,2,4.0,18.0,5.0,16.0,8.470588235294118,-3.6562,13.3015,1807.045169
100,143,243,0.17695473251028807,7.609053497942387,38.94073839830002,0.16024995225637872,1545.969629001293,1,4.0,18.0,5.0,17.0,8.742857142857142,-3.7005,13.6526,1813.89783698
100,144,244,0.18032786885245902,7.934426229508197,39.04749855963123,0.16003073180176738,1543.8547568274605,2,4.0,18.0,5.0,18.0,9.0,-3.8818,13.91,1822.41496887
100,145,245,0.1836734693877551,8.26530612244898,39.15411297284888,0.15981270601162811,1541.751409867612,1,4.0,18.0,5.0,19.0,9.243243243243244,-4.1009,14.1261,1829.01321146
100,147,247,0.1902834008097166,8.94331983805668,39.36690771803848,0.15938019319043925,1537.5788552034965,1,4.0,18.0,5.0,21.0,9.692307692307692,-4.5929,14.4556,1843.61978118
100,158,258,0.2248062015503876,13.03875968992248,40.527187962990446,0.1570821238875599,1515.4088308286516,2,4.0,18.0,5.0,26.0,10.636363636363637,-3.8807,12.1808,1916.20204007
100,159,259,0.2277992277992278,13.44015444015444,40.63184184569578,0.1568796982459297,1513.4559822337844,1,4.0,18.0,5.0,25.0,10.465116279069768,-3.9152,11.6388,1921.1650819
101,144,245,0.17551020408163265,7.546938775510204,39.15411297284888,0.15981270601162811,1573.1208384195172,1,4.0,19.0,5.0,18.0,9.243243243243244,-3.359,13.8711,1823.18988479
101,145,246,0.17886178861788618,7.869918699186992,39.260582430605055,0.15959586353904498,1570.9863434798585,0,4.0,19.0,5.0,19.0,9.5,-3.4938,14.0437,1830.1492324
101,146,247,0.18218623481781376,8.19838056680162,39.36690771803848,0.15938019319043925,1568.8633863753328,1,4.0,19.0,5.0,20.0,9.743589743589743,-4.1142,14.2391,1838.4359515
101,147,248,0.18548387096774194,8.53225806451613,39.47308961287589,0.15916568392288669,1566.7518584046063,0,4.0,19.0,5.0,21.0,9.975,-4.3338,14.375,1845.14368987
101,152,253,0.2015810276679842,10.280632411067193,40.001874912116236,0.15811017751824602,1556.3619516089307,1,4.0,19.0,5.0,26.0,10.977777777777778,-4.9816,14.774,1881.17609996
101,153,254,0.2047244094488189,10.645669291338583,40.10721238089454,0.15790241094840374,1554.316795571575,0,4.0,19.0,5.0,27.0,11.152173913043478,-4.6632,14.572,1887.16070275
101,158,259,0.22007722007722008,12.544401544401545,40.63184184569578,0.1568796982459297,1544.2496944997667,1,4.0,19.0,5.0,26.0,10.977777777777778,-3.9018,12.376,1919.63657671
101,159,260,0.2230769230769231,12.938461538461539,40.73636112496519,0.15667831201909693,1542.267343547157,0,4.0,19.0,5.0,25.0,10.795454545454545,-3.9131,11.8521,1924.94246261
102,144,246,0.17073170731707318,7.170731707317073,39.260582430605055,0.15959586353904498,1602.6299143676,2,4.0,20.0,5.0,18.0,9.473684210526315,-2.9518,13.7799,1825.58562614
102,145,247,0.17408906882591094,7.48582995951417,39.36690771803848,0.15938019319043925,1600.4641956286987,1,4.0,20.0,5.0,19.0,9.743589743589743,-3.1174,13.9348,1832.57503075
102,146,248,0.1774193548387097,7.806451612903226,39.47308961287589,0.15916568392288669,1598.3101362347677,2,4.0,20.0,5.0,20.0,10.0,-3.9364,14.0859,1841.22162174
102,147,249,0.18072289156626506,8.132530120481928,39.57912888553151,0.15895232484149208,1596.1676267814364,1,4.0,20.0,5.0,21.0,10.24390243902439,-4.1853,14.1873,1847.95851503
102,148,250,0.184,8.464,39.68502629920498,0.15874010519681997,1594.036559325012,2,4.0,20.0,5.0,22.0,10.476190476190476,-4.5042,14.2816,1856.34721023
102,149,251,0.18725099601593626,8.800796812749004,39.7907826099774,0.15852901438238012,1591.9168273572297,1,4.0,20.0,5.0,23.0,10.69767441860465,-4.2353,14.5244,1862.83698475
102,156,258,0.20930232558139536,11.30232558139535,40.527187962990446,0.1570821238875599,1577.3874408280751,2,4.0,20.0,5.0,28.0,11.666666666666666,-4.1546,13.4403,1911.95786249
102,158,260,0.2153846153846154,12.061538461538461,40.73636112496519,0.15667831201909693,1573.332442372447,2,4.0,20.0,5.0,26.0,11.304347826086957,-4.1227,12.4796,1924.68805565
102,159,261,0.21839080459770116,12.448275862068966,40.84074649063382,0.1564779559028116,1571.320506108154,1,4.0,20.0,5.0,25.0,11.11111111111111,-4.1891,11.9572,1930.01783738
103,146,249,0.17269076305220885,7.42570281124498,39.57912888553151,0.15895232484149208,1627.9990464558186,1,4.0,21.0,5.0,20.0,10.24390243902439,-3.2424,13.8546,1841.58046714
103,147,250,0.176,7.744,39.68502629920498,0.15874010519681997,1625.8254803912146,0,4.0,21.0,5.0,21.0,10.5,-3.8333,13.9352,1848.67424696
103,148,251,0.17928286852589642,8.06772908366534,39.7907826099774,0.15852901438238012,1623.6634758721468,1,4.0,21.0,5.0,22.0,10.744186046511627,-4.1617,14.0521,1857.09177228
103,149,252,0.18253968253968253,8.396825396825397,39.896398566905845,0.15831904193216612,1621.5129257051626,0,4.0,21.0,5.0,23.0,10.977272727272727,-4.1642,14.3469,1863.935811
103,154,257,0.19844357976653695,10.120622568093385,40.42239878077115,0.15728559836875938,1610.928336033575,1,4.0,21.0,5.0,28.0,12.0,-4.5645,14.219,1900.64932751
103,155,258,0.20155038759689922,10.48062015503876,40.527187962990446,0.1570821238875599,1608.8443384468699,0,4.0,21.0,5.0,29.0,12.18,-4.3302,13.7903,1906.77513729
103,156,259,0.20463320463320464,10.845559845559846,40.63184184569578,0.1568796982459297,1606.7710831366328,1,4.0,21.0,5.0,28.0,12.0,-4.262,13.3438,1914.21063538
103,157,260,0.2076923076923077,11.215384615384615,40.73636112496519,0.15667831201909693,1604.7084735737967,0,4.0,21.0,5.0,27.0,11.8125,-4.1967,12.8699,1920.10688119
103,158,261,0.210727969348659,11.590038314176246,40.84074649063382,0.1564779559028116,1602.656414463687,1,4.0,21.0,5.0,26.0,11.617021276595745,-4.2471,12.3959,1927.30940023
103,159,262,0.21374045801526717,11.969465648854962,40.94499862637359,0.15627862071134963,1600.614811725578,0,4.0,21.0,5.0,25.0,11.41304347826087,-4.3629,11.8895,1932.98077495
104,148,252,0.1746031746031746,7.682539682539683,39.896398566905845,0.15831904193216612,1653.5317299604594,2,4.0,22.0,5.0,22.0,11.0,-4.0074,13.8323,1859.44875798
104,149,253,0.17786561264822134,8.003952569169961,40.001874912116236,0.15811017751824602,1651.3502871506648,1,4.0,22.0,5.0,23.0,11.244444444444444,-4.2993,14.1479,1866.32130608
104,150,254,0.18110236220472442,8.330708661417322,40.10721238089454,0.15790241094840374,1649.180310554884,2,4.0,22.0,5.0,24.0,11.478260869565217,-4.7136,14.4829,1874.83860446
104,151,255,0.1843137254901961,8.662745098039215,40.212411701776524,0.15769573216382957,1647.0216951158802,1,4.0,22.0,5.0,25.0,11.702127659574469,-4.9225,14.5771,1881.46581224
104,155,259,0.1969111969111969,10.042471042471043,40.63184184569578,0.1568796982459297,1638.4987912408715,1,4.0,22.0,5.0,29.0,12.509803921568627,-4.5862,13.6584,1910.2925981
104,156,260,0.2,10.4,40.73636112496519,0.15667831201909693,1636.3954528680454,2,4.0,22.0,5.0,28.0,12.32,-4.5431,13.2241,1918.07357333
104,158,262,0.20610687022900764,11.129770992366412,40.94499862637359,0.15627862071134963,1632.2209565378269,2,4.0,22.0,5.0,26.0,11.916666666666666,-4.5942,12.2816,1931.54042605
104,159,263,0.20912547528517111,11.50190114068441,41.049118209771585,0.1560802973755574,1630.1496079209965,1,4.0,22.0,5.0,25.0,11.702127659574469,-4.8069,11.7822,1937.23605501
105,148,253,0.16996047430830039,7.308300395256917,40.001874912116236,0.15811017751824602,1683.6406556088348,1,4.0,21.0,5.0,22.0,10.744186046511627,-4.0082,13.4901,1859.39733815
105,149,254,0.1732283464566929,7.622047244094488,40.10721238089454,0.15790241094840374,1681.4282474681727,0,4.0,21.0,5.0,23.0,10.977272727272727,-4.3206,13.8279,1866.62266477
105,150,255,0.17647058823529413,7.9411764705882355,40.212411701776524,0.15769573216382957,1679.2274226394186,1,4.0,21.0,5.0,24.0,11.2,-4.7589,14.1849,1875.16815578
105,151,256,0.1796875,8.265625,40.317473596635935,0.15749013123685915,1677.03807540756,0,4.0,21.0,5.0,25.0,11.41304347826087,-4.9976,14.3151,1882.14559503
105,155,260,0.19230769230769232,9.615384615384615,40.73636112496519,0.15667831201909693,1668.3933957197437,0,4.0,21.0,5.0,29.0,12.18,-4.88,13.448,1911.71915658
105,156,261,0.19540229885057472,9.96551724137931,40.84074649063382,0.1564779559028116,1666.2598980014266,1,4.0,21.0,5.0,28.0,12.0,-4.8226,13.0122,1919.5257935
105,157,262,0.1984732824427481,10.320610687022901,40.94499862637359,0.15627862071134963,1664.1372716296978,0,4.0,21.0,5.0,27.0,11.8125,-4.8258,12.5431,1925.78988914
105,158,263,0.20152091254752852,10.680608365019012,41.049118209771585,0.1560802973755574,1662.025420031421,1,4.0,21.0,5.0,26.0,11.617021276595745,-4.9376,12.0747,1933.36023649
105,159,264,0.20454545454545456,11.045454545454545,41.15310591240709,0.155882976940936,1659.9242478543633,0,4.0,21.0,5.0,25.0,11.41304347826087,-5.1126,11.5771,1939.39618883
106,150,256,0.171875,7.5625,40.317473596635935,0.15749013123685915,1709.5144037628704,2,4.0,20.0,5.0,24.0,10.909090909090908,-4.9373,13.8422,1877.10254104
106,151,257,0.17509727626459143,7.879377431906615,40.42239878077115,0.15728559836875938,1707.2942526885556,1,4.0,20.0,5.0,25.0,11.11111111111111,-5.213,14.006,1884.10786009
106,152,258,0.17829457364341086,8.2015503875969,40.527187962990446,0.1570821238875599,1705.085590128706,2,4.0,20.0,5.0,26.0,11.304347826086957,-5.6043,14.0161,1892.751012
106,153,259,0.18146718146718147,8.528957528957529,40.63184184569578,0.1568796982459297,1702.8883124495267,1,4.0,20.0,5.0,27.0,11.48936170212766,-5.4136,13.8484,1899.51275717
106,157,263,0.19391634980988592,9.889733840304183,41.049118209771585,0.1560802973755574,1694.2110239645313,1,4.0,20.0,5.0,27.0,11.48936170212766,-5.2523,12.2876,1928.87061131
106,158,264,0.19696969696969696,10.242424242424242,41.15310591240709,0.155882976940936,1692.0691619793208,2,4.0,20.0,5.0,26.0,11.304347826086957,-5.3705,11.8136,1936.78264681
106,159,265,0.2,10.6,41.256962399927446,0.155686650565764,1689.9380902508303,1,4.0,20.0,5.0,25.0,11.11111111111111,-5.5938,11.3246,1942.84317368
106,160,266,0.20300751879699247,10.962406015037594,41.360688332122564,0.1554913095192578,1687.8177140086757,2,4.0,20.0,5.0,24.0,10.909090909090908,-5.8793,10.8126,1950.52127386
107,150,257,0.16731517509727625,7.19455252918288,40.42239878077115,0.15728559836875938,1740.0406031159334,1,4.0,19.0,5.0,24.0,10.604651162790697,-4.7865,13.246,1876.64642888
107,151,258,0.17054263565891473,7.503875968992248,40.527187962990446,0.1570821238875599,1737.7895778303575,0,4.0,19.0,5.0,25.0,10.795454545454545,-5.0911,13.436,1884.00052465
107,152,259,0.17374517374517376,7.818532818532819,40.63184184569578,0.1568796982459297,1735.5501557904417,1,4.0,19.0,5.0,26.0,10.977777777777778,-5.4508,13.4785,1892.67124745
107,153,260,0.17692307692307693,8.138461538461538,40.73636112496519,0.15667831201909693,1733.322232730533,0,4.0,19.0,5.0,27.0,11.152173913043478,-5.3535,13.3284,1899.77929427
107,156,263,0.18631178707224336,9.129277566539924,41.049118209771585,0.1560802973755574,1726.7064346421596,1,4.0,19.0,5.0,28.0,11.319148936170214,-5.2641,12.2455,1923.24419736
107,157,264,0.1893939393939394,9.469696969696969,41.15310591240709,0.155882976940936,1724.5234911837206,0,4.0,19.0,5.0,27.0,11.152173913043478,-5.3313,11.7914,1929.87511605
107,158,265,0.19245283018867926,9.815094339622641,41.256962399927446,0.155686650565764,1722.3515449419488,1,4.0,19.0,5.0,26.0,10.977777777777778,-5.5072,11.3301,1937.81227504
107,159,266,0.19548872180451127,10.165413533834586,41.360688332122564,0.1554913095192578,1720.1904993287387,0,4.0,19.0,5.0,25.0,10.795454545454545,-5.6539,10.8413,1944.21183882
107,160,267,0.19850187265917604,10.52059925093633,41.46428436299833,0.15529694517976908,1718.040258963341,1,4.0,19.0,5.0,24.0,10.604651162790697,-6.079,10.3396,1951.91425917
108,152,260,0.16923076923076924,7.446153846153846,40.73636112496519,0.15667831201909693,1766.25315661394,2,4.0,18.0,5.0,26.0,10.636363636363637,-5.5214,12.8041,1894.18887395
108,153,261,0.1724137931034483,7.758620689655173,40.84074649063382,0.1564779559028116,1763.994518399911,1,4.0,18.0,5.0,27.0,10.8,-5.4126,12.6724,1901.32418659
108,154,262,0.17557251908396945,8.076335877862595,40.94499862637359,0.15627862071134963,1761.7473891922575,2,4.0,18.0,5.0,28.0,10.956521739130435,-5.4572,12.4489,1910.09054408
108,155,263,0.17870722433460076,8.399239543726235,41.049118209771585,0.1560802973755574,1759.5116667533373,1,4.0,18.0,5.0,29.0,11.106382978723405,-5.3514,12.0504,1916.98403632
108,159,267,0.19101123595505617,9.741573033707866,41.46428436299833,0.15529694517976908,1750.6808447287615,1,4.0,18.0,5.0,25.0,10.465116279069768,-5.8932,10.2598,1946.86201461
108,160,268,0.19402985074626866,10.08955223880597,41.56775114084875,0.15510354903301776,1748.5006670751063,2,4.0,18.0,5.0,24.0,10.285714285714286,-6.0517,9.7865,1954.90242685
108,161,269,0.1970260223048327,10.442379182156134,41.67108930832694,0.15491111267036042,1746.331309181147,1,4.0,18.0,5.0,23.0,10.097560975609756,-6.5025,9.3104,1961.09933438
108,162,270,0.2,10.8,41.774299502515,0.15471962778709264,1744.172677426968,2,4.0,18.0,5.0,22.0,9.9,-6.9471,8.6722,1968.90732987
109,152,261,0.16475095785440613,7.084291187739463,40.84074649063382,0.1564779559028116,1797.193956371285,1,4.0,17.0,5.0,26.0,10.279069767441861,-4.962,11.7281,1893.33342351
109,153,262,0.16793893129770993,7.3893129770992365,40.94499862637359,0.15627862071134963,1794.9045348401776,0,4.0,17.0,5.0,27.0,10.431818181818182,-4.9151,11.6218,1900.81361313
109,154,263,0.17110266159695817,7.699619771863118,41.049118209771585,0.1560802973755574,1792.6267347600528,1,4.0,17.0,5.0,28.0,10.577777777777778,-4.9691,11.424,1909.60693517
109,155,264,0.17424242424242425,8.015151515151516,41.15310591240709,0.155882976940936,1790.3604532859365,0,4.0,17.0,5.0,29.0,10.717391304347826,-4.8843,11.0331,1916.84289823
109,156,265,0.17735849056603772,8.335849056603774,41.256962399927446,0.155686650565764,1788.1055888681358,1,4.0,17.0,5.0,28.0,10.577777777777778,-4.9066,10.6367,1925.38852701
109,158,267,0.18352059925093633,8.99250936329588,41.46428436299833,0.15529694517976908,1783.6297113527723,1,4.0,17.0,5.0,26.0,10.279069767441861,-5.3791,9.7645,1940.68809441
109,159,268,0.1865671641791045,9.328358208955224,41.56775114084875,0.15510354903301776,1781.4085014441844,0,4.0,17.0,5.0,25.0,10.119047619047619,-5.3908,9.3309,1947.45025204
109,160,269,0.1895910780669145,9.66914498141264,41.67108930832694,0.15491111267036042,1779.1983149296782,1,4.0,17.0,5.0,24.0,9.951219512195122,-5.7931,8.8975,1955.51526112
109,161,270,0.1925925925925926,10.014814814814814,41.774299502515,0.15471962778709264,1776.999056427356,0,4.0,17.0,5.0,23.0,9.775,-6.2903,8.4319,1962.04757392
109,162,271,0.19557195571955718,10.365313653136532,41.877382354992754,0.15452908618078512,1774.8106317299762,1,4.0,17.0,5.0,22.0,9.58974358974359,-6.9038,7.8149,1969.87938861
110,154,264,0.16666666666666666,7.333333333333333,41.15310591240709,0.155882976940936,1823.7431148499627,2,4.0,16.0,5.0,28.0,10.181818181818182,-4.6484,10.2988,1910.71341614
110,155,265,0.16981132075471697,7.6415094339622645,41.256962399927446,0.155686650565764,1821.446206733311,1,4.0,16.0,5.0,29.0,10.311111111111112,-4.5848,9.9347,1917.97604621
110,156,266,0.17293233082706766,7.954887218045113,41.360688332122564,0.1554913095192578,1819.1608264076056,2,4.0,16.0,5.0,28.0,10.181818181818182,-4.5558,9.5822,1926.86305809
110,157,267,0.1760299625468165,8.273408239700375,41.46428436299833,0.15529694517976908,1816.8868730044107,1,4.0,16.0,5.0,27.0,10.046511627906977,-4.6599,9.1772,1933.88560749
110,158,268,0.1791044776119403,8.597014925373134,41.56775114084875,0.15510354903301776,1814.6242469114422,2,4.0,16.0,5.0,26.0,9.904761904761905,-4.9149,8.7709,1942.52753614
110,161,271,0.1881918819188192,9.597785977859779,41.877382354992754,0.15452908618078512,1807.903354790596,1,4.0,16.0,5.0,23.0,9.435897435897436,-6.2861,7.4299,1964.27315494
110,162,272,0.19117647058823528,9.941176470588236,41.98033849190535,0.1543394797496521,1805.685066237888,2,4.0,16.0,5.0,22.0,9.263157894736842,-6.8922,6.8096,1972.43935465
111,155,266,0.16541353383458646,7.2781954887218046,41.360688332122564,0.1554913095192578,1852.7683064347118,0,4.0,15.0,5.0,29.0,9.886363636363637,-4.0081,8.7009,1917.06748057
111,156,267,0.16853932584269662,7.584269662921348,41.46428436299833,0.15529694517976908,1850.4523436376962,1,4.0,15.0,5.0,28.0,9.767441860465116,-4.1156,8.4019,1925.98086563
111,157,268,0.17164179104477612,7.895522388059701,41.56775114084875,0.15510354903301776,1848.1479174135218,0,4.0,15.0,5.0,27.0,9.642857142857142,-4.2473,8.0272,1933.3421503
111,158,269,0.17472118959107807,8.211895910780669,41.67108930832694,0.15491111267036042,1845.8549275683692,1,4.0,15.0,5.0,26.0,9.512195121951219,-4.5877,7.6429,1942.00968308
111,159,270,0.17777777777777778,8.533333333333333,41.774299502515,0.15471962778709264,1843.573275146914,0,4.0,15.0,5.0,25.0,9.375,-4.8185,7.1805,1949.13336896
111,160,271,0.18081180811808117,8.859778597785978,41.877382354992754,0.15452908618078512,1841.3028624124966,1,4.0,15.0,5.0,24.0,9.23076923076923,-5.1657,6.6909,1957.55991098
111,161,272,0.18382352941176472,9.191176470588236,41.98033849190535,0.1543394797496521,1839.0435928276845,0,4.0,15.0,5.0,23.0,9.078947368421053,-5.65,6.1758,1964.45068958
111,162,273,0.18681318681318682,9.527472527472527,42.08316853402988,0.154150800490952,1836.795371035213,1,4.0,15.0,5.0,22.0,8.91891891891892,-6.2264,5.5244,1972.64097084
112,157,269,0.16728624535315986,7.5278810408921935,41.67108930832694,0.15491111267036042,1879.6445620879083,1,4.0,14.0,5.0,27.0,9.21951219512195,-4.0396,6.8389,1934.06896649
112,158,270,0.17037037037037037,7.837037037037037,41.774299502515,0.15471962778709264,1877.3211424613114,2,4.0,14.0,5.0,26.0,9.1,-4.3328,6.4631,1943.07417358
112,159,271,0.17343173431734318,8.15129151291513,41.877382354992754,0.15452908618078512,1875.0091682718962,1,4.0,14.0,5.0,25.0,8.974358974358974,-4.5792,5.9722,1950.22318584
112,160,272,0.17647058823529413,8.470588235294118,41.98033849190535,0.1543394797496521,1872.7085412150466,2,4.0,14.0,5.0,24.0,8.842105263157896,-4.9094,5.4542,1958.98510834
112,161,273,0.1794871794871795,8.794871794871796,42.08316853402988,0.154150800490952,1870.4191641879183,1,4.0,14.0,5.0,23.0,8.702702702702704,-5.3187,4.9128,1965.90046161
112,162,274,0.18248175182481752,9.124087591240876,42.18587309684084,0.15396304049941917,1868.14094127041,2,4.0,14.0,5.0,22.0,8.555555555555555,-5.8123,4.2478,1974.42385339
